<?xml version="1.0" encoding="utf-8"?>
<TransXChange xmlns:xsd="http://www.w3.org/2001/XMLSchema" xmlns:xsi="http://www.w3.org/2001/XMLSchema-instance" xsi:schemaLocation="http://www.transxchange.org.uk/ http://www.transxchange.org.uk/schema/2.1/TransXChange_general.xsd" CreationDateTime="2017-09-25T12:55:13" ModificationDateTime="2017-09-25T12:55:13" Modification="revise" RevisionNumber="1" FileName="ArrivaCymru4Wrexham-Wrexham3_TXC_2017925-1255_WRAO004.xml" SchemaVersion="2.1" RegistrationDocument="false" xmlns="http://www.transxchange.org.uk/">
  <StopPoints>
    <AnnotatedStopPointRef>
      <StopPointRef>5140WDB25304</StopPointRef>
      <CommonName>Wrexham, Bus Station, Bay 5</CommonName>
    </AnnotatedStopPointRef>
    <AnnotatedStopPointRef>
      <StopPointRef>5140AWD70663</StopPointRef>
      <CommonName>Wrexham, Fire Station, o/s</CommonName>
    </AnnotatedStopPointRef>
    <AnnotatedStopPointRef>
      <StopPointRef>5140AWD72462</StopPointRef>
      <CommonName>Wrexham, Cobden Road</CommonName>
    </AnnotatedStopPointRef>
    <AnnotatedStopPointRef>
      <StopPointRef>5140AWD72463</StopPointRef>
      <CommonName>Bryn Offa, Bellevue Park</CommonName>
    </AnnotatedStopPointRef>
    <AnnotatedStopPointRef>
      <StopPointRef>5140AWD72465</StopPointRef>
      <CommonName>Bryn Offa, Post Office, o/s</CommonName>
    </AnnotatedStopPointRef>
    <AnnotatedStopPointRef>
      <StopPointRef>5140AWD72467</StopPointRef>
      <CommonName>Bryn Offa, Cemetery, opp</CommonName>
    </AnnotatedStopPointRef>
    <AnnotatedStopPointRef>
      <StopPointRef>5140AWQ26484</StopPointRef>
      <CommonName>Felin Puleston, Llysfasi College</CommonName>
    </AnnotatedStopPointRef>
    <AnnotatedStopPointRef>
      <StopPointRef>5140AWD72472</StopPointRef>
      <CommonName>Rhostyllen, Esless, o/s</CommonName>
    </AnnotatedStopPointRef>
    <AnnotatedStopPointRef>
      <StopPointRef>5140AWD72473</StopPointRef>
      <CommonName>Rhostyllen, Black Lion Inn, opp</CommonName>
    </AnnotatedStopPointRef>
    <AnnotatedStopPointRef>
      <StopPointRef>5140AWD72471</StopPointRef>
      <CommonName>Rhostyllen, Colliery Garage, os</CommonName>
    </AnnotatedStopPointRef>
    <AnnotatedStopPointRef>
      <StopPointRef>5140AWD72470</StopPointRef>
      <CommonName>Rhostyllen, Little Chef</CommonName>
    </AnnotatedStopPointRef>
    <AnnotatedStopPointRef>
      <StopPointRef>5140AWD72479</StopPointRef>
      <CommonName>Pentre Bychan, Croesfoel</CommonName>
    </AnnotatedStopPointRef>
    <AnnotatedStopPointRef>
      <StopPointRef>5140AWD72480</StopPointRef>
      <CommonName>Pentre Bychan, Smithy Lane</CommonName>
    </AnnotatedStopPointRef>
    <AnnotatedStopPointRef>
      <StopPointRef>5140AWD72481</StopPointRef>
      <CommonName>Pentre Bychan, Hill Top</CommonName>
    </AnnotatedStopPointRef>
    <AnnotatedStopPointRef>
      <StopPointRef>5140AWD72483</StopPointRef>
      <CommonName>Rhosllanerchrugog, Fennant Road, os</CommonName>
    </AnnotatedStopPointRef>
    <AnnotatedStopPointRef>
      <StopPointRef>5140WRX02128</StopPointRef>
      <CommonName>Rhosllanerchrugog, New Inn, opp</CommonName>
    </AnnotatedStopPointRef>
    <AnnotatedStopPointRef>
      <StopPointRef>5140AWF80269</StopPointRef>
      <CommonName>Johnstown, Kwiksave, os</CommonName>
    </AnnotatedStopPointRef>
    <AnnotatedStopPointRef>
      <StopPointRef>5140WDB22752</StopPointRef>
      <CommonName>Pant, Conifers Home</CommonName>
    </AnnotatedStopPointRef>
    <AnnotatedStopPointRef>
      <StopPointRef>5140AWF80235</StopPointRef>
      <CommonName>Rhosllanerchrugog, Wern Lane</CommonName>
    </AnnotatedStopPointRef>
    <AnnotatedStopPointRef>
      <StopPointRef>5140AWF80234</StopPointRef>
      <CommonName>Rhosllanerchrugog Cross, o/s</CommonName>
    </AnnotatedStopPointRef>
    <AnnotatedStopPointRef>
      <StopPointRef>5140AWF80232</StopPointRef>
      <CommonName>Rhosllanerchrugog, Capel Ebenezer, os</CommonName>
    </AnnotatedStopPointRef>
    <AnnotatedStopPointRef>
      <StopPointRef>5140AWF80236</StopPointRef>
      <CommonName>Rhosllanerchrugog, Pant Farm</CommonName>
    </AnnotatedStopPointRef>
    <AnnotatedStopPointRef>
      <StopPointRef>5140AWF80238</StopPointRef>
      <CommonName>Stryt-issa, Wheelwrights, opp</CommonName>
    </AnnotatedStopPointRef>
    <AnnotatedStopPointRef>
      <StopPointRef>5140AWF80240</StopPointRef>
      <CommonName>Stryt-issa, Bryn Eitha</CommonName>
    </AnnotatedStopPointRef>
    <AnnotatedStopPointRef>
      <StopPointRef>5140WRX02143</StopPointRef>
      <CommonName>Stryt-issa, Pont-yr-afon</CommonName>
    </AnnotatedStopPointRef>
    <AnnotatedStopPointRef>
      <StopPointRef>5140AWF80242</StopPointRef>
      <CommonName>Penycae, Pentre Cristionydd</CommonName>
    </AnnotatedStopPointRef>
    <AnnotatedStopPointRef>
      <StopPointRef>5140AWF80243</StopPointRef>
      <CommonName>Penycae, Y Groes, o/s</CommonName>
    </AnnotatedStopPointRef>
    <AnnotatedStopPointRef>
      <StopPointRef>5140AWF80244</StopPointRef>
      <CommonName>Penycae, Black Horse, os</CommonName>
    </AnnotatedStopPointRef>
    <AnnotatedStopPointRef>
      <StopPointRef>5140AWF80245</StopPointRef>
      <CommonName>Penycae, Mammoth Grove</CommonName>
    </AnnotatedStopPointRef>
    <AnnotatedStopPointRef>
      <StopPointRef>5140WRX02148</StopPointRef>
      <CommonName>Penycae, School, opp</CommonName>
    </AnnotatedStopPointRef>
    <AnnotatedStopPointRef>
      <StopPointRef>5140AWF80248</StopPointRef>
      <CommonName>Afon Eitha, Cross Foxes</CommonName>
    </AnnotatedStopPointRef>
    <AnnotatedStopPointRef>
      <StopPointRef>5140AWF80249</StopPointRef>
      <CommonName>Afon Eitha, Coopperas Corner</CommonName>
    </AnnotatedStopPointRef>
    <AnnotatedStopPointRef>
      <StopPointRef>5140WDB22751</StopPointRef>
      <CommonName>Afon Eitha, Afoneitha Bridge, os</CommonName>
    </AnnotatedStopPointRef>
    <AnnotatedStopPointRef>
      <StopPointRef>5140AWF80251</StopPointRef>
      <CommonName>Afon Eitha, Oakleigh</CommonName>
    </AnnotatedStopPointRef>
    <AnnotatedStopPointRef>
      <StopPointRef>5140WRX02140</StopPointRef>
      <CommonName>Afon Eitha, Heol-y-Bryn Turn</CommonName>
    </AnnotatedStopPointRef>
    <AnnotatedStopPointRef>
      <StopPointRef>5140AWF80260</StopPointRef>
      <CommonName>Stryt-issa, Wheel Wrights</CommonName>
    </AnnotatedStopPointRef>
    <AnnotatedStopPointRef>
      <StopPointRef>5140AWF80237</StopPointRef>
      <CommonName>Rhosllanerchrugog, Pant Hill Bottom</CommonName>
    </AnnotatedStopPointRef>
    <AnnotatedStopPointRef>
      <StopPointRef>5140WRX02137</StopPointRef>
      <CommonName>Rhosllanerchrugog, Pant Farm</CommonName>
    </AnnotatedStopPointRef>
    <AnnotatedStopPointRef>
      <StopPointRef>5140WDB25383</StopPointRef>
      <CommonName>Ponciau, Broad Street</CommonName>
    </AnnotatedStopPointRef>
    <AnnotatedStopPointRef>
      <StopPointRef>5140AWF80266</StopPointRef>
      <CommonName>Rhosllanerchrugog, War Memorial, opp</CommonName>
    </AnnotatedStopPointRef>
    <AnnotatedStopPointRef>
      <StopPointRef>5140WRX02127</StopPointRef>
      <CommonName>Rhosllanerchrugog, Fennant Road</CommonName>
    </AnnotatedStopPointRef>
    <AnnotatedStopPointRef>
      <StopPointRef>5140WRX02126</StopPointRef>
      <CommonName>Pentre Bychan, Hill Top</CommonName>
    </AnnotatedStopPointRef>
    <AnnotatedStopPointRef>
      <StopPointRef>5140AWQ26488</StopPointRef>
      <CommonName>Pentre Bychan, Manweb Offices</CommonName>
    </AnnotatedStopPointRef>
    <AnnotatedStopPointRef>
      <StopPointRef>5140WRX02125</StopPointRef>
      <CommonName>Pentre Bychan, Croesfoel</CommonName>
    </AnnotatedStopPointRef>
    <AnnotatedStopPointRef>
      <StopPointRef>5140WDB22712</StopPointRef>
      <CommonName>Rhostyllen, Little Chef</CommonName>
    </AnnotatedStopPointRef>
    <AnnotatedStopPointRef>
      <StopPointRef>5140WRX02124</StopPointRef>
      <CommonName>Rhostyllen, Colliery Garage, opp</CommonName>
    </AnnotatedStopPointRef>
    <AnnotatedStopPointRef>
      <StopPointRef>5140WDB46545</StopPointRef>
      <CommonName>Rhostyllen, Black Lion Inn, os</CommonName>
    </AnnotatedStopPointRef>
    <AnnotatedStopPointRef>
      <StopPointRef>5140WRX02122</StopPointRef>
      <CommonName>Rhostyllen, Esless</CommonName>
    </AnnotatedStopPointRef>
    <AnnotatedStopPointRef>
      <StopPointRef>5140AWD72468</StopPointRef>
      <CommonName>Felin Puleston, Llysfasi College</CommonName>
    </AnnotatedStopPointRef>
    <AnnotatedStopPointRef>
      <StopPointRef>5140WRX02259</StopPointRef>
      <CommonName>Bryn Offa, Cemetery, os</CommonName>
    </AnnotatedStopPointRef>
    <AnnotatedStopPointRef>
      <StopPointRef>5140AWD72466</StopPointRef>
      <CommonName>Hightown, Empress Road</CommonName>
    </AnnotatedStopPointRef>
    <AnnotatedStopPointRef>
      <StopPointRef>5140WDB22538</StopPointRef>
      <CommonName>Bryn Offa, Post Office, opp</CommonName>
    </AnnotatedStopPointRef>
    <AnnotatedStopPointRef>
      <StopPointRef>5140WRX02213</StopPointRef>
      <CommonName>Bryn Offa, Bellevue Park, opp</CommonName>
    </AnnotatedStopPointRef>
    <AnnotatedStopPointRef>
      <StopPointRef>5140AWQ26483</StopPointRef>
      <CommonName>Wrexham, Cobden Road</CommonName>
    </AnnotatedStopPointRef>
  </StopPoints>
  <RouteSections>
    <RouteSection id="RS1">
      <RouteLink id="RL1">
        <From>
          <StopPointRef>5140WDB25304</StopPointRef>
        </From>
        <To>
          <StopPointRef>5140AWD70663</StopPointRef>
        </To>
        <Distance>700</Distance>
        <Direction>outbound</Direction>
      </RouteLink>
      <RouteLink id="RL2">
        <From>
          <StopPointRef>5140AWD70663</StopPointRef>
        </From>
        <To>
          <StopPointRef>5140AWD72462</StopPointRef>
        </To>
        <Distance>240</Distance>
        <Direction>outbound</Direction>
      </RouteLink>
      <RouteLink id="RL3">
        <From>
          <StopPointRef>5140AWD72462</StopPointRef>
        </From>
        <To>
          <StopPointRef>5140AWD72463</StopPointRef>
        </To>
        <Distance>270</Distance>
        <Direction>outbound</Direction>
      </RouteLink>
      <RouteLink id="RL4">
        <From>
          <StopPointRef>5140AWD72463</StopPointRef>
        </From>
        <To>
          <StopPointRef>5140AWD72465</StopPointRef>
        </To>
        <Distance>310</Distance>
        <Direction>outbound</Direction>
      </RouteLink>
      <RouteLink id="RL5">
        <From>
          <StopPointRef>5140AWD72465</StopPointRef>
        </From>
        <To>
          <StopPointRef>5140AWD72467</StopPointRef>
        </To>
        <Distance>450</Distance>
        <Direction>outbound</Direction>
      </RouteLink>
      <RouteLink id="RL6">
        <From>
          <StopPointRef>5140AWD72467</StopPointRef>
        </From>
        <To>
          <StopPointRef>5140AWQ26484</StopPointRef>
        </To>
        <Distance>340</Distance>
        <Direction>outbound</Direction>
      </RouteLink>
      <RouteLink id="RL7">
        <From>
          <StopPointRef>5140AWQ26484</StopPointRef>
        </From>
        <To>
          <StopPointRef>5140AWD72472</StopPointRef>
        </To>
        <Distance>540</Distance>
        <Direction>outbound</Direction>
      </RouteLink>
      <RouteLink id="RL8">
        <From>
          <StopPointRef>5140AWD72472</StopPointRef>
        </From>
        <To>
          <StopPointRef>5140AWD72473</StopPointRef>
        </To>
        <Distance>370</Distance>
        <Direction>outbound</Direction>
      </RouteLink>
      <RouteLink id="RL9">
        <From>
          <StopPointRef>5140AWD72473</StopPointRef>
        </From>
        <To>
          <StopPointRef>5140AWD72471</StopPointRef>
        </To>
        <Distance>360</Distance>
        <Direction>outbound</Direction>
      </RouteLink>
      <RouteLink id="RL10">
        <From>
          <StopPointRef>5140AWD72471</StopPointRef>
        </From>
        <To>
          <StopPointRef>5140AWD72470</StopPointRef>
        </To>
        <Distance>290</Distance>
        <Direction>outbound</Direction>
      </RouteLink>
      <RouteLink id="RL11">
        <From>
          <StopPointRef>5140AWD72470</StopPointRef>
        </From>
        <To>
          <StopPointRef>5140AWD72479</StopPointRef>
        </To>
        <Distance>620</Distance>
        <Direction>outbound</Direction>
      </RouteLink>
      <RouteLink id="RL12">
        <From>
          <StopPointRef>5140AWD72479</StopPointRef>
        </From>
        <To>
          <StopPointRef>5140AWD72480</StopPointRef>
        </To>
        <Distance>560</Distance>
        <Direction>outbound</Direction>
      </RouteLink>
      <RouteLink id="RL13">
        <From>
          <StopPointRef>5140AWD72480</StopPointRef>
        </From>
        <To>
          <StopPointRef>5140AWD72481</StopPointRef>
        </To>
        <Distance>420</Distance>
        <Direction>outbound</Direction>
      </RouteLink>
      <RouteLink id="RL14">
        <From>
          <StopPointRef>5140AWD72481</StopPointRef>
        </From>
        <To>
          <StopPointRef>5140AWD72483</StopPointRef>
        </To>
        <Distance>330</Distance>
        <Direction>outbound</Direction>
      </RouteLink>
      <RouteLink id="RL15">
        <From>
          <StopPointRef>5140AWD72483</StopPointRef>
        </From>
        <To>
          <StopPointRef>5140WRX02128</StopPointRef>
        </To>
        <Distance>560</Distance>
        <Direction>outbound</Direction>
      </RouteLink>
      <RouteLink id="RL16">
        <From>
          <StopPointRef>5140WRX02128</StopPointRef>
        </From>
        <To>
          <StopPointRef>5140AWF80269</StopPointRef>
        </To>
        <Distance>540</Distance>
        <Direction>outbound</Direction>
      </RouteLink>
      <RouteLink id="RL17">
        <From>
          <StopPointRef>5140AWF80269</StopPointRef>
        </From>
        <To>
          <StopPointRef>5140WDB22752</StopPointRef>
        </To>
        <Distance>210</Distance>
        <Direction>outbound</Direction>
      </RouteLink>
      <RouteLink id="RL18">
        <From>
          <StopPointRef>5140WDB22752</StopPointRef>
        </From>
        <To>
          <StopPointRef>5140AWF80235</StopPointRef>
        </To>
        <Distance>910</Distance>
        <Direction>outbound</Direction>
      </RouteLink>
      <RouteLink id="RL19">
        <From>
          <StopPointRef>5140AWF80235</StopPointRef>
        </From>
        <To>
          <StopPointRef>5140AWF80234</StopPointRef>
        </To>
        <Distance>310</Distance>
        <Direction>outbound</Direction>
      </RouteLink>
      <RouteLink id="RL20">
        <From>
          <StopPointRef>5140AWF80234</StopPointRef>
        </From>
        <To>
          <StopPointRef>5140AWF80232</StopPointRef>
        </To>
        <Distance>510</Distance>
        <Direction>outbound</Direction>
      </RouteLink>
      <RouteLink id="RL21">
        <From>
          <StopPointRef>5140AWF80232</StopPointRef>
        </From>
        <To>
          <StopPointRef>5140AWF80236</StopPointRef>
        </To>
        <Distance>600</Distance>
        <Direction>outbound</Direction>
      </RouteLink>
      <RouteLink id="RL22">
        <From>
          <StopPointRef>5140AWF80236</StopPointRef>
        </From>
        <To>
          <StopPointRef>5140AWF80238</StopPointRef>
        </To>
        <Distance>420</Distance>
        <Direction>outbound</Direction>
      </RouteLink>
      <RouteLink id="RL23">
        <From>
          <StopPointRef>5140AWF80238</StopPointRef>
        </From>
        <To>
          <StopPointRef>5140AWF80240</StopPointRef>
        </To>
        <Distance>430</Distance>
        <Direction>outbound</Direction>
      </RouteLink>
      <RouteLink id="RL24">
        <From>
          <StopPointRef>5140AWF80240</StopPointRef>
        </From>
        <To>
          <StopPointRef>5140WRX02143</StopPointRef>
        </To>
        <Distance>200</Distance>
        <Direction>outbound</Direction>
      </RouteLink>
      <RouteLink id="RL25">
        <From>
          <StopPointRef>5140WRX02143</StopPointRef>
        </From>
        <To>
          <StopPointRef>5140AWF80242</StopPointRef>
        </To>
        <Distance>230</Distance>
        <Direction>outbound</Direction>
      </RouteLink>
      <RouteLink id="RL26">
        <From>
          <StopPointRef>5140AWF80242</StopPointRef>
        </From>
        <To>
          <StopPointRef>5140AWF80243</StopPointRef>
        </To>
        <Distance>140</Distance>
        <Direction>outbound</Direction>
      </RouteLink>
      <RouteLink id="RL27">
        <From>
          <StopPointRef>5140AWF80243</StopPointRef>
        </From>
        <To>
          <StopPointRef>5140AWF80244</StopPointRef>
        </To>
        <Distance>130</Distance>
        <Direction>outbound</Direction>
      </RouteLink>
      <RouteLink id="RL28">
        <From>
          <StopPointRef>5140AWF80244</StopPointRef>
        </From>
        <To>
          <StopPointRef>5140AWF80245</StopPointRef>
        </To>
        <Distance>140</Distance>
        <Direction>outbound</Direction>
      </RouteLink>
      <RouteLink id="RL29">
        <From>
          <StopPointRef>5140AWF80245</StopPointRef>
        </From>
        <To>
          <StopPointRef>5140WRX02148</StopPointRef>
        </To>
        <Distance>1610</Distance>
        <Direction>outbound</Direction>
      </RouteLink>
      <RouteLink id="RL30">
        <From>
          <StopPointRef>5140WRX02148</StopPointRef>
        </From>
        <To>
          <StopPointRef>5140AWF80248</StopPointRef>
        </To>
        <Distance>970</Distance>
        <Direction>outbound</Direction>
      </RouteLink>
      <RouteLink id="RL31">
        <From>
          <StopPointRef>5140AWF80248</StopPointRef>
        </From>
        <To>
          <StopPointRef>5140AWF80249</StopPointRef>
        </To>
        <Distance>190</Distance>
        <Direction>outbound</Direction>
      </RouteLink>
      <RouteLink id="RL32">
        <From>
          <StopPointRef>5140AWF80249</StopPointRef>
        </From>
        <To>
          <StopPointRef>5140WDB22751</StopPointRef>
        </To>
        <Distance>270</Distance>
        <Direction>outbound</Direction>
      </RouteLink>
      <RouteLink id="RL33">
        <From>
          <StopPointRef>5140WDB22751</StopPointRef>
        </From>
        <To>
          <StopPointRef>5140AWF80251</StopPointRef>
        </To>
        <Distance>140</Distance>
        <Direction>outbound</Direction>
      </RouteLink>
      <RouteLink id="RL34">
        <From>
          <StopPointRef>5140AWF80251</StopPointRef>
        </From>
        <To>
          <StopPointRef>5140WRX02140</StopPointRef>
        </To>
        <Distance>140</Distance>
        <Direction>outbound</Direction>
      </RouteLink>
      <RouteLink id="RL35">
        <From>
          <StopPointRef>5140WRX02140</StopPointRef>
        </From>
        <To>
          <StopPointRef>5140AWF80260</StopPointRef>
        </To>
        <Distance>180</Distance>
        <Direction>outbound</Direction>
      </RouteLink>
      <RouteLink id="RL36">
        <From>
          <StopPointRef>5140AWF80260</StopPointRef>
        </From>
        <To>
          <StopPointRef>5140AWF80237</StopPointRef>
        </To>
        <Distance>120</Distance>
        <Direction>outbound</Direction>
      </RouteLink>
      <RouteLink id="RL37">
        <From>
          <StopPointRef>5140AWF80237</StopPointRef>
        </From>
        <To>
          <StopPointRef>5140WRX02137</StopPointRef>
        </To>
        <Distance>290</Distance>
        <Direction>outbound</Direction>
      </RouteLink>
      <RouteLink id="RL38">
        <From>
          <StopPointRef>5140WRX02137</StopPointRef>
        </From>
        <To>
          <StopPointRef>5140AWF80235</StopPointRef>
        </To>
        <Distance>230</Distance>
        <Direction>outbound</Direction>
      </RouteLink>
      <RouteLink id="RL39">
        <From>
          <StopPointRef>5140AWF80235</StopPointRef>
        </From>
        <To>
          <StopPointRef>5140AWF80234</StopPointRef>
        </To>
        <Distance>310</Distance>
        <Direction>outbound</Direction>
      </RouteLink>
      <RouteLink id="RL40">
        <From>
          <StopPointRef>5140AWF80234</StopPointRef>
        </From>
        <To>
          <StopPointRef>5140WDB25383</StopPointRef>
        </To>
        <Distance>330</Distance>
        <Direction>outbound</Direction>
      </RouteLink>
      <RouteLink id="RL41">
        <From>
          <StopPointRef>5140WDB25383</StopPointRef>
        </From>
        <To>
          <StopPointRef>5140AWF80232</StopPointRef>
        </To>
        <Distance>180</Distance>
        <Direction>outbound</Direction>
      </RouteLink>
      <RouteLink id="RL42">
        <From>
          <StopPointRef>5140AWF80232</StopPointRef>
        </From>
        <To>
          <StopPointRef>5140AWF80266</StopPointRef>
        </To>
        <Distance>380</Distance>
        <Direction>outbound</Direction>
      </RouteLink>
      <RouteLink id="RL43">
        <From>
          <StopPointRef>5140AWF80266</StopPointRef>
        </From>
        <To>
          <StopPointRef>5140WRX02127</StopPointRef>
        </To>
        <Distance>1010</Distance>
        <Direction>outbound</Direction>
      </RouteLink>
      <RouteLink id="RL44">
        <From>
          <StopPointRef>5140WRX02127</StopPointRef>
        </From>
        <To>
          <StopPointRef>5140WRX02126</StopPointRef>
        </To>
        <Distance>550</Distance>
        <Direction>outbound</Direction>
      </RouteLink>
      <RouteLink id="RL45">
        <From>
          <StopPointRef>5140WRX02126</StopPointRef>
        </From>
        <To>
          <StopPointRef>5140AWQ26488</StopPointRef>
        </To>
        <Distance>330</Distance>
        <Direction>outbound</Direction>
      </RouteLink>
      <RouteLink id="RL46">
        <From>
          <StopPointRef>5140AWQ26488</StopPointRef>
        </From>
        <To>
          <StopPointRef>5140WRX02125</StopPointRef>
        </To>
        <Distance>480</Distance>
        <Direction>outbound</Direction>
      </RouteLink>
      <RouteLink id="RL47">
        <From>
          <StopPointRef>5140WRX02125</StopPointRef>
        </From>
        <To>
          <StopPointRef>5140WDB22712</StopPointRef>
        </To>
        <Distance>550</Distance>
        <Direction>outbound</Direction>
      </RouteLink>
      <RouteLink id="RL48">
        <From>
          <StopPointRef>5140WDB22712</StopPointRef>
        </From>
        <To>
          <StopPointRef>5140WRX02124</StopPointRef>
        </To>
        <Distance>220</Distance>
        <Direction>outbound</Direction>
      </RouteLink>
      <RouteLink id="RL49">
        <From>
          <StopPointRef>5140WRX02124</StopPointRef>
        </From>
        <To>
          <StopPointRef>5140WDB46545</StopPointRef>
        </To>
        <Distance>440</Distance>
        <Direction>outbound</Direction>
      </RouteLink>
      <RouteLink id="RL50">
        <From>
          <StopPointRef>5140WDB46545</StopPointRef>
        </From>
        <To>
          <StopPointRef>5140WRX02122</StopPointRef>
        </To>
        <Distance>320</Distance>
        <Direction>outbound</Direction>
      </RouteLink>
      <RouteLink id="RL51">
        <From>
          <StopPointRef>5140WRX02122</StopPointRef>
        </From>
        <To>
          <StopPointRef>5140AWD72468</StopPointRef>
        </To>
        <Distance>640</Distance>
        <Direction>outbound</Direction>
      </RouteLink>
      <RouteLink id="RL52">
        <From>
          <StopPointRef>5140AWD72468</StopPointRef>
        </From>
        <To>
          <StopPointRef>5140WRX02259</StopPointRef>
        </To>
        <Distance>430</Distance>
        <Direction>outbound</Direction>
      </RouteLink>
      <RouteLink id="RL53">
        <From>
          <StopPointRef>5140WRX02259</StopPointRef>
        </From>
        <To>
          <StopPointRef>5140AWD72466</StopPointRef>
        </To>
        <Distance>90</Distance>
        <Direction>outbound</Direction>
      </RouteLink>
      <RouteLink id="RL54">
        <From>
          <StopPointRef>5140AWD72466</StopPointRef>
        </From>
        <To>
          <StopPointRef>5140WDB22538</StopPointRef>
        </To>
        <Distance>270</Distance>
        <Direction>outbound</Direction>
      </RouteLink>
      <RouteLink id="RL55">
        <From>
          <StopPointRef>5140WDB22538</StopPointRef>
        </From>
        <To>
          <StopPointRef>5140WRX02213</StopPointRef>
        </To>
        <Distance>340</Distance>
        <Direction>outbound</Direction>
      </RouteLink>
      <RouteLink id="RL56">
        <From>
          <StopPointRef>5140WRX02213</StopPointRef>
        </From>
        <To>
          <StopPointRef>5140AWQ26483</StopPointRef>
        </To>
        <Distance>210</Distance>
        <Direction>outbound</Direction>
      </RouteLink>
      <RouteLink id="RL57">
        <From>
          <StopPointRef>5140AWQ26483</StopPointRef>
        </From>
        <To>
          <StopPointRef>5140WDB25304</StopPointRef>
        </To>
        <Distance>900</Distance>
        <Direction>outbound</Direction>
      </RouteLink>
    </RouteSection>
  </RouteSections>
  <Routes>
    <Route id="RT1">
      <Description>Wrexham, Bus Station, Bay 5 - Wrexham, Bus Station, Bay 5</Description>
      <RouteSectionRef>RS1</RouteSectionRef>
    </Route>
  </Routes>
  <JourneyPatternSections>
    <JourneyPatternSection id="JPS1">
      <JourneyPatternTimingLink id="JPTL1">
        <From SequenceNumber="1">
          <StopPointRef>5140WDB25304</StopPointRef>
          <TimingStatus>PTP</TimingStatus>
        </From>
        <To SequenceNumber="2">
          <StopPointRef>5140AWD70663</StopPointRef>
          <TimingStatus>OTH</TimingStatus>
        </To>
        <RouteLinkRef>RL1</RouteLinkRef>
        <RunTime>PT1M</RunTime>
      </JourneyPatternTimingLink>
      <JourneyPatternTimingLink id="JPTL2">
        <From SequenceNumber="2">
          <StopPointRef>5140AWD70663</StopPointRef>
          <TimingStatus>OTH</TimingStatus>
        </From>
        <To SequenceNumber="3">
          <StopPointRef>5140AWD72462</StopPointRef>
          <TimingStatus>OTH</TimingStatus>
        </To>
        <RouteLinkRef>RL2</RouteLinkRef>
        <RunTime>PT1M</RunTime>
      </JourneyPatternTimingLink>
      <JourneyPatternTimingLink id="JPTL3">
        <From SequenceNumber="3">
          <StopPointRef>5140AWD72462</StopPointRef>
          <TimingStatus>OTH</TimingStatus>
        </From>
        <To SequenceNumber="4">
          <StopPointRef>5140AWD72463</StopPointRef>
          <TimingStatus>OTH</TimingStatus>
        </To>
        <RouteLinkRef>RL3</RouteLinkRef>
        <RunTime>PT0S</RunTime>
      </JourneyPatternTimingLink>
      <JourneyPatternTimingLink id="JPTL4">
        <From SequenceNumber="4">
          <StopPointRef>5140AWD72463</StopPointRef>
          <TimingStatus>OTH</TimingStatus>
        </From>
        <To SequenceNumber="5">
          <StopPointRef>5140AWD72465</StopPointRef>
          <TimingStatus>OTH</TimingStatus>
        </To>
        <RouteLinkRef>RL4</RouteLinkRef>
        <RunTime>PT1M</RunTime>
      </JourneyPatternTimingLink>
      <JourneyPatternTimingLink id="JPTL5">
        <From SequenceNumber="5">
          <StopPointRef>5140AWD72465</StopPointRef>
          <TimingStatus>OTH</TimingStatus>
        </From>
        <To SequenceNumber="6">
          <StopPointRef>5140AWD72467</StopPointRef>
          <TimingStatus>OTH</TimingStatus>
        </To>
        <RouteLinkRef>RL5</RouteLinkRef>
        <RunTime>PT1M</RunTime>
      </JourneyPatternTimingLink>
      <JourneyPatternTimingLink id="JPTL6">
        <From SequenceNumber="6">
          <StopPointRef>5140AWD72467</StopPointRef>
          <TimingStatus>OTH</TimingStatus>
        </From>
        <To SequenceNumber="7">
          <StopPointRef>5140AWQ26484</StopPointRef>
          <TimingStatus>OTH</TimingStatus>
        </To>
        <RouteLinkRef>RL6</RouteLinkRef>
        <RunTime>PT0S</RunTime>
      </JourneyPatternTimingLink>
      <JourneyPatternTimingLink id="JPTL7">
        <From SequenceNumber="7">
          <StopPointRef>5140AWQ26484</StopPointRef>
          <TimingStatus>OTH</TimingStatus>
        </From>
        <To SequenceNumber="8">
          <StopPointRef>5140AWD72472</StopPointRef>
          <TimingStatus>OTH</TimingStatus>
        </To>
        <RouteLinkRef>RL7</RouteLinkRef>
        <RunTime>PT1M</RunTime>
      </JourneyPatternTimingLink>
      <JourneyPatternTimingLink id="JPTL8">
        <From SequenceNumber="8">
          <StopPointRef>5140AWD72472</StopPointRef>
          <TimingStatus>OTH</TimingStatus>
        </From>
        <To SequenceNumber="9">
          <StopPointRef>5140AWD72473</StopPointRef>
          <TimingStatus>OTH</TimingStatus>
        </To>
        <RouteLinkRef>RL8</RouteLinkRef>
        <RunTime>PT1M</RunTime>
      </JourneyPatternTimingLink>
      <JourneyPatternTimingLink id="JPTL9">
        <From SequenceNumber="9">
          <StopPointRef>5140AWD72473</StopPointRef>
          <TimingStatus>OTH</TimingStatus>
        </From>
        <To SequenceNumber="10">
          <StopPointRef>5140AWD72471</StopPointRef>
          <TimingStatus>OTH</TimingStatus>
        </To>
        <RouteLinkRef>RL9</RouteLinkRef>
        <RunTime>PT1M</RunTime>
      </JourneyPatternTimingLink>
      <JourneyPatternTimingLink id="JPTL10">
        <From SequenceNumber="10">
          <StopPointRef>5140AWD72471</StopPointRef>
          <TimingStatus>OTH</TimingStatus>
        </From>
        <To SequenceNumber="11">
          <StopPointRef>5140AWD72470</StopPointRef>
          <TimingStatus>OTH</TimingStatus>
        </To>
        <RouteLinkRef>RL10</RouteLinkRef>
        <RunTime>PT0S</RunTime>
      </JourneyPatternTimingLink>
      <JourneyPatternTimingLink id="JPTL11">
        <From SequenceNumber="11">
          <StopPointRef>5140AWD72470</StopPointRef>
          <TimingStatus>OTH</TimingStatus>
        </From>
        <To SequenceNumber="12">
          <StopPointRef>5140AWD72479</StopPointRef>
          <TimingStatus>OTH</TimingStatus>
        </To>
        <RouteLinkRef>RL11</RouteLinkRef>
        <RunTime>PT1M</RunTime>
      </JourneyPatternTimingLink>
      <JourneyPatternTimingLink id="JPTL12">
        <From SequenceNumber="12">
          <StopPointRef>5140AWD72479</StopPointRef>
          <TimingStatus>OTH</TimingStatus>
        </From>
        <To SequenceNumber="13">
          <StopPointRef>5140AWD72480</StopPointRef>
          <TimingStatus>OTH</TimingStatus>
        </To>
        <RouteLinkRef>RL12</RouteLinkRef>
        <RunTime>PT2M</RunTime>
      </JourneyPatternTimingLink>
      <JourneyPatternTimingLink id="JPTL13">
        <From SequenceNumber="13">
          <StopPointRef>5140AWD72480</StopPointRef>
          <TimingStatus>OTH</TimingStatus>
        </From>
        <To SequenceNumber="14">
          <StopPointRef>5140AWD72481</StopPointRef>
          <TimingStatus>OTH</TimingStatus>
        </To>
        <RouteLinkRef>RL13</RouteLinkRef>
        <RunTime>PT0S</RunTime>
      </JourneyPatternTimingLink>
      <JourneyPatternTimingLink id="JPTL14">
        <From SequenceNumber="14">
          <StopPointRef>5140AWD72481</StopPointRef>
          <TimingStatus>OTH</TimingStatus>
        </From>
        <To SequenceNumber="15">
          <StopPointRef>5140AWD72483</StopPointRef>
          <TimingStatus>OTH</TimingStatus>
        </To>
        <RouteLinkRef>RL14</RouteLinkRef>
        <RunTime>PT1M</RunTime>
      </JourneyPatternTimingLink>
      <JourneyPatternTimingLink id="JPTL15">
        <From SequenceNumber="15">
          <StopPointRef>5140AWD72483</StopPointRef>
          <TimingStatus>OTH</TimingStatus>
        </From>
        <To SequenceNumber="16">
          <StopPointRef>5140WRX02128</StopPointRef>
          <TimingStatus>PTP</TimingStatus>
        </To>
        <RouteLinkRef>RL15</RouteLinkRef>
        <RunTime>PT2M</RunTime>
      </JourneyPatternTimingLink>
      <JourneyPatternTimingLink id="JPTL16">
        <From SequenceNumber="16">
          <StopPointRef>5140WRX02128</StopPointRef>
          <TimingStatus>PTP</TimingStatus>
        </From>
        <To SequenceNumber="17">
          <StopPointRef>5140AWF80269</StopPointRef>
          <TimingStatus>OTH</TimingStatus>
        </To>
        <RouteLinkRef>RL16</RouteLinkRef>
        <RunTime>PT1M</RunTime>
      </JourneyPatternTimingLink>
      <JourneyPatternTimingLink id="JPTL17">
        <From SequenceNumber="17">
          <StopPointRef>5140AWF80269</StopPointRef>
          <TimingStatus>OTH</TimingStatus>
        </From>
        <To SequenceNumber="18">
          <StopPointRef>5140WDB22752</StopPointRef>
          <TimingStatus>OTH</TimingStatus>
        </To>
        <RouteLinkRef>RL17</RouteLinkRef>
        <RunTime>PT0S</RunTime>
      </JourneyPatternTimingLink>
      <JourneyPatternTimingLink id="JPTL18">
        <From SequenceNumber="18">
          <StopPointRef>5140WDB22752</StopPointRef>
          <TimingStatus>OTH</TimingStatus>
        </From>
        <To SequenceNumber="19">
          <StopPointRef>5140AWF80235</StopPointRef>
          <TimingStatus>OTH</TimingStatus>
        </To>
        <RouteLinkRef>RL18</RouteLinkRef>
        <RunTime>PT3M</RunTime>
      </JourneyPatternTimingLink>
      <JourneyPatternTimingLink id="JPTL19">
        <From SequenceNumber="19">
          <StopPointRef>5140AWF80235</StopPointRef>
          <TimingStatus>OTH</TimingStatus>
        </From>
        <To SequenceNumber="20">
          <StopPointRef>5140AWF80234</StopPointRef>
          <TimingStatus>PTP</TimingStatus>
        </To>
        <RouteLinkRef>RL19</RouteLinkRef>
        <RunTime>PT1M</RunTime>
      </JourneyPatternTimingLink>
      <JourneyPatternTimingLink id="JPTL20">
        <From SequenceNumber="20">
          <StopPointRef>5140AWF80234</StopPointRef>
          <TimingStatus>PTP</TimingStatus>
        </From>
        <To SequenceNumber="21">
          <StopPointRef>5140AWF80232</StopPointRef>
          <TimingStatus>OTH</TimingStatus>
        </To>
        <RouteLinkRef>RL20</RouteLinkRef>
        <RunTime>PT1M</RunTime>
      </JourneyPatternTimingLink>
      <JourneyPatternTimingLink id="JPTL21">
        <From SequenceNumber="21">
          <StopPointRef>5140AWF80232</StopPointRef>
          <TimingStatus>OTH</TimingStatus>
        </From>
        <To SequenceNumber="22">
          <StopPointRef>5140AWF80236</StopPointRef>
          <TimingStatus>OTH</TimingStatus>
        </To>
        <RouteLinkRef>RL21</RouteLinkRef>
        <RunTime>PT2M</RunTime>
      </JourneyPatternTimingLink>
      <JourneyPatternTimingLink id="JPTL22">
        <From SequenceNumber="22">
          <StopPointRef>5140AWF80236</StopPointRef>
          <TimingStatus>OTH</TimingStatus>
        </From>
        <To SequenceNumber="23">
          <StopPointRef>5140AWF80238</StopPointRef>
          <TimingStatus>OTH</TimingStatus>
        </To>
        <RouteLinkRef>RL22</RouteLinkRef>
        <RunTime>PT2M</RunTime>
      </JourneyPatternTimingLink>
      <JourneyPatternTimingLink id="JPTL23">
        <From SequenceNumber="23">
          <StopPointRef>5140AWF80238</StopPointRef>
          <TimingStatus>OTH</TimingStatus>
        </From>
        <To SequenceNumber="24">
          <StopPointRef>5140AWF80240</StopPointRef>
          <TimingStatus>OTH</TimingStatus>
        </To>
        <RouteLinkRef>RL23</RouteLinkRef>
        <RunTime>PT1M</RunTime>
      </JourneyPatternTimingLink>
      <JourneyPatternTimingLink id="JPTL24">
        <From SequenceNumber="24">
          <StopPointRef>5140AWF80240</StopPointRef>
          <TimingStatus>OTH</TimingStatus>
        </From>
        <To SequenceNumber="25">
          <StopPointRef>5140WRX02143</StopPointRef>
          <TimingStatus>OTH</TimingStatus>
        </To>
        <RouteLinkRef>RL24</RouteLinkRef>
        <RunTime>PT1M</RunTime>
      </JourneyPatternTimingLink>
      <JourneyPatternTimingLink id="JPTL25">
        <From SequenceNumber="25">
          <StopPointRef>5140WRX02143</StopPointRef>
          <TimingStatus>OTH</TimingStatus>
        </From>
        <To SequenceNumber="26">
          <StopPointRef>5140AWF80242</StopPointRef>
          <TimingStatus>OTH</TimingStatus>
        </To>
        <RouteLinkRef>RL25</RouteLinkRef>
        <RunTime>PT1M</RunTime>
      </JourneyPatternTimingLink>
      <JourneyPatternTimingLink id="JPTL26">
        <From SequenceNumber="26">
          <StopPointRef>5140AWF80242</StopPointRef>
          <TimingStatus>OTH</TimingStatus>
        </From>
        <To SequenceNumber="27">
          <StopPointRef>5140AWF80243</StopPointRef>
          <TimingStatus>OTH</TimingStatus>
        </To>
        <RouteLinkRef>RL26</RouteLinkRef>
        <RunTime>PT0S</RunTime>
      </JourneyPatternTimingLink>
      <JourneyPatternTimingLink id="JPTL27">
        <From SequenceNumber="27">
          <StopPointRef>5140AWF80243</StopPointRef>
          <TimingStatus>OTH</TimingStatus>
        </From>
        <To SequenceNumber="28">
          <StopPointRef>5140AWF80244</StopPointRef>
          <TimingStatus>PTP</TimingStatus>
        </To>
        <RouteLinkRef>RL27</RouteLinkRef>
        <RunTime>PT1M</RunTime>
      </JourneyPatternTimingLink>
      <JourneyPatternTimingLink id="JPTL28">
        <From SequenceNumber="28">
          <StopPointRef>5140AWF80244</StopPointRef>
          <TimingStatus>PTP</TimingStatus>
        </From>
        <To SequenceNumber="29">
          <StopPointRef>5140AWF80245</StopPointRef>
          <TimingStatus>OTH</TimingStatus>
        </To>
        <RouteLinkRef>RL28</RouteLinkRef>
        <RunTime>PT0S</RunTime>
      </JourneyPatternTimingLink>
      <JourneyPatternTimingLink id="JPTL29">
        <From SequenceNumber="29">
          <StopPointRef>5140AWF80245</StopPointRef>
          <TimingStatus>OTH</TimingStatus>
        </From>
        <To SequenceNumber="30">
          <StopPointRef>5140WRX02148</StopPointRef>
          <TimingStatus>OTH</TimingStatus>
        </To>
        <RouteLinkRef>RL29</RouteLinkRef>
        <RunTime>PT3M</RunTime>
      </JourneyPatternTimingLink>
      <JourneyPatternTimingLink id="JPTL30">
        <From SequenceNumber="30">
          <StopPointRef>5140WRX02148</StopPointRef>
          <TimingStatus>OTH</TimingStatus>
        </From>
        <To SequenceNumber="31">
          <StopPointRef>5140AWF80248</StopPointRef>
          <TimingStatus>OTH</TimingStatus>
        </To>
        <RouteLinkRef>RL30</RouteLinkRef>
        <RunTime>PT2M</RunTime>
      </JourneyPatternTimingLink>
      <JourneyPatternTimingLink id="JPTL31">
        <From SequenceNumber="31">
          <StopPointRef>5140AWF80248</StopPointRef>
          <TimingStatus>OTH</TimingStatus>
        </From>
        <To SequenceNumber="32">
          <StopPointRef>5140AWF80249</StopPointRef>
          <TimingStatus>OTH</TimingStatus>
        </To>
        <RouteLinkRef>RL31</RouteLinkRef>
        <RunTime>PT1M</RunTime>
      </JourneyPatternTimingLink>
      <JourneyPatternTimingLink id="JPTL32">
        <From SequenceNumber="32">
          <StopPointRef>5140AWF80249</StopPointRef>
          <TimingStatus>OTH</TimingStatus>
        </From>
        <To SequenceNumber="33">
          <StopPointRef>5140WDB22751</StopPointRef>
          <TimingStatus>OTH</TimingStatus>
        </To>
        <RouteLinkRef>RL32</RouteLinkRef>
        <RunTime>PT0S</RunTime>
      </JourneyPatternTimingLink>
      <JourneyPatternTimingLink id="JPTL33">
        <From SequenceNumber="33">
          <StopPointRef>5140WDB22751</StopPointRef>
          <TimingStatus>OTH</TimingStatus>
        </From>
        <To SequenceNumber="34">
          <StopPointRef>5140AWF80251</StopPointRef>
          <TimingStatus>OTH</TimingStatus>
        </To>
        <RouteLinkRef>RL33</RouteLinkRef>
        <RunTime>PT0S</RunTime>
      </JourneyPatternTimingLink>
      <JourneyPatternTimingLink id="JPTL34">
        <From SequenceNumber="34">
          <StopPointRef>5140AWF80251</StopPointRef>
          <TimingStatus>OTH</TimingStatus>
        </From>
        <To SequenceNumber="35">
          <StopPointRef>5140WRX02140</StopPointRef>
          <TimingStatus>OTH</TimingStatus>
        </To>
        <RouteLinkRef>RL34</RouteLinkRef>
        <RunTime>PT1M</RunTime>
      </JourneyPatternTimingLink>
      <JourneyPatternTimingLink id="JPTL35">
        <From SequenceNumber="35">
          <StopPointRef>5140WRX02140</StopPointRef>
          <TimingStatus>OTH</TimingStatus>
        </From>
        <To SequenceNumber="36">
          <StopPointRef>5140AWF80260</StopPointRef>
          <TimingStatus>OTH</TimingStatus>
        </To>
        <RouteLinkRef>RL35</RouteLinkRef>
        <RunTime>PT0S</RunTime>
      </JourneyPatternTimingLink>
      <JourneyPatternTimingLink id="JPTL36">
        <From SequenceNumber="36">
          <StopPointRef>5140AWF80260</StopPointRef>
          <TimingStatus>OTH</TimingStatus>
        </From>
        <To SequenceNumber="37">
          <StopPointRef>5140AWF80237</StopPointRef>
          <TimingStatus>OTH</TimingStatus>
        </To>
        <RouteLinkRef>RL36</RouteLinkRef>
        <RunTime>PT0S</RunTime>
      </JourneyPatternTimingLink>
      <JourneyPatternTimingLink id="JPTL37">
        <From SequenceNumber="37">
          <StopPointRef>5140AWF80237</StopPointRef>
          <TimingStatus>OTH</TimingStatus>
        </From>
        <To SequenceNumber="38">
          <StopPointRef>5140WRX02137</StopPointRef>
          <TimingStatus>OTH</TimingStatus>
        </To>
        <RouteLinkRef>RL37</RouteLinkRef>
        <RunTime>PT1M</RunTime>
      </JourneyPatternTimingLink>
      <JourneyPatternTimingLink id="JPTL38">
        <From SequenceNumber="38">
          <StopPointRef>5140WRX02137</StopPointRef>
          <TimingStatus>OTH</TimingStatus>
        </From>
        <To SequenceNumber="39">
          <StopPointRef>5140AWF80235</StopPointRef>
          <TimingStatus>OTH</TimingStatus>
        </To>
        <RouteLinkRef>RL38</RouteLinkRef>
        <RunTime>PT0S</RunTime>
      </JourneyPatternTimingLink>
      <JourneyPatternTimingLink id="JPTL39">
        <From SequenceNumber="39">
          <StopPointRef>5140AWF80235</StopPointRef>
          <TimingStatus>OTH</TimingStatus>
        </From>
        <To SequenceNumber="40">
          <StopPointRef>5140AWF80234</StopPointRef>
          <TimingStatus>PTP</TimingStatus>
        </To>
        <RouteLinkRef>RL39</RouteLinkRef>
        <RunTime>PT1M</RunTime>
      </JourneyPatternTimingLink>
      <JourneyPatternTimingLink id="JPTL40">
        <From SequenceNumber="40">
          <StopPointRef>5140AWF80234</StopPointRef>
          <TimingStatus>PTP</TimingStatus>
        </From>
        <To SequenceNumber="41">
          <StopPointRef>5140WDB25383</StopPointRef>
          <TimingStatus>OTH</TimingStatus>
        </To>
        <RouteLinkRef>RL40</RouteLinkRef>
        <RunTime>PT0S</RunTime>
      </JourneyPatternTimingLink>
      <JourneyPatternTimingLink id="JPTL41">
        <From SequenceNumber="41">
          <StopPointRef>5140WDB25383</StopPointRef>
          <TimingStatus>OTH</TimingStatus>
        </From>
        <To SequenceNumber="42">
          <StopPointRef>5140AWF80232</StopPointRef>
          <TimingStatus>OTH</TimingStatus>
        </To>
        <RouteLinkRef>RL41</RouteLinkRef>
        <RunTime>PT1M</RunTime>
      </JourneyPatternTimingLink>
      <JourneyPatternTimingLink id="JPTL42">
        <From SequenceNumber="42">
          <StopPointRef>5140AWF80232</StopPointRef>
          <TimingStatus>OTH</TimingStatus>
        </From>
        <To SequenceNumber="43">
          <StopPointRef>5140AWF80266</StopPointRef>
          <TimingStatus>OTH</TimingStatus>
        </To>
        <RouteLinkRef>RL42</RouteLinkRef>
        <RunTime>PT1M</RunTime>
      </JourneyPatternTimingLink>
      <JourneyPatternTimingLink id="JPTL43">
        <From SequenceNumber="43">
          <StopPointRef>5140AWF80266</StopPointRef>
          <TimingStatus>OTH</TimingStatus>
        </From>
        <To SequenceNumber="44">
          <StopPointRef>5140WRX02127</StopPointRef>
          <TimingStatus>PTP</TimingStatus>
        </To>
        <RouteLinkRef>RL43</RouteLinkRef>
        <RunTime>PT3M</RunTime>
      </JourneyPatternTimingLink>
      <JourneyPatternTimingLink id="JPTL44">
        <From SequenceNumber="44">
          <StopPointRef>5140WRX02127</StopPointRef>
          <TimingStatus>PTP</TimingStatus>
        </From>
        <To SequenceNumber="45">
          <StopPointRef>5140WRX02126</StopPointRef>
          <TimingStatus>OTH</TimingStatus>
        </To>
        <RouteLinkRef>RL44</RouteLinkRef>
        <RunTime>PT1M</RunTime>
      </JourneyPatternTimingLink>
      <JourneyPatternTimingLink id="JPTL45">
        <From SequenceNumber="45">
          <StopPointRef>5140WRX02126</StopPointRef>
          <TimingStatus>OTH</TimingStatus>
        </From>
        <To SequenceNumber="46">
          <StopPointRef>5140AWQ26488</StopPointRef>
          <TimingStatus>OTH</TimingStatus>
        </To>
        <RouteLinkRef>RL45</RouteLinkRef>
        <RunTime>PT1M</RunTime>
      </JourneyPatternTimingLink>
      <JourneyPatternTimingLink id="JPTL46">
        <From SequenceNumber="46">
          <StopPointRef>5140AWQ26488</StopPointRef>
          <TimingStatus>OTH</TimingStatus>
        </From>
        <To SequenceNumber="47">
          <StopPointRef>5140WRX02125</StopPointRef>
          <TimingStatus>OTH</TimingStatus>
        </To>
        <RouteLinkRef>RL46</RouteLinkRef>
        <RunTime>PT1M</RunTime>
      </JourneyPatternTimingLink>
      <JourneyPatternTimingLink id="JPTL47">
        <From SequenceNumber="47">
          <StopPointRef>5140WRX02125</StopPointRef>
          <TimingStatus>OTH</TimingStatus>
        </From>
        <To SequenceNumber="48">
          <StopPointRef>5140WDB22712</StopPointRef>
          <TimingStatus>OTH</TimingStatus>
        </To>
        <RouteLinkRef>RL47</RouteLinkRef>
        <RunTime>PT1M</RunTime>
      </JourneyPatternTimingLink>
      <JourneyPatternTimingLink id="JPTL48">
        <From SequenceNumber="48">
          <StopPointRef>5140WDB22712</StopPointRef>
          <TimingStatus>OTH</TimingStatus>
        </From>
        <To SequenceNumber="49">
          <StopPointRef>5140WRX02124</StopPointRef>
          <TimingStatus>OTH</TimingStatus>
        </To>
        <RouteLinkRef>RL48</RouteLinkRef>
        <RunTime>PT1M</RunTime>
      </JourneyPatternTimingLink>
      <JourneyPatternTimingLink id="JPTL49">
        <From SequenceNumber="49">
          <StopPointRef>5140WRX02124</StopPointRef>
          <TimingStatus>OTH</TimingStatus>
        </From>
        <To SequenceNumber="50">
          <StopPointRef>5140WDB46545</StopPointRef>
          <TimingStatus>OTH</TimingStatus>
        </To>
        <RouteLinkRef>RL49</RouteLinkRef>
        <RunTime>PT1M</RunTime>
      </JourneyPatternTimingLink>
      <JourneyPatternTimingLink id="JPTL50">
        <From SequenceNumber="50">
          <StopPointRef>5140WDB46545</StopPointRef>
          <TimingStatus>OTH</TimingStatus>
        </From>
        <To SequenceNumber="51">
          <StopPointRef>5140WRX02122</StopPointRef>
          <TimingStatus>OTH</TimingStatus>
        </To>
        <RouteLinkRef>RL50</RouteLinkRef>
        <RunTime>PT0S</RunTime>
      </JourneyPatternTimingLink>
      <JourneyPatternTimingLink id="JPTL51">
        <From SequenceNumber="51">
          <StopPointRef>5140WRX02122</StopPointRef>
          <TimingStatus>OTH</TimingStatus>
        </From>
        <To SequenceNumber="52">
          <StopPointRef>5140AWD72468</StopPointRef>
          <TimingStatus>OTH</TimingStatus>
        </To>
        <RouteLinkRef>RL51</RouteLinkRef>
        <RunTime>PT2M</RunTime>
      </JourneyPatternTimingLink>
      <JourneyPatternTimingLink id="JPTL52">
        <From SequenceNumber="52">
          <StopPointRef>5140AWD72468</StopPointRef>
          <TimingStatus>OTH</TimingStatus>
        </From>
        <To SequenceNumber="53">
          <StopPointRef>5140WRX02259</StopPointRef>
          <TimingStatus>OTH</TimingStatus>
        </To>
        <RouteLinkRef>RL52</RouteLinkRef>
        <RunTime>PT0S</RunTime>
      </JourneyPatternTimingLink>
      <JourneyPatternTimingLink id="JPTL53">
        <From SequenceNumber="53">
          <StopPointRef>5140WRX02259</StopPointRef>
          <TimingStatus>OTH</TimingStatus>
        </From>
        <To SequenceNumber="54">
          <StopPointRef>5140AWD72466</StopPointRef>
          <TimingStatus>OTH</TimingStatus>
        </To>
        <RouteLinkRef>RL53</RouteLinkRef>
        <RunTime>PT1M</RunTime>
      </JourneyPatternTimingLink>
      <JourneyPatternTimingLink id="JPTL54">
        <From SequenceNumber="54">
          <StopPointRef>5140AWD72466</StopPointRef>
          <TimingStatus>OTH</TimingStatus>
        </From>
        <To SequenceNumber="55">
          <StopPointRef>5140WDB22538</StopPointRef>
          <TimingStatus>OTH</TimingStatus>
        </To>
        <RouteLinkRef>RL54</RouteLinkRef>
        <RunTime>PT0S</RunTime>
      </JourneyPatternTimingLink>
      <JourneyPatternTimingLink id="JPTL55">
        <From SequenceNumber="55">
          <StopPointRef>5140WDB22538</StopPointRef>
          <TimingStatus>OTH</TimingStatus>
        </From>
        <To SequenceNumber="56">
          <StopPointRef>5140WRX02213</StopPointRef>
          <TimingStatus>OTH</TimingStatus>
        </To>
        <RouteLinkRef>RL55</RouteLinkRef>
        <RunTime>PT1M</RunTime>
      </JourneyPatternTimingLink>
      <JourneyPatternTimingLink id="JPTL56">
        <From SequenceNumber="56">
          <StopPointRef>5140WRX02213</StopPointRef>
          <TimingStatus>OTH</TimingStatus>
        </From>
        <To SequenceNumber="57">
          <StopPointRef>5140AWQ26483</StopPointRef>
          <TimingStatus>OTH</TimingStatus>
        </To>
        <RouteLinkRef>RL56</RouteLinkRef>
        <RunTime>PT0S</RunTime>
      </JourneyPatternTimingLink>
      <JourneyPatternTimingLink id="JPTL57">
        <From SequenceNumber="57">
          <StopPointRef>5140AWQ26483</StopPointRef>
          <TimingStatus>OTH</TimingStatus>
        </From>
        <To SequenceNumber="58">
          <StopPointRef>5140WDB25304</StopPointRef>
          <TimingStatus>PTP</TimingStatus>
        </To>
        <RouteLinkRef>RL57</RouteLinkRef>
        <RunTime>PT3M</RunTime>
      </JourneyPatternTimingLink>
    </JourneyPatternSection>
  </JourneyPatternSections>
  <Operators>
    <Operator id="O1">
      <NationalOperatorCode>ACYM</NationalOperatorCode>
      <OperatorCode>ACYM</OperatorCode>
      <OperatorShortName>Arriva Cymru</OperatorShortName>
    </Operator>
  </Operators>
  <Services>
    <Service>
      <ServiceCode>WRAO004</ServiceCode>
      <PrivateCode>WRAO004</PrivateCode>
      <Lines>
        <Line id="SL1">
          <LineName>4</LineName>
        </Line>
      </Lines>
      <OperatingPeriod>
        <StartDate>2017-06-25</StartDate>
      </OperatingPeriod>
      <OperatingProfile>
        <RegularDayType>
          <DaysOfWeek>
            <MondayToSaturday />
          </DaysOfWeek>
        </RegularDayType>
      </OperatingProfile>
      <RegisteredOperatorRef>O1</RegisteredOperatorRef>
      <StopRequirements>
        <NoNewStopsRequired />
      </StopRequirements>
      <Mode>bus</Mode>
      <Description>Wrexham - Wrexham via Afoneitha</Description>
      <StandardService>
        <Origin>Wrexham</Origin>
        <Destination>Wrexham</Destination>
        <JourneyPattern id="JP1">
          <DestinationDisplay>Wrexham, Bus Station, Bay 5</DestinationDisplay>
          <Direction>outbound</Direction>
          <RouteRef>RT1</RouteRef>
          <JourneyPatternSectionRefs>JPS1</JourneyPatternSectionRefs>
        </JourneyPattern>
      </StandardService>
    </Service>
  </Services>
  <VehicleJourneys>
    <VehicleJourney SequenceNumber="1">
      <PrivateCode>004MFACB3:O:1</PrivateCode>
      <OperatingProfile>
        <RegularDayType>
          <DaysOfWeek>
            <MondayToFriday />
          </DaysOfWeek>
        </RegularDayType>
        <BankHolidayOperation>
          <DaysOfNonOperation>
            <HolidayMondays />
          </DaysOfNonOperation>
        </BankHolidayOperation>
      </OperatingProfile>
      <VehicleJourneyCode>VJ1</VehicleJourneyCode>
      <ServiceRef>WRAO004</ServiceRef>
      <LineRef>SL1</LineRef>
      <JourneyPatternRef>JP1</JourneyPatternRef>
      <DepartureTime>06:38:00</DepartureTime>
    </VehicleJourney>
    <VehicleJourney SequenceNumber="2">
      <PrivateCode>004MFACB3:O:2</PrivateCode>
      <OperatingProfile>
        <RegularDayType>
          <DaysOfWeek>
            <MondayToFriday />
          </DaysOfWeek>
        </RegularDayType>
        <BankHolidayOperation>
          <DaysOfNonOperation>
            <HolidayMondays />
          </DaysOfNonOperation>
        </BankHolidayOperation>
      </OperatingProfile>
      <VehicleJourneyCode>VJ2</VehicleJourneyCode>
      <ServiceRef>WRAO004</ServiceRef>
      <LineRef>SL1</LineRef>
      <JourneyPatternRef>JP1</JourneyPatternRef>
      <DepartureTime>07:08:00</DepartureTime>
    </VehicleJourney>
    <VehicleJourney SequenceNumber="3">
      <PrivateCode>004MFACB3:O:3</PrivateCode>
      <OperatingProfile>
        <RegularDayType>
          <DaysOfWeek>
            <MondayToFriday />
          </DaysOfWeek>
        </RegularDayType>
        <BankHolidayOperation>
          <DaysOfNonOperation>
            <HolidayMondays />
          </DaysOfNonOperation>
        </BankHolidayOperation>
      </OperatingProfile>
      <VehicleJourneyCode>VJ3</VehicleJourneyCode>
      <ServiceRef>WRAO004</ServiceRef>
      <LineRef>SL1</LineRef>
      <JourneyPatternRef>JP1</JourneyPatternRef>
      <DepartureTime>07:38:00</DepartureTime>
    </VehicleJourney>
    <VehicleJourney SequenceNumber="4">
      <PrivateCode>004MFACB3:O:4</PrivateCode>
      <OperatingProfile>
        <RegularDayType>
          <DaysOfWeek>
            <MondayToFriday />
          </DaysOfWeek>
        </RegularDayType>
        <BankHolidayOperation>
          <DaysOfNonOperation>
            <HolidayMondays />
          </DaysOfNonOperation>
        </BankHolidayOperation>
      </OperatingProfile>
      <VehicleJourneyCode>VJ4</VehicleJourneyCode>
      <ServiceRef>WRAO004</ServiceRef>
      <LineRef>SL1</LineRef>
      <JourneyPatternRef>JP1</JourneyPatternRef>
      <DepartureTime>08:08:00</DepartureTime>
    </VehicleJourney>
    <VehicleJourney SequenceNumber="5">
      <PrivateCode>004MFACB3:O:5</PrivateCode>
      <OperatingProfile>
        <RegularDayType>
          <DaysOfWeek>
            <MondayToFriday />
          </DaysOfWeek>
        </RegularDayType>
        <BankHolidayOperation>
          <DaysOfNonOperation>
            <HolidayMondays />
          </DaysOfNonOperation>
        </BankHolidayOperation>
      </OperatingProfile>
      <VehicleJourneyCode>VJ5</VehicleJourneyCode>
      <ServiceRef>WRAO004</ServiceRef>
      <LineRef>SL1</LineRef>
      <JourneyPatternRef>JP1</JourneyPatternRef>
      <DepartureTime>08:38:00</DepartureTime>
    </VehicleJourney>
    <VehicleJourney SequenceNumber="6">
      <PrivateCode>004MFACB3:O:6</PrivateCode>
      <OperatingProfile>
        <RegularDayType>
          <DaysOfWeek>
            <MondayToFriday />
          </DaysOfWeek>
        </RegularDayType>
        <BankHolidayOperation>
          <DaysOfNonOperation>
            <HolidayMondays />
          </DaysOfNonOperation>
        </BankHolidayOperation>
      </OperatingProfile>
      <VehicleJourneyCode>VJ6</VehicleJourneyCode>
      <ServiceRef>WRAO004</ServiceRef>
      <LineRef>SL1</LineRef>
      <JourneyPatternRef>JP1</JourneyPatternRef>
      <DepartureTime>09:08:00</DepartureTime>
    </VehicleJourney>
    <VehicleJourney SequenceNumber="7">
      <PrivateCode>004MFACB3:O:7</PrivateCode>
      <OperatingProfile>
        <RegularDayType>
          <DaysOfWeek>
            <MondayToFriday />
          </DaysOfWeek>
        </RegularDayType>
        <BankHolidayOperation>
          <DaysOfNonOperation>
            <HolidayMondays />
          </DaysOfNonOperation>
        </BankHolidayOperation>
      </OperatingProfile>
      <VehicleJourneyCode>VJ7</VehicleJourneyCode>
      <ServiceRef>WRAO004</ServiceRef>
      <LineRef>SL1</LineRef>
      <JourneyPatternRef>JP1</JourneyPatternRef>
      <DepartureTime>09:38:00</DepartureTime>
    </VehicleJourney>
    <VehicleJourney SequenceNumber="8">
      <PrivateCode>004MFACB3:O:8</PrivateCode>
      <OperatingProfile>
        <RegularDayType>
          <DaysOfWeek>
            <MondayToFriday />
          </DaysOfWeek>
        </RegularDayType>
        <BankHolidayOperation>
          <DaysOfNonOperation>
            <HolidayMondays />
          </DaysOfNonOperation>
        </BankHolidayOperation>
      </OperatingProfile>
      <VehicleJourneyCode>VJ8</VehicleJourneyCode>
      <ServiceRef>WRAO004</ServiceRef>
      <LineRef>SL1</LineRef>
      <JourneyPatternRef>JP1</JourneyPatternRef>
      <DepartureTime>10:08:00</DepartureTime>
    </VehicleJourney>
    <VehicleJourney SequenceNumber="9">
      <PrivateCode>004MFACB3:O:9</PrivateCode>
      <OperatingProfile>
        <RegularDayType>
          <DaysOfWeek>
            <MondayToFriday />
          </DaysOfWeek>
        </RegularDayType>
        <BankHolidayOperation>
          <DaysOfNonOperation>
            <HolidayMondays />
          </DaysOfNonOperation>
        </BankHolidayOperation>
      </OperatingProfile>
      <VehicleJourneyCode>VJ9</VehicleJourneyCode>
      <ServiceRef>WRAO004</ServiceRef>
      <LineRef>SL1</LineRef>
      <JourneyPatternRef>JP1</JourneyPatternRef>
      <DepartureTime>10:38:00</DepartureTime>
    </VehicleJourney>
    <VehicleJourney SequenceNumber="10">
      <PrivateCode>004MFACB3:O:10</PrivateCode>
      <OperatingProfile>
        <RegularDayType>
          <DaysOfWeek>
            <MondayToFriday />
          </DaysOfWeek>
        </RegularDayType>
        <BankHolidayOperation>
          <DaysOfNonOperation>
            <HolidayMondays />
          </DaysOfNonOperation>
        </BankHolidayOperation>
      </OperatingProfile>
      <VehicleJourneyCode>VJ10</VehicleJourneyCode>
      <ServiceRef>WRAO004</ServiceRef>
      <LineRef>SL1</LineRef>
      <JourneyPatternRef>JP1</JourneyPatternRef>
      <DepartureTime>11:08:00</DepartureTime>
    </VehicleJourney>
    <VehicleJourney SequenceNumber="11">
      <PrivateCode>004MFACB3:O:11</PrivateCode>
      <OperatingProfile>
        <RegularDayType>
          <DaysOfWeek>
            <MondayToFriday />
          </DaysOfWeek>
        </RegularDayType>
        <BankHolidayOperation>
          <DaysOfNonOperation>
            <HolidayMondays />
          </DaysOfNonOperation>
        </BankHolidayOperation>
      </OperatingProfile>
      <VehicleJourneyCode>VJ11</VehicleJourneyCode>
      <ServiceRef>WRAO004</ServiceRef>
      <LineRef>SL1</LineRef>
      <JourneyPatternRef>JP1</JourneyPatternRef>
      <DepartureTime>11:38:00</DepartureTime>
    </VehicleJourney>
    <VehicleJourney SequenceNumber="12">
      <PrivateCode>004MFACB3:O:12</PrivateCode>
      <OperatingProfile>
        <RegularDayType>
          <DaysOfWeek>
            <MondayToFriday />
          </DaysOfWeek>
        </RegularDayType>
        <BankHolidayOperation>
          <DaysOfNonOperation>
            <HolidayMondays />
          </DaysOfNonOperation>
        </BankHolidayOperation>
      </OperatingProfile>
      <VehicleJourneyCode>VJ12</VehicleJourneyCode>
      <ServiceRef>WRAO004</ServiceRef>
      <LineRef>SL1</LineRef>
      <JourneyPatternRef>JP1</JourneyPatternRef>
      <DepartureTime>12:08:00</DepartureTime>
    </VehicleJourney>
    <VehicleJourney SequenceNumber="13">
      <PrivateCode>004MFACB3:O:13</PrivateCode>
      <OperatingProfile>
        <RegularDayType>
          <DaysOfWeek>
            <MondayToFriday />
          </DaysOfWeek>
        </RegularDayType>
        <BankHolidayOperation>
          <DaysOfNonOperation>
            <HolidayMondays />
          </DaysOfNonOperation>
        </BankHolidayOperation>
      </OperatingProfile>
      <VehicleJourneyCode>VJ13</VehicleJourneyCode>
      <ServiceRef>WRAO004</ServiceRef>
      <LineRef>SL1</LineRef>
      <JourneyPatternRef>JP1</JourneyPatternRef>
      <DepartureTime>12:38:00</DepartureTime>
    </VehicleJourney>
    <VehicleJourney SequenceNumber="14">
      <PrivateCode>004MFACB3:O:14</PrivateCode>
      <OperatingProfile>
        <RegularDayType>
          <DaysOfWeek>
            <MondayToFriday />
          </DaysOfWeek>
        </RegularDayType>
        <BankHolidayOperation>
          <DaysOfNonOperation>
            <HolidayMondays />
          </DaysOfNonOperation>
        </BankHolidayOperation>
      </OperatingProfile>
      <VehicleJourneyCode>VJ14</VehicleJourneyCode>
      <ServiceRef>WRAO004</ServiceRef>
      <LineRef>SL1</LineRef>
      <JourneyPatternRef>JP1</JourneyPatternRef>
      <DepartureTime>13:08:00</DepartureTime>
    </VehicleJourney>
    <VehicleJourney SequenceNumber="15">
      <PrivateCode>004MFACB3:O:15</PrivateCode>
      <OperatingProfile>
        <RegularDayType>
          <DaysOfWeek>
            <MondayToFriday />
          </DaysOfWeek>
        </RegularDayType>
        <BankHolidayOperation>
          <DaysOfNonOperation>
            <HolidayMondays />
          </DaysOfNonOperation>
        </BankHolidayOperation>
      </OperatingProfile>
      <VehicleJourneyCode>VJ15</VehicleJourneyCode>
      <ServiceRef>WRAO004</ServiceRef>
      <LineRef>SL1</LineRef>
      <JourneyPatternRef>JP1</JourneyPatternRef>
      <DepartureTime>13:38:00</DepartureTime>
    </VehicleJourney>
    <VehicleJourney SequenceNumber="16">
      <PrivateCode>004MFACB3:O:16</PrivateCode>
      <OperatingProfile>
        <RegularDayType>
          <DaysOfWeek>
            <MondayToFriday />
          </DaysOfWeek>
        </RegularDayType>
        <BankHolidayOperation>
          <DaysOfNonOperation>
            <HolidayMondays />
          </DaysOfNonOperation>
        </BankHolidayOperation>
      </OperatingProfile>
      <VehicleJourneyCode>VJ16</VehicleJourneyCode>
      <ServiceRef>WRAO004</ServiceRef>
      <LineRef>SL1</LineRef>
      <JourneyPatternRef>JP1</JourneyPatternRef>
      <DepartureTime>14:08:00</DepartureTime>
    </VehicleJourney>
    <VehicleJourney SequenceNumber="17">
      <PrivateCode>004MFACB3:O:17</PrivateCode>
      <OperatingProfile>
        <RegularDayType>
          <DaysOfWeek>
            <MondayToFriday />
          </DaysOfWeek>
        </RegularDayType>
        <BankHolidayOperation>
          <DaysOfNonOperation>
            <HolidayMondays />
          </DaysOfNonOperation>
        </BankHolidayOperation>
      </OperatingProfile>
      <VehicleJourneyCode>VJ17</VehicleJourneyCode>
      <ServiceRef>WRAO004</ServiceRef>
      <LineRef>SL1</LineRef>
      <JourneyPatternRef>JP1</JourneyPatternRef>
      <DepartureTime>14:38:00</DepartureTime>
    </VehicleJourney>
    <VehicleJourney SequenceNumber="18">
      <PrivateCode>004MFACB3:O:18</PrivateCode>
      <OperatingProfile>
        <RegularDayType>
          <DaysOfWeek>
            <MondayToFriday />
          </DaysOfWeek>
        </RegularDayType>
        <BankHolidayOperation>
          <DaysOfNonOperation>
            <HolidayMondays />
          </DaysOfNonOperation>
        </BankHolidayOperation>
      </OperatingProfile>
      <VehicleJourneyCode>VJ18</VehicleJourneyCode>
      <ServiceRef>WRAO004</ServiceRef>
      <LineRef>SL1</LineRef>
      <JourneyPatternRef>JP1</JourneyPatternRef>
      <DepartureTime>15:08:00</DepartureTime>
    </VehicleJourney>
    <VehicleJourney SequenceNumber="19">
      <PrivateCode>004MFACB3:O:19</PrivateCode>
      <OperatingProfile>
        <RegularDayType>
          <DaysOfWeek>
            <MondayToFriday />
          </DaysOfWeek>
        </RegularDayType>
        <BankHolidayOperation>
          <DaysOfNonOperation>
            <HolidayMondays />
          </DaysOfNonOperation>
        </BankHolidayOperation>
      </OperatingProfile>
      <VehicleJourneyCode>VJ19</VehicleJourneyCode>
      <ServiceRef>WRAO004</ServiceRef>
      <LineRef>SL1</LineRef>
      <JourneyPatternRef>JP1</JourneyPatternRef>
      <DepartureTime>15:38:00</DepartureTime>
    </VehicleJourney>
    <VehicleJourney SequenceNumber="20">
      <PrivateCode>004MFACB3:O:20</PrivateCode>
      <OperatingProfile>
        <RegularDayType>
          <DaysOfWeek>
            <MondayToFriday />
          </DaysOfWeek>
        </RegularDayType>
        <BankHolidayOperation>
          <DaysOfNonOperation>
            <HolidayMondays />
          </DaysOfNonOperation>
        </BankHolidayOperation>
      </OperatingProfile>
      <VehicleJourneyCode>VJ20</VehicleJourneyCode>
      <ServiceRef>WRAO004</ServiceRef>
      <LineRef>SL1</LineRef>
      <JourneyPatternRef>JP1</JourneyPatternRef>
      <DepartureTime>16:08:00</DepartureTime>
    </VehicleJourney>
    <VehicleJourney SequenceNumber="21">
      <PrivateCode>004MFACB3:O:21</PrivateCode>
      <OperatingProfile>
        <RegularDayType>
          <DaysOfWeek>
            <MondayToFriday />
          </DaysOfWeek>
        </RegularDayType>
        <BankHolidayOperation>
          <DaysOfNonOperation>
            <HolidayMondays />
          </DaysOfNonOperation>
        </BankHolidayOperation>
      </OperatingProfile>
      <VehicleJourneyCode>VJ21</VehicleJourneyCode>
      <ServiceRef>WRAO004</ServiceRef>
      <LineRef>SL1</LineRef>
      <JourneyPatternRef>JP1</JourneyPatternRef>
      <DepartureTime>16:38:00</DepartureTime>
    </VehicleJourney>
    <VehicleJourney SequenceNumber="22">
      <PrivateCode>004MFACB3:O:22</PrivateCode>
      <OperatingProfile>
        <RegularDayType>
          <DaysOfWeek>
            <MondayToFriday />
          </DaysOfWeek>
        </RegularDayType>
        <BankHolidayOperation>
          <DaysOfNonOperation>
            <HolidayMondays />
          </DaysOfNonOperation>
        </BankHolidayOperation>
      </OperatingProfile>
      <VehicleJourneyCode>VJ22</VehicleJourneyCode>
      <ServiceRef>WRAO004</ServiceRef>
      <LineRef>SL1</LineRef>
      <JourneyPatternRef>JP1</JourneyPatternRef>
      <DepartureTime>17:08:00</DepartureTime>
    </VehicleJourney>
    <VehicleJourney SequenceNumber="23">
      <PrivateCode>004MFACB3:O:23</PrivateCode>
      <OperatingProfile>
        <RegularDayType>
          <DaysOfWeek>
            <MondayToFriday />
          </DaysOfWeek>
        </RegularDayType>
        <BankHolidayOperation>
          <DaysOfNonOperation>
            <HolidayMondays />
          </DaysOfNonOperation>
        </BankHolidayOperation>
      </OperatingProfile>
      <VehicleJourneyCode>VJ23</VehicleJourneyCode>
      <ServiceRef>WRAO004</ServiceRef>
      <LineRef>SL1</LineRef>
      <JourneyPatternRef>JP1</JourneyPatternRef>
      <DepartureTime>17:38:00</DepartureTime>
    </VehicleJourney>
    <VehicleJourney SequenceNumber="24">
      <PrivateCode>004MFACB3:O:24</PrivateCode>
      <OperatingProfile>
        <RegularDayType>
          <DaysOfWeek>
            <MondayToFriday />
          </DaysOfWeek>
        </RegularDayType>
        <BankHolidayOperation>
          <DaysOfNonOperation>
            <HolidayMondays />
          </DaysOfNonOperation>
        </BankHolidayOperation>
      </OperatingProfile>
      <VehicleJourneyCode>VJ24</VehicleJourneyCode>
      <ServiceRef>WRAO004</ServiceRef>
      <LineRef>SL1</LineRef>
      <JourneyPatternRef>JP1</JourneyPatternRef>
      <DepartureTime>18:08:00</DepartureTime>
    </VehicleJourney>
    <VehicleJourney SequenceNumber="1">
      <PrivateCode>004SAACB3:O:1</PrivateCode>
      <OperatingProfile>
        <RegularDayType>
          <DaysOfWeek>
            <Saturday />
          </DaysOfWeek>
        </RegularDayType>
        <BankHolidayOperation>
          <DaysOfNonOperation>
            <HolidayMondays />
          </DaysOfNonOperation>
        </BankHolidayOperation>
      </OperatingProfile>
      <VehicleJourneyCode>VJ25</VehicleJourneyCode>
      <ServiceRef>WRAO004</ServiceRef>
      <LineRef>SL1</LineRef>
      <JourneyPatternRef>JP1</JourneyPatternRef>
      <DepartureTime>06:38:00</DepartureTime>
    </VehicleJourney>
    <VehicleJourney SequenceNumber="2">
      <PrivateCode>004SAACB3:O:2</PrivateCode>
      <OperatingProfile>
        <RegularDayType>
          <DaysOfWeek>
            <Saturday />
          </DaysOfWeek>
        </RegularDayType>
        <BankHolidayOperation>
          <DaysOfNonOperation>
            <HolidayMondays />
          </DaysOfNonOperation>
        </BankHolidayOperation>
      </OperatingProfile>
      <VehicleJourneyCode>VJ26</VehicleJourneyCode>
      <ServiceRef>WRAO004</ServiceRef>
      <LineRef>SL1</LineRef>
      <JourneyPatternRef>JP1</JourneyPatternRef>
      <DepartureTime>07:38:00</DepartureTime>
    </VehicleJourney>
    <VehicleJourney SequenceNumber="3">
      <PrivateCode>004SAACB3:O:3</PrivateCode>
      <OperatingProfile>
        <RegularDayType>
          <DaysOfWeek>
            <Saturday />
          </DaysOfWeek>
        </RegularDayType>
        <BankHolidayOperation>
          <DaysOfNonOperation>
            <HolidayMondays />
          </DaysOfNonOperation>
        </BankHolidayOperation>
      </OperatingProfile>
      <VehicleJourneyCode>VJ27</VehicleJourneyCode>
      <ServiceRef>WRAO004</ServiceRef>
      <LineRef>SL1</LineRef>
      <JourneyPatternRef>JP1</JourneyPatternRef>
      <DepartureTime>08:08:00</DepartureTime>
    </VehicleJourney>
    <VehicleJourney SequenceNumber="4">
      <PrivateCode>004SAACB3:O:4</PrivateCode>
      <OperatingProfile>
        <RegularDayType>
          <DaysOfWeek>
            <Saturday />
          </DaysOfWeek>
        </RegularDayType>
        <BankHolidayOperation>
          <DaysOfNonOperation>
            <HolidayMondays />
          </DaysOfNonOperation>
        </BankHolidayOperation>
      </OperatingProfile>
      <VehicleJourneyCode>VJ28</VehicleJourneyCode>
      <ServiceRef>WRAO004</ServiceRef>
      <LineRef>SL1</LineRef>
      <JourneyPatternRef>JP1</JourneyPatternRef>
      <DepartureTime>08:38:00</DepartureTime>
    </VehicleJourney>
    <VehicleJourney SequenceNumber="5">
      <PrivateCode>004SAACB3:O:5</PrivateCode>
      <OperatingProfile>
        <RegularDayType>
          <DaysOfWeek>
            <Saturday />
          </DaysOfWeek>
        </RegularDayType>
        <BankHolidayOperation>
          <DaysOfNonOperation>
            <HolidayMondays />
          </DaysOfNonOperation>
        </BankHolidayOperation>
      </OperatingProfile>
      <VehicleJourneyCode>VJ29</VehicleJourneyCode>
      <ServiceRef>WRAO004</ServiceRef>
      <LineRef>SL1</LineRef>
      <JourneyPatternRef>JP1</JourneyPatternRef>
      <DepartureTime>09:08:00</DepartureTime>
    </VehicleJourney>
    <VehicleJourney SequenceNumber="6">
      <PrivateCode>004SAACB3:O:6</PrivateCode>
      <OperatingProfile>
        <RegularDayType>
          <DaysOfWeek>
            <Saturday />
          </DaysOfWeek>
        </RegularDayType>
        <BankHolidayOperation>
          <DaysOfNonOperation>
            <HolidayMondays />
          </DaysOfNonOperation>
        </BankHolidayOperation>
      </OperatingProfile>
      <VehicleJourneyCode>VJ30</VehicleJourneyCode>
      <ServiceRef>WRAO004</ServiceRef>
      <LineRef>SL1</LineRef>
      <JourneyPatternRef>JP1</JourneyPatternRef>
      <DepartureTime>09:38:00</DepartureTime>
    </VehicleJourney>
    <VehicleJourney SequenceNumber="7">
      <PrivateCode>004SAACB3:O:7</PrivateCode>
      <OperatingProfile>
        <RegularDayType>
          <DaysOfWeek>
            <Saturday />
          </DaysOfWeek>
        </RegularDayType>
        <BankHolidayOperation>
          <DaysOfNonOperation>
            <HolidayMondays />
          </DaysOfNonOperation>
        </BankHolidayOperation>
      </OperatingProfile>
      <VehicleJourneyCode>VJ31</VehicleJourneyCode>
      <ServiceRef>WRAO004</ServiceRef>
      <LineRef>SL1</LineRef>
      <JourneyPatternRef>JP1</JourneyPatternRef>
      <DepartureTime>10:08:00</DepartureTime>
    </VehicleJourney>
    <VehicleJourney SequenceNumber="8">
      <PrivateCode>004SAACB3:O:8</PrivateCode>
      <OperatingProfile>
        <RegularDayType>
          <DaysOfWeek>
            <Saturday />
          </DaysOfWeek>
        </RegularDayType>
        <BankHolidayOperation>
          <DaysOfNonOperation>
            <HolidayMondays />
          </DaysOfNonOperation>
        </BankHolidayOperation>
      </OperatingProfile>
      <VehicleJourneyCode>VJ32</VehicleJourneyCode>
      <ServiceRef>WRAO004</ServiceRef>
      <LineRef>SL1</LineRef>
      <JourneyPatternRef>JP1</JourneyPatternRef>
      <DepartureTime>10:38:00</DepartureTime>
    </VehicleJourney>
    <VehicleJourney SequenceNumber="9">
      <PrivateCode>004SAACB3:O:9</PrivateCode>
      <OperatingProfile>
        <RegularDayType>
          <DaysOfWeek>
            <Saturday />
          </DaysOfWeek>
        </RegularDayType>
        <BankHolidayOperation>
          <DaysOfNonOperation>
            <HolidayMondays />
          </DaysOfNonOperation>
        </BankHolidayOperation>
      </OperatingProfile>
      <VehicleJourneyCode>VJ33</VehicleJourneyCode>
      <ServiceRef>WRAO004</ServiceRef>
      <LineRef>SL1</LineRef>
      <JourneyPatternRef>JP1</JourneyPatternRef>
      <DepartureTime>11:08:00</DepartureTime>
    </VehicleJourney>
    <VehicleJourney SequenceNumber="10">
      <PrivateCode>004SAACB3:O:10</PrivateCode>
      <OperatingProfile>
        <RegularDayType>
          <DaysOfWeek>
            <Saturday />
          </DaysOfWeek>
        </RegularDayType>
        <BankHolidayOperation>
          <DaysOfNonOperation>
            <HolidayMondays />
          </DaysOfNonOperation>
        </BankHolidayOperation>
      </OperatingProfile>
      <VehicleJourneyCode>VJ34</VehicleJourneyCode>
      <ServiceRef>WRAO004</ServiceRef>
      <LineRef>SL1</LineRef>
      <JourneyPatternRef>JP1</JourneyPatternRef>
      <DepartureTime>11:38:00</DepartureTime>
    </VehicleJourney>
    <VehicleJourney SequenceNumber="11">
      <PrivateCode>004SAACB3:O:11</PrivateCode>
      <OperatingProfile>
        <RegularDayType>
          <DaysOfWeek>
            <Saturday />
          </DaysOfWeek>
        </RegularDayType>
        <BankHolidayOperation>
          <DaysOfNonOperation>
            <HolidayMondays />
          </DaysOfNonOperation>
        </BankHolidayOperation>
      </OperatingProfile>
      <VehicleJourneyCode>VJ35</VehicleJourneyCode>
      <ServiceRef>WRAO004</ServiceRef>
      <LineRef>SL1</LineRef>
      <JourneyPatternRef>JP1</JourneyPatternRef>
      <DepartureTime>12:08:00</DepartureTime>
    </VehicleJourney>
    <VehicleJourney SequenceNumber="12">
      <PrivateCode>004SAACB3:O:12</PrivateCode>
      <OperatingProfile>
        <RegularDayType>
          <DaysOfWeek>
            <Saturday />
          </DaysOfWeek>
        </RegularDayType>
        <BankHolidayOperation>
          <DaysOfNonOperation>
            <HolidayMondays />
          </DaysOfNonOperation>
        </BankHolidayOperation>
      </OperatingProfile>
      <VehicleJourneyCode>VJ36</VehicleJourneyCode>
      <ServiceRef>WRAO004</ServiceRef>
      <LineRef>SL1</LineRef>
      <JourneyPatternRef>JP1</JourneyPatternRef>
      <DepartureTime>12:38:00</DepartureTime>
    </VehicleJourney>
    <VehicleJourney SequenceNumber="13">
      <PrivateCode>004SAACB3:O:13</PrivateCode>
      <OperatingProfile>
        <RegularDayType>
          <DaysOfWeek>
            <Saturday />
          </DaysOfWeek>
        </RegularDayType>
        <BankHolidayOperation>
          <DaysOfNonOperation>
            <HolidayMondays />
          </DaysOfNonOperation>
        </BankHolidayOperation>
      </OperatingProfile>
      <VehicleJourneyCode>VJ37</VehicleJourneyCode>
      <ServiceRef>WRAO004</ServiceRef>
      <LineRef>SL1</LineRef>
      <JourneyPatternRef>JP1</JourneyPatternRef>
      <DepartureTime>13:08:00</DepartureTime>
    </VehicleJourney>
    <VehicleJourney SequenceNumber="14">
      <PrivateCode>004SAACB3:O:14</PrivateCode>
      <OperatingProfile>
        <RegularDayType>
          <DaysOfWeek>
            <Saturday />
          </DaysOfWeek>
        </RegularDayType>
        <BankHolidayOperation>
          <DaysOfNonOperation>
            <HolidayMondays />
          </DaysOfNonOperation>
        </BankHolidayOperation>
      </OperatingProfile>
      <VehicleJourneyCode>VJ38</VehicleJourneyCode>
      <ServiceRef>WRAO004</ServiceRef>
      <LineRef>SL1</LineRef>
      <JourneyPatternRef>JP1</JourneyPatternRef>
      <DepartureTime>13:38:00</DepartureTime>
    </VehicleJourney>
    <VehicleJourney SequenceNumber="15">
      <PrivateCode>004SAACB3:O:15</PrivateCode>
      <OperatingProfile>
        <RegularDayType>
          <DaysOfWeek>
            <Saturday />
          </DaysOfWeek>
        </RegularDayType>
        <BankHolidayOperation>
          <DaysOfNonOperation>
            <HolidayMondays />
          </DaysOfNonOperation>
        </BankHolidayOperation>
      </OperatingProfile>
      <VehicleJourneyCode>VJ39</VehicleJourneyCode>
      <ServiceRef>WRAO004</ServiceRef>
      <LineRef>SL1</LineRef>
      <JourneyPatternRef>JP1</JourneyPatternRef>
      <DepartureTime>14:08:00</DepartureTime>
    </VehicleJourney>
    <VehicleJourney SequenceNumber="16">
      <PrivateCode>004SAACB3:O:16</PrivateCode>
      <OperatingProfile>
        <RegularDayType>
          <DaysOfWeek>
            <Saturday />
          </DaysOfWeek>
        </RegularDayType>
        <BankHolidayOperation>
          <DaysOfNonOperation>
            <HolidayMondays />
          </DaysOfNonOperation>
        </BankHolidayOperation>
      </OperatingProfile>
      <VehicleJourneyCode>VJ40</VehicleJourneyCode>
      <ServiceRef>WRAO004</ServiceRef>
      <LineRef>SL1</LineRef>
      <JourneyPatternRef>JP1</JourneyPatternRef>
      <DepartureTime>14:38:00</DepartureTime>
    </VehicleJourney>
    <VehicleJourney SequenceNumber="17">
      <PrivateCode>004SAACB3:O:17</PrivateCode>
      <OperatingProfile>
        <RegularDayType>
          <DaysOfWeek>
            <Saturday />
          </DaysOfWeek>
        </RegularDayType>
        <BankHolidayOperation>
          <DaysOfNonOperation>
            <HolidayMondays />
          </DaysOfNonOperation>
        </BankHolidayOperation>
      </OperatingProfile>
      <VehicleJourneyCode>VJ41</VehicleJourneyCode>
      <ServiceRef>WRAO004</ServiceRef>
      <LineRef>SL1</LineRef>
      <JourneyPatternRef>JP1</JourneyPatternRef>
      <DepartureTime>15:08:00</DepartureTime>
    </VehicleJourney>
    <VehicleJourney SequenceNumber="18">
      <PrivateCode>004SAACB3:O:18</PrivateCode>
      <OperatingProfile>
        <RegularDayType>
          <DaysOfWeek>
            <Saturday />
          </DaysOfWeek>
        </RegularDayType>
        <BankHolidayOperation>
          <DaysOfNonOperation>
            <HolidayMondays />
          </DaysOfNonOperation>
        </BankHolidayOperation>
      </OperatingProfile>
      <VehicleJourneyCode>VJ42</VehicleJourneyCode>
      <ServiceRef>WRAO004</ServiceRef>
      <LineRef>SL1</LineRef>
      <JourneyPatternRef>JP1</JourneyPatternRef>
      <DepartureTime>15:38:00</DepartureTime>
    </VehicleJourney>
    <VehicleJourney SequenceNumber="19">
      <PrivateCode>004SAACB3:O:19</PrivateCode>
      <OperatingProfile>
        <RegularDayType>
          <DaysOfWeek>
            <Saturday />
          </DaysOfWeek>
        </RegularDayType>
        <BankHolidayOperation>
          <DaysOfNonOperation>
            <HolidayMondays />
          </DaysOfNonOperation>
        </BankHolidayOperation>
      </OperatingProfile>
      <VehicleJourneyCode>VJ43</VehicleJourneyCode>
      <ServiceRef>WRAO004</ServiceRef>
      <LineRef>SL1</LineRef>
      <JourneyPatternRef>JP1</JourneyPatternRef>
      <DepartureTime>16:08:00</DepartureTime>
    </VehicleJourney>
    <VehicleJourney SequenceNumber="20">
      <PrivateCode>004SAACB3:O:20</PrivateCode>
      <OperatingProfile>
        <RegularDayType>
          <DaysOfWeek>
            <Saturday />
          </DaysOfWeek>
        </RegularDayType>
        <BankHolidayOperation>
          <DaysOfNonOperation>
            <HolidayMondays />
          </DaysOfNonOperation>
        </BankHolidayOperation>
      </OperatingProfile>
      <VehicleJourneyCode>VJ44</VehicleJourneyCode>
      <ServiceRef>WRAO004</ServiceRef>
      <LineRef>SL1</LineRef>
      <JourneyPatternRef>JP1</JourneyPatternRef>
      <DepartureTime>16:38:00</DepartureTime>
    </VehicleJourney>
    <VehicleJourney SequenceNumber="21">
      <PrivateCode>004SAACB3:O:21</PrivateCode>
      <OperatingProfile>
        <RegularDayType>
          <DaysOfWeek>
            <Saturday />
          </DaysOfWeek>
        </RegularDayType>
        <BankHolidayOperation>
          <DaysOfNonOperation>
            <HolidayMondays />
          </DaysOfNonOperation>
        </BankHolidayOperation>
      </OperatingProfile>
      <VehicleJourneyCode>VJ45</VehicleJourneyCode>
      <ServiceRef>WRAO004</ServiceRef>
      <LineRef>SL1</LineRef>
      <JourneyPatternRef>JP1</JourneyPatternRef>
      <DepartureTime>17:08:00</DepartureTime>
    </VehicleJourney>
    <VehicleJourney SequenceNumber="22">
      <PrivateCode>004SAACB3:O:22</PrivateCode>
      <OperatingProfile>
        <RegularDayType>
          <DaysOfWeek>
            <Saturday />
          </DaysOfWeek>
        </RegularDayType>
        <BankHolidayOperation>
          <DaysOfNonOperation>
            <HolidayMondays />
          </DaysOfNonOperation>
        </BankHolidayOperation>
      </OperatingProfile>
      <VehicleJourneyCode>VJ46</VehicleJourneyCode>
      <ServiceRef>WRAO004</ServiceRef>
      <LineRef>SL1</LineRef>
      <JourneyPatternRef>JP1</JourneyPatternRef>
      <DepartureTime>17:38:00</DepartureTime>
    </VehicleJourney>
    <VehicleJourney SequenceNumber="23">
      <PrivateCode>004SAACB3:O:23</PrivateCode>
      <OperatingProfile>
        <RegularDayType>
          <DaysOfWeek>
            <Saturday />
          </DaysOfWeek>
        </RegularDayType>
        <BankHolidayOperation>
          <DaysOfNonOperation>
            <HolidayMondays />
          </DaysOfNonOperation>
        </BankHolidayOperation>
      </OperatingProfile>
      <VehicleJourneyCode>VJ47</VehicleJourneyCode>
      <ServiceRef>WRAO004</ServiceRef>
      <LineRef>SL1</LineRef>
      <JourneyPatternRef>JP1</JourneyPatternRef>
      <DepartureTime>18:08:00</DepartureTime>
    </VehicleJourney>
  </VehicleJourneys>
</TransXChange>