<?xml version="1.0" encoding="utf-8"?>
<TransXChange xmlns:xsd="http://www.w3.org/2001/XMLSchema" xmlns:xsi="http://www.w3.org/2001/XMLSchema-instance" xsi:schemaLocation="http://www.transxchange.org.uk/ http://www.transxchange.org.uk/schema/2.1/TransXChange_general.xsd" CreationDateTime="2017-09-25T12:54:52" ModificationDateTime="2017-09-25T12:54:52" Modification="revise" RevisionNumber="1" FileName="ArrivaCymru16-ConwyMarina-ConwyMarinaConwyFeast_TXC_2017925-1254_ACAO016.xml" SchemaVersion="2.1" RegistrationDocument="false" xmlns="http://www.transxchange.org.uk/">
  <StopPoints>
    <AnnotatedStopPointRef>
      <StopPointRef>5130AWD70280</StopPointRef>
      <CommonName>Conwy, Marina</CommonName>
    </AnnotatedStopPointRef>
    <AnnotatedStopPointRef>
      <StopPointRef>5130AWD70286</StopPointRef>
      <CommonName>Conwy, Town Ditch Q</CommonName>
    </AnnotatedStopPointRef>
    <AnnotatedStopPointRef>
      <StopPointRef>5130AWD70287</StopPointRef>
      <CommonName>Conwy, Castle Square, Stop R</CommonName>
    </AnnotatedStopPointRef>
    <AnnotatedStopPointRef>
      <StopPointRef>5130AWD70289</StopPointRef>
      <CommonName>Conwy, Railway Station, Stop M</CommonName>
    </AnnotatedStopPointRef>
  </StopPoints>
  <RouteSections>
    <RouteSection id="RS1">
      <RouteLink id="RL1">
        <From>
          <StopPointRef>5130AWD70280</StopPointRef>
        </From>
        <To>
          <StopPointRef>5130AWD70286</StopPointRef>
        </To>
        <Distance>2650</Distance>
        <Direction>outbound</Direction>
      </RouteLink>
      <RouteLink id="RL2">
        <From>
          <StopPointRef>5130AWD70286</StopPointRef>
        </From>
        <To>
          <StopPointRef>5130AWD70287</StopPointRef>
        </To>
        <Distance>400</Distance>
        <Direction>outbound</Direction>
      </RouteLink>
      <RouteLink id="RL3">
        <From>
          <StopPointRef>5130AWD70287</StopPointRef>
        </From>
        <To>
          <StopPointRef>5130AWD70289</StopPointRef>
        </To>
        <Distance>270</Distance>
        <Direction>outbound</Direction>
      </RouteLink>
      <RouteLink id="RL4">
        <From>
          <StopPointRef>5130AWD70289</StopPointRef>
        </From>
        <To>
          <StopPointRef>5130AWD70280</StopPointRef>
        </To>
        <Distance>2790</Distance>
        <Direction>outbound</Direction>
      </RouteLink>
    </RouteSection>
  </RouteSections>
  <Routes>
    <Route id="RT1">
      <Description>Conwy, Marina - Conwy, Marina</Description>
      <RouteSectionRef>RS1</RouteSectionRef>
    </Route>
  </Routes>
  <JourneyPatternSections>
    <JourneyPatternSection id="JPS1">
      <JourneyPatternTimingLink id="JPTL1">
        <From SequenceNumber="1">
          <StopPointRef>5130AWD70280</StopPointRef>
          <TimingStatus>PTP</TimingStatus>
        </From>
        <To SequenceNumber="2">
          <StopPointRef>5130AWD70286</StopPointRef>
          <TimingStatus>OTH</TimingStatus>
        </To>
        <RouteLinkRef>RL1</RouteLinkRef>
        <RunTime>PT8M</RunTime>
      </JourneyPatternTimingLink>
      <JourneyPatternTimingLink id="JPTL2">
        <From SequenceNumber="2">
          <StopPointRef>5130AWD70286</StopPointRef>
          <TimingStatus>OTH</TimingStatus>
        </From>
        <To SequenceNumber="3">
          <StopPointRef>5130AWD70287</StopPointRef>
          <TimingStatus>PTP</TimingStatus>
        </To>
        <RouteLinkRef>RL2</RouteLinkRef>
        <RunTime>PT2M</RunTime>
      </JourneyPatternTimingLink>
      <JourneyPatternTimingLink id="JPTL3">
        <From SequenceNumber="3">
          <StopPointRef>5130AWD70287</StopPointRef>
          <TimingStatus>PTP</TimingStatus>
        </From>
        <To SequenceNumber="4">
          <StopPointRef>5130AWD70289</StopPointRef>
          <TimingStatus>OTH</TimingStatus>
        </To>
        <RouteLinkRef>RL3</RouteLinkRef>
        <RunTime>PT0S</RunTime>
      </JourneyPatternTimingLink>
      <JourneyPatternTimingLink id="JPTL4">
        <From SequenceNumber="4">
          <StopPointRef>5130AWD70289</StopPointRef>
          <TimingStatus>OTH</TimingStatus>
        </From>
        <To SequenceNumber="5">
          <StopPointRef>5130AWD70280</StopPointRef>
          <TimingStatus>PTP</TimingStatus>
        </To>
        <RouteLinkRef>RL4</RouteLinkRef>
        <RunTime>PT10M</RunTime>
      </JourneyPatternTimingLink>
    </JourneyPatternSection>
  </JourneyPatternSections>
  <Operators>
    <Operator id="O1">
      <NationalOperatorCode>ACYM</NationalOperatorCode>
      <OperatorCode>ACYM</OperatorCode>
      <OperatorShortName>Arriva Cymru</OperatorShortName>
    </Operator>
  </Operators>
  <Services>
    <Service>
      <ServiceCode>ACAO016</ServiceCode>
      <PrivateCode>ACAO016</PrivateCode>
      <Lines>
        <Line id="SL1">
          <LineName>16</LineName>
        </Line>
      </Lines>
      <OperatingPeriod>
        <StartDate>2017-10-28</StartDate>
        <EndDate>2017-10-30</EndDate>
      </OperatingPeriod>
      <OperatingProfile>
        <RegularDayType>
          <DaysOfWeek>
            <Weekend />
          </DaysOfWeek>
        </RegularDayType>
      </OperatingProfile>
      <RegisteredOperatorRef>O1</RegisteredOperatorRef>
      <StopRequirements>
        <NoNewStopsRequired />
      </StopRequirements>
      <Mode>bus</Mode>
      <Description>Conwy Marina - Conwy Marina via Conwy Feast</Description>
      <StandardService>
        <Origin>Conwy Marina</Origin>
        <Destination>Conwy Marina</Destination>
        <JourneyPattern id="JP1">
          <DestinationDisplay>Conwy, Marina</DestinationDisplay>
          <Direction>outbound</Direction>
          <RouteRef>RT1</RouteRef>
          <JourneyPatternSectionRefs>JPS1</JourneyPatternSectionRefs>
        </JourneyPattern>
      </StandardService>
    </Service>
  </Services>
  <VehicleJourneys>
    <VehicleJourney SequenceNumber="1">
      <PrivateCode>016SAACA2:O:1</PrivateCode>
      <OperatingProfile>
        <RegularDayType>
          <DaysOfWeek>
            <Saturday />
          </DaysOfWeek>
        </RegularDayType>
        <BankHolidayOperation>
          <DaysOfNonOperation>
            <HolidayMondays />
          </DaysOfNonOperation>
        </BankHolidayOperation>
      </OperatingProfile>
      <VehicleJourneyCode>VJ1</VehicleJourneyCode>
      <ServiceRef>ACAO016</ServiceRef>
      <LineRef>SL1</LineRef>
      <JourneyPatternRef>JP1</JourneyPatternRef>
      <DepartureTime>09:00:00</DepartureTime>
    </VehicleJourney>
    <VehicleJourney SequenceNumber="2">
      <PrivateCode>016SAACA2:O:2</PrivateCode>
      <OperatingProfile>
        <RegularDayType>
          <DaysOfWeek>
            <Saturday />
          </DaysOfWeek>
        </RegularDayType>
        <BankHolidayOperation>
          <DaysOfNonOperation>
            <HolidayMondays />
          </DaysOfNonOperation>
        </BankHolidayOperation>
      </OperatingProfile>
      <VehicleJourneyCode>VJ2</VehicleJourneyCode>
      <ServiceRef>ACAO016</ServiceRef>
      <LineRef>SL1</LineRef>
      <JourneyPatternRef>JP1</JourneyPatternRef>
      <DepartureTime>09:15:00</DepartureTime>
    </VehicleJourney>
    <VehicleJourney SequenceNumber="3">
      <PrivateCode>016SAACA2:O:3</PrivateCode>
      <OperatingProfile>
        <RegularDayType>
          <DaysOfWeek>
            <Saturday />
          </DaysOfWeek>
        </RegularDayType>
        <BankHolidayOperation>
          <DaysOfNonOperation>
            <HolidayMondays />
          </DaysOfNonOperation>
        </BankHolidayOperation>
      </OperatingProfile>
      <VehicleJourneyCode>VJ3</VehicleJourneyCode>
      <ServiceRef>ACAO016</ServiceRef>
      <LineRef>SL1</LineRef>
      <JourneyPatternRef>JP1</JourneyPatternRef>
      <DepartureTime>09:30:00</DepartureTime>
    </VehicleJourney>
    <VehicleJourney SequenceNumber="4">
      <PrivateCode>016SAACA2:O:4</PrivateCode>
      <OperatingProfile>
        <RegularDayType>
          <DaysOfWeek>
            <Saturday />
          </DaysOfWeek>
        </RegularDayType>
        <BankHolidayOperation>
          <DaysOfNonOperation>
            <HolidayMondays />
          </DaysOfNonOperation>
        </BankHolidayOperation>
      </OperatingProfile>
      <VehicleJourneyCode>VJ4</VehicleJourneyCode>
      <ServiceRef>ACAO016</ServiceRef>
      <LineRef>SL1</LineRef>
      <JourneyPatternRef>JP1</JourneyPatternRef>
      <DepartureTime>09:45:00</DepartureTime>
    </VehicleJourney>
    <VehicleJourney SequenceNumber="5">
      <PrivateCode>016SAACA2:O:5</PrivateCode>
      <OperatingProfile>
        <RegularDayType>
          <DaysOfWeek>
            <Saturday />
          </DaysOfWeek>
        </RegularDayType>
        <BankHolidayOperation>
          <DaysOfNonOperation>
            <HolidayMondays />
          </DaysOfNonOperation>
        </BankHolidayOperation>
      </OperatingProfile>
      <VehicleJourneyCode>VJ5</VehicleJourneyCode>
      <ServiceRef>ACAO016</ServiceRef>
      <LineRef>SL1</LineRef>
      <JourneyPatternRef>JP1</JourneyPatternRef>
      <DepartureTime>10:00:00</DepartureTime>
    </VehicleJourney>
    <VehicleJourney SequenceNumber="6">
      <PrivateCode>016SAACA2:O:6</PrivateCode>
      <OperatingProfile>
        <RegularDayType>
          <DaysOfWeek>
            <Saturday />
          </DaysOfWeek>
        </RegularDayType>
        <BankHolidayOperation>
          <DaysOfNonOperation>
            <HolidayMondays />
          </DaysOfNonOperation>
        </BankHolidayOperation>
      </OperatingProfile>
      <VehicleJourneyCode>VJ6</VehicleJourneyCode>
      <ServiceRef>ACAO016</ServiceRef>
      <LineRef>SL1</LineRef>
      <JourneyPatternRef>JP1</JourneyPatternRef>
      <DepartureTime>10:15:00</DepartureTime>
    </VehicleJourney>
    <VehicleJourney SequenceNumber="7">
      <PrivateCode>016SAACA2:O:7</PrivateCode>
      <OperatingProfile>
        <RegularDayType>
          <DaysOfWeek>
            <Saturday />
          </DaysOfWeek>
        </RegularDayType>
        <BankHolidayOperation>
          <DaysOfNonOperation>
            <HolidayMondays />
          </DaysOfNonOperation>
        </BankHolidayOperation>
      </OperatingProfile>
      <VehicleJourneyCode>VJ7</VehicleJourneyCode>
      <ServiceRef>ACAO016</ServiceRef>
      <LineRef>SL1</LineRef>
      <JourneyPatternRef>JP1</JourneyPatternRef>
      <DepartureTime>10:30:00</DepartureTime>
    </VehicleJourney>
    <VehicleJourney SequenceNumber="8">
      <PrivateCode>016SAACA2:O:8</PrivateCode>
      <OperatingProfile>
        <RegularDayType>
          <DaysOfWeek>
            <Saturday />
          </DaysOfWeek>
        </RegularDayType>
        <BankHolidayOperation>
          <DaysOfNonOperation>
            <HolidayMondays />
          </DaysOfNonOperation>
        </BankHolidayOperation>
      </OperatingProfile>
      <VehicleJourneyCode>VJ8</VehicleJourneyCode>
      <ServiceRef>ACAO016</ServiceRef>
      <LineRef>SL1</LineRef>
      <JourneyPatternRef>JP1</JourneyPatternRef>
      <DepartureTime>10:45:00</DepartureTime>
    </VehicleJourney>
    <VehicleJourney SequenceNumber="9">
      <PrivateCode>016SAACA2:O:9</PrivateCode>
      <OperatingProfile>
        <RegularDayType>
          <DaysOfWeek>
            <Saturday />
          </DaysOfWeek>
        </RegularDayType>
        <BankHolidayOperation>
          <DaysOfNonOperation>
            <HolidayMondays />
          </DaysOfNonOperation>
        </BankHolidayOperation>
      </OperatingProfile>
      <VehicleJourneyCode>VJ9</VehicleJourneyCode>
      <ServiceRef>ACAO016</ServiceRef>
      <LineRef>SL1</LineRef>
      <JourneyPatternRef>JP1</JourneyPatternRef>
      <DepartureTime>11:00:00</DepartureTime>
    </VehicleJourney>
    <VehicleJourney SequenceNumber="10">
      <PrivateCode>016SAACA2:O:10</PrivateCode>
      <OperatingProfile>
        <RegularDayType>
          <DaysOfWeek>
            <Saturday />
          </DaysOfWeek>
        </RegularDayType>
        <BankHolidayOperation>
          <DaysOfNonOperation>
            <HolidayMondays />
          </DaysOfNonOperation>
        </BankHolidayOperation>
      </OperatingProfile>
      <VehicleJourneyCode>VJ10</VehicleJourneyCode>
      <ServiceRef>ACAO016</ServiceRef>
      <LineRef>SL1</LineRef>
      <JourneyPatternRef>JP1</JourneyPatternRef>
      <DepartureTime>11:15:00</DepartureTime>
    </VehicleJourney>
    <VehicleJourney SequenceNumber="11">
      <PrivateCode>016SAACA2:O:11</PrivateCode>
      <OperatingProfile>
        <RegularDayType>
          <DaysOfWeek>
            <Saturday />
          </DaysOfWeek>
        </RegularDayType>
        <BankHolidayOperation>
          <DaysOfNonOperation>
            <HolidayMondays />
          </DaysOfNonOperation>
        </BankHolidayOperation>
      </OperatingProfile>
      <VehicleJourneyCode>VJ11</VehicleJourneyCode>
      <ServiceRef>ACAO016</ServiceRef>
      <LineRef>SL1</LineRef>
      <JourneyPatternRef>JP1</JourneyPatternRef>
      <DepartureTime>11:30:00</DepartureTime>
    </VehicleJourney>
    <VehicleJourney SequenceNumber="12">
      <PrivateCode>016SAACA2:O:12</PrivateCode>
      <OperatingProfile>
        <RegularDayType>
          <DaysOfWeek>
            <Saturday />
          </DaysOfWeek>
        </RegularDayType>
        <BankHolidayOperation>
          <DaysOfNonOperation>
            <HolidayMondays />
          </DaysOfNonOperation>
        </BankHolidayOperation>
      </OperatingProfile>
      <VehicleJourneyCode>VJ12</VehicleJourneyCode>
      <ServiceRef>ACAO016</ServiceRef>
      <LineRef>SL1</LineRef>
      <JourneyPatternRef>JP1</JourneyPatternRef>
      <DepartureTime>11:45:00</DepartureTime>
    </VehicleJourney>
    <VehicleJourney SequenceNumber="13">
      <PrivateCode>016SAACA2:O:13</PrivateCode>
      <OperatingProfile>
        <RegularDayType>
          <DaysOfWeek>
            <Saturday />
          </DaysOfWeek>
        </RegularDayType>
        <BankHolidayOperation>
          <DaysOfNonOperation>
            <HolidayMondays />
          </DaysOfNonOperation>
        </BankHolidayOperation>
      </OperatingProfile>
      <VehicleJourneyCode>VJ13</VehicleJourneyCode>
      <ServiceRef>ACAO016</ServiceRef>
      <LineRef>SL1</LineRef>
      <JourneyPatternRef>JP1</JourneyPatternRef>
      <DepartureTime>12:00:00</DepartureTime>
    </VehicleJourney>
    <VehicleJourney SequenceNumber="14">
      <PrivateCode>016SAACA2:O:14</PrivateCode>
      <OperatingProfile>
        <RegularDayType>
          <DaysOfWeek>
            <Saturday />
          </DaysOfWeek>
        </RegularDayType>
        <BankHolidayOperation>
          <DaysOfNonOperation>
            <HolidayMondays />
          </DaysOfNonOperation>
        </BankHolidayOperation>
      </OperatingProfile>
      <VehicleJourneyCode>VJ14</VehicleJourneyCode>
      <ServiceRef>ACAO016</ServiceRef>
      <LineRef>SL1</LineRef>
      <JourneyPatternRef>JP1</JourneyPatternRef>
      <DepartureTime>12:15:00</DepartureTime>
    </VehicleJourney>
    <VehicleJourney SequenceNumber="15">
      <PrivateCode>016SAACA2:O:15</PrivateCode>
      <OperatingProfile>
        <RegularDayType>
          <DaysOfWeek>
            <Saturday />
          </DaysOfWeek>
        </RegularDayType>
        <BankHolidayOperation>
          <DaysOfNonOperation>
            <HolidayMondays />
          </DaysOfNonOperation>
        </BankHolidayOperation>
      </OperatingProfile>
      <VehicleJourneyCode>VJ15</VehicleJourneyCode>
      <ServiceRef>ACAO016</ServiceRef>
      <LineRef>SL1</LineRef>
      <JourneyPatternRef>JP1</JourneyPatternRef>
      <DepartureTime>12:30:00</DepartureTime>
    </VehicleJourney>
    <VehicleJourney SequenceNumber="16">
      <PrivateCode>016SAACA2:O:16</PrivateCode>
      <OperatingProfile>
        <RegularDayType>
          <DaysOfWeek>
            <Saturday />
          </DaysOfWeek>
        </RegularDayType>
        <BankHolidayOperation>
          <DaysOfNonOperation>
            <HolidayMondays />
          </DaysOfNonOperation>
        </BankHolidayOperation>
      </OperatingProfile>
      <VehicleJourneyCode>VJ16</VehicleJourneyCode>
      <ServiceRef>ACAO016</ServiceRef>
      <LineRef>SL1</LineRef>
      <JourneyPatternRef>JP1</JourneyPatternRef>
      <DepartureTime>12:45:00</DepartureTime>
    </VehicleJourney>
    <VehicleJourney SequenceNumber="17">
      <PrivateCode>016SAACA2:O:17</PrivateCode>
      <OperatingProfile>
        <RegularDayType>
          <DaysOfWeek>
            <Saturday />
          </DaysOfWeek>
        </RegularDayType>
        <BankHolidayOperation>
          <DaysOfNonOperation>
            <HolidayMondays />
          </DaysOfNonOperation>
        </BankHolidayOperation>
      </OperatingProfile>
      <VehicleJourneyCode>VJ17</VehicleJourneyCode>
      <ServiceRef>ACAO016</ServiceRef>
      <LineRef>SL1</LineRef>
      <JourneyPatternRef>JP1</JourneyPatternRef>
      <DepartureTime>13:00:00</DepartureTime>
    </VehicleJourney>
    <VehicleJourney SequenceNumber="18">
      <PrivateCode>016SAACA2:O:18</PrivateCode>
      <OperatingProfile>
        <RegularDayType>
          <DaysOfWeek>
            <Saturday />
          </DaysOfWeek>
        </RegularDayType>
        <BankHolidayOperation>
          <DaysOfNonOperation>
            <HolidayMondays />
          </DaysOfNonOperation>
        </BankHolidayOperation>
      </OperatingProfile>
      <VehicleJourneyCode>VJ18</VehicleJourneyCode>
      <ServiceRef>ACAO016</ServiceRef>
      <LineRef>SL1</LineRef>
      <JourneyPatternRef>JP1</JourneyPatternRef>
      <DepartureTime>13:15:00</DepartureTime>
    </VehicleJourney>
    <VehicleJourney SequenceNumber="19">
      <PrivateCode>016SAACA2:O:19</PrivateCode>
      <OperatingProfile>
        <RegularDayType>
          <DaysOfWeek>
            <Saturday />
          </DaysOfWeek>
        </RegularDayType>
        <BankHolidayOperation>
          <DaysOfNonOperation>
            <HolidayMondays />
          </DaysOfNonOperation>
        </BankHolidayOperation>
      </OperatingProfile>
      <VehicleJourneyCode>VJ19</VehicleJourneyCode>
      <ServiceRef>ACAO016</ServiceRef>
      <LineRef>SL1</LineRef>
      <JourneyPatternRef>JP1</JourneyPatternRef>
      <DepartureTime>13:30:00</DepartureTime>
    </VehicleJourney>
    <VehicleJourney SequenceNumber="20">
      <PrivateCode>016SAACA2:O:20</PrivateCode>
      <OperatingProfile>
        <RegularDayType>
          <DaysOfWeek>
            <Saturday />
          </DaysOfWeek>
        </RegularDayType>
        <BankHolidayOperation>
          <DaysOfNonOperation>
            <HolidayMondays />
          </DaysOfNonOperation>
        </BankHolidayOperation>
      </OperatingProfile>
      <VehicleJourneyCode>VJ20</VehicleJourneyCode>
      <ServiceRef>ACAO016</ServiceRef>
      <LineRef>SL1</LineRef>
      <JourneyPatternRef>JP1</JourneyPatternRef>
      <DepartureTime>13:45:00</DepartureTime>
    </VehicleJourney>
    <VehicleJourney SequenceNumber="21">
      <PrivateCode>016SAACA2:O:21</PrivateCode>
      <OperatingProfile>
        <RegularDayType>
          <DaysOfWeek>
            <Saturday />
          </DaysOfWeek>
        </RegularDayType>
        <BankHolidayOperation>
          <DaysOfNonOperation>
            <HolidayMondays />
          </DaysOfNonOperation>
        </BankHolidayOperation>
      </OperatingProfile>
      <VehicleJourneyCode>VJ21</VehicleJourneyCode>
      <ServiceRef>ACAO016</ServiceRef>
      <LineRef>SL1</LineRef>
      <JourneyPatternRef>JP1</JourneyPatternRef>
      <DepartureTime>14:00:00</DepartureTime>
    </VehicleJourney>
    <VehicleJourney SequenceNumber="22">
      <PrivateCode>016SAACA2:O:22</PrivateCode>
      <OperatingProfile>
        <RegularDayType>
          <DaysOfWeek>
            <Saturday />
          </DaysOfWeek>
        </RegularDayType>
        <BankHolidayOperation>
          <DaysOfNonOperation>
            <HolidayMondays />
          </DaysOfNonOperation>
        </BankHolidayOperation>
      </OperatingProfile>
      <VehicleJourneyCode>VJ22</VehicleJourneyCode>
      <ServiceRef>ACAO016</ServiceRef>
      <LineRef>SL1</LineRef>
      <JourneyPatternRef>JP1</JourneyPatternRef>
      <DepartureTime>14:15:00</DepartureTime>
    </VehicleJourney>
    <VehicleJourney SequenceNumber="23">
      <PrivateCode>016SAACA2:O:23</PrivateCode>
      <OperatingProfile>
        <RegularDayType>
          <DaysOfWeek>
            <Saturday />
          </DaysOfWeek>
        </RegularDayType>
        <BankHolidayOperation>
          <DaysOfNonOperation>
            <HolidayMondays />
          </DaysOfNonOperation>
        </BankHolidayOperation>
      </OperatingProfile>
      <VehicleJourneyCode>VJ23</VehicleJourneyCode>
      <ServiceRef>ACAO016</ServiceRef>
      <LineRef>SL1</LineRef>
      <JourneyPatternRef>JP1</JourneyPatternRef>
      <DepartureTime>14:30:00</DepartureTime>
    </VehicleJourney>
    <VehicleJourney SequenceNumber="24">
      <PrivateCode>016SAACA2:O:24</PrivateCode>
      <OperatingProfile>
        <RegularDayType>
          <DaysOfWeek>
            <Saturday />
          </DaysOfWeek>
        </RegularDayType>
        <BankHolidayOperation>
          <DaysOfNonOperation>
            <HolidayMondays />
          </DaysOfNonOperation>
        </BankHolidayOperation>
      </OperatingProfile>
      <VehicleJourneyCode>VJ24</VehicleJourneyCode>
      <ServiceRef>ACAO016</ServiceRef>
      <LineRef>SL1</LineRef>
      <JourneyPatternRef>JP1</JourneyPatternRef>
      <DepartureTime>14:45:00</DepartureTime>
    </VehicleJourney>
    <VehicleJourney SequenceNumber="25">
      <PrivateCode>016SAACA2:O:25</PrivateCode>
      <OperatingProfile>
        <RegularDayType>
          <DaysOfWeek>
            <Saturday />
          </DaysOfWeek>
        </RegularDayType>
        <BankHolidayOperation>
          <DaysOfNonOperation>
            <HolidayMondays />
          </DaysOfNonOperation>
        </BankHolidayOperation>
      </OperatingProfile>
      <VehicleJourneyCode>VJ25</VehicleJourneyCode>
      <ServiceRef>ACAO016</ServiceRef>
      <LineRef>SL1</LineRef>
      <JourneyPatternRef>JP1</JourneyPatternRef>
      <DepartureTime>15:00:00</DepartureTime>
    </VehicleJourney>
    <VehicleJourney SequenceNumber="26">
      <PrivateCode>016SAACA2:O:26</PrivateCode>
      <OperatingProfile>
        <RegularDayType>
          <DaysOfWeek>
            <Saturday />
          </DaysOfWeek>
        </RegularDayType>
        <BankHolidayOperation>
          <DaysOfNonOperation>
            <HolidayMondays />
          </DaysOfNonOperation>
        </BankHolidayOperation>
      </OperatingProfile>
      <VehicleJourneyCode>VJ26</VehicleJourneyCode>
      <ServiceRef>ACAO016</ServiceRef>
      <LineRef>SL1</LineRef>
      <JourneyPatternRef>JP1</JourneyPatternRef>
      <DepartureTime>15:15:00</DepartureTime>
    </VehicleJourney>
    <VehicleJourney SequenceNumber="27">
      <PrivateCode>016SAACA2:O:27</PrivateCode>
      <OperatingProfile>
        <RegularDayType>
          <DaysOfWeek>
            <Saturday />
          </DaysOfWeek>
        </RegularDayType>
        <BankHolidayOperation>
          <DaysOfNonOperation>
            <HolidayMondays />
          </DaysOfNonOperation>
        </BankHolidayOperation>
      </OperatingProfile>
      <VehicleJourneyCode>VJ27</VehicleJourneyCode>
      <ServiceRef>ACAO016</ServiceRef>
      <LineRef>SL1</LineRef>
      <JourneyPatternRef>JP1</JourneyPatternRef>
      <DepartureTime>15:30:00</DepartureTime>
    </VehicleJourney>
    <VehicleJourney SequenceNumber="28">
      <PrivateCode>016SAACA2:O:28</PrivateCode>
      <OperatingProfile>
        <RegularDayType>
          <DaysOfWeek>
            <Saturday />
          </DaysOfWeek>
        </RegularDayType>
        <BankHolidayOperation>
          <DaysOfNonOperation>
            <HolidayMondays />
          </DaysOfNonOperation>
        </BankHolidayOperation>
      </OperatingProfile>
      <VehicleJourneyCode>VJ28</VehicleJourneyCode>
      <ServiceRef>ACAO016</ServiceRef>
      <LineRef>SL1</LineRef>
      <JourneyPatternRef>JP1</JourneyPatternRef>
      <DepartureTime>15:45:00</DepartureTime>
    </VehicleJourney>
    <VehicleJourney SequenceNumber="29">
      <PrivateCode>016SAACA2:O:29</PrivateCode>
      <OperatingProfile>
        <RegularDayType>
          <DaysOfWeek>
            <Saturday />
          </DaysOfWeek>
        </RegularDayType>
        <BankHolidayOperation>
          <DaysOfNonOperation>
            <HolidayMondays />
          </DaysOfNonOperation>
        </BankHolidayOperation>
      </OperatingProfile>
      <VehicleJourneyCode>VJ29</VehicleJourneyCode>
      <ServiceRef>ACAO016</ServiceRef>
      <LineRef>SL1</LineRef>
      <JourneyPatternRef>JP1</JourneyPatternRef>
      <DepartureTime>16:00:00</DepartureTime>
    </VehicleJourney>
    <VehicleJourney SequenceNumber="30">
      <PrivateCode>016SAACA2:O:30</PrivateCode>
      <OperatingProfile>
        <RegularDayType>
          <DaysOfWeek>
            <Saturday />
          </DaysOfWeek>
        </RegularDayType>
        <BankHolidayOperation>
          <DaysOfNonOperation>
            <HolidayMondays />
          </DaysOfNonOperation>
        </BankHolidayOperation>
      </OperatingProfile>
      <VehicleJourneyCode>VJ30</VehicleJourneyCode>
      <ServiceRef>ACAO016</ServiceRef>
      <LineRef>SL1</LineRef>
      <JourneyPatternRef>JP1</JourneyPatternRef>
      <DepartureTime>16:15:00</DepartureTime>
    </VehicleJourney>
    <VehicleJourney SequenceNumber="31">
      <PrivateCode>016SAACA2:O:31</PrivateCode>
      <OperatingProfile>
        <RegularDayType>
          <DaysOfWeek>
            <Saturday />
          </DaysOfWeek>
        </RegularDayType>
        <BankHolidayOperation>
          <DaysOfNonOperation>
            <HolidayMondays />
          </DaysOfNonOperation>
        </BankHolidayOperation>
      </OperatingProfile>
      <VehicleJourneyCode>VJ31</VehicleJourneyCode>
      <ServiceRef>ACAO016</ServiceRef>
      <LineRef>SL1</LineRef>
      <JourneyPatternRef>JP1</JourneyPatternRef>
      <DepartureTime>16:30:00</DepartureTime>
    </VehicleJourney>
    <VehicleJourney SequenceNumber="32">
      <PrivateCode>016SAACA2:O:32</PrivateCode>
      <OperatingProfile>
        <RegularDayType>
          <DaysOfWeek>
            <Saturday />
          </DaysOfWeek>
        </RegularDayType>
        <BankHolidayOperation>
          <DaysOfNonOperation>
            <HolidayMondays />
          </DaysOfNonOperation>
        </BankHolidayOperation>
      </OperatingProfile>
      <VehicleJourneyCode>VJ32</VehicleJourneyCode>
      <ServiceRef>ACAO016</ServiceRef>
      <LineRef>SL1</LineRef>
      <JourneyPatternRef>JP1</JourneyPatternRef>
      <DepartureTime>16:45:00</DepartureTime>
    </VehicleJourney>
    <VehicleJourney SequenceNumber="33">
      <PrivateCode>016SAACA2:O:33</PrivateCode>
      <OperatingProfile>
        <RegularDayType>
          <DaysOfWeek>
            <Saturday />
          </DaysOfWeek>
        </RegularDayType>
        <BankHolidayOperation>
          <DaysOfNonOperation>
            <HolidayMondays />
          </DaysOfNonOperation>
        </BankHolidayOperation>
      </OperatingProfile>
      <VehicleJourneyCode>VJ33</VehicleJourneyCode>
      <ServiceRef>ACAO016</ServiceRef>
      <LineRef>SL1</LineRef>
      <JourneyPatternRef>JP1</JourneyPatternRef>
      <DepartureTime>17:00:00</DepartureTime>
    </VehicleJourney>
    <VehicleJourney SequenceNumber="34">
      <PrivateCode>016SAACA2:O:34</PrivateCode>
      <OperatingProfile>
        <RegularDayType>
          <DaysOfWeek>
            <Saturday />
          </DaysOfWeek>
        </RegularDayType>
        <BankHolidayOperation>
          <DaysOfNonOperation>
            <HolidayMondays />
          </DaysOfNonOperation>
        </BankHolidayOperation>
      </OperatingProfile>
      <VehicleJourneyCode>VJ34</VehicleJourneyCode>
      <ServiceRef>ACAO016</ServiceRef>
      <LineRef>SL1</LineRef>
      <JourneyPatternRef>JP1</JourneyPatternRef>
      <DepartureTime>17:15:00</DepartureTime>
    </VehicleJourney>
    <VehicleJourney SequenceNumber="35">
      <PrivateCode>016SAACA2:O:35</PrivateCode>
      <OperatingProfile>
        <RegularDayType>
          <DaysOfWeek>
            <Saturday />
          </DaysOfWeek>
        </RegularDayType>
        <BankHolidayOperation>
          <DaysOfNonOperation>
            <HolidayMondays />
          </DaysOfNonOperation>
        </BankHolidayOperation>
      </OperatingProfile>
      <VehicleJourneyCode>VJ35</VehicleJourneyCode>
      <ServiceRef>ACAO016</ServiceRef>
      <LineRef>SL1</LineRef>
      <JourneyPatternRef>JP1</JourneyPatternRef>
      <DepartureTime>17:30:00</DepartureTime>
    </VehicleJourney>
    <VehicleJourney SequenceNumber="36">
      <PrivateCode>016SAACA2:O:36</PrivateCode>
      <OperatingProfile>
        <RegularDayType>
          <DaysOfWeek>
            <Saturday />
          </DaysOfWeek>
        </RegularDayType>
        <BankHolidayOperation>
          <DaysOfNonOperation>
            <HolidayMondays />
          </DaysOfNonOperation>
        </BankHolidayOperation>
      </OperatingProfile>
      <VehicleJourneyCode>VJ36</VehicleJourneyCode>
      <ServiceRef>ACAO016</ServiceRef>
      <LineRef>SL1</LineRef>
      <JourneyPatternRef>JP1</JourneyPatternRef>
      <DepartureTime>17:45:00</DepartureTime>
    </VehicleJourney>
    <VehicleJourney SequenceNumber="37">
      <PrivateCode>016SAACA2:O:37</PrivateCode>
      <OperatingProfile>
        <RegularDayType>
          <DaysOfWeek>
            <Saturday />
          </DaysOfWeek>
        </RegularDayType>
        <BankHolidayOperation>
          <DaysOfNonOperation>
            <HolidayMondays />
          </DaysOfNonOperation>
        </BankHolidayOperation>
      </OperatingProfile>
      <VehicleJourneyCode>VJ37</VehicleJourneyCode>
      <ServiceRef>ACAO016</ServiceRef>
      <LineRef>SL1</LineRef>
      <JourneyPatternRef>JP1</JourneyPatternRef>
      <DepartureTime>18:00:00</DepartureTime>
    </VehicleJourney>
    <VehicleJourney SequenceNumber="38">
      <PrivateCode>016SAACA2:O:38</PrivateCode>
      <OperatingProfile>
        <RegularDayType>
          <DaysOfWeek>
            <Saturday />
          </DaysOfWeek>
        </RegularDayType>
        <BankHolidayOperation>
          <DaysOfNonOperation>
            <HolidayMondays />
          </DaysOfNonOperation>
        </BankHolidayOperation>
      </OperatingProfile>
      <VehicleJourneyCode>VJ38</VehicleJourneyCode>
      <ServiceRef>ACAO016</ServiceRef>
      <LineRef>SL1</LineRef>
      <JourneyPatternRef>JP1</JourneyPatternRef>
      <DepartureTime>18:15:00</DepartureTime>
    </VehicleJourney>
    <VehicleJourney SequenceNumber="39">
      <PrivateCode>016SAACA2:O:39</PrivateCode>
      <OperatingProfile>
        <RegularDayType>
          <DaysOfWeek>
            <Saturday />
          </DaysOfWeek>
        </RegularDayType>
        <BankHolidayOperation>
          <DaysOfNonOperation>
            <HolidayMondays />
          </DaysOfNonOperation>
        </BankHolidayOperation>
      </OperatingProfile>
      <VehicleJourneyCode>VJ39</VehicleJourneyCode>
      <ServiceRef>ACAO016</ServiceRef>
      <LineRef>SL1</LineRef>
      <JourneyPatternRef>JP1</JourneyPatternRef>
      <DepartureTime>18:30:00</DepartureTime>
    </VehicleJourney>
    <VehicleJourney SequenceNumber="40">
      <PrivateCode>016SAACA2:O:40</PrivateCode>
      <OperatingProfile>
        <RegularDayType>
          <DaysOfWeek>
            <Saturday />
          </DaysOfWeek>
        </RegularDayType>
        <BankHolidayOperation>
          <DaysOfNonOperation>
            <HolidayMondays />
          </DaysOfNonOperation>
        </BankHolidayOperation>
      </OperatingProfile>
      <VehicleJourneyCode>VJ40</VehicleJourneyCode>
      <ServiceRef>ACAO016</ServiceRef>
      <LineRef>SL1</LineRef>
      <JourneyPatternRef>JP1</JourneyPatternRef>
      <DepartureTime>18:45:00</DepartureTime>
    </VehicleJourney>
    <VehicleJourney SequenceNumber="41">
      <PrivateCode>016SAACA2:O:41</PrivateCode>
      <OperatingProfile>
        <RegularDayType>
          <DaysOfWeek>
            <Saturday />
          </DaysOfWeek>
        </RegularDayType>
        <BankHolidayOperation>
          <DaysOfNonOperation>
            <HolidayMondays />
          </DaysOfNonOperation>
        </BankHolidayOperation>
      </OperatingProfile>
      <VehicleJourneyCode>VJ41</VehicleJourneyCode>
      <ServiceRef>ACAO016</ServiceRef>
      <LineRef>SL1</LineRef>
      <JourneyPatternRef>JP1</JourneyPatternRef>
      <DepartureTime>19:00:00</DepartureTime>
    </VehicleJourney>
    <VehicleJourney SequenceNumber="42">
      <PrivateCode>016SAACA2:O:42</PrivateCode>
      <OperatingProfile>
        <RegularDayType>
          <DaysOfWeek>
            <Saturday />
          </DaysOfWeek>
        </RegularDayType>
        <BankHolidayOperation>
          <DaysOfNonOperation>
            <HolidayMondays />
          </DaysOfNonOperation>
        </BankHolidayOperation>
      </OperatingProfile>
      <VehicleJourneyCode>VJ42</VehicleJourneyCode>
      <ServiceRef>ACAO016</ServiceRef>
      <LineRef>SL1</LineRef>
      <JourneyPatternRef>JP1</JourneyPatternRef>
      <DepartureTime>19:10:00</DepartureTime>
    </VehicleJourney>
    <VehicleJourney SequenceNumber="1">
      <PrivateCode>016SUACA2:O:1</PrivateCode>
      <OperatingProfile>
        <RegularDayType>
          <DaysOfWeek>
            <Sunday />
          </DaysOfWeek>
        </RegularDayType>
        <BankHolidayOperation>
          <DaysOfNonOperation>
            <HolidayMondays />
          </DaysOfNonOperation>
        </BankHolidayOperation>
      </OperatingProfile>
      <VehicleJourneyCode>VJ43</VehicleJourneyCode>
      <ServiceRef>ACAO016</ServiceRef>
      <LineRef>SL1</LineRef>
      <JourneyPatternRef>JP1</JourneyPatternRef>
      <DepartureTime>09:00:00</DepartureTime>
    </VehicleJourney>
    <VehicleJourney SequenceNumber="2">
      <PrivateCode>016SUACA2:O:2</PrivateCode>
      <OperatingProfile>
        <RegularDayType>
          <DaysOfWeek>
            <Sunday />
          </DaysOfWeek>
        </RegularDayType>
        <BankHolidayOperation>
          <DaysOfNonOperation>
            <HolidayMondays />
          </DaysOfNonOperation>
        </BankHolidayOperation>
      </OperatingProfile>
      <VehicleJourneyCode>VJ44</VehicleJourneyCode>
      <ServiceRef>ACAO016</ServiceRef>
      <LineRef>SL1</LineRef>
      <JourneyPatternRef>JP1</JourneyPatternRef>
      <DepartureTime>09:15:00</DepartureTime>
    </VehicleJourney>
    <VehicleJourney SequenceNumber="3">
      <PrivateCode>016SUACA2:O:3</PrivateCode>
      <OperatingProfile>
        <RegularDayType>
          <DaysOfWeek>
            <Sunday />
          </DaysOfWeek>
        </RegularDayType>
        <BankHolidayOperation>
          <DaysOfNonOperation>
            <HolidayMondays />
          </DaysOfNonOperation>
        </BankHolidayOperation>
      </OperatingProfile>
      <VehicleJourneyCode>VJ45</VehicleJourneyCode>
      <ServiceRef>ACAO016</ServiceRef>
      <LineRef>SL1</LineRef>
      <JourneyPatternRef>JP1</JourneyPatternRef>
      <DepartureTime>09:30:00</DepartureTime>
    </VehicleJourney>
    <VehicleJourney SequenceNumber="4">
      <PrivateCode>016SUACA2:O:4</PrivateCode>
      <OperatingProfile>
        <RegularDayType>
          <DaysOfWeek>
            <Sunday />
          </DaysOfWeek>
        </RegularDayType>
        <BankHolidayOperation>
          <DaysOfNonOperation>
            <HolidayMondays />
          </DaysOfNonOperation>
        </BankHolidayOperation>
      </OperatingProfile>
      <VehicleJourneyCode>VJ46</VehicleJourneyCode>
      <ServiceRef>ACAO016</ServiceRef>
      <LineRef>SL1</LineRef>
      <JourneyPatternRef>JP1</JourneyPatternRef>
      <DepartureTime>09:45:00</DepartureTime>
    </VehicleJourney>
    <VehicleJourney SequenceNumber="5">
      <PrivateCode>016SUACA2:O:5</PrivateCode>
      <OperatingProfile>
        <RegularDayType>
          <DaysOfWeek>
            <Sunday />
          </DaysOfWeek>
        </RegularDayType>
        <BankHolidayOperation>
          <DaysOfNonOperation>
            <HolidayMondays />
          </DaysOfNonOperation>
        </BankHolidayOperation>
      </OperatingProfile>
      <VehicleJourneyCode>VJ47</VehicleJourneyCode>
      <ServiceRef>ACAO016</ServiceRef>
      <LineRef>SL1</LineRef>
      <JourneyPatternRef>JP1</JourneyPatternRef>
      <DepartureTime>10:00:00</DepartureTime>
    </VehicleJourney>
    <VehicleJourney SequenceNumber="6">
      <PrivateCode>016SUACA2:O:6</PrivateCode>
      <OperatingProfile>
        <RegularDayType>
          <DaysOfWeek>
            <Sunday />
          </DaysOfWeek>
        </RegularDayType>
        <BankHolidayOperation>
          <DaysOfNonOperation>
            <HolidayMondays />
          </DaysOfNonOperation>
        </BankHolidayOperation>
      </OperatingProfile>
      <VehicleJourneyCode>VJ48</VehicleJourneyCode>
      <ServiceRef>ACAO016</ServiceRef>
      <LineRef>SL1</LineRef>
      <JourneyPatternRef>JP1</JourneyPatternRef>
      <DepartureTime>10:15:00</DepartureTime>
    </VehicleJourney>
    <VehicleJourney SequenceNumber="7">
      <PrivateCode>016SUACA2:O:7</PrivateCode>
      <OperatingProfile>
        <RegularDayType>
          <DaysOfWeek>
            <Sunday />
          </DaysOfWeek>
        </RegularDayType>
        <BankHolidayOperation>
          <DaysOfNonOperation>
            <HolidayMondays />
          </DaysOfNonOperation>
        </BankHolidayOperation>
      </OperatingProfile>
      <VehicleJourneyCode>VJ49</VehicleJourneyCode>
      <ServiceRef>ACAO016</ServiceRef>
      <LineRef>SL1</LineRef>
      <JourneyPatternRef>JP1</JourneyPatternRef>
      <DepartureTime>10:30:00</DepartureTime>
    </VehicleJourney>
    <VehicleJourney SequenceNumber="8">
      <PrivateCode>016SUACA2:O:8</PrivateCode>
      <OperatingProfile>
        <RegularDayType>
          <DaysOfWeek>
            <Sunday />
          </DaysOfWeek>
        </RegularDayType>
        <BankHolidayOperation>
          <DaysOfNonOperation>
            <HolidayMondays />
          </DaysOfNonOperation>
        </BankHolidayOperation>
      </OperatingProfile>
      <VehicleJourneyCode>VJ50</VehicleJourneyCode>
      <ServiceRef>ACAO016</ServiceRef>
      <LineRef>SL1</LineRef>
      <JourneyPatternRef>JP1</JourneyPatternRef>
      <DepartureTime>10:45:00</DepartureTime>
    </VehicleJourney>
    <VehicleJourney SequenceNumber="9">
      <PrivateCode>016SUACA2:O:9</PrivateCode>
      <OperatingProfile>
        <RegularDayType>
          <DaysOfWeek>
            <Sunday />
          </DaysOfWeek>
        </RegularDayType>
        <BankHolidayOperation>
          <DaysOfNonOperation>
            <HolidayMondays />
          </DaysOfNonOperation>
        </BankHolidayOperation>
      </OperatingProfile>
      <VehicleJourneyCode>VJ51</VehicleJourneyCode>
      <ServiceRef>ACAO016</ServiceRef>
      <LineRef>SL1</LineRef>
      <JourneyPatternRef>JP1</JourneyPatternRef>
      <DepartureTime>11:00:00</DepartureTime>
    </VehicleJourney>
    <VehicleJourney SequenceNumber="10">
      <PrivateCode>016SUACA2:O:10</PrivateCode>
      <OperatingProfile>
        <RegularDayType>
          <DaysOfWeek>
            <Sunday />
          </DaysOfWeek>
        </RegularDayType>
        <BankHolidayOperation>
          <DaysOfNonOperation>
            <HolidayMondays />
          </DaysOfNonOperation>
        </BankHolidayOperation>
      </OperatingProfile>
      <VehicleJourneyCode>VJ52</VehicleJourneyCode>
      <ServiceRef>ACAO016</ServiceRef>
      <LineRef>SL1</LineRef>
      <JourneyPatternRef>JP1</JourneyPatternRef>
      <DepartureTime>11:15:00</DepartureTime>
    </VehicleJourney>
    <VehicleJourney SequenceNumber="11">
      <PrivateCode>016SUACA2:O:11</PrivateCode>
      <OperatingProfile>
        <RegularDayType>
          <DaysOfWeek>
            <Sunday />
          </DaysOfWeek>
        </RegularDayType>
        <BankHolidayOperation>
          <DaysOfNonOperation>
            <HolidayMondays />
          </DaysOfNonOperation>
        </BankHolidayOperation>
      </OperatingProfile>
      <VehicleJourneyCode>VJ53</VehicleJourneyCode>
      <ServiceRef>ACAO016</ServiceRef>
      <LineRef>SL1</LineRef>
      <JourneyPatternRef>JP1</JourneyPatternRef>
      <DepartureTime>11:30:00</DepartureTime>
    </VehicleJourney>
    <VehicleJourney SequenceNumber="12">
      <PrivateCode>016SUACA2:O:12</PrivateCode>
      <OperatingProfile>
        <RegularDayType>
          <DaysOfWeek>
            <Sunday />
          </DaysOfWeek>
        </RegularDayType>
        <BankHolidayOperation>
          <DaysOfNonOperation>
            <HolidayMondays />
          </DaysOfNonOperation>
        </BankHolidayOperation>
      </OperatingProfile>
      <VehicleJourneyCode>VJ54</VehicleJourneyCode>
      <ServiceRef>ACAO016</ServiceRef>
      <LineRef>SL1</LineRef>
      <JourneyPatternRef>JP1</JourneyPatternRef>
      <DepartureTime>11:45:00</DepartureTime>
    </VehicleJourney>
    <VehicleJourney SequenceNumber="13">
      <PrivateCode>016SUACA2:O:13</PrivateCode>
      <OperatingProfile>
        <RegularDayType>
          <DaysOfWeek>
            <Sunday />
          </DaysOfWeek>
        </RegularDayType>
        <BankHolidayOperation>
          <DaysOfNonOperation>
            <HolidayMondays />
          </DaysOfNonOperation>
        </BankHolidayOperation>
      </OperatingProfile>
      <VehicleJourneyCode>VJ55</VehicleJourneyCode>
      <ServiceRef>ACAO016</ServiceRef>
      <LineRef>SL1</LineRef>
      <JourneyPatternRef>JP1</JourneyPatternRef>
      <DepartureTime>12:00:00</DepartureTime>
    </VehicleJourney>
    <VehicleJourney SequenceNumber="14">
      <PrivateCode>016SUACA2:O:14</PrivateCode>
      <OperatingProfile>
        <RegularDayType>
          <DaysOfWeek>
            <Sunday />
          </DaysOfWeek>
        </RegularDayType>
        <BankHolidayOperation>
          <DaysOfNonOperation>
            <HolidayMondays />
          </DaysOfNonOperation>
        </BankHolidayOperation>
      </OperatingProfile>
      <VehicleJourneyCode>VJ56</VehicleJourneyCode>
      <ServiceRef>ACAO016</ServiceRef>
      <LineRef>SL1</LineRef>
      <JourneyPatternRef>JP1</JourneyPatternRef>
      <DepartureTime>12:15:00</DepartureTime>
    </VehicleJourney>
    <VehicleJourney SequenceNumber="15">
      <PrivateCode>016SUACA2:O:15</PrivateCode>
      <OperatingProfile>
        <RegularDayType>
          <DaysOfWeek>
            <Sunday />
          </DaysOfWeek>
        </RegularDayType>
        <BankHolidayOperation>
          <DaysOfNonOperation>
            <HolidayMondays />
          </DaysOfNonOperation>
        </BankHolidayOperation>
      </OperatingProfile>
      <VehicleJourneyCode>VJ57</VehicleJourneyCode>
      <ServiceRef>ACAO016</ServiceRef>
      <LineRef>SL1</LineRef>
      <JourneyPatternRef>JP1</JourneyPatternRef>
      <DepartureTime>12:30:00</DepartureTime>
    </VehicleJourney>
    <VehicleJourney SequenceNumber="16">
      <PrivateCode>016SUACA2:O:16</PrivateCode>
      <OperatingProfile>
        <RegularDayType>
          <DaysOfWeek>
            <Sunday />
          </DaysOfWeek>
        </RegularDayType>
        <BankHolidayOperation>
          <DaysOfNonOperation>
            <HolidayMondays />
          </DaysOfNonOperation>
        </BankHolidayOperation>
      </OperatingProfile>
      <VehicleJourneyCode>VJ58</VehicleJourneyCode>
      <ServiceRef>ACAO016</ServiceRef>
      <LineRef>SL1</LineRef>
      <JourneyPatternRef>JP1</JourneyPatternRef>
      <DepartureTime>12:45:00</DepartureTime>
    </VehicleJourney>
    <VehicleJourney SequenceNumber="17">
      <PrivateCode>016SUACA2:O:17</PrivateCode>
      <OperatingProfile>
        <RegularDayType>
          <DaysOfWeek>
            <Sunday />
          </DaysOfWeek>
        </RegularDayType>
        <BankHolidayOperation>
          <DaysOfNonOperation>
            <HolidayMondays />
          </DaysOfNonOperation>
        </BankHolidayOperation>
      </OperatingProfile>
      <VehicleJourneyCode>VJ59</VehicleJourneyCode>
      <ServiceRef>ACAO016</ServiceRef>
      <LineRef>SL1</LineRef>
      <JourneyPatternRef>JP1</JourneyPatternRef>
      <DepartureTime>13:00:00</DepartureTime>
    </VehicleJourney>
    <VehicleJourney SequenceNumber="18">
      <PrivateCode>016SUACA2:O:18</PrivateCode>
      <OperatingProfile>
        <RegularDayType>
          <DaysOfWeek>
            <Sunday />
          </DaysOfWeek>
        </RegularDayType>
        <BankHolidayOperation>
          <DaysOfNonOperation>
            <HolidayMondays />
          </DaysOfNonOperation>
        </BankHolidayOperation>
      </OperatingProfile>
      <VehicleJourneyCode>VJ60</VehicleJourneyCode>
      <ServiceRef>ACAO016</ServiceRef>
      <LineRef>SL1</LineRef>
      <JourneyPatternRef>JP1</JourneyPatternRef>
      <DepartureTime>13:15:00</DepartureTime>
    </VehicleJourney>
    <VehicleJourney SequenceNumber="19">
      <PrivateCode>016SUACA2:O:19</PrivateCode>
      <OperatingProfile>
        <RegularDayType>
          <DaysOfWeek>
            <Sunday />
          </DaysOfWeek>
        </RegularDayType>
        <BankHolidayOperation>
          <DaysOfNonOperation>
            <HolidayMondays />
          </DaysOfNonOperation>
        </BankHolidayOperation>
      </OperatingProfile>
      <VehicleJourneyCode>VJ61</VehicleJourneyCode>
      <ServiceRef>ACAO016</ServiceRef>
      <LineRef>SL1</LineRef>
      <JourneyPatternRef>JP1</JourneyPatternRef>
      <DepartureTime>13:30:00</DepartureTime>
    </VehicleJourney>
    <VehicleJourney SequenceNumber="20">
      <PrivateCode>016SUACA2:O:20</PrivateCode>
      <OperatingProfile>
        <RegularDayType>
          <DaysOfWeek>
            <Sunday />
          </DaysOfWeek>
        </RegularDayType>
        <BankHolidayOperation>
          <DaysOfNonOperation>
            <HolidayMondays />
          </DaysOfNonOperation>
        </BankHolidayOperation>
      </OperatingProfile>
      <VehicleJourneyCode>VJ62</VehicleJourneyCode>
      <ServiceRef>ACAO016</ServiceRef>
      <LineRef>SL1</LineRef>
      <JourneyPatternRef>JP1</JourneyPatternRef>
      <DepartureTime>13:45:00</DepartureTime>
    </VehicleJourney>
    <VehicleJourney SequenceNumber="21">
      <PrivateCode>016SUACA2:O:21</PrivateCode>
      <OperatingProfile>
        <RegularDayType>
          <DaysOfWeek>
            <Sunday />
          </DaysOfWeek>
        </RegularDayType>
        <BankHolidayOperation>
          <DaysOfNonOperation>
            <HolidayMondays />
          </DaysOfNonOperation>
        </BankHolidayOperation>
      </OperatingProfile>
      <VehicleJourneyCode>VJ63</VehicleJourneyCode>
      <ServiceRef>ACAO016</ServiceRef>
      <LineRef>SL1</LineRef>
      <JourneyPatternRef>JP1</JourneyPatternRef>
      <DepartureTime>14:00:00</DepartureTime>
    </VehicleJourney>
    <VehicleJourney SequenceNumber="22">
      <PrivateCode>016SUACA2:O:22</PrivateCode>
      <OperatingProfile>
        <RegularDayType>
          <DaysOfWeek>
            <Sunday />
          </DaysOfWeek>
        </RegularDayType>
        <BankHolidayOperation>
          <DaysOfNonOperation>
            <HolidayMondays />
          </DaysOfNonOperation>
        </BankHolidayOperation>
      </OperatingProfile>
      <VehicleJourneyCode>VJ64</VehicleJourneyCode>
      <ServiceRef>ACAO016</ServiceRef>
      <LineRef>SL1</LineRef>
      <JourneyPatternRef>JP1</JourneyPatternRef>
      <DepartureTime>14:15:00</DepartureTime>
    </VehicleJourney>
    <VehicleJourney SequenceNumber="23">
      <PrivateCode>016SUACA2:O:23</PrivateCode>
      <OperatingProfile>
        <RegularDayType>
          <DaysOfWeek>
            <Sunday />
          </DaysOfWeek>
        </RegularDayType>
        <BankHolidayOperation>
          <DaysOfNonOperation>
            <HolidayMondays />
          </DaysOfNonOperation>
        </BankHolidayOperation>
      </OperatingProfile>
      <VehicleJourneyCode>VJ65</VehicleJourneyCode>
      <ServiceRef>ACAO016</ServiceRef>
      <LineRef>SL1</LineRef>
      <JourneyPatternRef>JP1</JourneyPatternRef>
      <DepartureTime>14:30:00</DepartureTime>
    </VehicleJourney>
    <VehicleJourney SequenceNumber="24">
      <PrivateCode>016SUACA2:O:24</PrivateCode>
      <OperatingProfile>
        <RegularDayType>
          <DaysOfWeek>
            <Sunday />
          </DaysOfWeek>
        </RegularDayType>
        <BankHolidayOperation>
          <DaysOfNonOperation>
            <HolidayMondays />
          </DaysOfNonOperation>
        </BankHolidayOperation>
      </OperatingProfile>
      <VehicleJourneyCode>VJ66</VehicleJourneyCode>
      <ServiceRef>ACAO016</ServiceRef>
      <LineRef>SL1</LineRef>
      <JourneyPatternRef>JP1</JourneyPatternRef>
      <DepartureTime>14:45:00</DepartureTime>
    </VehicleJourney>
    <VehicleJourney SequenceNumber="25">
      <PrivateCode>016SUACA2:O:25</PrivateCode>
      <OperatingProfile>
        <RegularDayType>
          <DaysOfWeek>
            <Sunday />
          </DaysOfWeek>
        </RegularDayType>
        <BankHolidayOperation>
          <DaysOfNonOperation>
            <HolidayMondays />
          </DaysOfNonOperation>
        </BankHolidayOperation>
      </OperatingProfile>
      <VehicleJourneyCode>VJ67</VehicleJourneyCode>
      <ServiceRef>ACAO016</ServiceRef>
      <LineRef>SL1</LineRef>
      <JourneyPatternRef>JP1</JourneyPatternRef>
      <DepartureTime>15:00:00</DepartureTime>
    </VehicleJourney>
    <VehicleJourney SequenceNumber="26">
      <PrivateCode>016SUACA2:O:26</PrivateCode>
      <OperatingProfile>
        <RegularDayType>
          <DaysOfWeek>
            <Sunday />
          </DaysOfWeek>
        </RegularDayType>
        <BankHolidayOperation>
          <DaysOfNonOperation>
            <HolidayMondays />
          </DaysOfNonOperation>
        </BankHolidayOperation>
      </OperatingProfile>
      <VehicleJourneyCode>VJ68</VehicleJourneyCode>
      <ServiceRef>ACAO016</ServiceRef>
      <LineRef>SL1</LineRef>
      <JourneyPatternRef>JP1</JourneyPatternRef>
      <DepartureTime>15:15:00</DepartureTime>
    </VehicleJourney>
    <VehicleJourney SequenceNumber="27">
      <PrivateCode>016SUACA2:O:27</PrivateCode>
      <OperatingProfile>
        <RegularDayType>
          <DaysOfWeek>
            <Sunday />
          </DaysOfWeek>
        </RegularDayType>
        <BankHolidayOperation>
          <DaysOfNonOperation>
            <HolidayMondays />
          </DaysOfNonOperation>
        </BankHolidayOperation>
      </OperatingProfile>
      <VehicleJourneyCode>VJ69</VehicleJourneyCode>
      <ServiceRef>ACAO016</ServiceRef>
      <LineRef>SL1</LineRef>
      <JourneyPatternRef>JP1</JourneyPatternRef>
      <DepartureTime>15:30:00</DepartureTime>
    </VehicleJourney>
    <VehicleJourney SequenceNumber="28">
      <PrivateCode>016SUACA2:O:28</PrivateCode>
      <OperatingProfile>
        <RegularDayType>
          <DaysOfWeek>
            <Sunday />
          </DaysOfWeek>
        </RegularDayType>
        <BankHolidayOperation>
          <DaysOfNonOperation>
            <HolidayMondays />
          </DaysOfNonOperation>
        </BankHolidayOperation>
      </OperatingProfile>
      <VehicleJourneyCode>VJ70</VehicleJourneyCode>
      <ServiceRef>ACAO016</ServiceRef>
      <LineRef>SL1</LineRef>
      <JourneyPatternRef>JP1</JourneyPatternRef>
      <DepartureTime>15:45:00</DepartureTime>
    </VehicleJourney>
    <VehicleJourney SequenceNumber="29">
      <PrivateCode>016SUACA2:O:29</PrivateCode>
      <OperatingProfile>
        <RegularDayType>
          <DaysOfWeek>
            <Sunday />
          </DaysOfWeek>
        </RegularDayType>
        <BankHolidayOperation>
          <DaysOfNonOperation>
            <HolidayMondays />
          </DaysOfNonOperation>
        </BankHolidayOperation>
      </OperatingProfile>
      <VehicleJourneyCode>VJ71</VehicleJourneyCode>
      <ServiceRef>ACAO016</ServiceRef>
      <LineRef>SL1</LineRef>
      <JourneyPatternRef>JP1</JourneyPatternRef>
      <DepartureTime>16:00:00</DepartureTime>
    </VehicleJourney>
    <VehicleJourney SequenceNumber="30">
      <PrivateCode>016SUACA2:O:30</PrivateCode>
      <OperatingProfile>
        <RegularDayType>
          <DaysOfWeek>
            <Sunday />
          </DaysOfWeek>
        </RegularDayType>
        <BankHolidayOperation>
          <DaysOfNonOperation>
            <HolidayMondays />
          </DaysOfNonOperation>
        </BankHolidayOperation>
      </OperatingProfile>
      <VehicleJourneyCode>VJ72</VehicleJourneyCode>
      <ServiceRef>ACAO016</ServiceRef>
      <LineRef>SL1</LineRef>
      <JourneyPatternRef>JP1</JourneyPatternRef>
      <DepartureTime>16:15:00</DepartureTime>
    </VehicleJourney>
    <VehicleJourney SequenceNumber="31">
      <PrivateCode>016SUACA2:O:31</PrivateCode>
      <OperatingProfile>
        <RegularDayType>
          <DaysOfWeek>
            <Sunday />
          </DaysOfWeek>
        </RegularDayType>
        <BankHolidayOperation>
          <DaysOfNonOperation>
            <HolidayMondays />
          </DaysOfNonOperation>
        </BankHolidayOperation>
      </OperatingProfile>
      <VehicleJourneyCode>VJ73</VehicleJourneyCode>
      <ServiceRef>ACAO016</ServiceRef>
      <LineRef>SL1</LineRef>
      <JourneyPatternRef>JP1</JourneyPatternRef>
      <DepartureTime>16:30:00</DepartureTime>
    </VehicleJourney>
    <VehicleJourney SequenceNumber="32">
      <PrivateCode>016SUACA2:O:32</PrivateCode>
      <OperatingProfile>
        <RegularDayType>
          <DaysOfWeek>
            <Sunday />
          </DaysOfWeek>
        </RegularDayType>
        <BankHolidayOperation>
          <DaysOfNonOperation>
            <HolidayMondays />
          </DaysOfNonOperation>
        </BankHolidayOperation>
      </OperatingProfile>
      <VehicleJourneyCode>VJ74</VehicleJourneyCode>
      <ServiceRef>ACAO016</ServiceRef>
      <LineRef>SL1</LineRef>
      <JourneyPatternRef>JP1</JourneyPatternRef>
      <DepartureTime>16:45:00</DepartureTime>
    </VehicleJourney>
    <VehicleJourney SequenceNumber="33">
      <PrivateCode>016SUACA2:O:33</PrivateCode>
      <OperatingProfile>
        <RegularDayType>
          <DaysOfWeek>
            <Sunday />
          </DaysOfWeek>
        </RegularDayType>
        <BankHolidayOperation>
          <DaysOfNonOperation>
            <HolidayMondays />
          </DaysOfNonOperation>
        </BankHolidayOperation>
      </OperatingProfile>
      <VehicleJourneyCode>VJ75</VehicleJourneyCode>
      <ServiceRef>ACAO016</ServiceRef>
      <LineRef>SL1</LineRef>
      <JourneyPatternRef>JP1</JourneyPatternRef>
      <DepartureTime>17:00:00</DepartureTime>
    </VehicleJourney>
    <VehicleJourney SequenceNumber="34">
      <PrivateCode>016SUACA2:O:34</PrivateCode>
      <OperatingProfile>
        <RegularDayType>
          <DaysOfWeek>
            <Sunday />
          </DaysOfWeek>
        </RegularDayType>
        <BankHolidayOperation>
          <DaysOfNonOperation>
            <HolidayMondays />
          </DaysOfNonOperation>
        </BankHolidayOperation>
      </OperatingProfile>
      <VehicleJourneyCode>VJ76</VehicleJourneyCode>
      <ServiceRef>ACAO016</ServiceRef>
      <LineRef>SL1</LineRef>
      <JourneyPatternRef>JP1</JourneyPatternRef>
      <DepartureTime>17:15:00</DepartureTime>
    </VehicleJourney>
  </VehicleJourneys>
</TransXChange>