<?xml version="1.0" encoding="utf-8"?>
<TransXChange xmlns:xsd="http://www.w3.org/2001/XMLSchema" xmlns:xsi="http://www.w3.org/2001/XMLSchema-instance" xsi:schemaLocation="http://www.transxchange.org.uk/ http://www.transxchange.org.uk/schema/2.1/TransXChange_general.xsd" CreationDateTime="2017-09-25T12:57:52" ModificationDateTime="2017-09-25T12:57:52" Modification="revise" RevisionNumber="1" FileName="CardiffBus609-TudorStreet-FitzalanHighSchool1_TXC_2017925-1257_CBAO609.xml" SchemaVersion="2.1" RegistrationDocument="false" xmlns="http://www.transxchange.org.uk/">
  <ServicedOrganisations>
    <ServicedOrganisation>
      <OrganisationCode>CVC</OrganisationCode>
      <Name>Cardiff &amp; Vale College</Name>
      <WorkingDays>
        <DateRange>
          <StartDate>2017-01-03</StartDate>
          <EndDate>2017-02-17</EndDate>
        </DateRange>
        <DateRange>
          <StartDate>2017-02-27</StartDate>
          <EndDate>2017-04-07</EndDate>
        </DateRange>
        <DateRange>
          <StartDate>2017-04-24</StartDate>
          <EndDate>2017-05-26</EndDate>
        </DateRange>
        <DateRange>
          <StartDate>2017-06-05</StartDate>
          <EndDate>2017-06-30</EndDate>
        </DateRange>
        <DateRange>
          <StartDate>2017-09-04</StartDate>
          <EndDate>2017-10-27</EndDate>
        </DateRange>
        <DateRange>
          <StartDate>2017-11-06</StartDate>
          <EndDate>2017-12-22</EndDate>
        </DateRange>
        <DateRange>
          <StartDate>2018-01-08</StartDate>
          <EndDate>2018-02-16</EndDate>
        </DateRange>
        <DateRange>
          <StartDate>2018-02-26</StartDate>
          <EndDate>2018-03-29</EndDate>
        </DateRange>
        <DateRange>
          <StartDate>2018-04-16</StartDate>
          <EndDate>2018-05-25</EndDate>
        </DateRange>
        <DateRange>
          <StartDate>2018-06-04</StartDate>
          <EndDate>2018-06-22</EndDate>
        </DateRange>
        <DateRange>
          <StartDate>2018-09-03</StartDate>
          <EndDate>2018-10-19</EndDate>
        </DateRange>
      </WorkingDays>
    </ServicedOrganisation>
  </ServicedOrganisations>
  <StopPoints>
    <AnnotatedStopPointRef>
      <StopPointRef>5710WDB25094</StopPointRef>
      <CommonName>Tudor Street</CommonName>
    </AnnotatedStopPointRef>
    <AnnotatedStopPointRef>
      <StopPointRef>5710AWA11629</StopPointRef>
      <CommonName>Clare Road (S)</CommonName>
    </AnnotatedStopPointRef>
    <AnnotatedStopPointRef>
      <StopPointRef>5710AWA11631</StopPointRef>
      <CommonName>Pentre Street</CommonName>
    </AnnotatedStopPointRef>
    <AnnotatedStopPointRef>
      <StopPointRef>5710AWA11632</StopPointRef>
      <CommonName>Cymmer Street</CommonName>
    </AnnotatedStopPointRef>
    <AnnotatedStopPointRef>
      <StopPointRef>5710AWA11634</StopPointRef>
      <CommonName>Grange Gardens (SE)</CommonName>
    </AnnotatedStopPointRef>
    <AnnotatedStopPointRef>
      <StopPointRef>5710AWA11636</StopPointRef>
      <CommonName>Ystrad Street</CommonName>
    </AnnotatedStopPointRef>
    <AnnotatedStopPointRef>
      <StopPointRef>5710AWA11639</StopPointRef>
      <CommonName>CORPORATION RD/AVONDALE RD</CommonName>
    </AnnotatedStopPointRef>
    <AnnotatedStopPointRef>
      <StopPointRef>5710CBZ02542</StopPointRef>
      <CommonName>Horle Close (SW)</CommonName>
    </AnnotatedStopPointRef>
    <AnnotatedStopPointRef>
      <StopPointRef>5710CBZ02544</StopPointRef>
      <CommonName>Avondale Gardens (SW)</CommonName>
    </AnnotatedStopPointRef>
    <AnnotatedStopPointRef>
      <StopPointRef>5710AWA11611</StopPointRef>
      <CommonName>Amherst Street (SW)</CommonName>
    </AnnotatedStopPointRef>
    <AnnotatedStopPointRef>
      <StopPointRef>5710AWA11610</StopPointRef>
      <CommonName>The Marl (SW)</CommonName>
    </AnnotatedStopPointRef>
    <AnnotatedStopPointRef>
      <StopPointRef>5710AWA11603</StopPointRef>
      <CommonName>CHANNEL VIEW RD(Beecher Av)</CommonName>
    </AnnotatedStopPointRef>
    <AnnotatedStopPointRef>
      <StopPointRef>5710AWA11607</StopPointRef>
      <CommonName>South Clive St</CommonName>
    </AnnotatedStopPointRef>
    <AnnotatedStopPointRef>
      <StopPointRef>5710AWA11608</StopPointRef>
      <CommonName>Ferry Road (NW)</CommonName>
    </AnnotatedStopPointRef>
    <AnnotatedStopPointRef>
      <StopPointRef>5710AWA11597</StopPointRef>
      <CommonName>Clive Street</CommonName>
    </AnnotatedStopPointRef>
    <AnnotatedStopPointRef>
      <StopPointRef>5710AWA11594</StopPointRef>
      <CommonName>Bromsgrove St (NW)</CommonName>
    </AnnotatedStopPointRef>
    <AnnotatedStopPointRef>
      <StopPointRef>5710AWA11592</StopPointRef>
      <CommonName>Wilfred Brook House (NW)</CommonName>
    </AnnotatedStopPointRef>
    <AnnotatedStopPointRef>
      <StopPointRef>5710AWA11591</StopPointRef>
      <CommonName>Penarth Road/Clive Street</CommonName>
    </AnnotatedStopPointRef>
    <AnnotatedStopPointRef>
      <StopPointRef>5710AWA11589</StopPointRef>
      <CommonName>Penarth Road (NW)</CommonName>
    </AnnotatedStopPointRef>
    <AnnotatedStopPointRef>
      <StopPointRef>5710AWA11587</StopPointRef>
      <CommonName>City Gardens</CommonName>
    </AnnotatedStopPointRef>
    <AnnotatedStopPointRef>
      <StopPointRef>5710AWA11580</StopPointRef>
      <CommonName>Bessemer Road (NW)</CommonName>
    </AnnotatedStopPointRef>
    <AnnotatedStopPointRef>
      <StopPointRef>5710AWA11579</StopPointRef>
      <CommonName>Bus Depot (NW)</CommonName>
    </AnnotatedStopPointRef>
    <AnnotatedStopPointRef>
      <StopPointRef>5710AWA11575</StopPointRef>
      <CommonName>Leckwith Close (NW)</CommonName>
    </AnnotatedStopPointRef>
    <AnnotatedStopPointRef>
      <StopPointRef>5710AWA13038</StopPointRef>
      <CommonName>Sacred Heart</CommonName>
    </AnnotatedStopPointRef>
    <AnnotatedStopPointRef>
      <StopPointRef>5710AWA13039</StopPointRef>
      <CommonName>Broad Street (NW)</CommonName>
    </AnnotatedStopPointRef>
    <AnnotatedStopPointRef>
      <StopPointRef>5710AWA13042</StopPointRef>
      <CommonName>Fitzalan School (NW)</CommonName>
    </AnnotatedStopPointRef>
    <AnnotatedStopPointRef>
      <StopPointRef>5710AWA13043</StopPointRef>
      <CommonName>FITZALAN HIGH SCHOOL</CommonName>
    </AnnotatedStopPointRef>
    <AnnotatedStopPointRef>
      <StopPointRef>5710AWA13040</StopPointRef>
      <CommonName>Broad Street (SE)</CommonName>
    </AnnotatedStopPointRef>
    <AnnotatedStopPointRef>
      <StopPointRef>5710AWA13041</StopPointRef>
      <CommonName>Leckwith Road</CommonName>
    </AnnotatedStopPointRef>
    <AnnotatedStopPointRef>
      <StopPointRef>5710AWA11574</StopPointRef>
      <CommonName>Ninian Park (SE)</CommonName>
    </AnnotatedStopPointRef>
    <AnnotatedStopPointRef>
      <StopPointRef>5710AWA11578</StopPointRef>
      <CommonName>Bus Depot (SE)</CommonName>
    </AnnotatedStopPointRef>
    <AnnotatedStopPointRef>
      <StopPointRef>5710AWA11586</StopPointRef>
      <CommonName>Penarth Road/Sloper Road</CommonName>
    </AnnotatedStopPointRef>
    <AnnotatedStopPointRef>
      <StopPointRef>5710AWA11590</StopPointRef>
      <CommonName>Stockland St (W1)</CommonName>
    </AnnotatedStopPointRef>
    <AnnotatedStopPointRef>
      <StopPointRef>5710AWA11593</StopPointRef>
      <CommonName>Wilfred Brook House (SE)</CommonName>
    </AnnotatedStopPointRef>
    <AnnotatedStopPointRef>
      <StopPointRef>5710AWA11595</StopPointRef>
      <CommonName>Bromsgrove St (SE)</CommonName>
    </AnnotatedStopPointRef>
    <AnnotatedStopPointRef>
      <StopPointRef>5710AWA11596</StopPointRef>
      <CommonName>Ferry Road (SE)</CommonName>
    </AnnotatedStopPointRef>
    <AnnotatedStopPointRef>
      <StopPointRef>5710AWA11609</StopPointRef>
      <CommonName>Earl Street (NE)</CommonName>
    </AnnotatedStopPointRef>
    <AnnotatedStopPointRef>
      <StopPointRef>5710AWA11612</StopPointRef>
      <CommonName>Kent Street (NE)</CommonName>
    </AnnotatedStopPointRef>
    <AnnotatedStopPointRef>
      <StopPointRef>5710CBZ02545</StopPointRef>
      <CommonName>Avondale Gardens (NE)</CommonName>
    </AnnotatedStopPointRef>
    <AnnotatedStopPointRef>
      <StopPointRef>5710CBZ02543</StopPointRef>
      <CommonName>Horle Close (NE)</CommonName>
    </AnnotatedStopPointRef>
    <AnnotatedStopPointRef>
      <StopPointRef>5710AWA11638</StopPointRef>
      <CommonName>Corporation Road/.Avondale Road</CommonName>
    </AnnotatedStopPointRef>
    <AnnotatedStopPointRef>
      <StopPointRef>5710AWA11637</StopPointRef>
      <CommonName>Cambridge Street</CommonName>
    </AnnotatedStopPointRef>
    <AnnotatedStopPointRef>
      <StopPointRef>5710AWA11635</StopPointRef>
      <CommonName>Grange Gardens (NW)</CommonName>
    </AnnotatedStopPointRef>
    <AnnotatedStopPointRef>
      <StopPointRef>5710AWA11633</StopPointRef>
      <CommonName>Stockland St (E)</CommonName>
    </AnnotatedStopPointRef>
    <AnnotatedStopPointRef>
      <StopPointRef>5710AWA11630</StopPointRef>
      <CommonName>Durham Street</CommonName>
    </AnnotatedStopPointRef>
    <AnnotatedStopPointRef>
      <StopPointRef>5710AWA11628</StopPointRef>
      <CommonName>Clare Road (N)</CommonName>
    </AnnotatedStopPointRef>
    <AnnotatedStopPointRef>
      <StopPointRef>5710AWA11683</StopPointRef>
      <CommonName>Beauchamp Street</CommonName>
    </AnnotatedStopPointRef>
    <AnnotatedStopPointRef>
      <StopPointRef>5710AWA11681</StopPointRef>
      <CommonName>Tudor Street</CommonName>
    </AnnotatedStopPointRef>
  </StopPoints>
  <RouteSections>
    <RouteSection id="RS1">
      <RouteLink id="RL1">
        <From>
          <StopPointRef>5710WDB25094</StopPointRef>
        </From>
        <To>
          <StopPointRef>5710AWA11629</StopPointRef>
        </To>
        <Distance>450</Distance>
        <Direction>outbound</Direction>
      </RouteLink>
      <RouteLink id="RL2">
        <From>
          <StopPointRef>5710AWA11629</StopPointRef>
        </From>
        <To>
          <StopPointRef>5710AWA11631</StopPointRef>
        </To>
        <Distance>430</Distance>
        <Direction>outbound</Direction>
      </RouteLink>
      <RouteLink id="RL3">
        <From>
          <StopPointRef>5710AWA11631</StopPointRef>
        </From>
        <To>
          <StopPointRef>5710AWA11632</StopPointRef>
        </To>
        <Distance>290</Distance>
        <Direction>outbound</Direction>
      </RouteLink>
      <RouteLink id="RL4">
        <From>
          <StopPointRef>5710AWA11632</StopPointRef>
        </From>
        <To>
          <StopPointRef>5710AWA11634</StopPointRef>
        </To>
        <Distance>190</Distance>
        <Direction>outbound</Direction>
      </RouteLink>
      <RouteLink id="RL5">
        <From>
          <StopPointRef>5710AWA11634</StopPointRef>
        </From>
        <To>
          <StopPointRef>5710AWA11636</StopPointRef>
        </To>
        <Distance>180</Distance>
        <Direction>outbound</Direction>
      </RouteLink>
      <RouteLink id="RL6">
        <From>
          <StopPointRef>5710AWA11636</StopPointRef>
        </From>
        <To>
          <StopPointRef>5710AWA11639</StopPointRef>
        </To>
        <Distance>240</Distance>
        <Direction>outbound</Direction>
      </RouteLink>
      <RouteLink id="RL7">
        <From>
          <StopPointRef>5710AWA11639</StopPointRef>
        </From>
        <To>
          <StopPointRef>5710CBZ02542</StopPointRef>
        </To>
        <Distance>170</Distance>
        <Direction>outbound</Direction>
      </RouteLink>
      <RouteLink id="RL8">
        <From>
          <StopPointRef>5710CBZ02542</StopPointRef>
        </From>
        <To>
          <StopPointRef>5710CBZ02544</StopPointRef>
        </To>
        <Distance>120</Distance>
        <Direction>outbound</Direction>
      </RouteLink>
      <RouteLink id="RL9">
        <From>
          <StopPointRef>5710CBZ02544</StopPointRef>
        </From>
        <To>
          <StopPointRef>5710AWA11611</StopPointRef>
        </To>
        <Distance>260</Distance>
        <Direction>outbound</Direction>
      </RouteLink>
      <RouteLink id="RL10">
        <From>
          <StopPointRef>5710AWA11611</StopPointRef>
        </From>
        <To>
          <StopPointRef>5710AWA11610</StopPointRef>
        </To>
        <Distance>120</Distance>
        <Direction>outbound</Direction>
      </RouteLink>
      <RouteLink id="RL11">
        <From>
          <StopPointRef>5710AWA11610</StopPointRef>
        </From>
        <To>
          <StopPointRef>5710AWA11603</StopPointRef>
        </To>
        <Distance>350</Distance>
        <Direction>outbound</Direction>
      </RouteLink>
      <RouteLink id="RL12">
        <From>
          <StopPointRef>5710AWA11603</StopPointRef>
        </From>
        <To>
          <StopPointRef>5710AWA11607</StopPointRef>
        </To>
        <Distance>150</Distance>
        <Direction>outbound</Direction>
      </RouteLink>
      <RouteLink id="RL13">
        <From>
          <StopPointRef>5710AWA11607</StopPointRef>
        </From>
        <To>
          <StopPointRef>5710AWA11608</StopPointRef>
        </To>
        <Distance>150</Distance>
        <Direction>outbound</Direction>
      </RouteLink>
      <RouteLink id="RL14">
        <From>
          <StopPointRef>5710AWA11608</StopPointRef>
        </From>
        <To>
          <StopPointRef>5710AWA11597</StopPointRef>
        </To>
        <Distance>140</Distance>
        <Direction>outbound</Direction>
      </RouteLink>
      <RouteLink id="RL15">
        <From>
          <StopPointRef>5710AWA11597</StopPointRef>
        </From>
        <To>
          <StopPointRef>5710AWA11594</StopPointRef>
        </To>
        <Distance>280</Distance>
        <Direction>outbound</Direction>
      </RouteLink>
      <RouteLink id="RL16">
        <From>
          <StopPointRef>5710AWA11594</StopPointRef>
        </From>
        <To>
          <StopPointRef>5710AWA11592</StopPointRef>
        </To>
        <Distance>140</Distance>
        <Direction>outbound</Direction>
      </RouteLink>
      <RouteLink id="RL17">
        <From>
          <StopPointRef>5710AWA11592</StopPointRef>
        </From>
        <To>
          <StopPointRef>5710AWA11591</StopPointRef>
        </To>
        <Distance>150</Distance>
        <Direction>outbound</Direction>
      </RouteLink>
      <RouteLink id="RL18">
        <From>
          <StopPointRef>5710AWA11591</StopPointRef>
        </From>
        <To>
          <StopPointRef>5710AWA11589</StopPointRef>
        </To>
        <Distance>270</Distance>
        <Direction>outbound</Direction>
      </RouteLink>
      <RouteLink id="RL19">
        <From>
          <StopPointRef>5710AWA11589</StopPointRef>
        </From>
        <To>
          <StopPointRef>5710AWA11587</StopPointRef>
        </To>
        <Distance>320</Distance>
        <Direction>outbound</Direction>
      </RouteLink>
      <RouteLink id="RL20">
        <From>
          <StopPointRef>5710AWA11587</StopPointRef>
        </From>
        <To>
          <StopPointRef>5710AWA11580</StopPointRef>
        </To>
        <Distance>220</Distance>
        <Direction>outbound</Direction>
      </RouteLink>
      <RouteLink id="RL21">
        <From>
          <StopPointRef>5710AWA11580</StopPointRef>
        </From>
        <To>
          <StopPointRef>5710AWA11579</StopPointRef>
        </To>
        <Distance>210</Distance>
        <Direction>outbound</Direction>
      </RouteLink>
      <RouteLink id="RL22">
        <From>
          <StopPointRef>5710AWA11579</StopPointRef>
        </From>
        <To>
          <StopPointRef>5710AWA11575</StopPointRef>
        </To>
        <Distance>460</Distance>
        <Direction>outbound</Direction>
      </RouteLink>
      <RouteLink id="RL23">
        <From>
          <StopPointRef>5710AWA11575</StopPointRef>
        </From>
        <To>
          <StopPointRef>5710AWA13038</StopPointRef>
        </To>
        <Distance>250</Distance>
        <Direction>outbound</Direction>
      </RouteLink>
      <RouteLink id="RL24">
        <From>
          <StopPointRef>5710AWA13038</StopPointRef>
        </From>
        <To>
          <StopPointRef>5710AWA13039</StopPointRef>
        </To>
        <Distance>220</Distance>
        <Direction>outbound</Direction>
      </RouteLink>
      <RouteLink id="RL25">
        <From>
          <StopPointRef>5710AWA13039</StopPointRef>
        </From>
        <To>
          <StopPointRef>5710AWA13042</StopPointRef>
        </To>
        <Distance>300</Distance>
        <Direction>outbound</Direction>
      </RouteLink>
      <RouteLink id="RL26">
        <From>
          <StopPointRef>5710AWA13042</StopPointRef>
        </From>
        <To>
          <StopPointRef>5710AWA13043</StopPointRef>
        </To>
        <Distance>120</Distance>
        <Direction>outbound</Direction>
      </RouteLink>
    </RouteSection>
    <RouteSection id="RS2">
      <RouteLink id="RL27">
        <From>
          <StopPointRef>5710AWA13043</StopPointRef>
        </From>
        <To>
          <StopPointRef>5710AWA13040</StopPointRef>
        </To>
        <Distance>220</Distance>
        <Direction>inbound</Direction>
      </RouteLink>
      <RouteLink id="RL28">
        <From>
          <StopPointRef>5710AWA13040</StopPointRef>
        </From>
        <To>
          <StopPointRef>5710AWA13041</StopPointRef>
        </To>
        <Distance>410</Distance>
        <Direction>inbound</Direction>
      </RouteLink>
      <RouteLink id="RL29">
        <From>
          <StopPointRef>5710AWA13041</StopPointRef>
        </From>
        <To>
          <StopPointRef>5710AWA11574</StopPointRef>
        </To>
        <Distance>180</Distance>
        <Direction>inbound</Direction>
      </RouteLink>
      <RouteLink id="RL30">
        <From>
          <StopPointRef>5710AWA11574</StopPointRef>
        </From>
        <To>
          <StopPointRef>5710AWA11578</StopPointRef>
        </To>
        <Distance>390</Distance>
        <Direction>inbound</Direction>
      </RouteLink>
      <RouteLink id="RL31">
        <From>
          <StopPointRef>5710AWA11578</StopPointRef>
        </From>
        <To>
          <StopPointRef>5710AWA11586</StopPointRef>
        </To>
        <Distance>450</Distance>
        <Direction>inbound</Direction>
      </RouteLink>
      <RouteLink id="RL32">
        <From>
          <StopPointRef>5710AWA11586</StopPointRef>
        </From>
        <To>
          <StopPointRef>5710AWA11590</StopPointRef>
        </To>
        <Distance>620</Distance>
        <Direction>inbound</Direction>
      </RouteLink>
      <RouteLink id="RL33">
        <From>
          <StopPointRef>5710AWA11590</StopPointRef>
        </From>
        <To>
          <StopPointRef>5710AWA11593</StopPointRef>
        </To>
        <Distance>190</Distance>
        <Direction>inbound</Direction>
      </RouteLink>
      <RouteLink id="RL34">
        <From>
          <StopPointRef>5710AWA11593</StopPointRef>
        </From>
        <To>
          <StopPointRef>5710AWA11595</StopPointRef>
        </To>
        <Distance>170</Distance>
        <Direction>inbound</Direction>
      </RouteLink>
      <RouteLink id="RL35">
        <From>
          <StopPointRef>5710AWA11595</StopPointRef>
        </From>
        <To>
          <StopPointRef>5710AWA11596</StopPointRef>
        </To>
        <Distance>200</Distance>
        <Direction>inbound</Direction>
      </RouteLink>
      <RouteLink id="RL36">
        <From>
          <StopPointRef>5710AWA11596</StopPointRef>
        </From>
        <To>
          <StopPointRef>5710AWA11603</StopPointRef>
        </To>
        <Distance>400</Distance>
        <Direction>inbound</Direction>
      </RouteLink>
      <RouteLink id="RL37">
        <From>
          <StopPointRef>5710AWA11603</StopPointRef>
        </From>
        <To>
          <StopPointRef>5710AWA11607</StopPointRef>
        </To>
        <Distance>150</Distance>
        <Direction>inbound</Direction>
      </RouteLink>
      <RouteLink id="RL38">
        <From>
          <StopPointRef>5710AWA11607</StopPointRef>
        </From>
        <To>
          <StopPointRef>5710AWA11608</StopPointRef>
        </To>
        <Distance>150</Distance>
        <Direction>inbound</Direction>
      </RouteLink>
      <RouteLink id="RL39">
        <From>
          <StopPointRef>5710AWA11608</StopPointRef>
        </From>
        <To>
          <StopPointRef>5710AWA11609</StopPointRef>
        </To>
        <Distance>210</Distance>
        <Direction>inbound</Direction>
      </RouteLink>
      <RouteLink id="RL40">
        <From>
          <StopPointRef>5710AWA11609</StopPointRef>
        </From>
        <To>
          <StopPointRef>5710AWA11612</StopPointRef>
        </To>
        <Distance>200</Distance>
        <Direction>inbound</Direction>
      </RouteLink>
      <RouteLink id="RL41">
        <From>
          <StopPointRef>5710AWA11612</StopPointRef>
        </From>
        <To>
          <StopPointRef>5710CBZ02545</StopPointRef>
        </To>
        <Distance>190</Distance>
        <Direction>inbound</Direction>
      </RouteLink>
      <RouteLink id="RL42">
        <From>
          <StopPointRef>5710CBZ02545</StopPointRef>
        </From>
        <To>
          <StopPointRef>5710CBZ02543</StopPointRef>
        </To>
        <Distance>190</Distance>
        <Direction>inbound</Direction>
      </RouteLink>
      <RouteLink id="RL43">
        <From>
          <StopPointRef>5710CBZ02543</StopPointRef>
        </From>
        <To>
          <StopPointRef>5710AWA11638</StopPointRef>
        </To>
        <Distance>120</Distance>
        <Direction>inbound</Direction>
      </RouteLink>
      <RouteLink id="RL44">
        <From>
          <StopPointRef>5710AWA11638</StopPointRef>
        </From>
        <To>
          <StopPointRef>5710AWA11637</StopPointRef>
        </To>
        <Distance>170</Distance>
        <Direction>inbound</Direction>
      </RouteLink>
      <RouteLink id="RL45">
        <From>
          <StopPointRef>5710AWA11637</StopPointRef>
        </From>
        <To>
          <StopPointRef>5710AWA11635</StopPointRef>
        </To>
        <Distance>200</Distance>
        <Direction>inbound</Direction>
      </RouteLink>
      <RouteLink id="RL46">
        <From>
          <StopPointRef>5710AWA11635</StopPointRef>
        </From>
        <To>
          <StopPointRef>5710AWA11633</StopPointRef>
        </To>
        <Distance>190</Distance>
        <Direction>inbound</Direction>
      </RouteLink>
      <RouteLink id="RL47">
        <From>
          <StopPointRef>5710AWA11633</StopPointRef>
        </From>
        <To>
          <StopPointRef>5710AWA11630</StopPointRef>
        </To>
        <Distance>320</Distance>
        <Direction>inbound</Direction>
      </RouteLink>
      <RouteLink id="RL48">
        <From>
          <StopPointRef>5710AWA11630</StopPointRef>
        </From>
        <To>
          <StopPointRef>5710AWA11628</StopPointRef>
        </To>
        <Distance>380</Distance>
        <Direction>inbound</Direction>
      </RouteLink>
      <RouteLink id="RL49">
        <From>
          <StopPointRef>5710AWA11628</StopPointRef>
        </From>
        <To>
          <StopPointRef>5710AWA11683</StopPointRef>
        </To>
        <Distance>360</Distance>
        <Direction>inbound</Direction>
      </RouteLink>
      <RouteLink id="RL50">
        <From>
          <StopPointRef>5710AWA11683</StopPointRef>
        </From>
        <To>
          <StopPointRef>5710AWA11681</StopPointRef>
        </To>
        <Distance>210</Distance>
        <Direction>inbound</Direction>
      </RouteLink>
    </RouteSection>
  </RouteSections>
  <Routes>
    <Route id="RT1">
      <Description>Tudor Street - FITZALAN HIGH SCHOOL</Description>
      <RouteSectionRef>RS1</RouteSectionRef>
    </Route>
    <Route id="RT2">
      <Description>FITZALAN HIGH SCHOOL - Tudor Street</Description>
      <RouteSectionRef>RS2</RouteSectionRef>
    </Route>
  </Routes>
  <JourneyPatternSections>
    <JourneyPatternSection id="JPS1">
      <JourneyPatternTimingLink id="JPTL1">
        <From SequenceNumber="9">
          <StopPointRef>5710WDB25094</StopPointRef>
          <TimingStatus>PTP</TimingStatus>
        </From>
        <To SequenceNumber="10">
          <StopPointRef>5710AWA11629</StopPointRef>
          <TimingStatus>OTH</TimingStatus>
        </To>
        <RouteLinkRef>RL1</RouteLinkRef>
        <RunTime>PT1M</RunTime>
      </JourneyPatternTimingLink>
      <JourneyPatternTimingLink id="JPTL2">
        <From SequenceNumber="10">
          <StopPointRef>5710AWA11629</StopPointRef>
          <TimingStatus>OTH</TimingStatus>
        </From>
        <To SequenceNumber="11">
          <StopPointRef>5710AWA11631</StopPointRef>
          <TimingStatus>PTP</TimingStatus>
        </To>
        <RouteLinkRef>RL2</RouteLinkRef>
        <RunTime>PT1M</RunTime>
      </JourneyPatternTimingLink>
      <JourneyPatternTimingLink id="JPTL3">
        <From SequenceNumber="11">
          <StopPointRef>5710AWA11631</StopPointRef>
          <TimingStatus>PTP</TimingStatus>
        </From>
        <To SequenceNumber="12">
          <StopPointRef>5710AWA11632</StopPointRef>
          <TimingStatus>OTH</TimingStatus>
        </To>
        <RouteLinkRef>RL3</RouteLinkRef>
        <RunTime>PT0S</RunTime>
      </JourneyPatternTimingLink>
      <JourneyPatternTimingLink id="JPTL4">
        <From SequenceNumber="12">
          <StopPointRef>5710AWA11632</StopPointRef>
          <TimingStatus>OTH</TimingStatus>
        </From>
        <To SequenceNumber="13">
          <StopPointRef>5710AWA11634</StopPointRef>
          <TimingStatus>OTH</TimingStatus>
        </To>
        <RouteLinkRef>RL4</RouteLinkRef>
        <RunTime>PT1M</RunTime>
      </JourneyPatternTimingLink>
      <JourneyPatternTimingLink id="JPTL5">
        <From SequenceNumber="13">
          <StopPointRef>5710AWA11634</StopPointRef>
          <TimingStatus>OTH</TimingStatus>
        </From>
        <To SequenceNumber="14">
          <StopPointRef>5710AWA11636</StopPointRef>
          <TimingStatus>OTH</TimingStatus>
        </To>
        <RouteLinkRef>RL5</RouteLinkRef>
        <RunTime>PT1M</RunTime>
      </JourneyPatternTimingLink>
      <JourneyPatternTimingLink id="JPTL6">
        <From SequenceNumber="14">
          <StopPointRef>5710AWA11636</StopPointRef>
          <TimingStatus>OTH</TimingStatus>
        </From>
        <To SequenceNumber="15">
          <StopPointRef>5710AWA11639</StopPointRef>
          <TimingStatus>PTP</TimingStatus>
        </To>
        <RouteLinkRef>RL6</RouteLinkRef>
        <RunTime>PT1M</RunTime>
      </JourneyPatternTimingLink>
      <JourneyPatternTimingLink id="JPTL7">
        <From SequenceNumber="15">
          <StopPointRef>5710AWA11639</StopPointRef>
          <TimingStatus>PTP</TimingStatus>
        </From>
        <To SequenceNumber="16">
          <StopPointRef>5710CBZ02542</StopPointRef>
          <TimingStatus>OTH</TimingStatus>
        </To>
        <RouteLinkRef>RL7</RouteLinkRef>
        <RunTime>PT0S</RunTime>
      </JourneyPatternTimingLink>
      <JourneyPatternTimingLink id="JPTL8">
        <From SequenceNumber="16">
          <StopPointRef>5710CBZ02542</StopPointRef>
          <TimingStatus>OTH</TimingStatus>
        </From>
        <To SequenceNumber="17">
          <StopPointRef>5710CBZ02544</StopPointRef>
          <TimingStatus>OTH</TimingStatus>
        </To>
        <RouteLinkRef>RL8</RouteLinkRef>
        <RunTime>PT1M</RunTime>
      </JourneyPatternTimingLink>
      <JourneyPatternTimingLink id="JPTL9">
        <From SequenceNumber="17">
          <StopPointRef>5710CBZ02544</StopPointRef>
          <TimingStatus>OTH</TimingStatus>
        </From>
        <To SequenceNumber="18">
          <StopPointRef>5710AWA11611</StopPointRef>
          <TimingStatus>OTH</TimingStatus>
        </To>
        <RouteLinkRef>RL9</RouteLinkRef>
        <RunTime>PT1M</RunTime>
      </JourneyPatternTimingLink>
      <JourneyPatternTimingLink id="JPTL10">
        <From SequenceNumber="18">
          <StopPointRef>5710AWA11611</StopPointRef>
          <TimingStatus>OTH</TimingStatus>
        </From>
        <To SequenceNumber="19">
          <StopPointRef>5710AWA11610</StopPointRef>
          <TimingStatus>OTH</TimingStatus>
        </To>
        <RouteLinkRef>RL10</RouteLinkRef>
        <RunTime>PT0S</RunTime>
      </JourneyPatternTimingLink>
      <JourneyPatternTimingLink id="JPTL11">
        <From SequenceNumber="19">
          <StopPointRef>5710AWA11610</StopPointRef>
          <TimingStatus>OTH</TimingStatus>
        </From>
        <To SequenceNumber="20">
          <StopPointRef>5710AWA11603</StopPointRef>
          <TimingStatus>PTP</TimingStatus>
        </To>
        <RouteLinkRef>RL11</RouteLinkRef>
        <RunTime>PT2M</RunTime>
      </JourneyPatternTimingLink>
      <JourneyPatternTimingLink id="JPTL12">
        <From SequenceNumber="20">
          <StopPointRef>5710AWA11603</StopPointRef>
          <TimingStatus>PTP</TimingStatus>
        </From>
        <To SequenceNumber="21">
          <StopPointRef>5710AWA11607</StopPointRef>
          <TimingStatus>OTH</TimingStatus>
        </To>
        <RouteLinkRef>RL12</RouteLinkRef>
        <RunTime>PT0S</RunTime>
      </JourneyPatternTimingLink>
      <JourneyPatternTimingLink id="JPTL13">
        <From SequenceNumber="21">
          <StopPointRef>5710AWA11607</StopPointRef>
          <TimingStatus>OTH</TimingStatus>
        </From>
        <To SequenceNumber="22">
          <StopPointRef>5710AWA11608</StopPointRef>
          <TimingStatus>OTH</TimingStatus>
        </To>
        <RouteLinkRef>RL13</RouteLinkRef>
        <RunTime>PT1M</RunTime>
      </JourneyPatternTimingLink>
      <JourneyPatternTimingLink id="JPTL14">
        <From SequenceNumber="22">
          <StopPointRef>5710AWA11608</StopPointRef>
          <TimingStatus>OTH</TimingStatus>
        </From>
        <To SequenceNumber="23">
          <StopPointRef>5710AWA11597</StopPointRef>
          <TimingStatus>OTH</TimingStatus>
        </To>
        <RouteLinkRef>RL14</RouteLinkRef>
        <RunTime>PT0S</RunTime>
      </JourneyPatternTimingLink>
      <JourneyPatternTimingLink id="JPTL15">
        <From SequenceNumber="23">
          <StopPointRef>5710AWA11597</StopPointRef>
          <TimingStatus>OTH</TimingStatus>
        </From>
        <To SequenceNumber="24">
          <StopPointRef>5710AWA11594</StopPointRef>
          <TimingStatus>OTH</TimingStatus>
        </To>
        <RouteLinkRef>RL15</RouteLinkRef>
        <RunTime>PT1M</RunTime>
      </JourneyPatternTimingLink>
      <JourneyPatternTimingLink id="JPTL16">
        <From SequenceNumber="24">
          <StopPointRef>5710AWA11594</StopPointRef>
          <TimingStatus>OTH</TimingStatus>
        </From>
        <To SequenceNumber="25">
          <StopPointRef>5710AWA11592</StopPointRef>
          <TimingStatus>OTH</TimingStatus>
        </To>
        <RouteLinkRef>RL16</RouteLinkRef>
        <RunTime>PT0S</RunTime>
      </JourneyPatternTimingLink>
      <JourneyPatternTimingLink id="JPTL17">
        <From SequenceNumber="25">
          <StopPointRef>5710AWA11592</StopPointRef>
          <TimingStatus>OTH</TimingStatus>
        </From>
        <To SequenceNumber="26">
          <StopPointRef>5710AWA11591</StopPointRef>
          <TimingStatus>PTP</TimingStatus>
        </To>
        <RouteLinkRef>RL17</RouteLinkRef>
        <RunTime>PT1M</RunTime>
      </JourneyPatternTimingLink>
      <JourneyPatternTimingLink id="JPTL18">
        <From SequenceNumber="26">
          <StopPointRef>5710AWA11591</StopPointRef>
          <TimingStatus>PTP</TimingStatus>
        </From>
        <To SequenceNumber="27">
          <StopPointRef>5710AWA11589</StopPointRef>
          <TimingStatus>OTH</TimingStatus>
        </To>
        <RouteLinkRef>RL18</RouteLinkRef>
        <RunTime>PT1M</RunTime>
      </JourneyPatternTimingLink>
      <JourneyPatternTimingLink id="JPTL19">
        <From SequenceNumber="27">
          <StopPointRef>5710AWA11589</StopPointRef>
          <TimingStatus>OTH</TimingStatus>
        </From>
        <To SequenceNumber="28">
          <StopPointRef>5710AWA11587</StopPointRef>
          <TimingStatus>OTH</TimingStatus>
        </To>
        <RouteLinkRef>RL19</RouteLinkRef>
        <RunTime>PT1M</RunTime>
      </JourneyPatternTimingLink>
      <JourneyPatternTimingLink id="JPTL20">
        <From SequenceNumber="28">
          <StopPointRef>5710AWA11587</StopPointRef>
          <TimingStatus>OTH</TimingStatus>
        </From>
        <To SequenceNumber="29">
          <StopPointRef>5710AWA11580</StopPointRef>
          <TimingStatus>OTH</TimingStatus>
        </To>
        <RouteLinkRef>RL20</RouteLinkRef>
        <RunTime>PT1M</RunTime>
      </JourneyPatternTimingLink>
      <JourneyPatternTimingLink id="JPTL21">
        <From SequenceNumber="29">
          <StopPointRef>5710AWA11580</StopPointRef>
          <TimingStatus>OTH</TimingStatus>
        </From>
        <To SequenceNumber="30">
          <StopPointRef>5710AWA11579</StopPointRef>
          <TimingStatus>OTH</TimingStatus>
        </To>
        <RouteLinkRef>RL21</RouteLinkRef>
        <RunTime>PT1M</RunTime>
      </JourneyPatternTimingLink>
      <JourneyPatternTimingLink id="JPTL22">
        <From SequenceNumber="30">
          <StopPointRef>5710AWA11579</StopPointRef>
          <TimingStatus>OTH</TimingStatus>
        </From>
        <To SequenceNumber="31">
          <StopPointRef>5710AWA11575</StopPointRef>
          <TimingStatus>OTH</TimingStatus>
        </To>
        <RouteLinkRef>RL22</RouteLinkRef>
        <RunTime>PT2M</RunTime>
      </JourneyPatternTimingLink>
      <JourneyPatternTimingLink id="JPTL23">
        <From SequenceNumber="31">
          <StopPointRef>5710AWA11575</StopPointRef>
          <TimingStatus>OTH</TimingStatus>
        </From>
        <To SequenceNumber="32">
          <StopPointRef>5710AWA13038</StopPointRef>
          <TimingStatus>OTH</TimingStatus>
        </To>
        <RouteLinkRef>RL23</RouteLinkRef>
        <RunTime>PT1M</RunTime>
      </JourneyPatternTimingLink>
      <JourneyPatternTimingLink id="JPTL24">
        <From SequenceNumber="32">
          <StopPointRef>5710AWA13038</StopPointRef>
          <TimingStatus>OTH</TimingStatus>
        </From>
        <To SequenceNumber="33">
          <StopPointRef>5710AWA13039</StopPointRef>
          <TimingStatus>OTH</TimingStatus>
        </To>
        <RouteLinkRef>RL24</RouteLinkRef>
        <RunTime>PT1M</RunTime>
      </JourneyPatternTimingLink>
      <JourneyPatternTimingLink id="JPTL25">
        <From SequenceNumber="33">
          <StopPointRef>5710AWA13039</StopPointRef>
          <TimingStatus>OTH</TimingStatus>
        </From>
        <To SequenceNumber="34">
          <StopPointRef>5710AWA13042</StopPointRef>
          <TimingStatus>OTH</TimingStatus>
        </To>
        <RouteLinkRef>RL25</RouteLinkRef>
        <RunTime>PT1M</RunTime>
      </JourneyPatternTimingLink>
      <JourneyPatternTimingLink id="JPTL26">
        <From SequenceNumber="34">
          <StopPointRef>5710AWA13042</StopPointRef>
          <TimingStatus>OTH</TimingStatus>
        </From>
        <To SequenceNumber="35">
          <StopPointRef>5710AWA13043</StopPointRef>
          <TimingStatus>PTP</TimingStatus>
        </To>
        <RouteLinkRef>RL26</RouteLinkRef>
        <RunTime>PT1M</RunTime>
      </JourneyPatternTimingLink>
    </JourneyPatternSection>
    <JourneyPatternSection id="JPS2">
      <JourneyPatternTimingLink id="JPTL27">
        <From SequenceNumber="1">
          <StopPointRef>5710AWA13043</StopPointRef>
          <TimingStatus>PTP</TimingStatus>
        </From>
        <To SequenceNumber="2">
          <StopPointRef>5710AWA13040</StopPointRef>
          <TimingStatus>OTH</TimingStatus>
        </To>
        <RouteLinkRef>RL27</RouteLinkRef>
        <RunTime>PT0S</RunTime>
      </JourneyPatternTimingLink>
      <JourneyPatternTimingLink id="JPTL28">
        <From SequenceNumber="2">
          <StopPointRef>5710AWA13040</StopPointRef>
          <TimingStatus>OTH</TimingStatus>
        </From>
        <To SequenceNumber="3">
          <StopPointRef>5710AWA13041</StopPointRef>
          <TimingStatus>OTH</TimingStatus>
        </To>
        <RouteLinkRef>RL28</RouteLinkRef>
        <RunTime>PT1M</RunTime>
      </JourneyPatternTimingLink>
      <JourneyPatternTimingLink id="JPTL29">
        <From SequenceNumber="3">
          <StopPointRef>5710AWA13041</StopPointRef>
          <TimingStatus>OTH</TimingStatus>
        </From>
        <To SequenceNumber="4">
          <StopPointRef>5710AWA11574</StopPointRef>
          <TimingStatus>OTH</TimingStatus>
        </To>
        <RouteLinkRef>RL29</RouteLinkRef>
        <RunTime>PT1M</RunTime>
      </JourneyPatternTimingLink>
      <JourneyPatternTimingLink id="JPTL30">
        <From SequenceNumber="4">
          <StopPointRef>5710AWA11574</StopPointRef>
          <TimingStatus>OTH</TimingStatus>
        </From>
        <To SequenceNumber="5">
          <StopPointRef>5710AWA11578</StopPointRef>
          <TimingStatus>OTH</TimingStatus>
        </To>
        <RouteLinkRef>RL30</RouteLinkRef>
        <RunTime>PT1M</RunTime>
      </JourneyPatternTimingLink>
      <JourneyPatternTimingLink id="JPTL31">
        <From SequenceNumber="5">
          <StopPointRef>5710AWA11578</StopPointRef>
          <TimingStatus>OTH</TimingStatus>
        </From>
        <To SequenceNumber="6">
          <StopPointRef>5710AWA11586</StopPointRef>
          <TimingStatus>PTP</TimingStatus>
        </To>
        <RouteLinkRef>RL31</RouteLinkRef>
        <RunTime>PT2M</RunTime>
      </JourneyPatternTimingLink>
      <JourneyPatternTimingLink id="JPTL32">
        <From SequenceNumber="6">
          <StopPointRef>5710AWA11586</StopPointRef>
          <TimingStatus>PTP</TimingStatus>
        </From>
        <To SequenceNumber="13">
          <StopPointRef>5710AWA11590</StopPointRef>
          <TimingStatus>OTH</TimingStatus>
        </To>
        <RouteLinkRef>RL32</RouteLinkRef>
        <RunTime>PT1M</RunTime>
      </JourneyPatternTimingLink>
      <JourneyPatternTimingLink id="JPTL33">
        <From SequenceNumber="13">
          <StopPointRef>5710AWA11590</StopPointRef>
          <TimingStatus>OTH</TimingStatus>
        </From>
        <To SequenceNumber="14">
          <StopPointRef>5710AWA11593</StopPointRef>
          <TimingStatus>OTH</TimingStatus>
        </To>
        <RouteLinkRef>RL33</RouteLinkRef>
        <RunTime>PT1M</RunTime>
      </JourneyPatternTimingLink>
      <JourneyPatternTimingLink id="JPTL34">
        <From SequenceNumber="14">
          <StopPointRef>5710AWA11593</StopPointRef>
          <TimingStatus>OTH</TimingStatus>
        </From>
        <To SequenceNumber="15">
          <StopPointRef>5710AWA11595</StopPointRef>
          <TimingStatus>OTH</TimingStatus>
        </To>
        <RouteLinkRef>RL34</RouteLinkRef>
        <RunTime>PT0S</RunTime>
      </JourneyPatternTimingLink>
      <JourneyPatternTimingLink id="JPTL35">
        <From SequenceNumber="15">
          <StopPointRef>5710AWA11595</StopPointRef>
          <TimingStatus>OTH</TimingStatus>
        </From>
        <To SequenceNumber="16">
          <StopPointRef>5710AWA11596</StopPointRef>
          <TimingStatus>OTH</TimingStatus>
        </To>
        <RouteLinkRef>RL35</RouteLinkRef>
        <RunTime>PT1M</RunTime>
      </JourneyPatternTimingLink>
      <JourneyPatternTimingLink id="JPTL36">
        <From SequenceNumber="16">
          <StopPointRef>5710AWA11596</StopPointRef>
          <TimingStatus>OTH</TimingStatus>
        </From>
        <To SequenceNumber="17">
          <StopPointRef>5710AWA11603</StopPointRef>
          <TimingStatus>PTP</TimingStatus>
        </To>
        <RouteLinkRef>RL36</RouteLinkRef>
        <RunTime>PT2M</RunTime>
      </JourneyPatternTimingLink>
      <JourneyPatternTimingLink id="JPTL37">
        <From SequenceNumber="17">
          <StopPointRef>5710AWA11603</StopPointRef>
          <TimingStatus>PTP</TimingStatus>
        </From>
        <To SequenceNumber="18">
          <StopPointRef>5710AWA11607</StopPointRef>
          <TimingStatus>OTH</TimingStatus>
        </To>
        <RouteLinkRef>RL37</RouteLinkRef>
        <RunTime>PT0S</RunTime>
      </JourneyPatternTimingLink>
      <JourneyPatternTimingLink id="JPTL38">
        <From SequenceNumber="18">
          <StopPointRef>5710AWA11607</StopPointRef>
          <TimingStatus>OTH</TimingStatus>
        </From>
        <To SequenceNumber="19">
          <StopPointRef>5710AWA11608</StopPointRef>
          <TimingStatus>OTH</TimingStatus>
        </To>
        <RouteLinkRef>RL38</RouteLinkRef>
        <RunTime>PT1M</RunTime>
      </JourneyPatternTimingLink>
      <JourneyPatternTimingLink id="JPTL39">
        <From SequenceNumber="19">
          <StopPointRef>5710AWA11608</StopPointRef>
          <TimingStatus>OTH</TimingStatus>
        </From>
        <To SequenceNumber="20">
          <StopPointRef>5710AWA11609</StopPointRef>
          <TimingStatus>OTH</TimingStatus>
        </To>
        <RouteLinkRef>RL39</RouteLinkRef>
        <RunTime>PT1M</RunTime>
      </JourneyPatternTimingLink>
      <JourneyPatternTimingLink id="JPTL40">
        <From SequenceNumber="20">
          <StopPointRef>5710AWA11609</StopPointRef>
          <TimingStatus>OTH</TimingStatus>
        </From>
        <To SequenceNumber="21">
          <StopPointRef>5710AWA11612</StopPointRef>
          <TimingStatus>OTH</TimingStatus>
        </To>
        <RouteLinkRef>RL40</RouteLinkRef>
        <RunTime>PT1M</RunTime>
      </JourneyPatternTimingLink>
      <JourneyPatternTimingLink id="JPTL41">
        <From SequenceNumber="21">
          <StopPointRef>5710AWA11612</StopPointRef>
          <TimingStatus>OTH</TimingStatus>
        </From>
        <To SequenceNumber="22">
          <StopPointRef>5710CBZ02545</StopPointRef>
          <TimingStatus>OTH</TimingStatus>
        </To>
        <RouteLinkRef>RL41</RouteLinkRef>
        <RunTime>PT0S</RunTime>
      </JourneyPatternTimingLink>
      <JourneyPatternTimingLink id="JPTL42">
        <From SequenceNumber="22">
          <StopPointRef>5710CBZ02545</StopPointRef>
          <TimingStatus>OTH</TimingStatus>
        </From>
        <To SequenceNumber="23">
          <StopPointRef>5710CBZ02543</StopPointRef>
          <TimingStatus>OTH</TimingStatus>
        </To>
        <RouteLinkRef>RL42</RouteLinkRef>
        <RunTime>PT1M</RunTime>
      </JourneyPatternTimingLink>
      <JourneyPatternTimingLink id="JPTL43">
        <From SequenceNumber="23">
          <StopPointRef>5710CBZ02543</StopPointRef>
          <TimingStatus>OTH</TimingStatus>
        </From>
        <To SequenceNumber="24">
          <StopPointRef>5710AWA11638</StopPointRef>
          <TimingStatus>PTP</TimingStatus>
        </To>
        <RouteLinkRef>RL43</RouteLinkRef>
        <RunTime>PT1M</RunTime>
      </JourneyPatternTimingLink>
      <JourneyPatternTimingLink id="JPTL44">
        <From SequenceNumber="24">
          <StopPointRef>5710AWA11638</StopPointRef>
          <TimingStatus>PTP</TimingStatus>
        </From>
        <To SequenceNumber="25">
          <StopPointRef>5710AWA11637</StopPointRef>
          <TimingStatus>OTH</TimingStatus>
        </To>
        <RouteLinkRef>RL44</RouteLinkRef>
        <RunTime>PT0S</RunTime>
      </JourneyPatternTimingLink>
      <JourneyPatternTimingLink id="JPTL45">
        <From SequenceNumber="25">
          <StopPointRef>5710AWA11637</StopPointRef>
          <TimingStatus>OTH</TimingStatus>
        </From>
        <To SequenceNumber="26">
          <StopPointRef>5710AWA11635</StopPointRef>
          <TimingStatus>OTH</TimingStatus>
        </To>
        <RouteLinkRef>RL45</RouteLinkRef>
        <RunTime>PT1M</RunTime>
      </JourneyPatternTimingLink>
      <JourneyPatternTimingLink id="JPTL46">
        <From SequenceNumber="26">
          <StopPointRef>5710AWA11635</StopPointRef>
          <TimingStatus>OTH</TimingStatus>
        </From>
        <To SequenceNumber="27">
          <StopPointRef>5710AWA11633</StopPointRef>
          <TimingStatus>OTH</TimingStatus>
        </To>
        <RouteLinkRef>RL46</RouteLinkRef>
        <RunTime>PT1M</RunTime>
      </JourneyPatternTimingLink>
      <JourneyPatternTimingLink id="JPTL47">
        <From SequenceNumber="27">
          <StopPointRef>5710AWA11633</StopPointRef>
          <TimingStatus>OTH</TimingStatus>
        </From>
        <To SequenceNumber="28">
          <StopPointRef>5710AWA11630</StopPointRef>
          <TimingStatus>OTH</TimingStatus>
        </To>
        <RouteLinkRef>RL47</RouteLinkRef>
        <RunTime>PT1M</RunTime>
      </JourneyPatternTimingLink>
      <JourneyPatternTimingLink id="JPTL48">
        <From SequenceNumber="28">
          <StopPointRef>5710AWA11630</StopPointRef>
          <TimingStatus>OTH</TimingStatus>
        </From>
        <To SequenceNumber="29">
          <StopPointRef>5710AWA11628</StopPointRef>
          <TimingStatus>OTH</TimingStatus>
        </To>
        <RouteLinkRef>RL48</RouteLinkRef>
        <RunTime>PT1M</RunTime>
      </JourneyPatternTimingLink>
      <JourneyPatternTimingLink id="JPTL49">
        <From SequenceNumber="29">
          <StopPointRef>5710AWA11628</StopPointRef>
          <TimingStatus>OTH</TimingStatus>
        </From>
        <To SequenceNumber="30">
          <StopPointRef>5710AWA11683</StopPointRef>
          <TimingStatus>OTH</TimingStatus>
        </To>
        <RouteLinkRef>RL49</RouteLinkRef>
        <RunTime>PT2M</RunTime>
      </JourneyPatternTimingLink>
      <JourneyPatternTimingLink id="JPTL50">
        <From SequenceNumber="30">
          <StopPointRef>5710AWA11683</StopPointRef>
          <TimingStatus>OTH</TimingStatus>
        </From>
        <To SequenceNumber="31">
          <StopPointRef>5710AWA11681</StopPointRef>
          <TimingStatus>PTP</TimingStatus>
        </To>
        <RouteLinkRef>RL50</RouteLinkRef>
        <RunTime>PT1M</RunTime>
      </JourneyPatternTimingLink>
    </JourneyPatternSection>
  </JourneyPatternSections>
  <Operators>
    <Operator id="O1">
      <NationalOperatorCode>CBUS</NationalOperatorCode>
      <OperatorCode>CBUS</OperatorCode>
      <OperatorShortName>Cardiff Bus</OperatorShortName>
    </Operator>
  </Operators>
  <Services>
    <Service>
      <ServiceCode>CBAO609</ServiceCode>
      <PrivateCode>CBAO609</PrivateCode>
      <Lines>
        <Line id="SL1">
          <LineName>609</LineName>
        </Line>
      </Lines>
      <OperatingPeriod>
        <StartDate>2015-08-02</StartDate>
      </OperatingPeriod>
      <OperatingProfile>
        <RegularDayType>
          <DaysOfWeek>
            <MondayToFriday />
          </DaysOfWeek>
        </RegularDayType>
      </OperatingProfile>
      <RegisteredOperatorRef>O1</RegisteredOperatorRef>
      <StopRequirements>
        <NoNewStopsRequired />
      </StopRequirements>
      <Mode>bus</Mode>
      <Description>Tudor Street - Fitzalan High School via Channel View</Description>
      <StandardService>
        <Origin>Tudor Street</Origin>
        <Destination>Fitzalan High School</Destination>
        <JourneyPattern id="JP1">
          <DestinationDisplay>FITZALAN HIGH SCHOOL</DestinationDisplay>
          <Direction>outbound</Direction>
          <RouteRef>RT1</RouteRef>
          <JourneyPatternSectionRefs>JPS1</JourneyPatternSectionRefs>
        </JourneyPattern>
        <JourneyPattern id="JP2">
          <DestinationDisplay>Tudor Street</DestinationDisplay>
          <Direction>inbound</Direction>
          <RouteRef>RT2</RouteRef>
          <JourneyPatternSectionRefs>JPS2</JourneyPatternSectionRefs>
        </JourneyPattern>
      </StandardService>
    </Service>
  </Services>
  <VehicleJourneys>
    <VehicleJourney SequenceNumber="1">
      <PrivateCode>609MFCBA1:O:1</PrivateCode>
      <OperatingProfile>
        <RegularDayType>
          <DaysOfWeek>
            <MondayToFriday />
          </DaysOfWeek>
        </RegularDayType>
        <ServicedOrganisationDayType>
          <DaysOfOperation>
            <WorkingDays>
              <ServicedOrganisationRef>CVC</ServicedOrganisationRef>
            </WorkingDays>
          </DaysOfOperation>
        </ServicedOrganisationDayType>
        <BankHolidayOperation>
          <DaysOfNonOperation>
            <HolidayMondays />
          </DaysOfNonOperation>
        </BankHolidayOperation>
      </OperatingProfile>
      <VehicleJourneyCode>VJ1</VehicleJourneyCode>
      <ServiceRef>CBAO609</ServiceRef>
      <LineRef>SL1</LineRef>
      <JourneyPatternRef>JP1</JourneyPatternRef>
      <DepartureTime>07:58:00</DepartureTime>
    </VehicleJourney>
    <VehicleJourney SequenceNumber="1">
      <PrivateCode>609MFCBA1:I:1</PrivateCode>
      <OperatingProfile>
        <RegularDayType>
          <DaysOfWeek>
            <MondayToFriday />
          </DaysOfWeek>
        </RegularDayType>
        <ServicedOrganisationDayType>
          <DaysOfOperation>
            <WorkingDays>
              <ServicedOrganisationRef>CVC</ServicedOrganisationRef>
            </WorkingDays>
          </DaysOfOperation>
        </ServicedOrganisationDayType>
        <BankHolidayOperation>
          <DaysOfNonOperation>
            <HolidayMondays />
          </DaysOfNonOperation>
        </BankHolidayOperation>
      </OperatingProfile>
      <VehicleJourneyCode>VJ3</VehicleJourneyCode>
      <ServiceRef>CBAO609</ServiceRef>
      <LineRef>SL1</LineRef>
      <JourneyPatternRef>JP2</JourneyPatternRef>
      <DepartureTime>15:15:00</DepartureTime>
    </VehicleJourney>
  </VehicleJourneys>
</TransXChange>