<?xml version="1.0" encoding="utf-8"?>
<TransXChange xmlns:xsd="http://www.w3.org/2001/XMLSchema" xmlns:xsi="http://www.w3.org/2001/XMLSchema-instance" xsi:schemaLocation="http://www.transxchange.org.uk/ http://www.transxchange.org.uk/schema/2.1/TransXChange_general.xsd" CreationDateTime="2017-09-25T12:58:34" ModificationDateTime="2017-09-25T12:58:34" Modification="revise" RevisionNumber="1" FileName="CardiffBus93S-Cardiff-PenarthStCyresSchool2_TXC_2017925-1258_CBAO093S.xml" SchemaVersion="2.1" RegistrationDocument="false" xmlns="http://www.transxchange.org.uk/">
  <ServicedOrganisations>
    <ServicedOrganisation>
      <OrganisationCode>CDS</OrganisationCode>
      <Name>Cardiff</Name>
      <WorkingDays>
        <DateRange>
          <StartDate>2016-04-10</StartDate>
          <EndDate>2016-05-28</EndDate>
        </DateRange>
        <DateRange>
          <StartDate>2016-06-05</StartDate>
          <EndDate>2016-07-20</EndDate>
        </DateRange>
        <DateRange>
          <StartDate>2016-09-02</StartDate>
          <EndDate>2016-10-22</EndDate>
        </DateRange>
        <DateRange>
          <StartDate>2016-10-31</StartDate>
          <EndDate>2016-12-17</EndDate>
        </DateRange>
        <DateRange>
          <StartDate>2017-01-03</StartDate>
          <EndDate>2017-02-18</EndDate>
        </DateRange>
        <DateRange>
          <StartDate>2017-02-27</StartDate>
          <EndDate>2017-04-08</EndDate>
        </DateRange>
        <DateRange>
          <StartDate>2017-04-24</StartDate>
          <EndDate>2017-05-27</EndDate>
        </DateRange>
        <DateRange>
          <StartDate>2017-06-05</StartDate>
          <EndDate>2017-07-22</EndDate>
        </DateRange>
        <DateRange>
          <StartDate>2017-09-04</StartDate>
          <EndDate>2017-10-27</EndDate>
        </DateRange>
        <DateRange>
          <StartDate>2017-11-06</StartDate>
          <EndDate>2017-12-22</EndDate>
        </DateRange>
        <DateRange>
          <StartDate>2018-01-08</StartDate>
          <EndDate>2018-02-16</EndDate>
        </DateRange>
        <DateRange>
          <StartDate>2018-02-26</StartDate>
          <EndDate>2018-03-29</EndDate>
        </DateRange>
        <DateRange>
          <StartDate>2018-04-16</StartDate>
          <EndDate>2018-05-25</EndDate>
        </DateRange>
        <DateRange>
          <StartDate>2018-06-04</StartDate>
          <EndDate>2018-07-24</EndDate>
        </DateRange>
        <DateRange>
          <StartDate>2018-09-03</StartDate>
          <EndDate>2018-10-19</EndDate>
        </DateRange>
      </WorkingDays>
    </ServicedOrganisation>
  </ServicedOrganisations>
  <StopPoints>
    <AnnotatedStopPointRef>
      <StopPointRef>5710AWA11597</StopPointRef>
      <CommonName>Clive Street</CommonName>
    </AnnotatedStopPointRef>
    <AnnotatedStopPointRef>
      <StopPointRef>5710AWA11601</StopPointRef>
      <CommonName>Cardiff Bay Asda</CommonName>
    </AnnotatedStopPointRef>
    <AnnotatedStopPointRef>
      <StopPointRef>5720AWA12359</StopPointRef>
      <CommonName>Merrie Harrier</CommonName>
    </AnnotatedStopPointRef>
    <AnnotatedStopPointRef>
      <StopPointRef>5720AWA12360</StopPointRef>
      <CommonName>Cowslip</CommonName>
    </AnnotatedStopPointRef>
    <AnnotatedStopPointRef>
      <StopPointRef>5720AWA12356</StopPointRef>
      <CommonName>Redlands Heights</CommonName>
    </AnnotatedStopPointRef>
    <AnnotatedStopPointRef>
      <StopPointRef>5720AWA12354</StopPointRef>
      <CommonName>Redlands Road (St Cyres School)</CommonName>
    </AnnotatedStopPointRef>
    <AnnotatedStopPointRef>
      <StopPointRef>5720AWA12355</StopPointRef>
      <CommonName>Redlands Road (St Cyres School)</CommonName>
    </AnnotatedStopPointRef>
    <AnnotatedStopPointRef>
      <StopPointRef>5720AWA12357</StopPointRef>
      <CommonName>Redlands Heights</CommonName>
    </AnnotatedStopPointRef>
    <AnnotatedStopPointRef>
      <StopPointRef>5720AWA12358</StopPointRef>
      <CommonName>The Cowslip</CommonName>
    </AnnotatedStopPointRef>
    <AnnotatedStopPointRef>
      <StopPointRef>5720AWA11790</StopPointRef>
      <CommonName>Merrie Harrier</CommonName>
    </AnnotatedStopPointRef>
    <AnnotatedStopPointRef>
      <StopPointRef>5710AWA11599</StopPointRef>
      <CommonName>Staples</CommonName>
    </AnnotatedStopPointRef>
    <AnnotatedStopPointRef>
      <StopPointRef>5710AWA11594</StopPointRef>
      <CommonName>Bromsgrove Street</CommonName>
    </AnnotatedStopPointRef>
    <AnnotatedStopPointRef>
      <StopPointRef>5710AWA11592</StopPointRef>
      <CommonName>Wilfred Brook House</CommonName>
    </AnnotatedStopPointRef>
    <AnnotatedStopPointRef>
      <StopPointRef>5710AWA11591</StopPointRef>
      <CommonName>Stockland St W2</CommonName>
    </AnnotatedStopPointRef>
    <AnnotatedStopPointRef>
      <StopPointRef>5710AWA11623</StopPointRef>
      <CommonName>North Clive St</CommonName>
    </AnnotatedStopPointRef>
    <AnnotatedStopPointRef>
      <StopPointRef>5710AWA11626</StopPointRef>
      <CommonName>Hereford Street</CommonName>
    </AnnotatedStopPointRef>
    <AnnotatedStopPointRef>
      <StopPointRef>5710AWA11628</StopPointRef>
      <CommonName>Clare Road</CommonName>
    </AnnotatedStopPointRef>
    <AnnotatedStopPointRef>
      <StopPointRef>5710AWA11683</StopPointRef>
      <CommonName>Beauchamp Street</CommonName>
    </AnnotatedStopPointRef>
    <AnnotatedStopPointRef>
      <StopPointRef>5710AWA11681</StopPointRef>
      <CommonName>Fitzhamon Embankment</CommonName>
    </AnnotatedStopPointRef>
    <AnnotatedStopPointRef>
      <StopPointRef>5710AWZ26249</StopPointRef>
      <CommonName>St David's House</CommonName>
    </AnnotatedStopPointRef>
  </StopPoints>
  <RouteSections>
    <RouteSection id="RS1">
      <RouteLink id="RL1">
        <From>
          <StopPointRef>5710AWA11597</StopPointRef>
        </From>
        <To>
          <StopPointRef>5710AWA11601</StopPointRef>
        </To>
        <Distance>1560</Distance>
        <Direction>outbound</Direction>
      </RouteLink>
      <RouteLink id="RL2">
        <From>
          <StopPointRef>5710AWA11601</StopPointRef>
        </From>
        <To>
          <StopPointRef>5720AWA12359</StopPointRef>
        </To>
        <Distance>2740</Distance>
        <Direction>outbound</Direction>
      </RouteLink>
      <RouteLink id="RL3">
        <From>
          <StopPointRef>5720AWA12359</StopPointRef>
        </From>
        <To>
          <StopPointRef>5720AWA12360</StopPointRef>
        </To>
        <Distance>340</Distance>
        <Direction>outbound</Direction>
      </RouteLink>
      <RouteLink id="RL4">
        <From>
          <StopPointRef>5720AWA12360</StopPointRef>
        </From>
        <To>
          <StopPointRef>5720AWA12356</StopPointRef>
        </To>
        <Distance>340</Distance>
        <Direction>outbound</Direction>
      </RouteLink>
      <RouteLink id="RL5">
        <From>
          <StopPointRef>5720AWA12356</StopPointRef>
        </From>
        <To>
          <StopPointRef>5720AWA12354</StopPointRef>
        </To>
        <Distance>280</Distance>
        <Direction>outbound</Direction>
      </RouteLink>
    </RouteSection>
    <RouteSection id="RS2">
      <RouteLink id="RL6">
        <From>
          <StopPointRef>5720AWA12355</StopPointRef>
        </From>
        <To>
          <StopPointRef>5720AWA12357</StopPointRef>
        </To>
        <Distance>220</Distance>
        <Direction>inbound</Direction>
      </RouteLink>
      <RouteLink id="RL7">
        <From>
          <StopPointRef>5720AWA12357</StopPointRef>
        </From>
        <To>
          <StopPointRef>5720AWA12358</StopPointRef>
        </To>
        <Distance>500</Distance>
        <Direction>inbound</Direction>
      </RouteLink>
      <RouteLink id="RL8">
        <From>
          <StopPointRef>5720AWA12358</StopPointRef>
        </From>
        <To>
          <StopPointRef>5720AWA11790</StopPointRef>
        </To>
        <Distance>480</Distance>
        <Direction>inbound</Direction>
      </RouteLink>
      <RouteLink id="RL9">
        <From>
          <StopPointRef>5720AWA11790</StopPointRef>
        </From>
        <To>
          <StopPointRef>5710AWA11601</StopPointRef>
        </To>
        <Distance>2060</Distance>
        <Direction>inbound</Direction>
      </RouteLink>
      <RouteLink id="RL10">
        <From>
          <StopPointRef>5710AWA11601</StopPointRef>
        </From>
        <To>
          <StopPointRef>5710AWA11599</StopPointRef>
        </To>
        <Distance>360</Distance>
        <Direction>inbound</Direction>
      </RouteLink>
      <RouteLink id="RL11">
        <From>
          <StopPointRef>5710AWA11599</StopPointRef>
        </From>
        <To>
          <StopPointRef>5710AWA11597</StopPointRef>
        </To>
        <Distance>360</Distance>
        <Direction>inbound</Direction>
      </RouteLink>
      <RouteLink id="RL12">
        <From>
          <StopPointRef>5710AWA11597</StopPointRef>
        </From>
        <To>
          <StopPointRef>5710AWA11594</StopPointRef>
        </To>
        <Distance>280</Distance>
        <Direction>inbound</Direction>
      </RouteLink>
      <RouteLink id="RL13">
        <From>
          <StopPointRef>5710AWA11594</StopPointRef>
        </From>
        <To>
          <StopPointRef>5710AWA11592</StopPointRef>
        </To>
        <Distance>140</Distance>
        <Direction>inbound</Direction>
      </RouteLink>
      <RouteLink id="RL14">
        <From>
          <StopPointRef>5710AWA11592</StopPointRef>
        </From>
        <To>
          <StopPointRef>5710AWA11591</StopPointRef>
        </To>
        <Distance>150</Distance>
        <Direction>inbound</Direction>
      </RouteLink>
      <RouteLink id="RL15">
        <From>
          <StopPointRef>5710AWA11591</StopPointRef>
        </From>
        <To>
          <StopPointRef>5710AWA11623</StopPointRef>
        </To>
        <Distance>130</Distance>
        <Direction>inbound</Direction>
      </RouteLink>
      <RouteLink id="RL16">
        <From>
          <StopPointRef>5710AWA11623</StopPointRef>
        </From>
        <To>
          <StopPointRef>5710AWA11626</StopPointRef>
        </To>
        <Distance>470</Distance>
        <Direction>inbound</Direction>
      </RouteLink>
      <RouteLink id="RL17">
        <From>
          <StopPointRef>5710AWA11626</StopPointRef>
        </From>
        <To>
          <StopPointRef>5710AWA11628</StopPointRef>
        </To>
        <Distance>250</Distance>
        <Direction>inbound</Direction>
      </RouteLink>
      <RouteLink id="RL18">
        <From>
          <StopPointRef>5710AWA11628</StopPointRef>
        </From>
        <To>
          <StopPointRef>5710AWA11683</StopPointRef>
        </To>
        <Distance>360</Distance>
        <Direction>inbound</Direction>
      </RouteLink>
      <RouteLink id="RL19">
        <From>
          <StopPointRef>5710AWA11683</StopPointRef>
        </From>
        <To>
          <StopPointRef>5710AWA11681</StopPointRef>
        </To>
        <Distance>210</Distance>
        <Direction>inbound</Direction>
      </RouteLink>
      <RouteLink id="RL20">
        <From>
          <StopPointRef>5710AWA11681</StopPointRef>
        </From>
        <To>
          <StopPointRef>5710AWZ26249</StopPointRef>
        </To>
        <Distance>270</Distance>
        <Direction>inbound</Direction>
      </RouteLink>
    </RouteSection>
  </RouteSections>
  <Routes>
    <Route id="RT1">
      <Description>Clive Street - Redlands Road (St Cyres School)</Description>
      <RouteSectionRef>RS1</RouteSectionRef>
    </Route>
    <Route id="RT2">
      <Description>Redlands Road (St Cyres School) - St David's House</Description>
      <RouteSectionRef>RS2</RouteSectionRef>
    </Route>
  </Routes>
  <JourneyPatternSections>
    <JourneyPatternSection id="JPS1">
      <JourneyPatternTimingLink id="JPTL1">
        <From SequenceNumber="1">
          <StopPointRef>5710AWA11597</StopPointRef>
          <TimingStatus>PTP</TimingStatus>
        </From>
        <To SequenceNumber="2">
          <StopPointRef>5710AWA11601</StopPointRef>
          <TimingStatus>PTP</TimingStatus>
        </To>
        <RouteLinkRef>RL1</RouteLinkRef>
        <RunTime>PT4M</RunTime>
      </JourneyPatternTimingLink>
      <JourneyPatternTimingLink id="JPTL2">
        <From SequenceNumber="2">
          <StopPointRef>5710AWA11601</StopPointRef>
          <TimingStatus>PTP</TimingStatus>
        </From>
        <To SequenceNumber="3">
          <StopPointRef>5720AWA12359</StopPointRef>
          <TimingStatus>PTP</TimingStatus>
        </To>
        <RouteLinkRef>RL2</RouteLinkRef>
        <RunTime>PT12M</RunTime>
      </JourneyPatternTimingLink>
      <JourneyPatternTimingLink id="JPTL3">
        <From SequenceNumber="3">
          <StopPointRef>5720AWA12359</StopPointRef>
          <TimingStatus>PTP</TimingStatus>
        </From>
        <To SequenceNumber="4">
          <StopPointRef>5720AWA12360</StopPointRef>
          <TimingStatus>OTH</TimingStatus>
        </To>
        <RouteLinkRef>RL3</RouteLinkRef>
        <RunTime>PT1M</RunTime>
      </JourneyPatternTimingLink>
      <JourneyPatternTimingLink id="JPTL4">
        <From SequenceNumber="4">
          <StopPointRef>5720AWA12360</StopPointRef>
          <TimingStatus>OTH</TimingStatus>
        </From>
        <To SequenceNumber="5">
          <StopPointRef>5720AWA12356</StopPointRef>
          <TimingStatus>OTH</TimingStatus>
        </To>
        <RouteLinkRef>RL4</RouteLinkRef>
        <RunTime>PT1M</RunTime>
      </JourneyPatternTimingLink>
      <JourneyPatternTimingLink id="JPTL5">
        <From SequenceNumber="5">
          <StopPointRef>5720AWA12356</StopPointRef>
          <TimingStatus>OTH</TimingStatus>
        </From>
        <To SequenceNumber="6">
          <StopPointRef>5720AWA12354</StopPointRef>
          <TimingStatus>PTP</TimingStatus>
        </To>
        <RouteLinkRef>RL5</RouteLinkRef>
        <RunTime>PT2M</RunTime>
      </JourneyPatternTimingLink>
    </JourneyPatternSection>
    <JourneyPatternSection id="JPS2">
      <JourneyPatternTimingLink id="JPTL6">
        <From SequenceNumber="1">
          <StopPointRef>5720AWA12355</StopPointRef>
          <TimingStatus>PTP</TimingStatus>
        </From>
        <To SequenceNumber="2">
          <StopPointRef>5720AWA12357</StopPointRef>
          <TimingStatus>OTH</TimingStatus>
        </To>
        <RouteLinkRef>RL6</RouteLinkRef>
        <RunTime>PT0S</RunTime>
      </JourneyPatternTimingLink>
      <JourneyPatternTimingLink id="JPTL7">
        <From SequenceNumber="2">
          <StopPointRef>5720AWA12357</StopPointRef>
          <TimingStatus>OTH</TimingStatus>
        </From>
        <To SequenceNumber="3">
          <StopPointRef>5720AWA12358</StopPointRef>
          <TimingStatus>OTH</TimingStatus>
        </To>
        <RouteLinkRef>RL7</RouteLinkRef>
        <RunTime>PT1M</RunTime>
      </JourneyPatternTimingLink>
      <JourneyPatternTimingLink id="JPTL8">
        <From SequenceNumber="3">
          <StopPointRef>5720AWA12358</StopPointRef>
          <TimingStatus>OTH</TimingStatus>
        </From>
        <To SequenceNumber="4">
          <StopPointRef>5720AWA11790</StopPointRef>
          <TimingStatus>PTP</TimingStatus>
        </To>
        <RouteLinkRef>RL8</RouteLinkRef>
        <RunTime>PT2M</RunTime>
      </JourneyPatternTimingLink>
      <JourneyPatternTimingLink id="JPTL9">
        <From SequenceNumber="4">
          <StopPointRef>5720AWA11790</StopPointRef>
          <TimingStatus>PTP</TimingStatus>
        </From>
        <To SequenceNumber="5">
          <StopPointRef>5710AWA11601</StopPointRef>
          <TimingStatus>PTP</TimingStatus>
        </To>
        <RouteLinkRef>RL9</RouteLinkRef>
        <RunTime>PT7M</RunTime>
      </JourneyPatternTimingLink>
      <JourneyPatternTimingLink id="JPTL10">
        <From SequenceNumber="5">
          <StopPointRef>5710AWA11601</StopPointRef>
          <TimingStatus>PTP</TimingStatus>
        </From>
        <To SequenceNumber="6">
          <StopPointRef>5710AWA11599</StopPointRef>
          <TimingStatus>OTH</TimingStatus>
        </To>
        <RouteLinkRef>RL10</RouteLinkRef>
        <RunTime>PT1M</RunTime>
      </JourneyPatternTimingLink>
      <JourneyPatternTimingLink id="JPTL11">
        <From SequenceNumber="6">
          <StopPointRef>5710AWA11599</StopPointRef>
          <TimingStatus>OTH</TimingStatus>
        </From>
        <To SequenceNumber="7">
          <StopPointRef>5710AWA11597</StopPointRef>
          <TimingStatus>PTP</TimingStatus>
        </To>
        <RouteLinkRef>RL11</RouteLinkRef>
        <RunTime>PT2M</RunTime>
      </JourneyPatternTimingLink>
      <JourneyPatternTimingLink id="JPTL12">
        <From SequenceNumber="7">
          <StopPointRef>5710AWA11597</StopPointRef>
          <TimingStatus>PTP</TimingStatus>
        </From>
        <To SequenceNumber="8">
          <StopPointRef>5710AWA11594</StopPointRef>
          <TimingStatus>OTH</TimingStatus>
        </To>
        <RouteLinkRef>RL12</RouteLinkRef>
        <RunTime>PT1M</RunTime>
      </JourneyPatternTimingLink>
      <JourneyPatternTimingLink id="JPTL13">
        <From SequenceNumber="8">
          <StopPointRef>5710AWA11594</StopPointRef>
          <TimingStatus>OTH</TimingStatus>
        </From>
        <To SequenceNumber="9">
          <StopPointRef>5710AWA11592</StopPointRef>
          <TimingStatus>OTH</TimingStatus>
        </To>
        <RouteLinkRef>RL13</RouteLinkRef>
        <RunTime>PT0S</RunTime>
      </JourneyPatternTimingLink>
      <JourneyPatternTimingLink id="JPTL14">
        <From SequenceNumber="9">
          <StopPointRef>5710AWA11592</StopPointRef>
          <TimingStatus>OTH</TimingStatus>
        </From>
        <To SequenceNumber="10">
          <StopPointRef>5710AWA11591</StopPointRef>
          <TimingStatus>OTH</TimingStatus>
        </To>
        <RouteLinkRef>RL14</RouteLinkRef>
        <RunTime>PT1M</RunTime>
      </JourneyPatternTimingLink>
      <JourneyPatternTimingLink id="JPTL15">
        <From SequenceNumber="10">
          <StopPointRef>5710AWA11591</StopPointRef>
          <TimingStatus>OTH</TimingStatus>
        </From>
        <To SequenceNumber="11">
          <StopPointRef>5710AWA11623</StopPointRef>
          <TimingStatus>OTH</TimingStatus>
        </To>
        <RouteLinkRef>RL15</RouteLinkRef>
        <RunTime>PT0S</RunTime>
      </JourneyPatternTimingLink>
      <JourneyPatternTimingLink id="JPTL16">
        <From SequenceNumber="11">
          <StopPointRef>5710AWA11623</StopPointRef>
          <TimingStatus>OTH</TimingStatus>
        </From>
        <To SequenceNumber="12">
          <StopPointRef>5710AWA11626</StopPointRef>
          <TimingStatus>OTH</TimingStatus>
        </To>
        <RouteLinkRef>RL16</RouteLinkRef>
        <RunTime>PT2M</RunTime>
      </JourneyPatternTimingLink>
      <JourneyPatternTimingLink id="JPTL17">
        <From SequenceNumber="12">
          <StopPointRef>5710AWA11626</StopPointRef>
          <TimingStatus>OTH</TimingStatus>
        </From>
        <To SequenceNumber="13">
          <StopPointRef>5710AWA11628</StopPointRef>
          <TimingStatus>OTH</TimingStatus>
        </To>
        <RouteLinkRef>RL17</RouteLinkRef>
        <RunTime>PT1M</RunTime>
      </JourneyPatternTimingLink>
      <JourneyPatternTimingLink id="JPTL18">
        <From SequenceNumber="13">
          <StopPointRef>5710AWA11628</StopPointRef>
          <TimingStatus>OTH</TimingStatus>
        </From>
        <To SequenceNumber="14">
          <StopPointRef>5710AWA11683</StopPointRef>
          <TimingStatus>OTH</TimingStatus>
        </To>
        <RouteLinkRef>RL18</RouteLinkRef>
        <RunTime>PT1M</RunTime>
      </JourneyPatternTimingLink>
      <JourneyPatternTimingLink id="JPTL19">
        <From SequenceNumber="14">
          <StopPointRef>5710AWA11683</StopPointRef>
          <TimingStatus>OTH</TimingStatus>
        </From>
        <To SequenceNumber="15">
          <StopPointRef>5710AWA11681</StopPointRef>
          <TimingStatus>OTH</TimingStatus>
        </To>
        <RouteLinkRef>RL19</RouteLinkRef>
        <RunTime>PT1M</RunTime>
      </JourneyPatternTimingLink>
      <JourneyPatternTimingLink id="JPTL20">
        <From SequenceNumber="15">
          <StopPointRef>5710AWA11681</StopPointRef>
          <TimingStatus>OTH</TimingStatus>
        </From>
        <To SequenceNumber="16">
          <StopPointRef>5710AWZ26249</StopPointRef>
          <TimingStatus>PTP</TimingStatus>
        </To>
        <RouteLinkRef>RL20</RouteLinkRef>
        <RunTime>PT2M</RunTime>
      </JourneyPatternTimingLink>
    </JourneyPatternSection>
  </JourneyPatternSections>
  <Operators>
    <Operator id="O1">
      <NationalOperatorCode>CBUS</NationalOperatorCode>
      <OperatorCode>CBUS</OperatorCode>
      <OperatorShortName>Cardiff Bus</OperatorShortName>
    </Operator>
  </Operators>
  <Services>
    <Service>
      <ServiceCode>CBAO093S</ServiceCode>
      <PrivateCode>CBAO093S</PrivateCode>
      <Lines>
        <Line id="SL1">
          <LineName>93S</LineName>
        </Line>
      </Lines>
      <OperatingPeriod>
        <StartDate>2017-05-01</StartDate>
      </OperatingPeriod>
      <OperatingProfile>
        <RegularDayType>
          <DaysOfWeek>
            <MondayToFriday />
          </DaysOfWeek>
        </RegularDayType>
      </OperatingProfile>
      <RegisteredOperatorRef>O1</RegisteredOperatorRef>
      <StopRequirements>
        <NoNewStopsRequired />
      </StopRequirements>
      <Mode>bus</Mode>
      <Description>Cardiff - St Cyres School via Ferry Road</Description>
      <StandardService>
        <Origin>Cardiff</Origin>
        <Destination>St Cyres School</Destination>
        <JourneyPattern id="JP1">
          <DestinationDisplay>Redlands Road (St Cyres School)</DestinationDisplay>
          <Direction>outbound</Direction>
          <RouteRef>RT1</RouteRef>
          <JourneyPatternSectionRefs>JPS1</JourneyPatternSectionRefs>
        </JourneyPattern>
        <JourneyPattern id="JP2">
          <DestinationDisplay>St David's House</DestinationDisplay>
          <Direction>inbound</Direction>
          <RouteRef>RT2</RouteRef>
          <JourneyPatternSectionRefs>JPS2</JourneyPatternSectionRefs>
        </JourneyPattern>
      </StandardService>
    </Service>
  </Services>
  <VehicleJourneys>
    <VehicleJourney SequenceNumber="1">
      <PrivateCode>93SMFCBA2:O:1</PrivateCode>
      <OperatingProfile>
        <RegularDayType>
          <DaysOfWeek>
            <MondayToFriday />
          </DaysOfWeek>
        </RegularDayType>
        <ServicedOrganisationDayType>
          <DaysOfOperation>
            <WorkingDays>
              <ServicedOrganisationRef>CDS</ServicedOrganisationRef>
            </WorkingDays>
          </DaysOfOperation>
        </ServicedOrganisationDayType>
        <BankHolidayOperation>
          <DaysOfNonOperation>
            <HolidayMondays />
          </DaysOfNonOperation>
        </BankHolidayOperation>
      </OperatingProfile>
      <VehicleJourneyCode>VJ1</VehicleJourneyCode>
      <ServiceRef>CBAO093S</ServiceRef>
      <LineRef>SL1</LineRef>
      <JourneyPatternRef>JP1</JourneyPatternRef>
      <DepartureTime>07:43:00</DepartureTime>
    </VehicleJourney>
    <VehicleJourney SequenceNumber="1">
      <PrivateCode>93SMFCBA2:I:1</PrivateCode>
      <OperatingProfile>
        <RegularDayType>
          <DaysOfWeek>
            <MondayToFriday />
          </DaysOfWeek>
        </RegularDayType>
        <ServicedOrganisationDayType>
          <DaysOfOperation>
            <WorkingDays>
              <ServicedOrganisationRef>CDS</ServicedOrganisationRef>
            </WorkingDays>
          </DaysOfOperation>
        </ServicedOrganisationDayType>
        <BankHolidayOperation>
          <DaysOfNonOperation>
            <HolidayMondays />
          </DaysOfNonOperation>
        </BankHolidayOperation>
      </OperatingProfile>
      <VehicleJourneyCode>VJ2</VehicleJourneyCode>
      <ServiceRef>CBAO093S</ServiceRef>
      <LineRef>SL1</LineRef>
      <JourneyPatternRef>JP2</JourneyPatternRef>
      <DepartureTime>14:50:00</DepartureTime>
    </VehicleJourney>
  </VehicleJourneys>
</TransXChange>