<?xml version="1.0" encoding="utf-8"?>
<TransXChange xmlns:xsd="http://www.w3.org/2001/XMLSchema" xmlns:xsi="http://www.w3.org/2001/XMLSchema-instance" xsi:schemaLocation="http://www.transxchange.org.uk/ http://www.transxchange.org.uk/schema/2.1/TransXChange_general.xsd" CreationDateTime="2017-09-25T12:56:07" ModificationDateTime="2017-09-25T12:56:07" Modification="revise" RevisionNumber="1" FileName="CardiffBus12-LeckwithRetailPark-Drope3_TXC_2017925-1256_CBAO012.xml" SchemaVersion="2.1" RegistrationDocument="false" xmlns="http://www.transxchange.org.uk/">
  <StopPoints>
    <AnnotatedStopPointRef>
      <StopPointRef>5710AWA11470</StopPointRef>
      <CommonName>Canton Chapter Arts Centre</CommonName>
    </AnnotatedStopPointRef>
    <AnnotatedStopPointRef>
      <StopPointRef>5710AWA11472</StopPointRef>
      <CommonName>Radnor Court</CommonName>
    </AnnotatedStopPointRef>
    <AnnotatedStopPointRef>
      <StopPointRef>5710AWA11475</StopPointRef>
      <CommonName>Clive Road</CommonName>
    </AnnotatedStopPointRef>
    <AnnotatedStopPointRef>
      <StopPointRef>5710AWA11477</StopPointRef>
      <CommonName>Wessex St</CommonName>
    </AnnotatedStopPointRef>
    <AnnotatedStopPointRef>
      <StopPointRef>5710AWA11478</StopPointRef>
      <CommonName>Victoria Park</CommonName>
    </AnnotatedStopPointRef>
    <AnnotatedStopPointRef>
      <StopPointRef>5710AWA11329</StopPointRef>
      <CommonName>Windway Road</CommonName>
    </AnnotatedStopPointRef>
    <AnnotatedStopPointRef>
      <StopPointRef>5710AWA11330</StopPointRef>
      <CommonName>Ely Bridge</CommonName>
    </AnnotatedStopPointRef>
    <AnnotatedStopPointRef>
      <StopPointRef>5710AWA11479</StopPointRef>
      <CommonName>Colin Way</CommonName>
    </AnnotatedStopPointRef>
    <AnnotatedStopPointRef>
      <StopPointRef>5710AWA11480</StopPointRef>
      <CommonName>Caerau Aldi</CommonName>
    </AnnotatedStopPointRef>
    <AnnotatedStopPointRef>
      <StopPointRef>5710AWA11481</StopPointRef>
      <CommonName>The Pendine</CommonName>
    </AnnotatedStopPointRef>
    <AnnotatedStopPointRef>
      <StopPointRef>5710AWA11482</StopPointRef>
      <CommonName>Ely Police Station</CommonName>
    </AnnotatedStopPointRef>
    <AnnotatedStopPointRef>
      <StopPointRef>5710AWA11483</StopPointRef>
      <CommonName>Wilson Road</CommonName>
    </AnnotatedStopPointRef>
    <AnnotatedStopPointRef>
      <StopPointRef>5710AWA11484</StopPointRef>
      <CommonName>Dusty Forge</CommonName>
    </AnnotatedStopPointRef>
    <AnnotatedStopPointRef>
      <StopPointRef>5710AWA11485</StopPointRef>
      <CommonName>Heol Trelai</CommonName>
    </AnnotatedStopPointRef>
    <AnnotatedStopPointRef>
      <StopPointRef>5710AWA11486</StopPointRef>
      <CommonName>Knightswell</CommonName>
    </AnnotatedStopPointRef>
    <AnnotatedStopPointRef>
      <StopPointRef>5710AWA11456</StopPointRef>
      <CommonName>Llanover Rd</CommonName>
    </AnnotatedStopPointRef>
    <AnnotatedStopPointRef>
      <StopPointRef>5710AWA11455</StopPointRef>
      <CommonName>Llanover Rd</CommonName>
    </AnnotatedStopPointRef>
    <AnnotatedStopPointRef>
      <StopPointRef>5710AWA11451</StopPointRef>
      <CommonName>Michaelston College</CommonName>
    </AnnotatedStopPointRef>
    <AnnotatedStopPointRef>
      <StopPointRef>5710AWA11450</StopPointRef>
      <CommonName>Mansell Ave</CommonName>
    </AnnotatedStopPointRef>
    <AnnotatedStopPointRef>
      <StopPointRef>5710AWA10370</StopPointRef>
      <CommonName>Leckwith Retail Park</CommonName>
    </AnnotatedStopPointRef>
    <AnnotatedStopPointRef>
      <StopPointRef>5710AWA10368</StopPointRef>
      <CommonName>Jubilee Park</CommonName>
    </AnnotatedStopPointRef>
    <AnnotatedStopPointRef>
      <StopPointRef>5710CAA02579</StopPointRef>
      <CommonName>Leckwith Place</CommonName>
    </AnnotatedStopPointRef>
    <AnnotatedStopPointRef>
      <StopPointRef>5710AWA11433</StopPointRef>
      <CommonName>Wellington Street</CommonName>
    </AnnotatedStopPointRef>
    <AnnotatedStopPointRef>
      <StopPointRef>5710AWA11467</StopPointRef>
      <CommonName>Wyndham Crescent</CommonName>
    </AnnotatedStopPointRef>
    <AnnotatedStopPointRef>
      <StopPointRef>5710AWA11468</StopPointRef>
      <CommonName>Albert Street</CommonName>
    </AnnotatedStopPointRef>
    <AnnotatedStopPointRef>
      <StopPointRef>5710AWA11449</StopPointRef>
      <CommonName>Coed Arhyd</CommonName>
    </AnnotatedStopPointRef>
    <AnnotatedStopPointRef>
      <StopPointRef>5710AWA11448</StopPointRef>
      <CommonName>Denison Way</CommonName>
    </AnnotatedStopPointRef>
    <AnnotatedStopPointRef>
      <StopPointRef>5710AWA11447</StopPointRef>
      <CommonName>Deepwood Close</CommonName>
    </AnnotatedStopPointRef>
    <AnnotatedStopPointRef>
      <StopPointRef>5710AWA11453</StopPointRef>
      <CommonName>Michaelston Road</CommonName>
    </AnnotatedStopPointRef>
    <AnnotatedStopPointRef>
      <StopPointRef>5710AWA11454</StopPointRef>
      <CommonName>Llanover Rd</CommonName>
    </AnnotatedStopPointRef>
    <AnnotatedStopPointRef>
      <StopPointRef>5710AWA11457</StopPointRef>
      <CommonName>Llanover Road</CommonName>
    </AnnotatedStopPointRef>
    <AnnotatedStopPointRef>
      <StopPointRef>5710AWA11489</StopPointRef>
      <CommonName>Cowbridge Road</CommonName>
    </AnnotatedStopPointRef>
    <AnnotatedStopPointRef>
      <StopPointRef>5710AWA11490</StopPointRef>
      <CommonName>Culverhouse Pub</CommonName>
    </AnnotatedStopPointRef>
    <AnnotatedStopPointRef>
      <StopPointRef>5710AWA11565</StopPointRef>
      <CommonName>Green Farm Road</CommonName>
    </AnnotatedStopPointRef>
    <AnnotatedStopPointRef>
      <StopPointRef>5710AWA11566</StopPointRef>
      <CommonName>Dusty Forge</CommonName>
    </AnnotatedStopPointRef>
    <AnnotatedStopPointRef>
      <StopPointRef>5710AWA11567</StopPointRef>
      <CommonName>Wilson Road</CommonName>
    </AnnotatedStopPointRef>
    <AnnotatedStopPointRef>
      <StopPointRef>5710AWA11568</StopPointRef>
      <CommonName>Ely Police Station</CommonName>
    </AnnotatedStopPointRef>
    <AnnotatedStopPointRef>
      <StopPointRef>5710AWA11569</StopPointRef>
      <CommonName>Amroth Road</CommonName>
    </AnnotatedStopPointRef>
    <AnnotatedStopPointRef>
      <StopPointRef>5710AWA11570</StopPointRef>
      <CommonName>Grand Avenue</CommonName>
    </AnnotatedStopPointRef>
    <AnnotatedStopPointRef>
      <StopPointRef>5710AWA11571</StopPointRef>
      <CommonName>Heol-y-Felin</CommonName>
    </AnnotatedStopPointRef>
    <AnnotatedStopPointRef>
      <StopPointRef>5710AWA11572</StopPointRef>
      <CommonName>Ely Legion</CommonName>
    </AnnotatedStopPointRef>
    <AnnotatedStopPointRef>
      <StopPointRef>5710AWA11320</StopPointRef>
      <CommonName>Ely Bridge</CommonName>
    </AnnotatedStopPointRef>
    <AnnotatedStopPointRef>
      <StopPointRef>5710AWA11321</StopPointRef>
      <CommonName>Windway Road</CommonName>
    </AnnotatedStopPointRef>
    <AnnotatedStopPointRef>
      <StopPointRef>5710AWA11413</StopPointRef>
      <CommonName>Victoria Park</CommonName>
    </AnnotatedStopPointRef>
    <AnnotatedStopPointRef>
      <StopPointRef>5710AWA11476</StopPointRef>
      <CommonName>Nesta Road</CommonName>
    </AnnotatedStopPointRef>
    <AnnotatedStopPointRef>
      <StopPointRef>5710AWA11474</StopPointRef>
      <CommonName>Clive Road</CommonName>
    </AnnotatedStopPointRef>
    <AnnotatedStopPointRef>
      <StopPointRef>5710AWA11473</StopPointRef>
      <CommonName>Radnor Court</CommonName>
    </AnnotatedStopPointRef>
    <AnnotatedStopPointRef>
      <StopPointRef>5710AWA11471</StopPointRef>
      <CommonName>Canton Chapter Arts Centre</CommonName>
    </AnnotatedStopPointRef>
    <AnnotatedStopPointRef>
      <StopPointRef>5710CAA02580</StopPointRef>
      <CommonName>Leckwith Place</CommonName>
    </AnnotatedStopPointRef>
    <AnnotatedStopPointRef>
      <StopPointRef>5710AWA10367</StopPointRef>
      <CommonName>Jubilee Park</CommonName>
    </AnnotatedStopPointRef>
  </StopPoints>
  <RouteSections>
    <RouteSection id="RS1">
      <RouteLink id="RL1">
        <From>
          <StopPointRef>5710AWA11470</StopPointRef>
        </From>
        <To>
          <StopPointRef>5710AWA11472</StopPointRef>
        </To>
        <Distance>280</Distance>
        <Direction>outbound</Direction>
      </RouteLink>
      <RouteLink id="RL2">
        <From>
          <StopPointRef>5710AWA11472</StopPointRef>
        </From>
        <To>
          <StopPointRef>5710AWA11475</StopPointRef>
        </To>
        <Distance>380</Distance>
        <Direction>outbound</Direction>
      </RouteLink>
      <RouteLink id="RL3">
        <From>
          <StopPointRef>5710AWA11475</StopPointRef>
        </From>
        <To>
          <StopPointRef>5710AWA11477</StopPointRef>
        </To>
        <Distance>200</Distance>
        <Direction>outbound</Direction>
      </RouteLink>
      <RouteLink id="RL4">
        <From>
          <StopPointRef>5710AWA11477</StopPointRef>
        </From>
        <To>
          <StopPointRef>5710AWA11478</StopPointRef>
        </To>
        <Distance>260</Distance>
        <Direction>outbound</Direction>
      </RouteLink>
      <RouteLink id="RL5">
        <From>
          <StopPointRef>5710AWA11478</StopPointRef>
        </From>
        <To>
          <StopPointRef>5710AWA11329</StopPointRef>
        </To>
        <Distance>370</Distance>
        <Direction>outbound</Direction>
      </RouteLink>
      <RouteLink id="RL6">
        <From>
          <StopPointRef>5710AWA11329</StopPointRef>
        </From>
        <To>
          <StopPointRef>5710AWA11330</StopPointRef>
        </To>
        <Distance>190</Distance>
        <Direction>outbound</Direction>
      </RouteLink>
      <RouteLink id="RL7">
        <From>
          <StopPointRef>5710AWA11330</StopPointRef>
        </From>
        <To>
          <StopPointRef>5710AWA11479</StopPointRef>
        </To>
        <Distance>670</Distance>
        <Direction>outbound</Direction>
      </RouteLink>
      <RouteLink id="RL8">
        <From>
          <StopPointRef>5710AWA11479</StopPointRef>
        </From>
        <To>
          <StopPointRef>5710AWA11480</StopPointRef>
        </To>
        <Distance>360</Distance>
        <Direction>outbound</Direction>
      </RouteLink>
      <RouteLink id="RL9">
        <From>
          <StopPointRef>5710AWA11480</StopPointRef>
        </From>
        <To>
          <StopPointRef>5710AWA11481</StopPointRef>
        </To>
        <Distance>270</Distance>
        <Direction>outbound</Direction>
      </RouteLink>
      <RouteLink id="RL10">
        <From>
          <StopPointRef>5710AWA11481</StopPointRef>
        </From>
        <To>
          <StopPointRef>5710AWA11482</StopPointRef>
        </To>
        <Distance>480</Distance>
        <Direction>outbound</Direction>
      </RouteLink>
      <RouteLink id="RL11">
        <From>
          <StopPointRef>5710AWA11482</StopPointRef>
        </From>
        <To>
          <StopPointRef>5710AWA11483</StopPointRef>
        </To>
        <Distance>320</Distance>
        <Direction>outbound</Direction>
      </RouteLink>
      <RouteLink id="RL12">
        <From>
          <StopPointRef>5710AWA11483</StopPointRef>
        </From>
        <To>
          <StopPointRef>5710AWA11484</StopPointRef>
        </To>
        <Distance>420</Distance>
        <Direction>outbound</Direction>
      </RouteLink>
      <RouteLink id="RL13">
        <From>
          <StopPointRef>5710AWA11484</StopPointRef>
        </From>
        <To>
          <StopPointRef>5710AWA11485</StopPointRef>
        </To>
        <Distance>300</Distance>
        <Direction>outbound</Direction>
      </RouteLink>
      <RouteLink id="RL14">
        <From>
          <StopPointRef>5710AWA11485</StopPointRef>
        </From>
        <To>
          <StopPointRef>5710AWA11486</StopPointRef>
        </To>
        <Distance>510</Distance>
        <Direction>outbound</Direction>
      </RouteLink>
      <RouteLink id="RL15">
        <From>
          <StopPointRef>5710AWA11486</StopPointRef>
        </From>
        <To>
          <StopPointRef>5710AWA11456</StopPointRef>
        </To>
        <Distance>510</Distance>
        <Direction>outbound</Direction>
      </RouteLink>
      <RouteLink id="RL16">
        <From>
          <StopPointRef>5710AWA11456</StopPointRef>
        </From>
        <To>
          <StopPointRef>5710AWA11455</StopPointRef>
        </To>
        <Distance>340</Distance>
        <Direction>outbound</Direction>
      </RouteLink>
      <RouteLink id="RL17">
        <From>
          <StopPointRef>5710AWA11455</StopPointRef>
        </From>
        <To>
          <StopPointRef>5710AWA11451</StopPointRef>
        </To>
        <Distance>250</Distance>
        <Direction>outbound</Direction>
      </RouteLink>
      <RouteLink id="RL18">
        <From>
          <StopPointRef>5710AWA11451</StopPointRef>
        </From>
        <To>
          <StopPointRef>5710AWA11450</StopPointRef>
        </To>
        <Distance>140</Distance>
        <Direction>outbound</Direction>
      </RouteLink>
    </RouteSection>
    <RouteSection id="RS2">
      <RouteLink id="RL19">
        <From>
          <StopPointRef>5710AWA10370</StopPointRef>
        </From>
        <To>
          <StopPointRef>5710AWA10368</StopPointRef>
        </To>
        <Distance>1030</Distance>
        <Direction>outbound</Direction>
      </RouteLink>
      <RouteLink id="RL20">
        <From>
          <StopPointRef>5710AWA10368</StopPointRef>
        </From>
        <To>
          <StopPointRef>5710CAA02579</StopPointRef>
        </To>
        <Distance>360</Distance>
        <Direction>outbound</Direction>
      </RouteLink>
      <RouteLink id="RL21">
        <From>
          <StopPointRef>5710CAA02579</StopPointRef>
        </From>
        <To>
          <StopPointRef>5710AWA11433</StopPointRef>
        </To>
        <Distance>340</Distance>
        <Direction>outbound</Direction>
      </RouteLink>
      <RouteLink id="RL22">
        <From>
          <StopPointRef>5710AWA11433</StopPointRef>
        </From>
        <To>
          <StopPointRef>5710AWA11467</StopPointRef>
        </To>
        <Distance>330</Distance>
        <Direction>outbound</Direction>
      </RouteLink>
      <RouteLink id="RL23">
        <From>
          <StopPointRef>5710AWA11467</StopPointRef>
        </From>
        <To>
          <StopPointRef>5710AWA11468</StopPointRef>
        </To>
        <Distance>160</Distance>
        <Direction>outbound</Direction>
      </RouteLink>
      <RouteLink id="RL24">
        <From>
          <StopPointRef>5710AWA11468</StopPointRef>
        </From>
        <To>
          <StopPointRef>5710AWA11470</StopPointRef>
        </To>
        <Distance>230</Distance>
        <Direction>outbound</Direction>
      </RouteLink>
      <RouteLink id="RL25">
        <From>
          <StopPointRef>5710AWA11470</StopPointRef>
        </From>
        <To>
          <StopPointRef>5710AWA11472</StopPointRef>
        </To>
        <Distance>280</Distance>
        <Direction>outbound</Direction>
      </RouteLink>
      <RouteLink id="RL26">
        <From>
          <StopPointRef>5710AWA11472</StopPointRef>
        </From>
        <To>
          <StopPointRef>5710AWA11475</StopPointRef>
        </To>
        <Distance>380</Distance>
        <Direction>outbound</Direction>
      </RouteLink>
      <RouteLink id="RL27">
        <From>
          <StopPointRef>5710AWA11475</StopPointRef>
        </From>
        <To>
          <StopPointRef>5710AWA11477</StopPointRef>
        </To>
        <Distance>200</Distance>
        <Direction>outbound</Direction>
      </RouteLink>
      <RouteLink id="RL28">
        <From>
          <StopPointRef>5710AWA11477</StopPointRef>
        </From>
        <To>
          <StopPointRef>5710AWA11478</StopPointRef>
        </To>
        <Distance>260</Distance>
        <Direction>outbound</Direction>
      </RouteLink>
      <RouteLink id="RL29">
        <From>
          <StopPointRef>5710AWA11478</StopPointRef>
        </From>
        <To>
          <StopPointRef>5710AWA11329</StopPointRef>
        </To>
        <Distance>370</Distance>
        <Direction>outbound</Direction>
      </RouteLink>
      <RouteLink id="RL30">
        <From>
          <StopPointRef>5710AWA11329</StopPointRef>
        </From>
        <To>
          <StopPointRef>5710AWA11330</StopPointRef>
        </To>
        <Distance>190</Distance>
        <Direction>outbound</Direction>
      </RouteLink>
      <RouteLink id="RL31">
        <From>
          <StopPointRef>5710AWA11330</StopPointRef>
        </From>
        <To>
          <StopPointRef>5710AWA11479</StopPointRef>
        </To>
        <Distance>670</Distance>
        <Direction>outbound</Direction>
      </RouteLink>
      <RouteLink id="RL32">
        <From>
          <StopPointRef>5710AWA11479</StopPointRef>
        </From>
        <To>
          <StopPointRef>5710AWA11480</StopPointRef>
        </To>
        <Distance>360</Distance>
        <Direction>outbound</Direction>
      </RouteLink>
      <RouteLink id="RL33">
        <From>
          <StopPointRef>5710AWA11480</StopPointRef>
        </From>
        <To>
          <StopPointRef>5710AWA11481</StopPointRef>
        </To>
        <Distance>270</Distance>
        <Direction>outbound</Direction>
      </RouteLink>
      <RouteLink id="RL34">
        <From>
          <StopPointRef>5710AWA11481</StopPointRef>
        </From>
        <To>
          <StopPointRef>5710AWA11482</StopPointRef>
        </To>
        <Distance>480</Distance>
        <Direction>outbound</Direction>
      </RouteLink>
      <RouteLink id="RL35">
        <From>
          <StopPointRef>5710AWA11482</StopPointRef>
        </From>
        <To>
          <StopPointRef>5710AWA11483</StopPointRef>
        </To>
        <Distance>320</Distance>
        <Direction>outbound</Direction>
      </RouteLink>
      <RouteLink id="RL36">
        <From>
          <StopPointRef>5710AWA11483</StopPointRef>
        </From>
        <To>
          <StopPointRef>5710AWA11484</StopPointRef>
        </To>
        <Distance>420</Distance>
        <Direction>outbound</Direction>
      </RouteLink>
      <RouteLink id="RL37">
        <From>
          <StopPointRef>5710AWA11484</StopPointRef>
        </From>
        <To>
          <StopPointRef>5710AWA11485</StopPointRef>
        </To>
        <Distance>300</Distance>
        <Direction>outbound</Direction>
      </RouteLink>
      <RouteLink id="RL38">
        <From>
          <StopPointRef>5710AWA11485</StopPointRef>
        </From>
        <To>
          <StopPointRef>5710AWA11486</StopPointRef>
        </To>
        <Distance>510</Distance>
        <Direction>outbound</Direction>
      </RouteLink>
      <RouteLink id="RL39">
        <From>
          <StopPointRef>5710AWA11486</StopPointRef>
        </From>
        <To>
          <StopPointRef>5710AWA11456</StopPointRef>
        </To>
        <Distance>510</Distance>
        <Direction>outbound</Direction>
      </RouteLink>
      <RouteLink id="RL40">
        <From>
          <StopPointRef>5710AWA11456</StopPointRef>
        </From>
        <To>
          <StopPointRef>5710AWA11455</StopPointRef>
        </To>
        <Distance>340</Distance>
        <Direction>outbound</Direction>
      </RouteLink>
      <RouteLink id="RL41">
        <From>
          <StopPointRef>5710AWA11455</StopPointRef>
        </From>
        <To>
          <StopPointRef>5710AWA11451</StopPointRef>
        </To>
        <Distance>250</Distance>
        <Direction>outbound</Direction>
      </RouteLink>
      <RouteLink id="RL42">
        <From>
          <StopPointRef>5710AWA11451</StopPointRef>
        </From>
        <To>
          <StopPointRef>5710AWA11450</StopPointRef>
        </To>
        <Distance>140</Distance>
        <Direction>outbound</Direction>
      </RouteLink>
    </RouteSection>
    <RouteSection id="RS3">
      <RouteLink id="RL43">
        <From>
          <StopPointRef>5710AWA11450</StopPointRef>
        </From>
        <To>
          <StopPointRef>5710AWA11449</StopPointRef>
        </To>
        <Distance>260</Distance>
        <Direction>inbound</Direction>
      </RouteLink>
      <RouteLink id="RL44">
        <From>
          <StopPointRef>5710AWA11449</StopPointRef>
        </From>
        <To>
          <StopPointRef>5710AWA11448</StopPointRef>
        </To>
        <Distance>170</Distance>
        <Direction>inbound</Direction>
      </RouteLink>
      <RouteLink id="RL45">
        <From>
          <StopPointRef>5710AWA11448</StopPointRef>
        </From>
        <To>
          <StopPointRef>5710AWA11447</StopPointRef>
        </To>
        <Distance>150</Distance>
        <Direction>inbound</Direction>
      </RouteLink>
      <RouteLink id="RL46">
        <From>
          <StopPointRef>5710AWA11447</StopPointRef>
        </From>
        <To>
          <StopPointRef>5710AWA11453</StopPointRef>
        </To>
        <Distance>430</Distance>
        <Direction>inbound</Direction>
      </RouteLink>
      <RouteLink id="RL47">
        <From>
          <StopPointRef>5710AWA11453</StopPointRef>
        </From>
        <To>
          <StopPointRef>5710AWA11454</StopPointRef>
        </To>
        <Distance>240</Distance>
        <Direction>inbound</Direction>
      </RouteLink>
      <RouteLink id="RL48">
        <From>
          <StopPointRef>5710AWA11454</StopPointRef>
        </From>
        <To>
          <StopPointRef>5710AWA11457</StopPointRef>
        </To>
        <Distance>370</Distance>
        <Direction>inbound</Direction>
      </RouteLink>
      <RouteLink id="RL49">
        <From>
          <StopPointRef>5710AWA11457</StopPointRef>
        </From>
        <To>
          <StopPointRef>5710AWA11489</StopPointRef>
        </To>
        <Distance>210</Distance>
        <Direction>inbound</Direction>
      </RouteLink>
      <RouteLink id="RL50">
        <From>
          <StopPointRef>5710AWA11489</StopPointRef>
        </From>
        <To>
          <StopPointRef>5710AWA11490</StopPointRef>
        </To>
        <Distance>340</Distance>
        <Direction>inbound</Direction>
      </RouteLink>
      <RouteLink id="RL51">
        <From>
          <StopPointRef>5710AWA11490</StopPointRef>
        </From>
        <To>
          <StopPointRef>5710AWA11565</StopPointRef>
        </To>
        <Distance>330</Distance>
        <Direction>inbound</Direction>
      </RouteLink>
      <RouteLink id="RL52">
        <From>
          <StopPointRef>5710AWA11565</StopPointRef>
        </From>
        <To>
          <StopPointRef>5710AWA11566</StopPointRef>
        </To>
        <Distance>330</Distance>
        <Direction>inbound</Direction>
      </RouteLink>
      <RouteLink id="RL53">
        <From>
          <StopPointRef>5710AWA11566</StopPointRef>
        </From>
        <To>
          <StopPointRef>5710AWA11567</StopPointRef>
        </To>
        <Distance>350</Distance>
        <Direction>inbound</Direction>
      </RouteLink>
      <RouteLink id="RL54">
        <From>
          <StopPointRef>5710AWA11567</StopPointRef>
        </From>
        <To>
          <StopPointRef>5710AWA11568</StopPointRef>
        </To>
        <Distance>450</Distance>
        <Direction>inbound</Direction>
      </RouteLink>
      <RouteLink id="RL55">
        <From>
          <StopPointRef>5710AWA11568</StopPointRef>
        </From>
        <To>
          <StopPointRef>5710AWA11569</StopPointRef>
        </To>
        <Distance>320</Distance>
        <Direction>inbound</Direction>
      </RouteLink>
      <RouteLink id="RL56">
        <From>
          <StopPointRef>5710AWA11569</StopPointRef>
        </From>
        <To>
          <StopPointRef>5710AWA11570</StopPointRef>
        </To>
        <Distance>350</Distance>
        <Direction>inbound</Direction>
      </RouteLink>
      <RouteLink id="RL57">
        <From>
          <StopPointRef>5710AWA11570</StopPointRef>
        </From>
        <To>
          <StopPointRef>5710AWA11571</StopPointRef>
        </To>
        <Distance>280</Distance>
        <Direction>inbound</Direction>
      </RouteLink>
      <RouteLink id="RL58">
        <From>
          <StopPointRef>5710AWA11571</StopPointRef>
        </From>
        <To>
          <StopPointRef>5710AWA11572</StopPointRef>
        </To>
        <Distance>220</Distance>
        <Direction>inbound</Direction>
      </RouteLink>
      <RouteLink id="RL59">
        <From>
          <StopPointRef>5710AWA11572</StopPointRef>
        </From>
        <To>
          <StopPointRef>5710AWA11320</StopPointRef>
        </To>
        <Distance>510</Distance>
        <Direction>inbound</Direction>
      </RouteLink>
      <RouteLink id="RL60">
        <From>
          <StopPointRef>5710AWA11320</StopPointRef>
        </From>
        <To>
          <StopPointRef>5710AWA11321</StopPointRef>
        </To>
        <Distance>240</Distance>
        <Direction>inbound</Direction>
      </RouteLink>
      <RouteLink id="RL61">
        <From>
          <StopPointRef>5710AWA11321</StopPointRef>
        </From>
        <To>
          <StopPointRef>5710AWA11413</StopPointRef>
        </To>
        <Distance>400</Distance>
        <Direction>inbound</Direction>
      </RouteLink>
      <RouteLink id="RL62">
        <From>
          <StopPointRef>5710AWA11413</StopPointRef>
        </From>
        <To>
          <StopPointRef>5710AWA11476</StopPointRef>
        </To>
        <Distance>270</Distance>
        <Direction>inbound</Direction>
      </RouteLink>
      <RouteLink id="RL63">
        <From>
          <StopPointRef>5710AWA11476</StopPointRef>
        </From>
        <To>
          <StopPointRef>5710AWA11474</StopPointRef>
        </To>
        <Distance>220</Distance>
        <Direction>inbound</Direction>
      </RouteLink>
      <RouteLink id="RL64">
        <From>
          <StopPointRef>5710AWA11474</StopPointRef>
        </From>
        <To>
          <StopPointRef>5710AWA11473</StopPointRef>
        </To>
        <Distance>330</Distance>
        <Direction>inbound</Direction>
      </RouteLink>
      <RouteLink id="RL65">
        <From>
          <StopPointRef>5710AWA11473</StopPointRef>
        </From>
        <To>
          <StopPointRef>5710AWA11471</StopPointRef>
        </To>
        <Distance>270</Distance>
        <Direction>inbound</Direction>
      </RouteLink>
      <RouteLink id="RL66">
        <From>
          <StopPointRef>5710AWA11471</StopPointRef>
        </From>
        <To>
          <StopPointRef>5710CAA02580</StopPointRef>
        </To>
        <Distance>540</Distance>
        <Direction>inbound</Direction>
      </RouteLink>
      <RouteLink id="RL67">
        <From>
          <StopPointRef>5710CAA02580</StopPointRef>
        </From>
        <To>
          <StopPointRef>5710AWA10367</StopPointRef>
        </To>
        <Distance>300</Distance>
        <Direction>inbound</Direction>
      </RouteLink>
      <RouteLink id="RL68">
        <From>
          <StopPointRef>5710AWA10367</StopPointRef>
        </From>
        <To>
          <StopPointRef>5710AWA10370</StopPointRef>
        </To>
        <Distance>600</Distance>
        <Direction>inbound</Direction>
      </RouteLink>
    </RouteSection>
    <RouteSection id="RS4">
      <RouteLink id="RL69">
        <From>
          <StopPointRef>5710AWA11450</StopPointRef>
        </From>
        <To>
          <StopPointRef>5710AWA11449</StopPointRef>
        </To>
        <Distance>260</Distance>
        <Direction>inbound</Direction>
      </RouteLink>
      <RouteLink id="RL70">
        <From>
          <StopPointRef>5710AWA11449</StopPointRef>
        </From>
        <To>
          <StopPointRef>5710AWA11448</StopPointRef>
        </To>
        <Distance>170</Distance>
        <Direction>inbound</Direction>
      </RouteLink>
      <RouteLink id="RL71">
        <From>
          <StopPointRef>5710AWA11448</StopPointRef>
        </From>
        <To>
          <StopPointRef>5710AWA11447</StopPointRef>
        </To>
        <Distance>150</Distance>
        <Direction>inbound</Direction>
      </RouteLink>
      <RouteLink id="RL72">
        <From>
          <StopPointRef>5710AWA11447</StopPointRef>
        </From>
        <To>
          <StopPointRef>5710AWA11453</StopPointRef>
        </To>
        <Distance>430</Distance>
        <Direction>inbound</Direction>
      </RouteLink>
      <RouteLink id="RL73">
        <From>
          <StopPointRef>5710AWA11453</StopPointRef>
        </From>
        <To>
          <StopPointRef>5710AWA11454</StopPointRef>
        </To>
        <Distance>240</Distance>
        <Direction>inbound</Direction>
      </RouteLink>
      <RouteLink id="RL74">
        <From>
          <StopPointRef>5710AWA11454</StopPointRef>
        </From>
        <To>
          <StopPointRef>5710AWA11457</StopPointRef>
        </To>
        <Distance>370</Distance>
        <Direction>inbound</Direction>
      </RouteLink>
      <RouteLink id="RL75">
        <From>
          <StopPointRef>5710AWA11457</StopPointRef>
        </From>
        <To>
          <StopPointRef>5710AWA11489</StopPointRef>
        </To>
        <Distance>210</Distance>
        <Direction>inbound</Direction>
      </RouteLink>
      <RouteLink id="RL76">
        <From>
          <StopPointRef>5710AWA11489</StopPointRef>
        </From>
        <To>
          <StopPointRef>5710AWA11490</StopPointRef>
        </To>
        <Distance>340</Distance>
        <Direction>inbound</Direction>
      </RouteLink>
      <RouteLink id="RL77">
        <From>
          <StopPointRef>5710AWA11490</StopPointRef>
        </From>
        <To>
          <StopPointRef>5710AWA11565</StopPointRef>
        </To>
        <Distance>330</Distance>
        <Direction>inbound</Direction>
      </RouteLink>
      <RouteLink id="RL78">
        <From>
          <StopPointRef>5710AWA11565</StopPointRef>
        </From>
        <To>
          <StopPointRef>5710AWA11566</StopPointRef>
        </To>
        <Distance>330</Distance>
        <Direction>inbound</Direction>
      </RouteLink>
      <RouteLink id="RL79">
        <From>
          <StopPointRef>5710AWA11566</StopPointRef>
        </From>
        <To>
          <StopPointRef>5710AWA11567</StopPointRef>
        </To>
        <Distance>350</Distance>
        <Direction>inbound</Direction>
      </RouteLink>
      <RouteLink id="RL80">
        <From>
          <StopPointRef>5710AWA11567</StopPointRef>
        </From>
        <To>
          <StopPointRef>5710AWA11568</StopPointRef>
        </To>
        <Distance>450</Distance>
        <Direction>inbound</Direction>
      </RouteLink>
      <RouteLink id="RL81">
        <From>
          <StopPointRef>5710AWA11568</StopPointRef>
        </From>
        <To>
          <StopPointRef>5710AWA11569</StopPointRef>
        </To>
        <Distance>320</Distance>
        <Direction>inbound</Direction>
      </RouteLink>
      <RouteLink id="RL82">
        <From>
          <StopPointRef>5710AWA11569</StopPointRef>
        </From>
        <To>
          <StopPointRef>5710AWA11570</StopPointRef>
        </To>
        <Distance>350</Distance>
        <Direction>inbound</Direction>
      </RouteLink>
      <RouteLink id="RL83">
        <From>
          <StopPointRef>5710AWA11570</StopPointRef>
        </From>
        <To>
          <StopPointRef>5710AWA11571</StopPointRef>
        </To>
        <Distance>280</Distance>
        <Direction>inbound</Direction>
      </RouteLink>
      <RouteLink id="RL84">
        <From>
          <StopPointRef>5710AWA11571</StopPointRef>
        </From>
        <To>
          <StopPointRef>5710AWA11572</StopPointRef>
        </To>
        <Distance>220</Distance>
        <Direction>inbound</Direction>
      </RouteLink>
      <RouteLink id="RL85">
        <From>
          <StopPointRef>5710AWA11572</StopPointRef>
        </From>
        <To>
          <StopPointRef>5710AWA11320</StopPointRef>
        </To>
        <Distance>510</Distance>
        <Direction>inbound</Direction>
      </RouteLink>
      <RouteLink id="RL86">
        <From>
          <StopPointRef>5710AWA11320</StopPointRef>
        </From>
        <To>
          <StopPointRef>5710AWA11321</StopPointRef>
        </To>
        <Distance>240</Distance>
        <Direction>inbound</Direction>
      </RouteLink>
      <RouteLink id="RL87">
        <From>
          <StopPointRef>5710AWA11321</StopPointRef>
        </From>
        <To>
          <StopPointRef>5710AWA11413</StopPointRef>
        </To>
        <Distance>400</Distance>
        <Direction>inbound</Direction>
      </RouteLink>
      <RouteLink id="RL88">
        <From>
          <StopPointRef>5710AWA11413</StopPointRef>
        </From>
        <To>
          <StopPointRef>5710AWA11476</StopPointRef>
        </To>
        <Distance>270</Distance>
        <Direction>inbound</Direction>
      </RouteLink>
      <RouteLink id="RL89">
        <From>
          <StopPointRef>5710AWA11476</StopPointRef>
        </From>
        <To>
          <StopPointRef>5710AWA11474</StopPointRef>
        </To>
        <Distance>220</Distance>
        <Direction>inbound</Direction>
      </RouteLink>
      <RouteLink id="RL90">
        <From>
          <StopPointRef>5710AWA11474</StopPointRef>
        </From>
        <To>
          <StopPointRef>5710AWA11473</StopPointRef>
        </To>
        <Distance>330</Distance>
        <Direction>inbound</Direction>
      </RouteLink>
      <RouteLink id="RL91">
        <From>
          <StopPointRef>5710AWA11473</StopPointRef>
        </From>
        <To>
          <StopPointRef>5710AWA11471</StopPointRef>
        </To>
        <Distance>270</Distance>
        <Direction>inbound</Direction>
      </RouteLink>
    </RouteSection>
  </RouteSections>
  <Routes>
    <Route id="RT1">
      <Description>Canton Chapter Arts Centre - Mansell Ave</Description>
      <RouteSectionRef>RS1</RouteSectionRef>
    </Route>
    <Route id="RT2">
      <Description>Leckwith Retail Park - Mansell Ave</Description>
      <RouteSectionRef>RS2</RouteSectionRef>
    </Route>
    <Route id="RT3">
      <Description>Mansell Ave - Leckwith Retail Park</Description>
      <RouteSectionRef>RS3</RouteSectionRef>
    </Route>
    <Route id="RT4">
      <Description>Mansell Ave - Canton Chapter Arts Centre</Description>
      <RouteSectionRef>RS4</RouteSectionRef>
    </Route>
  </Routes>
  <JourneyPatternSections>
    <JourneyPatternSection id="JPS1">
      <JourneyPatternTimingLink id="JPTL1">
        <From SequenceNumber="7">
          <StopPointRef>5710AWA11470</StopPointRef>
          <TimingStatus>PTP</TimingStatus>
        </From>
        <To SequenceNumber="8">
          <StopPointRef>5710AWA11472</StopPointRef>
          <TimingStatus>OTH</TimingStatus>
        </To>
        <RouteLinkRef>RL1</RouteLinkRef>
        <RunTime>PT0S</RunTime>
      </JourneyPatternTimingLink>
      <JourneyPatternTimingLink id="JPTL2">
        <From SequenceNumber="8">
          <StopPointRef>5710AWA11472</StopPointRef>
          <TimingStatus>OTH</TimingStatus>
        </From>
        <To SequenceNumber="9">
          <StopPointRef>5710AWA11475</StopPointRef>
          <TimingStatus>OTH</TimingStatus>
        </To>
        <RouteLinkRef>RL2</RouteLinkRef>
        <RunTime>PT1M</RunTime>
      </JourneyPatternTimingLink>
      <JourneyPatternTimingLink id="JPTL3">
        <From SequenceNumber="9">
          <StopPointRef>5710AWA11475</StopPointRef>
          <TimingStatus>OTH</TimingStatus>
        </From>
        <To SequenceNumber="10">
          <StopPointRef>5710AWA11477</StopPointRef>
          <TimingStatus>OTH</TimingStatus>
        </To>
        <RouteLinkRef>RL3</RouteLinkRef>
        <RunTime>PT1M</RunTime>
      </JourneyPatternTimingLink>
      <JourneyPatternTimingLink id="JPTL4">
        <From SequenceNumber="10">
          <StopPointRef>5710AWA11477</StopPointRef>
          <TimingStatus>OTH</TimingStatus>
        </From>
        <To SequenceNumber="11">
          <StopPointRef>5710AWA11478</StopPointRef>
          <TimingStatus>OTH</TimingStatus>
        </To>
        <RouteLinkRef>RL4</RouteLinkRef>
        <RunTime>PT1M</RunTime>
      </JourneyPatternTimingLink>
      <JourneyPatternTimingLink id="JPTL5">
        <From SequenceNumber="11">
          <StopPointRef>5710AWA11478</StopPointRef>
          <TimingStatus>OTH</TimingStatus>
        </From>
        <To SequenceNumber="12">
          <StopPointRef>5710AWA11329</StopPointRef>
          <TimingStatus>PTP</TimingStatus>
        </To>
        <RouteLinkRef>RL5</RouteLinkRef>
        <RunTime>PT1M</RunTime>
      </JourneyPatternTimingLink>
      <JourneyPatternTimingLink id="JPTL6">
        <From SequenceNumber="12">
          <StopPointRef>5710AWA11329</StopPointRef>
          <TimingStatus>PTP</TimingStatus>
        </From>
        <To SequenceNumber="13">
          <StopPointRef>5710AWA11330</StopPointRef>
          <TimingStatus>OTH</TimingStatus>
        </To>
        <RouteLinkRef>RL6</RouteLinkRef>
        <RunTime>PT0S</RunTime>
      </JourneyPatternTimingLink>
      <JourneyPatternTimingLink id="JPTL7">
        <From SequenceNumber="13">
          <StopPointRef>5710AWA11330</StopPointRef>
          <TimingStatus>OTH</TimingStatus>
        </From>
        <To SequenceNumber="14">
          <StopPointRef>5710AWA11479</StopPointRef>
          <TimingStatus>OTH</TimingStatus>
        </To>
        <RouteLinkRef>RL7</RouteLinkRef>
        <RunTime>PT2M</RunTime>
      </JourneyPatternTimingLink>
      <JourneyPatternTimingLink id="JPTL8">
        <From SequenceNumber="14">
          <StopPointRef>5710AWA11479</StopPointRef>
          <TimingStatus>OTH</TimingStatus>
        </From>
        <To SequenceNumber="15">
          <StopPointRef>5710AWA11480</StopPointRef>
          <TimingStatus>PTP</TimingStatus>
        </To>
        <RouteLinkRef>RL8</RouteLinkRef>
        <RunTime>PT2M</RunTime>
      </JourneyPatternTimingLink>
      <JourneyPatternTimingLink id="JPTL9">
        <From SequenceNumber="15">
          <StopPointRef>5710AWA11480</StopPointRef>
          <TimingStatus>PTP</TimingStatus>
        </From>
        <To SequenceNumber="16">
          <StopPointRef>5710AWA11481</StopPointRef>
          <TimingStatus>OTH</TimingStatus>
        </To>
        <RouteLinkRef>RL9</RouteLinkRef>
        <RunTime>PT0S</RunTime>
      </JourneyPatternTimingLink>
      <JourneyPatternTimingLink id="JPTL10">
        <From SequenceNumber="16">
          <StopPointRef>5710AWA11481</StopPointRef>
          <TimingStatus>OTH</TimingStatus>
        </From>
        <To SequenceNumber="17">
          <StopPointRef>5710AWA11482</StopPointRef>
          <TimingStatus>OTH</TimingStatus>
        </To>
        <RouteLinkRef>RL10</RouteLinkRef>
        <RunTime>PT2M</RunTime>
      </JourneyPatternTimingLink>
      <JourneyPatternTimingLink id="JPTL11">
        <From SequenceNumber="17">
          <StopPointRef>5710AWA11482</StopPointRef>
          <TimingStatus>OTH</TimingStatus>
        </From>
        <To SequenceNumber="18">
          <StopPointRef>5710AWA11483</StopPointRef>
          <TimingStatus>PTP</TimingStatus>
        </To>
        <RouteLinkRef>RL11</RouteLinkRef>
        <RunTime>PT1M</RunTime>
      </JourneyPatternTimingLink>
      <JourneyPatternTimingLink id="JPTL12">
        <From SequenceNumber="18">
          <StopPointRef>5710AWA11483</StopPointRef>
          <TimingStatus>PTP</TimingStatus>
        </From>
        <To SequenceNumber="19">
          <StopPointRef>5710AWA11484</StopPointRef>
          <TimingStatus>OTH</TimingStatus>
        </To>
        <RouteLinkRef>RL12</RouteLinkRef>
        <RunTime>PT0S</RunTime>
      </JourneyPatternTimingLink>
      <JourneyPatternTimingLink id="JPTL13">
        <From SequenceNumber="19">
          <StopPointRef>5710AWA11484</StopPointRef>
          <TimingStatus>OTH</TimingStatus>
        </From>
        <To SequenceNumber="20">
          <StopPointRef>5710AWA11485</StopPointRef>
          <TimingStatus>OTH</TimingStatus>
        </To>
        <RouteLinkRef>RL13</RouteLinkRef>
        <RunTime>PT1M</RunTime>
      </JourneyPatternTimingLink>
      <JourneyPatternTimingLink id="JPTL14">
        <From SequenceNumber="20">
          <StopPointRef>5710AWA11485</StopPointRef>
          <TimingStatus>OTH</TimingStatus>
        </From>
        <To SequenceNumber="21">
          <StopPointRef>5710AWA11486</StopPointRef>
          <TimingStatus>OTH</TimingStatus>
        </To>
        <RouteLinkRef>RL14</RouteLinkRef>
        <RunTime>PT1M</RunTime>
      </JourneyPatternTimingLink>
      <JourneyPatternTimingLink id="JPTL15">
        <From SequenceNumber="21">
          <StopPointRef>5710AWA11486</StopPointRef>
          <TimingStatus>OTH</TimingStatus>
        </From>
        <To SequenceNumber="22">
          <StopPointRef>5710AWA11456</StopPointRef>
          <TimingStatus>PTP</TimingStatus>
        </To>
        <RouteLinkRef>RL15</RouteLinkRef>
        <RunTime>PT2M</RunTime>
      </JourneyPatternTimingLink>
      <JourneyPatternTimingLink id="JPTL16">
        <From SequenceNumber="22">
          <StopPointRef>5710AWA11456</StopPointRef>
          <TimingStatus>PTP</TimingStatus>
        </From>
        <To SequenceNumber="23">
          <StopPointRef>5710AWA11455</StopPointRef>
          <TimingStatus>OTH</TimingStatus>
        </To>
        <RouteLinkRef>RL16</RouteLinkRef>
        <RunTime>PT1M</RunTime>
      </JourneyPatternTimingLink>
      <JourneyPatternTimingLink id="JPTL17">
        <From SequenceNumber="23">
          <StopPointRef>5710AWA11455</StopPointRef>
          <TimingStatus>OTH</TimingStatus>
        </From>
        <To SequenceNumber="24">
          <StopPointRef>5710AWA11451</StopPointRef>
          <TimingStatus>OTH</TimingStatus>
        </To>
        <RouteLinkRef>RL17</RouteLinkRef>
        <RunTime>PT1M</RunTime>
      </JourneyPatternTimingLink>
      <JourneyPatternTimingLink id="JPTL18">
        <From SequenceNumber="24">
          <StopPointRef>5710AWA11451</StopPointRef>
          <TimingStatus>OTH</TimingStatus>
        </From>
        <To SequenceNumber="25">
          <StopPointRef>5710AWA11450</StopPointRef>
          <TimingStatus>PTP</TimingStatus>
        </To>
        <RouteLinkRef>RL18</RouteLinkRef>
        <RunTime>PT1M</RunTime>
      </JourneyPatternTimingLink>
    </JourneyPatternSection>
    <JourneyPatternSection id="JPS2">
      <JourneyPatternTimingLink id="JPTL19">
        <From SequenceNumber="1">
          <StopPointRef>5710AWA10370</StopPointRef>
          <TimingStatus>PTP</TimingStatus>
        </From>
        <To SequenceNumber="2">
          <StopPointRef>5710AWA10368</StopPointRef>
          <TimingStatus>OTH</TimingStatus>
        </To>
        <RouteLinkRef>RL19</RouteLinkRef>
        <RunTime>PT3M</RunTime>
      </JourneyPatternTimingLink>
      <JourneyPatternTimingLink id="JPTL20">
        <From SequenceNumber="2">
          <StopPointRef>5710AWA10368</StopPointRef>
          <TimingStatus>OTH</TimingStatus>
        </From>
        <To SequenceNumber="3">
          <StopPointRef>5710CAA02579</StopPointRef>
          <TimingStatus>OTH</TimingStatus>
        </To>
        <RouteLinkRef>RL20</RouteLinkRef>
        <RunTime>PT1M</RunTime>
      </JourneyPatternTimingLink>
      <JourneyPatternTimingLink id="JPTL21">
        <From SequenceNumber="3">
          <StopPointRef>5710CAA02579</StopPointRef>
          <TimingStatus>OTH</TimingStatus>
        </From>
        <To SequenceNumber="4">
          <StopPointRef>5710AWA11433</StopPointRef>
          <TimingStatus>OTH</TimingStatus>
        </To>
        <RouteLinkRef>RL21</RouteLinkRef>
        <RunTime>PT1M</RunTime>
      </JourneyPatternTimingLink>
      <JourneyPatternTimingLink id="JPTL22">
        <From SequenceNumber="4">
          <StopPointRef>5710AWA11433</StopPointRef>
          <TimingStatus>OTH</TimingStatus>
        </From>
        <To SequenceNumber="5">
          <StopPointRef>5710AWA11467</StopPointRef>
          <TimingStatus>OTH</TimingStatus>
        </To>
        <RouteLinkRef>RL22</RouteLinkRef>
        <RunTime>PT1M</RunTime>
      </JourneyPatternTimingLink>
      <JourneyPatternTimingLink id="JPTL23">
        <From SequenceNumber="5">
          <StopPointRef>5710AWA11467</StopPointRef>
          <TimingStatus>OTH</TimingStatus>
        </From>
        <To SequenceNumber="6">
          <StopPointRef>5710AWA11468</StopPointRef>
          <TimingStatus>OTH</TimingStatus>
        </To>
        <RouteLinkRef>RL23</RouteLinkRef>
        <RunTime>PT1M</RunTime>
      </JourneyPatternTimingLink>
      <JourneyPatternTimingLink id="JPTL24">
        <From SequenceNumber="6">
          <StopPointRef>5710AWA11468</StopPointRef>
          <TimingStatus>OTH</TimingStatus>
        </From>
        <To SequenceNumber="7">
          <StopPointRef>5710AWA11470</StopPointRef>
          <TimingStatus>PTP</TimingStatus>
        </To>
        <RouteLinkRef>RL24</RouteLinkRef>
        <RunTime>PT1M</RunTime>
      </JourneyPatternTimingLink>
      <JourneyPatternTimingLink id="JPTL25">
        <From SequenceNumber="7">
          <StopPointRef>5710AWA11470</StopPointRef>
          <TimingStatus>PTP</TimingStatus>
        </From>
        <To SequenceNumber="8">
          <StopPointRef>5710AWA11472</StopPointRef>
          <TimingStatus>OTH</TimingStatus>
        </To>
        <RouteLinkRef>RL25</RouteLinkRef>
        <RunTime>PT0S</RunTime>
      </JourneyPatternTimingLink>
      <JourneyPatternTimingLink id="JPTL26">
        <From SequenceNumber="8">
          <StopPointRef>5710AWA11472</StopPointRef>
          <TimingStatus>OTH</TimingStatus>
        </From>
        <To SequenceNumber="9">
          <StopPointRef>5710AWA11475</StopPointRef>
          <TimingStatus>OTH</TimingStatus>
        </To>
        <RouteLinkRef>RL26</RouteLinkRef>
        <RunTime>PT1M</RunTime>
      </JourneyPatternTimingLink>
      <JourneyPatternTimingLink id="JPTL27">
        <From SequenceNumber="9">
          <StopPointRef>5710AWA11475</StopPointRef>
          <TimingStatus>OTH</TimingStatus>
        </From>
        <To SequenceNumber="10">
          <StopPointRef>5710AWA11477</StopPointRef>
          <TimingStatus>OTH</TimingStatus>
        </To>
        <RouteLinkRef>RL27</RouteLinkRef>
        <RunTime>PT1M</RunTime>
      </JourneyPatternTimingLink>
      <JourneyPatternTimingLink id="JPTL28">
        <From SequenceNumber="10">
          <StopPointRef>5710AWA11477</StopPointRef>
          <TimingStatus>OTH</TimingStatus>
        </From>
        <To SequenceNumber="11">
          <StopPointRef>5710AWA11478</StopPointRef>
          <TimingStatus>OTH</TimingStatus>
        </To>
        <RouteLinkRef>RL28</RouteLinkRef>
        <RunTime>PT1M</RunTime>
      </JourneyPatternTimingLink>
      <JourneyPatternTimingLink id="JPTL29">
        <From SequenceNumber="11">
          <StopPointRef>5710AWA11478</StopPointRef>
          <TimingStatus>OTH</TimingStatus>
        </From>
        <To SequenceNumber="12">
          <StopPointRef>5710AWA11329</StopPointRef>
          <TimingStatus>PTP</TimingStatus>
        </To>
        <RouteLinkRef>RL29</RouteLinkRef>
        <RunTime>PT1M</RunTime>
      </JourneyPatternTimingLink>
      <JourneyPatternTimingLink id="JPTL30">
        <From SequenceNumber="12">
          <StopPointRef>5710AWA11329</StopPointRef>
          <TimingStatus>PTP</TimingStatus>
        </From>
        <To SequenceNumber="13">
          <StopPointRef>5710AWA11330</StopPointRef>
          <TimingStatus>OTH</TimingStatus>
        </To>
        <RouteLinkRef>RL30</RouteLinkRef>
        <RunTime>PT0S</RunTime>
      </JourneyPatternTimingLink>
      <JourneyPatternTimingLink id="JPTL31">
        <From SequenceNumber="13">
          <StopPointRef>5710AWA11330</StopPointRef>
          <TimingStatus>OTH</TimingStatus>
        </From>
        <To SequenceNumber="14">
          <StopPointRef>5710AWA11479</StopPointRef>
          <TimingStatus>OTH</TimingStatus>
        </To>
        <RouteLinkRef>RL31</RouteLinkRef>
        <RunTime>PT2M</RunTime>
      </JourneyPatternTimingLink>
      <JourneyPatternTimingLink id="JPTL32">
        <From SequenceNumber="14">
          <StopPointRef>5710AWA11479</StopPointRef>
          <TimingStatus>OTH</TimingStatus>
        </From>
        <To SequenceNumber="15">
          <StopPointRef>5710AWA11480</StopPointRef>
          <TimingStatus>PTP</TimingStatus>
        </To>
        <RouteLinkRef>RL32</RouteLinkRef>
        <RunTime>PT2M</RunTime>
      </JourneyPatternTimingLink>
      <JourneyPatternTimingLink id="JPTL33">
        <From SequenceNumber="15">
          <StopPointRef>5710AWA11480</StopPointRef>
          <TimingStatus>PTP</TimingStatus>
        </From>
        <To SequenceNumber="16">
          <StopPointRef>5710AWA11481</StopPointRef>
          <TimingStatus>OTH</TimingStatus>
        </To>
        <RouteLinkRef>RL33</RouteLinkRef>
        <RunTime>PT0S</RunTime>
      </JourneyPatternTimingLink>
      <JourneyPatternTimingLink id="JPTL34">
        <From SequenceNumber="16">
          <StopPointRef>5710AWA11481</StopPointRef>
          <TimingStatus>OTH</TimingStatus>
        </From>
        <To SequenceNumber="17">
          <StopPointRef>5710AWA11482</StopPointRef>
          <TimingStatus>OTH</TimingStatus>
        </To>
        <RouteLinkRef>RL34</RouteLinkRef>
        <RunTime>PT2M</RunTime>
      </JourneyPatternTimingLink>
      <JourneyPatternTimingLink id="JPTL35">
        <From SequenceNumber="17">
          <StopPointRef>5710AWA11482</StopPointRef>
          <TimingStatus>OTH</TimingStatus>
        </From>
        <To SequenceNumber="18">
          <StopPointRef>5710AWA11483</StopPointRef>
          <TimingStatus>PTP</TimingStatus>
        </To>
        <RouteLinkRef>RL35</RouteLinkRef>
        <RunTime>PT1M</RunTime>
      </JourneyPatternTimingLink>
      <JourneyPatternTimingLink id="JPTL36">
        <From SequenceNumber="18">
          <StopPointRef>5710AWA11483</StopPointRef>
          <TimingStatus>PTP</TimingStatus>
        </From>
        <To SequenceNumber="19">
          <StopPointRef>5710AWA11484</StopPointRef>
          <TimingStatus>OTH</TimingStatus>
        </To>
        <RouteLinkRef>RL36</RouteLinkRef>
        <RunTime>PT0S</RunTime>
      </JourneyPatternTimingLink>
      <JourneyPatternTimingLink id="JPTL37">
        <From SequenceNumber="19">
          <StopPointRef>5710AWA11484</StopPointRef>
          <TimingStatus>OTH</TimingStatus>
        </From>
        <To SequenceNumber="20">
          <StopPointRef>5710AWA11485</StopPointRef>
          <TimingStatus>OTH</TimingStatus>
        </To>
        <RouteLinkRef>RL37</RouteLinkRef>
        <RunTime>PT1M</RunTime>
      </JourneyPatternTimingLink>
      <JourneyPatternTimingLink id="JPTL38">
        <From SequenceNumber="20">
          <StopPointRef>5710AWA11485</StopPointRef>
          <TimingStatus>OTH</TimingStatus>
        </From>
        <To SequenceNumber="21">
          <StopPointRef>5710AWA11486</StopPointRef>
          <TimingStatus>OTH</TimingStatus>
        </To>
        <RouteLinkRef>RL38</RouteLinkRef>
        <RunTime>PT1M</RunTime>
      </JourneyPatternTimingLink>
      <JourneyPatternTimingLink id="JPTL39">
        <From SequenceNumber="21">
          <StopPointRef>5710AWA11486</StopPointRef>
          <TimingStatus>OTH</TimingStatus>
        </From>
        <To SequenceNumber="22">
          <StopPointRef>5710AWA11456</StopPointRef>
          <TimingStatus>PTP</TimingStatus>
        </To>
        <RouteLinkRef>RL39</RouteLinkRef>
        <RunTime>PT2M</RunTime>
      </JourneyPatternTimingLink>
      <JourneyPatternTimingLink id="JPTL40">
        <From SequenceNumber="22">
          <StopPointRef>5710AWA11456</StopPointRef>
          <TimingStatus>PTP</TimingStatus>
        </From>
        <To SequenceNumber="23">
          <StopPointRef>5710AWA11455</StopPointRef>
          <TimingStatus>OTH</TimingStatus>
        </To>
        <RouteLinkRef>RL40</RouteLinkRef>
        <RunTime>PT1M</RunTime>
      </JourneyPatternTimingLink>
      <JourneyPatternTimingLink id="JPTL41">
        <From SequenceNumber="23">
          <StopPointRef>5710AWA11455</StopPointRef>
          <TimingStatus>OTH</TimingStatus>
        </From>
        <To SequenceNumber="24">
          <StopPointRef>5710AWA11451</StopPointRef>
          <TimingStatus>OTH</TimingStatus>
        </To>
        <RouteLinkRef>RL41</RouteLinkRef>
        <RunTime>PT1M</RunTime>
      </JourneyPatternTimingLink>
      <JourneyPatternTimingLink id="JPTL42">
        <From SequenceNumber="24">
          <StopPointRef>5710AWA11451</StopPointRef>
          <TimingStatus>OTH</TimingStatus>
        </From>
        <To SequenceNumber="25">
          <StopPointRef>5710AWA11450</StopPointRef>
          <TimingStatus>PTP</TimingStatus>
        </To>
        <RouteLinkRef>RL42</RouteLinkRef>
        <RunTime>PT1M</RunTime>
      </JourneyPatternTimingLink>
    </JourneyPatternSection>
    <JourneyPatternSection id="JPS3">
      <JourneyPatternTimingLink id="JPTL43">
        <From SequenceNumber="1">
          <StopPointRef>5710AWA11450</StopPointRef>
          <TimingStatus>PTP</TimingStatus>
        </From>
        <To SequenceNumber="2">
          <StopPointRef>5710AWA11449</StopPointRef>
          <TimingStatus>OTH</TimingStatus>
        </To>
        <RouteLinkRef>RL43</RouteLinkRef>
        <RunTime>PT1M</RunTime>
      </JourneyPatternTimingLink>
      <JourneyPatternTimingLink id="JPTL44">
        <From SequenceNumber="2">
          <StopPointRef>5710AWA11449</StopPointRef>
          <TimingStatus>OTH</TimingStatus>
        </From>
        <To SequenceNumber="3">
          <StopPointRef>5710AWA11448</StopPointRef>
          <TimingStatus>PTP</TimingStatus>
        </To>
        <RouteLinkRef>RL44</RouteLinkRef>
        <RunTime>PT1M</RunTime>
      </JourneyPatternTimingLink>
      <JourneyPatternTimingLink id="JPTL45">
        <From SequenceNumber="3">
          <StopPointRef>5710AWA11448</StopPointRef>
          <TimingStatus>PTP</TimingStatus>
        </From>
        <To SequenceNumber="4">
          <StopPointRef>5710AWA11447</StopPointRef>
          <TimingStatus>OTH</TimingStatus>
        </To>
        <RouteLinkRef>RL45</RouteLinkRef>
        <RunTime>PT0S</RunTime>
      </JourneyPatternTimingLink>
      <JourneyPatternTimingLink id="JPTL46">
        <From SequenceNumber="4">
          <StopPointRef>5710AWA11447</StopPointRef>
          <TimingStatus>OTH</TimingStatus>
        </From>
        <To SequenceNumber="5">
          <StopPointRef>5710AWA11453</StopPointRef>
          <TimingStatus>OTH</TimingStatus>
        </To>
        <RouteLinkRef>RL46</RouteLinkRef>
        <RunTime>PT2M</RunTime>
      </JourneyPatternTimingLink>
      <JourneyPatternTimingLink id="JPTL47">
        <From SequenceNumber="5">
          <StopPointRef>5710AWA11453</StopPointRef>
          <TimingStatus>OTH</TimingStatus>
        </From>
        <To SequenceNumber="6">
          <StopPointRef>5710AWA11454</StopPointRef>
          <TimingStatus>OTH</TimingStatus>
        </To>
        <RouteLinkRef>RL47</RouteLinkRef>
        <RunTime>PT0S</RunTime>
      </JourneyPatternTimingLink>
      <JourneyPatternTimingLink id="JPTL48">
        <From SequenceNumber="6">
          <StopPointRef>5710AWA11454</StopPointRef>
          <TimingStatus>OTH</TimingStatus>
        </From>
        <To SequenceNumber="7">
          <StopPointRef>5710AWA11457</StopPointRef>
          <TimingStatus>OTH</TimingStatus>
        </To>
        <RouteLinkRef>RL48</RouteLinkRef>
        <RunTime>PT1M</RunTime>
      </JourneyPatternTimingLink>
      <JourneyPatternTimingLink id="JPTL49">
        <From SequenceNumber="7">
          <StopPointRef>5710AWA11457</StopPointRef>
          <TimingStatus>OTH</TimingStatus>
        </From>
        <To SequenceNumber="8">
          <StopPointRef>5710AWA11489</StopPointRef>
          <TimingStatus>OTH</TimingStatus>
        </To>
        <RouteLinkRef>RL49</RouteLinkRef>
        <RunTime>PT1M</RunTime>
      </JourneyPatternTimingLink>
      <JourneyPatternTimingLink id="JPTL50">
        <From SequenceNumber="8">
          <StopPointRef>5710AWA11489</StopPointRef>
          <TimingStatus>OTH</TimingStatus>
        </From>
        <To SequenceNumber="9">
          <StopPointRef>5710AWA11490</StopPointRef>
          <TimingStatus>OTH</TimingStatus>
        </To>
        <RouteLinkRef>RL50</RouteLinkRef>
        <RunTime>PT1M</RunTime>
      </JourneyPatternTimingLink>
      <JourneyPatternTimingLink id="JPTL51">
        <From SequenceNumber="9">
          <StopPointRef>5710AWA11490</StopPointRef>
          <TimingStatus>OTH</TimingStatus>
        </From>
        <To SequenceNumber="10">
          <StopPointRef>5710AWA11565</StopPointRef>
          <TimingStatus>OTH</TimingStatus>
        </To>
        <RouteLinkRef>RL51</RouteLinkRef>
        <RunTime>PT1M</RunTime>
      </JourneyPatternTimingLink>
      <JourneyPatternTimingLink id="JPTL52">
        <From SequenceNumber="10">
          <StopPointRef>5710AWA11565</StopPointRef>
          <TimingStatus>OTH</TimingStatus>
        </From>
        <To SequenceNumber="11">
          <StopPointRef>5710AWA11566</StopPointRef>
          <TimingStatus>OTH</TimingStatus>
        </To>
        <RouteLinkRef>RL52</RouteLinkRef>
        <RunTime>PT1M</RunTime>
      </JourneyPatternTimingLink>
      <JourneyPatternTimingLink id="JPTL53">
        <From SequenceNumber="11">
          <StopPointRef>5710AWA11566</StopPointRef>
          <TimingStatus>OTH</TimingStatus>
        </From>
        <To SequenceNumber="12">
          <StopPointRef>5710AWA11567</StopPointRef>
          <TimingStatus>OTH</TimingStatus>
        </To>
        <RouteLinkRef>RL53</RouteLinkRef>
        <RunTime>PT0S</RunTime>
      </JourneyPatternTimingLink>
      <JourneyPatternTimingLink id="JPTL54">
        <From SequenceNumber="12">
          <StopPointRef>5710AWA11567</StopPointRef>
          <TimingStatus>OTH</TimingStatus>
        </From>
        <To SequenceNumber="13">
          <StopPointRef>5710AWA11568</StopPointRef>
          <TimingStatus>PTP</TimingStatus>
        </To>
        <RouteLinkRef>RL54</RouteLinkRef>
        <RunTime>PT2M</RunTime>
      </JourneyPatternTimingLink>
      <JourneyPatternTimingLink id="JPTL55">
        <From SequenceNumber="13">
          <StopPointRef>5710AWA11568</StopPointRef>
          <TimingStatus>PTP</TimingStatus>
        </From>
        <To SequenceNumber="14">
          <StopPointRef>5710AWA11569</StopPointRef>
          <TimingStatus>OTH</TimingStatus>
        </To>
        <RouteLinkRef>RL55</RouteLinkRef>
        <RunTime>PT1M</RunTime>
      </JourneyPatternTimingLink>
      <JourneyPatternTimingLink id="JPTL56">
        <From SequenceNumber="14">
          <StopPointRef>5710AWA11569</StopPointRef>
          <TimingStatus>OTH</TimingStatus>
        </From>
        <To SequenceNumber="15">
          <StopPointRef>5710AWA11570</StopPointRef>
          <TimingStatus>PTP</TimingStatus>
        </To>
        <RouteLinkRef>RL56</RouteLinkRef>
        <RunTime>PT2M</RunTime>
      </JourneyPatternTimingLink>
      <JourneyPatternTimingLink id="JPTL57">
        <From SequenceNumber="15">
          <StopPointRef>5710AWA11570</StopPointRef>
          <TimingStatus>PTP</TimingStatus>
        </From>
        <To SequenceNumber="16">
          <StopPointRef>5710AWA11571</StopPointRef>
          <TimingStatus>OTH</TimingStatus>
        </To>
        <RouteLinkRef>RL57</RouteLinkRef>
        <RunTime>PT0S</RunTime>
      </JourneyPatternTimingLink>
      <JourneyPatternTimingLink id="JPTL58">
        <From SequenceNumber="16">
          <StopPointRef>5710AWA11571</StopPointRef>
          <TimingStatus>OTH</TimingStatus>
        </From>
        <To SequenceNumber="17">
          <StopPointRef>5710AWA11572</StopPointRef>
          <TimingStatus>OTH</TimingStatus>
        </To>
        <RouteLinkRef>RL58</RouteLinkRef>
        <RunTime>PT1M</RunTime>
      </JourneyPatternTimingLink>
      <JourneyPatternTimingLink id="JPTL59">
        <From SequenceNumber="17">
          <StopPointRef>5710AWA11572</StopPointRef>
          <TimingStatus>OTH</TimingStatus>
        </From>
        <To SequenceNumber="18">
          <StopPointRef>5710AWA11320</StopPointRef>
          <TimingStatus>OTH</TimingStatus>
        </To>
        <RouteLinkRef>RL59</RouteLinkRef>
        <RunTime>PT1M</RunTime>
      </JourneyPatternTimingLink>
      <JourneyPatternTimingLink id="JPTL60">
        <From SequenceNumber="18">
          <StopPointRef>5710AWA11320</StopPointRef>
          <TimingStatus>OTH</TimingStatus>
        </From>
        <To SequenceNumber="19">
          <StopPointRef>5710AWA11321</StopPointRef>
          <TimingStatus>OTH</TimingStatus>
        </To>
        <RouteLinkRef>RL60</RouteLinkRef>
        <RunTime>PT0S</RunTime>
      </JourneyPatternTimingLink>
      <JourneyPatternTimingLink id="JPTL61">
        <From SequenceNumber="19">
          <StopPointRef>5710AWA11321</StopPointRef>
          <TimingStatus>OTH</TimingStatus>
        </From>
        <To SequenceNumber="20">
          <StopPointRef>5710AWA11413</StopPointRef>
          <TimingStatus>PTP</TimingStatus>
        </To>
        <RouteLinkRef>RL61</RouteLinkRef>
        <RunTime>PT2M</RunTime>
      </JourneyPatternTimingLink>
      <JourneyPatternTimingLink id="JPTL62">
        <From SequenceNumber="20">
          <StopPointRef>5710AWA11413</StopPointRef>
          <TimingStatus>PTP</TimingStatus>
        </From>
        <To SequenceNumber="21">
          <StopPointRef>5710AWA11476</StopPointRef>
          <TimingStatus>OTH</TimingStatus>
        </To>
        <RouteLinkRef>RL62</RouteLinkRef>
        <RunTime>PT1M</RunTime>
      </JourneyPatternTimingLink>
      <JourneyPatternTimingLink id="JPTL63">
        <From SequenceNumber="21">
          <StopPointRef>5710AWA11476</StopPointRef>
          <TimingStatus>OTH</TimingStatus>
        </From>
        <To SequenceNumber="22">
          <StopPointRef>5710AWA11474</StopPointRef>
          <TimingStatus>OTH</TimingStatus>
        </To>
        <RouteLinkRef>RL63</RouteLinkRef>
        <RunTime>PT1M</RunTime>
      </JourneyPatternTimingLink>
      <JourneyPatternTimingLink id="JPTL64">
        <From SequenceNumber="22">
          <StopPointRef>5710AWA11474</StopPointRef>
          <TimingStatus>OTH</TimingStatus>
        </From>
        <To SequenceNumber="23">
          <StopPointRef>5710AWA11473</StopPointRef>
          <TimingStatus>OTH</TimingStatus>
        </To>
        <RouteLinkRef>RL64</RouteLinkRef>
        <RunTime>PT1M</RunTime>
      </JourneyPatternTimingLink>
      <JourneyPatternTimingLink id="JPTL65">
        <From SequenceNumber="23">
          <StopPointRef>5710AWA11473</StopPointRef>
          <TimingStatus>OTH</TimingStatus>
        </From>
        <To SequenceNumber="24">
          <StopPointRef>5710AWA11471</StopPointRef>
          <TimingStatus>PTP</TimingStatus>
        </To>
        <RouteLinkRef>RL65</RouteLinkRef>
        <RunTime>PT2M</RunTime>
      </JourneyPatternTimingLink>
      <JourneyPatternTimingLink id="JPTL66">
        <From SequenceNumber="24">
          <StopPointRef>5710AWA11471</StopPointRef>
          <TimingStatus>PTP</TimingStatus>
        </From>
        <To SequenceNumber="25">
          <StopPointRef>5710CAA02580</StopPointRef>
          <TimingStatus>OTH</TimingStatus>
        </To>
        <RouteLinkRef>RL66</RouteLinkRef>
        <RunTime>PT1M</RunTime>
      </JourneyPatternTimingLink>
      <JourneyPatternTimingLink id="JPTL67">
        <From SequenceNumber="25">
          <StopPointRef>5710CAA02580</StopPointRef>
          <TimingStatus>OTH</TimingStatus>
        </From>
        <To SequenceNumber="26">
          <StopPointRef>5710AWA10367</StopPointRef>
          <TimingStatus>OTH</TimingStatus>
        </To>
        <RouteLinkRef>RL67</RouteLinkRef>
        <RunTime>PT1M</RunTime>
      </JourneyPatternTimingLink>
      <JourneyPatternTimingLink id="JPTL68">
        <From SequenceNumber="26">
          <StopPointRef>5710AWA10367</StopPointRef>
          <TimingStatus>OTH</TimingStatus>
        </From>
        <To SequenceNumber="27">
          <StopPointRef>5710AWA10370</StopPointRef>
          <TimingStatus>PTP</TimingStatus>
        </To>
        <RouteLinkRef>RL68</RouteLinkRef>
        <RunTime>PT3M</RunTime>
      </JourneyPatternTimingLink>
    </JourneyPatternSection>
    <JourneyPatternSection id="JPS4">
      <JourneyPatternTimingLink id="JPTL69">
        <From SequenceNumber="1">
          <StopPointRef>5710AWA11450</StopPointRef>
          <TimingStatus>PTP</TimingStatus>
        </From>
        <To SequenceNumber="2">
          <StopPointRef>5710AWA11449</StopPointRef>
          <TimingStatus>OTH</TimingStatus>
        </To>
        <RouteLinkRef>RL69</RouteLinkRef>
        <RunTime>PT1M</RunTime>
      </JourneyPatternTimingLink>
      <JourneyPatternTimingLink id="JPTL70">
        <From SequenceNumber="2">
          <StopPointRef>5710AWA11449</StopPointRef>
          <TimingStatus>OTH</TimingStatus>
        </From>
        <To SequenceNumber="3">
          <StopPointRef>5710AWA11448</StopPointRef>
          <TimingStatus>PTP</TimingStatus>
        </To>
        <RouteLinkRef>RL70</RouteLinkRef>
        <RunTime>PT1M</RunTime>
      </JourneyPatternTimingLink>
      <JourneyPatternTimingLink id="JPTL71">
        <From SequenceNumber="3">
          <StopPointRef>5710AWA11448</StopPointRef>
          <TimingStatus>PTP</TimingStatus>
        </From>
        <To SequenceNumber="4">
          <StopPointRef>5710AWA11447</StopPointRef>
          <TimingStatus>OTH</TimingStatus>
        </To>
        <RouteLinkRef>RL71</RouteLinkRef>
        <RunTime>PT0S</RunTime>
      </JourneyPatternTimingLink>
      <JourneyPatternTimingLink id="JPTL72">
        <From SequenceNumber="4">
          <StopPointRef>5710AWA11447</StopPointRef>
          <TimingStatus>OTH</TimingStatus>
        </From>
        <To SequenceNumber="5">
          <StopPointRef>5710AWA11453</StopPointRef>
          <TimingStatus>OTH</TimingStatus>
        </To>
        <RouteLinkRef>RL72</RouteLinkRef>
        <RunTime>PT2M</RunTime>
      </JourneyPatternTimingLink>
      <JourneyPatternTimingLink id="JPTL73">
        <From SequenceNumber="5">
          <StopPointRef>5710AWA11453</StopPointRef>
          <TimingStatus>OTH</TimingStatus>
        </From>
        <To SequenceNumber="6">
          <StopPointRef>5710AWA11454</StopPointRef>
          <TimingStatus>OTH</TimingStatus>
        </To>
        <RouteLinkRef>RL73</RouteLinkRef>
        <RunTime>PT0S</RunTime>
      </JourneyPatternTimingLink>
      <JourneyPatternTimingLink id="JPTL74">
        <From SequenceNumber="6">
          <StopPointRef>5710AWA11454</StopPointRef>
          <TimingStatus>OTH</TimingStatus>
        </From>
        <To SequenceNumber="7">
          <StopPointRef>5710AWA11457</StopPointRef>
          <TimingStatus>OTH</TimingStatus>
        </To>
        <RouteLinkRef>RL74</RouteLinkRef>
        <RunTime>PT1M</RunTime>
      </JourneyPatternTimingLink>
      <JourneyPatternTimingLink id="JPTL75">
        <From SequenceNumber="7">
          <StopPointRef>5710AWA11457</StopPointRef>
          <TimingStatus>OTH</TimingStatus>
        </From>
        <To SequenceNumber="8">
          <StopPointRef>5710AWA11489</StopPointRef>
          <TimingStatus>OTH</TimingStatus>
        </To>
        <RouteLinkRef>RL75</RouteLinkRef>
        <RunTime>PT1M</RunTime>
      </JourneyPatternTimingLink>
      <JourneyPatternTimingLink id="JPTL76">
        <From SequenceNumber="8">
          <StopPointRef>5710AWA11489</StopPointRef>
          <TimingStatus>OTH</TimingStatus>
        </From>
        <To SequenceNumber="9">
          <StopPointRef>5710AWA11490</StopPointRef>
          <TimingStatus>OTH</TimingStatus>
        </To>
        <RouteLinkRef>RL76</RouteLinkRef>
        <RunTime>PT1M</RunTime>
      </JourneyPatternTimingLink>
      <JourneyPatternTimingLink id="JPTL77">
        <From SequenceNumber="9">
          <StopPointRef>5710AWA11490</StopPointRef>
          <TimingStatus>OTH</TimingStatus>
        </From>
        <To SequenceNumber="10">
          <StopPointRef>5710AWA11565</StopPointRef>
          <TimingStatus>OTH</TimingStatus>
        </To>
        <RouteLinkRef>RL77</RouteLinkRef>
        <RunTime>PT1M</RunTime>
      </JourneyPatternTimingLink>
      <JourneyPatternTimingLink id="JPTL78">
        <From SequenceNumber="10">
          <StopPointRef>5710AWA11565</StopPointRef>
          <TimingStatus>OTH</TimingStatus>
        </From>
        <To SequenceNumber="11">
          <StopPointRef>5710AWA11566</StopPointRef>
          <TimingStatus>OTH</TimingStatus>
        </To>
        <RouteLinkRef>RL78</RouteLinkRef>
        <RunTime>PT1M</RunTime>
      </JourneyPatternTimingLink>
      <JourneyPatternTimingLink id="JPTL79">
        <From SequenceNumber="11">
          <StopPointRef>5710AWA11566</StopPointRef>
          <TimingStatus>OTH</TimingStatus>
        </From>
        <To SequenceNumber="12">
          <StopPointRef>5710AWA11567</StopPointRef>
          <TimingStatus>OTH</TimingStatus>
        </To>
        <RouteLinkRef>RL79</RouteLinkRef>
        <RunTime>PT0S</RunTime>
      </JourneyPatternTimingLink>
      <JourneyPatternTimingLink id="JPTL80">
        <From SequenceNumber="12">
          <StopPointRef>5710AWA11567</StopPointRef>
          <TimingStatus>OTH</TimingStatus>
        </From>
        <To SequenceNumber="13">
          <StopPointRef>5710AWA11568</StopPointRef>
          <TimingStatus>PTP</TimingStatus>
        </To>
        <RouteLinkRef>RL80</RouteLinkRef>
        <RunTime>PT2M</RunTime>
      </JourneyPatternTimingLink>
      <JourneyPatternTimingLink id="JPTL81">
        <From SequenceNumber="13">
          <StopPointRef>5710AWA11568</StopPointRef>
          <TimingStatus>PTP</TimingStatus>
        </From>
        <To SequenceNumber="14">
          <StopPointRef>5710AWA11569</StopPointRef>
          <TimingStatus>OTH</TimingStatus>
        </To>
        <RouteLinkRef>RL81</RouteLinkRef>
        <RunTime>PT1M</RunTime>
      </JourneyPatternTimingLink>
      <JourneyPatternTimingLink id="JPTL82">
        <From SequenceNumber="14">
          <StopPointRef>5710AWA11569</StopPointRef>
          <TimingStatus>OTH</TimingStatus>
        </From>
        <To SequenceNumber="15">
          <StopPointRef>5710AWA11570</StopPointRef>
          <TimingStatus>PTP</TimingStatus>
        </To>
        <RouteLinkRef>RL82</RouteLinkRef>
        <RunTime>PT2M</RunTime>
      </JourneyPatternTimingLink>
      <JourneyPatternTimingLink id="JPTL83">
        <From SequenceNumber="15">
          <StopPointRef>5710AWA11570</StopPointRef>
          <TimingStatus>PTP</TimingStatus>
        </From>
        <To SequenceNumber="16">
          <StopPointRef>5710AWA11571</StopPointRef>
          <TimingStatus>OTH</TimingStatus>
        </To>
        <RouteLinkRef>RL83</RouteLinkRef>
        <RunTime>PT0S</RunTime>
      </JourneyPatternTimingLink>
      <JourneyPatternTimingLink id="JPTL84">
        <From SequenceNumber="16">
          <StopPointRef>5710AWA11571</StopPointRef>
          <TimingStatus>OTH</TimingStatus>
        </From>
        <To SequenceNumber="17">
          <StopPointRef>5710AWA11572</StopPointRef>
          <TimingStatus>OTH</TimingStatus>
        </To>
        <RouteLinkRef>RL84</RouteLinkRef>
        <RunTime>PT1M</RunTime>
      </JourneyPatternTimingLink>
      <JourneyPatternTimingLink id="JPTL85">
        <From SequenceNumber="17">
          <StopPointRef>5710AWA11572</StopPointRef>
          <TimingStatus>OTH</TimingStatus>
        </From>
        <To SequenceNumber="18">
          <StopPointRef>5710AWA11320</StopPointRef>
          <TimingStatus>OTH</TimingStatus>
        </To>
        <RouteLinkRef>RL85</RouteLinkRef>
        <RunTime>PT1M</RunTime>
      </JourneyPatternTimingLink>
      <JourneyPatternTimingLink id="JPTL86">
        <From SequenceNumber="18">
          <StopPointRef>5710AWA11320</StopPointRef>
          <TimingStatus>OTH</TimingStatus>
        </From>
        <To SequenceNumber="19">
          <StopPointRef>5710AWA11321</StopPointRef>
          <TimingStatus>OTH</TimingStatus>
        </To>
        <RouteLinkRef>RL86</RouteLinkRef>
        <RunTime>PT0S</RunTime>
      </JourneyPatternTimingLink>
      <JourneyPatternTimingLink id="JPTL87">
        <From SequenceNumber="19">
          <StopPointRef>5710AWA11321</StopPointRef>
          <TimingStatus>OTH</TimingStatus>
        </From>
        <To SequenceNumber="20">
          <StopPointRef>5710AWA11413</StopPointRef>
          <TimingStatus>PTP</TimingStatus>
        </To>
        <RouteLinkRef>RL87</RouteLinkRef>
        <RunTime>PT2M</RunTime>
      </JourneyPatternTimingLink>
      <JourneyPatternTimingLink id="JPTL88">
        <From SequenceNumber="20">
          <StopPointRef>5710AWA11413</StopPointRef>
          <TimingStatus>PTP</TimingStatus>
        </From>
        <To SequenceNumber="21">
          <StopPointRef>5710AWA11476</StopPointRef>
          <TimingStatus>OTH</TimingStatus>
        </To>
        <RouteLinkRef>RL88</RouteLinkRef>
        <RunTime>PT1M</RunTime>
      </JourneyPatternTimingLink>
      <JourneyPatternTimingLink id="JPTL89">
        <From SequenceNumber="21">
          <StopPointRef>5710AWA11476</StopPointRef>
          <TimingStatus>OTH</TimingStatus>
        </From>
        <To SequenceNumber="22">
          <StopPointRef>5710AWA11474</StopPointRef>
          <TimingStatus>OTH</TimingStatus>
        </To>
        <RouteLinkRef>RL89</RouteLinkRef>
        <RunTime>PT1M</RunTime>
      </JourneyPatternTimingLink>
      <JourneyPatternTimingLink id="JPTL90">
        <From SequenceNumber="22">
          <StopPointRef>5710AWA11474</StopPointRef>
          <TimingStatus>OTH</TimingStatus>
        </From>
        <To SequenceNumber="23">
          <StopPointRef>5710AWA11473</StopPointRef>
          <TimingStatus>OTH</TimingStatus>
        </To>
        <RouteLinkRef>RL90</RouteLinkRef>
        <RunTime>PT1M</RunTime>
      </JourneyPatternTimingLink>
      <JourneyPatternTimingLink id="JPTL91">
        <From SequenceNumber="23">
          <StopPointRef>5710AWA11473</StopPointRef>
          <TimingStatus>OTH</TimingStatus>
        </From>
        <To SequenceNumber="24">
          <StopPointRef>5710AWA11471</StopPointRef>
          <TimingStatus>PTP</TimingStatus>
        </To>
        <RouteLinkRef>RL91</RouteLinkRef>
        <RunTime>PT2M</RunTime>
      </JourneyPatternTimingLink>
    </JourneyPatternSection>
  </JourneyPatternSections>
  <Operators>
    <Operator id="O1">
      <NationalOperatorCode>CBUS</NationalOperatorCode>
      <OperatorCode>CBUS</OperatorCode>
      <OperatorShortName>Cardiff Bus</OperatorShortName>
    </Operator>
  </Operators>
  <Services>
    <Service>
      <ServiceCode>CBAO012</ServiceCode>
      <PrivateCode>CBAO012</PrivateCode>
      <Lines>
        <Line id="SL1">
          <LineName>12</LineName>
        </Line>
      </Lines>
      <OperatingPeriod>
        <StartDate>2017-06-02</StartDate>
      </OperatingPeriod>
      <OperatingProfile>
        <RegularDayType>
          <DaysOfWeek>
            <MondayToFriday />
          </DaysOfWeek>
        </RegularDayType>
      </OperatingProfile>
      <RegisteredOperatorRef>O1</RegisteredOperatorRef>
      <StopRequirements>
        <NoNewStopsRequired />
      </StopRequirements>
      <Mode>bus</Mode>
      <Description>Leckwith Retail Park - Drope  </Description>
      <StandardService>
        <Origin>Leckwith Retail Park</Origin>
        <Destination>Drope</Destination>
        <JourneyPattern id="JP1">
          <DestinationDisplay>Mansell Ave</DestinationDisplay>
          <Direction>outbound</Direction>
          <RouteRef>RT1</RouteRef>
          <JourneyPatternSectionRefs>JPS1</JourneyPatternSectionRefs>
        </JourneyPattern>
        <JourneyPattern id="JP2">
          <DestinationDisplay>Mansell Ave</DestinationDisplay>
          <Direction>outbound</Direction>
          <RouteRef>RT2</RouteRef>
          <JourneyPatternSectionRefs>JPS2</JourneyPatternSectionRefs>
        </JourneyPattern>
        <JourneyPattern id="JP3">
          <DestinationDisplay>Leckwith Retail Park</DestinationDisplay>
          <Direction>inbound</Direction>
          <RouteRef>RT3</RouteRef>
          <JourneyPatternSectionRefs>JPS3</JourneyPatternSectionRefs>
        </JourneyPattern>
        <JourneyPattern id="JP4">
          <DestinationDisplay>Canton Chapter Arts Centre</DestinationDisplay>
          <Direction>inbound</Direction>
          <RouteRef>RT4</RouteRef>
          <JourneyPatternSectionRefs>JPS4</JourneyPatternSectionRefs>
        </JourneyPattern>
      </StandardService>
    </Service>
  </Services>
  <VehicleJourneys>
    <VehicleJourney SequenceNumber="1">
      <PrivateCode>012MFCBA3:O:1</PrivateCode>
      <OperatingProfile>
        <RegularDayType>
          <DaysOfWeek>
            <MondayToFriday />
          </DaysOfWeek>
        </RegularDayType>
        <BankHolidayOperation>
          <DaysOfNonOperation>
            <HolidayMondays />
          </DaysOfNonOperation>
        </BankHolidayOperation>
      </OperatingProfile>
      <VehicleJourneyCode>VJ1</VehicleJourneyCode>
      <ServiceRef>CBAO012</ServiceRef>
      <LineRef>SL1</LineRef>
      <JourneyPatternRef>JP1</JourneyPatternRef>
      <DepartureTime>08:44:00</DepartureTime>
    </VehicleJourney>
    <VehicleJourney SequenceNumber="2">
      <PrivateCode>012MFCBA3:O:2</PrivateCode>
      <OperatingProfile>
        <RegularDayType>
          <DaysOfWeek>
            <MondayToFriday />
          </DaysOfWeek>
        </RegularDayType>
        <BankHolidayOperation>
          <DaysOfNonOperation>
            <HolidayMondays />
          </DaysOfNonOperation>
        </BankHolidayOperation>
      </OperatingProfile>
      <VehicleJourneyCode>VJ2</VehicleJourneyCode>
      <ServiceRef>CBAO012</ServiceRef>
      <LineRef>SL1</LineRef>
      <JourneyPatternRef>JP2</JourneyPatternRef>
      <DepartureTime>09:36:00</DepartureTime>
    </VehicleJourney>
    <VehicleJourney SequenceNumber="3">
      <PrivateCode>012MFCBA3:O:3</PrivateCode>
      <OperatingProfile>
        <RegularDayType>
          <DaysOfWeek>
            <MondayToFriday />
          </DaysOfWeek>
        </RegularDayType>
        <BankHolidayOperation>
          <DaysOfNonOperation>
            <HolidayMondays />
          </DaysOfNonOperation>
        </BankHolidayOperation>
      </OperatingProfile>
      <VehicleJourneyCode>VJ3</VehicleJourneyCode>
      <ServiceRef>CBAO012</ServiceRef>
      <LineRef>SL1</LineRef>
      <JourneyPatternRef>JP2</JourneyPatternRef>
      <DepartureTime>10:36:00</DepartureTime>
    </VehicleJourney>
    <VehicleJourney SequenceNumber="4">
      <PrivateCode>012MFCBA3:O:4</PrivateCode>
      <OperatingProfile>
        <RegularDayType>
          <DaysOfWeek>
            <MondayToFriday />
          </DaysOfWeek>
        </RegularDayType>
        <BankHolidayOperation>
          <DaysOfNonOperation>
            <HolidayMondays />
          </DaysOfNonOperation>
        </BankHolidayOperation>
      </OperatingProfile>
      <VehicleJourneyCode>VJ4</VehicleJourneyCode>
      <ServiceRef>CBAO012</ServiceRef>
      <LineRef>SL1</LineRef>
      <JourneyPatternRef>JP2</JourneyPatternRef>
      <DepartureTime>11:36:00</DepartureTime>
    </VehicleJourney>
    <VehicleJourney SequenceNumber="5">
      <PrivateCode>012MFCBA3:O:5</PrivateCode>
      <OperatingProfile>
        <RegularDayType>
          <DaysOfWeek>
            <MondayToFriday />
          </DaysOfWeek>
        </RegularDayType>
        <BankHolidayOperation>
          <DaysOfNonOperation>
            <HolidayMondays />
          </DaysOfNonOperation>
        </BankHolidayOperation>
      </OperatingProfile>
      <VehicleJourneyCode>VJ5</VehicleJourneyCode>
      <ServiceRef>CBAO012</ServiceRef>
      <LineRef>SL1</LineRef>
      <JourneyPatternRef>JP2</JourneyPatternRef>
      <DepartureTime>12:36:00</DepartureTime>
    </VehicleJourney>
    <VehicleJourney SequenceNumber="6">
      <PrivateCode>012MFCBA3:O:6</PrivateCode>
      <OperatingProfile>
        <RegularDayType>
          <DaysOfWeek>
            <MondayToFriday />
          </DaysOfWeek>
        </RegularDayType>
        <BankHolidayOperation>
          <DaysOfNonOperation>
            <HolidayMondays />
          </DaysOfNonOperation>
        </BankHolidayOperation>
      </OperatingProfile>
      <VehicleJourneyCode>VJ6</VehicleJourneyCode>
      <ServiceRef>CBAO012</ServiceRef>
      <LineRef>SL1</LineRef>
      <JourneyPatternRef>JP2</JourneyPatternRef>
      <DepartureTime>13:36:00</DepartureTime>
    </VehicleJourney>
    <VehicleJourney SequenceNumber="1">
      <PrivateCode>012MFCBA3:I:1</PrivateCode>
      <OperatingProfile>
        <RegularDayType>
          <DaysOfWeek>
            <MondayToFriday />
          </DaysOfWeek>
        </RegularDayType>
        <BankHolidayOperation>
          <DaysOfNonOperation>
            <HolidayMondays />
          </DaysOfNonOperation>
        </BankHolidayOperation>
      </OperatingProfile>
      <VehicleJourneyCode>VJ7</VehicleJourneyCode>
      <ServiceRef>CBAO012</ServiceRef>
      <LineRef>SL1</LineRef>
      <JourneyPatternRef>JP3</JourneyPatternRef>
      <DepartureTime>09:03:00</DepartureTime>
    </VehicleJourney>
    <VehicleJourney SequenceNumber="2">
      <PrivateCode>012MFCBA3:I:2</PrivateCode>
      <OperatingProfile>
        <RegularDayType>
          <DaysOfWeek>
            <MondayToFriday />
          </DaysOfWeek>
        </RegularDayType>
        <BankHolidayOperation>
          <DaysOfNonOperation>
            <HolidayMondays />
          </DaysOfNonOperation>
        </BankHolidayOperation>
      </OperatingProfile>
      <VehicleJourneyCode>VJ8</VehicleJourneyCode>
      <ServiceRef>CBAO012</ServiceRef>
      <LineRef>SL1</LineRef>
      <JourneyPatternRef>JP3</JourneyPatternRef>
      <DepartureTime>10:03:00</DepartureTime>
    </VehicleJourney>
    <VehicleJourney SequenceNumber="3">
      <PrivateCode>012MFCBA3:I:3</PrivateCode>
      <OperatingProfile>
        <RegularDayType>
          <DaysOfWeek>
            <MondayToFriday />
          </DaysOfWeek>
        </RegularDayType>
        <BankHolidayOperation>
          <DaysOfNonOperation>
            <HolidayMondays />
          </DaysOfNonOperation>
        </BankHolidayOperation>
      </OperatingProfile>
      <VehicleJourneyCode>VJ9</VehicleJourneyCode>
      <ServiceRef>CBAO012</ServiceRef>
      <LineRef>SL1</LineRef>
      <JourneyPatternRef>JP3</JourneyPatternRef>
      <DepartureTime>11:03:00</DepartureTime>
    </VehicleJourney>
    <VehicleJourney SequenceNumber="4">
      <PrivateCode>012MFCBA3:I:4</PrivateCode>
      <OperatingProfile>
        <RegularDayType>
          <DaysOfWeek>
            <MondayToFriday />
          </DaysOfWeek>
        </RegularDayType>
        <BankHolidayOperation>
          <DaysOfNonOperation>
            <HolidayMondays />
          </DaysOfNonOperation>
        </BankHolidayOperation>
      </OperatingProfile>
      <VehicleJourneyCode>VJ10</VehicleJourneyCode>
      <ServiceRef>CBAO012</ServiceRef>
      <LineRef>SL1</LineRef>
      <JourneyPatternRef>JP3</JourneyPatternRef>
      <DepartureTime>12:03:00</DepartureTime>
    </VehicleJourney>
    <VehicleJourney SequenceNumber="5">
      <PrivateCode>012MFCBA3:I:5</PrivateCode>
      <OperatingProfile>
        <RegularDayType>
          <DaysOfWeek>
            <MondayToFriday />
          </DaysOfWeek>
        </RegularDayType>
        <BankHolidayOperation>
          <DaysOfNonOperation>
            <HolidayMondays />
          </DaysOfNonOperation>
        </BankHolidayOperation>
      </OperatingProfile>
      <VehicleJourneyCode>VJ11</VehicleJourneyCode>
      <ServiceRef>CBAO012</ServiceRef>
      <LineRef>SL1</LineRef>
      <JourneyPatternRef>JP3</JourneyPatternRef>
      <DepartureTime>13:03:00</DepartureTime>
    </VehicleJourney>
    <VehicleJourney SequenceNumber="6">
      <PrivateCode>012MFCBA3:I:6</PrivateCode>
      <OperatingProfile>
        <RegularDayType>
          <DaysOfWeek>
            <MondayToFriday />
          </DaysOfWeek>
        </RegularDayType>
        <BankHolidayOperation>
          <DaysOfNonOperation>
            <HolidayMondays />
          </DaysOfNonOperation>
        </BankHolidayOperation>
      </OperatingProfile>
      <VehicleJourneyCode>VJ12</VehicleJourneyCode>
      <ServiceRef>CBAO012</ServiceRef>
      <LineRef>SL1</LineRef>
      <JourneyPatternRef>JP4</JourneyPatternRef>
      <DepartureTime>14:03:00</DepartureTime>
    </VehicleJourney>
  </VehicleJourneys>
</TransXChange>