<?xml version="1.0" encoding="utf-8"?>
<TransXChange xmlns:xsd="http://www.w3.org/2001/XMLSchema" xmlns:xsi="http://www.w3.org/2001/XMLSchema-instance" xsi:schemaLocation="http://www.transxchange.org.uk/ http://www.transxchange.org.uk/schema/2.1/TransXChange_general.xsd" CreationDateTime="2017-09-25T12:58:50" ModificationDateTime="2017-09-25T12:58:50" Modification="revise" RevisionNumber="1" FileName="CelticTravelX12-BuilthWells-Abergavanny1_TXC_2017925-1258_PWBX012.xml" SchemaVersion="2.1" RegistrationDocument="false" xmlns="http://www.transxchange.org.uk/">
  <StopPoints>
    <AnnotatedStopPointRef>
      <StopPointRef>5610AWE90263</StopPointRef>
      <CommonName>Builth Wells Groe</CommonName>
    </AnnotatedStopPointRef>
    <AnnotatedStopPointRef>
      <StopPointRef>5610WBD48402</StopPointRef>
      <CommonName>Josephs Pitch</CommonName>
    </AnnotatedStopPointRef>
    <AnnotatedStopPointRef>
      <StopPointRef>5610WDB23051</StopPointRef>
      <CommonName>Erwood Post Office</CommonName>
    </AnnotatedStopPointRef>
    <AnnotatedStopPointRef>
      <StopPointRef>5610WDB21882</StopPointRef>
      <CommonName>Llyswen Griffin Inn</CommonName>
    </AnnotatedStopPointRef>
    <AnnotatedStopPointRef>
      <StopPointRef>5610AWE90455</StopPointRef>
      <CommonName>Bronllys Talgarth Road</CommonName>
    </AnnotatedStopPointRef>
    <AnnotatedStopPointRef>
      <StopPointRef>5610ANZ16762</StopPointRef>
      <CommonName>Post Office</CommonName>
    </AnnotatedStopPointRef>
    <AnnotatedStopPointRef>
      <StopPointRef>5610WDB23395</StopPointRef>
      <CommonName>Talgarth Square</CommonName>
    </AnnotatedStopPointRef>
    <AnnotatedStopPointRef>
      <StopPointRef>5610AWE90483</StopPointRef>
      <CommonName>Coleg Trefeca</CommonName>
    </AnnotatedStopPointRef>
    <AnnotatedStopPointRef>
      <StopPointRef>5610PWX18837</StopPointRef>
      <CommonName>Trefecca</CommonName>
    </AnnotatedStopPointRef>
    <AnnotatedStopPointRef>
      <StopPointRef>5610AWE90484</StopPointRef>
      <CommonName>Llangorse</CommonName>
    </AnnotatedStopPointRef>
    <AnnotatedStopPointRef>
      <StopPointRef>5610PWX18821</StopPointRef>
      <CommonName>Cathedine</CommonName>
    </AnnotatedStopPointRef>
    <AnnotatedStopPointRef>
      <StopPointRef>5610WDB21590</StopPointRef>
      <CommonName>War Memorial</CommonName>
    </AnnotatedStopPointRef>
    <AnnotatedStopPointRef>
      <StopPointRef>5610AWE90433</StopPointRef>
      <CommonName>Bwlch</CommonName>
    </AnnotatedStopPointRef>
    <AnnotatedStopPointRef>
      <StopPointRef>5610AWE90434</StopPointRef>
      <CommonName>Gilfaes Turn</CommonName>
    </AnnotatedStopPointRef>
    <AnnotatedStopPointRef>
      <StopPointRef>5610WBD48409</StopPointRef>
      <CommonName>Crickhowell CP School</CommonName>
    </AnnotatedStopPointRef>
    <AnnotatedStopPointRef>
      <StopPointRef>5610AWE90436</StopPointRef>
      <CommonName>Crickhowell Square</CommonName>
    </AnnotatedStopPointRef>
    <AnnotatedStopPointRef>
      <StopPointRef>5610WBD48411</StopPointRef>
      <CommonName>Crickhowell Health Centre</CommonName>
    </AnnotatedStopPointRef>
    <AnnotatedStopPointRef>
      <StopPointRef>5610AWE90439</StopPointRef>
      <CommonName>Elvicta Estate</CommonName>
    </AnnotatedStopPointRef>
    <AnnotatedStopPointRef>
      <StopPointRef>5610AWE90440</StopPointRef>
      <CommonName>Cwrt-y-Gollen</CommonName>
    </AnnotatedStopPointRef>
    <AnnotatedStopPointRef>
      <StopPointRef>5610AWE90442</StopPointRef>
      <CommonName>Glangrwyney</CommonName>
    </AnnotatedStopPointRef>
    <AnnotatedStopPointRef>
      <StopPointRef>5330AWB32398</StopPointRef>
      <CommonName>Garage</CommonName>
    </AnnotatedStopPointRef>
    <AnnotatedStopPointRef>
      <StopPointRef>5330AWB32396</StopPointRef>
      <CommonName>Pyscodlyn Farm</CommonName>
    </AnnotatedStopPointRef>
    <AnnotatedStopPointRef>
      <StopPointRef>5330AWB32393</StopPointRef>
      <CommonName>Lamb &amp; Flag</CommonName>
    </AnnotatedStopPointRef>
    <AnnotatedStopPointRef>
      <StopPointRef>5330AWB32326</StopPointRef>
      <CommonName>Neville Hall Hospital Main Road</CommonName>
    </AnnotatedStopPointRef>
    <AnnotatedStopPointRef>
      <StopPointRef>5330CPZ03847</StopPointRef>
      <CommonName>Brecon Road Surgery</CommonName>
    </AnnotatedStopPointRef>
    <AnnotatedStopPointRef>
      <StopPointRef>5330AWB32346</StopPointRef>
      <CommonName>Abergavenny Tesco</CommonName>
    </AnnotatedStopPointRef>
    <AnnotatedStopPointRef>
      <StopPointRef>5330AWB32293</StopPointRef>
      <CommonName>Pavilion</CommonName>
    </AnnotatedStopPointRef>
    <AnnotatedStopPointRef>
      <StopPointRef>5330AWB32289</StopPointRef>
      <CommonName>Abergavenny Bus Station 5</CommonName>
    </AnnotatedStopPointRef>
    <AnnotatedStopPointRef>
      <StopPointRef>5610WDB21891</StopPointRef>
      <CommonName>Pengenffordd</CommonName>
    </AnnotatedStopPointRef>
    <AnnotatedStopPointRef>
      <StopPointRef>5610AWE90481</StopPointRef>
      <CommonName>Cwmdu Farmers Arms</CommonName>
    </AnnotatedStopPointRef>
    <AnnotatedStopPointRef>
      <StopPointRef>5610PWX18477</StopPointRef>
      <CommonName>Tretower</CommonName>
    </AnnotatedStopPointRef>
    <AnnotatedStopPointRef>
      <StopPointRef>5330CPZ03851</StopPointRef>
      <CommonName>Pavilion</CommonName>
    </AnnotatedStopPointRef>
    <AnnotatedStopPointRef>
      <StopPointRef>5330AWB32337</StopPointRef>
      <CommonName>Lion Street Car Park</CommonName>
    </AnnotatedStopPointRef>
    <AnnotatedStopPointRef>
      <StopPointRef>5330AWB32295</StopPointRef>
      <CommonName>Abergavenny Tesco</CommonName>
    </AnnotatedStopPointRef>
    <AnnotatedStopPointRef>
      <StopPointRef>5330CPZ03846</StopPointRef>
      <CommonName>Brecon Road Surgery</CommonName>
    </AnnotatedStopPointRef>
    <AnnotatedStopPointRef>
      <StopPointRef>5330AWB32325</StopPointRef>
      <CommonName>Neville Hall Hospital Main Road</CommonName>
    </AnnotatedStopPointRef>
    <AnnotatedStopPointRef>
      <StopPointRef>5330AWB32394</StopPointRef>
      <CommonName>Lamb &amp; Flag</CommonName>
    </AnnotatedStopPointRef>
    <AnnotatedStopPointRef>
      <StopPointRef>5330AWB32395</StopPointRef>
      <CommonName>Pyscodlyn Farm</CommonName>
    </AnnotatedStopPointRef>
    <AnnotatedStopPointRef>
      <StopPointRef>5330AWB32397</StopPointRef>
      <CommonName>Llanwenarth Arms</CommonName>
    </AnnotatedStopPointRef>
    <AnnotatedStopPointRef>
      <StopPointRef>5610AWE90443</StopPointRef>
      <CommonName>Glangrwyney</CommonName>
    </AnnotatedStopPointRef>
    <AnnotatedStopPointRef>
      <StopPointRef>5610AWE90441</StopPointRef>
      <CommonName>Cwrt-y-Gollen</CommonName>
    </AnnotatedStopPointRef>
    <AnnotatedStopPointRef>
      <StopPointRef>5610WDB23037</StopPointRef>
      <CommonName>Elvicta Estate</CommonName>
    </AnnotatedStopPointRef>
    <AnnotatedStopPointRef>
      <StopPointRef>5610WBD48410</StopPointRef>
      <CommonName>Crickhowell Health Centre</CommonName>
    </AnnotatedStopPointRef>
    <AnnotatedStopPointRef>
      <StopPointRef>5610AWZ26288</StopPointRef>
      <CommonName>Crickhowell Square</CommonName>
    </AnnotatedStopPointRef>
    <AnnotatedStopPointRef>
      <StopPointRef>5610WBD48408</StopPointRef>
      <CommonName>Chrickhowell CP School</CommonName>
    </AnnotatedStopPointRef>
    <AnnotatedStopPointRef>
      <StopPointRef>5610AWE90435</StopPointRef>
      <CommonName>Gilfaes Turn</CommonName>
    </AnnotatedStopPointRef>
    <AnnotatedStopPointRef>
      <StopPointRef>5610AWE90432</StopPointRef>
      <CommonName>Bwlch</CommonName>
    </AnnotatedStopPointRef>
    <AnnotatedStopPointRef>
      <StopPointRef>5610WDB21589</StopPointRef>
      <CommonName>War Memorial</CommonName>
    </AnnotatedStopPointRef>
    <AnnotatedStopPointRef>
      <StopPointRef>5610WDB23039</StopPointRef>
      <CommonName>Cathedine</CommonName>
    </AnnotatedStopPointRef>
    <AnnotatedStopPointRef>
      <StopPointRef>5610WDB23047</StopPointRef>
      <CommonName>Trefecca</CommonName>
    </AnnotatedStopPointRef>
    <AnnotatedStopPointRef>
      <StopPointRef>5610WDB23046</StopPointRef>
      <CommonName>Coleg Trefeca</CommonName>
    </AnnotatedStopPointRef>
    <AnnotatedStopPointRef>
      <StopPointRef>5610AWE90456</StopPointRef>
      <CommonName>Bronllys Talgarth Road</CommonName>
    </AnnotatedStopPointRef>
    <AnnotatedStopPointRef>
      <StopPointRef>5610WDB21881</StopPointRef>
      <CommonName>Llyswen Griffin Inn</CommonName>
    </AnnotatedStopPointRef>
    <AnnotatedStopPointRef>
      <StopPointRef>5610AWE90487</StopPointRef>
      <CommonName>Erwood Post Office</CommonName>
    </AnnotatedStopPointRef>
    <AnnotatedStopPointRef>
      <StopPointRef>5610WBD48403</StopPointRef>
      <CommonName>Josephs Pitch</CommonName>
    </AnnotatedStopPointRef>
    <AnnotatedStopPointRef>
      <StopPointRef>5610WDB21895</StopPointRef>
      <CommonName>Tretower</CommonName>
    </AnnotatedStopPointRef>
    <AnnotatedStopPointRef>
      <StopPointRef>5610WDB21894</StopPointRef>
      <CommonName>Cwmdu Farmers Arms</CommonName>
    </AnnotatedStopPointRef>
    <AnnotatedStopPointRef>
      <StopPointRef>5610WDB21893</StopPointRef>
      <CommonName>Pengenffordd</CommonName>
    </AnnotatedStopPointRef>
  </StopPoints>
  <RouteSections>
    <RouteSection id="RS1">
      <RouteLink id="RL1">
        <From>
          <StopPointRef>5610AWE90263</StopPointRef>
        </From>
        <To>
          <StopPointRef>5610WBD48402</StopPointRef>
        </To>
        <Distance>470</Distance>
        <Direction>outbound</Direction>
      </RouteLink>
      <RouteLink id="RL2">
        <From>
          <StopPointRef>5610WBD48402</StopPointRef>
        </From>
        <To>
          <StopPointRef>5610WDB23051</StopPointRef>
        </To>
        <Distance>11480</Distance>
        <Direction>outbound</Direction>
      </RouteLink>
      <RouteLink id="RL3">
        <From>
          <StopPointRef>5610WDB23051</StopPointRef>
        </From>
        <To>
          <StopPointRef>5610WDB21882</StopPointRef>
        </To>
        <Distance>6410</Distance>
        <Direction>outbound</Direction>
      </RouteLink>
      <RouteLink id="RL4">
        <From>
          <StopPointRef>5610WDB21882</StopPointRef>
        </From>
        <To>
          <StopPointRef>5610AWE90455</StopPointRef>
        </To>
        <Distance>4390</Distance>
        <Direction>outbound</Direction>
      </RouteLink>
      <RouteLink id="RL5">
        <From>
          <StopPointRef>5610AWE90455</StopPointRef>
        </From>
        <To>
          <StopPointRef>5610ANZ16762</StopPointRef>
        </To>
        <Distance>1710</Distance>
        <Direction>outbound</Direction>
      </RouteLink>
      <RouteLink id="RL6">
        <From>
          <StopPointRef>5610ANZ16762</StopPointRef>
        </From>
        <To>
          <StopPointRef>5610WDB23395</StopPointRef>
        </To>
        <Distance>80</Distance>
        <Direction>outbound</Direction>
      </RouteLink>
      <RouteLink id="RL7">
        <From>
          <StopPointRef>5610WDB23395</StopPointRef>
        </From>
        <To>
          <StopPointRef>5610AWE90483</StopPointRef>
        </To>
        <Distance>2240</Distance>
        <Direction>outbound</Direction>
      </RouteLink>
      <RouteLink id="RL8">
        <From>
          <StopPointRef>5610AWE90483</StopPointRef>
        </From>
        <To>
          <StopPointRef>5610PWX18837</StopPointRef>
        </To>
        <Distance>120</Distance>
        <Direction>outbound</Direction>
      </RouteLink>
      <RouteLink id="RL9">
        <From>
          <StopPointRef>5610PWX18837</StopPointRef>
        </From>
        <To>
          <StopPointRef>5610AWE90484</StopPointRef>
        </To>
        <Distance>4790</Distance>
        <Direction>outbound</Direction>
      </RouteLink>
      <RouteLink id="RL10">
        <From>
          <StopPointRef>5610AWE90484</StopPointRef>
        </From>
        <To>
          <StopPointRef>5610PWX18821</StopPointRef>
        </To>
        <Distance>3150</Distance>
        <Direction>outbound</Direction>
      </RouteLink>
      <RouteLink id="RL11">
        <From>
          <StopPointRef>5610PWX18821</StopPointRef>
        </From>
        <To>
          <StopPointRef>5610WDB21590</StopPointRef>
        </To>
        <Distance>2990</Distance>
        <Direction>outbound</Direction>
      </RouteLink>
      <RouteLink id="RL12">
        <From>
          <StopPointRef>5610WDB21590</StopPointRef>
        </From>
        <To>
          <StopPointRef>5610AWE90433</StopPointRef>
        </To>
        <Distance>370</Distance>
        <Direction>outbound</Direction>
      </RouteLink>
      <RouteLink id="RL13">
        <From>
          <StopPointRef>5610AWE90433</StopPointRef>
        </From>
        <To>
          <StopPointRef>5610AWE90434</StopPointRef>
        </To>
        <Distance>5050</Distance>
        <Direction>outbound</Direction>
      </RouteLink>
      <RouteLink id="RL14">
        <From>
          <StopPointRef>5610AWE90434</StopPointRef>
        </From>
        <To>
          <StopPointRef>5610WBD48409</StopPointRef>
        </To>
        <Distance>3490</Distance>
        <Direction>outbound</Direction>
      </RouteLink>
      <RouteLink id="RL15">
        <From>
          <StopPointRef>5610WBD48409</StopPointRef>
        </From>
        <To>
          <StopPointRef>5610AWE90436</StopPointRef>
        </To>
        <Distance>600</Distance>
        <Direction>outbound</Direction>
      </RouteLink>
      <RouteLink id="RL16">
        <From>
          <StopPointRef>5610AWE90436</StopPointRef>
        </From>
        <To>
          <StopPointRef>5610WBD48411</StopPointRef>
        </To>
        <Distance>270</Distance>
        <Direction>outbound</Direction>
      </RouteLink>
      <RouteLink id="RL17">
        <From>
          <StopPointRef>5610WBD48411</StopPointRef>
        </From>
        <To>
          <StopPointRef>5610AWE90439</StopPointRef>
        </To>
        <Distance>400</Distance>
        <Direction>outbound</Direction>
      </RouteLink>
      <RouteLink id="RL18">
        <From>
          <StopPointRef>5610AWE90439</StopPointRef>
        </From>
        <To>
          <StopPointRef>5610AWE90440</StopPointRef>
        </To>
        <Distance>2070</Distance>
        <Direction>outbound</Direction>
      </RouteLink>
      <RouteLink id="RL19">
        <From>
          <StopPointRef>5610AWE90440</StopPointRef>
        </From>
        <To>
          <StopPointRef>5610AWE90442</StopPointRef>
        </To>
        <Distance>300</Distance>
        <Direction>outbound</Direction>
      </RouteLink>
      <RouteLink id="RL20">
        <From>
          <StopPointRef>5610AWE90442</StopPointRef>
        </From>
        <To>
          <StopPointRef>5330AWB32398</StopPointRef>
        </To>
        <Distance>1620</Distance>
        <Direction>outbound</Direction>
      </RouteLink>
      <RouteLink id="RL21">
        <From>
          <StopPointRef>5330AWB32398</StopPointRef>
        </From>
        <To>
          <StopPointRef>5330AWB32396</StopPointRef>
        </To>
        <Distance>1370</Distance>
        <Direction>outbound</Direction>
      </RouteLink>
      <RouteLink id="RL22">
        <From>
          <StopPointRef>5330AWB32396</StopPointRef>
        </From>
        <To>
          <StopPointRef>5330AWB32393</StopPointRef>
        </To>
        <Distance>1430</Distance>
        <Direction>outbound</Direction>
      </RouteLink>
      <RouteLink id="RL23">
        <From>
          <StopPointRef>5330AWB32393</StopPointRef>
        </From>
        <To>
          <StopPointRef>5330AWB32326</StopPointRef>
        </To>
        <Distance>900</Distance>
        <Direction>outbound</Direction>
      </RouteLink>
      <RouteLink id="RL24">
        <From>
          <StopPointRef>5330AWB32326</StopPointRef>
        </From>
        <To>
          <StopPointRef>5330CPZ03847</StopPointRef>
        </To>
        <Distance>630</Distance>
        <Direction>outbound</Direction>
      </RouteLink>
      <RouteLink id="RL25">
        <From>
          <StopPointRef>5330CPZ03847</StopPointRef>
        </From>
        <To>
          <StopPointRef>5330AWB32346</StopPointRef>
        </To>
        <Distance>410</Distance>
        <Direction>outbound</Direction>
      </RouteLink>
      <RouteLink id="RL26">
        <From>
          <StopPointRef>5330AWB32346</StopPointRef>
        </From>
        <To>
          <StopPointRef>5330AWB32293</StopPointRef>
        </To>
        <Distance>580</Distance>
        <Direction>outbound</Direction>
      </RouteLink>
      <RouteLink id="RL27">
        <From>
          <StopPointRef>5330AWB32293</StopPointRef>
        </From>
        <To>
          <StopPointRef>5330AWB32289</StopPointRef>
        </To>
        <Distance>530</Distance>
        <Direction>outbound</Direction>
      </RouteLink>
    </RouteSection>
    <RouteSection id="RS2">
      <RouteLink id="RL28">
        <From>
          <StopPointRef>5610AWE90263</StopPointRef>
        </From>
        <To>
          <StopPointRef>5610WBD48402</StopPointRef>
        </To>
        <Distance>470</Distance>
        <Direction>outbound</Direction>
      </RouteLink>
      <RouteLink id="RL29">
        <From>
          <StopPointRef>5610WBD48402</StopPointRef>
        </From>
        <To>
          <StopPointRef>5610WDB23051</StopPointRef>
        </To>
        <Distance>11480</Distance>
        <Direction>outbound</Direction>
      </RouteLink>
      <RouteLink id="RL30">
        <From>
          <StopPointRef>5610WDB23051</StopPointRef>
        </From>
        <To>
          <StopPointRef>5610WDB21882</StopPointRef>
        </To>
        <Distance>6410</Distance>
        <Direction>outbound</Direction>
      </RouteLink>
      <RouteLink id="RL31">
        <From>
          <StopPointRef>5610WDB21882</StopPointRef>
        </From>
        <To>
          <StopPointRef>5610AWE90455</StopPointRef>
        </To>
        <Distance>4390</Distance>
        <Direction>outbound</Direction>
      </RouteLink>
      <RouteLink id="RL32">
        <From>
          <StopPointRef>5610AWE90455</StopPointRef>
        </From>
        <To>
          <StopPointRef>5610ANZ16762</StopPointRef>
        </To>
        <Distance>1710</Distance>
        <Direction>outbound</Direction>
      </RouteLink>
      <RouteLink id="RL33">
        <From>
          <StopPointRef>5610ANZ16762</StopPointRef>
        </From>
        <To>
          <StopPointRef>5610WDB23395</StopPointRef>
        </To>
        <Distance>80</Distance>
        <Direction>outbound</Direction>
      </RouteLink>
      <RouteLink id="RL34">
        <From>
          <StopPointRef>5610WDB23395</StopPointRef>
        </From>
        <To>
          <StopPointRef>5610ANZ16762</StopPointRef>
        </To>
        <Distance>370</Distance>
        <Direction>outbound</Direction>
      </RouteLink>
      <RouteLink id="RL35">
        <From>
          <StopPointRef>5610ANZ16762</StopPointRef>
        </From>
        <To>
          <StopPointRef>5610WDB21891</StopPointRef>
        </To>
        <Distance>4690</Distance>
        <Direction>outbound</Direction>
      </RouteLink>
      <RouteLink id="RL36">
        <From>
          <StopPointRef>5610WDB21891</StopPointRef>
        </From>
        <To>
          <StopPointRef>5610AWE90481</StopPointRef>
        </To>
        <Distance>6600</Distance>
        <Direction>outbound</Direction>
      </RouteLink>
      <RouteLink id="RL37">
        <From>
          <StopPointRef>5610AWE90481</StopPointRef>
        </From>
        <To>
          <StopPointRef>5610PWX18477</StopPointRef>
        </To>
        <Distance>2580</Distance>
        <Direction>outbound</Direction>
      </RouteLink>
      <RouteLink id="RL38">
        <From>
          <StopPointRef>5610PWX18477</StopPointRef>
        </From>
        <To>
          <StopPointRef>5610WBD48409</StopPointRef>
        </To>
        <Distance>3940</Distance>
        <Direction>outbound</Direction>
      </RouteLink>
      <RouteLink id="RL39">
        <From>
          <StopPointRef>5610WBD48409</StopPointRef>
        </From>
        <To>
          <StopPointRef>5610AWE90436</StopPointRef>
        </To>
        <Distance>600</Distance>
        <Direction>outbound</Direction>
      </RouteLink>
      <RouteLink id="RL40">
        <From>
          <StopPointRef>5610AWE90436</StopPointRef>
        </From>
        <To>
          <StopPointRef>5610WBD48411</StopPointRef>
        </To>
        <Distance>270</Distance>
        <Direction>outbound</Direction>
      </RouteLink>
      <RouteLink id="RL41">
        <From>
          <StopPointRef>5610WBD48411</StopPointRef>
        </From>
        <To>
          <StopPointRef>5610AWE90439</StopPointRef>
        </To>
        <Distance>400</Distance>
        <Direction>outbound</Direction>
      </RouteLink>
      <RouteLink id="RL42">
        <From>
          <StopPointRef>5610AWE90439</StopPointRef>
        </From>
        <To>
          <StopPointRef>5610AWE90440</StopPointRef>
        </To>
        <Distance>2070</Distance>
        <Direction>outbound</Direction>
      </RouteLink>
      <RouteLink id="RL43">
        <From>
          <StopPointRef>5610AWE90440</StopPointRef>
        </From>
        <To>
          <StopPointRef>5610AWE90442</StopPointRef>
        </To>
        <Distance>300</Distance>
        <Direction>outbound</Direction>
      </RouteLink>
      <RouteLink id="RL44">
        <From>
          <StopPointRef>5610AWE90442</StopPointRef>
        </From>
        <To>
          <StopPointRef>5330AWB32398</StopPointRef>
        </To>
        <Distance>1620</Distance>
        <Direction>outbound</Direction>
      </RouteLink>
      <RouteLink id="RL45">
        <From>
          <StopPointRef>5330AWB32398</StopPointRef>
        </From>
        <To>
          <StopPointRef>5330AWB32396</StopPointRef>
        </To>
        <Distance>1370</Distance>
        <Direction>outbound</Direction>
      </RouteLink>
      <RouteLink id="RL46">
        <From>
          <StopPointRef>5330AWB32396</StopPointRef>
        </From>
        <To>
          <StopPointRef>5330AWB32393</StopPointRef>
        </To>
        <Distance>1430</Distance>
        <Direction>outbound</Direction>
      </RouteLink>
      <RouteLink id="RL47">
        <From>
          <StopPointRef>5330AWB32393</StopPointRef>
        </From>
        <To>
          <StopPointRef>5330AWB32326</StopPointRef>
        </To>
        <Distance>900</Distance>
        <Direction>outbound</Direction>
      </RouteLink>
      <RouteLink id="RL48">
        <From>
          <StopPointRef>5330AWB32326</StopPointRef>
        </From>
        <To>
          <StopPointRef>5330CPZ03847</StopPointRef>
        </To>
        <Distance>630</Distance>
        <Direction>outbound</Direction>
      </RouteLink>
      <RouteLink id="RL49">
        <From>
          <StopPointRef>5330CPZ03847</StopPointRef>
        </From>
        <To>
          <StopPointRef>5330AWB32346</StopPointRef>
        </To>
        <Distance>410</Distance>
        <Direction>outbound</Direction>
      </RouteLink>
      <RouteLink id="RL50">
        <From>
          <StopPointRef>5330AWB32346</StopPointRef>
        </From>
        <To>
          <StopPointRef>5330AWB32293</StopPointRef>
        </To>
        <Distance>580</Distance>
        <Direction>outbound</Direction>
      </RouteLink>
      <RouteLink id="RL51">
        <From>
          <StopPointRef>5330AWB32293</StopPointRef>
        </From>
        <To>
          <StopPointRef>5330AWB32289</StopPointRef>
        </To>
        <Distance>530</Distance>
        <Direction>outbound</Direction>
      </RouteLink>
    </RouteSection>
    <RouteSection id="RS3">
      <RouteLink id="RL52">
        <From>
          <StopPointRef>5330AWB32289</StopPointRef>
        </From>
        <To>
          <StopPointRef>5330CPZ03851</StopPointRef>
        </To>
        <Distance>450</Distance>
        <Direction>inbound</Direction>
      </RouteLink>
      <RouteLink id="RL53">
        <From>
          <StopPointRef>5330CPZ03851</StopPointRef>
        </From>
        <To>
          <StopPointRef>5330AWB32337</StopPointRef>
        </To>
        <Distance>530</Distance>
        <Direction>inbound</Direction>
      </RouteLink>
      <RouteLink id="RL54">
        <From>
          <StopPointRef>5330AWB32337</StopPointRef>
        </From>
        <To>
          <StopPointRef>5330AWB32295</StopPointRef>
        </To>
        <Distance>260</Distance>
        <Direction>inbound</Direction>
      </RouteLink>
      <RouteLink id="RL55">
        <From>
          <StopPointRef>5330AWB32295</StopPointRef>
        </From>
        <To>
          <StopPointRef>5330CPZ03846</StopPointRef>
        </To>
        <Distance>370</Distance>
        <Direction>inbound</Direction>
      </RouteLink>
      <RouteLink id="RL56">
        <From>
          <StopPointRef>5330CPZ03846</StopPointRef>
        </From>
        <To>
          <StopPointRef>5330AWB32325</StopPointRef>
        </To>
        <Distance>650</Distance>
        <Direction>inbound</Direction>
      </RouteLink>
      <RouteLink id="RL57">
        <From>
          <StopPointRef>5330AWB32325</StopPointRef>
        </From>
        <To>
          <StopPointRef>5330AWB32394</StopPointRef>
        </To>
        <Distance>920</Distance>
        <Direction>inbound</Direction>
      </RouteLink>
      <RouteLink id="RL58">
        <From>
          <StopPointRef>5330AWB32394</StopPointRef>
        </From>
        <To>
          <StopPointRef>5330AWB32395</StopPointRef>
        </To>
        <Distance>1450</Distance>
        <Direction>inbound</Direction>
      </RouteLink>
      <RouteLink id="RL59">
        <From>
          <StopPointRef>5330AWB32395</StopPointRef>
        </From>
        <To>
          <StopPointRef>5330AWB32397</StopPointRef>
        </To>
        <Distance>1510</Distance>
        <Direction>inbound</Direction>
      </RouteLink>
      <RouteLink id="RL60">
        <From>
          <StopPointRef>5330AWB32397</StopPointRef>
        </From>
        <To>
          <StopPointRef>5610AWE90443</StopPointRef>
        </To>
        <Distance>1430</Distance>
        <Direction>inbound</Direction>
      </RouteLink>
      <RouteLink id="RL61">
        <From>
          <StopPointRef>5610AWE90443</StopPointRef>
        </From>
        <To>
          <StopPointRef>5610AWE90441</StopPointRef>
        </To>
        <Distance>400</Distance>
        <Direction>inbound</Direction>
      </RouteLink>
      <RouteLink id="RL62">
        <From>
          <StopPointRef>5610AWE90441</StopPointRef>
        </From>
        <To>
          <StopPointRef>5610WDB23037</StopPointRef>
        </To>
        <Distance>1980</Distance>
        <Direction>inbound</Direction>
      </RouteLink>
      <RouteLink id="RL63">
        <From>
          <StopPointRef>5610WDB23037</StopPointRef>
        </From>
        <To>
          <StopPointRef>5610WBD48410</StopPointRef>
        </To>
        <Distance>390</Distance>
        <Direction>inbound</Direction>
      </RouteLink>
      <RouteLink id="RL64">
        <From>
          <StopPointRef>5610WBD48410</StopPointRef>
        </From>
        <To>
          <StopPointRef>5610AWZ26288</StopPointRef>
        </To>
        <Distance>280</Distance>
        <Direction>inbound</Direction>
      </RouteLink>
      <RouteLink id="RL65">
        <From>
          <StopPointRef>5610AWZ26288</StopPointRef>
        </From>
        <To>
          <StopPointRef>5610WBD48408</StopPointRef>
        </To>
        <Distance>590</Distance>
        <Direction>inbound</Direction>
      </RouteLink>
      <RouteLink id="RL66">
        <From>
          <StopPointRef>5610WBD48408</StopPointRef>
        </From>
        <To>
          <StopPointRef>5610AWE90435</StopPointRef>
        </To>
        <Distance>3370</Distance>
        <Direction>inbound</Direction>
      </RouteLink>
      <RouteLink id="RL67">
        <From>
          <StopPointRef>5610AWE90435</StopPointRef>
        </From>
        <To>
          <StopPointRef>5610AWE90432</StopPointRef>
        </To>
        <Distance>5200</Distance>
        <Direction>inbound</Direction>
      </RouteLink>
      <RouteLink id="RL68">
        <From>
          <StopPointRef>5610AWE90432</StopPointRef>
        </From>
        <To>
          <StopPointRef>5610WDB21589</StopPointRef>
        </To>
        <Distance>350</Distance>
        <Direction>inbound</Direction>
      </RouteLink>
      <RouteLink id="RL69">
        <From>
          <StopPointRef>5610WDB21589</StopPointRef>
        </From>
        <To>
          <StopPointRef>5610WDB23039</StopPointRef>
        </To>
        <Distance>3000</Distance>
        <Direction>inbound</Direction>
      </RouteLink>
      <RouteLink id="RL70">
        <From>
          <StopPointRef>5610WDB23039</StopPointRef>
        </From>
        <To>
          <StopPointRef>5610AWE90484</StopPointRef>
        </To>
        <Distance>3140</Distance>
        <Direction>inbound</Direction>
      </RouteLink>
      <RouteLink id="RL71">
        <From>
          <StopPointRef>5610AWE90484</StopPointRef>
        </From>
        <To>
          <StopPointRef>5610WDB23047</StopPointRef>
        </To>
        <Distance>4800</Distance>
        <Direction>inbound</Direction>
      </RouteLink>
      <RouteLink id="RL72">
        <From>
          <StopPointRef>5610WDB23047</StopPointRef>
        </From>
        <To>
          <StopPointRef>5610WDB23046</StopPointRef>
        </To>
        <Distance>120</Distance>
        <Direction>inbound</Direction>
      </RouteLink>
      <RouteLink id="RL73">
        <From>
          <StopPointRef>5610WDB23046</StopPointRef>
        </From>
        <To>
          <StopPointRef>5610WDB23395</StopPointRef>
        </To>
        <Distance>2150</Distance>
        <Direction>inbound</Direction>
      </RouteLink>
      <RouteLink id="RL74">
        <From>
          <StopPointRef>5610WDB23395</StopPointRef>
        </From>
        <To>
          <StopPointRef>5610AWE90456</StopPointRef>
        </To>
        <Distance>1570</Distance>
        <Direction>inbound</Direction>
      </RouteLink>
      <RouteLink id="RL75">
        <From>
          <StopPointRef>5610AWE90456</StopPointRef>
        </From>
        <To>
          <StopPointRef>5610WDB21881</StopPointRef>
        </To>
        <Distance>4410</Distance>
        <Direction>inbound</Direction>
      </RouteLink>
      <RouteLink id="RL76">
        <From>
          <StopPointRef>5610WDB21881</StopPointRef>
        </From>
        <To>
          <StopPointRef>5610AWE90487</StopPointRef>
        </To>
        <Distance>6480</Distance>
        <Direction>inbound</Direction>
      </RouteLink>
      <RouteLink id="RL77">
        <From>
          <StopPointRef>5610AWE90487</StopPointRef>
        </From>
        <To>
          <StopPointRef>5610WBD48403</StopPointRef>
        </To>
        <Distance>11400</Distance>
        <Direction>inbound</Direction>
      </RouteLink>
      <RouteLink id="RL78">
        <From>
          <StopPointRef>5610WBD48403</StopPointRef>
        </From>
        <To>
          <StopPointRef>5610AWE90263</StopPointRef>
        </To>
        <Distance>770</Distance>
        <Direction>inbound</Direction>
      </RouteLink>
    </RouteSection>
    <RouteSection id="RS4">
      <RouteLink id="RL79">
        <From>
          <StopPointRef>5330AWB32289</StopPointRef>
        </From>
        <To>
          <StopPointRef>5330CPZ03851</StopPointRef>
        </To>
        <Distance>450</Distance>
        <Direction>inbound</Direction>
      </RouteLink>
      <RouteLink id="RL80">
        <From>
          <StopPointRef>5330CPZ03851</StopPointRef>
        </From>
        <To>
          <StopPointRef>5330AWB32337</StopPointRef>
        </To>
        <Distance>530</Distance>
        <Direction>inbound</Direction>
      </RouteLink>
      <RouteLink id="RL81">
        <From>
          <StopPointRef>5330AWB32337</StopPointRef>
        </From>
        <To>
          <StopPointRef>5330AWB32295</StopPointRef>
        </To>
        <Distance>260</Distance>
        <Direction>inbound</Direction>
      </RouteLink>
      <RouteLink id="RL82">
        <From>
          <StopPointRef>5330AWB32295</StopPointRef>
        </From>
        <To>
          <StopPointRef>5330CPZ03846</StopPointRef>
        </To>
        <Distance>370</Distance>
        <Direction>inbound</Direction>
      </RouteLink>
      <RouteLink id="RL83">
        <From>
          <StopPointRef>5330CPZ03846</StopPointRef>
        </From>
        <To>
          <StopPointRef>5330AWB32325</StopPointRef>
        </To>
        <Distance>650</Distance>
        <Direction>inbound</Direction>
      </RouteLink>
      <RouteLink id="RL84">
        <From>
          <StopPointRef>5330AWB32325</StopPointRef>
        </From>
        <To>
          <StopPointRef>5330AWB32394</StopPointRef>
        </To>
        <Distance>920</Distance>
        <Direction>inbound</Direction>
      </RouteLink>
      <RouteLink id="RL85">
        <From>
          <StopPointRef>5330AWB32394</StopPointRef>
        </From>
        <To>
          <StopPointRef>5330AWB32395</StopPointRef>
        </To>
        <Distance>1450</Distance>
        <Direction>inbound</Direction>
      </RouteLink>
      <RouteLink id="RL86">
        <From>
          <StopPointRef>5330AWB32395</StopPointRef>
        </From>
        <To>
          <StopPointRef>5330AWB32397</StopPointRef>
        </To>
        <Distance>1510</Distance>
        <Direction>inbound</Direction>
      </RouteLink>
      <RouteLink id="RL87">
        <From>
          <StopPointRef>5330AWB32397</StopPointRef>
        </From>
        <To>
          <StopPointRef>5610AWE90443</StopPointRef>
        </To>
        <Distance>1430</Distance>
        <Direction>inbound</Direction>
      </RouteLink>
      <RouteLink id="RL88">
        <From>
          <StopPointRef>5610AWE90443</StopPointRef>
        </From>
        <To>
          <StopPointRef>5610AWE90441</StopPointRef>
        </To>
        <Distance>400</Distance>
        <Direction>inbound</Direction>
      </RouteLink>
      <RouteLink id="RL89">
        <From>
          <StopPointRef>5610AWE90441</StopPointRef>
        </From>
        <To>
          <StopPointRef>5610WDB23037</StopPointRef>
        </To>
        <Distance>1980</Distance>
        <Direction>inbound</Direction>
      </RouteLink>
      <RouteLink id="RL90">
        <From>
          <StopPointRef>5610WDB23037</StopPointRef>
        </From>
        <To>
          <StopPointRef>5610WBD48410</StopPointRef>
        </To>
        <Distance>390</Distance>
        <Direction>inbound</Direction>
      </RouteLink>
      <RouteLink id="RL91">
        <From>
          <StopPointRef>5610WBD48410</StopPointRef>
        </From>
        <To>
          <StopPointRef>5610AWZ26288</StopPointRef>
        </To>
        <Distance>280</Distance>
        <Direction>inbound</Direction>
      </RouteLink>
      <RouteLink id="RL92">
        <From>
          <StopPointRef>5610AWZ26288</StopPointRef>
        </From>
        <To>
          <StopPointRef>5610WBD48408</StopPointRef>
        </To>
        <Distance>590</Distance>
        <Direction>inbound</Direction>
      </RouteLink>
      <RouteLink id="RL93">
        <From>
          <StopPointRef>5610WBD48408</StopPointRef>
        </From>
        <To>
          <StopPointRef>5610WDB21895</StopPointRef>
        </To>
        <Distance>3950</Distance>
        <Direction>inbound</Direction>
      </RouteLink>
      <RouteLink id="RL94">
        <From>
          <StopPointRef>5610WDB21895</StopPointRef>
        </From>
        <To>
          <StopPointRef>5610WDB21894</StopPointRef>
        </To>
        <Distance>2570</Distance>
        <Direction>inbound</Direction>
      </RouteLink>
      <RouteLink id="RL95">
        <From>
          <StopPointRef>5610WDB21894</StopPointRef>
        </From>
        <To>
          <StopPointRef>5610WDB21893</StopPointRef>
        </To>
        <Distance>6600</Distance>
        <Direction>inbound</Direction>
      </RouteLink>
      <RouteLink id="RL96">
        <From>
          <StopPointRef>5610WDB21893</StopPointRef>
        </From>
        <To>
          <StopPointRef>5610WDB23395</StopPointRef>
        </To>
        <Distance>5810</Distance>
        <Direction>inbound</Direction>
      </RouteLink>
      <RouteLink id="RL97">
        <From>
          <StopPointRef>5610WDB23395</StopPointRef>
        </From>
        <To>
          <StopPointRef>5610AWE90456</StopPointRef>
        </To>
        <Distance>1570</Distance>
        <Direction>inbound</Direction>
      </RouteLink>
      <RouteLink id="RL98">
        <From>
          <StopPointRef>5610AWE90456</StopPointRef>
        </From>
        <To>
          <StopPointRef>5610WDB21881</StopPointRef>
        </To>
        <Distance>4410</Distance>
        <Direction>inbound</Direction>
      </RouteLink>
      <RouteLink id="RL99">
        <From>
          <StopPointRef>5610WDB21881</StopPointRef>
        </From>
        <To>
          <StopPointRef>5610AWE90487</StopPointRef>
        </To>
        <Distance>6480</Distance>
        <Direction>inbound</Direction>
      </RouteLink>
      <RouteLink id="RL100">
        <From>
          <StopPointRef>5610AWE90487</StopPointRef>
        </From>
        <To>
          <StopPointRef>5610WBD48403</StopPointRef>
        </To>
        <Distance>11400</Distance>
        <Direction>inbound</Direction>
      </RouteLink>
      <RouteLink id="RL101">
        <From>
          <StopPointRef>5610WBD48403</StopPointRef>
        </From>
        <To>
          <StopPointRef>5610AWE90263</StopPointRef>
        </To>
        <Distance>770</Distance>
        <Direction>inbound</Direction>
      </RouteLink>
    </RouteSection>
  </RouteSections>
  <Routes>
    <Route id="RT1">
      <Description>Builth Wells Groe - Abergavenny Bus Station 5</Description>
      <RouteSectionRef>RS1</RouteSectionRef>
    </Route>
    <Route id="RT2">
      <Description>Builth Wells Groe - Abergavenny Bus Station 5</Description>
      <RouteSectionRef>RS2</RouteSectionRef>
    </Route>
    <Route id="RT3">
      <Description>Abergavenny Bus Station 5 - Builth Wells Groe</Description>
      <RouteSectionRef>RS3</RouteSectionRef>
    </Route>
    <Route id="RT4">
      <Description>Abergavenny Bus Station 5 - Builth Wells Groe</Description>
      <RouteSectionRef>RS4</RouteSectionRef>
    </Route>
  </Routes>
  <JourneyPatternSections>
    <JourneyPatternSection id="JPS1">
      <JourneyPatternTimingLink id="JPTL1">
        <From SequenceNumber="1">
          <StopPointRef>5610AWE90263</StopPointRef>
          <TimingStatus>PTP</TimingStatus>
        </From>
        <To SequenceNumber="2">
          <StopPointRef>5610WBD48402</StopPointRef>
          <TimingStatus>OTH</TimingStatus>
        </To>
        <RouteLinkRef>RL1</RouteLinkRef>
        <RunTime>PT0S</RunTime>
      </JourneyPatternTimingLink>
      <JourneyPatternTimingLink id="JPTL2">
        <From SequenceNumber="2">
          <StopPointRef>5610WBD48402</StopPointRef>
          <TimingStatus>OTH</TimingStatus>
        </From>
        <To SequenceNumber="3">
          <StopPointRef>5610WDB23051</StopPointRef>
          <TimingStatus>PTP</TimingStatus>
        </To>
        <RouteLinkRef>RL2</RouteLinkRef>
        <RunTime>PT13M</RunTime>
      </JourneyPatternTimingLink>
      <JourneyPatternTimingLink id="JPTL3">
        <From SequenceNumber="3">
          <StopPointRef>5610WDB23051</StopPointRef>
          <TimingStatus>PTP</TimingStatus>
        </From>
        <To SequenceNumber="4">
          <StopPointRef>5610WDB21882</StopPointRef>
          <TimingStatus>PTP</TimingStatus>
        </To>
        <RouteLinkRef>RL3</RouteLinkRef>
        <RunTime>PT7M</RunTime>
      </JourneyPatternTimingLink>
      <JourneyPatternTimingLink id="JPTL4">
        <From SequenceNumber="4">
          <StopPointRef>5610WDB21882</StopPointRef>
          <TimingStatus>PTP</TimingStatus>
        </From>
        <To SequenceNumber="5">
          <StopPointRef>5610AWE90455</StopPointRef>
          <TimingStatus>PTP</TimingStatus>
        </To>
        <RouteLinkRef>RL4</RouteLinkRef>
        <RunTime>PT4M</RunTime>
      </JourneyPatternTimingLink>
      <JourneyPatternTimingLink id="JPTL5">
        <From SequenceNumber="5">
          <StopPointRef>5610AWE90455</StopPointRef>
          <TimingStatus>PTP</TimingStatus>
        </From>
        <To SequenceNumber="6">
          <StopPointRef>5610ANZ16762</StopPointRef>
          <TimingStatus>PTP</TimingStatus>
        </To>
        <RouteLinkRef>RL5</RouteLinkRef>
        <RunTime>PT4M</RunTime>
      </JourneyPatternTimingLink>
      <JourneyPatternTimingLink id="JPTL6">
        <From SequenceNumber="6">
          <StopPointRef>5610ANZ16762</StopPointRef>
          <TimingStatus>PTP</TimingStatus>
        </From>
        <To SequenceNumber="7">
          <StopPointRef>5610WDB23395</StopPointRef>
          <TimingStatus>OTH</TimingStatus>
        </To>
        <RouteLinkRef>RL6</RouteLinkRef>
        <RunTime>PT0S</RunTime>
      </JourneyPatternTimingLink>
      <JourneyPatternTimingLink id="JPTL7">
        <From SequenceNumber="7">
          <StopPointRef>5610WDB23395</StopPointRef>
          <TimingStatus>OTH</TimingStatus>
        </From>
        <To SequenceNumber="8">
          <StopPointRef>5610AWE90483</StopPointRef>
          <TimingStatus>OTH</TimingStatus>
        </To>
        <RouteLinkRef>RL7</RouteLinkRef>
        <RunTime>PT2M</RunTime>
      </JourneyPatternTimingLink>
      <JourneyPatternTimingLink id="JPTL8">
        <From SequenceNumber="8">
          <StopPointRef>5610AWE90483</StopPointRef>
          <TimingStatus>OTH</TimingStatus>
        </From>
        <To SequenceNumber="9">
          <StopPointRef>5610PWX18837</StopPointRef>
          <TimingStatus>PTP</TimingStatus>
        </To>
        <RouteLinkRef>RL8</RouteLinkRef>
        <RunTime>PT1M</RunTime>
      </JourneyPatternTimingLink>
      <JourneyPatternTimingLink id="JPTL9">
        <From SequenceNumber="9">
          <StopPointRef>5610PWX18837</StopPointRef>
          <TimingStatus>PTP</TimingStatus>
        </From>
        <To SequenceNumber="10">
          <StopPointRef>5610AWE90484</StopPointRef>
          <TimingStatus>PTP</TimingStatus>
        </To>
        <RouteLinkRef>RL9</RouteLinkRef>
        <RunTime>PT5M</RunTime>
      </JourneyPatternTimingLink>
      <JourneyPatternTimingLink id="JPTL10">
        <From SequenceNumber="10">
          <StopPointRef>5610AWE90484</StopPointRef>
          <TimingStatus>PTP</TimingStatus>
        </From>
        <To SequenceNumber="11">
          <StopPointRef>5610PWX18821</StopPointRef>
          <TimingStatus>PTP</TimingStatus>
        </To>
        <RouteLinkRef>RL10</RouteLinkRef>
        <RunTime>PT5M</RunTime>
      </JourneyPatternTimingLink>
      <JourneyPatternTimingLink id="JPTL11">
        <From SequenceNumber="11">
          <StopPointRef>5610PWX18821</StopPointRef>
          <TimingStatus>PTP</TimingStatus>
        </From>
        <To SequenceNumber="12">
          <StopPointRef>5610WDB21590</StopPointRef>
          <TimingStatus>OTH</TimingStatus>
        </To>
        <RouteLinkRef>RL11</RouteLinkRef>
        <RunTime>PT4M</RunTime>
      </JourneyPatternTimingLink>
      <JourneyPatternTimingLink id="JPTL12">
        <From SequenceNumber="12">
          <StopPointRef>5610WDB21590</StopPointRef>
          <TimingStatus>OTH</TimingStatus>
        </From>
        <To SequenceNumber="13">
          <StopPointRef>5610AWE90433</StopPointRef>
          <TimingStatus>PTP</TimingStatus>
        </To>
        <RouteLinkRef>RL12</RouteLinkRef>
        <RunTime>PT1M</RunTime>
      </JourneyPatternTimingLink>
      <JourneyPatternTimingLink id="JPTL13">
        <From SequenceNumber="13">
          <StopPointRef>5610AWE90433</StopPointRef>
          <TimingStatus>PTP</TimingStatus>
        </From>
        <To SequenceNumber="14">
          <StopPointRef>5610AWE90434</StopPointRef>
          <TimingStatus>OTH</TimingStatus>
        </To>
        <RouteLinkRef>RL13</RouteLinkRef>
        <RunTime>PT6M</RunTime>
      </JourneyPatternTimingLink>
      <JourneyPatternTimingLink id="JPTL14">
        <From SequenceNumber="14">
          <StopPointRef>5610AWE90434</StopPointRef>
          <TimingStatus>OTH</TimingStatus>
        </From>
        <To SequenceNumber="15">
          <StopPointRef>5610WBD48409</StopPointRef>
          <TimingStatus>OTH</TimingStatus>
        </To>
        <RouteLinkRef>RL14</RouteLinkRef>
        <RunTime>PT4M</RunTime>
      </JourneyPatternTimingLink>
      <JourneyPatternTimingLink id="JPTL15">
        <From SequenceNumber="15">
          <StopPointRef>5610WBD48409</StopPointRef>
          <TimingStatus>OTH</TimingStatus>
        </From>
        <To SequenceNumber="16">
          <StopPointRef>5610AWE90436</StopPointRef>
          <TimingStatus>PTP</TimingStatus>
        </To>
        <RouteLinkRef>RL15</RouteLinkRef>
        <RunTime>PT1M</RunTime>
      </JourneyPatternTimingLink>
      <JourneyPatternTimingLink id="JPTL16">
        <From SequenceNumber="16">
          <StopPointRef>5610AWE90436</StopPointRef>
          <TimingStatus>PTP</TimingStatus>
        </From>
        <To SequenceNumber="17">
          <StopPointRef>5610WBD48411</StopPointRef>
          <TimingStatus>OTH</TimingStatus>
        </To>
        <RouteLinkRef>RL16</RouteLinkRef>
        <RunTime>PT0S</RunTime>
      </JourneyPatternTimingLink>
      <JourneyPatternTimingLink id="JPTL17">
        <From SequenceNumber="17">
          <StopPointRef>5610WBD48411</StopPointRef>
          <TimingStatus>OTH</TimingStatus>
        </From>
        <To SequenceNumber="18">
          <StopPointRef>5610AWE90439</StopPointRef>
          <TimingStatus>OTH</TimingStatus>
        </To>
        <RouteLinkRef>RL17</RouteLinkRef>
        <RunTime>PT0S</RunTime>
      </JourneyPatternTimingLink>
      <JourneyPatternTimingLink id="JPTL18">
        <From SequenceNumber="18">
          <StopPointRef>5610AWE90439</StopPointRef>
          <TimingStatus>OTH</TimingStatus>
        </From>
        <To SequenceNumber="19">
          <StopPointRef>5610AWE90440</StopPointRef>
          <TimingStatus>OTH</TimingStatus>
        </To>
        <RouteLinkRef>RL18</RouteLinkRef>
        <RunTime>PT2M</RunTime>
      </JourneyPatternTimingLink>
      <JourneyPatternTimingLink id="JPTL19">
        <From SequenceNumber="19">
          <StopPointRef>5610AWE90440</StopPointRef>
          <TimingStatus>OTH</TimingStatus>
        </From>
        <To SequenceNumber="20">
          <StopPointRef>5610AWE90442</StopPointRef>
          <TimingStatus>PTP</TimingStatus>
        </To>
        <RouteLinkRef>RL19</RouteLinkRef>
        <RunTime>PT1M</RunTime>
      </JourneyPatternTimingLink>
      <JourneyPatternTimingLink id="JPTL20">
        <From SequenceNumber="20">
          <StopPointRef>5610AWE90442</StopPointRef>
          <TimingStatus>PTP</TimingStatus>
        </From>
        <To SequenceNumber="21">
          <StopPointRef>5330AWB32398</StopPointRef>
          <TimingStatus>OTH</TimingStatus>
        </To>
        <RouteLinkRef>RL20</RouteLinkRef>
        <RunTime>PT1M</RunTime>
      </JourneyPatternTimingLink>
      <JourneyPatternTimingLink id="JPTL21">
        <From SequenceNumber="21">
          <StopPointRef>5330AWB32398</StopPointRef>
          <TimingStatus>OTH</TimingStatus>
        </From>
        <To SequenceNumber="22">
          <StopPointRef>5330AWB32396</StopPointRef>
          <TimingStatus>OTH</TimingStatus>
        </To>
        <RouteLinkRef>RL21</RouteLinkRef>
        <RunTime>PT2M</RunTime>
      </JourneyPatternTimingLink>
      <JourneyPatternTimingLink id="JPTL22">
        <From SequenceNumber="22">
          <StopPointRef>5330AWB32396</StopPointRef>
          <TimingStatus>OTH</TimingStatus>
        </From>
        <To SequenceNumber="23">
          <StopPointRef>5330AWB32393</StopPointRef>
          <TimingStatus>OTH</TimingStatus>
        </To>
        <RouteLinkRef>RL22</RouteLinkRef>
        <RunTime>PT1M</RunTime>
      </JourneyPatternTimingLink>
      <JourneyPatternTimingLink id="JPTL23">
        <From SequenceNumber="23">
          <StopPointRef>5330AWB32393</StopPointRef>
          <TimingStatus>OTH</TimingStatus>
        </From>
        <To SequenceNumber="24">
          <StopPointRef>5330AWB32326</StopPointRef>
          <TimingStatus>PTP</TimingStatus>
        </To>
        <RouteLinkRef>RL23</RouteLinkRef>
        <RunTime>PT2M</RunTime>
      </JourneyPatternTimingLink>
      <JourneyPatternTimingLink id="JPTL24">
        <From SequenceNumber="24">
          <StopPointRef>5330AWB32326</StopPointRef>
          <TimingStatus>PTP</TimingStatus>
        </From>
        <To SequenceNumber="25">
          <StopPointRef>5330CPZ03847</StopPointRef>
          <TimingStatus>OTH</TimingStatus>
        </To>
        <RouteLinkRef>RL24</RouteLinkRef>
        <RunTime>PT1M</RunTime>
      </JourneyPatternTimingLink>
      <JourneyPatternTimingLink id="JPTL25">
        <From SequenceNumber="25">
          <StopPointRef>5330CPZ03847</StopPointRef>
          <TimingStatus>OTH</TimingStatus>
        </From>
        <To SequenceNumber="26">
          <StopPointRef>5330AWB32346</StopPointRef>
          <TimingStatus>PTP</TimingStatus>
        </To>
        <RouteLinkRef>RL25</RouteLinkRef>
        <RunTime>PT1M</RunTime>
      </JourneyPatternTimingLink>
      <JourneyPatternTimingLink id="JPTL26">
        <From SequenceNumber="26">
          <StopPointRef>5330AWB32346</StopPointRef>
          <TimingStatus>PTP</TimingStatus>
        </From>
        <To SequenceNumber="27">
          <StopPointRef>5330AWB32293</StopPointRef>
          <TimingStatus>OTH</TimingStatus>
        </To>
        <RouteLinkRef>RL26</RouteLinkRef>
        <RunTime>PT1M</RunTime>
      </JourneyPatternTimingLink>
      <JourneyPatternTimingLink id="JPTL27">
        <From SequenceNumber="27">
          <StopPointRef>5330AWB32293</StopPointRef>
          <TimingStatus>OTH</TimingStatus>
        </From>
        <To SequenceNumber="28">
          <StopPointRef>5330AWB32289</StopPointRef>
          <TimingStatus>PTP</TimingStatus>
        </To>
        <RouteLinkRef>RL27</RouteLinkRef>
        <RunTime>PT3M</RunTime>
      </JourneyPatternTimingLink>
    </JourneyPatternSection>
    <JourneyPatternSection id="JPS2">
      <JourneyPatternTimingLink id="JPTL28">
        <From SequenceNumber="1">
          <StopPointRef>5610AWE90263</StopPointRef>
          <TimingStatus>PTP</TimingStatus>
        </From>
        <To SequenceNumber="2">
          <StopPointRef>5610WBD48402</StopPointRef>
          <TimingStatus>OTH</TimingStatus>
        </To>
        <RouteLinkRef>RL28</RouteLinkRef>
        <RunTime>PT0S</RunTime>
      </JourneyPatternTimingLink>
      <JourneyPatternTimingLink id="JPTL29">
        <From SequenceNumber="2">
          <StopPointRef>5610WBD48402</StopPointRef>
          <TimingStatus>OTH</TimingStatus>
        </From>
        <To SequenceNumber="3">
          <StopPointRef>5610WDB23051</StopPointRef>
          <TimingStatus>PTP</TimingStatus>
        </To>
        <RouteLinkRef>RL29</RouteLinkRef>
        <RunTime>PT13M</RunTime>
      </JourneyPatternTimingLink>
      <JourneyPatternTimingLink id="JPTL30">
        <From SequenceNumber="3">
          <StopPointRef>5610WDB23051</StopPointRef>
          <TimingStatus>PTP</TimingStatus>
        </From>
        <To SequenceNumber="4">
          <StopPointRef>5610WDB21882</StopPointRef>
          <TimingStatus>PTP</TimingStatus>
        </To>
        <RouteLinkRef>RL30</RouteLinkRef>
        <RunTime>PT7M</RunTime>
      </JourneyPatternTimingLink>
      <JourneyPatternTimingLink id="JPTL31">
        <From SequenceNumber="4">
          <StopPointRef>5610WDB21882</StopPointRef>
          <TimingStatus>PTP</TimingStatus>
        </From>
        <To SequenceNumber="5">
          <StopPointRef>5610AWE90455</StopPointRef>
          <TimingStatus>PTP</TimingStatus>
        </To>
        <RouteLinkRef>RL31</RouteLinkRef>
        <RunTime>PT4M</RunTime>
      </JourneyPatternTimingLink>
      <JourneyPatternTimingLink id="JPTL32">
        <From SequenceNumber="5">
          <StopPointRef>5610AWE90455</StopPointRef>
          <TimingStatus>PTP</TimingStatus>
        </From>
        <To SequenceNumber="6">
          <StopPointRef>5610ANZ16762</StopPointRef>
          <TimingStatus>PTP</TimingStatus>
        </To>
        <RouteLinkRef>RL32</RouteLinkRef>
        <RunTime>PT4M</RunTime>
      </JourneyPatternTimingLink>
      <JourneyPatternTimingLink id="JPTL33">
        <From SequenceNumber="6">
          <StopPointRef>5610ANZ16762</StopPointRef>
          <TimingStatus>PTP</TimingStatus>
        </From>
        <To SequenceNumber="7">
          <StopPointRef>5610WDB23395</StopPointRef>
          <TimingStatus>OTH</TimingStatus>
        </To>
        <RouteLinkRef>RL33</RouteLinkRef>
        <RunTime>PT0S</RunTime>
      </JourneyPatternTimingLink>
      <JourneyPatternTimingLink id="JPTL34">
        <From SequenceNumber="7">
          <StopPointRef>5610WDB23395</StopPointRef>
          <TimingStatus>OTH</TimingStatus>
        </From>
        <To SequenceNumber="8">
          <StopPointRef>5610ANZ16762</StopPointRef>
          <TimingStatus>OTH</TimingStatus>
        </To>
        <RouteLinkRef>RL34</RouteLinkRef>
        <RunTime>PT0S</RunTime>
      </JourneyPatternTimingLink>
      <JourneyPatternTimingLink id="JPTL35">
        <From SequenceNumber="8">
          <StopPointRef>5610ANZ16762</StopPointRef>
          <TimingStatus>OTH</TimingStatus>
        </From>
        <To SequenceNumber="9">
          <StopPointRef>5610WDB21891</StopPointRef>
          <TimingStatus>PTP</TimingStatus>
        </To>
        <RouteLinkRef>RL35</RouteLinkRef>
        <RunTime>PT8M</RunTime>
      </JourneyPatternTimingLink>
      <JourneyPatternTimingLink id="JPTL36">
        <From SequenceNumber="9">
          <StopPointRef>5610WDB21891</StopPointRef>
          <TimingStatus>PTP</TimingStatus>
        </From>
        <To SequenceNumber="10">
          <StopPointRef>5610AWE90481</StopPointRef>
          <TimingStatus>PTP</TimingStatus>
        </To>
        <RouteLinkRef>RL36</RouteLinkRef>
        <RunTime>PT8M</RunTime>
      </JourneyPatternTimingLink>
      <JourneyPatternTimingLink id="JPTL37">
        <From SequenceNumber="10">
          <StopPointRef>5610AWE90481</StopPointRef>
          <TimingStatus>PTP</TimingStatus>
        </From>
        <To SequenceNumber="11">
          <StopPointRef>5610PWX18477</StopPointRef>
          <TimingStatus>PTP</TimingStatus>
        </To>
        <RouteLinkRef>RL37</RouteLinkRef>
        <RunTime>PT4M</RunTime>
      </JourneyPatternTimingLink>
      <JourneyPatternTimingLink id="JPTL38">
        <From SequenceNumber="11">
          <StopPointRef>5610PWX18477</StopPointRef>
          <TimingStatus>PTP</TimingStatus>
        </From>
        <To SequenceNumber="12">
          <StopPointRef>5610WBD48409</StopPointRef>
          <TimingStatus>OTH</TimingStatus>
        </To>
        <RouteLinkRef>RL38</RouteLinkRef>
        <RunTime>PT7M</RunTime>
      </JourneyPatternTimingLink>
      <JourneyPatternTimingLink id="JPTL39">
        <From SequenceNumber="12">
          <StopPointRef>5610WBD48409</StopPointRef>
          <TimingStatus>OTH</TimingStatus>
        </From>
        <To SequenceNumber="13">
          <StopPointRef>5610AWE90436</StopPointRef>
          <TimingStatus>PTP</TimingStatus>
        </To>
        <RouteLinkRef>RL39</RouteLinkRef>
        <RunTime>PT2M</RunTime>
      </JourneyPatternTimingLink>
      <JourneyPatternTimingLink id="JPTL40">
        <From SequenceNumber="13">
          <StopPointRef>5610AWE90436</StopPointRef>
          <TimingStatus>PTP</TimingStatus>
        </From>
        <To SequenceNumber="14">
          <StopPointRef>5610WBD48411</StopPointRef>
          <TimingStatus>OTH</TimingStatus>
        </To>
        <RouteLinkRef>RL40</RouteLinkRef>
        <RunTime>PT0S</RunTime>
      </JourneyPatternTimingLink>
      <JourneyPatternTimingLink id="JPTL41">
        <From SequenceNumber="14">
          <StopPointRef>5610WBD48411</StopPointRef>
          <TimingStatus>OTH</TimingStatus>
        </From>
        <To SequenceNumber="15">
          <StopPointRef>5610AWE90439</StopPointRef>
          <TimingStatus>OTH</TimingStatus>
        </To>
        <RouteLinkRef>RL41</RouteLinkRef>
        <RunTime>PT0S</RunTime>
      </JourneyPatternTimingLink>
      <JourneyPatternTimingLink id="JPTL42">
        <From SequenceNumber="15">
          <StopPointRef>5610AWE90439</StopPointRef>
          <TimingStatus>OTH</TimingStatus>
        </From>
        <To SequenceNumber="16">
          <StopPointRef>5610AWE90440</StopPointRef>
          <TimingStatus>OTH</TimingStatus>
        </To>
        <RouteLinkRef>RL42</RouteLinkRef>
        <RunTime>PT2M</RunTime>
      </JourneyPatternTimingLink>
      <JourneyPatternTimingLink id="JPTL43">
        <From SequenceNumber="16">
          <StopPointRef>5610AWE90440</StopPointRef>
          <TimingStatus>OTH</TimingStatus>
        </From>
        <To SequenceNumber="17">
          <StopPointRef>5610AWE90442</StopPointRef>
          <TimingStatus>PTP</TimingStatus>
        </To>
        <RouteLinkRef>RL43</RouteLinkRef>
        <RunTime>PT1M</RunTime>
      </JourneyPatternTimingLink>
      <JourneyPatternTimingLink id="JPTL44">
        <From SequenceNumber="17">
          <StopPointRef>5610AWE90442</StopPointRef>
          <TimingStatus>PTP</TimingStatus>
        </From>
        <To SequenceNumber="18">
          <StopPointRef>5330AWB32398</StopPointRef>
          <TimingStatus>OTH</TimingStatus>
        </To>
        <RouteLinkRef>RL44</RouteLinkRef>
        <RunTime>PT1M</RunTime>
      </JourneyPatternTimingLink>
      <JourneyPatternTimingLink id="JPTL45">
        <From SequenceNumber="18">
          <StopPointRef>5330AWB32398</StopPointRef>
          <TimingStatus>OTH</TimingStatus>
        </From>
        <To SequenceNumber="19">
          <StopPointRef>5330AWB32396</StopPointRef>
          <TimingStatus>OTH</TimingStatus>
        </To>
        <RouteLinkRef>RL45</RouteLinkRef>
        <RunTime>PT2M</RunTime>
      </JourneyPatternTimingLink>
      <JourneyPatternTimingLink id="JPTL46">
        <From SequenceNumber="19">
          <StopPointRef>5330AWB32396</StopPointRef>
          <TimingStatus>OTH</TimingStatus>
        </From>
        <To SequenceNumber="20">
          <StopPointRef>5330AWB32393</StopPointRef>
          <TimingStatus>OTH</TimingStatus>
        </To>
        <RouteLinkRef>RL46</RouteLinkRef>
        <RunTime>PT1M</RunTime>
      </JourneyPatternTimingLink>
      <JourneyPatternTimingLink id="JPTL47">
        <From SequenceNumber="20">
          <StopPointRef>5330AWB32393</StopPointRef>
          <TimingStatus>OTH</TimingStatus>
        </From>
        <To SequenceNumber="21">
          <StopPointRef>5330AWB32326</StopPointRef>
          <TimingStatus>PTP</TimingStatus>
        </To>
        <RouteLinkRef>RL47</RouteLinkRef>
        <RunTime>PT2M</RunTime>
      </JourneyPatternTimingLink>
      <JourneyPatternTimingLink id="JPTL48">
        <From SequenceNumber="21">
          <StopPointRef>5330AWB32326</StopPointRef>
          <TimingStatus>PTP</TimingStatus>
        </From>
        <To SequenceNumber="22">
          <StopPointRef>5330CPZ03847</StopPointRef>
          <TimingStatus>OTH</TimingStatus>
        </To>
        <RouteLinkRef>RL48</RouteLinkRef>
        <RunTime>PT1M</RunTime>
      </JourneyPatternTimingLink>
      <JourneyPatternTimingLink id="JPTL49">
        <From SequenceNumber="22">
          <StopPointRef>5330CPZ03847</StopPointRef>
          <TimingStatus>OTH</TimingStatus>
        </From>
        <To SequenceNumber="23">
          <StopPointRef>5330AWB32346</StopPointRef>
          <TimingStatus>PTP</TimingStatus>
        </To>
        <RouteLinkRef>RL49</RouteLinkRef>
        <RunTime>PT1M</RunTime>
      </JourneyPatternTimingLink>
      <JourneyPatternTimingLink id="JPTL50">
        <From SequenceNumber="23">
          <StopPointRef>5330AWB32346</StopPointRef>
          <TimingStatus>PTP</TimingStatus>
        </From>
        <To SequenceNumber="24">
          <StopPointRef>5330AWB32293</StopPointRef>
          <TimingStatus>OTH</TimingStatus>
        </To>
        <RouteLinkRef>RL50</RouteLinkRef>
        <RunTime>PT1M</RunTime>
      </JourneyPatternTimingLink>
      <JourneyPatternTimingLink id="JPTL51">
        <From SequenceNumber="24">
          <StopPointRef>5330AWB32293</StopPointRef>
          <TimingStatus>OTH</TimingStatus>
        </From>
        <To SequenceNumber="25">
          <StopPointRef>5330AWB32289</StopPointRef>
          <TimingStatus>PTP</TimingStatus>
        </To>
        <RouteLinkRef>RL51</RouteLinkRef>
        <RunTime>PT3M</RunTime>
      </JourneyPatternTimingLink>
    </JourneyPatternSection>
    <JourneyPatternSection id="JPS3">
      <JourneyPatternTimingLink id="JPTL52">
        <From SequenceNumber="1">
          <StopPointRef>5330AWB32289</StopPointRef>
          <TimingStatus>PTP</TimingStatus>
        </From>
        <To SequenceNumber="2">
          <StopPointRef>5330CPZ03851</StopPointRef>
          <TimingStatus>OTH</TimingStatus>
        </To>
        <RouteLinkRef>RL52</RouteLinkRef>
        <RunTime>PT1M</RunTime>
      </JourneyPatternTimingLink>
      <JourneyPatternTimingLink id="JPTL53">
        <From SequenceNumber="2">
          <StopPointRef>5330CPZ03851</StopPointRef>
          <TimingStatus>OTH</TimingStatus>
        </From>
        <To SequenceNumber="3">
          <StopPointRef>5330AWB32337</StopPointRef>
          <TimingStatus>OTH</TimingStatus>
        </To>
        <RouteLinkRef>RL53</RouteLinkRef>
        <RunTime>PT2M</RunTime>
      </JourneyPatternTimingLink>
      <JourneyPatternTimingLink id="JPTL54">
        <From SequenceNumber="3">
          <StopPointRef>5330AWB32337</StopPointRef>
          <TimingStatus>OTH</TimingStatus>
        </From>
        <To SequenceNumber="4">
          <StopPointRef>5330AWB32295</StopPointRef>
          <TimingStatus>PTP</TimingStatus>
        </To>
        <RouteLinkRef>RL54</RouteLinkRef>
        <RunTime>PT1M</RunTime>
      </JourneyPatternTimingLink>
      <JourneyPatternTimingLink id="JPTL55">
        <From SequenceNumber="4">
          <StopPointRef>5330AWB32295</StopPointRef>
          <TimingStatus>PTP</TimingStatus>
        </From>
        <To SequenceNumber="5">
          <StopPointRef>5330CPZ03846</StopPointRef>
          <TimingStatus>OTH</TimingStatus>
        </To>
        <RouteLinkRef>RL55</RouteLinkRef>
        <RunTime>PT1M</RunTime>
      </JourneyPatternTimingLink>
      <JourneyPatternTimingLink id="JPTL56">
        <From SequenceNumber="5">
          <StopPointRef>5330CPZ03846</StopPointRef>
          <TimingStatus>OTH</TimingStatus>
        </From>
        <To SequenceNumber="6">
          <StopPointRef>5330AWB32325</StopPointRef>
          <TimingStatus>PTP</TimingStatus>
        </To>
        <RouteLinkRef>RL56</RouteLinkRef>
        <RunTime>PT2M</RunTime>
      </JourneyPatternTimingLink>
      <JourneyPatternTimingLink id="JPTL57">
        <From SequenceNumber="6">
          <StopPointRef>5330AWB32325</StopPointRef>
          <TimingStatus>PTP</TimingStatus>
        </From>
        <To SequenceNumber="7">
          <StopPointRef>5330AWB32394</StopPointRef>
          <TimingStatus>OTH</TimingStatus>
        </To>
        <RouteLinkRef>RL57</RouteLinkRef>
        <RunTime>PT1M</RunTime>
      </JourneyPatternTimingLink>
      <JourneyPatternTimingLink id="JPTL58">
        <From SequenceNumber="7">
          <StopPointRef>5330AWB32394</StopPointRef>
          <TimingStatus>OTH</TimingStatus>
        </From>
        <To SequenceNumber="8">
          <StopPointRef>5330AWB32395</StopPointRef>
          <TimingStatus>OTH</TimingStatus>
        </To>
        <RouteLinkRef>RL58</RouteLinkRef>
        <RunTime>PT1M</RunTime>
      </JourneyPatternTimingLink>
      <JourneyPatternTimingLink id="JPTL59">
        <From SequenceNumber="8">
          <StopPointRef>5330AWB32395</StopPointRef>
          <TimingStatus>OTH</TimingStatus>
        </From>
        <To SequenceNumber="9">
          <StopPointRef>5330AWB32397</StopPointRef>
          <TimingStatus>OTH</TimingStatus>
        </To>
        <RouteLinkRef>RL59</RouteLinkRef>
        <RunTime>PT2M</RunTime>
      </JourneyPatternTimingLink>
      <JourneyPatternTimingLink id="JPTL60">
        <From SequenceNumber="9">
          <StopPointRef>5330AWB32397</StopPointRef>
          <TimingStatus>OTH</TimingStatus>
        </From>
        <To SequenceNumber="10">
          <StopPointRef>5610AWE90443</StopPointRef>
          <TimingStatus>PTP</TimingStatus>
        </To>
        <RouteLinkRef>RL60</RouteLinkRef>
        <RunTime>PT2M</RunTime>
      </JourneyPatternTimingLink>
      <JourneyPatternTimingLink id="JPTL61">
        <From SequenceNumber="10">
          <StopPointRef>5610AWE90443</StopPointRef>
          <TimingStatus>PTP</TimingStatus>
        </From>
        <To SequenceNumber="11">
          <StopPointRef>5610AWE90441</StopPointRef>
          <TimingStatus>OTH</TimingStatus>
        </To>
        <RouteLinkRef>RL61</RouteLinkRef>
        <RunTime>PT0S</RunTime>
      </JourneyPatternTimingLink>
      <JourneyPatternTimingLink id="JPTL62">
        <From SequenceNumber="11">
          <StopPointRef>5610AWE90441</StopPointRef>
          <TimingStatus>OTH</TimingStatus>
        </From>
        <To SequenceNumber="12">
          <StopPointRef>5610WDB23037</StopPointRef>
          <TimingStatus>OTH</TimingStatus>
        </To>
        <RouteLinkRef>RL62</RouteLinkRef>
        <RunTime>PT2M</RunTime>
      </JourneyPatternTimingLink>
      <JourneyPatternTimingLink id="JPTL63">
        <From SequenceNumber="12">
          <StopPointRef>5610WDB23037</StopPointRef>
          <TimingStatus>OTH</TimingStatus>
        </From>
        <To SequenceNumber="13">
          <StopPointRef>5610WBD48410</StopPointRef>
          <TimingStatus>OTH</TimingStatus>
        </To>
        <RouteLinkRef>RL63</RouteLinkRef>
        <RunTime>PT0S</RunTime>
      </JourneyPatternTimingLink>
      <JourneyPatternTimingLink id="JPTL64">
        <From SequenceNumber="13">
          <StopPointRef>5610WBD48410</StopPointRef>
          <TimingStatus>OTH</TimingStatus>
        </From>
        <To SequenceNumber="14">
          <StopPointRef>5610AWZ26288</StopPointRef>
          <TimingStatus>PTP</TimingStatus>
        </To>
        <RouteLinkRef>RL64</RouteLinkRef>
        <RunTime>PT1M</RunTime>
      </JourneyPatternTimingLink>
      <JourneyPatternTimingLink id="JPTL65">
        <From SequenceNumber="14">
          <StopPointRef>5610AWZ26288</StopPointRef>
          <TimingStatus>PTP</TimingStatus>
        </From>
        <To SequenceNumber="15">
          <StopPointRef>5610WBD48408</StopPointRef>
          <TimingStatus>OTH</TimingStatus>
        </To>
        <RouteLinkRef>RL65</RouteLinkRef>
        <RunTime>PT0S</RunTime>
      </JourneyPatternTimingLink>
      <JourneyPatternTimingLink id="JPTL66">
        <From SequenceNumber="15">
          <StopPointRef>5610WBD48408</StopPointRef>
          <TimingStatus>OTH</TimingStatus>
        </From>
        <To SequenceNumber="16">
          <StopPointRef>5610AWE90435</StopPointRef>
          <TimingStatus>OTH</TimingStatus>
        </To>
        <RouteLinkRef>RL66</RouteLinkRef>
        <RunTime>PT3M</RunTime>
      </JourneyPatternTimingLink>
      <JourneyPatternTimingLink id="JPTL67">
        <From SequenceNumber="16">
          <StopPointRef>5610AWE90435</StopPointRef>
          <TimingStatus>OTH</TimingStatus>
        </From>
        <To SequenceNumber="17">
          <StopPointRef>5610AWE90432</StopPointRef>
          <TimingStatus>PTP</TimingStatus>
        </To>
        <RouteLinkRef>RL67</RouteLinkRef>
        <RunTime>PT6M</RunTime>
      </JourneyPatternTimingLink>
      <JourneyPatternTimingLink id="JPTL68">
        <From SequenceNumber="17">
          <StopPointRef>5610AWE90432</StopPointRef>
          <TimingStatus>PTP</TimingStatus>
        </From>
        <To SequenceNumber="18">
          <StopPointRef>5610WDB21589</StopPointRef>
          <TimingStatus>OTH</TimingStatus>
        </To>
        <RouteLinkRef>RL68</RouteLinkRef>
        <RunTime>PT0S</RunTime>
      </JourneyPatternTimingLink>
      <JourneyPatternTimingLink id="JPTL69">
        <From SequenceNumber="18">
          <StopPointRef>5610WDB21589</StopPointRef>
          <TimingStatus>OTH</TimingStatus>
        </From>
        <To SequenceNumber="19">
          <StopPointRef>5610WDB23039</StopPointRef>
          <TimingStatus>PTP</TimingStatus>
        </To>
        <RouteLinkRef>RL69</RouteLinkRef>
        <RunTime>PT5M</RunTime>
      </JourneyPatternTimingLink>
      <JourneyPatternTimingLink id="JPTL70">
        <From SequenceNumber="19">
          <StopPointRef>5610WDB23039</StopPointRef>
          <TimingStatus>PTP</TimingStatus>
        </From>
        <To SequenceNumber="20">
          <StopPointRef>5610AWE90484</StopPointRef>
          <TimingStatus>PTP</TimingStatus>
        </To>
        <RouteLinkRef>RL70</RouteLinkRef>
        <RunTime>PT5M</RunTime>
      </JourneyPatternTimingLink>
      <JourneyPatternTimingLink id="JPTL71">
        <From SequenceNumber="20">
          <StopPointRef>5610AWE90484</StopPointRef>
          <TimingStatus>PTP</TimingStatus>
        </From>
        <To SequenceNumber="21">
          <StopPointRef>5610WDB23047</StopPointRef>
          <TimingStatus>PTP</TimingStatus>
        </To>
        <RouteLinkRef>RL71</RouteLinkRef>
        <RunTime>PT5M</RunTime>
      </JourneyPatternTimingLink>
      <JourneyPatternTimingLink id="JPTL72">
        <From SequenceNumber="21">
          <StopPointRef>5610WDB23047</StopPointRef>
          <TimingStatus>PTP</TimingStatus>
        </From>
        <To SequenceNumber="22">
          <StopPointRef>5610WDB23046</StopPointRef>
          <TimingStatus>OTH</TimingStatus>
        </To>
        <RouteLinkRef>RL72</RouteLinkRef>
        <RunTime>PT0S</RunTime>
      </JourneyPatternTimingLink>
      <JourneyPatternTimingLink id="JPTL73">
        <From SequenceNumber="22">
          <StopPointRef>5610WDB23046</StopPointRef>
          <TimingStatus>OTH</TimingStatus>
        </From>
        <To SequenceNumber="23">
          <StopPointRef>5610WDB23395</StopPointRef>
          <TimingStatus>PTP</TimingStatus>
        </To>
        <RouteLinkRef>RL73</RouteLinkRef>
        <RunTime>PT3M</RunTime>
      </JourneyPatternTimingLink>
      <JourneyPatternTimingLink id="JPTL74">
        <From SequenceNumber="23">
          <StopPointRef>5610WDB23395</StopPointRef>
          <TimingStatus>PTP</TimingStatus>
        </From>
        <To SequenceNumber="24">
          <StopPointRef>5610AWE90456</StopPointRef>
          <TimingStatus>PTP</TimingStatus>
        </To>
        <RouteLinkRef>RL74</RouteLinkRef>
        <RunTime>PT4M</RunTime>
      </JourneyPatternTimingLink>
      <JourneyPatternTimingLink id="JPTL75">
        <From SequenceNumber="24">
          <StopPointRef>5610AWE90456</StopPointRef>
          <TimingStatus>PTP</TimingStatus>
        </From>
        <To SequenceNumber="25">
          <StopPointRef>5610WDB21881</StopPointRef>
          <TimingStatus>PTP</TimingStatus>
        </To>
        <RouteLinkRef>RL75</RouteLinkRef>
        <RunTime>PT4M</RunTime>
      </JourneyPatternTimingLink>
      <JourneyPatternTimingLink id="JPTL76">
        <From SequenceNumber="25">
          <StopPointRef>5610WDB21881</StopPointRef>
          <TimingStatus>PTP</TimingStatus>
        </From>
        <To SequenceNumber="26">
          <StopPointRef>5610AWE90487</StopPointRef>
          <TimingStatus>PTP</TimingStatus>
        </To>
        <RouteLinkRef>RL76</RouteLinkRef>
        <RunTime>PT6M</RunTime>
      </JourneyPatternTimingLink>
      <JourneyPatternTimingLink id="JPTL77">
        <From SequenceNumber="26">
          <StopPointRef>5610AWE90487</StopPointRef>
          <TimingStatus>PTP</TimingStatus>
        </From>
        <To SequenceNumber="27">
          <StopPointRef>5610WBD48403</StopPointRef>
          <TimingStatus>OTH</TimingStatus>
        </To>
        <RouteLinkRef>RL77</RouteLinkRef>
        <RunTime>PT14M</RunTime>
      </JourneyPatternTimingLink>
      <JourneyPatternTimingLink id="JPTL78">
        <From SequenceNumber="27">
          <StopPointRef>5610WBD48403</StopPointRef>
          <TimingStatus>OTH</TimingStatus>
        </From>
        <To SequenceNumber="28">
          <StopPointRef>5610AWE90263</StopPointRef>
          <TimingStatus>PTP</TimingStatus>
        </To>
        <RouteLinkRef>RL78</RouteLinkRef>
        <RunTime>PT1M</RunTime>
      </JourneyPatternTimingLink>
    </JourneyPatternSection>
    <JourneyPatternSection id="JPS4">
      <JourneyPatternTimingLink id="JPTL79">
        <From SequenceNumber="1">
          <StopPointRef>5330AWB32289</StopPointRef>
          <TimingStatus>PTP</TimingStatus>
        </From>
        <To SequenceNumber="2">
          <StopPointRef>5330CPZ03851</StopPointRef>
          <TimingStatus>OTH</TimingStatus>
        </To>
        <RouteLinkRef>RL79</RouteLinkRef>
        <RunTime>PT1M</RunTime>
      </JourneyPatternTimingLink>
      <JourneyPatternTimingLink id="JPTL80">
        <From SequenceNumber="2">
          <StopPointRef>5330CPZ03851</StopPointRef>
          <TimingStatus>OTH</TimingStatus>
        </From>
        <To SequenceNumber="3">
          <StopPointRef>5330AWB32337</StopPointRef>
          <TimingStatus>OTH</TimingStatus>
        </To>
        <RouteLinkRef>RL80</RouteLinkRef>
        <RunTime>PT2M</RunTime>
      </JourneyPatternTimingLink>
      <JourneyPatternTimingLink id="JPTL81">
        <From SequenceNumber="3">
          <StopPointRef>5330AWB32337</StopPointRef>
          <TimingStatus>OTH</TimingStatus>
        </From>
        <To SequenceNumber="4">
          <StopPointRef>5330AWB32295</StopPointRef>
          <TimingStatus>PTP</TimingStatus>
        </To>
        <RouteLinkRef>RL81</RouteLinkRef>
        <RunTime>PT1M</RunTime>
      </JourneyPatternTimingLink>
      <JourneyPatternTimingLink id="JPTL82">
        <From SequenceNumber="4">
          <StopPointRef>5330AWB32295</StopPointRef>
          <TimingStatus>PTP</TimingStatus>
        </From>
        <To SequenceNumber="5">
          <StopPointRef>5330CPZ03846</StopPointRef>
          <TimingStatus>OTH</TimingStatus>
        </To>
        <RouteLinkRef>RL82</RouteLinkRef>
        <RunTime>PT1M</RunTime>
      </JourneyPatternTimingLink>
      <JourneyPatternTimingLink id="JPTL83">
        <From SequenceNumber="5">
          <StopPointRef>5330CPZ03846</StopPointRef>
          <TimingStatus>OTH</TimingStatus>
        </From>
        <To SequenceNumber="6">
          <StopPointRef>5330AWB32325</StopPointRef>
          <TimingStatus>PTP</TimingStatus>
        </To>
        <RouteLinkRef>RL83</RouteLinkRef>
        <RunTime>PT2M</RunTime>
      </JourneyPatternTimingLink>
      <JourneyPatternTimingLink id="JPTL84">
        <From SequenceNumber="6">
          <StopPointRef>5330AWB32325</StopPointRef>
          <TimingStatus>PTP</TimingStatus>
        </From>
        <To SequenceNumber="7">
          <StopPointRef>5330AWB32394</StopPointRef>
          <TimingStatus>OTH</TimingStatus>
        </To>
        <RouteLinkRef>RL84</RouteLinkRef>
        <RunTime>PT1M</RunTime>
      </JourneyPatternTimingLink>
      <JourneyPatternTimingLink id="JPTL85">
        <From SequenceNumber="7">
          <StopPointRef>5330AWB32394</StopPointRef>
          <TimingStatus>OTH</TimingStatus>
        </From>
        <To SequenceNumber="8">
          <StopPointRef>5330AWB32395</StopPointRef>
          <TimingStatus>OTH</TimingStatus>
        </To>
        <RouteLinkRef>RL85</RouteLinkRef>
        <RunTime>PT1M</RunTime>
      </JourneyPatternTimingLink>
      <JourneyPatternTimingLink id="JPTL86">
        <From SequenceNumber="8">
          <StopPointRef>5330AWB32395</StopPointRef>
          <TimingStatus>OTH</TimingStatus>
        </From>
        <To SequenceNumber="9">
          <StopPointRef>5330AWB32397</StopPointRef>
          <TimingStatus>OTH</TimingStatus>
        </To>
        <RouteLinkRef>RL86</RouteLinkRef>
        <RunTime>PT2M</RunTime>
      </JourneyPatternTimingLink>
      <JourneyPatternTimingLink id="JPTL87">
        <From SequenceNumber="9">
          <StopPointRef>5330AWB32397</StopPointRef>
          <TimingStatus>OTH</TimingStatus>
        </From>
        <To SequenceNumber="10">
          <StopPointRef>5610AWE90443</StopPointRef>
          <TimingStatus>PTP</TimingStatus>
        </To>
        <RouteLinkRef>RL87</RouteLinkRef>
        <RunTime>PT2M</RunTime>
      </JourneyPatternTimingLink>
      <JourneyPatternTimingLink id="JPTL88">
        <From SequenceNumber="10">
          <StopPointRef>5610AWE90443</StopPointRef>
          <TimingStatus>PTP</TimingStatus>
        </From>
        <To SequenceNumber="11">
          <StopPointRef>5610AWE90441</StopPointRef>
          <TimingStatus>OTH</TimingStatus>
        </To>
        <RouteLinkRef>RL88</RouteLinkRef>
        <RunTime>PT0S</RunTime>
      </JourneyPatternTimingLink>
      <JourneyPatternTimingLink id="JPTL89">
        <From SequenceNumber="11">
          <StopPointRef>5610AWE90441</StopPointRef>
          <TimingStatus>OTH</TimingStatus>
        </From>
        <To SequenceNumber="12">
          <StopPointRef>5610WDB23037</StopPointRef>
          <TimingStatus>OTH</TimingStatus>
        </To>
        <RouteLinkRef>RL89</RouteLinkRef>
        <RunTime>PT2M</RunTime>
      </JourneyPatternTimingLink>
      <JourneyPatternTimingLink id="JPTL90">
        <From SequenceNumber="12">
          <StopPointRef>5610WDB23037</StopPointRef>
          <TimingStatus>OTH</TimingStatus>
        </From>
        <To SequenceNumber="13">
          <StopPointRef>5610WBD48410</StopPointRef>
          <TimingStatus>OTH</TimingStatus>
        </To>
        <RouteLinkRef>RL90</RouteLinkRef>
        <RunTime>PT0S</RunTime>
      </JourneyPatternTimingLink>
      <JourneyPatternTimingLink id="JPTL91">
        <From SequenceNumber="13">
          <StopPointRef>5610WBD48410</StopPointRef>
          <TimingStatus>OTH</TimingStatus>
        </From>
        <To SequenceNumber="14">
          <StopPointRef>5610AWZ26288</StopPointRef>
          <TimingStatus>PTP</TimingStatus>
        </To>
        <RouteLinkRef>RL91</RouteLinkRef>
        <RunTime>PT1M</RunTime>
      </JourneyPatternTimingLink>
      <JourneyPatternTimingLink id="JPTL92">
        <From SequenceNumber="14">
          <StopPointRef>5610AWZ26288</StopPointRef>
          <TimingStatus>PTP</TimingStatus>
        </From>
        <To SequenceNumber="15">
          <StopPointRef>5610WBD48408</StopPointRef>
          <TimingStatus>OTH</TimingStatus>
        </To>
        <RouteLinkRef>RL92</RouteLinkRef>
        <RunTime>PT0S</RunTime>
      </JourneyPatternTimingLink>
      <JourneyPatternTimingLink id="JPTL93">
        <From SequenceNumber="15">
          <StopPointRef>5610WBD48408</StopPointRef>
          <TimingStatus>OTH</TimingStatus>
        </From>
        <To SequenceNumber="16">
          <StopPointRef>5610WDB21895</StopPointRef>
          <TimingStatus>PTP</TimingStatus>
        </To>
        <RouteLinkRef>RL93</RouteLinkRef>
        <RunTime>PT7M</RunTime>
      </JourneyPatternTimingLink>
      <JourneyPatternTimingLink id="JPTL94">
        <From SequenceNumber="16">
          <StopPointRef>5610WDB21895</StopPointRef>
          <TimingStatus>PTP</TimingStatus>
        </From>
        <To SequenceNumber="17">
          <StopPointRef>5610WDB21894</StopPointRef>
          <TimingStatus>PTP</TimingStatus>
        </To>
        <RouteLinkRef>RL94</RouteLinkRef>
        <RunTime>PT4M</RunTime>
      </JourneyPatternTimingLink>
      <JourneyPatternTimingLink id="JPTL95">
        <From SequenceNumber="17">
          <StopPointRef>5610WDB21894</StopPointRef>
          <TimingStatus>PTP</TimingStatus>
        </From>
        <To SequenceNumber="18">
          <StopPointRef>5610WDB21893</StopPointRef>
          <TimingStatus>PTP</TimingStatus>
        </To>
        <RouteLinkRef>RL95</RouteLinkRef>
        <RunTime>PT8M</RunTime>
      </JourneyPatternTimingLink>
      <JourneyPatternTimingLink id="JPTL96">
        <From SequenceNumber="18">
          <StopPointRef>5610WDB21893</StopPointRef>
          <TimingStatus>PTP</TimingStatus>
        </From>
        <To SequenceNumber="19">
          <StopPointRef>5610WDB23395</StopPointRef>
          <TimingStatus>PTP</TimingStatus>
        </To>
        <RouteLinkRef>RL96</RouteLinkRef>
        <RunTime>PT8M</RunTime>
      </JourneyPatternTimingLink>
      <JourneyPatternTimingLink id="JPTL97">
        <From SequenceNumber="19">
          <StopPointRef>5610WDB23395</StopPointRef>
          <TimingStatus>PTP</TimingStatus>
        </From>
        <To SequenceNumber="20">
          <StopPointRef>5610AWE90456</StopPointRef>
          <TimingStatus>PTP</TimingStatus>
        </To>
        <RouteLinkRef>RL97</RouteLinkRef>
        <RunTime>PT4M</RunTime>
      </JourneyPatternTimingLink>
      <JourneyPatternTimingLink id="JPTL98">
        <From SequenceNumber="20">
          <StopPointRef>5610AWE90456</StopPointRef>
          <TimingStatus>PTP</TimingStatus>
        </From>
        <To SequenceNumber="21">
          <StopPointRef>5610WDB21881</StopPointRef>
          <TimingStatus>PTP</TimingStatus>
        </To>
        <RouteLinkRef>RL98</RouteLinkRef>
        <RunTime>PT4M</RunTime>
      </JourneyPatternTimingLink>
      <JourneyPatternTimingLink id="JPTL99">
        <From SequenceNumber="21">
          <StopPointRef>5610WDB21881</StopPointRef>
          <TimingStatus>PTP</TimingStatus>
        </From>
        <To SequenceNumber="22">
          <StopPointRef>5610AWE90487</StopPointRef>
          <TimingStatus>PTP</TimingStatus>
        </To>
        <RouteLinkRef>RL99</RouteLinkRef>
        <RunTime>PT6M</RunTime>
      </JourneyPatternTimingLink>
      <JourneyPatternTimingLink id="JPTL100">
        <From SequenceNumber="22">
          <StopPointRef>5610AWE90487</StopPointRef>
          <TimingStatus>PTP</TimingStatus>
        </From>
        <To SequenceNumber="23">
          <StopPointRef>5610WBD48403</StopPointRef>
          <TimingStatus>OTH</TimingStatus>
        </To>
        <RouteLinkRef>RL100</RouteLinkRef>
        <RunTime>PT14M</RunTime>
      </JourneyPatternTimingLink>
      <JourneyPatternTimingLink id="JPTL101">
        <From SequenceNumber="23">
          <StopPointRef>5610WBD48403</StopPointRef>
          <TimingStatus>OTH</TimingStatus>
        </From>
        <To SequenceNumber="24">
          <StopPointRef>5610AWE90263</StopPointRef>
          <TimingStatus>PTP</TimingStatus>
        </To>
        <RouteLinkRef>RL101</RouteLinkRef>
        <RunTime>PT1M</RunTime>
      </JourneyPatternTimingLink>
    </JourneyPatternSection>
  </JourneyPatternSections>
  <Operators>
    <Operator id="O1">
      <OperatorCode>CELT</OperatorCode>
      <OperatorShortName>Celtic Travel</OperatorShortName>
    </Operator>
  </Operators>
  <Services>
    <Service>
      <ServiceCode>PWBX012</ServiceCode>
      <PrivateCode>PWBX012</PrivateCode>
      <Lines>
        <Line id="SL1">
          <LineName>X12</LineName>
        </Line>
      </Lines>
      <OperatingPeriod>
        <StartDate>2017-07-31</StartDate>
      </OperatingPeriod>
      <OperatingProfile>
        <RegularDayType>
          <DaysOfWeek>
            <Tuesday />
            <Thursday />
          </DaysOfWeek>
        </RegularDayType>
      </OperatingProfile>
      <RegisteredOperatorRef>O1</RegisteredOperatorRef>
      <StopRequirements>
        <NoNewStopsRequired />
      </StopRequirements>
      <Mode>bus</Mode>
      <Description>Builth Wells - Abergavenny via Talgarth, Crickhowell</Description>
      <StandardService>
        <Origin>Builth Wells</Origin>
        <Destination>Abergavenny</Destination>
        <JourneyPattern id="JP1">
          <DestinationDisplay>Abergavenny Bus Station 5</DestinationDisplay>
          <Direction>outbound</Direction>
          <RouteRef>RT1</RouteRef>
          <JourneyPatternSectionRefs>JPS1</JourneyPatternSectionRefs>
        </JourneyPattern>
        <JourneyPattern id="JP2">
          <DestinationDisplay>Abergavenny Bus Station 5</DestinationDisplay>
          <Direction>outbound</Direction>
          <RouteRef>RT2</RouteRef>
          <JourneyPatternSectionRefs>JPS2</JourneyPatternSectionRefs>
        </JourneyPattern>
        <JourneyPattern id="JP3">
          <DestinationDisplay>Builth Wells Groe</DestinationDisplay>
          <Direction>inbound</Direction>
          <RouteRef>RT3</RouteRef>
          <JourneyPatternSectionRefs>JPS3</JourneyPatternSectionRefs>
        </JourneyPattern>
        <JourneyPattern id="JP4">
          <DestinationDisplay>Builth Wells Groe</DestinationDisplay>
          <Direction>inbound</Direction>
          <RouteRef>RT4</RouteRef>
          <JourneyPatternSectionRefs>JPS4</JourneyPatternSectionRefs>
        </JourneyPattern>
      </StandardService>
    </Service>
  </Services>
  <VehicleJourneys>
    <VehicleJourney SequenceNumber="1">
      <PrivateCode>X12HOCTA1:O:1</PrivateCode>
      <OperatingProfile>
        <RegularDayType>
          <DaysOfWeek>
            <Thursday />
          </DaysOfWeek>
        </RegularDayType>
        <BankHolidayOperation>
          <DaysOfNonOperation>
            <HolidayMondays />
          </DaysOfNonOperation>
        </BankHolidayOperation>
      </OperatingProfile>
      <VehicleJourneyCode>VJ1</VehicleJourneyCode>
      <ServiceRef>PWBX012</ServiceRef>
      <LineRef>SL1</LineRef>
      <JourneyPatternRef>JP1</JourneyPatternRef>
      <DepartureTime>09:38:00</DepartureTime>
    </VehicleJourney>
    <VehicleJourney SequenceNumber="1">
      <PrivateCode>X12HOCTA1:I:1</PrivateCode>
      <OperatingProfile>
        <RegularDayType>
          <DaysOfWeek>
            <Thursday />
          </DaysOfWeek>
        </RegularDayType>
        <BankHolidayOperation>
          <DaysOfNonOperation>
            <HolidayMondays />
          </DaysOfNonOperation>
        </BankHolidayOperation>
      </OperatingProfile>
      <VehicleJourneyCode>VJ3</VehicleJourneyCode>
      <ServiceRef>PWBX012</ServiceRef>
      <LineRef>SL1</LineRef>
      <JourneyPatternRef>JP3</JourneyPatternRef>
      <DepartureTime>14:00:00</DepartureTime>
    </VehicleJourney>
    <VehicleJourney SequenceNumber="1">
      <PrivateCode>X12TOCTA1:O:1</PrivateCode>
      <OperatingProfile>
        <RegularDayType>
          <DaysOfWeek>
            <Tuesday />
          </DaysOfWeek>
        </RegularDayType>
        <BankHolidayOperation>
          <DaysOfNonOperation>
            <HolidayMondays />
          </DaysOfNonOperation>
        </BankHolidayOperation>
      </OperatingProfile>
      <VehicleJourneyCode>VJ2</VehicleJourneyCode>
      <ServiceRef>PWBX012</ServiceRef>
      <LineRef>SL1</LineRef>
      <JourneyPatternRef>JP2</JourneyPatternRef>
      <DepartureTime>09:38:00</DepartureTime>
    </VehicleJourney>
    <VehicleJourney SequenceNumber="1">
      <PrivateCode>X12TOCTA1:I:1</PrivateCode>
      <OperatingProfile>
        <RegularDayType>
          <DaysOfWeek>
            <Tuesday />
          </DaysOfWeek>
        </RegularDayType>
        <BankHolidayOperation>
          <DaysOfNonOperation>
            <HolidayMondays />
          </DaysOfNonOperation>
        </BankHolidayOperation>
      </OperatingProfile>
      <VehicleJourneyCode>VJ4</VehicleJourneyCode>
      <ServiceRef>PWBX012</ServiceRef>
      <LineRef>SL1</LineRef>
      <JourneyPatternRef>JP4</JourneyPatternRef>
      <DepartureTime>14:00:00</DepartureTime>
    </VehicleJourney>
  </VehicleJourneys>
</TransXChange>