<?xml version="1.0" encoding="utf-8"?>
<TransXChange xmlns:xsd="http://www.w3.org/2001/XMLSchema" xmlns:xsi="http://www.w3.org/2001/XMLSchema-instance" xsi:schemaLocation="http://www.transxchange.org.uk/ http://www.transxchange.org.uk/schema/2.1/TransXChange_general.xsd" CreationDateTime="2017-09-25T12:59:00" ModificationDateTime="2017-09-25T12:59:00" Modification="revise" RevisionNumber="1" FileName="Dansa164-NeathVictoriaGardens-CrynantBusinessPark2_TXC_2017925-1259_NPAO164.xml" SchemaVersion="2.1" RegistrationDocument="false" xmlns="http://www.transxchange.org.uk/">
  <StopPoints>
    <AnnotatedStopPointRef>
      <StopPointRef>5820AWK65501</StopPointRef>
      <CommonName>Neath Victoria Gardens</CommonName>
    </AnnotatedStopPointRef>
    <AnnotatedStopPointRef>
      <StopPointRef>5820AWC53041</StopPointRef>
      <CommonName>Railway Station</CommonName>
    </AnnotatedStopPointRef>
    <AnnotatedStopPointRef>
      <StopPointRef>5820AWC52496</StopPointRef>
      <CommonName>Pen-y-Wern Hill</CommonName>
    </AnnotatedStopPointRef>
    <AnnotatedStopPointRef>
      <StopPointRef>5820AWC52499</StopPointRef>
      <CommonName>Crown &amp; Sceptre</CommonName>
    </AnnotatedStopPointRef>
    <AnnotatedStopPointRef>
      <StopPointRef>5820AWC52500</StopPointRef>
      <CommonName>Cadoxton Bryn Catwg</CommonName>
    </AnnotatedStopPointRef>
    <AnnotatedStopPointRef>
      <StopPointRef>5820WDB48367</StopPointRef>
      <CommonName>Danygraig</CommonName>
    </AnnotatedStopPointRef>
    <AnnotatedStopPointRef>
      <StopPointRef>5820AWO26260</StopPointRef>
      <CommonName>Underwood Road</CommonName>
    </AnnotatedStopPointRef>
    <AnnotatedStopPointRef>
      <StopPointRef>5820AWO26263</StopPointRef>
      <CommonName>Llangatwg School</CommonName>
    </AnnotatedStopPointRef>
    <AnnotatedStopPointRef>
      <StopPointRef>5820AWC52505</StopPointRef>
      <CommonName>Penscynor House</CommonName>
    </AnnotatedStopPointRef>
    <AnnotatedStopPointRef>
      <StopPointRef>5820AWC52508</StopPointRef>
      <CommonName>Penscynor</CommonName>
    </AnnotatedStopPointRef>
    <AnnotatedStopPointRef>
      <StopPointRef>5820AWC52509</StopPointRef>
      <CommonName>Cilfrew Hill</CommonName>
    </AnnotatedStopPointRef>
    <AnnotatedStopPointRef>
      <StopPointRef>5820AWC52512</StopPointRef>
      <CommonName>Post Office</CommonName>
    </AnnotatedStopPointRef>
    <AnnotatedStopPointRef>
      <StopPointRef>5820AWC52513</StopPointRef>
      <CommonName>Cilfrew March Hywel</CommonName>
    </AnnotatedStopPointRef>
    <AnnotatedStopPointRef>
      <StopPointRef>5820AWO26264</StopPointRef>
      <CommonName>Derwen Fawr</CommonName>
    </AnnotatedStopPointRef>
    <AnnotatedStopPointRef>
      <StopPointRef>5820AWC52514</StopPointRef>
      <CommonName>Cilfrew Hotel</CommonName>
    </AnnotatedStopPointRef>
    <AnnotatedStopPointRef>
      <StopPointRef>5820AWC52511</StopPointRef>
      <CommonName>Post Office</CommonName>
    </AnnotatedStopPointRef>
    <AnnotatedStopPointRef>
      <StopPointRef>5820AWC52510</StopPointRef>
      <CommonName>Cilfrew Hill</CommonName>
    </AnnotatedStopPointRef>
    <AnnotatedStopPointRef>
      <StopPointRef>5820AWC52507</StopPointRef>
      <CommonName>Cilfrew Primary School</CommonName>
    </AnnotatedStopPointRef>
    <AnnotatedStopPointRef>
      <StopPointRef>5820AWC52506</StopPointRef>
      <CommonName>Penscynor</CommonName>
    </AnnotatedStopPointRef>
    <AnnotatedStopPointRef>
      <StopPointRef>5820AWC52504</StopPointRef>
      <CommonName>Drusgol Goch</CommonName>
    </AnnotatedStopPointRef>
    <AnnotatedStopPointRef>
      <StopPointRef>5820AWO26265</StopPointRef>
      <CommonName>Llangatwg School</CommonName>
    </AnnotatedStopPointRef>
    <AnnotatedStopPointRef>
      <StopPointRef>5820AWC52516</StopPointRef>
      <CommonName>Iron Bridge</CommonName>
    </AnnotatedStopPointRef>
    <AnnotatedStopPointRef>
      <StopPointRef>5820AWC52518</StopPointRef>
      <CommonName>Aberdulais Falls</CommonName>
    </AnnotatedStopPointRef>
    <AnnotatedStopPointRef>
      <StopPointRef>5820AWC52519</StopPointRef>
      <CommonName>Dulais Drive</CommonName>
    </AnnotatedStopPointRef>
    <AnnotatedStopPointRef>
      <StopPointRef>5820AWC52635</StopPointRef>
      <CommonName>Ynysygerwn Avenue Turn</CommonName>
    </AnnotatedStopPointRef>
    <AnnotatedStopPointRef>
      <StopPointRef>5820AWO26266</StopPointRef>
      <CommonName>Tir-isaf Farm</CommonName>
    </AnnotatedStopPointRef>
    <AnnotatedStopPointRef>
      <StopPointRef>5820AWC52640</StopPointRef>
      <CommonName>Broadawel Houses</CommonName>
    </AnnotatedStopPointRef>
    <AnnotatedStopPointRef>
      <StopPointRef>5820AWC52642</StopPointRef>
      <CommonName>Cefn Coed Museum</CommonName>
    </AnnotatedStopPointRef>
    <AnnotatedStopPointRef>
      <StopPointRef>5820AWO26267</StopPointRef>
      <CommonName>Ynys March</CommonName>
    </AnnotatedStopPointRef>
    <AnnotatedStopPointRef>
      <StopPointRef>5820AWC52644</StopPointRef>
      <CommonName>Mary Street</CommonName>
    </AnnotatedStopPointRef>
    <AnnotatedStopPointRef>
      <StopPointRef>5820AWO26268</StopPointRef>
      <CommonName>The Crescent</CommonName>
    </AnnotatedStopPointRef>
    <AnnotatedStopPointRef>
      <StopPointRef>5820AWC52646</StopPointRef>
      <CommonName>Crynant Square</CommonName>
    </AnnotatedStopPointRef>
    <AnnotatedStopPointRef>
      <StopPointRef>5820AWC52648</StopPointRef>
      <CommonName>Rugby Club</CommonName>
    </AnnotatedStopPointRef>
    <AnnotatedStopPointRef>
      <StopPointRef>5820AWC52650</StopPointRef>
      <CommonName>Crynant Business Park</CommonName>
    </AnnotatedStopPointRef>
    <AnnotatedStopPointRef>
      <StopPointRef>5820AWC52649</StopPointRef>
      <CommonName>Crynant Business Park</CommonName>
    </AnnotatedStopPointRef>
    <AnnotatedStopPointRef>
      <StopPointRef>5820AWC52647</StopPointRef>
      <CommonName>Rugby Club</CommonName>
    </AnnotatedStopPointRef>
    <AnnotatedStopPointRef>
      <StopPointRef>5820SRX16451</StopPointRef>
      <CommonName>Crynant Square</CommonName>
    </AnnotatedStopPointRef>
    <AnnotatedStopPointRef>
      <StopPointRef>5820AWC52645</StopPointRef>
      <CommonName>The Crescent</CommonName>
    </AnnotatedStopPointRef>
    <AnnotatedStopPointRef>
      <StopPointRef>5820AWC52643</StopPointRef>
      <CommonName>Mary Street</CommonName>
    </AnnotatedStopPointRef>
    <AnnotatedStopPointRef>
      <StopPointRef>5820AWO26275</StopPointRef>
      <CommonName>Ynys March</CommonName>
    </AnnotatedStopPointRef>
    <AnnotatedStopPointRef>
      <StopPointRef>5820SRX16452</StopPointRef>
      <CommonName>Cefn Coed Colliery Museum</CommonName>
    </AnnotatedStopPointRef>
    <AnnotatedStopPointRef>
      <StopPointRef>5820AWC52641</StopPointRef>
      <CommonName>Broadawel Houses</CommonName>
    </AnnotatedStopPointRef>
    <AnnotatedStopPointRef>
      <StopPointRef>5820AWC52639</StopPointRef>
      <CommonName>Tir Isaf Farm</CommonName>
    </AnnotatedStopPointRef>
    <AnnotatedStopPointRef>
      <StopPointRef>5820AWC52634</StopPointRef>
      <CommonName>Ynysgerwyn Cricket Club</CommonName>
    </AnnotatedStopPointRef>
    <AnnotatedStopPointRef>
      <StopPointRef>5820AWC52520</StopPointRef>
      <CommonName>Dulais Drive</CommonName>
    </AnnotatedStopPointRef>
    <AnnotatedStopPointRef>
      <StopPointRef>5820AWC52517</StopPointRef>
      <CommonName>Aberdulais Falls</CommonName>
    </AnnotatedStopPointRef>
    <AnnotatedStopPointRef>
      <StopPointRef>5820AWC52515</StopPointRef>
      <CommonName>Iron Bridge</CommonName>
    </AnnotatedStopPointRef>
    <AnnotatedStopPointRef>
      <StopPointRef>5820AWC52503</StopPointRef>
      <CommonName>Underwood Road</CommonName>
    </AnnotatedStopPointRef>
    <AnnotatedStopPointRef>
      <StopPointRef>5820AWC52502</StopPointRef>
      <CommonName>Danygraig</CommonName>
    </AnnotatedStopPointRef>
    <AnnotatedStopPointRef>
      <StopPointRef>5820AWC52501</StopPointRef>
      <CommonName>Cadoxton Bryn Catwg</CommonName>
    </AnnotatedStopPointRef>
    <AnnotatedStopPointRef>
      <StopPointRef>5820AWC52498</StopPointRef>
      <CommonName>Crown &amp; Sceptre</CommonName>
    </AnnotatedStopPointRef>
    <AnnotatedStopPointRef>
      <StopPointRef>5820AWC52497</StopPointRef>
      <CommonName>Pen-y-Wern Corner</CommonName>
    </AnnotatedStopPointRef>
    <AnnotatedStopPointRef>
      <StopPointRef>5820WDB48054</StopPointRef>
      <CommonName>Morrisons</CommonName>
    </AnnotatedStopPointRef>
  </StopPoints>
  <RouteSections>
    <RouteSection id="RS1">
      <RouteLink id="RL1">
        <From>
          <StopPointRef>5820AWK65501</StopPointRef>
        </From>
        <To>
          <StopPointRef>5820AWC53041</StopPointRef>
        </To>
        <Distance>570</Distance>
        <Direction>outbound</Direction>
      </RouteLink>
      <RouteLink id="RL2">
        <From>
          <StopPointRef>5820AWC53041</StopPointRef>
        </From>
        <To>
          <StopPointRef>5820AWC52496</StopPointRef>
        </To>
        <Distance>860</Distance>
        <Direction>outbound</Direction>
      </RouteLink>
      <RouteLink id="RL3">
        <From>
          <StopPointRef>5820AWC52496</StopPointRef>
        </From>
        <To>
          <StopPointRef>5820AWC52499</StopPointRef>
        </To>
        <Distance>430</Distance>
        <Direction>outbound</Direction>
      </RouteLink>
      <RouteLink id="RL4">
        <From>
          <StopPointRef>5820AWC52499</StopPointRef>
        </From>
        <To>
          <StopPointRef>5820AWC52500</StopPointRef>
        </To>
        <Distance>370</Distance>
        <Direction>outbound</Direction>
      </RouteLink>
      <RouteLink id="RL5">
        <From>
          <StopPointRef>5820AWC52500</StopPointRef>
        </From>
        <To>
          <StopPointRef>5820WDB48367</StopPointRef>
        </To>
        <Distance>340</Distance>
        <Direction>outbound</Direction>
      </RouteLink>
      <RouteLink id="RL6">
        <From>
          <StopPointRef>5820WDB48367</StopPointRef>
        </From>
        <To>
          <StopPointRef>5820AWO26260</StopPointRef>
        </To>
        <Distance>440</Distance>
        <Direction>outbound</Direction>
      </RouteLink>
      <RouteLink id="RL7">
        <From>
          <StopPointRef>5820AWO26260</StopPointRef>
        </From>
        <To>
          <StopPointRef>5820AWO26263</StopPointRef>
        </To>
        <Distance>320</Distance>
        <Direction>outbound</Direction>
      </RouteLink>
      <RouteLink id="RL8">
        <From>
          <StopPointRef>5820AWO26263</StopPointRef>
        </From>
        <To>
          <StopPointRef>5820AWC52505</StopPointRef>
        </To>
        <Distance>310</Distance>
        <Direction>outbound</Direction>
      </RouteLink>
      <RouteLink id="RL9">
        <From>
          <StopPointRef>5820AWC52505</StopPointRef>
        </From>
        <To>
          <StopPointRef>5820AWC52508</StopPointRef>
        </To>
        <Distance>120</Distance>
        <Direction>outbound</Direction>
      </RouteLink>
      <RouteLink id="RL10">
        <From>
          <StopPointRef>5820AWC52508</StopPointRef>
        </From>
        <To>
          <StopPointRef>5820AWC52509</StopPointRef>
        </To>
        <Distance>580</Distance>
        <Direction>outbound</Direction>
      </RouteLink>
      <RouteLink id="RL11">
        <From>
          <StopPointRef>5820AWC52509</StopPointRef>
        </From>
        <To>
          <StopPointRef>5820AWC52512</StopPointRef>
        </To>
        <Distance>170</Distance>
        <Direction>outbound</Direction>
      </RouteLink>
      <RouteLink id="RL12">
        <From>
          <StopPointRef>5820AWC52512</StopPointRef>
        </From>
        <To>
          <StopPointRef>5820AWC52513</StopPointRef>
        </To>
        <Distance>230</Distance>
        <Direction>outbound</Direction>
      </RouteLink>
      <RouteLink id="RL13">
        <From>
          <StopPointRef>5820AWC52513</StopPointRef>
        </From>
        <To>
          <StopPointRef>5820AWO26264</StopPointRef>
        </To>
        <Distance>150</Distance>
        <Direction>outbound</Direction>
      </RouteLink>
      <RouteLink id="RL14">
        <From>
          <StopPointRef>5820AWO26264</StopPointRef>
        </From>
        <To>
          <StopPointRef>5820AWC52514</StopPointRef>
        </To>
        <Distance>140</Distance>
        <Direction>outbound</Direction>
      </RouteLink>
      <RouteLink id="RL15">
        <From>
          <StopPointRef>5820AWC52514</StopPointRef>
        </From>
        <To>
          <StopPointRef>5820AWC52511</StopPointRef>
        </To>
        <Distance>180</Distance>
        <Direction>outbound</Direction>
      </RouteLink>
      <RouteLink id="RL16">
        <From>
          <StopPointRef>5820AWC52511</StopPointRef>
        </From>
        <To>
          <StopPointRef>5820AWC52510</StopPointRef>
        </To>
        <Distance>150</Distance>
        <Direction>outbound</Direction>
      </RouteLink>
      <RouteLink id="RL17">
        <From>
          <StopPointRef>5820AWC52510</StopPointRef>
        </From>
        <To>
          <StopPointRef>5820AWC52507</StopPointRef>
        </To>
        <Distance>360</Distance>
        <Direction>outbound</Direction>
      </RouteLink>
      <RouteLink id="RL18">
        <From>
          <StopPointRef>5820AWC52507</StopPointRef>
        </From>
        <To>
          <StopPointRef>5820AWC52506</StopPointRef>
        </To>
        <Distance>250</Distance>
        <Direction>outbound</Direction>
      </RouteLink>
      <RouteLink id="RL19">
        <From>
          <StopPointRef>5820AWC52506</StopPointRef>
        </From>
        <To>
          <StopPointRef>5820AWC52504</StopPointRef>
        </To>
        <Distance>170</Distance>
        <Direction>outbound</Direction>
      </RouteLink>
      <RouteLink id="RL20">
        <From>
          <StopPointRef>5820AWC52504</StopPointRef>
        </From>
        <To>
          <StopPointRef>5820AWO26265</StopPointRef>
        </To>
        <Distance>210</Distance>
        <Direction>outbound</Direction>
      </RouteLink>
      <RouteLink id="RL21">
        <From>
          <StopPointRef>5820AWO26265</StopPointRef>
        </From>
        <To>
          <StopPointRef>5820AWC52516</StopPointRef>
        </To>
        <Distance>110</Distance>
        <Direction>outbound</Direction>
      </RouteLink>
      <RouteLink id="RL22">
        <From>
          <StopPointRef>5820AWC52516</StopPointRef>
        </From>
        <To>
          <StopPointRef>5820AWC52518</StopPointRef>
        </To>
        <Distance>570</Distance>
        <Direction>outbound</Direction>
      </RouteLink>
      <RouteLink id="RL23">
        <From>
          <StopPointRef>5820AWC52518</StopPointRef>
        </From>
        <To>
          <StopPointRef>5820AWC52519</StopPointRef>
        </To>
        <Distance>230</Distance>
        <Direction>outbound</Direction>
      </RouteLink>
      <RouteLink id="RL24">
        <From>
          <StopPointRef>5820AWC52519</StopPointRef>
        </From>
        <To>
          <StopPointRef>5820AWC52635</StopPointRef>
        </To>
        <Distance>510</Distance>
        <Direction>outbound</Direction>
      </RouteLink>
      <RouteLink id="RL25">
        <From>
          <StopPointRef>5820AWC52635</StopPointRef>
        </From>
        <To>
          <StopPointRef>5820AWO26266</StopPointRef>
        </To>
        <Distance>1740</Distance>
        <Direction>outbound</Direction>
      </RouteLink>
      <RouteLink id="RL26">
        <From>
          <StopPointRef>5820AWO26266</StopPointRef>
        </From>
        <To>
          <StopPointRef>5820AWC52640</StopPointRef>
        </To>
        <Distance>640</Distance>
        <Direction>outbound</Direction>
      </RouteLink>
      <RouteLink id="RL27">
        <From>
          <StopPointRef>5820AWC52640</StopPointRef>
        </From>
        <To>
          <StopPointRef>5820AWC52642</StopPointRef>
        </To>
        <Distance>1080</Distance>
        <Direction>outbound</Direction>
      </RouteLink>
      <RouteLink id="RL28">
        <From>
          <StopPointRef>5820AWC52642</StopPointRef>
        </From>
        <To>
          <StopPointRef>5820AWO26267</StopPointRef>
        </To>
        <Distance>1200</Distance>
        <Direction>outbound</Direction>
      </RouteLink>
      <RouteLink id="RL29">
        <From>
          <StopPointRef>5820AWO26267</StopPointRef>
        </From>
        <To>
          <StopPointRef>5820AWC52644</StopPointRef>
        </To>
        <Distance>430</Distance>
        <Direction>outbound</Direction>
      </RouteLink>
      <RouteLink id="RL30">
        <From>
          <StopPointRef>5820AWC52644</StopPointRef>
        </From>
        <To>
          <StopPointRef>5820AWO26268</StopPointRef>
        </To>
        <Distance>230</Distance>
        <Direction>outbound</Direction>
      </RouteLink>
      <RouteLink id="RL31">
        <From>
          <StopPointRef>5820AWO26268</StopPointRef>
        </From>
        <To>
          <StopPointRef>5820AWC52646</StopPointRef>
        </To>
        <Distance>210</Distance>
        <Direction>outbound</Direction>
      </RouteLink>
      <RouteLink id="RL32">
        <From>
          <StopPointRef>5820AWC52646</StopPointRef>
        </From>
        <To>
          <StopPointRef>5820AWC52648</StopPointRef>
        </To>
        <Distance>240</Distance>
        <Direction>outbound</Direction>
      </RouteLink>
      <RouteLink id="RL33">
        <From>
          <StopPointRef>5820AWC52648</StopPointRef>
        </From>
        <To>
          <StopPointRef>5820AWC52650</StopPointRef>
        </To>
        <Distance>450</Distance>
        <Direction>outbound</Direction>
      </RouteLink>
    </RouteSection>
    <RouteSection id="RS2">
      <RouteLink id="RL34">
        <From>
          <StopPointRef>5820AWC52649</StopPointRef>
        </From>
        <To>
          <StopPointRef>5820AWC52647</StopPointRef>
        </To>
        <Distance>460</Distance>
        <Direction>inbound</Direction>
      </RouteLink>
      <RouteLink id="RL35">
        <From>
          <StopPointRef>5820AWC52647</StopPointRef>
        </From>
        <To>
          <StopPointRef>5820SRX16451</StopPointRef>
        </To>
        <Distance>240</Distance>
        <Direction>inbound</Direction>
      </RouteLink>
      <RouteLink id="RL36">
        <From>
          <StopPointRef>5820SRX16451</StopPointRef>
        </From>
        <To>
          <StopPointRef>5820AWC52645</StopPointRef>
        </To>
        <Distance>230</Distance>
        <Direction>inbound</Direction>
      </RouteLink>
      <RouteLink id="RL37">
        <From>
          <StopPointRef>5820AWC52645</StopPointRef>
        </From>
        <To>
          <StopPointRef>5820AWC52643</StopPointRef>
        </To>
        <Distance>200</Distance>
        <Direction>inbound</Direction>
      </RouteLink>
      <RouteLink id="RL38">
        <From>
          <StopPointRef>5820AWC52643</StopPointRef>
        </From>
        <To>
          <StopPointRef>5820AWO26275</StopPointRef>
        </To>
        <Distance>380</Distance>
        <Direction>inbound</Direction>
      </RouteLink>
      <RouteLink id="RL39">
        <From>
          <StopPointRef>5820AWO26275</StopPointRef>
        </From>
        <To>
          <StopPointRef>5820SRX16452</StopPointRef>
        </To>
        <Distance>1260</Distance>
        <Direction>inbound</Direction>
      </RouteLink>
      <RouteLink id="RL40">
        <From>
          <StopPointRef>5820SRX16452</StopPointRef>
        </From>
        <To>
          <StopPointRef>5820AWC52641</StopPointRef>
        </To>
        <Distance>1050</Distance>
        <Direction>inbound</Direction>
      </RouteLink>
      <RouteLink id="RL41">
        <From>
          <StopPointRef>5820AWC52641</StopPointRef>
        </From>
        <To>
          <StopPointRef>5820AWC52639</StopPointRef>
        </To>
        <Distance>640</Distance>
        <Direction>inbound</Direction>
      </RouteLink>
      <RouteLink id="RL42">
        <From>
          <StopPointRef>5820AWC52639</StopPointRef>
        </From>
        <To>
          <StopPointRef>5820AWC52634</StopPointRef>
        </To>
        <Distance>1850</Distance>
        <Direction>inbound</Direction>
      </RouteLink>
      <RouteLink id="RL43">
        <From>
          <StopPointRef>5820AWC52634</StopPointRef>
        </From>
        <To>
          <StopPointRef>5820AWC52520</StopPointRef>
        </To>
        <Distance>430</Distance>
        <Direction>inbound</Direction>
      </RouteLink>
      <RouteLink id="RL44">
        <From>
          <StopPointRef>5820AWC52520</StopPointRef>
        </From>
        <To>
          <StopPointRef>5820AWC52517</StopPointRef>
        </To>
        <Distance>320</Distance>
        <Direction>inbound</Direction>
      </RouteLink>
      <RouteLink id="RL45">
        <From>
          <StopPointRef>5820AWC52517</StopPointRef>
        </From>
        <To>
          <StopPointRef>5820AWC52515</StopPointRef>
        </To>
        <Distance>680</Distance>
        <Direction>inbound</Direction>
      </RouteLink>
      <RouteLink id="RL46">
        <From>
          <StopPointRef>5820AWC52515</StopPointRef>
        </From>
        <To>
          <StopPointRef>5820AWO26263</StopPointRef>
        </To>
        <Distance>90</Distance>
        <Direction>inbound</Direction>
      </RouteLink>
      <RouteLink id="RL47">
        <From>
          <StopPointRef>5820AWO26263</StopPointRef>
        </From>
        <To>
          <StopPointRef>5820AWC52505</StopPointRef>
        </To>
        <Distance>310</Distance>
        <Direction>inbound</Direction>
      </RouteLink>
      <RouteLink id="RL48">
        <From>
          <StopPointRef>5820AWC52505</StopPointRef>
        </From>
        <To>
          <StopPointRef>5820AWC52508</StopPointRef>
        </To>
        <Distance>120</Distance>
        <Direction>inbound</Direction>
      </RouteLink>
      <RouteLink id="RL49">
        <From>
          <StopPointRef>5820AWC52508</StopPointRef>
        </From>
        <To>
          <StopPointRef>5820AWC52509</StopPointRef>
        </To>
        <Distance>580</Distance>
        <Direction>inbound</Direction>
      </RouteLink>
      <RouteLink id="RL50">
        <From>
          <StopPointRef>5820AWC52509</StopPointRef>
        </From>
        <To>
          <StopPointRef>5820AWC52512</StopPointRef>
        </To>
        <Distance>170</Distance>
        <Direction>inbound</Direction>
      </RouteLink>
      <RouteLink id="RL51">
        <From>
          <StopPointRef>5820AWC52512</StopPointRef>
        </From>
        <To>
          <StopPointRef>5820AWC52513</StopPointRef>
        </To>
        <Distance>230</Distance>
        <Direction>inbound</Direction>
      </RouteLink>
      <RouteLink id="RL52">
        <From>
          <StopPointRef>5820AWC52513</StopPointRef>
        </From>
        <To>
          <StopPointRef>5820AWO26264</StopPointRef>
        </To>
        <Distance>150</Distance>
        <Direction>inbound</Direction>
      </RouteLink>
      <RouteLink id="RL53">
        <From>
          <StopPointRef>5820AWO26264</StopPointRef>
        </From>
        <To>
          <StopPointRef>5820AWC52514</StopPointRef>
        </To>
        <Distance>140</Distance>
        <Direction>inbound</Direction>
      </RouteLink>
      <RouteLink id="RL54">
        <From>
          <StopPointRef>5820AWC52514</StopPointRef>
        </From>
        <To>
          <StopPointRef>5820AWC52511</StopPointRef>
        </To>
        <Distance>180</Distance>
        <Direction>inbound</Direction>
      </RouteLink>
      <RouteLink id="RL55">
        <From>
          <StopPointRef>5820AWC52511</StopPointRef>
        </From>
        <To>
          <StopPointRef>5820AWC52510</StopPointRef>
        </To>
        <Distance>150</Distance>
        <Direction>inbound</Direction>
      </RouteLink>
      <RouteLink id="RL56">
        <From>
          <StopPointRef>5820AWC52510</StopPointRef>
        </From>
        <To>
          <StopPointRef>5820AWC52507</StopPointRef>
        </To>
        <Distance>360</Distance>
        <Direction>inbound</Direction>
      </RouteLink>
      <RouteLink id="RL57">
        <From>
          <StopPointRef>5820AWC52507</StopPointRef>
        </From>
        <To>
          <StopPointRef>5820AWC52506</StopPointRef>
        </To>
        <Distance>250</Distance>
        <Direction>inbound</Direction>
      </RouteLink>
      <RouteLink id="RL58">
        <From>
          <StopPointRef>5820AWC52506</StopPointRef>
        </From>
        <To>
          <StopPointRef>5820AWC52504</StopPointRef>
        </To>
        <Distance>170</Distance>
        <Direction>inbound</Direction>
      </RouteLink>
      <RouteLink id="RL59">
        <From>
          <StopPointRef>5820AWC52504</StopPointRef>
        </From>
        <To>
          <StopPointRef>5820AWO26265</StopPointRef>
        </To>
        <Distance>210</Distance>
        <Direction>inbound</Direction>
      </RouteLink>
      <RouteLink id="RL60">
        <From>
          <StopPointRef>5820AWO26265</StopPointRef>
        </From>
        <To>
          <StopPointRef>5820AWC52503</StopPointRef>
        </To>
        <Distance>430</Distance>
        <Direction>inbound</Direction>
      </RouteLink>
      <RouteLink id="RL61">
        <From>
          <StopPointRef>5820AWC52503</StopPointRef>
        </From>
        <To>
          <StopPointRef>5820AWC52502</StopPointRef>
        </To>
        <Distance>270</Distance>
        <Direction>inbound</Direction>
      </RouteLink>
      <RouteLink id="RL62">
        <From>
          <StopPointRef>5820AWC52502</StopPointRef>
        </From>
        <To>
          <StopPointRef>5820AWC52501</StopPointRef>
        </To>
        <Distance>460</Distance>
        <Direction>inbound</Direction>
      </RouteLink>
      <RouteLink id="RL63">
        <From>
          <StopPointRef>5820AWC52501</StopPointRef>
        </From>
        <To>
          <StopPointRef>5820AWC52498</StopPointRef>
        </To>
        <Distance>390</Distance>
        <Direction>inbound</Direction>
      </RouteLink>
      <RouteLink id="RL64">
        <From>
          <StopPointRef>5820AWC52498</StopPointRef>
        </From>
        <To>
          <StopPointRef>5820AWC52497</StopPointRef>
        </To>
        <Distance>360</Distance>
        <Direction>inbound</Direction>
      </RouteLink>
      <RouteLink id="RL65">
        <From>
          <StopPointRef>5820AWC52497</StopPointRef>
        </From>
        <To>
          <StopPointRef>5820WDB48054</StopPointRef>
        </To>
        <Distance>560</Distance>
        <Direction>inbound</Direction>
      </RouteLink>
      <RouteLink id="RL66">
        <From>
          <StopPointRef>5820WDB48054</StopPointRef>
        </From>
        <To>
          <StopPointRef>5820AWK65501</StopPointRef>
        </To>
        <Distance>1010</Distance>
        <Direction>inbound</Direction>
      </RouteLink>
    </RouteSection>
  </RouteSections>
  <Routes>
    <Route id="RT1">
      <Description>Neath Victoria Gardens - Crynant Business Park</Description>
      <RouteSectionRef>RS1</RouteSectionRef>
    </Route>
    <Route id="RT2">
      <Description>Crynant Business Park - Neath Victoria Gardens</Description>
      <RouteSectionRef>RS2</RouteSectionRef>
    </Route>
  </Routes>
  <JourneyPatternSections>
    <JourneyPatternSection id="JPS1">
      <JourneyPatternTimingLink id="JPTL1">
        <From SequenceNumber="1">
          <StopPointRef>5820AWK65501</StopPointRef>
          <TimingStatus>PTP</TimingStatus>
        </From>
        <To SequenceNumber="2">
          <StopPointRef>5820AWC53041</StopPointRef>
          <TimingStatus>OTH</TimingStatus>
        </To>
        <RouteLinkRef>RL1</RouteLinkRef>
        <RunTime>PT2M</RunTime>
      </JourneyPatternTimingLink>
      <JourneyPatternTimingLink id="JPTL2">
        <From SequenceNumber="2">
          <StopPointRef>5820AWC53041</StopPointRef>
          <TimingStatus>OTH</TimingStatus>
        </From>
        <To SequenceNumber="3">
          <StopPointRef>5820AWC52496</StopPointRef>
          <TimingStatus>OTH</TimingStatus>
        </To>
        <RouteLinkRef>RL2</RouteLinkRef>
        <RunTime>PT2M</RunTime>
      </JourneyPatternTimingLink>
      <JourneyPatternTimingLink id="JPTL3">
        <From SequenceNumber="3">
          <StopPointRef>5820AWC52496</StopPointRef>
          <TimingStatus>OTH</TimingStatus>
        </From>
        <To SequenceNumber="4">
          <StopPointRef>5820AWC52499</StopPointRef>
          <TimingStatus>OTH</TimingStatus>
        </To>
        <RouteLinkRef>RL3</RouteLinkRef>
        <RunTime>PT2M</RunTime>
      </JourneyPatternTimingLink>
      <JourneyPatternTimingLink id="JPTL4">
        <From SequenceNumber="4">
          <StopPointRef>5820AWC52499</StopPointRef>
          <TimingStatus>OTH</TimingStatus>
        </From>
        <To SequenceNumber="5">
          <StopPointRef>5820AWC52500</StopPointRef>
          <TimingStatus>PTP</TimingStatus>
        </To>
        <RouteLinkRef>RL4</RouteLinkRef>
        <RunTime>PT1M</RunTime>
      </JourneyPatternTimingLink>
      <JourneyPatternTimingLink id="JPTL5">
        <From SequenceNumber="5">
          <StopPointRef>5820AWC52500</StopPointRef>
          <TimingStatus>PTP</TimingStatus>
        </From>
        <To SequenceNumber="6">
          <StopPointRef>5820WDB48367</StopPointRef>
          <TimingStatus>OTH</TimingStatus>
        </To>
        <RouteLinkRef>RL5</RouteLinkRef>
        <RunTime>PT0S</RunTime>
      </JourneyPatternTimingLink>
      <JourneyPatternTimingLink id="JPTL6">
        <From SequenceNumber="6">
          <StopPointRef>5820WDB48367</StopPointRef>
          <TimingStatus>OTH</TimingStatus>
        </From>
        <To SequenceNumber="7">
          <StopPointRef>5820AWO26260</StopPointRef>
          <TimingStatus>OTH</TimingStatus>
        </To>
        <RouteLinkRef>RL6</RouteLinkRef>
        <RunTime>PT2M</RunTime>
      </JourneyPatternTimingLink>
      <JourneyPatternTimingLink id="JPTL7">
        <From SequenceNumber="7">
          <StopPointRef>5820AWO26260</StopPointRef>
          <TimingStatus>OTH</TimingStatus>
        </From>
        <To SequenceNumber="8">
          <StopPointRef>5820AWO26263</StopPointRef>
          <TimingStatus>OTH</TimingStatus>
        </To>
        <RouteLinkRef>RL7</RouteLinkRef>
        <RunTime>PT0S</RunTime>
      </JourneyPatternTimingLink>
      <JourneyPatternTimingLink id="JPTL8">
        <From SequenceNumber="8">
          <StopPointRef>5820AWO26263</StopPointRef>
          <TimingStatus>OTH</TimingStatus>
        </From>
        <To SequenceNumber="9">
          <StopPointRef>5820AWC52505</StopPointRef>
          <TimingStatus>OTH</TimingStatus>
        </To>
        <RouteLinkRef>RL8</RouteLinkRef>
        <RunTime>PT2M</RunTime>
      </JourneyPatternTimingLink>
      <JourneyPatternTimingLink id="JPTL9">
        <From SequenceNumber="9">
          <StopPointRef>5820AWC52505</StopPointRef>
          <TimingStatus>OTH</TimingStatus>
        </From>
        <To SequenceNumber="10">
          <StopPointRef>5820AWC52508</StopPointRef>
          <TimingStatus>OTH</TimingStatus>
        </To>
        <RouteLinkRef>RL9</RouteLinkRef>
        <RunTime>PT0S</RunTime>
      </JourneyPatternTimingLink>
      <JourneyPatternTimingLink id="JPTL10">
        <From SequenceNumber="10">
          <StopPointRef>5820AWC52508</StopPointRef>
          <TimingStatus>OTH</TimingStatus>
        </From>
        <To SequenceNumber="11">
          <StopPointRef>5820AWC52509</StopPointRef>
          <TimingStatus>OTH</TimingStatus>
        </To>
        <RouteLinkRef>RL10</RouteLinkRef>
        <RunTime>PT2M</RunTime>
      </JourneyPatternTimingLink>
      <JourneyPatternTimingLink id="JPTL11">
        <From SequenceNumber="11">
          <StopPointRef>5820AWC52509</StopPointRef>
          <TimingStatus>OTH</TimingStatus>
        </From>
        <To SequenceNumber="12">
          <StopPointRef>5820AWC52512</StopPointRef>
          <TimingStatus>OTH</TimingStatus>
        </To>
        <RouteLinkRef>RL11</RouteLinkRef>
        <RunTime>PT1M</RunTime>
      </JourneyPatternTimingLink>
      <JourneyPatternTimingLink id="JPTL12">
        <From SequenceNumber="12">
          <StopPointRef>5820AWC52512</StopPointRef>
          <TimingStatus>OTH</TimingStatus>
        </From>
        <To SequenceNumber="13">
          <StopPointRef>5820AWC52513</StopPointRef>
          <TimingStatus>PTP</TimingStatus>
        </To>
        <RouteLinkRef>RL12</RouteLinkRef>
        <RunTime>PT1M</RunTime>
      </JourneyPatternTimingLink>
      <JourneyPatternTimingLink id="JPTL13">
        <From SequenceNumber="13">
          <StopPointRef>5820AWC52513</StopPointRef>
          <TimingStatus>PTP</TimingStatus>
        </From>
        <To SequenceNumber="14">
          <StopPointRef>5820AWO26264</StopPointRef>
          <TimingStatus>OTH</TimingStatus>
        </To>
        <RouteLinkRef>RL13</RouteLinkRef>
        <RunTime>PT0S</RunTime>
      </JourneyPatternTimingLink>
      <JourneyPatternTimingLink id="JPTL14">
        <From SequenceNumber="14">
          <StopPointRef>5820AWO26264</StopPointRef>
          <TimingStatus>OTH</TimingStatus>
        </From>
        <To SequenceNumber="15">
          <StopPointRef>5820AWC52514</StopPointRef>
          <TimingStatus>OTH</TimingStatus>
        </To>
        <RouteLinkRef>RL14</RouteLinkRef>
        <RunTime>PT0S</RunTime>
      </JourneyPatternTimingLink>
      <JourneyPatternTimingLink id="JPTL15">
        <From SequenceNumber="15">
          <StopPointRef>5820AWC52514</StopPointRef>
          <TimingStatus>OTH</TimingStatus>
        </From>
        <To SequenceNumber="16">
          <StopPointRef>5820AWC52511</StopPointRef>
          <TimingStatus>OTH</TimingStatus>
        </To>
        <RouteLinkRef>RL15</RouteLinkRef>
        <RunTime>PT0S</RunTime>
      </JourneyPatternTimingLink>
      <JourneyPatternTimingLink id="JPTL16">
        <From SequenceNumber="16">
          <StopPointRef>5820AWC52511</StopPointRef>
          <TimingStatus>OTH</TimingStatus>
        </From>
        <To SequenceNumber="17">
          <StopPointRef>5820AWC52510</StopPointRef>
          <TimingStatus>OTH</TimingStatus>
        </To>
        <RouteLinkRef>RL16</RouteLinkRef>
        <RunTime>PT1M</RunTime>
      </JourneyPatternTimingLink>
      <JourneyPatternTimingLink id="JPTL17">
        <From SequenceNumber="17">
          <StopPointRef>5820AWC52510</StopPointRef>
          <TimingStatus>OTH</TimingStatus>
        </From>
        <To SequenceNumber="18">
          <StopPointRef>5820AWC52507</StopPointRef>
          <TimingStatus>OTH</TimingStatus>
        </To>
        <RouteLinkRef>RL17</RouteLinkRef>
        <RunTime>PT0S</RunTime>
      </JourneyPatternTimingLink>
      <JourneyPatternTimingLink id="JPTL18">
        <From SequenceNumber="18">
          <StopPointRef>5820AWC52507</StopPointRef>
          <TimingStatus>OTH</TimingStatus>
        </From>
        <To SequenceNumber="19">
          <StopPointRef>5820AWC52506</StopPointRef>
          <TimingStatus>OTH</TimingStatus>
        </To>
        <RouteLinkRef>RL18</RouteLinkRef>
        <RunTime>PT1M</RunTime>
      </JourneyPatternTimingLink>
      <JourneyPatternTimingLink id="JPTL19">
        <From SequenceNumber="19">
          <StopPointRef>5820AWC52506</StopPointRef>
          <TimingStatus>OTH</TimingStatus>
        </From>
        <To SequenceNumber="20">
          <StopPointRef>5820AWC52504</StopPointRef>
          <TimingStatus>OTH</TimingStatus>
        </To>
        <RouteLinkRef>RL19</RouteLinkRef>
        <RunTime>PT0S</RunTime>
      </JourneyPatternTimingLink>
      <JourneyPatternTimingLink id="JPTL20">
        <From SequenceNumber="20">
          <StopPointRef>5820AWC52504</StopPointRef>
          <TimingStatus>OTH</TimingStatus>
        </From>
        <To SequenceNumber="21">
          <StopPointRef>5820AWO26265</StopPointRef>
          <TimingStatus>OTH</TimingStatus>
        </To>
        <RouteLinkRef>RL20</RouteLinkRef>
        <RunTime>PT0S</RunTime>
      </JourneyPatternTimingLink>
      <JourneyPatternTimingLink id="JPTL21">
        <From SequenceNumber="21">
          <StopPointRef>5820AWO26265</StopPointRef>
          <TimingStatus>OTH</TimingStatus>
        </From>
        <To SequenceNumber="22">
          <StopPointRef>5820AWC52516</StopPointRef>
          <TimingStatus>OTH</TimingStatus>
        </To>
        <RouteLinkRef>RL21</RouteLinkRef>
        <RunTime>PT1M</RunTime>
      </JourneyPatternTimingLink>
      <JourneyPatternTimingLink id="JPTL22">
        <From SequenceNumber="22">
          <StopPointRef>5820AWC52516</StopPointRef>
          <TimingStatus>OTH</TimingStatus>
        </From>
        <To SequenceNumber="23">
          <StopPointRef>5820AWC52518</StopPointRef>
          <TimingStatus>PTP</TimingStatus>
        </To>
        <RouteLinkRef>RL22</RouteLinkRef>
        <RunTime>PT1M</RunTime>
      </JourneyPatternTimingLink>
      <JourneyPatternTimingLink id="JPTL23">
        <From SequenceNumber="23">
          <StopPointRef>5820AWC52518</StopPointRef>
          <TimingStatus>PTP</TimingStatus>
        </From>
        <To SequenceNumber="24">
          <StopPointRef>5820AWC52519</StopPointRef>
          <TimingStatus>OTH</TimingStatus>
        </To>
        <RouteLinkRef>RL23</RouteLinkRef>
        <RunTime>PT0S</RunTime>
      </JourneyPatternTimingLink>
      <JourneyPatternTimingLink id="JPTL24">
        <From SequenceNumber="24">
          <StopPointRef>5820AWC52519</StopPointRef>
          <TimingStatus>OTH</TimingStatus>
        </From>
        <To SequenceNumber="25">
          <StopPointRef>5820AWC52635</StopPointRef>
          <TimingStatus>OTH</TimingStatus>
        </To>
        <RouteLinkRef>RL24</RouteLinkRef>
        <RunTime>PT0S</RunTime>
      </JourneyPatternTimingLink>
      <JourneyPatternTimingLink id="JPTL25">
        <From SequenceNumber="25">
          <StopPointRef>5820AWC52635</StopPointRef>
          <TimingStatus>OTH</TimingStatus>
        </From>
        <To SequenceNumber="26">
          <StopPointRef>5820AWO26266</StopPointRef>
          <TimingStatus>OTH</TimingStatus>
        </To>
        <RouteLinkRef>RL25</RouteLinkRef>
        <RunTime>PT2M</RunTime>
      </JourneyPatternTimingLink>
      <JourneyPatternTimingLink id="JPTL26">
        <From SequenceNumber="26">
          <StopPointRef>5820AWO26266</StopPointRef>
          <TimingStatus>OTH</TimingStatus>
        </From>
        <To SequenceNumber="27">
          <StopPointRef>5820AWC52640</StopPointRef>
          <TimingStatus>OTH</TimingStatus>
        </To>
        <RouteLinkRef>RL26</RouteLinkRef>
        <RunTime>PT0S</RunTime>
      </JourneyPatternTimingLink>
      <JourneyPatternTimingLink id="JPTL27">
        <From SequenceNumber="27">
          <StopPointRef>5820AWC52640</StopPointRef>
          <TimingStatus>OTH</TimingStatus>
        </From>
        <To SequenceNumber="28">
          <StopPointRef>5820AWC52642</StopPointRef>
          <TimingStatus>OTH</TimingStatus>
        </To>
        <RouteLinkRef>RL27</RouteLinkRef>
        <RunTime>PT1M</RunTime>
      </JourneyPatternTimingLink>
      <JourneyPatternTimingLink id="JPTL28">
        <From SequenceNumber="28">
          <StopPointRef>5820AWC52642</StopPointRef>
          <TimingStatus>OTH</TimingStatus>
        </From>
        <To SequenceNumber="29">
          <StopPointRef>5820AWO26267</StopPointRef>
          <TimingStatus>OTH</TimingStatus>
        </To>
        <RouteLinkRef>RL28</RouteLinkRef>
        <RunTime>PT1M</RunTime>
      </JourneyPatternTimingLink>
      <JourneyPatternTimingLink id="JPTL29">
        <From SequenceNumber="29">
          <StopPointRef>5820AWO26267</StopPointRef>
          <TimingStatus>OTH</TimingStatus>
        </From>
        <To SequenceNumber="30">
          <StopPointRef>5820AWC52644</StopPointRef>
          <TimingStatus>OTH</TimingStatus>
        </To>
        <RouteLinkRef>RL29</RouteLinkRef>
        <RunTime>PT1M</RunTime>
      </JourneyPatternTimingLink>
      <JourneyPatternTimingLink id="JPTL30">
        <From SequenceNumber="30">
          <StopPointRef>5820AWC52644</StopPointRef>
          <TimingStatus>OTH</TimingStatus>
        </From>
        <To SequenceNumber="31">
          <StopPointRef>5820AWO26268</StopPointRef>
          <TimingStatus>OTH</TimingStatus>
        </To>
        <RouteLinkRef>RL30</RouteLinkRef>
        <RunTime>PT0S</RunTime>
      </JourneyPatternTimingLink>
      <JourneyPatternTimingLink id="JPTL31">
        <From SequenceNumber="31">
          <StopPointRef>5820AWO26268</StopPointRef>
          <TimingStatus>OTH</TimingStatus>
        </From>
        <To SequenceNumber="32">
          <StopPointRef>5820AWC52646</StopPointRef>
          <TimingStatus>OTH</TimingStatus>
        </To>
        <RouteLinkRef>RL31</RouteLinkRef>
        <RunTime>PT0S</RunTime>
      </JourneyPatternTimingLink>
      <JourneyPatternTimingLink id="JPTL32">
        <From SequenceNumber="32">
          <StopPointRef>5820AWC52646</StopPointRef>
          <TimingStatus>OTH</TimingStatus>
        </From>
        <To SequenceNumber="33">
          <StopPointRef>5820AWC52648</StopPointRef>
          <TimingStatus>OTH</TimingStatus>
        </To>
        <RouteLinkRef>RL32</RouteLinkRef>
        <RunTime>PT0S</RunTime>
      </JourneyPatternTimingLink>
      <JourneyPatternTimingLink id="JPTL33">
        <From SequenceNumber="33">
          <StopPointRef>5820AWC52648</StopPointRef>
          <TimingStatus>OTH</TimingStatus>
        </From>
        <To SequenceNumber="34">
          <StopPointRef>5820AWC52650</StopPointRef>
          <TimingStatus>PTP</TimingStatus>
        </To>
        <RouteLinkRef>RL33</RouteLinkRef>
        <RunTime>PT1M</RunTime>
      </JourneyPatternTimingLink>
    </JourneyPatternSection>
    <JourneyPatternSection id="JPS2">
      <JourneyPatternTimingLink id="JPTL34">
        <From SequenceNumber="1">
          <StopPointRef>5820AWC52649</StopPointRef>
          <TimingStatus>PTP</TimingStatus>
        </From>
        <To SequenceNumber="2">
          <StopPointRef>5820AWC52647</StopPointRef>
          <TimingStatus>OTH</TimingStatus>
        </To>
        <RouteLinkRef>RL34</RouteLinkRef>
        <RunTime>PT0S</RunTime>
      </JourneyPatternTimingLink>
      <JourneyPatternTimingLink id="JPTL35">
        <From SequenceNumber="2">
          <StopPointRef>5820AWC52647</StopPointRef>
          <TimingStatus>OTH</TimingStatus>
        </From>
        <To SequenceNumber="3">
          <StopPointRef>5820SRX16451</StopPointRef>
          <TimingStatus>OTH</TimingStatus>
        </To>
        <RouteLinkRef>RL35</RouteLinkRef>
        <RunTime>PT0S</RunTime>
      </JourneyPatternTimingLink>
      <JourneyPatternTimingLink id="JPTL36">
        <From SequenceNumber="3">
          <StopPointRef>5820SRX16451</StopPointRef>
          <TimingStatus>OTH</TimingStatus>
        </From>
        <To SequenceNumber="4">
          <StopPointRef>5820AWC52645</StopPointRef>
          <TimingStatus>OTH</TimingStatus>
        </To>
        <RouteLinkRef>RL36</RouteLinkRef>
        <RunTime>PT0S</RunTime>
      </JourneyPatternTimingLink>
      <JourneyPatternTimingLink id="JPTL37">
        <From SequenceNumber="4">
          <StopPointRef>5820AWC52645</StopPointRef>
          <TimingStatus>OTH</TimingStatus>
        </From>
        <To SequenceNumber="5">
          <StopPointRef>5820AWC52643</StopPointRef>
          <TimingStatus>OTH</TimingStatus>
        </To>
        <RouteLinkRef>RL37</RouteLinkRef>
        <RunTime>PT0S</RunTime>
      </JourneyPatternTimingLink>
      <JourneyPatternTimingLink id="JPTL38">
        <From SequenceNumber="5">
          <StopPointRef>5820AWC52643</StopPointRef>
          <TimingStatus>OTH</TimingStatus>
        </From>
        <To SequenceNumber="6">
          <StopPointRef>5820AWO26275</StopPointRef>
          <TimingStatus>OTH</TimingStatus>
        </To>
        <RouteLinkRef>RL38</RouteLinkRef>
        <RunTime>PT1M</RunTime>
      </JourneyPatternTimingLink>
      <JourneyPatternTimingLink id="JPTL39">
        <From SequenceNumber="6">
          <StopPointRef>5820AWO26275</StopPointRef>
          <TimingStatus>OTH</TimingStatus>
        </From>
        <To SequenceNumber="7">
          <StopPointRef>5820SRX16452</StopPointRef>
          <TimingStatus>OTH</TimingStatus>
        </To>
        <RouteLinkRef>RL39</RouteLinkRef>
        <RunTime>PT1M</RunTime>
      </JourneyPatternTimingLink>
      <JourneyPatternTimingLink id="JPTL40">
        <From SequenceNumber="7">
          <StopPointRef>5820SRX16452</StopPointRef>
          <TimingStatus>OTH</TimingStatus>
        </From>
        <To SequenceNumber="8">
          <StopPointRef>5820AWC52641</StopPointRef>
          <TimingStatus>OTH</TimingStatus>
        </To>
        <RouteLinkRef>RL40</RouteLinkRef>
        <RunTime>PT1M</RunTime>
      </JourneyPatternTimingLink>
      <JourneyPatternTimingLink id="JPTL41">
        <From SequenceNumber="8">
          <StopPointRef>5820AWC52641</StopPointRef>
          <TimingStatus>OTH</TimingStatus>
        </From>
        <To SequenceNumber="9">
          <StopPointRef>5820AWC52639</StopPointRef>
          <TimingStatus>OTH</TimingStatus>
        </To>
        <RouteLinkRef>RL41</RouteLinkRef>
        <RunTime>PT0S</RunTime>
      </JourneyPatternTimingLink>
      <JourneyPatternTimingLink id="JPTL42">
        <From SequenceNumber="9">
          <StopPointRef>5820AWC52639</StopPointRef>
          <TimingStatus>OTH</TimingStatus>
        </From>
        <To SequenceNumber="10">
          <StopPointRef>5820AWC52634</StopPointRef>
          <TimingStatus>OTH</TimingStatus>
        </To>
        <RouteLinkRef>RL42</RouteLinkRef>
        <RunTime>PT2M</RunTime>
      </JourneyPatternTimingLink>
      <JourneyPatternTimingLink id="JPTL43">
        <From SequenceNumber="10">
          <StopPointRef>5820AWC52634</StopPointRef>
          <TimingStatus>OTH</TimingStatus>
        </From>
        <To SequenceNumber="11">
          <StopPointRef>5820AWC52520</StopPointRef>
          <TimingStatus>OTH</TimingStatus>
        </To>
        <RouteLinkRef>RL43</RouteLinkRef>
        <RunTime>PT0S</RunTime>
      </JourneyPatternTimingLink>
      <JourneyPatternTimingLink id="JPTL44">
        <From SequenceNumber="11">
          <StopPointRef>5820AWC52520</StopPointRef>
          <TimingStatus>OTH</TimingStatus>
        </From>
        <To SequenceNumber="12">
          <StopPointRef>5820AWC52517</StopPointRef>
          <TimingStatus>PTP</TimingStatus>
        </To>
        <RouteLinkRef>RL44</RouteLinkRef>
        <RunTime>PT1M</RunTime>
      </JourneyPatternTimingLink>
      <JourneyPatternTimingLink id="JPTL45">
        <From SequenceNumber="12">
          <StopPointRef>5820AWC52517</StopPointRef>
          <TimingStatus>PTP</TimingStatus>
        </From>
        <To SequenceNumber="13">
          <StopPointRef>5820AWC52515</StopPointRef>
          <TimingStatus>OTH</TimingStatus>
        </To>
        <RouteLinkRef>RL45</RouteLinkRef>
        <RunTime>PT1M</RunTime>
      </JourneyPatternTimingLink>
      <JourneyPatternTimingLink id="JPTL46">
        <From SequenceNumber="13">
          <StopPointRef>5820AWC52515</StopPointRef>
          <TimingStatus>OTH</TimingStatus>
        </From>
        <To SequenceNumber="14">
          <StopPointRef>5820AWO26263</StopPointRef>
          <TimingStatus>OTH</TimingStatus>
        </To>
        <RouteLinkRef>RL46</RouteLinkRef>
        <RunTime>PT0S</RunTime>
      </JourneyPatternTimingLink>
      <JourneyPatternTimingLink id="JPTL47">
        <From SequenceNumber="14">
          <StopPointRef>5820AWO26263</StopPointRef>
          <TimingStatus>OTH</TimingStatus>
        </From>
        <To SequenceNumber="15">
          <StopPointRef>5820AWC52505</StopPointRef>
          <TimingStatus>OTH</TimingStatus>
        </To>
        <RouteLinkRef>RL47</RouteLinkRef>
        <RunTime>PT0S</RunTime>
      </JourneyPatternTimingLink>
      <JourneyPatternTimingLink id="JPTL48">
        <From SequenceNumber="15">
          <StopPointRef>5820AWC52505</StopPointRef>
          <TimingStatus>OTH</TimingStatus>
        </From>
        <To SequenceNumber="16">
          <StopPointRef>5820AWC52508</StopPointRef>
          <TimingStatus>OTH</TimingStatus>
        </To>
        <RouteLinkRef>RL48</RouteLinkRef>
        <RunTime>PT1M</RunTime>
      </JourneyPatternTimingLink>
      <JourneyPatternTimingLink id="JPTL49">
        <From SequenceNumber="16">
          <StopPointRef>5820AWC52508</StopPointRef>
          <TimingStatus>OTH</TimingStatus>
        </From>
        <To SequenceNumber="17">
          <StopPointRef>5820AWC52509</StopPointRef>
          <TimingStatus>OTH</TimingStatus>
        </To>
        <RouteLinkRef>RL49</RouteLinkRef>
        <RunTime>PT1M</RunTime>
      </JourneyPatternTimingLink>
      <JourneyPatternTimingLink id="JPTL50">
        <From SequenceNumber="17">
          <StopPointRef>5820AWC52509</StopPointRef>
          <TimingStatus>OTH</TimingStatus>
        </From>
        <To SequenceNumber="18">
          <StopPointRef>5820AWC52512</StopPointRef>
          <TimingStatus>OTH</TimingStatus>
        </To>
        <RouteLinkRef>RL50</RouteLinkRef>
        <RunTime>PT0S</RunTime>
      </JourneyPatternTimingLink>
      <JourneyPatternTimingLink id="JPTL51">
        <From SequenceNumber="18">
          <StopPointRef>5820AWC52512</StopPointRef>
          <TimingStatus>OTH</TimingStatus>
        </From>
        <To SequenceNumber="19">
          <StopPointRef>5820AWC52513</StopPointRef>
          <TimingStatus>PTP</TimingStatus>
        </To>
        <RouteLinkRef>RL51</RouteLinkRef>
        <RunTime>PT1M</RunTime>
      </JourneyPatternTimingLink>
      <JourneyPatternTimingLink id="JPTL52">
        <From SequenceNumber="19">
          <StopPointRef>5820AWC52513</StopPointRef>
          <TimingStatus>PTP</TimingStatus>
        </From>
        <To SequenceNumber="20">
          <StopPointRef>5820AWO26264</StopPointRef>
          <TimingStatus>OTH</TimingStatus>
        </To>
        <RouteLinkRef>RL52</RouteLinkRef>
        <RunTime>PT0S</RunTime>
      </JourneyPatternTimingLink>
      <JourneyPatternTimingLink id="JPTL53">
        <From SequenceNumber="20">
          <StopPointRef>5820AWO26264</StopPointRef>
          <TimingStatus>OTH</TimingStatus>
        </From>
        <To SequenceNumber="21">
          <StopPointRef>5820AWC52514</StopPointRef>
          <TimingStatus>OTH</TimingStatus>
        </To>
        <RouteLinkRef>RL53</RouteLinkRef>
        <RunTime>PT1M</RunTime>
      </JourneyPatternTimingLink>
      <JourneyPatternTimingLink id="JPTL54">
        <From SequenceNumber="21">
          <StopPointRef>5820AWC52514</StopPointRef>
          <TimingStatus>OTH</TimingStatus>
        </From>
        <To SequenceNumber="22">
          <StopPointRef>5820AWC52511</StopPointRef>
          <TimingStatus>OTH</TimingStatus>
        </To>
        <RouteLinkRef>RL54</RouteLinkRef>
        <RunTime>PT0S</RunTime>
      </JourneyPatternTimingLink>
      <JourneyPatternTimingLink id="JPTL55">
        <From SequenceNumber="22">
          <StopPointRef>5820AWC52511</StopPointRef>
          <TimingStatus>OTH</TimingStatus>
        </From>
        <To SequenceNumber="23">
          <StopPointRef>5820AWC52510</StopPointRef>
          <TimingStatus>OTH</TimingStatus>
        </To>
        <RouteLinkRef>RL55</RouteLinkRef>
        <RunTime>PT1M</RunTime>
      </JourneyPatternTimingLink>
      <JourneyPatternTimingLink id="JPTL56">
        <From SequenceNumber="23">
          <StopPointRef>5820AWC52510</StopPointRef>
          <TimingStatus>OTH</TimingStatus>
        </From>
        <To SequenceNumber="24">
          <StopPointRef>5820AWC52507</StopPointRef>
          <TimingStatus>OTH</TimingStatus>
        </To>
        <RouteLinkRef>RL56</RouteLinkRef>
        <RunTime>PT1M</RunTime>
      </JourneyPatternTimingLink>
      <JourneyPatternTimingLink id="JPTL57">
        <From SequenceNumber="24">
          <StopPointRef>5820AWC52507</StopPointRef>
          <TimingStatus>OTH</TimingStatus>
        </From>
        <To SequenceNumber="25">
          <StopPointRef>5820AWC52506</StopPointRef>
          <TimingStatus>OTH</TimingStatus>
        </To>
        <RouteLinkRef>RL57</RouteLinkRef>
        <RunTime>PT0S</RunTime>
      </JourneyPatternTimingLink>
      <JourneyPatternTimingLink id="JPTL58">
        <From SequenceNumber="25">
          <StopPointRef>5820AWC52506</StopPointRef>
          <TimingStatus>OTH</TimingStatus>
        </From>
        <To SequenceNumber="26">
          <StopPointRef>5820AWC52504</StopPointRef>
          <TimingStatus>OTH</TimingStatus>
        </To>
        <RouteLinkRef>RL58</RouteLinkRef>
        <RunTime>PT1M</RunTime>
      </JourneyPatternTimingLink>
      <JourneyPatternTimingLink id="JPTL59">
        <From SequenceNumber="26">
          <StopPointRef>5820AWC52504</StopPointRef>
          <TimingStatus>OTH</TimingStatus>
        </From>
        <To SequenceNumber="27">
          <StopPointRef>5820AWO26265</StopPointRef>
          <TimingStatus>OTH</TimingStatus>
        </To>
        <RouteLinkRef>RL59</RouteLinkRef>
        <RunTime>PT1M</RunTime>
      </JourneyPatternTimingLink>
      <JourneyPatternTimingLink id="JPTL60">
        <From SequenceNumber="27">
          <StopPointRef>5820AWO26265</StopPointRef>
          <TimingStatus>OTH</TimingStatus>
        </From>
        <To SequenceNumber="28">
          <StopPointRef>5820AWC52503</StopPointRef>
          <TimingStatus>OTH</TimingStatus>
        </To>
        <RouteLinkRef>RL60</RouteLinkRef>
        <RunTime>PT1M</RunTime>
      </JourneyPatternTimingLink>
      <JourneyPatternTimingLink id="JPTL61">
        <From SequenceNumber="28">
          <StopPointRef>5820AWC52503</StopPointRef>
          <TimingStatus>OTH</TimingStatus>
        </From>
        <To SequenceNumber="29">
          <StopPointRef>5820AWC52502</StopPointRef>
          <TimingStatus>OTH</TimingStatus>
        </To>
        <RouteLinkRef>RL61</RouteLinkRef>
        <RunTime>PT0S</RunTime>
      </JourneyPatternTimingLink>
      <JourneyPatternTimingLink id="JPTL62">
        <From SequenceNumber="29">
          <StopPointRef>5820AWC52502</StopPointRef>
          <TimingStatus>OTH</TimingStatus>
        </From>
        <To SequenceNumber="30">
          <StopPointRef>5820AWC52501</StopPointRef>
          <TimingStatus>PTP</TimingStatus>
        </To>
        <RouteLinkRef>RL62</RouteLinkRef>
        <RunTime>PT2M</RunTime>
      </JourneyPatternTimingLink>
      <JourneyPatternTimingLink id="JPTL63">
        <From SequenceNumber="30">
          <StopPointRef>5820AWC52501</StopPointRef>
          <TimingStatus>PTP</TimingStatus>
        </From>
        <To SequenceNumber="31">
          <StopPointRef>5820AWC52498</StopPointRef>
          <TimingStatus>OTH</TimingStatus>
        </To>
        <RouteLinkRef>RL63</RouteLinkRef>
        <RunTime>PT0S</RunTime>
      </JourneyPatternTimingLink>
      <JourneyPatternTimingLink id="JPTL64">
        <From SequenceNumber="31">
          <StopPointRef>5820AWC52498</StopPointRef>
          <TimingStatus>OTH</TimingStatus>
        </From>
        <To SequenceNumber="32">
          <StopPointRef>5820AWC52497</StopPointRef>
          <TimingStatus>OTH</TimingStatus>
        </To>
        <RouteLinkRef>RL64</RouteLinkRef>
        <RunTime>PT1M</RunTime>
      </JourneyPatternTimingLink>
      <JourneyPatternTimingLink id="JPTL65">
        <From SequenceNumber="32">
          <StopPointRef>5820AWC52497</StopPointRef>
          <TimingStatus>OTH</TimingStatus>
        </From>
        <To SequenceNumber="33">
          <StopPointRef>5820WDB48054</StopPointRef>
          <TimingStatus>OTH</TimingStatus>
        </To>
        <RouteLinkRef>RL65</RouteLinkRef>
        <RunTime>PT2M</RunTime>
      </JourneyPatternTimingLink>
      <JourneyPatternTimingLink id="JPTL66">
        <From SequenceNumber="33">
          <StopPointRef>5820WDB48054</StopPointRef>
          <TimingStatus>OTH</TimingStatus>
        </From>
        <To SequenceNumber="34">
          <StopPointRef>5820AWK65501</StopPointRef>
          <TimingStatus>PTP</TimingStatus>
        </To>
        <RouteLinkRef>RL66</RouteLinkRef>
        <RunTime>PT4M</RunTime>
      </JourneyPatternTimingLink>
    </JourneyPatternSection>
  </JourneyPatternSections>
  <Operators>
    <Operator id="O1">
      <NationalOperatorCode>DVPA</NationalOperatorCode>
      <OperatorCode>DVPA</OperatorCode>
      <OperatorShortName>Dansa</OperatorShortName>
    </Operator>
  </Operators>
  <Services>
    <Service>
      <ServiceCode>NPAO164</ServiceCode>
      <PrivateCode>NPAO164</PrivateCode>
      <Lines>
        <Line id="SL1">
          <LineName>164</LineName>
        </Line>
      </Lines>
      <OperatingPeriod>
        <StartDate>2016-09-12</StartDate>
      </OperatingPeriod>
      <OperatingProfile>
        <RegularDayType>
          <DaysOfWeek>
            <MondayToFriday />
          </DaysOfWeek>
        </RegularDayType>
      </OperatingProfile>
      <RegisteredOperatorRef>O1</RegisteredOperatorRef>
      <StopRequirements>
        <NoNewStopsRequired />
      </StopRequirements>
      <Mode>bus</Mode>
      <Description>Neath Victoria Gardens - Crynant Business Park  </Description>
      <StandardService>
        <Origin>Neath Victoria Gardens</Origin>
        <Destination>Crynant Business Park</Destination>
        <JourneyPattern id="JP1">
          <DestinationDisplay>Crynant Business Park</DestinationDisplay>
          <Direction>outbound</Direction>
          <RouteRef>RT1</RouteRef>
          <JourneyPatternSectionRefs>JPS1</JourneyPatternSectionRefs>
        </JourneyPattern>
        <JourneyPattern id="JP2">
          <DestinationDisplay>Neath Victoria Gardens</DestinationDisplay>
          <Direction>inbound</Direction>
          <RouteRef>RT2</RouteRef>
          <JourneyPatternSectionRefs>JPS2</JourneyPatternSectionRefs>
        </JourneyPattern>
      </StandardService>
    </Service>
  </Services>
  <VehicleJourneys>
    <VehicleJourney SequenceNumber="1">
      <PrivateCode>164MFDAA2:O:1</PrivateCode>
      <OperatingProfile>
        <RegularDayType>
          <DaysOfWeek>
            <MondayToFriday />
          </DaysOfWeek>
        </RegularDayType>
        <BankHolidayOperation>
          <DaysOfNonOperation>
            <HolidayMondays />
          </DaysOfNonOperation>
        </BankHolidayOperation>
      </OperatingProfile>
      <VehicleJourneyCode>VJ1</VehicleJourneyCode>
      <ServiceRef>NPAO164</ServiceRef>
      <LineRef>SL1</LineRef>
      <JourneyPatternRef>JP1</JourneyPatternRef>
      <DepartureTime>11:25:00</DepartureTime>
    </VehicleJourney>
    <VehicleJourney SequenceNumber="1">
      <PrivateCode>164MFDAA2:I:1</PrivateCode>
      <OperatingProfile>
        <RegularDayType>
          <DaysOfWeek>
            <MondayToFriday />
          </DaysOfWeek>
        </RegularDayType>
        <BankHolidayOperation>
          <DaysOfNonOperation>
            <HolidayMondays />
          </DaysOfNonOperation>
        </BankHolidayOperation>
      </OperatingProfile>
      <VehicleJourneyCode>VJ2</VehicleJourneyCode>
      <ServiceRef>NPAO164</ServiceRef>
      <LineRef>SL1</LineRef>
      <JourneyPatternRef>JP2</JourneyPatternRef>
      <DepartureTime>08:25:00</DepartureTime>
    </VehicleJourney>
    <VehicleJourney SequenceNumber="2">
      <PrivateCode>164MFDAA2:I:2</PrivateCode>
      <OperatingProfile>
        <RegularDayType>
          <DaysOfWeek>
            <MondayToFriday />
          </DaysOfWeek>
        </RegularDayType>
        <BankHolidayOperation>
          <DaysOfNonOperation>
            <HolidayMondays />
          </DaysOfNonOperation>
        </BankHolidayOperation>
      </OperatingProfile>
      <VehicleJourneyCode>VJ3</VehicleJourneyCode>
      <ServiceRef>NPAO164</ServiceRef>
      <LineRef>SL1</LineRef>
      <JourneyPatternRef>JP2</JourneyPatternRef>
      <DepartureTime>12:30:00</DepartureTime>
    </VehicleJourney>
  </VehicleJourneys>
</TransXChange>