<?xml version="1.0" encoding="utf-8"?>
<TransXChange xmlns:xsd="http://www.w3.org/2001/XMLSchema" xmlns:xsi="http://www.w3.org/2001/XMLSchema-instance" xsi:schemaLocation="http://www.transxchange.org.uk/ http://www.transxchange.org.uk/schema/2.1/TransXChange_general.xsd" CreationDateTime="2017-09-25T12:59:03" ModificationDateTime="2017-09-25T12:59:03" Modification="revise" RevisionNumber="1" FileName="DaviesCoachesLtdL13-BryngwynSchool-Bynea1_TXC_2017925-1259_CMBL013.xml" SchemaVersion="2.1" RegistrationDocument="false" xmlns="http://www.transxchange.org.uk/">
  <ServicedOrganisations>
    <ServicedOrganisation>
      <OrganisationCode>SDA</OrganisationCode>
      <Name>Carmarthenshire</Name>
      <WorkingDays>
        <DateRange>
          <StartDate>2016-04-11</StartDate>
          <EndDate>2016-05-28</EndDate>
        </DateRange>
        <DateRange>
          <StartDate>2016-06-05</StartDate>
          <EndDate>2016-07-20</EndDate>
        </DateRange>
        <DateRange>
          <StartDate>2016-09-05</StartDate>
          <EndDate>2016-10-23</EndDate>
        </DateRange>
        <DateRange>
          <StartDate>2016-10-31</StartDate>
          <EndDate>2016-12-17</EndDate>
        </DateRange>
        <DateRange>
          <StartDate>2017-01-03</StartDate>
          <EndDate>2017-02-18</EndDate>
        </DateRange>
        <DateRange>
          <StartDate>2017-02-27</StartDate>
          <EndDate>2017-04-08</EndDate>
        </DateRange>
        <DateRange>
          <StartDate>2017-04-25</StartDate>
          <EndDate>2017-05-27</EndDate>
        </DateRange>
        <DateRange>
          <StartDate>2017-06-05</StartDate>
          <EndDate>2017-07-22</EndDate>
        </DateRange>
        <DateRange>
          <StartDate>2017-09-05</StartDate>
          <EndDate>2017-10-27</EndDate>
        </DateRange>
        <DateRange>
          <StartDate>2017-11-06</StartDate>
          <EndDate>2017-12-22</EndDate>
        </DateRange>
        <DateRange>
          <StartDate>2018-01-08</StartDate>
          <EndDate>2018-02-16</EndDate>
        </DateRange>
        <DateRange>
          <StartDate>2018-02-26</StartDate>
          <EndDate>2018-03-29</EndDate>
        </DateRange>
        <DateRange>
          <StartDate>2018-04-17</StartDate>
          <EndDate>2018-05-25</EndDate>
        </DateRange>
        <DateRange>
          <StartDate>2018-06-04</StartDate>
          <EndDate>2018-07-24</EndDate>
        </DateRange>
        <DateRange>
          <StartDate>2018-09-03</StartDate>
          <EndDate>2018-10-19</EndDate>
        </DateRange>
      </WorkingDays>
    </ServicedOrganisation>
  </ServicedOrganisations>
  <StopPoints>
    <AnnotatedStopPointRef>
      <StopPointRef>5220AWG60411</StopPointRef>
      <CommonName>Bynea Yspitty Road</CommonName>
    </AnnotatedStopPointRef>
    <AnnotatedStopPointRef>
      <StopPointRef>5220AWG60413</StopPointRef>
      <CommonName>Peugeot Garage</CommonName>
    </AnnotatedStopPointRef>
    <AnnotatedStopPointRef>
      <StopPointRef>5220AWG60414</StopPointRef>
      <CommonName>Bynea House</CommonName>
    </AnnotatedStopPointRef>
    <AnnotatedStopPointRef>
      <StopPointRef>5220AWG60417</StopPointRef>
      <CommonName>Railway Station</CommonName>
    </AnnotatedStopPointRef>
    <AnnotatedStopPointRef>
      <StopPointRef>5220AWG60418</StopPointRef>
      <CommonName>Brynhelyg Nursing Home</CommonName>
    </AnnotatedStopPointRef>
    <AnnotatedStopPointRef>
      <StopPointRef>5220AWG60421</StopPointRef>
      <CommonName>Bynea Berea</CommonName>
    </AnnotatedStopPointRef>
    <AnnotatedStopPointRef>
      <StopPointRef>5220AWG60423</StopPointRef>
      <CommonName>British Legion</CommonName>
    </AnnotatedStopPointRef>
    <AnnotatedStopPointRef>
      <StopPointRef>5220AWG60425</StopPointRef>
      <CommonName>Soar Chapel</CommonName>
    </AnnotatedStopPointRef>
    <AnnotatedStopPointRef>
      <StopPointRef>5220WDB48430</StopPointRef>
      <CommonName>Penllwynrhodyn Road</CommonName>
    </AnnotatedStopPointRef>
    <AnnotatedStopPointRef>
      <StopPointRef>5220WDB48437</StopPointRef>
      <CommonName>Gardde</CommonName>
    </AnnotatedStopPointRef>
    <AnnotatedStopPointRef>
      <StopPointRef>5220AWG60426</StopPointRef>
      <CommonName>Gwelfor</CommonName>
    </AnnotatedStopPointRef>
    <AnnotatedStopPointRef>
      <StopPointRef>5220WDB48431</StopPointRef>
      <CommonName>Heol-y-Graig</CommonName>
    </AnnotatedStopPointRef>
    <AnnotatedStopPointRef>
      <StopPointRef>5220WDB48432</StopPointRef>
      <CommonName>Graigwen</CommonName>
    </AnnotatedStopPointRef>
    <AnnotatedStopPointRef>
      <StopPointRef>5220WDB48433</StopPointRef>
      <CommonName>Nantwen</CommonName>
    </AnnotatedStopPointRef>
    <AnnotatedStopPointRef>
      <StopPointRef>5220AWG60427</StopPointRef>
      <CommonName>Pen y Graig Parc Richard</CommonName>
    </AnnotatedStopPointRef>
    <AnnotatedStopPointRef>
      <StopPointRef>5220AWG60428</StopPointRef>
      <CommonName>Penygraig Square</CommonName>
    </AnnotatedStopPointRef>
    <AnnotatedStopPointRef>
      <StopPointRef>5220WDB48434</StopPointRef>
      <CommonName>Gardde</CommonName>
    </AnnotatedStopPointRef>
    <AnnotatedStopPointRef>
      <StopPointRef>5220AWG60430</StopPointRef>
      <CommonName>The Joiners</CommonName>
    </AnnotatedStopPointRef>
    <AnnotatedStopPointRef>
      <StopPointRef>5220AWG60431</StopPointRef>
      <CommonName>Llwynhendy Shops</CommonName>
    </AnnotatedStopPointRef>
    <AnnotatedStopPointRef>
      <StopPointRef>5220CMX16707</StopPointRef>
      <CommonName>Llwynhendy Old School</CommonName>
    </AnnotatedStopPointRef>
    <AnnotatedStopPointRef>
      <StopPointRef>5220AWG60453</StopPointRef>
      <CommonName>Heol Gwalia</CommonName>
    </AnnotatedStopPointRef>
    <AnnotatedStopPointRef>
      <StopPointRef>5220AWG60455</StopPointRef>
      <CommonName>Heol Elfed</CommonName>
    </AnnotatedStopPointRef>
    <AnnotatedStopPointRef>
      <StopPointRef>5220WDB47821</StopPointRef>
      <CommonName>Y Fan</CommonName>
    </AnnotatedStopPointRef>
    <AnnotatedStopPointRef>
      <StopPointRef>5220WDB47822</StopPointRef>
      <CommonName>Dolwar Fach</CommonName>
    </AnnotatedStopPointRef>
    <AnnotatedStopPointRef>
      <StopPointRef>5220AWG60483</StopPointRef>
      <CommonName>Bryn Smiths Arms</CommonName>
    </AnnotatedStopPointRef>
    <AnnotatedStopPointRef>
      <StopPointRef>5220AWG60479</StopPointRef>
      <CommonName>Gorsfach</CommonName>
    </AnnotatedStopPointRef>
    <AnnotatedStopPointRef>
      <StopPointRef>5220WDB47872</StopPointRef>
      <CommonName>Avon Inflatibles</CommonName>
    </AnnotatedStopPointRef>
    <AnnotatedStopPointRef>
      <StopPointRef>5220AWG60500</StopPointRef>
      <CommonName>Dyfed Steel</CommonName>
    </AnnotatedStopPointRef>
    <AnnotatedStopPointRef>
      <StopPointRef>5220WDB47873</StopPointRef>
      <CommonName>North Terrace</CommonName>
    </AnnotatedStopPointRef>
    <AnnotatedStopPointRef>
      <StopPointRef>5220AWG60502</StopPointRef>
      <CommonName>Globe Row</CommonName>
    </AnnotatedStopPointRef>
    <AnnotatedStopPointRef>
      <StopPointRef>5220AWG60504</StopPointRef>
      <CommonName>Bryngwyn School</CommonName>
    </AnnotatedStopPointRef>
    <AnnotatedStopPointRef>
      <StopPointRef>5220WDB47887</StopPointRef>
      <CommonName>Globe Row</CommonName>
    </AnnotatedStopPointRef>
    <AnnotatedStopPointRef>
      <StopPointRef>5220AWG60501</StopPointRef>
      <CommonName>North Terrace</CommonName>
    </AnnotatedStopPointRef>
    <AnnotatedStopPointRef>
      <StopPointRef>5220CMX16726</StopPointRef>
      <CommonName>Dyfed Steel</CommonName>
    </AnnotatedStopPointRef>
    <AnnotatedStopPointRef>
      <StopPointRef>5220WDB47888</StopPointRef>
      <CommonName>Avon Inflatibles</CommonName>
    </AnnotatedStopPointRef>
    <AnnotatedStopPointRef>
      <StopPointRef>5220AWG60480</StopPointRef>
      <CommonName>Granville Terrace</CommonName>
    </AnnotatedStopPointRef>
    <AnnotatedStopPointRef>
      <StopPointRef>5220WDB47889</StopPointRef>
      <CommonName>Gorsfach</CommonName>
    </AnnotatedStopPointRef>
    <AnnotatedStopPointRef>
      <StopPointRef>5220CMX16727</StopPointRef>
      <CommonName>Smith's  Arms</CommonName>
    </AnnotatedStopPointRef>
    <AnnotatedStopPointRef>
      <StopPointRef>5220WDB47914</StopPointRef>
      <CommonName>Y Fan</CommonName>
    </AnnotatedStopPointRef>
    <AnnotatedStopPointRef>
      <StopPointRef>5220WDB47915</StopPointRef>
      <CommonName>Heol Elfed</CommonName>
    </AnnotatedStopPointRef>
    <AnnotatedStopPointRef>
      <StopPointRef>5220AWG60454</StopPointRef>
      <CommonName>Library</CommonName>
    </AnnotatedStopPointRef>
    <AnnotatedStopPointRef>
      <StopPointRef>5220WDB47812</StopPointRef>
      <CommonName>Heol Gwalia</CommonName>
    </AnnotatedStopPointRef>
    <AnnotatedStopPointRef>
      <StopPointRef>5220AWG60432</StopPointRef>
      <CommonName>Llwynhendy The Avenue</CommonName>
    </AnnotatedStopPointRef>
    <AnnotatedStopPointRef>
      <StopPointRef>5220AWG60429</StopPointRef>
      <CommonName>The Joiners</CommonName>
    </AnnotatedStopPointRef>
    <AnnotatedStopPointRef>
      <StopPointRef>5220AWG60424</StopPointRef>
      <CommonName>Soar Chapel</CommonName>
    </AnnotatedStopPointRef>
    <AnnotatedStopPointRef>
      <StopPointRef>5220AWG60422</StopPointRef>
      <CommonName>British Legion</CommonName>
    </AnnotatedStopPointRef>
    <AnnotatedStopPointRef>
      <StopPointRef>5220AWG60420</StopPointRef>
      <CommonName>Bynea Rugby Club</CommonName>
    </AnnotatedStopPointRef>
    <AnnotatedStopPointRef>
      <StopPointRef>5220AWG60419</StopPointRef>
      <CommonName>Brynhelyg Nursing Home</CommonName>
    </AnnotatedStopPointRef>
    <AnnotatedStopPointRef>
      <StopPointRef>5220AWG60416</StopPointRef>
      <CommonName>Railway Station</CommonName>
    </AnnotatedStopPointRef>
    <AnnotatedStopPointRef>
      <StopPointRef>5220AWG60415</StopPointRef>
      <CommonName>Thyssen</CommonName>
    </AnnotatedStopPointRef>
    <AnnotatedStopPointRef>
      <StopPointRef>5220WDB48435</StopPointRef>
      <CommonName>Bynea House</CommonName>
    </AnnotatedStopPointRef>
    <AnnotatedStopPointRef>
      <StopPointRef>5220AWG60412</StopPointRef>
      <CommonName>Peugeot Garage</CommonName>
    </AnnotatedStopPointRef>
    <AnnotatedStopPointRef>
      <StopPointRef>5220AWG60410</StopPointRef>
      <CommonName>Bynea Yspitty Road</CommonName>
    </AnnotatedStopPointRef>
  </StopPoints>
  <RouteSections>
    <RouteSection id="RS1">
      <RouteLink id="RL1">
        <From>
          <StopPointRef>5220AWG60411</StopPointRef>
        </From>
        <To>
          <StopPointRef>5220AWG60413</StopPointRef>
        </To>
        <Distance>190</Distance>
        <Direction>outbound</Direction>
      </RouteLink>
      <RouteLink id="RL2">
        <From>
          <StopPointRef>5220AWG60413</StopPointRef>
        </From>
        <To>
          <StopPointRef>5220AWG60414</StopPointRef>
        </To>
        <Distance>230</Distance>
        <Direction>outbound</Direction>
      </RouteLink>
      <RouteLink id="RL3">
        <From>
          <StopPointRef>5220AWG60414</StopPointRef>
        </From>
        <To>
          <StopPointRef>5220AWG60417</StopPointRef>
        </To>
        <Distance>380</Distance>
        <Direction>outbound</Direction>
      </RouteLink>
      <RouteLink id="RL4">
        <From>
          <StopPointRef>5220AWG60417</StopPointRef>
        </From>
        <To>
          <StopPointRef>5220AWG60418</StopPointRef>
        </To>
        <Distance>240</Distance>
        <Direction>outbound</Direction>
      </RouteLink>
      <RouteLink id="RL5">
        <From>
          <StopPointRef>5220AWG60418</StopPointRef>
        </From>
        <To>
          <StopPointRef>5220AWG60421</StopPointRef>
        </To>
        <Distance>400</Distance>
        <Direction>outbound</Direction>
      </RouteLink>
      <RouteLink id="RL6">
        <From>
          <StopPointRef>5220AWG60421</StopPointRef>
        </From>
        <To>
          <StopPointRef>5220AWG60423</StopPointRef>
        </To>
        <Distance>170</Distance>
        <Direction>outbound</Direction>
      </RouteLink>
      <RouteLink id="RL7">
        <From>
          <StopPointRef>5220AWG60423</StopPointRef>
        </From>
        <To>
          <StopPointRef>5220AWG60425</StopPointRef>
        </To>
        <Distance>440</Distance>
        <Direction>outbound</Direction>
      </RouteLink>
      <RouteLink id="RL8">
        <From>
          <StopPointRef>5220AWG60425</StopPointRef>
        </From>
        <To>
          <StopPointRef>5220WDB48430</StopPointRef>
        </To>
        <Distance>170</Distance>
        <Direction>outbound</Direction>
      </RouteLink>
      <RouteLink id="RL9">
        <From>
          <StopPointRef>5220WDB48430</StopPointRef>
        </From>
        <To>
          <StopPointRef>5220WDB48437</StopPointRef>
        </To>
        <Distance>60</Distance>
        <Direction>outbound</Direction>
      </RouteLink>
      <RouteLink id="RL10">
        <From>
          <StopPointRef>5220WDB48437</StopPointRef>
        </From>
        <To>
          <StopPointRef>5220AWG60426</StopPointRef>
        </To>
        <Distance>280</Distance>
        <Direction>outbound</Direction>
      </RouteLink>
      <RouteLink id="RL11">
        <From>
          <StopPointRef>5220AWG60426</StopPointRef>
        </From>
        <To>
          <StopPointRef>5220WDB48431</StopPointRef>
        </To>
        <Distance>150</Distance>
        <Direction>outbound</Direction>
      </RouteLink>
      <RouteLink id="RL12">
        <From>
          <StopPointRef>5220WDB48431</StopPointRef>
        </From>
        <To>
          <StopPointRef>5220WDB48432</StopPointRef>
        </To>
        <Distance>180</Distance>
        <Direction>outbound</Direction>
      </RouteLink>
      <RouteLink id="RL13">
        <From>
          <StopPointRef>5220WDB48432</StopPointRef>
        </From>
        <To>
          <StopPointRef>5220WDB48433</StopPointRef>
        </To>
        <Distance>90</Distance>
        <Direction>outbound</Direction>
      </RouteLink>
      <RouteLink id="RL14">
        <From>
          <StopPointRef>5220WDB48433</StopPointRef>
        </From>
        <To>
          <StopPointRef>5220AWG60427</StopPointRef>
        </To>
        <Distance>200</Distance>
        <Direction>outbound</Direction>
      </RouteLink>
      <RouteLink id="RL15">
        <From>
          <StopPointRef>5220AWG60427</StopPointRef>
        </From>
        <To>
          <StopPointRef>5220AWG60428</StopPointRef>
        </To>
        <Distance>210</Distance>
        <Direction>outbound</Direction>
      </RouteLink>
      <RouteLink id="RL16">
        <From>
          <StopPointRef>5220AWG60428</StopPointRef>
        </From>
        <To>
          <StopPointRef>5220WDB48434</StopPointRef>
        </To>
        <Distance>240</Distance>
        <Direction>outbound</Direction>
      </RouteLink>
      <RouteLink id="RL17">
        <From>
          <StopPointRef>5220WDB48434</StopPointRef>
        </From>
        <To>
          <StopPointRef>5220AWG60430</StopPointRef>
        </To>
        <Distance>450</Distance>
        <Direction>outbound</Direction>
      </RouteLink>
      <RouteLink id="RL18">
        <From>
          <StopPointRef>5220AWG60430</StopPointRef>
        </From>
        <To>
          <StopPointRef>5220AWG60431</StopPointRef>
        </To>
        <Distance>210</Distance>
        <Direction>outbound</Direction>
      </RouteLink>
      <RouteLink id="RL19">
        <From>
          <StopPointRef>5220AWG60431</StopPointRef>
        </From>
        <To>
          <StopPointRef>5220CMX16707</StopPointRef>
        </To>
        <Distance>100</Distance>
        <Direction>outbound</Direction>
      </RouteLink>
      <RouteLink id="RL20">
        <From>
          <StopPointRef>5220CMX16707</StopPointRef>
        </From>
        <To>
          <StopPointRef>5220AWG60453</StopPointRef>
        </To>
        <Distance>140</Distance>
        <Direction>outbound</Direction>
      </RouteLink>
      <RouteLink id="RL21">
        <From>
          <StopPointRef>5220AWG60453</StopPointRef>
        </From>
        <To>
          <StopPointRef>5220AWG60455</StopPointRef>
        </To>
        <Distance>170</Distance>
        <Direction>outbound</Direction>
      </RouteLink>
      <RouteLink id="RL22">
        <From>
          <StopPointRef>5220AWG60455</StopPointRef>
        </From>
        <To>
          <StopPointRef>5220WDB47821</StopPointRef>
        </To>
        <Distance>140</Distance>
        <Direction>outbound</Direction>
      </RouteLink>
      <RouteLink id="RL23">
        <From>
          <StopPointRef>5220WDB47821</StopPointRef>
        </From>
        <To>
          <StopPointRef>5220WDB47822</StopPointRef>
        </To>
        <Distance>150</Distance>
        <Direction>outbound</Direction>
      </RouteLink>
      <RouteLink id="RL24">
        <From>
          <StopPointRef>5220WDB47822</StopPointRef>
        </From>
        <To>
          <StopPointRef>5220AWG60483</StopPointRef>
        </To>
        <Distance>110</Distance>
        <Direction>outbound</Direction>
      </RouteLink>
      <RouteLink id="RL25">
        <From>
          <StopPointRef>5220AWG60483</StopPointRef>
        </From>
        <To>
          <StopPointRef>5220AWG60479</StopPointRef>
        </To>
        <Distance>390</Distance>
        <Direction>outbound</Direction>
      </RouteLink>
      <RouteLink id="RL26">
        <From>
          <StopPointRef>5220AWG60479</StopPointRef>
        </From>
        <To>
          <StopPointRef>5220WDB47872</StopPointRef>
        </To>
        <Distance>140</Distance>
        <Direction>outbound</Direction>
      </RouteLink>
      <RouteLink id="RL27">
        <From>
          <StopPointRef>5220WDB47872</StopPointRef>
        </From>
        <To>
          <StopPointRef>5220AWG60500</StopPointRef>
        </To>
        <Distance>300</Distance>
        <Direction>outbound</Direction>
      </RouteLink>
      <RouteLink id="RL28">
        <From>
          <StopPointRef>5220AWG60500</StopPointRef>
        </From>
        <To>
          <StopPointRef>5220WDB47873</StopPointRef>
        </To>
        <Distance>230</Distance>
        <Direction>outbound</Direction>
      </RouteLink>
      <RouteLink id="RL29">
        <From>
          <StopPointRef>5220WDB47873</StopPointRef>
        </From>
        <To>
          <StopPointRef>5220AWG60502</StopPointRef>
        </To>
        <Distance>140</Distance>
        <Direction>outbound</Direction>
      </RouteLink>
      <RouteLink id="RL30">
        <From>
          <StopPointRef>5220AWG60502</StopPointRef>
        </From>
        <To>
          <StopPointRef>5220AWG60504</StopPointRef>
        </To>
        <Distance>500</Distance>
        <Direction>outbound</Direction>
      </RouteLink>
    </RouteSection>
    <RouteSection id="RS2">
      <RouteLink id="RL31">
        <From>
          <StopPointRef>5220AWG60504</StopPointRef>
        </From>
        <To>
          <StopPointRef>5220WDB47887</StopPointRef>
        </To>
        <Distance>420</Distance>
        <Direction>inbound</Direction>
      </RouteLink>
      <RouteLink id="RL32">
        <From>
          <StopPointRef>5220WDB47887</StopPointRef>
        </From>
        <To>
          <StopPointRef>5220AWG60501</StopPointRef>
        </To>
        <Distance>190</Distance>
        <Direction>inbound</Direction>
      </RouteLink>
      <RouteLink id="RL33">
        <From>
          <StopPointRef>5220AWG60501</StopPointRef>
        </From>
        <To>
          <StopPointRef>5220CMX16726</StopPointRef>
        </To>
        <Distance>270</Distance>
        <Direction>inbound</Direction>
      </RouteLink>
      <RouteLink id="RL34">
        <From>
          <StopPointRef>5220CMX16726</StopPointRef>
        </From>
        <To>
          <StopPointRef>5220WDB47888</StopPointRef>
        </To>
        <Distance>270</Distance>
        <Direction>inbound</Direction>
      </RouteLink>
      <RouteLink id="RL35">
        <From>
          <StopPointRef>5220WDB47888</StopPointRef>
        </From>
        <To>
          <StopPointRef>5220AWG60480</StopPointRef>
        </To>
        <Distance>70</Distance>
        <Direction>inbound</Direction>
      </RouteLink>
      <RouteLink id="RL36">
        <From>
          <StopPointRef>5220AWG60480</StopPointRef>
        </From>
        <To>
          <StopPointRef>5220WDB47889</StopPointRef>
        </To>
        <Distance>100</Distance>
        <Direction>inbound</Direction>
      </RouteLink>
      <RouteLink id="RL37">
        <From>
          <StopPointRef>5220WDB47889</StopPointRef>
        </From>
        <To>
          <StopPointRef>5220CMX16727</StopPointRef>
        </To>
        <Distance>290</Distance>
        <Direction>inbound</Direction>
      </RouteLink>
      <RouteLink id="RL38">
        <From>
          <StopPointRef>5220CMX16727</StopPointRef>
        </From>
        <To>
          <StopPointRef>5220WDB47914</StopPointRef>
        </To>
        <Distance>360</Distance>
        <Direction>inbound</Direction>
      </RouteLink>
      <RouteLink id="RL39">
        <From>
          <StopPointRef>5220WDB47914</StopPointRef>
        </From>
        <To>
          <StopPointRef>5220WDB47915</StopPointRef>
        </To>
        <Distance>120</Distance>
        <Direction>inbound</Direction>
      </RouteLink>
      <RouteLink id="RL40">
        <From>
          <StopPointRef>5220WDB47915</StopPointRef>
        </From>
        <To>
          <StopPointRef>5220AWG60454</StopPointRef>
        </To>
        <Distance>70</Distance>
        <Direction>inbound</Direction>
      </RouteLink>
      <RouteLink id="RL41">
        <From>
          <StopPointRef>5220AWG60454</StopPointRef>
        </From>
        <To>
          <StopPointRef>5220WDB47812</StopPointRef>
        </To>
        <Distance>100</Distance>
        <Direction>inbound</Direction>
      </RouteLink>
      <RouteLink id="RL42">
        <From>
          <StopPointRef>5220WDB47812</StopPointRef>
        </From>
        <To>
          <StopPointRef>5220AWG60432</StopPointRef>
        </To>
        <Distance>130</Distance>
        <Direction>inbound</Direction>
      </RouteLink>
      <RouteLink id="RL43">
        <From>
          <StopPointRef>5220AWG60432</StopPointRef>
        </From>
        <To>
          <StopPointRef>5220AWG60429</StopPointRef>
        </To>
        <Distance>400</Distance>
        <Direction>inbound</Direction>
      </RouteLink>
      <RouteLink id="RL44">
        <From>
          <StopPointRef>5220AWG60429</StopPointRef>
        </From>
        <To>
          <StopPointRef>5220WDB48430</StopPointRef>
        </To>
        <Distance>270</Distance>
        <Direction>inbound</Direction>
      </RouteLink>
      <RouteLink id="RL45">
        <From>
          <StopPointRef>5220WDB48430</StopPointRef>
        </From>
        <To>
          <StopPointRef>5220WDB48437</StopPointRef>
        </To>
        <Distance>60</Distance>
        <Direction>inbound</Direction>
      </RouteLink>
      <RouteLink id="RL46">
        <From>
          <StopPointRef>5220WDB48437</StopPointRef>
        </From>
        <To>
          <StopPointRef>5220AWG60426</StopPointRef>
        </To>
        <Distance>280</Distance>
        <Direction>inbound</Direction>
      </RouteLink>
      <RouteLink id="RL47">
        <From>
          <StopPointRef>5220AWG60426</StopPointRef>
        </From>
        <To>
          <StopPointRef>5220WDB48431</StopPointRef>
        </To>
        <Distance>150</Distance>
        <Direction>inbound</Direction>
      </RouteLink>
      <RouteLink id="RL48">
        <From>
          <StopPointRef>5220WDB48431</StopPointRef>
        </From>
        <To>
          <StopPointRef>5220WDB48432</StopPointRef>
        </To>
        <Distance>180</Distance>
        <Direction>inbound</Direction>
      </RouteLink>
      <RouteLink id="RL49">
        <From>
          <StopPointRef>5220WDB48432</StopPointRef>
        </From>
        <To>
          <StopPointRef>5220WDB48433</StopPointRef>
        </To>
        <Distance>90</Distance>
        <Direction>inbound</Direction>
      </RouteLink>
      <RouteLink id="RL50">
        <From>
          <StopPointRef>5220WDB48433</StopPointRef>
        </From>
        <To>
          <StopPointRef>5220AWG60427</StopPointRef>
        </To>
        <Distance>200</Distance>
        <Direction>inbound</Direction>
      </RouteLink>
      <RouteLink id="RL51">
        <From>
          <StopPointRef>5220AWG60427</StopPointRef>
        </From>
        <To>
          <StopPointRef>5220AWG60428</StopPointRef>
        </To>
        <Distance>210</Distance>
        <Direction>inbound</Direction>
      </RouteLink>
      <RouteLink id="RL52">
        <From>
          <StopPointRef>5220AWG60428</StopPointRef>
        </From>
        <To>
          <StopPointRef>5220WDB48434</StopPointRef>
        </To>
        <Distance>240</Distance>
        <Direction>inbound</Direction>
      </RouteLink>
      <RouteLink id="RL53">
        <From>
          <StopPointRef>5220WDB48434</StopPointRef>
        </From>
        <To>
          <StopPointRef>5220AWG60424</StopPointRef>
        </To>
        <Distance>380</Distance>
        <Direction>inbound</Direction>
      </RouteLink>
      <RouteLink id="RL54">
        <From>
          <StopPointRef>5220AWG60424</StopPointRef>
        </From>
        <To>
          <StopPointRef>5220AWG60422</StopPointRef>
        </To>
        <Distance>320</Distance>
        <Direction>inbound</Direction>
      </RouteLink>
      <RouteLink id="RL55">
        <From>
          <StopPointRef>5220AWG60422</StopPointRef>
        </From>
        <To>
          <StopPointRef>5220AWG60420</StopPointRef>
        </To>
        <Distance>290</Distance>
        <Direction>inbound</Direction>
      </RouteLink>
      <RouteLink id="RL56">
        <From>
          <StopPointRef>5220AWG60420</StopPointRef>
        </From>
        <To>
          <StopPointRef>5220AWG60419</StopPointRef>
        </To>
        <Distance>270</Distance>
        <Direction>inbound</Direction>
      </RouteLink>
      <RouteLink id="RL57">
        <From>
          <StopPointRef>5220AWG60419</StopPointRef>
        </From>
        <To>
          <StopPointRef>5220AWG60416</StopPointRef>
        </To>
        <Distance>200</Distance>
        <Direction>inbound</Direction>
      </RouteLink>
      <RouteLink id="RL58">
        <From>
          <StopPointRef>5220AWG60416</StopPointRef>
        </From>
        <To>
          <StopPointRef>5220AWG60415</StopPointRef>
        </To>
        <Distance>380</Distance>
        <Direction>inbound</Direction>
      </RouteLink>
      <RouteLink id="RL59">
        <From>
          <StopPointRef>5220AWG60415</StopPointRef>
        </From>
        <To>
          <StopPointRef>5220WDB48435</StopPointRef>
        </To>
        <Distance>90</Distance>
        <Direction>inbound</Direction>
      </RouteLink>
      <RouteLink id="RL60">
        <From>
          <StopPointRef>5220WDB48435</StopPointRef>
        </From>
        <To>
          <StopPointRef>5220AWG60412</StopPointRef>
        </To>
        <Distance>240</Distance>
        <Direction>inbound</Direction>
      </RouteLink>
      <RouteLink id="RL61">
        <From>
          <StopPointRef>5220AWG60412</StopPointRef>
        </From>
        <To>
          <StopPointRef>5220AWG60410</StopPointRef>
        </To>
        <Distance>130</Distance>
        <Direction>inbound</Direction>
      </RouteLink>
    </RouteSection>
  </RouteSections>
  <Routes>
    <Route id="RT1">
      <Description>Bynea Yspitty Road - Bryngwyn School</Description>
      <RouteSectionRef>RS1</RouteSectionRef>
    </Route>
    <Route id="RT2">
      <Description>Bryngwyn School - Bynea Yspitty Road</Description>
      <RouteSectionRef>RS2</RouteSectionRef>
    </Route>
  </Routes>
  <JourneyPatternSections>
    <JourneyPatternSection id="JPS1">
      <JourneyPatternTimingLink id="JPTL1">
        <From SequenceNumber="1">
          <StopPointRef>5220AWG60411</StopPointRef>
          <TimingStatus>PTP</TimingStatus>
        </From>
        <To SequenceNumber="2">
          <StopPointRef>5220AWG60413</StopPointRef>
          <TimingStatus>OTH</TimingStatus>
        </To>
        <RouteLinkRef>RL1</RouteLinkRef>
        <RunTime>PT0S</RunTime>
      </JourneyPatternTimingLink>
      <JourneyPatternTimingLink id="JPTL2">
        <From SequenceNumber="2">
          <StopPointRef>5220AWG60413</StopPointRef>
          <TimingStatus>OTH</TimingStatus>
        </From>
        <To SequenceNumber="3">
          <StopPointRef>5220AWG60414</StopPointRef>
          <TimingStatus>OTH</TimingStatus>
        </To>
        <RouteLinkRef>RL2</RouteLinkRef>
        <RunTime>PT1M</RunTime>
      </JourneyPatternTimingLink>
      <JourneyPatternTimingLink id="JPTL3">
        <From SequenceNumber="3">
          <StopPointRef>5220AWG60414</StopPointRef>
          <TimingStatus>OTH</TimingStatus>
        </From>
        <To SequenceNumber="4">
          <StopPointRef>5220AWG60417</StopPointRef>
          <TimingStatus>OTH</TimingStatus>
        </To>
        <RouteLinkRef>RL3</RouteLinkRef>
        <RunTime>PT1M</RunTime>
      </JourneyPatternTimingLink>
      <JourneyPatternTimingLink id="JPTL4">
        <From SequenceNumber="4">
          <StopPointRef>5220AWG60417</StopPointRef>
          <TimingStatus>OTH</TimingStatus>
        </From>
        <To SequenceNumber="5">
          <StopPointRef>5220AWG60418</StopPointRef>
          <TimingStatus>OTH</TimingStatus>
        </To>
        <RouteLinkRef>RL4</RouteLinkRef>
        <RunTime>PT1M</RunTime>
      </JourneyPatternTimingLink>
      <JourneyPatternTimingLink id="JPTL5">
        <From SequenceNumber="5">
          <StopPointRef>5220AWG60418</StopPointRef>
          <TimingStatus>OTH</TimingStatus>
        </From>
        <To SequenceNumber="6">
          <StopPointRef>5220AWG60421</StopPointRef>
          <TimingStatus>PTP</TimingStatus>
        </To>
        <RouteLinkRef>RL5</RouteLinkRef>
        <RunTime>PT2M</RunTime>
      </JourneyPatternTimingLink>
      <JourneyPatternTimingLink id="JPTL6">
        <From SequenceNumber="6">
          <StopPointRef>5220AWG60421</StopPointRef>
          <TimingStatus>PTP</TimingStatus>
        </From>
        <To SequenceNumber="7">
          <StopPointRef>5220AWG60423</StopPointRef>
          <TimingStatus>OTH</TimingStatus>
        </To>
        <RouteLinkRef>RL6</RouteLinkRef>
        <RunTime>PT0S</RunTime>
      </JourneyPatternTimingLink>
      <JourneyPatternTimingLink id="JPTL7">
        <From SequenceNumber="7">
          <StopPointRef>5220AWG60423</StopPointRef>
          <TimingStatus>OTH</TimingStatus>
        </From>
        <To SequenceNumber="8">
          <StopPointRef>5220AWG60425</StopPointRef>
          <TimingStatus>OTH</TimingStatus>
        </To>
        <RouteLinkRef>RL7</RouteLinkRef>
        <RunTime>PT1M</RunTime>
      </JourneyPatternTimingLink>
      <JourneyPatternTimingLink id="JPTL8">
        <From SequenceNumber="8">
          <StopPointRef>5220AWG60425</StopPointRef>
          <TimingStatus>OTH</TimingStatus>
        </From>
        <To SequenceNumber="9">
          <StopPointRef>5220WDB48430</StopPointRef>
          <TimingStatus>OTH</TimingStatus>
        </To>
        <RouteLinkRef>RL8</RouteLinkRef>
        <RunTime>PT1M</RunTime>
      </JourneyPatternTimingLink>
      <JourneyPatternTimingLink id="JPTL9">
        <From SequenceNumber="9">
          <StopPointRef>5220WDB48430</StopPointRef>
          <TimingStatus>OTH</TimingStatus>
        </From>
        <To SequenceNumber="10">
          <StopPointRef>5220WDB48437</StopPointRef>
          <TimingStatus>OTH</TimingStatus>
        </To>
        <RouteLinkRef>RL9</RouteLinkRef>
        <RunTime>PT0S</RunTime>
      </JourneyPatternTimingLink>
      <JourneyPatternTimingLink id="JPTL10">
        <From SequenceNumber="10">
          <StopPointRef>5220WDB48437</StopPointRef>
          <TimingStatus>OTH</TimingStatus>
        </From>
        <To SequenceNumber="11">
          <StopPointRef>5220AWG60426</StopPointRef>
          <TimingStatus>OTH</TimingStatus>
        </To>
        <RouteLinkRef>RL10</RouteLinkRef>
        <RunTime>PT1M</RunTime>
      </JourneyPatternTimingLink>
      <JourneyPatternTimingLink id="JPTL11">
        <From SequenceNumber="11">
          <StopPointRef>5220AWG60426</StopPointRef>
          <TimingStatus>OTH</TimingStatus>
        </From>
        <To SequenceNumber="12">
          <StopPointRef>5220WDB48431</StopPointRef>
          <TimingStatus>OTH</TimingStatus>
        </To>
        <RouteLinkRef>RL11</RouteLinkRef>
        <RunTime>PT0S</RunTime>
      </JourneyPatternTimingLink>
      <JourneyPatternTimingLink id="JPTL12">
        <From SequenceNumber="12">
          <StopPointRef>5220WDB48431</StopPointRef>
          <TimingStatus>OTH</TimingStatus>
        </From>
        <To SequenceNumber="13">
          <StopPointRef>5220WDB48432</StopPointRef>
          <TimingStatus>OTH</TimingStatus>
        </To>
        <RouteLinkRef>RL12</RouteLinkRef>
        <RunTime>PT1M</RunTime>
      </JourneyPatternTimingLink>
      <JourneyPatternTimingLink id="JPTL13">
        <From SequenceNumber="13">
          <StopPointRef>5220WDB48432</StopPointRef>
          <TimingStatus>OTH</TimingStatus>
        </From>
        <To SequenceNumber="14">
          <StopPointRef>5220WDB48433</StopPointRef>
          <TimingStatus>OTH</TimingStatus>
        </To>
        <RouteLinkRef>RL13</RouteLinkRef>
        <RunTime>PT0S</RunTime>
      </JourneyPatternTimingLink>
      <JourneyPatternTimingLink id="JPTL14">
        <From SequenceNumber="14">
          <StopPointRef>5220WDB48433</StopPointRef>
          <TimingStatus>OTH</TimingStatus>
        </From>
        <To SequenceNumber="15">
          <StopPointRef>5220AWG60427</StopPointRef>
          <TimingStatus>PTP</TimingStatus>
        </To>
        <RouteLinkRef>RL14</RouteLinkRef>
        <RunTime>PT1M</RunTime>
      </JourneyPatternTimingLink>
      <JourneyPatternTimingLink id="JPTL15">
        <From SequenceNumber="15">
          <StopPointRef>5220AWG60427</StopPointRef>
          <TimingStatus>PTP</TimingStatus>
        </From>
        <To SequenceNumber="16">
          <StopPointRef>5220AWG60428</StopPointRef>
          <TimingStatus>OTH</TimingStatus>
        </To>
        <RouteLinkRef>RL15</RouteLinkRef>
        <RunTime>PT1M</RunTime>
      </JourneyPatternTimingLink>
      <JourneyPatternTimingLink id="JPTL16">
        <From SequenceNumber="16">
          <StopPointRef>5220AWG60428</StopPointRef>
          <TimingStatus>OTH</TimingStatus>
        </From>
        <To SequenceNumber="17">
          <StopPointRef>5220WDB48434</StopPointRef>
          <TimingStatus>OTH</TimingStatus>
        </To>
        <RouteLinkRef>RL16</RouteLinkRef>
        <RunTime>PT2M</RunTime>
      </JourneyPatternTimingLink>
      <JourneyPatternTimingLink id="JPTL17">
        <From SequenceNumber="17">
          <StopPointRef>5220WDB48434</StopPointRef>
          <TimingStatus>OTH</TimingStatus>
        </From>
        <To SequenceNumber="18">
          <StopPointRef>5220AWG60430</StopPointRef>
          <TimingStatus>OTH</TimingStatus>
        </To>
        <RouteLinkRef>RL17</RouteLinkRef>
        <RunTime>PT3M</RunTime>
      </JourneyPatternTimingLink>
      <JourneyPatternTimingLink id="JPTL18">
        <From SequenceNumber="18">
          <StopPointRef>5220AWG60430</StopPointRef>
          <TimingStatus>OTH</TimingStatus>
        </From>
        <To SequenceNumber="19">
          <StopPointRef>5220AWG60431</StopPointRef>
          <TimingStatus>OTH</TimingStatus>
        </To>
        <RouteLinkRef>RL18</RouteLinkRef>
        <RunTime>PT1M</RunTime>
      </JourneyPatternTimingLink>
      <JourneyPatternTimingLink id="JPTL19">
        <From SequenceNumber="19">
          <StopPointRef>5220AWG60431</StopPointRef>
          <TimingStatus>OTH</TimingStatus>
        </From>
        <To SequenceNumber="20">
          <StopPointRef>5220CMX16707</StopPointRef>
          <TimingStatus>PTP</TimingStatus>
        </To>
        <RouteLinkRef>RL19</RouteLinkRef>
        <RunTime>PT1M</RunTime>
      </JourneyPatternTimingLink>
      <JourneyPatternTimingLink id="JPTL20">
        <From SequenceNumber="20">
          <StopPointRef>5220CMX16707</StopPointRef>
          <TimingStatus>PTP</TimingStatus>
        </From>
        <To SequenceNumber="21">
          <StopPointRef>5220AWG60453</StopPointRef>
          <TimingStatus>OTH</TimingStatus>
        </To>
        <RouteLinkRef>RL20</RouteLinkRef>
        <RunTime>PT0S</RunTime>
      </JourneyPatternTimingLink>
      <JourneyPatternTimingLink id="JPTL21">
        <From SequenceNumber="21">
          <StopPointRef>5220AWG60453</StopPointRef>
          <TimingStatus>OTH</TimingStatus>
        </From>
        <To SequenceNumber="22">
          <StopPointRef>5220AWG60455</StopPointRef>
          <TimingStatus>PTP</TimingStatus>
        </To>
        <RouteLinkRef>RL21</RouteLinkRef>
        <RunTime>PT2M</RunTime>
      </JourneyPatternTimingLink>
      <JourneyPatternTimingLink id="JPTL22">
        <From SequenceNumber="22">
          <StopPointRef>5220AWG60455</StopPointRef>
          <TimingStatus>PTP</TimingStatus>
        </From>
        <To SequenceNumber="23">
          <StopPointRef>5220WDB47821</StopPointRef>
          <TimingStatus>OTH</TimingStatus>
        </To>
        <RouteLinkRef>RL22</RouteLinkRef>
        <RunTime>PT1M</RunTime>
      </JourneyPatternTimingLink>
      <JourneyPatternTimingLink id="JPTL23">
        <From SequenceNumber="23">
          <StopPointRef>5220WDB47821</StopPointRef>
          <TimingStatus>OTH</TimingStatus>
        </From>
        <To SequenceNumber="24">
          <StopPointRef>5220WDB47822</StopPointRef>
          <TimingStatus>OTH</TimingStatus>
        </To>
        <RouteLinkRef>RL23</RouteLinkRef>
        <RunTime>PT1M</RunTime>
      </JourneyPatternTimingLink>
      <JourneyPatternTimingLink id="JPTL24">
        <From SequenceNumber="24">
          <StopPointRef>5220WDB47822</StopPointRef>
          <TimingStatus>OTH</TimingStatus>
        </From>
        <To SequenceNumber="25">
          <StopPointRef>5220AWG60483</StopPointRef>
          <TimingStatus>PTP</TimingStatus>
        </To>
        <RouteLinkRef>RL24</RouteLinkRef>
        <RunTime>PT2M</RunTime>
      </JourneyPatternTimingLink>
      <JourneyPatternTimingLink id="JPTL25">
        <From SequenceNumber="25">
          <StopPointRef>5220AWG60483</StopPointRef>
          <TimingStatus>PTP</TimingStatus>
        </From>
        <To SequenceNumber="26">
          <StopPointRef>5220AWG60479</StopPointRef>
          <TimingStatus>OTH</TimingStatus>
        </To>
        <RouteLinkRef>RL25</RouteLinkRef>
        <RunTime>PT1M</RunTime>
      </JourneyPatternTimingLink>
      <JourneyPatternTimingLink id="JPTL26">
        <From SequenceNumber="26">
          <StopPointRef>5220AWG60479</StopPointRef>
          <TimingStatus>OTH</TimingStatus>
        </From>
        <To SequenceNumber="27">
          <StopPointRef>5220WDB47872</StopPointRef>
          <TimingStatus>OTH</TimingStatus>
        </To>
        <RouteLinkRef>RL26</RouteLinkRef>
        <RunTime>PT0S</RunTime>
      </JourneyPatternTimingLink>
      <JourneyPatternTimingLink id="JPTL27">
        <From SequenceNumber="27">
          <StopPointRef>5220WDB47872</StopPointRef>
          <TimingStatus>OTH</TimingStatus>
        </From>
        <To SequenceNumber="28">
          <StopPointRef>5220AWG60500</StopPointRef>
          <TimingStatus>OTH</TimingStatus>
        </To>
        <RouteLinkRef>RL27</RouteLinkRef>
        <RunTime>PT1M</RunTime>
      </JourneyPatternTimingLink>
      <JourneyPatternTimingLink id="JPTL28">
        <From SequenceNumber="28">
          <StopPointRef>5220AWG60500</StopPointRef>
          <TimingStatus>OTH</TimingStatus>
        </From>
        <To SequenceNumber="29">
          <StopPointRef>5220WDB47873</StopPointRef>
          <TimingStatus>OTH</TimingStatus>
        </To>
        <RouteLinkRef>RL28</RouteLinkRef>
        <RunTime>PT1M</RunTime>
      </JourneyPatternTimingLink>
      <JourneyPatternTimingLink id="JPTL29">
        <From SequenceNumber="29">
          <StopPointRef>5220WDB47873</StopPointRef>
          <TimingStatus>OTH</TimingStatus>
        </From>
        <To SequenceNumber="30">
          <StopPointRef>5220AWG60502</StopPointRef>
          <TimingStatus>OTH</TimingStatus>
        </To>
        <RouteLinkRef>RL29</RouteLinkRef>
        <RunTime>PT1M</RunTime>
      </JourneyPatternTimingLink>
      <JourneyPatternTimingLink id="JPTL30">
        <From SequenceNumber="30">
          <StopPointRef>5220AWG60502</StopPointRef>
          <TimingStatus>OTH</TimingStatus>
        </From>
        <To SequenceNumber="31">
          <StopPointRef>5220AWG60504</StopPointRef>
          <TimingStatus>PTP</TimingStatus>
        </To>
        <RouteLinkRef>RL30</RouteLinkRef>
        <RunTime>PT2M</RunTime>
      </JourneyPatternTimingLink>
    </JourneyPatternSection>
    <JourneyPatternSection id="JPS2">
      <JourneyPatternTimingLink id="JPTL31">
        <From SequenceNumber="1">
          <StopPointRef>5220AWG60504</StopPointRef>
          <TimingStatus>PTP</TimingStatus>
        </From>
        <To SequenceNumber="2">
          <StopPointRef>5220WDB47887</StopPointRef>
          <TimingStatus>OTH</TimingStatus>
        </To>
        <RouteLinkRef>RL31</RouteLinkRef>
        <RunTime>PT2M</RunTime>
      </JourneyPatternTimingLink>
      <JourneyPatternTimingLink id="JPTL32">
        <From SequenceNumber="2">
          <StopPointRef>5220WDB47887</StopPointRef>
          <TimingStatus>OTH</TimingStatus>
        </From>
        <To SequenceNumber="3">
          <StopPointRef>5220AWG60501</StopPointRef>
          <TimingStatus>OTH</TimingStatus>
        </To>
        <RouteLinkRef>RL32</RouteLinkRef>
        <RunTime>PT1M</RunTime>
      </JourneyPatternTimingLink>
      <JourneyPatternTimingLink id="JPTL33">
        <From SequenceNumber="3">
          <StopPointRef>5220AWG60501</StopPointRef>
          <TimingStatus>OTH</TimingStatus>
        </From>
        <To SequenceNumber="4">
          <StopPointRef>5220CMX16726</StopPointRef>
          <TimingStatus>OTH</TimingStatus>
        </To>
        <RouteLinkRef>RL33</RouteLinkRef>
        <RunTime>PT1M</RunTime>
      </JourneyPatternTimingLink>
      <JourneyPatternTimingLink id="JPTL34">
        <From SequenceNumber="4">
          <StopPointRef>5220CMX16726</StopPointRef>
          <TimingStatus>OTH</TimingStatus>
        </From>
        <To SequenceNumber="5">
          <StopPointRef>5220WDB47888</StopPointRef>
          <TimingStatus>OTH</TimingStatus>
        </To>
        <RouteLinkRef>RL34</RouteLinkRef>
        <RunTime>PT1M</RunTime>
      </JourneyPatternTimingLink>
      <JourneyPatternTimingLink id="JPTL35">
        <From SequenceNumber="5">
          <StopPointRef>5220WDB47888</StopPointRef>
          <TimingStatus>OTH</TimingStatus>
        </From>
        <To SequenceNumber="6">
          <StopPointRef>5220AWG60480</StopPointRef>
          <TimingStatus>OTH</TimingStatus>
        </To>
        <RouteLinkRef>RL35</RouteLinkRef>
        <RunTime>PT1M</RunTime>
      </JourneyPatternTimingLink>
      <JourneyPatternTimingLink id="JPTL36">
        <From SequenceNumber="6">
          <StopPointRef>5220AWG60480</StopPointRef>
          <TimingStatus>OTH</TimingStatus>
        </From>
        <To SequenceNumber="7">
          <StopPointRef>5220WDB47889</StopPointRef>
          <TimingStatus>OTH</TimingStatus>
        </To>
        <RouteLinkRef>RL36</RouteLinkRef>
        <RunTime>PT0S</RunTime>
      </JourneyPatternTimingLink>
      <JourneyPatternTimingLink id="JPTL37">
        <From SequenceNumber="7">
          <StopPointRef>5220WDB47889</StopPointRef>
          <TimingStatus>OTH</TimingStatus>
        </From>
        <To SequenceNumber="8">
          <StopPointRef>5220CMX16727</StopPointRef>
          <TimingStatus>PTP</TimingStatus>
        </To>
        <RouteLinkRef>RL37</RouteLinkRef>
        <RunTime>PT2M</RunTime>
      </JourneyPatternTimingLink>
      <JourneyPatternTimingLink id="JPTL38">
        <From SequenceNumber="8">
          <StopPointRef>5220CMX16727</StopPointRef>
          <TimingStatus>PTP</TimingStatus>
        </From>
        <To SequenceNumber="9">
          <StopPointRef>5220WDB47914</StopPointRef>
          <TimingStatus>OTH</TimingStatus>
        </To>
        <RouteLinkRef>RL38</RouteLinkRef>
        <RunTime>PT2M</RunTime>
      </JourneyPatternTimingLink>
      <JourneyPatternTimingLink id="JPTL39">
        <From SequenceNumber="9">
          <StopPointRef>5220WDB47914</StopPointRef>
          <TimingStatus>OTH</TimingStatus>
        </From>
        <To SequenceNumber="10">
          <StopPointRef>5220WDB47915</StopPointRef>
          <TimingStatus>PTP</TimingStatus>
        </To>
        <RouteLinkRef>RL39</RouteLinkRef>
        <RunTime>PT1M</RunTime>
      </JourneyPatternTimingLink>
      <JourneyPatternTimingLink id="JPTL40">
        <From SequenceNumber="10">
          <StopPointRef>5220WDB47915</StopPointRef>
          <TimingStatus>PTP</TimingStatus>
        </From>
        <To SequenceNumber="11">
          <StopPointRef>5220AWG60454</StopPointRef>
          <TimingStatus>OTH</TimingStatus>
        </To>
        <RouteLinkRef>RL40</RouteLinkRef>
        <RunTime>PT0S</RunTime>
      </JourneyPatternTimingLink>
      <JourneyPatternTimingLink id="JPTL41">
        <From SequenceNumber="11">
          <StopPointRef>5220AWG60454</StopPointRef>
          <TimingStatus>OTH</TimingStatus>
        </From>
        <To SequenceNumber="12">
          <StopPointRef>5220WDB47812</StopPointRef>
          <TimingStatus>OTH</TimingStatus>
        </To>
        <RouteLinkRef>RL41</RouteLinkRef>
        <RunTime>PT1M</RunTime>
      </JourneyPatternTimingLink>
      <JourneyPatternTimingLink id="JPTL42">
        <From SequenceNumber="12">
          <StopPointRef>5220WDB47812</StopPointRef>
          <TimingStatus>OTH</TimingStatus>
        </From>
        <To SequenceNumber="13">
          <StopPointRef>5220AWG60432</StopPointRef>
          <TimingStatus>PTP</TimingStatus>
        </To>
        <RouteLinkRef>RL42</RouteLinkRef>
        <RunTime>PT1M</RunTime>
      </JourneyPatternTimingLink>
      <JourneyPatternTimingLink id="JPTL43">
        <From SequenceNumber="13">
          <StopPointRef>5220AWG60432</StopPointRef>
          <TimingStatus>PTP</TimingStatus>
        </From>
        <To SequenceNumber="14">
          <StopPointRef>5220AWG60429</StopPointRef>
          <TimingStatus>OTH</TimingStatus>
        </To>
        <RouteLinkRef>RL43</RouteLinkRef>
        <RunTime>PT1M</RunTime>
      </JourneyPatternTimingLink>
      <JourneyPatternTimingLink id="JPTL44">
        <From SequenceNumber="14">
          <StopPointRef>5220AWG60429</StopPointRef>
          <TimingStatus>OTH</TimingStatus>
        </From>
        <To SequenceNumber="15">
          <StopPointRef>5220WDB48430</StopPointRef>
          <TimingStatus>OTH</TimingStatus>
        </To>
        <RouteLinkRef>RL44</RouteLinkRef>
        <RunTime>PT1M</RunTime>
      </JourneyPatternTimingLink>
      <JourneyPatternTimingLink id="JPTL45">
        <From SequenceNumber="15">
          <StopPointRef>5220WDB48430</StopPointRef>
          <TimingStatus>OTH</TimingStatus>
        </From>
        <To SequenceNumber="16">
          <StopPointRef>5220WDB48437</StopPointRef>
          <TimingStatus>OTH</TimingStatus>
        </To>
        <RouteLinkRef>RL45</RouteLinkRef>
        <RunTime>PT0S</RunTime>
      </JourneyPatternTimingLink>
      <JourneyPatternTimingLink id="JPTL46">
        <From SequenceNumber="16">
          <StopPointRef>5220WDB48437</StopPointRef>
          <TimingStatus>OTH</TimingStatus>
        </From>
        <To SequenceNumber="17">
          <StopPointRef>5220AWG60426</StopPointRef>
          <TimingStatus>OTH</TimingStatus>
        </To>
        <RouteLinkRef>RL46</RouteLinkRef>
        <RunTime>PT1M</RunTime>
      </JourneyPatternTimingLink>
      <JourneyPatternTimingLink id="JPTL47">
        <From SequenceNumber="17">
          <StopPointRef>5220AWG60426</StopPointRef>
          <TimingStatus>OTH</TimingStatus>
        </From>
        <To SequenceNumber="18">
          <StopPointRef>5220WDB48431</StopPointRef>
          <TimingStatus>OTH</TimingStatus>
        </To>
        <RouteLinkRef>RL47</RouteLinkRef>
        <RunTime>PT0S</RunTime>
      </JourneyPatternTimingLink>
      <JourneyPatternTimingLink id="JPTL48">
        <From SequenceNumber="18">
          <StopPointRef>5220WDB48431</StopPointRef>
          <TimingStatus>OTH</TimingStatus>
        </From>
        <To SequenceNumber="19">
          <StopPointRef>5220WDB48432</StopPointRef>
          <TimingStatus>OTH</TimingStatus>
        </To>
        <RouteLinkRef>RL48</RouteLinkRef>
        <RunTime>PT1M</RunTime>
      </JourneyPatternTimingLink>
      <JourneyPatternTimingLink id="JPTL49">
        <From SequenceNumber="19">
          <StopPointRef>5220WDB48432</StopPointRef>
          <TimingStatus>OTH</TimingStatus>
        </From>
        <To SequenceNumber="20">
          <StopPointRef>5220WDB48433</StopPointRef>
          <TimingStatus>OTH</TimingStatus>
        </To>
        <RouteLinkRef>RL49</RouteLinkRef>
        <RunTime>PT0S</RunTime>
      </JourneyPatternTimingLink>
      <JourneyPatternTimingLink id="JPTL50">
        <From SequenceNumber="20">
          <StopPointRef>5220WDB48433</StopPointRef>
          <TimingStatus>OTH</TimingStatus>
        </From>
        <To SequenceNumber="21">
          <StopPointRef>5220AWG60427</StopPointRef>
          <TimingStatus>PTP</TimingStatus>
        </To>
        <RouteLinkRef>RL50</RouteLinkRef>
        <RunTime>PT1M</RunTime>
      </JourneyPatternTimingLink>
      <JourneyPatternTimingLink id="JPTL51">
        <From SequenceNumber="21">
          <StopPointRef>5220AWG60427</StopPointRef>
          <TimingStatus>PTP</TimingStatus>
        </From>
        <To SequenceNumber="22">
          <StopPointRef>5220AWG60428</StopPointRef>
          <TimingStatus>OTH</TimingStatus>
        </To>
        <RouteLinkRef>RL51</RouteLinkRef>
        <RunTime>PT0S</RunTime>
      </JourneyPatternTimingLink>
      <JourneyPatternTimingLink id="JPTL52">
        <From SequenceNumber="22">
          <StopPointRef>5220AWG60428</StopPointRef>
          <TimingStatus>OTH</TimingStatus>
        </From>
        <To SequenceNumber="23">
          <StopPointRef>5220WDB48434</StopPointRef>
          <TimingStatus>OTH</TimingStatus>
        </To>
        <RouteLinkRef>RL52</RouteLinkRef>
        <RunTime>PT1M</RunTime>
      </JourneyPatternTimingLink>
      <JourneyPatternTimingLink id="JPTL53">
        <From SequenceNumber="23">
          <StopPointRef>5220WDB48434</StopPointRef>
          <TimingStatus>OTH</TimingStatus>
        </From>
        <To SequenceNumber="24">
          <StopPointRef>5220AWG60424</StopPointRef>
          <TimingStatus>OTH</TimingStatus>
        </To>
        <RouteLinkRef>RL53</RouteLinkRef>
        <RunTime>PT1M</RunTime>
      </JourneyPatternTimingLink>
      <JourneyPatternTimingLink id="JPTL54">
        <From SequenceNumber="24">
          <StopPointRef>5220AWG60424</StopPointRef>
          <TimingStatus>OTH</TimingStatus>
        </From>
        <To SequenceNumber="25">
          <StopPointRef>5220AWG60422</StopPointRef>
          <TimingStatus>OTH</TimingStatus>
        </To>
        <RouteLinkRef>RL54</RouteLinkRef>
        <RunTime>PT1M</RunTime>
      </JourneyPatternTimingLink>
      <JourneyPatternTimingLink id="JPTL55">
        <From SequenceNumber="25">
          <StopPointRef>5220AWG60422</StopPointRef>
          <TimingStatus>OTH</TimingStatus>
        </From>
        <To SequenceNumber="26">
          <StopPointRef>5220AWG60420</StopPointRef>
          <TimingStatus>PTP</TimingStatus>
        </To>
        <RouteLinkRef>RL55</RouteLinkRef>
        <RunTime>PT1M</RunTime>
      </JourneyPatternTimingLink>
      <JourneyPatternTimingLink id="JPTL56">
        <From SequenceNumber="26">
          <StopPointRef>5220AWG60420</StopPointRef>
          <TimingStatus>PTP</TimingStatus>
        </From>
        <To SequenceNumber="27">
          <StopPointRef>5220AWG60419</StopPointRef>
          <TimingStatus>OTH</TimingStatus>
        </To>
        <RouteLinkRef>RL56</RouteLinkRef>
        <RunTime>PT0S</RunTime>
      </JourneyPatternTimingLink>
      <JourneyPatternTimingLink id="JPTL57">
        <From SequenceNumber="27">
          <StopPointRef>5220AWG60419</StopPointRef>
          <TimingStatus>OTH</TimingStatus>
        </From>
        <To SequenceNumber="28">
          <StopPointRef>5220AWG60416</StopPointRef>
          <TimingStatus>OTH</TimingStatus>
        </To>
        <RouteLinkRef>RL57</RouteLinkRef>
        <RunTime>PT1M</RunTime>
      </JourneyPatternTimingLink>
      <JourneyPatternTimingLink id="JPTL58">
        <From SequenceNumber="28">
          <StopPointRef>5220AWG60416</StopPointRef>
          <TimingStatus>OTH</TimingStatus>
        </From>
        <To SequenceNumber="29">
          <StopPointRef>5220AWG60415</StopPointRef>
          <TimingStatus>OTH</TimingStatus>
        </To>
        <RouteLinkRef>RL58</RouteLinkRef>
        <RunTime>PT0S</RunTime>
      </JourneyPatternTimingLink>
      <JourneyPatternTimingLink id="JPTL59">
        <From SequenceNumber="29">
          <StopPointRef>5220AWG60415</StopPointRef>
          <TimingStatus>OTH</TimingStatus>
        </From>
        <To SequenceNumber="30">
          <StopPointRef>5220WDB48435</StopPointRef>
          <TimingStatus>OTH</TimingStatus>
        </To>
        <RouteLinkRef>RL59</RouteLinkRef>
        <RunTime>PT1M</RunTime>
      </JourneyPatternTimingLink>
      <JourneyPatternTimingLink id="JPTL60">
        <From SequenceNumber="30">
          <StopPointRef>5220WDB48435</StopPointRef>
          <TimingStatus>OTH</TimingStatus>
        </From>
        <To SequenceNumber="31">
          <StopPointRef>5220AWG60412</StopPointRef>
          <TimingStatus>OTH</TimingStatus>
        </To>
        <RouteLinkRef>RL60</RouteLinkRef>
        <RunTime>PT0S</RunTime>
      </JourneyPatternTimingLink>
      <JourneyPatternTimingLink id="JPTL61">
        <From SequenceNumber="31">
          <StopPointRef>5220AWG60412</StopPointRef>
          <TimingStatus>OTH</TimingStatus>
        </From>
        <To SequenceNumber="32">
          <StopPointRef>5220AWG60410</StopPointRef>
          <TimingStatus>PTP</TimingStatus>
        </To>
        <RouteLinkRef>RL61</RouteLinkRef>
        <RunTime>PT1M</RunTime>
      </JourneyPatternTimingLink>
    </JourneyPatternSection>
  </JourneyPatternSections>
  <Operators>
    <Operator id="O1">
      <NationalOperatorCode>DCOL</NationalOperatorCode>
      <OperatorCode>DCOL</OperatorCode>
      <OperatorShortName>Davies Coaches Llanelli</OperatorShortName>
    </Operator>
  </Operators>
  <Services>
    <Service>
      <ServiceCode>CMBL013</ServiceCode>
      <PrivateCode>CMBL013</PrivateCode>
      <Lines>
        <Line id="SL1">
          <LineName>L13</LineName>
        </Line>
      </Lines>
      <OperatingPeriod>
        <StartDate>2014-09-02</StartDate>
      </OperatingPeriod>
      <OperatingProfile>
        <RegularDayType>
          <DaysOfWeek>
            <MondayToFriday />
          </DaysOfWeek>
        </RegularDayType>
      </OperatingProfile>
      <RegisteredOperatorRef>O1</RegisteredOperatorRef>
      <StopRequirements>
        <NoNewStopsRequired />
      </StopRequirements>
      <Mode>bus</Mode>
      <Description>Bynea - Bryngwyn School  </Description>
      <StandardService>
        <Origin>Bynea</Origin>
        <Destination>Bryngwyn School</Destination>
        <JourneyPattern id="JP1">
          <DestinationDisplay>Bryngwyn School</DestinationDisplay>
          <Direction>outbound</Direction>
          <RouteRef>RT1</RouteRef>
          <JourneyPatternSectionRefs>JPS1</JourneyPatternSectionRefs>
        </JourneyPattern>
        <JourneyPattern id="JP2">
          <DestinationDisplay>Bynea Yspitty Road</DestinationDisplay>
          <Direction>inbound</Direction>
          <RouteRef>RT2</RouteRef>
          <JourneyPatternSectionRefs>JPS2</JourneyPatternSectionRefs>
        </JourneyPattern>
      </StandardService>
    </Service>
  </Services>
  <VehicleJourneys>
    <VehicleJourney SequenceNumber="1">
      <PrivateCode>L13MFDCA1:O:1</PrivateCode>
      <OperatingProfile>
        <RegularDayType>
          <DaysOfWeek>
            <MondayToFriday />
          </DaysOfWeek>
        </RegularDayType>
        <ServicedOrganisationDayType>
          <DaysOfOperation>
            <WorkingDays>
              <ServicedOrganisationRef>SDA</ServicedOrganisationRef>
            </WorkingDays>
          </DaysOfOperation>
        </ServicedOrganisationDayType>
        <BankHolidayOperation>
          <DaysOfNonOperation>
            <HolidayMondays />
          </DaysOfNonOperation>
        </BankHolidayOperation>
      </OperatingProfile>
      <VehicleJourneyCode>VJ1</VehicleJourneyCode>
      <ServiceRef>CMBL013</ServiceRef>
      <LineRef>SL1</LineRef>
      <JourneyPatternRef>JP1</JourneyPatternRef>
      <DepartureTime>07:50:00</DepartureTime>
    </VehicleJourney>
    <VehicleJourney SequenceNumber="1">
      <PrivateCode>L13MFDCA1:I:1</PrivateCode>
      <OperatingProfile>
        <RegularDayType>
          <DaysOfWeek>
            <MondayToFriday />
          </DaysOfWeek>
        </RegularDayType>
        <ServicedOrganisationDayType>
          <DaysOfOperation>
            <WorkingDays>
              <ServicedOrganisationRef>SDA</ServicedOrganisationRef>
            </WorkingDays>
          </DaysOfOperation>
        </ServicedOrganisationDayType>
        <BankHolidayOperation>
          <DaysOfNonOperation>
            <HolidayMondays />
          </DaysOfNonOperation>
        </BankHolidayOperation>
      </OperatingProfile>
      <VehicleJourneyCode>VJ2</VehicleJourneyCode>
      <ServiceRef>CMBL013</ServiceRef>
      <LineRef>SL1</LineRef>
      <JourneyPatternRef>JP2</JourneyPatternRef>
      <DepartureTime>14:57:00</DepartureTime>
    </VehicleJourney>
  </VehicleJourneys>
</TransXChange>