<?xml version="1.0" encoding="utf-8"?>
<TransXChange xmlns:xsd="http://www.w3.org/2001/XMLSchema" xmlns:xsi="http://www.w3.org/2001/XMLSchema-instance" xsi:schemaLocation="http://www.transxchange.org.uk/ http://www.transxchange.org.uk/schema/2.1/TransXChange_general.xsd" CreationDateTime="2017-09-25T12:59:03" ModificationDateTime="2017-09-25T12:59:03" Modification="revise" RevisionNumber="1" FileName="DaviesCoachesLtdG14-YsgolMaesYrYrfa-Ammanford-Tycroes1_TXC_2017925-1259_CMBG014.xml" SchemaVersion="2.1" RegistrationDocument="false" xmlns="http://www.transxchange.org.uk/">
  <ServicedOrganisations>
    <ServicedOrganisation>
      <OrganisationCode>SDA</OrganisationCode>
      <Name>Carmarthenshire</Name>
      <WorkingDays>
        <DateRange>
          <StartDate>2016-04-11</StartDate>
          <EndDate>2016-05-28</EndDate>
        </DateRange>
        <DateRange>
          <StartDate>2016-06-05</StartDate>
          <EndDate>2016-07-20</EndDate>
        </DateRange>
        <DateRange>
          <StartDate>2016-09-05</StartDate>
          <EndDate>2016-10-23</EndDate>
        </DateRange>
        <DateRange>
          <StartDate>2016-10-31</StartDate>
          <EndDate>2016-12-17</EndDate>
        </DateRange>
        <DateRange>
          <StartDate>2017-01-03</StartDate>
          <EndDate>2017-02-18</EndDate>
        </DateRange>
        <DateRange>
          <StartDate>2017-02-27</StartDate>
          <EndDate>2017-04-08</EndDate>
        </DateRange>
        <DateRange>
          <StartDate>2017-04-25</StartDate>
          <EndDate>2017-05-27</EndDate>
        </DateRange>
        <DateRange>
          <StartDate>2017-06-05</StartDate>
          <EndDate>2017-07-22</EndDate>
        </DateRange>
        <DateRange>
          <StartDate>2017-09-05</StartDate>
          <EndDate>2017-10-27</EndDate>
        </DateRange>
        <DateRange>
          <StartDate>2017-11-06</StartDate>
          <EndDate>2017-12-22</EndDate>
        </DateRange>
        <DateRange>
          <StartDate>2018-01-08</StartDate>
          <EndDate>2018-02-16</EndDate>
        </DateRange>
        <DateRange>
          <StartDate>2018-02-26</StartDate>
          <EndDate>2018-03-29</EndDate>
        </DateRange>
        <DateRange>
          <StartDate>2018-04-17</StartDate>
          <EndDate>2018-05-25</EndDate>
        </DateRange>
        <DateRange>
          <StartDate>2018-06-04</StartDate>
          <EndDate>2018-07-24</EndDate>
        </DateRange>
        <DateRange>
          <StartDate>2018-09-03</StartDate>
          <EndDate>2018-10-19</EndDate>
        </DateRange>
      </WorkingDays>
    </ServicedOrganisation>
  </ServicedOrganisations>
  <StopPoints>
    <AnnotatedStopPointRef>
      <StopPointRef>5220AWK65374</StopPointRef>
      <CommonName>Coopers</CommonName>
    </AnnotatedStopPointRef>
    <AnnotatedStopPointRef>
      <StopPointRef>5220AWK65377</StopPointRef>
      <CommonName>Brynteg Garage</CommonName>
    </AnnotatedStopPointRef>
    <AnnotatedStopPointRef>
      <StopPointRef>5220AWK65378</StopPointRef>
      <CommonName>Mynyddbach</CommonName>
    </AnnotatedStopPointRef>
    <AnnotatedStopPointRef>
      <StopPointRef>5220AWK65380</StopPointRef>
      <CommonName>Bus Depot</CommonName>
    </AnnotatedStopPointRef>
    <AnnotatedStopPointRef>
      <StopPointRef>5220AWK65392</StopPointRef>
      <CommonName>Tycroes (Square)</CommonName>
    </AnnotatedStopPointRef>
    <AnnotatedStopPointRef>
      <StopPointRef>5220AWK65393</StopPointRef>
      <CommonName>Caersalem Church</CommonName>
    </AnnotatedStopPointRef>
    <AnnotatedStopPointRef>
      <StopPointRef>5220AWK65395</StopPointRef>
      <CommonName>Mountain Gate</CommonName>
    </AnnotatedStopPointRef>
    <AnnotatedStopPointRef>
      <StopPointRef>5220AWK65396</StopPointRef>
      <CommonName>Gelliwriddon</CommonName>
    </AnnotatedStopPointRef>
    <AnnotatedStopPointRef>
      <StopPointRef>5220AWK65399</StopPointRef>
      <CommonName>Penybanc Post Office</CommonName>
    </AnnotatedStopPointRef>
    <AnnotatedStopPointRef>
      <StopPointRef>5220AWK65401</StopPointRef>
      <CommonName>Golden Lion Hotel</CommonName>
    </AnnotatedStopPointRef>
    <AnnotatedStopPointRef>
      <StopPointRef>5220AWK65402</StopPointRef>
      <CommonName>Post Office</CommonName>
    </AnnotatedStopPointRef>
    <AnnotatedStopPointRef>
      <StopPointRef>5220AWK65420</StopPointRef>
      <CommonName>West End Newsagents</CommonName>
    </AnnotatedStopPointRef>
    <AnnotatedStopPointRef>
      <StopPointRef>5220AWK65421</StopPointRef>
      <CommonName>St Michael &amp; All Angels` Church</CommonName>
    </AnnotatedStopPointRef>
    <AnnotatedStopPointRef>
      <StopPointRef>5220AWK65429</StopPointRef>
      <CommonName>Ammanford Bus Station</CommonName>
    </AnnotatedStopPointRef>
    <AnnotatedStopPointRef>
      <StopPointRef>5220AWK65571</StopPointRef>
      <CommonName>Blaenau</CommonName>
    </AnnotatedStopPointRef>
    <AnnotatedStopPointRef>
      <StopPointRef>5220AWK65573</StopPointRef>
      <CommonName>Caerbryn</CommonName>
    </AnnotatedStopPointRef>
    <AnnotatedStopPointRef>
      <StopPointRef>5220CMX16620</StopPointRef>
      <CommonName>Penygroes (Surgery)</CommonName>
    </AnnotatedStopPointRef>
    <AnnotatedStopPointRef>
      <StopPointRef>5220AWK65537</StopPointRef>
      <CommonName>Bryncwar Road</CommonName>
    </AnnotatedStopPointRef>
    <AnnotatedStopPointRef>
      <StopPointRef>5220AWK65534</StopPointRef>
      <CommonName>Glan-y-Gors</CommonName>
    </AnnotatedStopPointRef>
    <AnnotatedStopPointRef>
      <StopPointRef>5220AWK65532</StopPointRef>
      <CommonName>Gorsddu</CommonName>
    </AnnotatedStopPointRef>
    <AnnotatedStopPointRef>
      <StopPointRef>5220CMX16625</StopPointRef>
      <CommonName>Maes Derwen</CommonName>
    </AnnotatedStopPointRef>
    <AnnotatedStopPointRef>
      <StopPointRef>5220CMX16627</StopPointRef>
      <CommonName>Black Lion</CommonName>
    </AnnotatedStopPointRef>
    <AnnotatedStopPointRef>
      <StopPointRef>5220WDB47963</StopPointRef>
      <CommonName>Gorslas (Black Lion Road Shelter)</CommonName>
    </AnnotatedStopPointRef>
    <AnnotatedStopPointRef>
      <StopPointRef>5220WDB48531</StopPointRef>
      <CommonName>Brynlluan</CommonName>
    </AnnotatedStopPointRef>
    <AnnotatedStopPointRef>
      <StopPointRef>5220CMX16616</StopPointRef>
      <CommonName>Ysgol Maes Yr Yrfa</CommonName>
    </AnnotatedStopPointRef>
    <AnnotatedStopPointRef>
      <StopPointRef>5220AWK65404</StopPointRef>
      <CommonName>West End Newsagents</CommonName>
    </AnnotatedStopPointRef>
    <AnnotatedStopPointRef>
      <StopPointRef>5220AWK65403</StopPointRef>
      <CommonName>Post Office</CommonName>
    </AnnotatedStopPointRef>
    <AnnotatedStopPointRef>
      <StopPointRef>5220AWK65400</StopPointRef>
      <CommonName>Golden Lion Hotel</CommonName>
    </AnnotatedStopPointRef>
    <AnnotatedStopPointRef>
      <StopPointRef>5220AWK65398</StopPointRef>
      <CommonName>Penybanc Post Office</CommonName>
    </AnnotatedStopPointRef>
    <AnnotatedStopPointRef>
      <StopPointRef>5220AWK65397</StopPointRef>
      <CommonName>Gelliwriddon</CommonName>
    </AnnotatedStopPointRef>
    <AnnotatedStopPointRef>
      <StopPointRef>5220WDB47972</StopPointRef>
      <CommonName>Mountain Gate</CommonName>
    </AnnotatedStopPointRef>
    <AnnotatedStopPointRef>
      <StopPointRef>5220AWK65394</StopPointRef>
      <CommonName>Caersalem Church</CommonName>
    </AnnotatedStopPointRef>
    <AnnotatedStopPointRef>
      <StopPointRef>5220AWK65382</StopPointRef>
      <CommonName>Tycroes (Square)</CommonName>
    </AnnotatedStopPointRef>
    <AnnotatedStopPointRef>
      <StopPointRef>5220AWK65381</StopPointRef>
      <CommonName>Bus Depot</CommonName>
    </AnnotatedStopPointRef>
    <AnnotatedStopPointRef>
      <StopPointRef>5220AWK65379</StopPointRef>
      <CommonName>Mynyddbach</CommonName>
    </AnnotatedStopPointRef>
    <AnnotatedStopPointRef>
      <StopPointRef>5220AWK65376</StopPointRef>
      <CommonName>Brynteg Garage</CommonName>
    </AnnotatedStopPointRef>
    <AnnotatedStopPointRef>
      <StopPointRef>5220AWK65375</StopPointRef>
      <CommonName>Coopers</CommonName>
    </AnnotatedStopPointRef>
    <AnnotatedStopPointRef>
      <StopPointRef>5220CMX16617</StopPointRef>
      <CommonName>Ysgol Maes Yr Yrfa</CommonName>
    </AnnotatedStopPointRef>
    <AnnotatedStopPointRef>
      <StopPointRef>5220WDB48535</StopPointRef>
      <CommonName>Brynlluan</CommonName>
    </AnnotatedStopPointRef>
    <AnnotatedStopPointRef>
      <StopPointRef>5220CMX16618</StopPointRef>
      <CommonName>Gorslas Square</CommonName>
    </AnnotatedStopPointRef>
    <AnnotatedStopPointRef>
      <StopPointRef>5220CMX16730</StopPointRef>
      <CommonName>Gorslas (Black Lion Road Shelter)</CommonName>
    </AnnotatedStopPointRef>
    <AnnotatedStopPointRef>
      <StopPointRef>5220CMX16626</StopPointRef>
      <CommonName>Black Lion</CommonName>
    </AnnotatedStopPointRef>
    <AnnotatedStopPointRef>
      <StopPointRef>5220CMX16629</StopPointRef>
      <CommonName>Maes Derwen</CommonName>
    </AnnotatedStopPointRef>
    <AnnotatedStopPointRef>
      <StopPointRef>5220AWK65533</StopPointRef>
      <CommonName>Gorsddu</CommonName>
    </AnnotatedStopPointRef>
    <AnnotatedStopPointRef>
      <StopPointRef>5220AWK65535</StopPointRef>
      <CommonName>Glan-y-Gors</CommonName>
    </AnnotatedStopPointRef>
    <AnnotatedStopPointRef>
      <StopPointRef>5220AWK65536</StopPointRef>
      <CommonName>Gorsddu Road</CommonName>
    </AnnotatedStopPointRef>
    <AnnotatedStopPointRef>
      <StopPointRef>5220AWK65523</StopPointRef>
      <CommonName>Penygroes (opp Surgery)</CommonName>
    </AnnotatedStopPointRef>
    <AnnotatedStopPointRef>
      <StopPointRef>5220AWK65572</StopPointRef>
      <CommonName>Post Office</CommonName>
    </AnnotatedStopPointRef>
    <AnnotatedStopPointRef>
      <StopPointRef>5220AWK65570</StopPointRef>
      <CommonName>Blaenau</CommonName>
    </AnnotatedStopPointRef>
  </StopPoints>
  <RouteSections>
    <RouteSection id="RS1">
      <RouteLink id="RL1">
        <From>
          <StopPointRef>5220AWK65374</StopPointRef>
        </From>
        <To>
          <StopPointRef>5220AWK65377</StopPointRef>
        </To>
        <Distance>520</Distance>
        <Direction>outbound</Direction>
      </RouteLink>
      <RouteLink id="RL2">
        <From>
          <StopPointRef>5220AWK65377</StopPointRef>
        </From>
        <To>
          <StopPointRef>5220AWK65378</StopPointRef>
        </To>
        <Distance>380</Distance>
        <Direction>outbound</Direction>
      </RouteLink>
      <RouteLink id="RL3">
        <From>
          <StopPointRef>5220AWK65378</StopPointRef>
        </From>
        <To>
          <StopPointRef>5220AWK65380</StopPointRef>
        </To>
        <Distance>290</Distance>
        <Direction>outbound</Direction>
      </RouteLink>
      <RouteLink id="RL4">
        <From>
          <StopPointRef>5220AWK65380</StopPointRef>
        </From>
        <To>
          <StopPointRef>5220AWK65392</StopPointRef>
        </To>
        <Distance>340</Distance>
        <Direction>outbound</Direction>
      </RouteLink>
      <RouteLink id="RL5">
        <From>
          <StopPointRef>5220AWK65392</StopPointRef>
        </From>
        <To>
          <StopPointRef>5220AWK65393</StopPointRef>
        </To>
        <Distance>280</Distance>
        <Direction>outbound</Direction>
      </RouteLink>
      <RouteLink id="RL6">
        <From>
          <StopPointRef>5220AWK65393</StopPointRef>
        </From>
        <To>
          <StopPointRef>5220AWK65395</StopPointRef>
        </To>
        <Distance>140</Distance>
        <Direction>outbound</Direction>
      </RouteLink>
      <RouteLink id="RL7">
        <From>
          <StopPointRef>5220AWK65395</StopPointRef>
        </From>
        <To>
          <StopPointRef>5220AWK65396</StopPointRef>
        </To>
        <Distance>640</Distance>
        <Direction>outbound</Direction>
      </RouteLink>
      <RouteLink id="RL8">
        <From>
          <StopPointRef>5220AWK65396</StopPointRef>
        </From>
        <To>
          <StopPointRef>5220AWK65399</StopPointRef>
        </To>
        <Distance>220</Distance>
        <Direction>outbound</Direction>
      </RouteLink>
      <RouteLink id="RL9">
        <From>
          <StopPointRef>5220AWK65399</StopPointRef>
        </From>
        <To>
          <StopPointRef>5220AWK65401</StopPointRef>
        </To>
        <Distance>400</Distance>
        <Direction>outbound</Direction>
      </RouteLink>
      <RouteLink id="RL10">
        <From>
          <StopPointRef>5220AWK65401</StopPointRef>
        </From>
        <To>
          <StopPointRef>5220AWK65402</StopPointRef>
        </To>
        <Distance>630</Distance>
        <Direction>outbound</Direction>
      </RouteLink>
      <RouteLink id="RL11">
        <From>
          <StopPointRef>5220AWK65402</StopPointRef>
        </From>
        <To>
          <StopPointRef>5220AWK65420</StopPointRef>
        </To>
        <Distance>340</Distance>
        <Direction>outbound</Direction>
      </RouteLink>
      <RouteLink id="RL12">
        <From>
          <StopPointRef>5220AWK65420</StopPointRef>
        </From>
        <To>
          <StopPointRef>5220AWK65421</StopPointRef>
        </To>
        <Distance>380</Distance>
        <Direction>outbound</Direction>
      </RouteLink>
      <RouteLink id="RL13">
        <From>
          <StopPointRef>5220AWK65421</StopPointRef>
        </From>
        <To>
          <StopPointRef>5220AWK65429</StopPointRef>
        </To>
        <Distance>350</Distance>
        <Direction>outbound</Direction>
      </RouteLink>
    </RouteSection>
    <RouteSection id="RS2">
      <RouteLink id="RL14">
        <From>
          <StopPointRef>5220AWK65571</StopPointRef>
        </From>
        <To>
          <StopPointRef>5220AWK65573</StopPointRef>
        </To>
        <Distance>620</Distance>
        <Direction>outbound</Direction>
      </RouteLink>
      <RouteLink id="RL15">
        <From>
          <StopPointRef>5220AWK65573</StopPointRef>
        </From>
        <To>
          <StopPointRef>5220CMX16620</StopPointRef>
        </To>
        <Distance>1780</Distance>
        <Direction>outbound</Direction>
      </RouteLink>
      <RouteLink id="RL16">
        <From>
          <StopPointRef>5220CMX16620</StopPointRef>
        </From>
        <To>
          <StopPointRef>5220AWK65537</StopPointRef>
        </To>
        <Distance>430</Distance>
        <Direction>outbound</Direction>
      </RouteLink>
      <RouteLink id="RL17">
        <From>
          <StopPointRef>5220AWK65537</StopPointRef>
        </From>
        <To>
          <StopPointRef>5220AWK65534</StopPointRef>
        </To>
        <Distance>440</Distance>
        <Direction>outbound</Direction>
      </RouteLink>
      <RouteLink id="RL18">
        <From>
          <StopPointRef>5220AWK65534</StopPointRef>
        </From>
        <To>
          <StopPointRef>5220AWK65532</StopPointRef>
        </To>
        <Distance>250</Distance>
        <Direction>outbound</Direction>
      </RouteLink>
      <RouteLink id="RL19">
        <From>
          <StopPointRef>5220AWK65532</StopPointRef>
        </From>
        <To>
          <StopPointRef>5220CMX16625</StopPointRef>
        </To>
        <Distance>310</Distance>
        <Direction>outbound</Direction>
      </RouteLink>
      <RouteLink id="RL20">
        <From>
          <StopPointRef>5220CMX16625</StopPointRef>
        </From>
        <To>
          <StopPointRef>5220CMX16627</StopPointRef>
        </To>
        <Distance>480</Distance>
        <Direction>outbound</Direction>
      </RouteLink>
      <RouteLink id="RL21">
        <From>
          <StopPointRef>5220CMX16627</StopPointRef>
        </From>
        <To>
          <StopPointRef>5220WDB47963</StopPointRef>
        </To>
        <Distance>480</Distance>
        <Direction>outbound</Direction>
      </RouteLink>
      <RouteLink id="RL22">
        <From>
          <StopPointRef>5220WDB47963</StopPointRef>
        </From>
        <To>
          <StopPointRef>5220WDB48531</StopPointRef>
        </To>
        <Distance>550</Distance>
        <Direction>outbound</Direction>
      </RouteLink>
      <RouteLink id="RL23">
        <From>
          <StopPointRef>5220WDB48531</StopPointRef>
        </From>
        <To>
          <StopPointRef>5220CMX16616</StopPointRef>
        </To>
        <Distance>650</Distance>
        <Direction>outbound</Direction>
      </RouteLink>
    </RouteSection>
    <RouteSection id="RS3">
      <RouteLink id="RL24">
        <From>
          <StopPointRef>5220AWK65429</StopPointRef>
        </From>
        <To>
          <StopPointRef>5220AWK65404</StopPointRef>
        </To>
        <Distance>680</Distance>
        <Direction>inbound</Direction>
      </RouteLink>
      <RouteLink id="RL25">
        <From>
          <StopPointRef>5220AWK65404</StopPointRef>
        </From>
        <To>
          <StopPointRef>5220AWK65403</StopPointRef>
        </To>
        <Distance>210</Distance>
        <Direction>inbound</Direction>
      </RouteLink>
      <RouteLink id="RL26">
        <From>
          <StopPointRef>5220AWK65403</StopPointRef>
        </From>
        <To>
          <StopPointRef>5220AWK65400</StopPointRef>
        </To>
        <Distance>800</Distance>
        <Direction>inbound</Direction>
      </RouteLink>
      <RouteLink id="RL27">
        <From>
          <StopPointRef>5220AWK65400</StopPointRef>
        </From>
        <To>
          <StopPointRef>5220AWK65398</StopPointRef>
        </To>
        <Distance>320</Distance>
        <Direction>inbound</Direction>
      </RouteLink>
      <RouteLink id="RL28">
        <From>
          <StopPointRef>5220AWK65398</StopPointRef>
        </From>
        <To>
          <StopPointRef>5220AWK65397</StopPointRef>
        </To>
        <Distance>160</Distance>
        <Direction>inbound</Direction>
      </RouteLink>
      <RouteLink id="RL29">
        <From>
          <StopPointRef>5220AWK65397</StopPointRef>
        </From>
        <To>
          <StopPointRef>5220WDB47972</StopPointRef>
        </To>
        <Distance>680</Distance>
        <Direction>inbound</Direction>
      </RouteLink>
      <RouteLink id="RL30">
        <From>
          <StopPointRef>5220WDB47972</StopPointRef>
        </From>
        <To>
          <StopPointRef>5220AWK65394</StopPointRef>
        </To>
        <Distance>80</Distance>
        <Direction>inbound</Direction>
      </RouteLink>
      <RouteLink id="RL31">
        <From>
          <StopPointRef>5220AWK65394</StopPointRef>
        </From>
        <To>
          <StopPointRef>5220AWK65382</StopPointRef>
        </To>
        <Distance>410</Distance>
        <Direction>inbound</Direction>
      </RouteLink>
      <RouteLink id="RL32">
        <From>
          <StopPointRef>5220AWK65382</StopPointRef>
        </From>
        <To>
          <StopPointRef>5220AWK65381</StopPointRef>
        </To>
        <Distance>210</Distance>
        <Direction>inbound</Direction>
      </RouteLink>
      <RouteLink id="RL33">
        <From>
          <StopPointRef>5220AWK65381</StopPointRef>
        </From>
        <To>
          <StopPointRef>5220AWK65379</StopPointRef>
        </To>
        <Distance>270</Distance>
        <Direction>inbound</Direction>
      </RouteLink>
      <RouteLink id="RL34">
        <From>
          <StopPointRef>5220AWK65379</StopPointRef>
        </From>
        <To>
          <StopPointRef>5220AWK65376</StopPointRef>
        </To>
        <Distance>490</Distance>
        <Direction>inbound</Direction>
      </RouteLink>
      <RouteLink id="RL35">
        <From>
          <StopPointRef>5220AWK65376</StopPointRef>
        </From>
        <To>
          <StopPointRef>5220AWK65375</StopPointRef>
        </To>
        <Distance>450</Distance>
        <Direction>inbound</Direction>
      </RouteLink>
    </RouteSection>
    <RouteSection id="RS4">
      <RouteLink id="RL36">
        <From>
          <StopPointRef>5220CMX16617</StopPointRef>
        </From>
        <To>
          <StopPointRef>5220WDB48535</StopPointRef>
        </To>
        <Distance>630</Distance>
        <Direction>inbound</Direction>
      </RouteLink>
      <RouteLink id="RL37">
        <From>
          <StopPointRef>5220WDB48535</StopPointRef>
        </From>
        <To>
          <StopPointRef>5220CMX16618</StopPointRef>
        </To>
        <Distance>290</Distance>
        <Direction>inbound</Direction>
      </RouteLink>
      <RouteLink id="RL38">
        <From>
          <StopPointRef>5220CMX16618</StopPointRef>
        </From>
        <To>
          <StopPointRef>5220CMX16730</StopPointRef>
        </To>
        <Distance>370</Distance>
        <Direction>inbound</Direction>
      </RouteLink>
      <RouteLink id="RL39">
        <From>
          <StopPointRef>5220CMX16730</StopPointRef>
        </From>
        <To>
          <StopPointRef>5220CMX16626</StopPointRef>
        </To>
        <Distance>390</Distance>
        <Direction>inbound</Direction>
      </RouteLink>
      <RouteLink id="RL40">
        <From>
          <StopPointRef>5220CMX16626</StopPointRef>
        </From>
        <To>
          <StopPointRef>5220CMX16629</StopPointRef>
        </To>
        <Distance>510</Distance>
        <Direction>inbound</Direction>
      </RouteLink>
      <RouteLink id="RL41">
        <From>
          <StopPointRef>5220CMX16629</StopPointRef>
        </From>
        <To>
          <StopPointRef>5220AWK65533</StopPointRef>
        </To>
        <Distance>310</Distance>
        <Direction>inbound</Direction>
      </RouteLink>
      <RouteLink id="RL42">
        <From>
          <StopPointRef>5220AWK65533</StopPointRef>
        </From>
        <To>
          <StopPointRef>5220AWK65535</StopPointRef>
        </To>
        <Distance>220</Distance>
        <Direction>inbound</Direction>
      </RouteLink>
      <RouteLink id="RL43">
        <From>
          <StopPointRef>5220AWK65535</StopPointRef>
        </From>
        <To>
          <StopPointRef>5220AWK65536</StopPointRef>
        </To>
        <Distance>490</Distance>
        <Direction>inbound</Direction>
      </RouteLink>
      <RouteLink id="RL44">
        <From>
          <StopPointRef>5220AWK65536</StopPointRef>
        </From>
        <To>
          <StopPointRef>5220AWK65523</StopPointRef>
        </To>
        <Distance>390</Distance>
        <Direction>inbound</Direction>
      </RouteLink>
      <RouteLink id="RL45">
        <From>
          <StopPointRef>5220AWK65523</StopPointRef>
        </From>
        <To>
          <StopPointRef>5220AWK65572</StopPointRef>
        </To>
        <Distance>1820</Distance>
        <Direction>inbound</Direction>
      </RouteLink>
      <RouteLink id="RL46">
        <From>
          <StopPointRef>5220AWK65572</StopPointRef>
        </From>
        <To>
          <StopPointRef>5220AWK65570</StopPointRef>
        </To>
        <Distance>590</Distance>
        <Direction>inbound</Direction>
      </RouteLink>
    </RouteSection>
  </RouteSections>
  <Routes>
    <Route id="RT1">
      <Description>Coopers - Ammanford Bus Station</Description>
      <RouteSectionRef>RS1</RouteSectionRef>
    </Route>
    <Route id="RT2">
      <Description>Blaenau - Ysgol Maes Yr Yrfa</Description>
      <RouteSectionRef>RS2</RouteSectionRef>
    </Route>
    <Route id="RT3">
      <Description>Ammanford Bus Station - Coopers</Description>
      <RouteSectionRef>RS3</RouteSectionRef>
    </Route>
    <Route id="RT4">
      <Description>Ysgol Maes Yr Yrfa - Blaenau</Description>
      <RouteSectionRef>RS4</RouteSectionRef>
    </Route>
  </Routes>
  <JourneyPatternSections>
    <JourneyPatternSection id="JPS1">
      <JourneyPatternTimingLink id="JPTL1">
        <From SequenceNumber="1">
          <StopPointRef>5220AWK65374</StopPointRef>
          <TimingStatus>PTP</TimingStatus>
        </From>
        <To SequenceNumber="2">
          <StopPointRef>5220AWK65377</StopPointRef>
          <TimingStatus>OTH</TimingStatus>
        </To>
        <RouteLinkRef>RL1</RouteLinkRef>
        <RunTime>PT1M</RunTime>
      </JourneyPatternTimingLink>
      <JourneyPatternTimingLink id="JPTL2">
        <From SequenceNumber="2">
          <StopPointRef>5220AWK65377</StopPointRef>
          <TimingStatus>OTH</TimingStatus>
        </From>
        <To SequenceNumber="3">
          <StopPointRef>5220AWK65378</StopPointRef>
          <TimingStatus>OTH</TimingStatus>
        </To>
        <RouteLinkRef>RL2</RouteLinkRef>
        <RunTime>PT0S</RunTime>
      </JourneyPatternTimingLink>
      <JourneyPatternTimingLink id="JPTL3">
        <From SequenceNumber="3">
          <StopPointRef>5220AWK65378</StopPointRef>
          <TimingStatus>OTH</TimingStatus>
        </From>
        <To SequenceNumber="4">
          <StopPointRef>5220AWK65380</StopPointRef>
          <TimingStatus>OTH</TimingStatus>
        </To>
        <RouteLinkRef>RL3</RouteLinkRef>
        <RunTime>PT1M</RunTime>
      </JourneyPatternTimingLink>
      <JourneyPatternTimingLink id="JPTL4">
        <From SequenceNumber="4">
          <StopPointRef>5220AWK65380</StopPointRef>
          <TimingStatus>OTH</TimingStatus>
        </From>
        <To SequenceNumber="5">
          <StopPointRef>5220AWK65392</StopPointRef>
          <TimingStatus>PTP</TimingStatus>
        </To>
        <RouteLinkRef>RL4</RouteLinkRef>
        <RunTime>PT1M</RunTime>
      </JourneyPatternTimingLink>
      <JourneyPatternTimingLink id="JPTL5">
        <From SequenceNumber="5">
          <StopPointRef>5220AWK65392</StopPointRef>
          <TimingStatus>PTP</TimingStatus>
        </From>
        <To SequenceNumber="6">
          <StopPointRef>5220AWK65393</StopPointRef>
          <TimingStatus>OTH</TimingStatus>
        </To>
        <RouteLinkRef>RL5</RouteLinkRef>
        <RunTime>PT1M</RunTime>
      </JourneyPatternTimingLink>
      <JourneyPatternTimingLink id="JPTL6">
        <From SequenceNumber="6">
          <StopPointRef>5220AWK65393</StopPointRef>
          <TimingStatus>OTH</TimingStatus>
        </From>
        <To SequenceNumber="7">
          <StopPointRef>5220AWK65395</StopPointRef>
          <TimingStatus>OTH</TimingStatus>
        </To>
        <RouteLinkRef>RL6</RouteLinkRef>
        <RunTime>PT1M</RunTime>
      </JourneyPatternTimingLink>
      <JourneyPatternTimingLink id="JPTL7">
        <From SequenceNumber="7">
          <StopPointRef>5220AWK65395</StopPointRef>
          <TimingStatus>OTH</TimingStatus>
        </From>
        <To SequenceNumber="8">
          <StopPointRef>5220AWK65396</StopPointRef>
          <TimingStatus>OTH</TimingStatus>
        </To>
        <RouteLinkRef>RL7</RouteLinkRef>
        <RunTime>PT3M</RunTime>
      </JourneyPatternTimingLink>
      <JourneyPatternTimingLink id="JPTL8">
        <From SequenceNumber="8">
          <StopPointRef>5220AWK65396</StopPointRef>
          <TimingStatus>OTH</TimingStatus>
        </From>
        <To SequenceNumber="9">
          <StopPointRef>5220AWK65399</StopPointRef>
          <TimingStatus>PTP</TimingStatus>
        </To>
        <RouteLinkRef>RL8</RouteLinkRef>
        <RunTime>PT2M</RunTime>
      </JourneyPatternTimingLink>
      <JourneyPatternTimingLink id="JPTL9">
        <From SequenceNumber="9">
          <StopPointRef>5220AWK65399</StopPointRef>
          <TimingStatus>PTP</TimingStatus>
        </From>
        <To SequenceNumber="10">
          <StopPointRef>5220AWK65401</StopPointRef>
          <TimingStatus>OTH</TimingStatus>
        </To>
        <RouteLinkRef>RL9</RouteLinkRef>
        <RunTime>PT0S</RunTime>
      </JourneyPatternTimingLink>
      <JourneyPatternTimingLink id="JPTL10">
        <From SequenceNumber="10">
          <StopPointRef>5220AWK65401</StopPointRef>
          <TimingStatus>OTH</TimingStatus>
        </From>
        <To SequenceNumber="11">
          <StopPointRef>5220AWK65402</StopPointRef>
          <TimingStatus>OTH</TimingStatus>
        </To>
        <RouteLinkRef>RL10</RouteLinkRef>
        <RunTime>PT1M</RunTime>
      </JourneyPatternTimingLink>
      <JourneyPatternTimingLink id="JPTL11">
        <From SequenceNumber="11">
          <StopPointRef>5220AWK65402</StopPointRef>
          <TimingStatus>OTH</TimingStatus>
        </From>
        <To SequenceNumber="12">
          <StopPointRef>5220AWK65420</StopPointRef>
          <TimingStatus>OTH</TimingStatus>
        </To>
        <RouteLinkRef>RL11</RouteLinkRef>
        <RunTime>PT0S</RunTime>
      </JourneyPatternTimingLink>
      <JourneyPatternTimingLink id="JPTL12">
        <From SequenceNumber="12">
          <StopPointRef>5220AWK65420</StopPointRef>
          <TimingStatus>OTH</TimingStatus>
        </From>
        <To SequenceNumber="13">
          <StopPointRef>5220AWK65421</StopPointRef>
          <TimingStatus>OTH</TimingStatus>
        </To>
        <RouteLinkRef>RL12</RouteLinkRef>
        <RunTime>PT1M</RunTime>
      </JourneyPatternTimingLink>
      <JourneyPatternTimingLink id="JPTL13">
        <From SequenceNumber="13">
          <StopPointRef>5220AWK65421</StopPointRef>
          <TimingStatus>OTH</TimingStatus>
        </From>
        <To SequenceNumber="14">
          <StopPointRef>5220AWK65429</StopPointRef>
          <TimingStatus>PTP</TimingStatus>
        </To>
        <RouteLinkRef>RL13</RouteLinkRef>
        <RunTime>PT1M</RunTime>
      </JourneyPatternTimingLink>
    </JourneyPatternSection>
    <JourneyPatternSection id="JPS2">
      <JourneyPatternTimingLink id="JPTL14">
        <From SequenceNumber="15">
          <StopPointRef>5220AWK65571</StopPointRef>
          <TimingStatus>PTP</TimingStatus>
        </From>
        <To SequenceNumber="16">
          <StopPointRef>5220AWK65573</StopPointRef>
          <TimingStatus>PTP</TimingStatus>
        </To>
        <RouteLinkRef>RL14</RouteLinkRef>
        <RunTime>PT2M</RunTime>
      </JourneyPatternTimingLink>
      <JourneyPatternTimingLink id="JPTL15">
        <From SequenceNumber="16">
          <StopPointRef>5220AWK65573</StopPointRef>
          <TimingStatus>PTP</TimingStatus>
        </From>
        <To SequenceNumber="17">
          <StopPointRef>5220CMX16620</StopPointRef>
          <TimingStatus>PTP</TimingStatus>
        </To>
        <RouteLinkRef>RL15</RouteLinkRef>
        <RunTime>PT3M</RunTime>
      </JourneyPatternTimingLink>
      <JourneyPatternTimingLink id="JPTL16">
        <From SequenceNumber="17">
          <StopPointRef>5220CMX16620</StopPointRef>
          <TimingStatus>PTP</TimingStatus>
        </From>
        <To SequenceNumber="18">
          <StopPointRef>5220AWK65537</StopPointRef>
          <TimingStatus>OTH</TimingStatus>
        </To>
        <RouteLinkRef>RL16</RouteLinkRef>
        <RunTime>PT0S</RunTime>
      </JourneyPatternTimingLink>
      <JourneyPatternTimingLink id="JPTL17">
        <From SequenceNumber="18">
          <StopPointRef>5220AWK65537</StopPointRef>
          <TimingStatus>OTH</TimingStatus>
        </From>
        <To SequenceNumber="19">
          <StopPointRef>5220AWK65534</StopPointRef>
          <TimingStatus>OTH</TimingStatus>
        </To>
        <RouteLinkRef>RL17</RouteLinkRef>
        <RunTime>PT1M</RunTime>
      </JourneyPatternTimingLink>
      <JourneyPatternTimingLink id="JPTL18">
        <From SequenceNumber="19">
          <StopPointRef>5220AWK65534</StopPointRef>
          <TimingStatus>OTH</TimingStatus>
        </From>
        <To SequenceNumber="20">
          <StopPointRef>5220AWK65532</StopPointRef>
          <TimingStatus>PTP</TimingStatus>
        </To>
        <RouteLinkRef>RL18</RouteLinkRef>
        <RunTime>PT1M</RunTime>
      </JourneyPatternTimingLink>
      <JourneyPatternTimingLink id="JPTL19">
        <From SequenceNumber="20">
          <StopPointRef>5220AWK65532</StopPointRef>
          <TimingStatus>PTP</TimingStatus>
        </From>
        <To SequenceNumber="21">
          <StopPointRef>5220CMX16625</StopPointRef>
          <TimingStatus>OTH</TimingStatus>
        </To>
        <RouteLinkRef>RL19</RouteLinkRef>
        <RunTime>PT0S</RunTime>
      </JourneyPatternTimingLink>
      <JourneyPatternTimingLink id="JPTL20">
        <From SequenceNumber="21">
          <StopPointRef>5220CMX16625</StopPointRef>
          <TimingStatus>OTH</TimingStatus>
        </From>
        <To SequenceNumber="22">
          <StopPointRef>5220CMX16627</StopPointRef>
          <TimingStatus>OTH</TimingStatus>
        </To>
        <RouteLinkRef>RL20</RouteLinkRef>
        <RunTime>PT1M</RunTime>
      </JourneyPatternTimingLink>
      <JourneyPatternTimingLink id="JPTL21">
        <From SequenceNumber="22">
          <StopPointRef>5220CMX16627</StopPointRef>
          <TimingStatus>OTH</TimingStatus>
        </From>
        <To SequenceNumber="23">
          <StopPointRef>5220WDB47963</StopPointRef>
          <TimingStatus>PTP</TimingStatus>
        </To>
        <RouteLinkRef>RL21</RouteLinkRef>
        <RunTime>PT2M</RunTime>
      </JourneyPatternTimingLink>
      <JourneyPatternTimingLink id="JPTL22">
        <From SequenceNumber="23">
          <StopPointRef>5220WDB47963</StopPointRef>
          <TimingStatus>PTP</TimingStatus>
        </From>
        <To SequenceNumber="24">
          <StopPointRef>5220WDB48531</StopPointRef>
          <TimingStatus>OTH</TimingStatus>
        </To>
        <RouteLinkRef>RL22</RouteLinkRef>
        <RunTime>PT2M</RunTime>
      </JourneyPatternTimingLink>
      <JourneyPatternTimingLink id="JPTL23">
        <From SequenceNumber="24">
          <StopPointRef>5220WDB48531</StopPointRef>
          <TimingStatus>OTH</TimingStatus>
        </From>
        <To SequenceNumber="25">
          <StopPointRef>5220CMX16616</StopPointRef>
          <TimingStatus>PTP</TimingStatus>
        </To>
        <RouteLinkRef>RL23</RouteLinkRef>
        <RunTime>PT4M</RunTime>
      </JourneyPatternTimingLink>
    </JourneyPatternSection>
    <JourneyPatternSection id="JPS3">
      <JourneyPatternTimingLink id="JPTL24">
        <From SequenceNumber="13">
          <StopPointRef>5220AWK65429</StopPointRef>
          <TimingStatus>PTP</TimingStatus>
        </From>
        <To SequenceNumber="14">
          <StopPointRef>5220AWK65404</StopPointRef>
          <TimingStatus>OTH</TimingStatus>
        </To>
        <RouteLinkRef>RL24</RouteLinkRef>
        <RunTime>PT1M</RunTime>
      </JourneyPatternTimingLink>
      <JourneyPatternTimingLink id="JPTL25">
        <From SequenceNumber="14">
          <StopPointRef>5220AWK65404</StopPointRef>
          <TimingStatus>OTH</TimingStatus>
        </From>
        <To SequenceNumber="15">
          <StopPointRef>5220AWK65403</StopPointRef>
          <TimingStatus>OTH</TimingStatus>
        </To>
        <RouteLinkRef>RL25</RouteLinkRef>
        <RunTime>PT0S</RunTime>
      </JourneyPatternTimingLink>
      <JourneyPatternTimingLink id="JPTL26">
        <From SequenceNumber="15">
          <StopPointRef>5220AWK65403</StopPointRef>
          <TimingStatus>OTH</TimingStatus>
        </From>
        <To SequenceNumber="16">
          <StopPointRef>5220AWK65400</StopPointRef>
          <TimingStatus>OTH</TimingStatus>
        </To>
        <RouteLinkRef>RL26</RouteLinkRef>
        <RunTime>PT2M</RunTime>
      </JourneyPatternTimingLink>
      <JourneyPatternTimingLink id="JPTL27">
        <From SequenceNumber="16">
          <StopPointRef>5220AWK65400</StopPointRef>
          <TimingStatus>OTH</TimingStatus>
        </From>
        <To SequenceNumber="17">
          <StopPointRef>5220AWK65398</StopPointRef>
          <TimingStatus>PTP</TimingStatus>
        </To>
        <RouteLinkRef>RL27</RouteLinkRef>
        <RunTime>PT1M</RunTime>
      </JourneyPatternTimingLink>
      <JourneyPatternTimingLink id="JPTL28">
        <From SequenceNumber="17">
          <StopPointRef>5220AWK65398</StopPointRef>
          <TimingStatus>PTP</TimingStatus>
        </From>
        <To SequenceNumber="18">
          <StopPointRef>5220AWK65397</StopPointRef>
          <TimingStatus>OTH</TimingStatus>
        </To>
        <RouteLinkRef>RL28</RouteLinkRef>
        <RunTime>PT0S</RunTime>
      </JourneyPatternTimingLink>
      <JourneyPatternTimingLink id="JPTL29">
        <From SequenceNumber="18">
          <StopPointRef>5220AWK65397</StopPointRef>
          <TimingStatus>OTH</TimingStatus>
        </From>
        <To SequenceNumber="19">
          <StopPointRef>5220WDB47972</StopPointRef>
          <TimingStatus>OTH</TimingStatus>
        </To>
        <RouteLinkRef>RL29</RouteLinkRef>
        <RunTime>PT1M</RunTime>
      </JourneyPatternTimingLink>
      <JourneyPatternTimingLink id="JPTL30">
        <From SequenceNumber="19">
          <StopPointRef>5220WDB47972</StopPointRef>
          <TimingStatus>OTH</TimingStatus>
        </From>
        <To SequenceNumber="20">
          <StopPointRef>5220AWK65394</StopPointRef>
          <TimingStatus>OTH</TimingStatus>
        </To>
        <RouteLinkRef>RL30</RouteLinkRef>
        <RunTime>PT1M</RunTime>
      </JourneyPatternTimingLink>
      <JourneyPatternTimingLink id="JPTL31">
        <From SequenceNumber="20">
          <StopPointRef>5220AWK65394</StopPointRef>
          <TimingStatus>OTH</TimingStatus>
        </From>
        <To SequenceNumber="21">
          <StopPointRef>5220AWK65382</StopPointRef>
          <TimingStatus>PTP</TimingStatus>
        </To>
        <RouteLinkRef>RL31</RouteLinkRef>
        <RunTime>PT1M</RunTime>
      </JourneyPatternTimingLink>
      <JourneyPatternTimingLink id="JPTL32">
        <From SequenceNumber="21">
          <StopPointRef>5220AWK65382</StopPointRef>
          <TimingStatus>PTP</TimingStatus>
        </From>
        <To SequenceNumber="22">
          <StopPointRef>5220AWK65381</StopPointRef>
          <TimingStatus>OTH</TimingStatus>
        </To>
        <RouteLinkRef>RL32</RouteLinkRef>
        <RunTime>PT0S</RunTime>
      </JourneyPatternTimingLink>
      <JourneyPatternTimingLink id="JPTL33">
        <From SequenceNumber="22">
          <StopPointRef>5220AWK65381</StopPointRef>
          <TimingStatus>OTH</TimingStatus>
        </From>
        <To SequenceNumber="23">
          <StopPointRef>5220AWK65379</StopPointRef>
          <TimingStatus>OTH</TimingStatus>
        </To>
        <RouteLinkRef>RL33</RouteLinkRef>
        <RunTime>PT1M</RunTime>
      </JourneyPatternTimingLink>
      <JourneyPatternTimingLink id="JPTL34">
        <From SequenceNumber="23">
          <StopPointRef>5220AWK65379</StopPointRef>
          <TimingStatus>OTH</TimingStatus>
        </From>
        <To SequenceNumber="24">
          <StopPointRef>5220AWK65376</StopPointRef>
          <TimingStatus>OTH</TimingStatus>
        </To>
        <RouteLinkRef>RL34</RouteLinkRef>
        <RunTime>PT1M</RunTime>
      </JourneyPatternTimingLink>
      <JourneyPatternTimingLink id="JPTL35">
        <From SequenceNumber="24">
          <StopPointRef>5220AWK65376</StopPointRef>
          <TimingStatus>OTH</TimingStatus>
        </From>
        <To SequenceNumber="25">
          <StopPointRef>5220AWK65375</StopPointRef>
          <TimingStatus>PTP</TimingStatus>
        </To>
        <RouteLinkRef>RL35</RouteLinkRef>
        <RunTime>PT1M</RunTime>
      </JourneyPatternTimingLink>
    </JourneyPatternSection>
    <JourneyPatternSection id="JPS4">
      <JourneyPatternTimingLink id="JPTL36">
        <From SequenceNumber="13">
          <StopPointRef>5220AWK65429</StopPointRef>
          <TimingStatus>PTP</TimingStatus>
        </From>
        <To SequenceNumber="14">
          <StopPointRef>5220AWK65404</StopPointRef>
          <TimingStatus>OTH</TimingStatus>
        </To>
        <RouteLinkRef>RL24</RouteLinkRef>
        <RunTime>PT1M</RunTime>
      </JourneyPatternTimingLink>
      <JourneyPatternTimingLink id="JPTL37">
        <From SequenceNumber="14">
          <StopPointRef>5220AWK65404</StopPointRef>
          <TimingStatus>OTH</TimingStatus>
        </From>
        <To SequenceNumber="15">
          <StopPointRef>5220AWK65403</StopPointRef>
          <TimingStatus>OTH</TimingStatus>
        </To>
        <RouteLinkRef>RL25</RouteLinkRef>
        <RunTime>PT0S</RunTime>
      </JourneyPatternTimingLink>
      <JourneyPatternTimingLink id="JPTL38">
        <From SequenceNumber="15">
          <StopPointRef>5220AWK65403</StopPointRef>
          <TimingStatus>OTH</TimingStatus>
        </From>
        <To SequenceNumber="16">
          <StopPointRef>5220AWK65400</StopPointRef>
          <TimingStatus>OTH</TimingStatus>
        </To>
        <RouteLinkRef>RL26</RouteLinkRef>
        <RunTime>PT2M</RunTime>
      </JourneyPatternTimingLink>
      <JourneyPatternTimingLink id="JPTL39">
        <From SequenceNumber="16">
          <StopPointRef>5220AWK65400</StopPointRef>
          <TimingStatus>OTH</TimingStatus>
        </From>
        <To SequenceNumber="17">
          <StopPointRef>5220AWK65398</StopPointRef>
          <TimingStatus>PTP</TimingStatus>
        </To>
        <RouteLinkRef>RL27</RouteLinkRef>
        <RunTime>PT1M</RunTime>
      </JourneyPatternTimingLink>
      <JourneyPatternTimingLink id="JPTL40">
        <From SequenceNumber="17">
          <StopPointRef>5220AWK65398</StopPointRef>
          <TimingStatus>PTP</TimingStatus>
        </From>
        <To SequenceNumber="18">
          <StopPointRef>5220AWK65397</StopPointRef>
          <TimingStatus>OTH</TimingStatus>
        </To>
        <RouteLinkRef>RL28</RouteLinkRef>
        <RunTime>PT0S</RunTime>
      </JourneyPatternTimingLink>
      <JourneyPatternTimingLink id="JPTL41">
        <From SequenceNumber="18">
          <StopPointRef>5220AWK65397</StopPointRef>
          <TimingStatus>OTH</TimingStatus>
        </From>
        <To SequenceNumber="19">
          <StopPointRef>5220WDB47972</StopPointRef>
          <TimingStatus>OTH</TimingStatus>
        </To>
        <RouteLinkRef>RL29</RouteLinkRef>
        <RunTime>PT1M</RunTime>
      </JourneyPatternTimingLink>
      <JourneyPatternTimingLink id="JPTL42">
        <From SequenceNumber="19">
          <StopPointRef>5220WDB47972</StopPointRef>
          <TimingStatus>OTH</TimingStatus>
        </From>
        <To SequenceNumber="20">
          <StopPointRef>5220AWK65394</StopPointRef>
          <TimingStatus>OTH</TimingStatus>
        </To>
        <RouteLinkRef>RL30</RouteLinkRef>
        <RunTime>PT0S</RunTime>
      </JourneyPatternTimingLink>
      <JourneyPatternTimingLink id="JPTL43">
        <From SequenceNumber="20">
          <StopPointRef>5220AWK65394</StopPointRef>
          <TimingStatus>OTH</TimingStatus>
        </From>
        <To SequenceNumber="21">
          <StopPointRef>5220AWK65382</StopPointRef>
          <TimingStatus>PTP</TimingStatus>
        </To>
        <RouteLinkRef>RL31</RouteLinkRef>
        <RunTime>PT1M</RunTime>
      </JourneyPatternTimingLink>
      <JourneyPatternTimingLink id="JPTL44">
        <From SequenceNumber="21">
          <StopPointRef>5220AWK65382</StopPointRef>
          <TimingStatus>PTP</TimingStatus>
        </From>
        <To SequenceNumber="22">
          <StopPointRef>5220AWK65381</StopPointRef>
          <TimingStatus>OTH</TimingStatus>
        </To>
        <RouteLinkRef>RL32</RouteLinkRef>
        <RunTime>PT0S</RunTime>
      </JourneyPatternTimingLink>
      <JourneyPatternTimingLink id="JPTL45">
        <From SequenceNumber="22">
          <StopPointRef>5220AWK65381</StopPointRef>
          <TimingStatus>OTH</TimingStatus>
        </From>
        <To SequenceNumber="23">
          <StopPointRef>5220AWK65379</StopPointRef>
          <TimingStatus>OTH</TimingStatus>
        </To>
        <RouteLinkRef>RL33</RouteLinkRef>
        <RunTime>PT0S</RunTime>
      </JourneyPatternTimingLink>
      <JourneyPatternTimingLink id="JPTL46">
        <From SequenceNumber="23">
          <StopPointRef>5220AWK65379</StopPointRef>
          <TimingStatus>OTH</TimingStatus>
        </From>
        <To SequenceNumber="24">
          <StopPointRef>5220AWK65376</StopPointRef>
          <TimingStatus>OTH</TimingStatus>
        </To>
        <RouteLinkRef>RL34</RouteLinkRef>
        <RunTime>PT1M</RunTime>
      </JourneyPatternTimingLink>
      <JourneyPatternTimingLink id="JPTL47">
        <From SequenceNumber="24">
          <StopPointRef>5220AWK65376</StopPointRef>
          <TimingStatus>OTH</TimingStatus>
        </From>
        <To SequenceNumber="25">
          <StopPointRef>5220AWK65375</StopPointRef>
          <TimingStatus>PTP</TimingStatus>
        </To>
        <RouteLinkRef>RL35</RouteLinkRef>
        <RunTime>PT1M</RunTime>
      </JourneyPatternTimingLink>
    </JourneyPatternSection>
    <JourneyPatternSection id="JPS5">
      <JourneyPatternTimingLink id="JPTL48">
        <From SequenceNumber="1">
          <StopPointRef>5220CMX16617</StopPointRef>
          <TimingStatus>PTP</TimingStatus>
        </From>
        <To SequenceNumber="2">
          <StopPointRef>5220WDB48535</StopPointRef>
          <TimingStatus>OTH</TimingStatus>
        </To>
        <RouteLinkRef>RL36</RouteLinkRef>
        <RunTime>PT1M</RunTime>
      </JourneyPatternTimingLink>
      <JourneyPatternTimingLink id="JPTL49">
        <From SequenceNumber="2">
          <StopPointRef>5220WDB48535</StopPointRef>
          <TimingStatus>OTH</TimingStatus>
        </From>
        <To SequenceNumber="3">
          <StopPointRef>5220CMX16618</StopPointRef>
          <TimingStatus>OTH</TimingStatus>
        </To>
        <RouteLinkRef>RL37</RouteLinkRef>
        <RunTime>PT1M</RunTime>
      </JourneyPatternTimingLink>
      <JourneyPatternTimingLink id="JPTL50">
        <From SequenceNumber="3">
          <StopPointRef>5220CMX16618</StopPointRef>
          <TimingStatus>OTH</TimingStatus>
        </From>
        <To SequenceNumber="4">
          <StopPointRef>5220CMX16730</StopPointRef>
          <TimingStatus>PTP</TimingStatus>
        </To>
        <RouteLinkRef>RL38</RouteLinkRef>
        <RunTime>PT1M</RunTime>
      </JourneyPatternTimingLink>
      <JourneyPatternTimingLink id="JPTL51">
        <From SequenceNumber="4">
          <StopPointRef>5220CMX16730</StopPointRef>
          <TimingStatus>PTP</TimingStatus>
        </From>
        <To SequenceNumber="5">
          <StopPointRef>5220CMX16626</StopPointRef>
          <TimingStatus>OTH</TimingStatus>
        </To>
        <RouteLinkRef>RL39</RouteLinkRef>
        <RunTime>PT0S</RunTime>
      </JourneyPatternTimingLink>
      <JourneyPatternTimingLink id="JPTL52">
        <From SequenceNumber="5">
          <StopPointRef>5220CMX16626</StopPointRef>
          <TimingStatus>OTH</TimingStatus>
        </From>
        <To SequenceNumber="6">
          <StopPointRef>5220CMX16629</StopPointRef>
          <TimingStatus>OTH</TimingStatus>
        </To>
        <RouteLinkRef>RL40</RouteLinkRef>
        <RunTime>PT1M</RunTime>
      </JourneyPatternTimingLink>
      <JourneyPatternTimingLink id="JPTL53">
        <From SequenceNumber="6">
          <StopPointRef>5220CMX16629</StopPointRef>
          <TimingStatus>OTH</TimingStatus>
        </From>
        <To SequenceNumber="7">
          <StopPointRef>5220AWK65533</StopPointRef>
          <TimingStatus>PTP</TimingStatus>
        </To>
        <RouteLinkRef>RL41</RouteLinkRef>
        <RunTime>PT1M</RunTime>
      </JourneyPatternTimingLink>
      <JourneyPatternTimingLink id="JPTL54">
        <From SequenceNumber="7">
          <StopPointRef>5220AWK65533</StopPointRef>
          <TimingStatus>PTP</TimingStatus>
        </From>
        <To SequenceNumber="8">
          <StopPointRef>5220AWK65535</StopPointRef>
          <TimingStatus>OTH</TimingStatus>
        </To>
        <RouteLinkRef>RL42</RouteLinkRef>
        <RunTime>PT0S</RunTime>
      </JourneyPatternTimingLink>
      <JourneyPatternTimingLink id="JPTL55">
        <From SequenceNumber="8">
          <StopPointRef>5220AWK65535</StopPointRef>
          <TimingStatus>OTH</TimingStatus>
        </From>
        <To SequenceNumber="9">
          <StopPointRef>5220AWK65536</StopPointRef>
          <TimingStatus>OTH</TimingStatus>
        </To>
        <RouteLinkRef>RL43</RouteLinkRef>
        <RunTime>PT1M</RunTime>
      </JourneyPatternTimingLink>
      <JourneyPatternTimingLink id="JPTL56">
        <From SequenceNumber="9">
          <StopPointRef>5220AWK65536</StopPointRef>
          <TimingStatus>OTH</TimingStatus>
        </From>
        <To SequenceNumber="10">
          <StopPointRef>5220AWK65523</StopPointRef>
          <TimingStatus>PTP</TimingStatus>
        </To>
        <RouteLinkRef>RL44</RouteLinkRef>
        <RunTime>PT1M</RunTime>
      </JourneyPatternTimingLink>
      <JourneyPatternTimingLink id="JPTL57">
        <From SequenceNumber="10">
          <StopPointRef>5220AWK65523</StopPointRef>
          <TimingStatus>PTP</TimingStatus>
        </From>
        <To SequenceNumber="11">
          <StopPointRef>5220AWK65572</StopPointRef>
          <TimingStatus>OTH</TimingStatus>
        </To>
        <RouteLinkRef>RL45</RouteLinkRef>
        <RunTime>PT2M</RunTime>
      </JourneyPatternTimingLink>
      <JourneyPatternTimingLink id="JPTL58">
        <From SequenceNumber="11">
          <StopPointRef>5220AWK65572</StopPointRef>
          <TimingStatus>OTH</TimingStatus>
        </From>
        <To SequenceNumber="12">
          <StopPointRef>5220AWK65570</StopPointRef>
          <TimingStatus>PTP</TimingStatus>
        </To>
        <RouteLinkRef>RL46</RouteLinkRef>
        <RunTime>PT1M</RunTime>
      </JourneyPatternTimingLink>
    </JourneyPatternSection>
  </JourneyPatternSections>
  <Operators>
    <Operator id="O1">
      <NationalOperatorCode>DCOL</NationalOperatorCode>
      <OperatorCode>DCOL</OperatorCode>
      <OperatorShortName>Davies Coaches Llanelli</OperatorShortName>
    </Operator>
  </Operators>
  <Services>
    <Service>
      <ServiceCode>CMBG014</ServiceCode>
      <PrivateCode>CMBG014</PrivateCode>
      <Lines>
        <Line id="SL1">
          <LineName>G14</LineName>
        </Line>
      </Lines>
      <OperatingPeriod>
        <StartDate>2014-10-12</StartDate>
      </OperatingPeriod>
      <OperatingProfile>
        <RegularDayType>
          <DaysOfWeek>
            <MondayToFriday />
          </DaysOfWeek>
        </RegularDayType>
      </OperatingProfile>
      <RegisteredOperatorRef>O1</RegisteredOperatorRef>
      <StopRequirements>
        <NoNewStopsRequired />
      </StopRequirements>
      <Mode>bus</Mode>
      <Description>Tycroes - Ysgol Maes Yr Yrfa  </Description>
      <StandardService>
        <Origin>Tycroes</Origin>
        <Destination>Ysgol Maes Yr Yrfa</Destination>
        <JourneyPattern id="JP1">
          <DestinationDisplay>Ammanford Bus Station</DestinationDisplay>
          <Direction>outbound</Direction>
          <RouteRef>RT1</RouteRef>
          <JourneyPatternSectionRefs>JPS1</JourneyPatternSectionRefs>
        </JourneyPattern>
        <JourneyPattern id="JP2">
          <DestinationDisplay>Ysgol Maes Yr Yrfa</DestinationDisplay>
          <Direction>outbound</Direction>
          <RouteRef>RT2</RouteRef>
          <JourneyPatternSectionRefs>JPS2</JourneyPatternSectionRefs>
        </JourneyPattern>
        <JourneyPattern id="JP3">
          <DestinationDisplay>Coopers</DestinationDisplay>
          <Direction>inbound</Direction>
          <RouteRef>RT3</RouteRef>
          <JourneyPatternSectionRefs>JPS3</JourneyPatternSectionRefs>
        </JourneyPattern>
        <JourneyPattern id="JP4">
          <DestinationDisplay>Coopers</DestinationDisplay>
          <Direction>inbound</Direction>
          <RouteRef>RT3</RouteRef>
          <JourneyPatternSectionRefs>JPS4</JourneyPatternSectionRefs>
        </JourneyPattern>
        <JourneyPattern id="JP5">
          <DestinationDisplay>Blaenau</DestinationDisplay>
          <Direction>inbound</Direction>
          <RouteRef>RT4</RouteRef>
          <JourneyPatternSectionRefs>JPS5</JourneyPatternSectionRefs>
        </JourneyPattern>
      </StandardService>
    </Service>
  </Services>
  <VehicleJourneys>
    <VehicleJourney SequenceNumber="1">
      <PrivateCode>G14MFDCA1:O:1</PrivateCode>
      <OperatingProfile>
        <RegularDayType>
          <DaysOfWeek>
            <MondayToFriday />
          </DaysOfWeek>
        </RegularDayType>
        <ServicedOrganisationDayType>
          <DaysOfOperation>
            <WorkingDays>
              <ServicedOrganisationRef>SDA</ServicedOrganisationRef>
            </WorkingDays>
          </DaysOfOperation>
        </ServicedOrganisationDayType>
        <BankHolidayOperation>
          <DaysOfNonOperation>
            <HolidayMondays />
          </DaysOfNonOperation>
        </BankHolidayOperation>
      </OperatingProfile>
      <VehicleJourneyCode>VJ1</VehicleJourneyCode>
      <ServiceRef>CMBG014</ServiceRef>
      <LineRef>SL1</LineRef>
      <JourneyPatternRef>JP1</JourneyPatternRef>
      <DepartureTime>07:50:00</DepartureTime>
    </VehicleJourney>
    <VehicleJourney SequenceNumber="2">
      <PrivateCode>G14MFDCA1:O:2</PrivateCode>
      <OperatingProfile>
        <RegularDayType>
          <DaysOfWeek>
            <MondayToFriday />
          </DaysOfWeek>
        </RegularDayType>
        <ServicedOrganisationDayType>
          <DaysOfOperation>
            <WorkingDays>
              <ServicedOrganisationRef>SDA</ServicedOrganisationRef>
            </WorkingDays>
          </DaysOfOperation>
        </ServicedOrganisationDayType>
        <BankHolidayOperation>
          <DaysOfNonOperation>
            <HolidayMondays />
          </DaysOfNonOperation>
        </BankHolidayOperation>
      </OperatingProfile>
      <VehicleJourneyCode>VJ2</VehicleJourneyCode>
      <ServiceRef>CMBG014</ServiceRef>
      <LineRef>SL1</LineRef>
      <JourneyPatternRef>JP2</JourneyPatternRef>
      <DepartureTime>08:17:00</DepartureTime>
    </VehicleJourney>
    <VehicleJourney SequenceNumber="1">
      <PrivateCode>G14MFDCA1:I:1</PrivateCode>
      <OperatingProfile>
        <RegularDayType>
          <DaysOfWeek>
            <MondayToFriday />
          </DaysOfWeek>
        </RegularDayType>
        <ServicedOrganisationDayType>
          <DaysOfOperation>
            <WorkingDays>
              <ServicedOrganisationRef>SDA</ServicedOrganisationRef>
            </WorkingDays>
          </DaysOfOperation>
        </ServicedOrganisationDayType>
        <BankHolidayOperation>
          <DaysOfNonOperation>
            <HolidayMondays />
          </DaysOfNonOperation>
        </BankHolidayOperation>
      </OperatingProfile>
      <VehicleJourneyCode>VJ4</VehicleJourneyCode>
      <ServiceRef>CMBG014</ServiceRef>
      <LineRef>SL1</LineRef>
      <JourneyPatternRef>JP4</JourneyPatternRef>
      <DepartureTime>15:20:00</DepartureTime>
    </VehicleJourney>
    <VehicleJourney SequenceNumber="2">
      <PrivateCode>G14MFDCA1:I:2</PrivateCode>
      <OperatingProfile>
        <RegularDayType>
          <DaysOfWeek>
            <MondayToFriday />
          </DaysOfWeek>
        </RegularDayType>
        <ServicedOrganisationDayType>
          <DaysOfOperation>
            <WorkingDays>
              <ServicedOrganisationRef>SDA</ServicedOrganisationRef>
            </WorkingDays>
          </DaysOfOperation>
        </ServicedOrganisationDayType>
        <BankHolidayOperation>
          <DaysOfNonOperation>
            <HolidayMondays />
          </DaysOfNonOperation>
        </BankHolidayOperation>
      </OperatingProfile>
      <VehicleJourneyCode>VJ5</VehicleJourneyCode>
      <ServiceRef>CMBG014</ServiceRef>
      <LineRef>SL1</LineRef>
      <JourneyPatternRef>JP5</JourneyPatternRef>
      <DepartureTime>15:40:00</DepartureTime>
    </VehicleJourney>
    <VehicleJourney SequenceNumber="3">
      <PrivateCode>G14MFDCA1:I:3</PrivateCode>
      <OperatingProfile>
        <RegularDayType>
          <DaysOfWeek>
            <MondayToFriday />
          </DaysOfWeek>
        </RegularDayType>
        <ServicedOrganisationDayType>
          <DaysOfOperation>
            <WorkingDays>
              <ServicedOrganisationRef>SDA</ServicedOrganisationRef>
            </WorkingDays>
          </DaysOfOperation>
        </ServicedOrganisationDayType>
        <BankHolidayOperation>
          <DaysOfNonOperation>
            <HolidayMondays />
          </DaysOfNonOperation>
        </BankHolidayOperation>
      </OperatingProfile>
      <VehicleJourneyCode>VJ3</VehicleJourneyCode>
      <ServiceRef>CMBG014</ServiceRef>
      <LineRef>SL1</LineRef>
      <JourneyPatternRef>JP3</JourneyPatternRef>
      <DepartureTime>16:02:00</DepartureTime>
    </VehicleJourney>
  </VehicleJourneys>
</TransXChange>