<?xml version="1.0" encoding="utf-8"?>
<TransXChange xmlns:xsd="http://www.w3.org/2001/XMLSchema" xmlns:xsi="http://www.w3.org/2001/XMLSchema-instance" xsi:schemaLocation="http://www.transxchange.org.uk/ http://www.transxchange.org.uk/schema/2.1/TransXChange_general.xsd" CreationDateTime="2017-09-25T12:59:03" ModificationDateTime="2017-09-25T12:59:03" Modification="revise" RevisionNumber="1" FileName="DaviesCoachesLtdL20-Llangennech-Bryngwyn1_TXC_2017925-1259_CMAL020.xml" SchemaVersion="2.1" RegistrationDocument="false" xmlns="http://www.transxchange.org.uk/">
  <ServicedOrganisations>
    <ServicedOrganisation>
      <OrganisationCode>SDA</OrganisationCode>
      <Name>Carmarthenshire</Name>
      <WorkingDays>
        <DateRange>
          <StartDate>2016-04-11</StartDate>
          <EndDate>2016-05-28</EndDate>
        </DateRange>
        <DateRange>
          <StartDate>2016-06-05</StartDate>
          <EndDate>2016-07-20</EndDate>
        </DateRange>
        <DateRange>
          <StartDate>2016-09-05</StartDate>
          <EndDate>2016-10-23</EndDate>
        </DateRange>
        <DateRange>
          <StartDate>2016-10-31</StartDate>
          <EndDate>2016-12-17</EndDate>
        </DateRange>
        <DateRange>
          <StartDate>2017-01-03</StartDate>
          <EndDate>2017-02-18</EndDate>
        </DateRange>
        <DateRange>
          <StartDate>2017-02-27</StartDate>
          <EndDate>2017-04-08</EndDate>
        </DateRange>
        <DateRange>
          <StartDate>2017-04-25</StartDate>
          <EndDate>2017-05-27</EndDate>
        </DateRange>
        <DateRange>
          <StartDate>2017-06-05</StartDate>
          <EndDate>2017-07-22</EndDate>
        </DateRange>
        <DateRange>
          <StartDate>2017-09-05</StartDate>
          <EndDate>2017-10-27</EndDate>
        </DateRange>
        <DateRange>
          <StartDate>2017-11-06</StartDate>
          <EndDate>2017-12-22</EndDate>
        </DateRange>
        <DateRange>
          <StartDate>2018-01-08</StartDate>
          <EndDate>2018-02-16</EndDate>
        </DateRange>
        <DateRange>
          <StartDate>2018-02-26</StartDate>
          <EndDate>2018-03-29</EndDate>
        </DateRange>
        <DateRange>
          <StartDate>2018-04-17</StartDate>
          <EndDate>2018-05-25</EndDate>
        </DateRange>
        <DateRange>
          <StartDate>2018-06-04</StartDate>
          <EndDate>2018-07-24</EndDate>
        </DateRange>
        <DateRange>
          <StartDate>2018-09-03</StartDate>
          <EndDate>2018-10-19</EndDate>
        </DateRange>
      </WorkingDays>
    </ServicedOrganisation>
  </ServicedOrganisations>
  <StopPoints>
    <AnnotatedStopPointRef>
      <StopPointRef>5220CMA01564</StopPointRef>
      <CommonName>Llangennech (Maesydderwen)</CommonName>
    </AnnotatedStopPointRef>
    <AnnotatedStopPointRef>
      <StopPointRef>5220WDB47865</StopPointRef>
      <CommonName>Llangennech (Parc Morlais)</CommonName>
    </AnnotatedStopPointRef>
    <AnnotatedStopPointRef>
      <StopPointRef>5220WDB47866</StopPointRef>
      <CommonName>Llangennech (Heol Afon/Afon Road) Co-op</CommonName>
    </AnnotatedStopPointRef>
    <AnnotatedStopPointRef>
      <StopPointRef>5220CMA01566</StopPointRef>
      <CommonName>Old Bridge</CommonName>
    </AnnotatedStopPointRef>
    <AnnotatedStopPointRef>
      <StopPointRef>5220WDB47867</StopPointRef>
      <CommonName>Ty Plas Isaf</CommonName>
    </AnnotatedStopPointRef>
    <AnnotatedStopPointRef>
      <StopPointRef>5220WDB47868</StopPointRef>
      <CommonName>Heol Plas Isaf</CommonName>
    </AnnotatedStopPointRef>
    <AnnotatedStopPointRef>
      <StopPointRef>5220CMA01568</StopPointRef>
      <CommonName>Llangennech (Heol Hendre/Hendre Road)</CommonName>
    </AnnotatedStopPointRef>
    <AnnotatedStopPointRef>
      <StopPointRef>5220WDB47869</StopPointRef>
      <CommonName>Cleviston Park</CommonName>
    </AnnotatedStopPointRef>
    <AnnotatedStopPointRef>
      <StopPointRef>5220CMA01570</StopPointRef>
      <CommonName>Swindon</CommonName>
    </AnnotatedStopPointRef>
    <AnnotatedStopPointRef>
      <StopPointRef>5220WDB47870</StopPointRef>
      <CommonName>Cafe</CommonName>
    </AnnotatedStopPointRef>
    <AnnotatedStopPointRef>
      <StopPointRef>5220CMX16890</StopPointRef>
      <CommonName>Bryn (Royal Oak)</CommonName>
    </AnnotatedStopPointRef>
    <AnnotatedStopPointRef>
      <StopPointRef>5220WDB47871</StopPointRef>
      <CommonName>School</CommonName>
    </AnnotatedStopPointRef>
    <AnnotatedStopPointRef>
      <StopPointRef>5220AWG60469</StopPointRef>
      <CommonName>Eiddil</CommonName>
    </AnnotatedStopPointRef>
    <AnnotatedStopPointRef>
      <StopPointRef>5220AWG60467</StopPointRef>
      <CommonName>Dylan (lloches/shelter)</CommonName>
    </AnnotatedStopPointRef>
    <AnnotatedStopPointRef>
      <StopPointRef>5220AWG60464</StopPointRef>
      <CommonName>Gospel Hall</CommonName>
    </AnnotatedStopPointRef>
    <AnnotatedStopPointRef>
      <StopPointRef>5220AWG60463</StopPointRef>
      <CommonName>Heol Elfed</CommonName>
    </AnnotatedStopPointRef>
    <AnnotatedStopPointRef>
      <StopPointRef>5220AWG60460</StopPointRef>
      <CommonName>Llys Caradog</CommonName>
    </AnnotatedStopPointRef>
    <AnnotatedStopPointRef>
      <StopPointRef>5220CMX16889</StopPointRef>
      <CommonName>Lon Ceiriog East</CommonName>
    </AnnotatedStopPointRef>
    <AnnotatedStopPointRef>
      <StopPointRef>5220AWG60458</StopPointRef>
      <CommonName>Dwyfor (Lon Ceiriog)</CommonName>
    </AnnotatedStopPointRef>
    <AnnotatedStopPointRef>
      <StopPointRef>5220AWG60457</StopPointRef>
      <CommonName>Dwyfor</CommonName>
    </AnnotatedStopPointRef>
    <AnnotatedStopPointRef>
      <StopPointRef>5220AWG60456</StopPointRef>
      <CommonName>Brynsierfel (lloches/shelter)</CommonName>
    </AnnotatedStopPointRef>
    <AnnotatedStopPointRef>
      <StopPointRef>5220AWG60483</StopPointRef>
      <CommonName>Smiths` Arms</CommonName>
    </AnnotatedStopPointRef>
    <AnnotatedStopPointRef>
      <StopPointRef>5220AWG60479</StopPointRef>
      <CommonName>Gorsfach</CommonName>
    </AnnotatedStopPointRef>
    <AnnotatedStopPointRef>
      <StopPointRef>5220WDB47872</StopPointRef>
      <CommonName>Avon Inflatibles</CommonName>
    </AnnotatedStopPointRef>
    <AnnotatedStopPointRef>
      <StopPointRef>5220AWG60500</StopPointRef>
      <CommonName>Dyfed Steel</CommonName>
    </AnnotatedStopPointRef>
    <AnnotatedStopPointRef>
      <StopPointRef>5220WDB47873</StopPointRef>
      <CommonName>North Terrace</CommonName>
    </AnnotatedStopPointRef>
    <AnnotatedStopPointRef>
      <StopPointRef>5220AWG60502</StopPointRef>
      <CommonName>Globe Row</CommonName>
    </AnnotatedStopPointRef>
    <AnnotatedStopPointRef>
      <StopPointRef>5220AWG60504</StopPointRef>
      <CommonName>Bryngwyn Bus Bays</CommonName>
    </AnnotatedStopPointRef>
    <AnnotatedStopPointRef>
      <StopPointRef>5220WDB47887</StopPointRef>
      <CommonName>Globe Row</CommonName>
    </AnnotatedStopPointRef>
    <AnnotatedStopPointRef>
      <StopPointRef>5220AWG60501</StopPointRef>
      <CommonName>North Terrace</CommonName>
    </AnnotatedStopPointRef>
    <AnnotatedStopPointRef>
      <StopPointRef>5220CMX16726</StopPointRef>
      <CommonName>Dyfed Steel</CommonName>
    </AnnotatedStopPointRef>
    <AnnotatedStopPointRef>
      <StopPointRef>5220WDB47888</StopPointRef>
      <CommonName>Avon Inflatibles</CommonName>
    </AnnotatedStopPointRef>
    <AnnotatedStopPointRef>
      <StopPointRef>5220AWG60480</StopPointRef>
      <CommonName>Granville Terrace</CommonName>
    </AnnotatedStopPointRef>
    <AnnotatedStopPointRef>
      <StopPointRef>5220WDB47889</StopPointRef>
      <CommonName>Gorsfach</CommonName>
    </AnnotatedStopPointRef>
    <AnnotatedStopPointRef>
      <StopPointRef>5220CMX16727</StopPointRef>
      <CommonName>Smiths` Arms</CommonName>
    </AnnotatedStopPointRef>
    <AnnotatedStopPointRef>
      <StopPointRef>5220CMX16888</StopPointRef>
      <CommonName>Brynsierfel (lloches/shelter)</CommonName>
    </AnnotatedStopPointRef>
    <AnnotatedStopPointRef>
      <StopPointRef>5220WDB47890</StopPointRef>
      <CommonName>Dwyfor</CommonName>
    </AnnotatedStopPointRef>
    <AnnotatedStopPointRef>
      <StopPointRef>5220WDB47891</StopPointRef>
      <CommonName>Dwyfor (Lon Ceiriog)</CommonName>
    </AnnotatedStopPointRef>
    <AnnotatedStopPointRef>
      <StopPointRef>5220AWG60459</StopPointRef>
      <CommonName>Lon Ceiriog East</CommonName>
    </AnnotatedStopPointRef>
    <AnnotatedStopPointRef>
      <StopPointRef>5220AWG60461</StopPointRef>
      <CommonName>Llys Caradog</CommonName>
    </AnnotatedStopPointRef>
    <AnnotatedStopPointRef>
      <StopPointRef>5220AWG60462</StopPointRef>
      <CommonName>Heol Elfed</CommonName>
    </AnnotatedStopPointRef>
    <AnnotatedStopPointRef>
      <StopPointRef>5220AWG60466</StopPointRef>
      <CommonName>Amanwy</CommonName>
    </AnnotatedStopPointRef>
    <AnnotatedStopPointRef>
      <StopPointRef>5220WDB47892</StopPointRef>
      <CommonName>Dylan (lloches/shelter)</CommonName>
    </AnnotatedStopPointRef>
    <AnnotatedStopPointRef>
      <StopPointRef>5220AWG60468</StopPointRef>
      <CommonName>Eiddil</CommonName>
    </AnnotatedStopPointRef>
    <AnnotatedStopPointRef>
      <StopPointRef>5220AWG60470</StopPointRef>
      <CommonName>Gelli Farm</CommonName>
    </AnnotatedStopPointRef>
    <AnnotatedStopPointRef>
      <StopPointRef>5220WDB47893</StopPointRef>
      <CommonName>School</CommonName>
    </AnnotatedStopPointRef>
    <AnnotatedStopPointRef>
      <StopPointRef>5220CMX16891</StopPointRef>
      <CommonName>Bryn (Royal Oak)</CommonName>
    </AnnotatedStopPointRef>
    <AnnotatedStopPointRef>
      <StopPointRef>5220WDB47894</StopPointRef>
      <CommonName>Cafe</CommonName>
    </AnnotatedStopPointRef>
    <AnnotatedStopPointRef>
      <StopPointRef>5220CMA01569</StopPointRef>
      <CommonName>Swindon</CommonName>
    </AnnotatedStopPointRef>
    <AnnotatedStopPointRef>
      <StopPointRef>5220WDB47895</StopPointRef>
      <CommonName>Cleviston Park</CommonName>
    </AnnotatedStopPointRef>
    <AnnotatedStopPointRef>
      <StopPointRef>5220CMA01567</StopPointRef>
      <CommonName>Llangennech (Heol Hendre/Hendre Road)</CommonName>
    </AnnotatedStopPointRef>
    <AnnotatedStopPointRef>
      <StopPointRef>5220WDB47896</StopPointRef>
      <CommonName>Heol Plas Isaf</CommonName>
    </AnnotatedStopPointRef>
    <AnnotatedStopPointRef>
      <StopPointRef>5220WDB47897</StopPointRef>
      <CommonName>Ty Plas Isaf</CommonName>
    </AnnotatedStopPointRef>
    <AnnotatedStopPointRef>
      <StopPointRef>5220CMA01565</StopPointRef>
      <CommonName>Old Bridge</CommonName>
    </AnnotatedStopPointRef>
    <AnnotatedStopPointRef>
      <StopPointRef>5220WDB47898</StopPointRef>
      <CommonName>Llangennech (Heol Afon/Afon Road) Co-op</CommonName>
    </AnnotatedStopPointRef>
    <AnnotatedStopPointRef>
      <StopPointRef>5220WDB47899</StopPointRef>
      <CommonName>Llangennech (Parc Morlais)</CommonName>
    </AnnotatedStopPointRef>
    <AnnotatedStopPointRef>
      <StopPointRef>5220CMA01563</StopPointRef>
      <CommonName>Llangennech (Maesydderwen)</CommonName>
    </AnnotatedStopPointRef>
  </StopPoints>
  <RouteSections>
    <RouteSection id="RS1">
      <RouteLink id="RL1">
        <From>
          <StopPointRef>5220CMA01564</StopPointRef>
        </From>
        <To>
          <StopPointRef>5220WDB47865</StopPointRef>
        </To>
        <Distance>290</Distance>
        <Direction>outbound</Direction>
      </RouteLink>
      <RouteLink id="RL2">
        <From>
          <StopPointRef>5220WDB47865</StopPointRef>
        </From>
        <To>
          <StopPointRef>5220WDB47866</StopPointRef>
        </To>
        <Distance>440</Distance>
        <Direction>outbound</Direction>
      </RouteLink>
      <RouteLink id="RL3">
        <From>
          <StopPointRef>5220WDB47866</StopPointRef>
        </From>
        <To>
          <StopPointRef>5220CMA01566</StopPointRef>
        </To>
        <Distance>290</Distance>
        <Direction>outbound</Direction>
      </RouteLink>
      <RouteLink id="RL4">
        <From>
          <StopPointRef>5220CMA01566</StopPointRef>
        </From>
        <To>
          <StopPointRef>5220WDB47867</StopPointRef>
        </To>
        <Distance>170</Distance>
        <Direction>outbound</Direction>
      </RouteLink>
      <RouteLink id="RL5">
        <From>
          <StopPointRef>5220WDB47867</StopPointRef>
        </From>
        <To>
          <StopPointRef>5220WDB47868</StopPointRef>
        </To>
        <Distance>170</Distance>
        <Direction>outbound</Direction>
      </RouteLink>
      <RouteLink id="RL6">
        <From>
          <StopPointRef>5220WDB47868</StopPointRef>
        </From>
        <To>
          <StopPointRef>5220CMA01568</StopPointRef>
        </To>
        <Distance>220</Distance>
        <Direction>outbound</Direction>
      </RouteLink>
      <RouteLink id="RL7">
        <From>
          <StopPointRef>5220CMA01568</StopPointRef>
        </From>
        <To>
          <StopPointRef>5220WDB47869</StopPointRef>
        </To>
        <Distance>290</Distance>
        <Direction>outbound</Direction>
      </RouteLink>
      <RouteLink id="RL8">
        <From>
          <StopPointRef>5220WDB47869</StopPointRef>
        </From>
        <To>
          <StopPointRef>5220CMA01570</StopPointRef>
        </To>
        <Distance>400</Distance>
        <Direction>outbound</Direction>
      </RouteLink>
      <RouteLink id="RL9">
        <From>
          <StopPointRef>5220CMA01570</StopPointRef>
        </From>
        <To>
          <StopPointRef>5220WDB47870</StopPointRef>
        </To>
        <Distance>380</Distance>
        <Direction>outbound</Direction>
      </RouteLink>
      <RouteLink id="RL10">
        <From>
          <StopPointRef>5220WDB47870</StopPointRef>
        </From>
        <To>
          <StopPointRef>5220CMX16890</StopPointRef>
        </To>
        <Distance>170</Distance>
        <Direction>outbound</Direction>
      </RouteLink>
      <RouteLink id="RL11">
        <From>
          <StopPointRef>5220CMX16890</StopPointRef>
        </From>
        <To>
          <StopPointRef>5220WDB47871</StopPointRef>
        </To>
        <Distance>290</Distance>
        <Direction>outbound</Direction>
      </RouteLink>
      <RouteLink id="RL12">
        <From>
          <StopPointRef>5220WDB47871</StopPointRef>
        </From>
        <To>
          <StopPointRef>5220AWG60469</StopPointRef>
        </To>
        <Distance>260</Distance>
        <Direction>outbound</Direction>
      </RouteLink>
      <RouteLink id="RL13">
        <From>
          <StopPointRef>5220AWG60469</StopPointRef>
        </From>
        <To>
          <StopPointRef>5220AWG60467</StopPointRef>
        </To>
        <Distance>290</Distance>
        <Direction>outbound</Direction>
      </RouteLink>
      <RouteLink id="RL14">
        <From>
          <StopPointRef>5220AWG60467</StopPointRef>
        </From>
        <To>
          <StopPointRef>5220AWG60464</StopPointRef>
        </To>
        <Distance>210</Distance>
        <Direction>outbound</Direction>
      </RouteLink>
      <RouteLink id="RL15">
        <From>
          <StopPointRef>5220AWG60464</StopPointRef>
        </From>
        <To>
          <StopPointRef>5220AWG60463</StopPointRef>
        </To>
        <Distance>280</Distance>
        <Direction>outbound</Direction>
      </RouteLink>
      <RouteLink id="RL16">
        <From>
          <StopPointRef>5220AWG60463</StopPointRef>
        </From>
        <To>
          <StopPointRef>5220AWG60460</StopPointRef>
        </To>
        <Distance>130</Distance>
        <Direction>outbound</Direction>
      </RouteLink>
      <RouteLink id="RL17">
        <From>
          <StopPointRef>5220AWG60460</StopPointRef>
        </From>
        <To>
          <StopPointRef>5220CMX16889</StopPointRef>
        </To>
        <Distance>200</Distance>
        <Direction>outbound</Direction>
      </RouteLink>
      <RouteLink id="RL18">
        <From>
          <StopPointRef>5220CMX16889</StopPointRef>
        </From>
        <To>
          <StopPointRef>5220AWG60458</StopPointRef>
        </To>
        <Distance>60</Distance>
        <Direction>outbound</Direction>
      </RouteLink>
      <RouteLink id="RL19">
        <From>
          <StopPointRef>5220AWG60458</StopPointRef>
        </From>
        <To>
          <StopPointRef>5220AWG60457</StopPointRef>
        </To>
        <Distance>240</Distance>
        <Direction>outbound</Direction>
      </RouteLink>
      <RouteLink id="RL20">
        <From>
          <StopPointRef>5220AWG60457</StopPointRef>
        </From>
        <To>
          <StopPointRef>5220AWG60456</StopPointRef>
        </To>
        <Distance>80</Distance>
        <Direction>outbound</Direction>
      </RouteLink>
      <RouteLink id="RL21">
        <From>
          <StopPointRef>5220AWG60456</StopPointRef>
        </From>
        <To>
          <StopPointRef>5220AWG60483</StopPointRef>
        </To>
        <Distance>90</Distance>
        <Direction>outbound</Direction>
      </RouteLink>
      <RouteLink id="RL22">
        <From>
          <StopPointRef>5220AWG60483</StopPointRef>
        </From>
        <To>
          <StopPointRef>5220AWG60479</StopPointRef>
        </To>
        <Distance>390</Distance>
        <Direction>outbound</Direction>
      </RouteLink>
      <RouteLink id="RL23">
        <From>
          <StopPointRef>5220AWG60479</StopPointRef>
        </From>
        <To>
          <StopPointRef>5220WDB47872</StopPointRef>
        </To>
        <Distance>140</Distance>
        <Direction>outbound</Direction>
      </RouteLink>
      <RouteLink id="RL24">
        <From>
          <StopPointRef>5220WDB47872</StopPointRef>
        </From>
        <To>
          <StopPointRef>5220AWG60500</StopPointRef>
        </To>
        <Distance>300</Distance>
        <Direction>outbound</Direction>
      </RouteLink>
      <RouteLink id="RL25">
        <From>
          <StopPointRef>5220AWG60500</StopPointRef>
        </From>
        <To>
          <StopPointRef>5220WDB47873</StopPointRef>
        </To>
        <Distance>230</Distance>
        <Direction>outbound</Direction>
      </RouteLink>
      <RouteLink id="RL26">
        <From>
          <StopPointRef>5220WDB47873</StopPointRef>
        </From>
        <To>
          <StopPointRef>5220AWG60502</StopPointRef>
        </To>
        <Distance>140</Distance>
        <Direction>outbound</Direction>
      </RouteLink>
      <RouteLink id="RL27">
        <From>
          <StopPointRef>5220AWG60502</StopPointRef>
        </From>
        <To>
          <StopPointRef>5220AWG60504</StopPointRef>
        </To>
        <Distance>500</Distance>
        <Direction>outbound</Direction>
      </RouteLink>
    </RouteSection>
    <RouteSection id="RS2">
      <RouteLink id="RL28">
        <From>
          <StopPointRef>5220AWG60504</StopPointRef>
        </From>
        <To>
          <StopPointRef>5220WDB47887</StopPointRef>
        </To>
        <Distance>420</Distance>
        <Direction>inbound</Direction>
      </RouteLink>
      <RouteLink id="RL29">
        <From>
          <StopPointRef>5220WDB47887</StopPointRef>
        </From>
        <To>
          <StopPointRef>5220AWG60501</StopPointRef>
        </To>
        <Distance>190</Distance>
        <Direction>inbound</Direction>
      </RouteLink>
      <RouteLink id="RL30">
        <From>
          <StopPointRef>5220AWG60501</StopPointRef>
        </From>
        <To>
          <StopPointRef>5220CMX16726</StopPointRef>
        </To>
        <Distance>270</Distance>
        <Direction>inbound</Direction>
      </RouteLink>
      <RouteLink id="RL31">
        <From>
          <StopPointRef>5220CMX16726</StopPointRef>
        </From>
        <To>
          <StopPointRef>5220WDB47888</StopPointRef>
        </To>
        <Distance>270</Distance>
        <Direction>inbound</Direction>
      </RouteLink>
      <RouteLink id="RL32">
        <From>
          <StopPointRef>5220WDB47888</StopPointRef>
        </From>
        <To>
          <StopPointRef>5220AWG60480</StopPointRef>
        </To>
        <Distance>70</Distance>
        <Direction>inbound</Direction>
      </RouteLink>
      <RouteLink id="RL33">
        <From>
          <StopPointRef>5220AWG60480</StopPointRef>
        </From>
        <To>
          <StopPointRef>5220WDB47889</StopPointRef>
        </To>
        <Distance>100</Distance>
        <Direction>inbound</Direction>
      </RouteLink>
      <RouteLink id="RL34">
        <From>
          <StopPointRef>5220WDB47889</StopPointRef>
        </From>
        <To>
          <StopPointRef>5220CMX16727</StopPointRef>
        </To>
        <Distance>290</Distance>
        <Direction>inbound</Direction>
      </RouteLink>
      <RouteLink id="RL35">
        <From>
          <StopPointRef>5220CMX16727</StopPointRef>
        </From>
        <To>
          <StopPointRef>5220CMX16888</StopPointRef>
        </To>
        <Distance>170</Distance>
        <Direction>inbound</Direction>
      </RouteLink>
      <RouteLink id="RL36">
        <From>
          <StopPointRef>5220CMX16888</StopPointRef>
        </From>
        <To>
          <StopPointRef>5220WDB47890</StopPointRef>
        </To>
        <Distance>80</Distance>
        <Direction>inbound</Direction>
      </RouteLink>
      <RouteLink id="RL37">
        <From>
          <StopPointRef>5220WDB47890</StopPointRef>
        </From>
        <To>
          <StopPointRef>5220WDB47891</StopPointRef>
        </To>
        <Distance>240</Distance>
        <Direction>inbound</Direction>
      </RouteLink>
      <RouteLink id="RL38">
        <From>
          <StopPointRef>5220WDB47891</StopPointRef>
        </From>
        <To>
          <StopPointRef>5220AWG60459</StopPointRef>
        </To>
        <Distance>50</Distance>
        <Direction>inbound</Direction>
      </RouteLink>
      <RouteLink id="RL39">
        <From>
          <StopPointRef>5220AWG60459</StopPointRef>
        </From>
        <To>
          <StopPointRef>5220AWG60461</StopPointRef>
        </To>
        <Distance>190</Distance>
        <Direction>inbound</Direction>
      </RouteLink>
      <RouteLink id="RL40">
        <From>
          <StopPointRef>5220AWG60461</StopPointRef>
        </From>
        <To>
          <StopPointRef>5220AWG60462</StopPointRef>
        </To>
        <Distance>120</Distance>
        <Direction>inbound</Direction>
      </RouteLink>
      <RouteLink id="RL41">
        <From>
          <StopPointRef>5220AWG60462</StopPointRef>
        </From>
        <To>
          <StopPointRef>5220AWG60466</StopPointRef>
        </To>
        <Distance>310</Distance>
        <Direction>inbound</Direction>
      </RouteLink>
      <RouteLink id="RL42">
        <From>
          <StopPointRef>5220AWG60466</StopPointRef>
        </From>
        <To>
          <StopPointRef>5220WDB47892</StopPointRef>
        </To>
        <Distance>210</Distance>
        <Direction>inbound</Direction>
      </RouteLink>
      <RouteLink id="RL43">
        <From>
          <StopPointRef>5220WDB47892</StopPointRef>
        </From>
        <To>
          <StopPointRef>5220AWG60468</StopPointRef>
        </To>
        <Distance>220</Distance>
        <Direction>inbound</Direction>
      </RouteLink>
      <RouteLink id="RL44">
        <From>
          <StopPointRef>5220AWG60468</StopPointRef>
        </From>
        <To>
          <StopPointRef>5220AWG60470</StopPointRef>
        </To>
        <Distance>120</Distance>
        <Direction>inbound</Direction>
      </RouteLink>
      <RouteLink id="RL45">
        <From>
          <StopPointRef>5220AWG60470</StopPointRef>
        </From>
        <To>
          <StopPointRef>5220WDB47893</StopPointRef>
        </To>
        <Distance>210</Distance>
        <Direction>inbound</Direction>
      </RouteLink>
      <RouteLink id="RL46">
        <From>
          <StopPointRef>5220WDB47893</StopPointRef>
        </From>
        <To>
          <StopPointRef>5220CMX16891</StopPointRef>
        </To>
        <Distance>300</Distance>
        <Direction>inbound</Direction>
      </RouteLink>
      <RouteLink id="RL47">
        <From>
          <StopPointRef>5220CMX16891</StopPointRef>
        </From>
        <To>
          <StopPointRef>5220WDB47894</StopPointRef>
        </To>
        <Distance>240</Distance>
        <Direction>inbound</Direction>
      </RouteLink>
      <RouteLink id="RL48">
        <From>
          <StopPointRef>5220WDB47894</StopPointRef>
        </From>
        <To>
          <StopPointRef>5220CMA01569</StopPointRef>
        </To>
        <Distance>320</Distance>
        <Direction>inbound</Direction>
      </RouteLink>
      <RouteLink id="RL49">
        <From>
          <StopPointRef>5220CMA01569</StopPointRef>
        </From>
        <To>
          <StopPointRef>5220WDB47895</StopPointRef>
        </To>
        <Distance>380</Distance>
        <Direction>inbound</Direction>
      </RouteLink>
      <RouteLink id="RL50">
        <From>
          <StopPointRef>5220WDB47895</StopPointRef>
        </From>
        <To>
          <StopPointRef>5220CMA01567</StopPointRef>
        </To>
        <Distance>340</Distance>
        <Direction>inbound</Direction>
      </RouteLink>
      <RouteLink id="RL51">
        <From>
          <StopPointRef>5220CMA01567</StopPointRef>
        </From>
        <To>
          <StopPointRef>5220WDB47896</StopPointRef>
        </To>
        <Distance>200</Distance>
        <Direction>inbound</Direction>
      </RouteLink>
      <RouteLink id="RL52">
        <From>
          <StopPointRef>5220WDB47896</StopPointRef>
        </From>
        <To>
          <StopPointRef>5220WDB47897</StopPointRef>
        </To>
        <Distance>190</Distance>
        <Direction>inbound</Direction>
      </RouteLink>
      <RouteLink id="RL53">
        <From>
          <StopPointRef>5220WDB47897</StopPointRef>
        </From>
        <To>
          <StopPointRef>5220CMA01565</StopPointRef>
        </To>
        <Distance>100</Distance>
        <Direction>inbound</Direction>
      </RouteLink>
      <RouteLink id="RL54">
        <From>
          <StopPointRef>5220CMA01565</StopPointRef>
        </From>
        <To>
          <StopPointRef>5220WDB47898</StopPointRef>
        </To>
        <Distance>320</Distance>
        <Direction>inbound</Direction>
      </RouteLink>
      <RouteLink id="RL55">
        <From>
          <StopPointRef>5220WDB47898</StopPointRef>
        </From>
        <To>
          <StopPointRef>5220WDB47899</StopPointRef>
        </To>
        <Distance>380</Distance>
        <Direction>inbound</Direction>
      </RouteLink>
      <RouteLink id="RL56">
        <From>
          <StopPointRef>5220WDB47899</StopPointRef>
        </From>
        <To>
          <StopPointRef>5220CMA01563</StopPointRef>
        </To>
        <Distance>320</Distance>
        <Direction>inbound</Direction>
      </RouteLink>
    </RouteSection>
  </RouteSections>
  <Routes>
    <Route id="RT1">
      <Description>Llangennech (Maesydderwen) - Bryngwyn Bus Bays</Description>
      <RouteSectionRef>RS1</RouteSectionRef>
    </Route>
    <Route id="RT2">
      <Description>Bryngwyn Bus Bays - Llangennech (Maesydderwen)</Description>
      <RouteSectionRef>RS2</RouteSectionRef>
    </Route>
  </Routes>
  <JourneyPatternSections>
    <JourneyPatternSection id="JPS1">
      <JourneyPatternTimingLink id="JPTL1">
        <From SequenceNumber="1">
          <StopPointRef>5220CMA01564</StopPointRef>
          <TimingStatus>PTP</TimingStatus>
        </From>
        <To SequenceNumber="2">
          <StopPointRef>5220WDB47865</StopPointRef>
          <TimingStatus>PTP</TimingStatus>
        </To>
        <RouteLinkRef>RL1</RouteLinkRef>
        <RunTime>PT1M</RunTime>
      </JourneyPatternTimingLink>
      <JourneyPatternTimingLink id="JPTL2">
        <From SequenceNumber="2">
          <StopPointRef>5220WDB47865</StopPointRef>
          <TimingStatus>PTP</TimingStatus>
        </From>
        <To SequenceNumber="3">
          <StopPointRef>5220WDB47866</StopPointRef>
          <TimingStatus>PTP</TimingStatus>
        </To>
        <RouteLinkRef>RL2</RouteLinkRef>
        <RunTime>PT1M</RunTime>
      </JourneyPatternTimingLink>
      <JourneyPatternTimingLink id="JPTL3">
        <From SequenceNumber="3">
          <StopPointRef>5220WDB47866</StopPointRef>
          <TimingStatus>PTP</TimingStatus>
        </From>
        <To SequenceNumber="4">
          <StopPointRef>5220CMA01566</StopPointRef>
          <TimingStatus>OTH</TimingStatus>
        </To>
        <RouteLinkRef>RL3</RouteLinkRef>
        <RunTime>PT0S</RunTime>
      </JourneyPatternTimingLink>
      <JourneyPatternTimingLink id="JPTL4">
        <From SequenceNumber="4">
          <StopPointRef>5220CMA01566</StopPointRef>
          <TimingStatus>OTH</TimingStatus>
        </From>
        <To SequenceNumber="5">
          <StopPointRef>5220WDB47867</StopPointRef>
          <TimingStatus>OTH</TimingStatus>
        </To>
        <RouteLinkRef>RL4</RouteLinkRef>
        <RunTime>PT1M</RunTime>
      </JourneyPatternTimingLink>
      <JourneyPatternTimingLink id="JPTL5">
        <From SequenceNumber="5">
          <StopPointRef>5220WDB47867</StopPointRef>
          <TimingStatus>OTH</TimingStatus>
        </From>
        <To SequenceNumber="6">
          <StopPointRef>5220WDB47868</StopPointRef>
          <TimingStatus>OTH</TimingStatus>
        </To>
        <RouteLinkRef>RL5</RouteLinkRef>
        <RunTime>PT0S</RunTime>
      </JourneyPatternTimingLink>
      <JourneyPatternTimingLink id="JPTL6">
        <From SequenceNumber="6">
          <StopPointRef>5220WDB47868</StopPointRef>
          <TimingStatus>OTH</TimingStatus>
        </From>
        <To SequenceNumber="7">
          <StopPointRef>5220CMA01568</StopPointRef>
          <TimingStatus>PTP</TimingStatus>
        </To>
        <RouteLinkRef>RL6</RouteLinkRef>
        <RunTime>PT1M</RunTime>
      </JourneyPatternTimingLink>
      <JourneyPatternTimingLink id="JPTL7">
        <From SequenceNumber="7">
          <StopPointRef>5220CMA01568</StopPointRef>
          <TimingStatus>PTP</TimingStatus>
        </From>
        <To SequenceNumber="8">
          <StopPointRef>5220WDB47869</StopPointRef>
          <TimingStatus>OTH</TimingStatus>
        </To>
        <RouteLinkRef>RL7</RouteLinkRef>
        <RunTime>PT0S</RunTime>
      </JourneyPatternTimingLink>
      <JourneyPatternTimingLink id="JPTL8">
        <From SequenceNumber="8">
          <StopPointRef>5220WDB47869</StopPointRef>
          <TimingStatus>OTH</TimingStatus>
        </From>
        <To SequenceNumber="9">
          <StopPointRef>5220CMA01570</StopPointRef>
          <TimingStatus>OTH</TimingStatus>
        </To>
        <RouteLinkRef>RL8</RouteLinkRef>
        <RunTime>PT1M</RunTime>
      </JourneyPatternTimingLink>
      <JourneyPatternTimingLink id="JPTL9">
        <From SequenceNumber="9">
          <StopPointRef>5220CMA01570</StopPointRef>
          <TimingStatus>OTH</TimingStatus>
        </From>
        <To SequenceNumber="10">
          <StopPointRef>5220WDB47870</StopPointRef>
          <TimingStatus>OTH</TimingStatus>
        </To>
        <RouteLinkRef>RL9</RouteLinkRef>
        <RunTime>PT0S</RunTime>
      </JourneyPatternTimingLink>
      <JourneyPatternTimingLink id="JPTL10">
        <From SequenceNumber="10">
          <StopPointRef>5220WDB47870</StopPointRef>
          <TimingStatus>OTH</TimingStatus>
        </From>
        <To SequenceNumber="11">
          <StopPointRef>5220CMX16890</StopPointRef>
          <TimingStatus>PTP</TimingStatus>
        </To>
        <RouteLinkRef>RL10</RouteLinkRef>
        <RunTime>PT1M</RunTime>
      </JourneyPatternTimingLink>
      <JourneyPatternTimingLink id="JPTL11">
        <From SequenceNumber="11">
          <StopPointRef>5220CMX16890</StopPointRef>
          <TimingStatus>PTP</TimingStatus>
        </From>
        <To SequenceNumber="12">
          <StopPointRef>5220WDB47871</StopPointRef>
          <TimingStatus>OTH</TimingStatus>
        </To>
        <RouteLinkRef>RL11</RouteLinkRef>
        <RunTime>PT0S</RunTime>
      </JourneyPatternTimingLink>
      <JourneyPatternTimingLink id="JPTL12">
        <From SequenceNumber="12">
          <StopPointRef>5220WDB47871</StopPointRef>
          <TimingStatus>OTH</TimingStatus>
        </From>
        <To SequenceNumber="13">
          <StopPointRef>5220AWG60469</StopPointRef>
          <TimingStatus>OTH</TimingStatus>
        </To>
        <RouteLinkRef>RL12</RouteLinkRef>
        <RunTime>PT1M</RunTime>
      </JourneyPatternTimingLink>
      <JourneyPatternTimingLink id="JPTL13">
        <From SequenceNumber="13">
          <StopPointRef>5220AWG60469</StopPointRef>
          <TimingStatus>OTH</TimingStatus>
        </From>
        <To SequenceNumber="14">
          <StopPointRef>5220AWG60467</StopPointRef>
          <TimingStatus>PTP</TimingStatus>
        </To>
        <RouteLinkRef>RL13</RouteLinkRef>
        <RunTime>PT2M</RunTime>
      </JourneyPatternTimingLink>
      <JourneyPatternTimingLink id="JPTL14">
        <From SequenceNumber="14">
          <StopPointRef>5220AWG60467</StopPointRef>
          <TimingStatus>PTP</TimingStatus>
        </From>
        <To SequenceNumber="15">
          <StopPointRef>5220AWG60464</StopPointRef>
          <TimingStatus>OTH</TimingStatus>
        </To>
        <RouteLinkRef>RL14</RouteLinkRef>
        <RunTime>PT0S</RunTime>
      </JourneyPatternTimingLink>
      <JourneyPatternTimingLink id="JPTL15">
        <From SequenceNumber="15">
          <StopPointRef>5220AWG60464</StopPointRef>
          <TimingStatus>OTH</TimingStatus>
        </From>
        <To SequenceNumber="16">
          <StopPointRef>5220AWG60463</StopPointRef>
          <TimingStatus>OTH</TimingStatus>
        </To>
        <RouteLinkRef>RL15</RouteLinkRef>
        <RunTime>PT1M</RunTime>
      </JourneyPatternTimingLink>
      <JourneyPatternTimingLink id="JPTL16">
        <From SequenceNumber="16">
          <StopPointRef>5220AWG60463</StopPointRef>
          <TimingStatus>OTH</TimingStatus>
        </From>
        <To SequenceNumber="17">
          <StopPointRef>5220AWG60460</StopPointRef>
          <TimingStatus>OTH</TimingStatus>
        </To>
        <RouteLinkRef>RL16</RouteLinkRef>
        <RunTime>PT0S</RunTime>
      </JourneyPatternTimingLink>
      <JourneyPatternTimingLink id="JPTL17">
        <From SequenceNumber="17">
          <StopPointRef>5220AWG60460</StopPointRef>
          <TimingStatus>OTH</TimingStatus>
        </From>
        <To SequenceNumber="18">
          <StopPointRef>5220CMX16889</StopPointRef>
          <TimingStatus>OTH</TimingStatus>
        </To>
        <RouteLinkRef>RL17</RouteLinkRef>
        <RunTime>PT0S</RunTime>
      </JourneyPatternTimingLink>
      <JourneyPatternTimingLink id="JPTL18">
        <From SequenceNumber="18">
          <StopPointRef>5220CMX16889</StopPointRef>
          <TimingStatus>OTH</TimingStatus>
        </From>
        <To SequenceNumber="19">
          <StopPointRef>5220AWG60458</StopPointRef>
          <TimingStatus>PTP</TimingStatus>
        </To>
        <RouteLinkRef>RL18</RouteLinkRef>
        <RunTime>PT1M</RunTime>
      </JourneyPatternTimingLink>
      <JourneyPatternTimingLink id="JPTL19">
        <From SequenceNumber="19">
          <StopPointRef>5220AWG60458</StopPointRef>
          <TimingStatus>PTP</TimingStatus>
        </From>
        <To SequenceNumber="20">
          <StopPointRef>5220AWG60457</StopPointRef>
          <TimingStatus>OTH</TimingStatus>
        </To>
        <RouteLinkRef>RL19</RouteLinkRef>
        <RunTime>PT0S</RunTime>
      </JourneyPatternTimingLink>
      <JourneyPatternTimingLink id="JPTL20">
        <From SequenceNumber="20">
          <StopPointRef>5220AWG60457</StopPointRef>
          <TimingStatus>OTH</TimingStatus>
        </From>
        <To SequenceNumber="21">
          <StopPointRef>5220AWG60456</StopPointRef>
          <TimingStatus>PTP</TimingStatus>
        </To>
        <RouteLinkRef>RL20</RouteLinkRef>
        <RunTime>PT1M</RunTime>
      </JourneyPatternTimingLink>
      <JourneyPatternTimingLink id="JPTL21">
        <From SequenceNumber="21">
          <StopPointRef>5220AWG60456</StopPointRef>
          <TimingStatus>PTP</TimingStatus>
        </From>
        <To SequenceNumber="22">
          <StopPointRef>5220AWG60483</StopPointRef>
          <TimingStatus>OTH</TimingStatus>
        </To>
        <RouteLinkRef>RL21</RouteLinkRef>
        <RunTime>PT0S</RunTime>
      </JourneyPatternTimingLink>
      <JourneyPatternTimingLink id="JPTL22">
        <From SequenceNumber="22">
          <StopPointRef>5220AWG60483</StopPointRef>
          <TimingStatus>OTH</TimingStatus>
        </From>
        <To SequenceNumber="23">
          <StopPointRef>5220AWG60479</StopPointRef>
          <TimingStatus>OTH</TimingStatus>
        </To>
        <RouteLinkRef>RL22</RouteLinkRef>
        <RunTime>PT2M</RunTime>
      </JourneyPatternTimingLink>
      <JourneyPatternTimingLink id="JPTL23">
        <From SequenceNumber="23">
          <StopPointRef>5220AWG60479</StopPointRef>
          <TimingStatus>OTH</TimingStatus>
        </From>
        <To SequenceNumber="24">
          <StopPointRef>5220WDB47872</StopPointRef>
          <TimingStatus>OTH</TimingStatus>
        </To>
        <RouteLinkRef>RL23</RouteLinkRef>
        <RunTime>PT0S</RunTime>
      </JourneyPatternTimingLink>
      <JourneyPatternTimingLink id="JPTL24">
        <From SequenceNumber="24">
          <StopPointRef>5220WDB47872</StopPointRef>
          <TimingStatus>OTH</TimingStatus>
        </From>
        <To SequenceNumber="25">
          <StopPointRef>5220AWG60500</StopPointRef>
          <TimingStatus>OTH</TimingStatus>
        </To>
        <RouteLinkRef>RL24</RouteLinkRef>
        <RunTime>PT2M</RunTime>
      </JourneyPatternTimingLink>
      <JourneyPatternTimingLink id="JPTL25">
        <From SequenceNumber="25">
          <StopPointRef>5220AWG60500</StopPointRef>
          <TimingStatus>OTH</TimingStatus>
        </From>
        <To SequenceNumber="26">
          <StopPointRef>5220WDB47873</StopPointRef>
          <TimingStatus>OTH</TimingStatus>
        </To>
        <RouteLinkRef>RL25</RouteLinkRef>
        <RunTime>PT1M</RunTime>
      </JourneyPatternTimingLink>
      <JourneyPatternTimingLink id="JPTL26">
        <From SequenceNumber="26">
          <StopPointRef>5220WDB47873</StopPointRef>
          <TimingStatus>OTH</TimingStatus>
        </From>
        <To SequenceNumber="27">
          <StopPointRef>5220AWG60502</StopPointRef>
          <TimingStatus>OTH</TimingStatus>
        </To>
        <RouteLinkRef>RL26</RouteLinkRef>
        <RunTime>PT0S</RunTime>
      </JourneyPatternTimingLink>
      <JourneyPatternTimingLink id="JPTL27">
        <From SequenceNumber="27">
          <StopPointRef>5220AWG60502</StopPointRef>
          <TimingStatus>OTH</TimingStatus>
        </From>
        <To SequenceNumber="28">
          <StopPointRef>5220AWG60504</StopPointRef>
          <TimingStatus>PTP</TimingStatus>
        </To>
        <RouteLinkRef>RL27</RouteLinkRef>
        <RunTime>PT3M</RunTime>
      </JourneyPatternTimingLink>
    </JourneyPatternSection>
    <JourneyPatternSection id="JPS2">
      <JourneyPatternTimingLink id="JPTL28">
        <From SequenceNumber="1">
          <StopPointRef>5220AWG60504</StopPointRef>
          <TimingStatus>PTP</TimingStatus>
        </From>
        <To SequenceNumber="2">
          <StopPointRef>5220WDB47887</StopPointRef>
          <TimingStatus>OTH</TimingStatus>
        </To>
        <RouteLinkRef>RL28</RouteLinkRef>
        <RunTime>PT1M</RunTime>
      </JourneyPatternTimingLink>
      <JourneyPatternTimingLink id="JPTL29">
        <From SequenceNumber="2">
          <StopPointRef>5220WDB47887</StopPointRef>
          <TimingStatus>OTH</TimingStatus>
        </From>
        <To SequenceNumber="3">
          <StopPointRef>5220AWG60501</StopPointRef>
          <TimingStatus>OTH</TimingStatus>
        </To>
        <RouteLinkRef>RL29</RouteLinkRef>
        <RunTime>PT1M</RunTime>
      </JourneyPatternTimingLink>
      <JourneyPatternTimingLink id="JPTL30">
        <From SequenceNumber="3">
          <StopPointRef>5220AWG60501</StopPointRef>
          <TimingStatus>OTH</TimingStatus>
        </From>
        <To SequenceNumber="4">
          <StopPointRef>5220CMX16726</StopPointRef>
          <TimingStatus>OTH</TimingStatus>
        </To>
        <RouteLinkRef>RL30</RouteLinkRef>
        <RunTime>PT0S</RunTime>
      </JourneyPatternTimingLink>
      <JourneyPatternTimingLink id="JPTL31">
        <From SequenceNumber="4">
          <StopPointRef>5220CMX16726</StopPointRef>
          <TimingStatus>OTH</TimingStatus>
        </From>
        <To SequenceNumber="5">
          <StopPointRef>5220WDB47888</StopPointRef>
          <TimingStatus>OTH</TimingStatus>
        </To>
        <RouteLinkRef>RL31</RouteLinkRef>
        <RunTime>PT1M</RunTime>
      </JourneyPatternTimingLink>
      <JourneyPatternTimingLink id="JPTL32">
        <From SequenceNumber="5">
          <StopPointRef>5220WDB47888</StopPointRef>
          <TimingStatus>OTH</TimingStatus>
        </From>
        <To SequenceNumber="6">
          <StopPointRef>5220AWG60480</StopPointRef>
          <TimingStatus>OTH</TimingStatus>
        </To>
        <RouteLinkRef>RL32</RouteLinkRef>
        <RunTime>PT1M</RunTime>
      </JourneyPatternTimingLink>
      <JourneyPatternTimingLink id="JPTL33">
        <From SequenceNumber="6">
          <StopPointRef>5220AWG60480</StopPointRef>
          <TimingStatus>OTH</TimingStatus>
        </From>
        <To SequenceNumber="7">
          <StopPointRef>5220WDB47889</StopPointRef>
          <TimingStatus>OTH</TimingStatus>
        </To>
        <RouteLinkRef>RL33</RouteLinkRef>
        <RunTime>PT0S</RunTime>
      </JourneyPatternTimingLink>
      <JourneyPatternTimingLink id="JPTL34">
        <From SequenceNumber="7">
          <StopPointRef>5220WDB47889</StopPointRef>
          <TimingStatus>OTH</TimingStatus>
        </From>
        <To SequenceNumber="8">
          <StopPointRef>5220CMX16727</StopPointRef>
          <TimingStatus>OTH</TimingStatus>
        </To>
        <RouteLinkRef>RL34</RouteLinkRef>
        <RunTime>PT1M</RunTime>
      </JourneyPatternTimingLink>
      <JourneyPatternTimingLink id="JPTL35">
        <From SequenceNumber="8">
          <StopPointRef>5220CMX16727</StopPointRef>
          <TimingStatus>OTH</TimingStatus>
        </From>
        <To SequenceNumber="9">
          <StopPointRef>5220CMX16888</StopPointRef>
          <TimingStatus>PTP</TimingStatus>
        </To>
        <RouteLinkRef>RL35</RouteLinkRef>
        <RunTime>PT1M</RunTime>
      </JourneyPatternTimingLink>
      <JourneyPatternTimingLink id="JPTL36">
        <From SequenceNumber="9">
          <StopPointRef>5220CMX16888</StopPointRef>
          <TimingStatus>PTP</TimingStatus>
        </From>
        <To SequenceNumber="10">
          <StopPointRef>5220WDB47890</StopPointRef>
          <TimingStatus>OTH</TimingStatus>
        </To>
        <RouteLinkRef>RL36</RouteLinkRef>
        <RunTime>PT0S</RunTime>
      </JourneyPatternTimingLink>
      <JourneyPatternTimingLink id="JPTL37">
        <From SequenceNumber="10">
          <StopPointRef>5220WDB47890</StopPointRef>
          <TimingStatus>OTH</TimingStatus>
        </From>
        <To SequenceNumber="11">
          <StopPointRef>5220WDB47891</StopPointRef>
          <TimingStatus>PTP</TimingStatus>
        </To>
        <RouteLinkRef>RL37</RouteLinkRef>
        <RunTime>PT1M</RunTime>
      </JourneyPatternTimingLink>
      <JourneyPatternTimingLink id="JPTL38">
        <From SequenceNumber="11">
          <StopPointRef>5220WDB47891</StopPointRef>
          <TimingStatus>PTP</TimingStatus>
        </From>
        <To SequenceNumber="12">
          <StopPointRef>5220AWG60459</StopPointRef>
          <TimingStatus>OTH</TimingStatus>
        </To>
        <RouteLinkRef>RL38</RouteLinkRef>
        <RunTime>PT0S</RunTime>
      </JourneyPatternTimingLink>
      <JourneyPatternTimingLink id="JPTL39">
        <From SequenceNumber="12">
          <StopPointRef>5220AWG60459</StopPointRef>
          <TimingStatus>OTH</TimingStatus>
        </From>
        <To SequenceNumber="13">
          <StopPointRef>5220AWG60461</StopPointRef>
          <TimingStatus>OTH</TimingStatus>
        </To>
        <RouteLinkRef>RL39</RouteLinkRef>
        <RunTime>PT0S</RunTime>
      </JourneyPatternTimingLink>
      <JourneyPatternTimingLink id="JPTL40">
        <From SequenceNumber="13">
          <StopPointRef>5220AWG60461</StopPointRef>
          <TimingStatus>OTH</TimingStatus>
        </From>
        <To SequenceNumber="14">
          <StopPointRef>5220AWG60462</StopPointRef>
          <TimingStatus>OTH</TimingStatus>
        </To>
        <RouteLinkRef>RL40</RouteLinkRef>
        <RunTime>PT0S</RunTime>
      </JourneyPatternTimingLink>
      <JourneyPatternTimingLink id="JPTL41">
        <From SequenceNumber="14">
          <StopPointRef>5220AWG60462</StopPointRef>
          <TimingStatus>OTH</TimingStatus>
        </From>
        <To SequenceNumber="15">
          <StopPointRef>5220AWG60466</StopPointRef>
          <TimingStatus>OTH</TimingStatus>
        </To>
        <RouteLinkRef>RL41</RouteLinkRef>
        <RunTime>PT1M</RunTime>
      </JourneyPatternTimingLink>
      <JourneyPatternTimingLink id="JPTL42">
        <From SequenceNumber="15">
          <StopPointRef>5220AWG60466</StopPointRef>
          <TimingStatus>OTH</TimingStatus>
        </From>
        <To SequenceNumber="16">
          <StopPointRef>5220WDB47892</StopPointRef>
          <TimingStatus>PTP</TimingStatus>
        </To>
        <RouteLinkRef>RL42</RouteLinkRef>
        <RunTime>PT1M</RunTime>
      </JourneyPatternTimingLink>
      <JourneyPatternTimingLink id="JPTL43">
        <From SequenceNumber="16">
          <StopPointRef>5220WDB47892</StopPointRef>
          <TimingStatus>PTP</TimingStatus>
        </From>
        <To SequenceNumber="17">
          <StopPointRef>5220AWG60468</StopPointRef>
          <TimingStatus>OTH</TimingStatus>
        </To>
        <RouteLinkRef>RL43</RouteLinkRef>
        <RunTime>PT1M</RunTime>
      </JourneyPatternTimingLink>
      <JourneyPatternTimingLink id="JPTL44">
        <From SequenceNumber="17">
          <StopPointRef>5220AWG60468</StopPointRef>
          <TimingStatus>OTH</TimingStatus>
        </From>
        <To SequenceNumber="18">
          <StopPointRef>5220AWG60470</StopPointRef>
          <TimingStatus>OTH</TimingStatus>
        </To>
        <RouteLinkRef>RL44</RouteLinkRef>
        <RunTime>PT0S</RunTime>
      </JourneyPatternTimingLink>
      <JourneyPatternTimingLink id="JPTL45">
        <From SequenceNumber="18">
          <StopPointRef>5220AWG60470</StopPointRef>
          <TimingStatus>OTH</TimingStatus>
        </From>
        <To SequenceNumber="19">
          <StopPointRef>5220WDB47893</StopPointRef>
          <TimingStatus>OTH</TimingStatus>
        </To>
        <RouteLinkRef>RL45</RouteLinkRef>
        <RunTime>PT1M</RunTime>
      </JourneyPatternTimingLink>
      <JourneyPatternTimingLink id="JPTL46">
        <From SequenceNumber="19">
          <StopPointRef>5220WDB47893</StopPointRef>
          <TimingStatus>OTH</TimingStatus>
        </From>
        <To SequenceNumber="20">
          <StopPointRef>5220CMX16891</StopPointRef>
          <TimingStatus>PTP</TimingStatus>
        </To>
        <RouteLinkRef>RL46</RouteLinkRef>
        <RunTime>PT2M</RunTime>
      </JourneyPatternTimingLink>
      <JourneyPatternTimingLink id="JPTL47">
        <From SequenceNumber="20">
          <StopPointRef>5220CMX16891</StopPointRef>
          <TimingStatus>PTP</TimingStatus>
        </From>
        <To SequenceNumber="21">
          <StopPointRef>5220WDB47894</StopPointRef>
          <TimingStatus>OTH</TimingStatus>
        </To>
        <RouteLinkRef>RL47</RouteLinkRef>
        <RunTime>PT0S</RunTime>
      </JourneyPatternTimingLink>
      <JourneyPatternTimingLink id="JPTL48">
        <From SequenceNumber="21">
          <StopPointRef>5220WDB47894</StopPointRef>
          <TimingStatus>OTH</TimingStatus>
        </From>
        <To SequenceNumber="22">
          <StopPointRef>5220CMA01569</StopPointRef>
          <TimingStatus>OTH</TimingStatus>
        </To>
        <RouteLinkRef>RL48</RouteLinkRef>
        <RunTime>PT0S</RunTime>
      </JourneyPatternTimingLink>
      <JourneyPatternTimingLink id="JPTL49">
        <From SequenceNumber="22">
          <StopPointRef>5220CMA01569</StopPointRef>
          <TimingStatus>OTH</TimingStatus>
        </From>
        <To SequenceNumber="23">
          <StopPointRef>5220WDB47895</StopPointRef>
          <TimingStatus>OTH</TimingStatus>
        </To>
        <RouteLinkRef>RL49</RouteLinkRef>
        <RunTime>PT1M</RunTime>
      </JourneyPatternTimingLink>
      <JourneyPatternTimingLink id="JPTL50">
        <From SequenceNumber="23">
          <StopPointRef>5220WDB47895</StopPointRef>
          <TimingStatus>OTH</TimingStatus>
        </From>
        <To SequenceNumber="24">
          <StopPointRef>5220CMA01567</StopPointRef>
          <TimingStatus>PTP</TimingStatus>
        </To>
        <RouteLinkRef>RL50</RouteLinkRef>
        <RunTime>PT1M</RunTime>
      </JourneyPatternTimingLink>
      <JourneyPatternTimingLink id="JPTL51">
        <From SequenceNumber="24">
          <StopPointRef>5220CMA01567</StopPointRef>
          <TimingStatus>PTP</TimingStatus>
        </From>
        <To SequenceNumber="25">
          <StopPointRef>5220WDB47896</StopPointRef>
          <TimingStatus>OTH</TimingStatus>
        </To>
        <RouteLinkRef>RL51</RouteLinkRef>
        <RunTime>PT0S</RunTime>
      </JourneyPatternTimingLink>
      <JourneyPatternTimingLink id="JPTL52">
        <From SequenceNumber="25">
          <StopPointRef>5220WDB47896</StopPointRef>
          <TimingStatus>OTH</TimingStatus>
        </From>
        <To SequenceNumber="26">
          <StopPointRef>5220WDB47897</StopPointRef>
          <TimingStatus>OTH</TimingStatus>
        </To>
        <RouteLinkRef>RL52</RouteLinkRef>
        <RunTime>PT0S</RunTime>
      </JourneyPatternTimingLink>
      <JourneyPatternTimingLink id="JPTL53">
        <From SequenceNumber="26">
          <StopPointRef>5220WDB47897</StopPointRef>
          <TimingStatus>OTH</TimingStatus>
        </From>
        <To SequenceNumber="27">
          <StopPointRef>5220CMA01565</StopPointRef>
          <TimingStatus>OTH</TimingStatus>
        </To>
        <RouteLinkRef>RL53</RouteLinkRef>
        <RunTime>PT1M</RunTime>
      </JourneyPatternTimingLink>
      <JourneyPatternTimingLink id="JPTL54">
        <From SequenceNumber="27">
          <StopPointRef>5220CMA01565</StopPointRef>
          <TimingStatus>OTH</TimingStatus>
        </From>
        <To SequenceNumber="28">
          <StopPointRef>5220WDB47898</StopPointRef>
          <TimingStatus>PTP</TimingStatus>
        </To>
        <RouteLinkRef>RL54</RouteLinkRef>
        <RunTime>PT1M</RunTime>
      </JourneyPatternTimingLink>
      <JourneyPatternTimingLink id="JPTL55">
        <From SequenceNumber="28">
          <StopPointRef>5220WDB47898</StopPointRef>
          <TimingStatus>PTP</TimingStatus>
        </From>
        <To SequenceNumber="29">
          <StopPointRef>5220WDB47899</StopPointRef>
          <TimingStatus>PTP</TimingStatus>
        </To>
        <RouteLinkRef>RL55</RouteLinkRef>
        <RunTime>PT1M</RunTime>
      </JourneyPatternTimingLink>
      <JourneyPatternTimingLink id="JPTL56">
        <From SequenceNumber="29">
          <StopPointRef>5220WDB47899</StopPointRef>
          <TimingStatus>PTP</TimingStatus>
        </From>
        <To SequenceNumber="30">
          <StopPointRef>5220CMA01563</StopPointRef>
          <TimingStatus>PTP</TimingStatus>
        </To>
        <RouteLinkRef>RL56</RouteLinkRef>
        <RunTime>PT2M</RunTime>
      </JourneyPatternTimingLink>
    </JourneyPatternSection>
  </JourneyPatternSections>
  <Operators>
    <Operator id="O1">
      <NationalOperatorCode>DCOL</NationalOperatorCode>
      <OperatorCode>DCOL</OperatorCode>
      <OperatorShortName>Davies Coaches</OperatorShortName>
    </Operator>
  </Operators>
  <Services>
    <Service>
      <ServiceCode>CMAL020</ServiceCode>
      <PrivateCode>CMAL020</PrivateCode>
      <Lines>
        <Line id="SL1">
          <LineName>L20</LineName>
        </Line>
      </Lines>
      <OperatingPeriod>
        <StartDate>2017-09-04</StartDate>
      </OperatingPeriod>
      <OperatingProfile>
        <RegularDayType>
          <DaysOfWeek>
            <MondayToFriday />
          </DaysOfWeek>
        </RegularDayType>
      </OperatingProfile>
      <RegisteredOperatorRef>O1</RegisteredOperatorRef>
      <StopRequirements>
        <NoNewStopsRequired />
      </StopRequirements>
      <Mode>bus</Mode>
      <Description>Llangennech - Bryngwyn School  </Description>
      <StandardService>
        <Origin>Llangennech</Origin>
        <Destination>Bryngwyn School</Destination>
        <JourneyPattern id="JP1">
          <DestinationDisplay>Bryngwyn Bus Bays</DestinationDisplay>
          <Direction>outbound</Direction>
          <RouteRef>RT1</RouteRef>
          <JourneyPatternSectionRefs>JPS1</JourneyPatternSectionRefs>
        </JourneyPattern>
        <JourneyPattern id="JP2">
          <DestinationDisplay>Llangennech (Maesydderwen)</DestinationDisplay>
          <Direction>inbound</Direction>
          <RouteRef>RT2</RouteRef>
          <JourneyPatternSectionRefs>JPS2</JourneyPatternSectionRefs>
        </JourneyPattern>
      </StandardService>
    </Service>
  </Services>
  <VehicleJourneys>
    <VehicleJourney SequenceNumber="1">
      <PrivateCode>L20MFDCA1:O:1</PrivateCode>
      <OperatingProfile>
        <RegularDayType>
          <DaysOfWeek>
            <MondayToFriday />
          </DaysOfWeek>
        </RegularDayType>
        <ServicedOrganisationDayType>
          <DaysOfOperation>
            <WorkingDays>
              <ServicedOrganisationRef>SDA</ServicedOrganisationRef>
            </WorkingDays>
          </DaysOfOperation>
        </ServicedOrganisationDayType>
        <BankHolidayOperation>
          <DaysOfNonOperation>
            <HolidayMondays />
          </DaysOfNonOperation>
        </BankHolidayOperation>
      </OperatingProfile>
      <VehicleJourneyCode>VJ1</VehicleJourneyCode>
      <ServiceRef>CMAL020</ServiceRef>
      <LineRef>SL1</LineRef>
      <JourneyPatternRef>JP1</JourneyPatternRef>
      <DepartureTime>07:50:00</DepartureTime>
    </VehicleJourney>
    <VehicleJourney SequenceNumber="1">
      <PrivateCode>L20MFDCA1:I:1</PrivateCode>
      <OperatingProfile>
        <RegularDayType>
          <DaysOfWeek>
            <MondayToFriday />
          </DaysOfWeek>
        </RegularDayType>
        <ServicedOrganisationDayType>
          <DaysOfOperation>
            <WorkingDays>
              <ServicedOrganisationRef>SDA</ServicedOrganisationRef>
            </WorkingDays>
          </DaysOfOperation>
        </ServicedOrganisationDayType>
        <BankHolidayOperation>
          <DaysOfNonOperation>
            <HolidayMondays />
          </DaysOfNonOperation>
        </BankHolidayOperation>
      </OperatingProfile>
      <VehicleJourneyCode>VJ2</VehicleJourneyCode>
      <ServiceRef>CMAL020</ServiceRef>
      <LineRef>SL1</LineRef>
      <JourneyPatternRef>JP2</JourneyPatternRef>
      <DepartureTime>14:57:00</DepartureTime>
    </VehicleJourney>
  </VehicleJourneys>
</TransXChange>