<?xml version="1.0" encoding="utf-8"?>
<TransXChange xmlns:xsd="http://www.w3.org/2001/XMLSchema" xmlns:xsi="http://www.w3.org/2001/XMLSchema-instance" xsi:schemaLocation="http://www.transxchange.org.uk/ http://www.transxchange.org.uk/schema/2.1/TransXChange_general.xsd" CreationDateTime="2017-09-18T09:39:00-00:00" ModificationDateTime="2017-09-18T09:39:00-00:00" Modification="new" RevisionNumber="0" FileName="SVRYNBO173.xml" SchemaVersion="2.1" RegistrationDocument="false" xmlns="http://www.transxchange.org.uk/">
  <StopPoints>
    <AnnotatedStopPointRef>
      <StopPointRef>3200YNA01095</StopPointRef>
      <CommonName>The Royal Oak</CommonName>
    </AnnotatedStopPointRef>
    <AnnotatedStopPointRef>
      <StopPointRef>3200YNA01097</StopPointRef>
      <CommonName>The Library</CommonName>
    </AnnotatedStopPointRef>
    <AnnotatedStopPointRef>
      <StopPointRef>3200YNA01099</StopPointRef>
      <CommonName>Working Mens Club</CommonName>
    </AnnotatedStopPointRef>
    <AnnotatedStopPointRef>
      <StopPointRef>3200YNA01101</StopPointRef>
      <CommonName>Manor Drive</CommonName>
    </AnnotatedStopPointRef>
    <AnnotatedStopPointRef>
      <StopPointRef>3200YNA01103</StopPointRef>
      <CommonName>Main Street</CommonName>
    </AnnotatedStopPointRef>
    <AnnotatedStopPointRef>
      <StopPointRef>3200YNA01106</StopPointRef>
      <CommonName>New Tavern</CommonName>
    </AnnotatedStopPointRef>
    <AnnotatedStopPointRef>
      <StopPointRef>3200YNA01108</StopPointRef>
      <CommonName>Carr Lane</CommonName>
    </AnnotatedStopPointRef>
    <AnnotatedStopPointRef>
      <StopPointRef>3200YNA01110</StopPointRef>
      <CommonName>The Buck Inn</CommonName>
    </AnnotatedStopPointRef>
    <AnnotatedStopPointRef>
      <StopPointRef>3200YNA04909</StopPointRef>
      <CommonName>Home Farm</CommonName>
    </AnnotatedStopPointRef>
    <AnnotatedStopPointRef>
      <StopPointRef>3200YNA04915</StopPointRef>
      <CommonName>The Church</CommonName>
    </AnnotatedStopPointRef>
    <AnnotatedStopPointRef>
      <StopPointRef>3200YNA04919</StopPointRef>
      <CommonName>Rosedale Hill Cottages</CommonName>
    </AnnotatedStopPointRef>
    <AnnotatedStopPointRef>
      <StopPointRef>3200YNA04905</StopPointRef>
      <CommonName>Mucky Duck</CommonName>
    </AnnotatedStopPointRef>
    <AnnotatedStopPointRef>
      <StopPointRef>3200YNA04916</StopPointRef>
      <CommonName>Post Office</CommonName>
    </AnnotatedStopPointRef>
    <AnnotatedStopPointRef>
      <StopPointRef>3200YNA04910</StopPointRef>
      <CommonName>Croft House Farm</CommonName>
    </AnnotatedStopPointRef>
    <AnnotatedStopPointRef>
      <StopPointRef>3200YNA01111</StopPointRef>
      <CommonName>The Buck Inn</CommonName>
    </AnnotatedStopPointRef>
    <AnnotatedStopPointRef>
      <StopPointRef>3200YNA01109</StopPointRef>
      <CommonName>Carr Lane</CommonName>
    </AnnotatedStopPointRef>
    <AnnotatedStopPointRef>
      <StopPointRef>3200YNA01107</StopPointRef>
      <CommonName>New Tavern</CommonName>
    </AnnotatedStopPointRef>
    <AnnotatedStopPointRef>
      <StopPointRef>3200YNA01105</StopPointRef>
      <CommonName>Main Street</CommonName>
    </AnnotatedStopPointRef>
    <AnnotatedStopPointRef>
      <StopPointRef>3200YNA96489</StopPointRef>
      <CommonName>Northway</CommonName>
    </AnnotatedStopPointRef>
    <AnnotatedStopPointRef>
      <StopPointRef>3200YNA96488</StopPointRef>
      <CommonName>Junior School</CommonName>
    </AnnotatedStopPointRef>
    <AnnotatedStopPointRef>
      <StopPointRef>3200YNA01098</StopPointRef>
      <CommonName>The Library</CommonName>
    </AnnotatedStopPointRef>
    <AnnotatedStopPointRef>
      <StopPointRef>3200YNA01096</StopPointRef>
      <CommonName>The Royal Oak</CommonName>
    </AnnotatedStopPointRef>
    <AnnotatedStopPointRef>
      <StopPointRef>3200YNA04906</StopPointRef>
      <CommonName>Mucky Duck</CommonName>
    </AnnotatedStopPointRef>
  </StopPoints>
  <RouteSections>
    <RouteSection id="YNBO173_001">
      <RouteLink id="YNBO173_001_39806">
        <From>
          <StopPointRef>3200YNA01095</StopPointRef>
        </From>
        <To>
          <StopPointRef>3200YNA01097</StopPointRef>
        </To>
        <Direction>outbound</Direction>
      </RouteLink>
      <RouteLink id="YNBO173_001_39807">
        <From>
          <StopPointRef>3200YNA01097</StopPointRef>
        </From>
        <To>
          <StopPointRef>3200YNA01099</StopPointRef>
        </To>
        <Direction>outbound</Direction>
      </RouteLink>
      <RouteLink id="YNBO173_001_39808">
        <From>
          <StopPointRef>3200YNA01099</StopPointRef>
        </From>
        <To>
          <StopPointRef>3200YNA01101</StopPointRef>
        </To>
        <Direction>outbound</Direction>
      </RouteLink>
      <RouteLink id="YNBO173_001_39809">
        <From>
          <StopPointRef>3200YNA01101</StopPointRef>
        </From>
        <To>
          <StopPointRef>3200YNA01103</StopPointRef>
        </To>
        <Direction>outbound</Direction>
      </RouteLink>
      <RouteLink id="YNBO173_001_39810">
        <From>
          <StopPointRef>3200YNA01103</StopPointRef>
        </From>
        <To>
          <StopPointRef>3200YNA01106</StopPointRef>
        </To>
        <Direction>outbound</Direction>
      </RouteLink>
      <RouteLink id="YNBO173_001_39811">
        <From>
          <StopPointRef>3200YNA01106</StopPointRef>
        </From>
        <To>
          <StopPointRef>3200YNA01108</StopPointRef>
        </To>
        <Direction>outbound</Direction>
      </RouteLink>
      <RouteLink id="YNBO173_001_39812">
        <From>
          <StopPointRef>3200YNA01108</StopPointRef>
        </From>
        <To>
          <StopPointRef>3200YNA01110</StopPointRef>
        </To>
        <Direction>outbound</Direction>
      </RouteLink>
      <RouteLink id="YNBO173_001_39813">
        <From>
          <StopPointRef>3200YNA01110</StopPointRef>
        </From>
        <To>
          <StopPointRef>3200YNA04909</StopPointRef>
        </To>
        <Direction>outbound</Direction>
      </RouteLink>
      <RouteLink id="YNBO173_001_39814">
        <From>
          <StopPointRef>3200YNA04909</StopPointRef>
        </From>
        <To>
          <StopPointRef>3200YNA04915</StopPointRef>
        </To>
        <Direction>outbound</Direction>
      </RouteLink>
      <RouteLink id="YNBO173_001_39815">
        <From>
          <StopPointRef>3200YNA04915</StopPointRef>
        </From>
        <To>
          <StopPointRef>3200YNA04919</StopPointRef>
        </To>
        <Direction>outbound</Direction>
      </RouteLink>
    </RouteSection>
    <RouteSection id="YNBO173_002">
      <RouteLink id="YNBO173_002_39817">
        <From>
          <StopPointRef>3200YNA01095</StopPointRef>
        </From>
        <To>
          <StopPointRef>3200YNA01097</StopPointRef>
        </To>
        <Direction>outbound</Direction>
      </RouteLink>
      <RouteLink id="YNBO173_002_39818">
        <From>
          <StopPointRef>3200YNA01097</StopPointRef>
        </From>
        <To>
          <StopPointRef>3200YNA04905</StopPointRef>
        </To>
        <Direction>outbound</Direction>
      </RouteLink>
      <RouteLink id="YNBO173_002_39819">
        <From>
          <StopPointRef>3200YNA04905</StopPointRef>
        </From>
        <To>
          <StopPointRef>3200YNA04909</StopPointRef>
        </To>
        <Direction>outbound</Direction>
      </RouteLink>
      <RouteLink id="YNBO173_002_39820">
        <From>
          <StopPointRef>3200YNA04909</StopPointRef>
        </From>
        <To>
          <StopPointRef>3200YNA04915</StopPointRef>
        </To>
        <Direction>outbound</Direction>
      </RouteLink>
      <RouteLink id="YNBO173_002_39821">
        <From>
          <StopPointRef>3200YNA04915</StopPointRef>
        </From>
        <To>
          <StopPointRef>3200YNA04919</StopPointRef>
        </To>
        <Direction>outbound</Direction>
      </RouteLink>
    </RouteSection>
    <RouteSection id="YNBO173_003">
      <RouteLink id="YNBO173_003_39823">
        <From>
          <StopPointRef>3200YNA04919</StopPointRef>
        </From>
        <To>
          <StopPointRef>3200YNA04916</StopPointRef>
        </To>
        <Direction>inbound</Direction>
      </RouteLink>
      <RouteLink id="YNBO173_003_39824">
        <From>
          <StopPointRef>3200YNA04916</StopPointRef>
        </From>
        <To>
          <StopPointRef>3200YNA04910</StopPointRef>
        </To>
        <Direction>inbound</Direction>
      </RouteLink>
      <RouteLink id="YNBO173_003_39825">
        <From>
          <StopPointRef>3200YNA04910</StopPointRef>
        </From>
        <To>
          <StopPointRef>3200YNA01111</StopPointRef>
        </To>
        <Direction>inbound</Direction>
      </RouteLink>
      <RouteLink id="YNBO173_003_39826">
        <From>
          <StopPointRef>3200YNA01111</StopPointRef>
        </From>
        <To>
          <StopPointRef>3200YNA01109</StopPointRef>
        </To>
        <Direction>inbound</Direction>
      </RouteLink>
      <RouteLink id="YNBO173_003_39827">
        <From>
          <StopPointRef>3200YNA01109</StopPointRef>
        </From>
        <To>
          <StopPointRef>3200YNA01107</StopPointRef>
        </To>
        <Direction>inbound</Direction>
      </RouteLink>
      <RouteLink id="YNBO173_003_39828">
        <From>
          <StopPointRef>3200YNA01107</StopPointRef>
        </From>
        <To>
          <StopPointRef>3200YNA01105</StopPointRef>
        </To>
        <Direction>inbound</Direction>
      </RouteLink>
      <RouteLink id="YNBO173_003_39829">
        <From>
          <StopPointRef>3200YNA01105</StopPointRef>
        </From>
        <To>
          <StopPointRef>3200YNA96489</StopPointRef>
        </To>
        <Direction>inbound</Direction>
      </RouteLink>
      <RouteLink id="YNBO173_003_39830">
        <From>
          <StopPointRef>3200YNA96489</StopPointRef>
        </From>
        <To>
          <StopPointRef>3200YNA96488</StopPointRef>
        </To>
        <Direction>inbound</Direction>
      </RouteLink>
      <RouteLink id="YNBO173_003_39831">
        <From>
          <StopPointRef>3200YNA96488</StopPointRef>
        </From>
        <To>
          <StopPointRef>3200YNA01098</StopPointRef>
        </To>
        <Direction>inbound</Direction>
      </RouteLink>
      <RouteLink id="YNBO173_003_39832">
        <From>
          <StopPointRef>3200YNA01098</StopPointRef>
        </From>
        <To>
          <StopPointRef>3200YNA01096</StopPointRef>
        </To>
        <Direction>inbound</Direction>
      </RouteLink>
    </RouteSection>
    <RouteSection id="YNBO173_004">
      <RouteLink id="YNBO173_004_39834">
        <From>
          <StopPointRef>3200YNA04919</StopPointRef>
        </From>
        <To>
          <StopPointRef>3200YNA04916</StopPointRef>
        </To>
        <Direction>inbound</Direction>
      </RouteLink>
      <RouteLink id="YNBO173_004_39835">
        <From>
          <StopPointRef>3200YNA04916</StopPointRef>
        </From>
        <To>
          <StopPointRef>3200YNA04910</StopPointRef>
        </To>
        <Direction>inbound</Direction>
      </RouteLink>
      <RouteLink id="YNBO173_004_39836">
        <From>
          <StopPointRef>3200YNA04910</StopPointRef>
        </From>
        <To>
          <StopPointRef>3200YNA04906</StopPointRef>
        </To>
        <Direction>inbound</Direction>
      </RouteLink>
      <RouteLink id="YNBO173_004_39837">
        <From>
          <StopPointRef>3200YNA04906</StopPointRef>
        </From>
        <To>
          <StopPointRef>3200YNA01098</StopPointRef>
        </To>
        <Direction>inbound</Direction>
      </RouteLink>
      <RouteLink id="YNBO173_004_39838">
        <From>
          <StopPointRef>3200YNA01098</StopPointRef>
        </From>
        <To>
          <StopPointRef>3200YNA01096</StopPointRef>
        </To>
        <Direction>inbound</Direction>
      </RouteLink>
    </RouteSection>
  </RouteSections>
  <Routes>
    <Route id="YNBO173_001">
      <Description>Pickering - Rosedale
</Description>
      <RouteSectionRef>YNBO173_001</RouteSectionRef>
    </Route>
    <Route id="YNBO173_002">
      <Description>Pickering - Rosedale
</Description>
      <RouteSectionRef>YNBO173_002</RouteSectionRef>
    </Route>
    <Route id="YNBO173_003">
      <Description>Rosedale - Pickering
</Description>
      <RouteSectionRef>YNBO173_003</RouteSectionRef>
    </Route>
    <Route id="YNBO173_004">
      <Description>Rosedale - Pickering
</Description>
      <RouteSectionRef>YNBO173_004</RouteSectionRef>
    </Route>
  </Routes>
  <JourneyPatternSections>
    <JourneyPatternSection id="JPS_YNBO173-5">
      <JourneyPatternTimingLink id="JPS_YNBO173-5_39806">
        <From>
          <StopPointRef>3200YNA01095</StopPointRef>
          <TimingStatus>PTP</TimingStatus>
        </From>
        <To>
          <StopPointRef>3200YNA01097</StopPointRef>
          <TimingStatus>PTP</TimingStatus>
        </To>
        <RouteLinkRef>YNBO173_001_39806</RouteLinkRef>
        <Direction>outbound</Direction>
        <RunTime>PT300S</RunTime>
      </JourneyPatternTimingLink>
      <JourneyPatternTimingLink id="JPS_YNBO173-5_39807">
        <From>
          <StopPointRef>3200YNA01097</StopPointRef>
          <TimingStatus>PTP</TimingStatus>
        </From>
        <To>
          <StopPointRef>3200YNA01099</StopPointRef>
          <TimingStatus>OTH</TimingStatus>
        </To>
        <RouteLinkRef>YNBO173_001_39807</RouteLinkRef>
        <Direction>outbound</Direction>
        <RunTime>PT0S</RunTime>
      </JourneyPatternTimingLink>
      <JourneyPatternTimingLink id="JPS_YNBO173-5_39808">
        <From>
          <StopPointRef>3200YNA01099</StopPointRef>
          <TimingStatus>OTH</TimingStatus>
        </From>
        <To>
          <StopPointRef>3200YNA01101</StopPointRef>
          <TimingStatus>OTH</TimingStatus>
        </To>
        <RouteLinkRef>YNBO173_001_39808</RouteLinkRef>
        <Direction>outbound</Direction>
        <RunTime>PT60S</RunTime>
      </JourneyPatternTimingLink>
      <JourneyPatternTimingLink id="JPS_YNBO173-5_39809">
        <From>
          <StopPointRef>3200YNA01101</StopPointRef>
          <TimingStatus>OTH</TimingStatus>
        </From>
        <To>
          <StopPointRef>3200YNA01103</StopPointRef>
          <TimingStatus>OTH</TimingStatus>
        </To>
        <RouteLinkRef>YNBO173_001_39809</RouteLinkRef>
        <Direction>outbound</Direction>
        <RunTime>PT60S</RunTime>
      </JourneyPatternTimingLink>
      <JourneyPatternTimingLink id="JPS_YNBO173-5_39810">
        <From>
          <StopPointRef>3200YNA01103</StopPointRef>
          <TimingStatus>OTH</TimingStatus>
        </From>
        <To>
          <StopPointRef>3200YNA01106</StopPointRef>
          <TimingStatus>OTH</TimingStatus>
        </To>
        <RouteLinkRef>YNBO173_001_39810</RouteLinkRef>
        <Direction>outbound</Direction>
        <RunTime>PT0S</RunTime>
      </JourneyPatternTimingLink>
      <JourneyPatternTimingLink id="JPS_YNBO173-5_39811">
        <From>
          <StopPointRef>3200YNA01106</StopPointRef>
          <TimingStatus>OTH</TimingStatus>
        </From>
        <To>
          <StopPointRef>3200YNA01108</StopPointRef>
          <TimingStatus>OTH</TimingStatus>
        </To>
        <RouteLinkRef>YNBO173_001_39811</RouteLinkRef>
        <Direction>outbound</Direction>
        <RunTime>PT60S</RunTime>
      </JourneyPatternTimingLink>
      <JourneyPatternTimingLink id="JPS_YNBO173-5_39812">
        <From>
          <StopPointRef>3200YNA01108</StopPointRef>
          <TimingStatus>OTH</TimingStatus>
        </From>
        <To>
          <StopPointRef>3200YNA01110</StopPointRef>
          <TimingStatus>PTP</TimingStatus>
        </To>
        <RouteLinkRef>YNBO173_001_39812</RouteLinkRef>
        <Direction>outbound</Direction>
        <RunTime>PT120S</RunTime>
      </JourneyPatternTimingLink>
      <JourneyPatternTimingLink id="JPS_YNBO173-5_39813">
        <From>
          <StopPointRef>3200YNA01110</StopPointRef>
          <TimingStatus>PTP</TimingStatus>
        </From>
        <To>
          <StopPointRef>3200YNA04909</StopPointRef>
          <TimingStatus>PTP</TimingStatus>
        </To>
        <RouteLinkRef>YNBO173_001_39813</RouteLinkRef>
        <Direction>outbound</Direction>
        <RunTime>PT300S</RunTime>
      </JourneyPatternTimingLink>
      <JourneyPatternTimingLink id="JPS_YNBO173-5_39814">
        <From>
          <StopPointRef>3200YNA04909</StopPointRef>
          <TimingStatus>PTP</TimingStatus>
        </From>
        <To>
          <StopPointRef>3200YNA04915</StopPointRef>
          <TimingStatus>PTP</TimingStatus>
        </To>
        <RouteLinkRef>YNBO173_001_39814</RouteLinkRef>
        <Direction>outbound</Direction>
        <RunTime>PT600S</RunTime>
      </JourneyPatternTimingLink>
      <JourneyPatternTimingLink id="JPS_YNBO173-5_39815">
        <From>
          <StopPointRef>3200YNA04915</StopPointRef>
          <TimingStatus>PTP</TimingStatus>
        </From>
        <To>
          <StopPointRef>3200YNA04919</StopPointRef>
          <TimingStatus>PTP</TimingStatus>
        </To>
        <RouteLinkRef>YNBO173_001_39815</RouteLinkRef>
        <Direction>outbound</Direction>
        <RunTime>PT300S</RunTime>
      </JourneyPatternTimingLink>
    </JourneyPatternSection>
    <JourneyPatternSection id="JPS_YNBO173-6">
      <JourneyPatternTimingLink id="JPS_YNBO173-6_39817">
        <From>
          <StopPointRef>3200YNA01095</StopPointRef>
          <TimingStatus>PTP</TimingStatus>
        </From>
        <To>
          <StopPointRef>3200YNA01097</StopPointRef>
          <TimingStatus>PTP</TimingStatus>
        </To>
        <RouteLinkRef>YNBO173_002_39817</RouteLinkRef>
        <Direction>outbound</Direction>
        <RunTime>PT300S</RunTime>
      </JourneyPatternTimingLink>
      <JourneyPatternTimingLink id="JPS_YNBO173-6_39818">
        <From>
          <StopPointRef>3200YNA01097</StopPointRef>
          <TimingStatus>PTP</TimingStatus>
        </From>
        <To>
          <StopPointRef>3200YNA04905</StopPointRef>
          <TimingStatus>PTP</TimingStatus>
        </To>
        <RouteLinkRef>YNBO173_002_39818</RouteLinkRef>
        <Direction>outbound</Direction>
        <RunTime>PT600S</RunTime>
      </JourneyPatternTimingLink>
      <JourneyPatternTimingLink id="JPS_YNBO173-6_39819">
        <From>
          <StopPointRef>3200YNA04905</StopPointRef>
          <TimingStatus>PTP</TimingStatus>
        </From>
        <To>
          <StopPointRef>3200YNA04909</StopPointRef>
          <TimingStatus>PTP</TimingStatus>
        </To>
        <RouteLinkRef>YNBO173_002_39819</RouteLinkRef>
        <Direction>outbound</Direction>
        <RunTime>PT420S</RunTime>
      </JourneyPatternTimingLink>
      <JourneyPatternTimingLink id="JPS_YNBO173-6_39820">
        <From>
          <StopPointRef>3200YNA04909</StopPointRef>
          <TimingStatus>PTP</TimingStatus>
        </From>
        <To>
          <StopPointRef>3200YNA04915</StopPointRef>
          <TimingStatus>PTP</TimingStatus>
        </To>
        <RouteLinkRef>YNBO173_002_39820</RouteLinkRef>
        <Direction>outbound</Direction>
        <RunTime>PT780S</RunTime>
      </JourneyPatternTimingLink>
      <JourneyPatternTimingLink id="JPS_YNBO173-6_39821">
        <From>
          <StopPointRef>3200YNA04915</StopPointRef>
          <TimingStatus>PTP</TimingStatus>
        </From>
        <To>
          <StopPointRef>3200YNA04919</StopPointRef>
          <TimingStatus>PTP</TimingStatus>
        </To>
        <RouteLinkRef>YNBO173_002_39821</RouteLinkRef>
        <Direction>outbound</Direction>
        <RunTime>PT300S</RunTime>
      </JourneyPatternTimingLink>
    </JourneyPatternSection>
    <JourneyPatternSection id="JPS_YNBO173-7">
      <JourneyPatternTimingLink id="JPS_YNBO173-7_39823">
        <From>
          <StopPointRef>3200YNA04919</StopPointRef>
          <TimingStatus>PTP</TimingStatus>
        </From>
        <To>
          <StopPointRef>3200YNA04916</StopPointRef>
          <TimingStatus>PTP</TimingStatus>
        </To>
        <RouteLinkRef>YNBO173_003_39823</RouteLinkRef>
        <Direction>inbound</Direction>
        <RunTime>PT300S</RunTime>
      </JourneyPatternTimingLink>
      <JourneyPatternTimingLink id="JPS_YNBO173-7_39824">
        <From>
          <StopPointRef>3200YNA04916</StopPointRef>
          <TimingStatus>PTP</TimingStatus>
        </From>
        <To>
          <StopPointRef>3200YNA04910</StopPointRef>
          <TimingStatus>PTP</TimingStatus>
        </To>
        <RouteLinkRef>YNBO173_003_39824</RouteLinkRef>
        <Direction>inbound</Direction>
        <RunTime>PT600S</RunTime>
      </JourneyPatternTimingLink>
      <JourneyPatternTimingLink id="JPS_YNBO173-7_39825">
        <From>
          <StopPointRef>3200YNA04910</StopPointRef>
          <TimingStatus>PTP</TimingStatus>
        </From>
        <To>
          <StopPointRef>3200YNA01111</StopPointRef>
          <TimingStatus>PTP</TimingStatus>
        </To>
        <RouteLinkRef>YNBO173_003_39825</RouteLinkRef>
        <Direction>inbound</Direction>
        <RunTime>PT600S</RunTime>
      </JourneyPatternTimingLink>
      <JourneyPatternTimingLink id="JPS_YNBO173-7_39826">
        <From>
          <StopPointRef>3200YNA01111</StopPointRef>
          <TimingStatus>PTP</TimingStatus>
        </From>
        <To>
          <StopPointRef>3200YNA01109</StopPointRef>
          <TimingStatus>OTH</TimingStatus>
        </To>
        <RouteLinkRef>YNBO173_003_39826</RouteLinkRef>
        <Direction>inbound</Direction>
        <RunTime>PT120S</RunTime>
      </JourneyPatternTimingLink>
      <JourneyPatternTimingLink id="JPS_YNBO173-7_39827">
        <From>
          <StopPointRef>3200YNA01109</StopPointRef>
          <TimingStatus>OTH</TimingStatus>
        </From>
        <To>
          <StopPointRef>3200YNA01107</StopPointRef>
          <TimingStatus>OTH</TimingStatus>
        </To>
        <RouteLinkRef>YNBO173_003_39827</RouteLinkRef>
        <Direction>inbound</Direction>
        <RunTime>PT120S</RunTime>
      </JourneyPatternTimingLink>
      <JourneyPatternTimingLink id="JPS_YNBO173-7_39828">
        <From>
          <StopPointRef>3200YNA01107</StopPointRef>
          <TimingStatus>OTH</TimingStatus>
        </From>
        <To>
          <StopPointRef>3200YNA01105</StopPointRef>
          <TimingStatus>OTH</TimingStatus>
        </To>
        <RouteLinkRef>YNBO173_003_39828</RouteLinkRef>
        <Direction>inbound</Direction>
        <RunTime>PT60S</RunTime>
      </JourneyPatternTimingLink>
      <JourneyPatternTimingLink id="JPS_YNBO173-7_39829">
        <From>
          <StopPointRef>3200YNA01105</StopPointRef>
          <TimingStatus>OTH</TimingStatus>
        </From>
        <To>
          <StopPointRef>3200YNA96489</StopPointRef>
          <TimingStatus>OTH</TimingStatus>
        </To>
        <RouteLinkRef>YNBO173_003_39829</RouteLinkRef>
        <Direction>inbound</Direction>
        <RunTime>PT120S</RunTime>
      </JourneyPatternTimingLink>
      <JourneyPatternTimingLink id="JPS_YNBO173-7_39830">
        <From>
          <StopPointRef>3200YNA96489</StopPointRef>
          <TimingStatus>OTH</TimingStatus>
        </From>
        <To>
          <StopPointRef>3200YNA96488</StopPointRef>
          <TimingStatus>OTH</TimingStatus>
        </To>
        <RouteLinkRef>YNBO173_003_39830</RouteLinkRef>
        <Direction>inbound</Direction>
        <RunTime>PT120S</RunTime>
      </JourneyPatternTimingLink>
      <JourneyPatternTimingLink id="JPS_YNBO173-7_39831">
        <From>
          <StopPointRef>3200YNA96488</StopPointRef>
          <TimingStatus>OTH</TimingStatus>
        </From>
        <To>
          <StopPointRef>3200YNA01098</StopPointRef>
          <TimingStatus>PTP</TimingStatus>
        </To>
        <RouteLinkRef>YNBO173_003_39831</RouteLinkRef>
        <Direction>inbound</Direction>
        <RunTime>PT60S</RunTime>
      </JourneyPatternTimingLink>
      <JourneyPatternTimingLink id="JPS_YNBO173-7_39832">
        <From>
          <StopPointRef>3200YNA01098</StopPointRef>
          <TimingStatus>PTP</TimingStatus>
        </From>
        <To>
          <StopPointRef>3200YNA01096</StopPointRef>
          <TimingStatus>PTP</TimingStatus>
        </To>
        <RouteLinkRef>YNBO173_003_39832</RouteLinkRef>
        <Direction>inbound</Direction>
        <RunTime>PT300S</RunTime>
      </JourneyPatternTimingLink>
    </JourneyPatternSection>
    <JourneyPatternSection id="JPS_YNBO173-8">
      <JourneyPatternTimingLink id="JPS_YNBO173-8_39834">
        <From>
          <StopPointRef>3200YNA04919</StopPointRef>
          <TimingStatus>PTP</TimingStatus>
        </From>
        <To>
          <StopPointRef>3200YNA04916</StopPointRef>
          <TimingStatus>PTP</TimingStatus>
        </To>
        <RouteLinkRef>YNBO173_004_39834</RouteLinkRef>
        <Direction>inbound</Direction>
        <RunTime>PT300S</RunTime>
      </JourneyPatternTimingLink>
      <JourneyPatternTimingLink id="JPS_YNBO173-8_39835">
        <From>
          <StopPointRef>3200YNA04916</StopPointRef>
          <TimingStatus>PTP</TimingStatus>
        </From>
        <To>
          <StopPointRef>3200YNA04910</StopPointRef>
          <TimingStatus>PTP</TimingStatus>
        </To>
        <RouteLinkRef>YNBO173_004_39835</RouteLinkRef>
        <Direction>inbound</Direction>
        <RunTime>PT600S</RunTime>
      </JourneyPatternTimingLink>
      <JourneyPatternTimingLink id="JPS_YNBO173-8_39836">
        <From>
          <StopPointRef>3200YNA04910</StopPointRef>
          <TimingStatus>PTP</TimingStatus>
        </From>
        <To>
          <StopPointRef>3200YNA04906</StopPointRef>
          <TimingStatus>PTP</TimingStatus>
        </To>
        <RouteLinkRef>YNBO173_004_39836</RouteLinkRef>
        <Direction>inbound</Direction>
        <RunTime>PT300S</RunTime>
      </JourneyPatternTimingLink>
      <JourneyPatternTimingLink id="JPS_YNBO173-8_39837">
        <From>
          <StopPointRef>3200YNA04906</StopPointRef>
          <TimingStatus>PTP</TimingStatus>
        </From>
        <To>
          <StopPointRef>3200YNA01098</StopPointRef>
          <TimingStatus>PTP</TimingStatus>
        </To>
        <RouteLinkRef>YNBO173_004_39837</RouteLinkRef>
        <Direction>inbound</Direction>
        <RunTime>PT600S</RunTime>
      </JourneyPatternTimingLink>
      <JourneyPatternTimingLink id="JPS_YNBO173-8_39838">
        <From>
          <StopPointRef>3200YNA01098</StopPointRef>
          <TimingStatus>PTP</TimingStatus>
        </From>
        <To>
          <StopPointRef>3200YNA01096</StopPointRef>
          <TimingStatus>PTP</TimingStatus>
        </To>
        <RouteLinkRef>YNBO173_004_39838</RouteLinkRef>
        <Direction>inbound</Direction>
        <RunTime>PT300S</RunTime>
      </JourneyPatternTimingLink>
    </JourneyPatternSection>
  </JourneyPatternSections>
  <Operators>
    <Operator id="RYE">
      <NationalOperatorCode>RYCA</NationalOperatorCode>
      <OperatorCode>RYE</OperatorCode>
      <OperatorShortName>Ryecat Ltd</OperatorShortName>
    </Operator>
  </Operators>
  <Services>
    <Service>
      <ServiceCode>YNBO173</ServiceCode>
      <Lines>
        <Line id="0">
          <LineName>173</LineName>
        </Line>
      </Lines>
      <OperatingPeriod>
        <StartDate>2016-06-01</StartDate>
        <EndDate>2038-01-17</EndDate>
      </OperatingPeriod>
      <RegisteredOperatorRef>RYE</RegisteredOperatorRef>
      <StopRequirements>
        <NoNewStopsRequired />
      </StopRequirements>
      <Mode>bus</Mode>
      <Description>Pickering - Rosedale</Description>
      <StandardService>
        <Origin>Pickering</Origin>
        <Destination>Rosedale</Destination>
        <JourneyPattern id="JPS_YNBO173-5">
          <Direction>outbound</Direction>
          <JourneyPatternSectionRefs>JPS_YNBO173-5</JourneyPatternSectionRefs>
        </JourneyPattern>
        <JourneyPattern id="JPS_YNBO173-6">
          <Direction>outbound</Direction>
          <JourneyPatternSectionRefs>JPS_YNBO173-6</JourneyPatternSectionRefs>
        </JourneyPattern>
        <JourneyPattern id="JPS_YNBO173-7">
          <Direction>inbound</Direction>
          <JourneyPatternSectionRefs>JPS_YNBO173-7</JourneyPatternSectionRefs>
        </JourneyPattern>
        <JourneyPattern id="JPS_YNBO173-8">
          <Direction>inbound</Direction>
          <JourneyPatternSectionRefs>JPS_YNBO173-8</JourneyPatternSectionRefs>
        </JourneyPattern>
      </StandardService>
    </Service>
  </Services>
  <VehicleJourneys>
    <VehicleJourney>
      <OperatorRef>RYE</OperatorRef>
      <OperatingProfile>
        <RegularDayType>
          <DaysOfWeek>
            <Monday />
          </DaysOfWeek>
        </RegularDayType>
        <BankHolidayOperation>
          <DaysOfNonOperation>
            <ChristmasDay />
            <NewYearsDay />
            <LateSummerBankHolidayNotScotland />
            <EasterMonday />
            <SpringBank />
          </DaysOfNonOperation>
        </BankHolidayOperation>
      </OperatingProfile>
      <VehicleJourneyCode>67107</VehicleJourneyCode>
      <ServiceRef>YNBO173</ServiceRef>
      <LineRef>0</LineRef>
      <JourneyPatternRef>JPS_YNBO173-5</JourneyPatternRef>
      <DepartureTime>10:00:00</DepartureTime>
    </VehicleJourney>
    <VehicleJourney>
      <OperatorRef>RYE</OperatorRef>
      <OperatingProfile>
        <RegularDayType>
          <DaysOfWeek>
            <Monday />
          </DaysOfWeek>
        </RegularDayType>
        <BankHolidayOperation>
          <DaysOfNonOperation>
            <ChristmasDay />
            <NewYearsDay />
            <LateSummerBankHolidayNotScotland />
            <EasterMonday />
            <SpringBank />
          </DaysOfNonOperation>
        </BankHolidayOperation>
      </OperatingProfile>
      <VehicleJourneyCode>67108</VehicleJourneyCode>
      <ServiceRef>YNBO173</ServiceRef>
      <LineRef>0</LineRef>
      <JourneyPatternRef>JPS_YNBO173-6</JourneyPatternRef>
      <DepartureTime>14:00:00</DepartureTime>
    </VehicleJourney>
    <VehicleJourney>
      <OperatorRef>RYE</OperatorRef>
      <OperatingProfile>
        <RegularDayType>
          <DaysOfWeek>
            <Monday />
          </DaysOfWeek>
        </RegularDayType>
        <BankHolidayOperation>
          <DaysOfNonOperation>
            <ChristmasDay />
            <NewYearsDay />
            <LateSummerBankHolidayNotScotland />
            <EasterMonday />
            <SpringBank />
          </DaysOfNonOperation>
        </BankHolidayOperation>
      </OperatingProfile>
      <VehicleJourneyCode>67109</VehicleJourneyCode>
      <ServiceRef>YNBO173</ServiceRef>
      <LineRef>0</LineRef>
      <JourneyPatternRef>JPS_YNBO173-7</JourneyPatternRef>
      <DepartureTime>10:30:00</DepartureTime>
    </VehicleJourney>
    <VehicleJourney>
      <OperatorRef>RYE</OperatorRef>
      <OperatingProfile>
        <RegularDayType>
          <DaysOfWeek>
            <Monday />
          </DaysOfWeek>
        </RegularDayType>
        <BankHolidayOperation>
          <DaysOfNonOperation>
            <ChristmasDay />
            <NewYearsDay />
            <LateSummerBankHolidayNotScotland />
            <EasterMonday />
            <SpringBank />
          </DaysOfNonOperation>
        </BankHolidayOperation>
      </OperatingProfile>
      <VehicleJourneyCode>67110</VehicleJourneyCode>
      <ServiceRef>YNBO173</ServiceRef>
      <LineRef>0</LineRef>
      <JourneyPatternRef>JPS_YNBO173-8</JourneyPatternRef>
      <DepartureTime>14:40:00</DepartureTime>
    </VehicleJourney>
  </VehicleJourneys>
</TransXChange>