<?xml version="1.0" encoding="utf-8"?>
<TransXChange xmlns:xsd="http://www.w3.org/2001/XMLSchema" xmlns:xsi="http://www.w3.org/2001/XMLSchema-instance" xsi:schemaLocation="http://www.transxchange.org.uk/ http://www.transxchange.org.uk/schema/2.1/TransXChange_general.xsd" CreationDateTime="2017-09-18T09:38:00-00:00" ModificationDateTime="2017-09-18T09:38:00-00:00" Modification="new" RevisionNumber="0" FileName="SVRYNBX006.xml" SchemaVersion="2.1" RegistrationDocument="false" xmlns="http://www.transxchange.org.uk/">
  <StopPoints>
    <AnnotatedStopPointRef>
      <StopPointRef>3200YND90050</StopPointRef>
      <CommonName>Bus Stn Stand 5</CommonName>
    </AnnotatedStopPointRef>
    <AnnotatedStopPointRef>
      <StopPointRef>3200YND81000</StopPointRef>
      <CommonName>Victoria Avenue</CommonName>
    </AnnotatedStopPointRef>
    <AnnotatedStopPointRef>
      <StopPointRef>3200YND12510</StopPointRef>
      <CommonName>County Court</CommonName>
    </AnnotatedStopPointRef>
    <AnnotatedStopPointRef>
      <StopPointRef>3200YND81010</StopPointRef>
      <CommonName>Montpellier Hill</CommonName>
    </AnnotatedStopPointRef>
    <AnnotatedStopPointRef>
      <StopPointRef>3200YND81370</StopPointRef>
      <CommonName>White Hart Hotel</CommonName>
    </AnnotatedStopPointRef>
    <AnnotatedStopPointRef>
      <StopPointRef>3200YND81360</StopPointRef>
      <CommonName>Cold Bath Road PO</CommonName>
    </AnnotatedStopPointRef>
    <AnnotatedStopPointRef>
      <StopPointRef>3200YND81030</StopPointRef>
      <CommonName>Cold Bath Road PO</CommonName>
    </AnnotatedStopPointRef>
    <AnnotatedStopPointRef>
      <StopPointRef>3200YND81040</StopPointRef>
      <CommonName>Queens Road</CommonName>
    </AnnotatedStopPointRef>
    <AnnotatedStopPointRef>
      <StopPointRef>3200YND81050</StopPointRef>
      <CommonName>New Inn</CommonName>
    </AnnotatedStopPointRef>
    <AnnotatedStopPointRef>
      <StopPointRef>3200YND81060</StopPointRef>
      <CommonName>Pannal Ash Road</CommonName>
    </AnnotatedStopPointRef>
    <AnnotatedStopPointRef>
      <StopPointRef>3200YND81070</StopPointRef>
      <CommonName>Harlow Oval</CommonName>
    </AnnotatedStopPointRef>
    <AnnotatedStopPointRef>
      <StopPointRef>3200YND81080</StopPointRef>
      <CommonName>College Street</CommonName>
    </AnnotatedStopPointRef>
    <AnnotatedStopPointRef>
      <StopPointRef>3200YND81090</StopPointRef>
      <CommonName>Shepherds Dog</CommonName>
    </AnnotatedStopPointRef>
    <AnnotatedStopPointRef>
      <StopPointRef>3200YND81120</StopPointRef>
      <CommonName>Beckwith Avenue</CommonName>
    </AnnotatedStopPointRef>
    <AnnotatedStopPointRef>
      <StopPointRef>3200YND81130</StopPointRef>
      <CommonName>Beckwith Crescent</CommonName>
    </AnnotatedStopPointRef>
    <AnnotatedStopPointRef>
      <StopPointRef>3200YND81210</StopPointRef>
      <CommonName>Wellfield Court</CommonName>
    </AnnotatedStopPointRef>
    <AnnotatedStopPointRef>
      <StopPointRef>3200YND81220</StopPointRef>
      <CommonName>Opp Sports Centre</CommonName>
    </AnnotatedStopPointRef>
    <AnnotatedStopPointRef>
      <StopPointRef>3200YND90040</StopPointRef>
      <CommonName>Bus Stn Stand 4</CommonName>
    </AnnotatedStopPointRef>
    <AnnotatedStopPointRef>
      <StopPointRef>3200YND81230</StopPointRef>
      <CommonName>Harlow Crescent</CommonName>
    </AnnotatedStopPointRef>
    <AnnotatedStopPointRef>
      <StopPointRef>3200YND81240</StopPointRef>
      <CommonName>Harlow Park Drive</CommonName>
    </AnnotatedStopPointRef>
    <AnnotatedStopPointRef>
      <StopPointRef>3200YND81250</StopPointRef>
      <CommonName>Beckwith Avenue</CommonName>
    </AnnotatedStopPointRef>
    <AnnotatedStopPointRef>
      <StopPointRef>3200YND81260</StopPointRef>
      <CommonName>Larkfield Way</CommonName>
    </AnnotatedStopPointRef>
    <AnnotatedStopPointRef>
      <StopPointRef>3200YND81290</StopPointRef>
      <CommonName>Plantation Road</CommonName>
    </AnnotatedStopPointRef>
    <AnnotatedStopPointRef>
      <StopPointRef>3200YND81300</StopPointRef>
      <CommonName>Shepherds Dog</CommonName>
    </AnnotatedStopPointRef>
    <AnnotatedStopPointRef>
      <StopPointRef>3200YND81310</StopPointRef>
      <CommonName>College Street</CommonName>
    </AnnotatedStopPointRef>
    <AnnotatedStopPointRef>
      <StopPointRef>3200YND81320</StopPointRef>
      <CommonName>Harlow Oval</CommonName>
    </AnnotatedStopPointRef>
    <AnnotatedStopPointRef>
      <StopPointRef>3200YND81330</StopPointRef>
      <CommonName>New Inn</CommonName>
    </AnnotatedStopPointRef>
    <AnnotatedStopPointRef>
      <StopPointRef>3200YND81340</StopPointRef>
      <CommonName>Wordsworth Crescent</CommonName>
    </AnnotatedStopPointRef>
    <AnnotatedStopPointRef>
      <StopPointRef>3200YND81350</StopPointRef>
      <CommonName>Beechwood Crescent</CommonName>
    </AnnotatedStopPointRef>
    <AnnotatedStopPointRef>
      <StopPointRef>3200YNA96791</StopPointRef>
      <CommonName>The Adelphi</CommonName>
    </AnnotatedStopPointRef>
    <AnnotatedStopPointRef>
      <StopPointRef>3200YND81020</StopPointRef>
      <CommonName>White Hart</CommonName>
    </AnnotatedStopPointRef>
    <AnnotatedStopPointRef>
      <StopPointRef>3200YND13100</StopPointRef>
      <CommonName>Cheltenham Crescent</CommonName>
    </AnnotatedStopPointRef>
  </StopPoints>
  <RouteSections>
    <RouteSection id="YNBX006_001">
      <RouteLink id="YNBX006_001_40704">
        <From>
          <StopPointRef>3200YND90050</StopPointRef>
        </From>
        <To>
          <StopPointRef>3200YND81000</StopPointRef>
        </To>
        <Direction>outbound</Direction>
      </RouteLink>
      <RouteLink id="YNBX006_001_40705">
        <From>
          <StopPointRef>3200YND81000</StopPointRef>
        </From>
        <To>
          <StopPointRef>3200YND12510</StopPointRef>
        </To>
        <Direction>outbound</Direction>
      </RouteLink>
      <RouteLink id="YNBX006_001_40706">
        <From>
          <StopPointRef>3200YND12510</StopPointRef>
        </From>
        <To>
          <StopPointRef>3200YND81010</StopPointRef>
        </To>
        <Direction>outbound</Direction>
      </RouteLink>
      <RouteLink id="YNBX006_001_40707">
        <From>
          <StopPointRef>3200YND81010</StopPointRef>
        </From>
        <To>
          <StopPointRef>3200YND81370</StopPointRef>
        </To>
        <Direction>outbound</Direction>
      </RouteLink>
      <RouteLink id="YNBX006_001_40708">
        <From>
          <StopPointRef>3200YND81370</StopPointRef>
        </From>
        <To>
          <StopPointRef>3200YND81360</StopPointRef>
        </To>
        <Direction>outbound</Direction>
      </RouteLink>
      <RouteLink id="YNBX006_001_40709">
        <From>
          <StopPointRef>3200YND81360</StopPointRef>
        </From>
        <To>
          <StopPointRef>3200YND81030</StopPointRef>
        </To>
        <Direction>outbound</Direction>
      </RouteLink>
      <RouteLink id="YNBX006_001_40710">
        <From>
          <StopPointRef>3200YND81030</StopPointRef>
        </From>
        <To>
          <StopPointRef>3200YND81040</StopPointRef>
        </To>
        <Direction>outbound</Direction>
      </RouteLink>
      <RouteLink id="YNBX006_001_40711">
        <From>
          <StopPointRef>3200YND81040</StopPointRef>
        </From>
        <To>
          <StopPointRef>3200YND81050</StopPointRef>
        </To>
        <Direction>outbound</Direction>
      </RouteLink>
      <RouteLink id="YNBX006_001_40712">
        <From>
          <StopPointRef>3200YND81050</StopPointRef>
        </From>
        <To>
          <StopPointRef>3200YND81060</StopPointRef>
        </To>
        <Direction>outbound</Direction>
      </RouteLink>
      <RouteLink id="YNBX006_001_40713">
        <From>
          <StopPointRef>3200YND81060</StopPointRef>
        </From>
        <To>
          <StopPointRef>3200YND81070</StopPointRef>
        </To>
        <Direction>outbound</Direction>
      </RouteLink>
      <RouteLink id="YNBX006_001_40714">
        <From>
          <StopPointRef>3200YND81070</StopPointRef>
        </From>
        <To>
          <StopPointRef>3200YND81080</StopPointRef>
        </To>
        <Direction>outbound</Direction>
      </RouteLink>
      <RouteLink id="YNBX006_001_40715">
        <From>
          <StopPointRef>3200YND81080</StopPointRef>
        </From>
        <To>
          <StopPointRef>3200YND81090</StopPointRef>
        </To>
        <Direction>outbound</Direction>
      </RouteLink>
      <RouteLink id="YNBX006_001_40716">
        <From>
          <StopPointRef>3200YND81090</StopPointRef>
        </From>
        <To>
          <StopPointRef>3200YND81120</StopPointRef>
        </To>
        <Direction>outbound</Direction>
      </RouteLink>
      <RouteLink id="YNBX006_001_40717">
        <From>
          <StopPointRef>3200YND81120</StopPointRef>
        </From>
        <To>
          <StopPointRef>3200YND81130</StopPointRef>
        </To>
        <Direction>outbound</Direction>
      </RouteLink>
      <RouteLink id="YNBX006_001_40718">
        <From>
          <StopPointRef>3200YND81130</StopPointRef>
        </From>
        <To>
          <StopPointRef>3200YND81210</StopPointRef>
        </To>
        <Direction>outbound</Direction>
      </RouteLink>
      <RouteLink id="YNBX006_001_40719">
        <From>
          <StopPointRef>3200YND81210</StopPointRef>
        </From>
        <To>
          <StopPointRef>3200YND81220</StopPointRef>
        </To>
        <Direction>outbound</Direction>
      </RouteLink>
    </RouteSection>
    <RouteSection id="YNBX006_002">
      <RouteLink id="YNBX006_002_40721">
        <From>
          <StopPointRef>3200YND90040</StopPointRef>
        </From>
        <To>
          <StopPointRef>3200YND81000</StopPointRef>
        </To>
        <Direction>outbound</Direction>
      </RouteLink>
      <RouteLink id="YNBX006_002_40722">
        <From>
          <StopPointRef>3200YND81000</StopPointRef>
        </From>
        <To>
          <StopPointRef>3200YND12510</StopPointRef>
        </To>
        <Direction>outbound</Direction>
      </RouteLink>
      <RouteLink id="YNBX006_002_40723">
        <From>
          <StopPointRef>3200YND12510</StopPointRef>
        </From>
        <To>
          <StopPointRef>3200YND81010</StopPointRef>
        </To>
        <Direction>outbound</Direction>
      </RouteLink>
      <RouteLink id="YNBX006_002_40724">
        <From>
          <StopPointRef>3200YND81010</StopPointRef>
        </From>
        <To>
          <StopPointRef>3200YND81370</StopPointRef>
        </To>
        <Direction>outbound</Direction>
      </RouteLink>
      <RouteLink id="YNBX006_002_40725">
        <From>
          <StopPointRef>3200YND81370</StopPointRef>
        </From>
        <To>
          <StopPointRef>3200YND81360</StopPointRef>
        </To>
        <Direction>outbound</Direction>
      </RouteLink>
      <RouteLink id="YNBX006_002_40726">
        <From>
          <StopPointRef>3200YND81360</StopPointRef>
        </From>
        <To>
          <StopPointRef>3200YND81030</StopPointRef>
        </To>
        <Direction>outbound</Direction>
      </RouteLink>
      <RouteLink id="YNBX006_002_40727">
        <From>
          <StopPointRef>3200YND81030</StopPointRef>
        </From>
        <To>
          <StopPointRef>3200YND81040</StopPointRef>
        </To>
        <Direction>outbound</Direction>
      </RouteLink>
      <RouteLink id="YNBX006_002_40728">
        <From>
          <StopPointRef>3200YND81040</StopPointRef>
        </From>
        <To>
          <StopPointRef>3200YND81050</StopPointRef>
        </To>
        <Direction>outbound</Direction>
      </RouteLink>
      <RouteLink id="YNBX006_002_40729">
        <From>
          <StopPointRef>3200YND81050</StopPointRef>
        </From>
        <To>
          <StopPointRef>3200YND81060</StopPointRef>
        </To>
        <Direction>outbound</Direction>
      </RouteLink>
      <RouteLink id="YNBX006_002_40730">
        <From>
          <StopPointRef>3200YND81060</StopPointRef>
        </From>
        <To>
          <StopPointRef>3200YND81070</StopPointRef>
        </To>
        <Direction>outbound</Direction>
      </RouteLink>
      <RouteLink id="YNBX006_002_40731">
        <From>
          <StopPointRef>3200YND81070</StopPointRef>
        </From>
        <To>
          <StopPointRef>3200YND81080</StopPointRef>
        </To>
        <Direction>outbound</Direction>
      </RouteLink>
      <RouteLink id="YNBX006_002_40732">
        <From>
          <StopPointRef>3200YND81080</StopPointRef>
        </From>
        <To>
          <StopPointRef>3200YND81090</StopPointRef>
        </To>
        <Direction>outbound</Direction>
      </RouteLink>
      <RouteLink id="YNBX006_002_40733">
        <From>
          <StopPointRef>3200YND81090</StopPointRef>
        </From>
        <To>
          <StopPointRef>3200YND81120</StopPointRef>
        </To>
        <Direction>outbound</Direction>
      </RouteLink>
      <RouteLink id="YNBX006_002_40734">
        <From>
          <StopPointRef>3200YND81120</StopPointRef>
        </From>
        <To>
          <StopPointRef>3200YND81130</StopPointRef>
        </To>
        <Direction>outbound</Direction>
      </RouteLink>
      <RouteLink id="YNBX006_002_40735">
        <From>
          <StopPointRef>3200YND81130</StopPointRef>
        </From>
        <To>
          <StopPointRef>3200YND81210</StopPointRef>
        </To>
        <Direction>outbound</Direction>
      </RouteLink>
      <RouteLink id="YNBX006_002_40736">
        <From>
          <StopPointRef>3200YND81210</StopPointRef>
        </From>
        <To>
          <StopPointRef>3200YND81220</StopPointRef>
        </To>
        <Direction>outbound</Direction>
      </RouteLink>
    </RouteSection>
    <RouteSection id="YNBX006_003">
      <RouteLink id="YNBX006_003_40738">
        <From>
          <StopPointRef>3200YND81220</StopPointRef>
        </From>
        <To>
          <StopPointRef>3200YND81230</StopPointRef>
        </To>
        <Direction>inbound</Direction>
      </RouteLink>
      <RouteLink id="YNBX006_003_40739">
        <From>
          <StopPointRef>3200YND81230</StopPointRef>
        </From>
        <To>
          <StopPointRef>3200YND81240</StopPointRef>
        </To>
        <Direction>inbound</Direction>
      </RouteLink>
      <RouteLink id="YNBX006_003_40740">
        <From>
          <StopPointRef>3200YND81240</StopPointRef>
        </From>
        <To>
          <StopPointRef>3200YND81250</StopPointRef>
        </To>
        <Direction>inbound</Direction>
      </RouteLink>
      <RouteLink id="YNBX006_003_40741">
        <From>
          <StopPointRef>3200YND81250</StopPointRef>
        </From>
        <To>
          <StopPointRef>3200YND81260</StopPointRef>
        </To>
        <Direction>inbound</Direction>
      </RouteLink>
      <RouteLink id="YNBX006_003_40742">
        <From>
          <StopPointRef>3200YND81260</StopPointRef>
        </From>
        <To>
          <StopPointRef>3200YND81290</StopPointRef>
        </To>
        <Direction>inbound</Direction>
      </RouteLink>
      <RouteLink id="YNBX006_003_40743">
        <From>
          <StopPointRef>3200YND81290</StopPointRef>
        </From>
        <To>
          <StopPointRef>3200YND81300</StopPointRef>
        </To>
        <Direction>inbound</Direction>
      </RouteLink>
      <RouteLink id="YNBX006_003_40744">
        <From>
          <StopPointRef>3200YND81300</StopPointRef>
        </From>
        <To>
          <StopPointRef>3200YND81310</StopPointRef>
        </To>
        <Direction>inbound</Direction>
      </RouteLink>
      <RouteLink id="YNBX006_003_40745">
        <From>
          <StopPointRef>3200YND81310</StopPointRef>
        </From>
        <To>
          <StopPointRef>3200YND81320</StopPointRef>
        </To>
        <Direction>inbound</Direction>
      </RouteLink>
      <RouteLink id="YNBX006_003_40746">
        <From>
          <StopPointRef>3200YND81320</StopPointRef>
        </From>
        <To>
          <StopPointRef>3200YND81330</StopPointRef>
        </To>
        <Direction>inbound</Direction>
      </RouteLink>
      <RouteLink id="YNBX006_003_40747">
        <From>
          <StopPointRef>3200YND81330</StopPointRef>
        </From>
        <To>
          <StopPointRef>3200YND81340</StopPointRef>
        </To>
        <Direction>inbound</Direction>
      </RouteLink>
      <RouteLink id="YNBX006_003_40748">
        <From>
          <StopPointRef>3200YND81340</StopPointRef>
        </From>
        <To>
          <StopPointRef>3200YND81350</StopPointRef>
        </To>
        <Direction>inbound</Direction>
      </RouteLink>
      <RouteLink id="YNBX006_003_40749">
        <From>
          <StopPointRef>3200YND81350</StopPointRef>
        </From>
        <To>
          <StopPointRef>3200YNA96791</StopPointRef>
        </To>
        <Direction>inbound</Direction>
      </RouteLink>
      <RouteLink id="YNBX006_003_40750">
        <From>
          <StopPointRef>3200YNA96791</StopPointRef>
        </From>
        <To>
          <StopPointRef>3200YND81020</StopPointRef>
        </To>
        <Direction>inbound</Direction>
      </RouteLink>
      <RouteLink id="YNBX006_003_40751">
        <From>
          <StopPointRef>3200YND81020</StopPointRef>
        </From>
        <To>
          <StopPointRef>3200YND13100</StopPointRef>
        </To>
        <Direction>inbound</Direction>
      </RouteLink>
      <RouteLink id="YNBX006_003_40752">
        <From>
          <StopPointRef>3200YND13100</StopPointRef>
        </From>
        <To>
          <StopPointRef>3200YND90050</StopPointRef>
        </To>
        <Direction>inbound</Direction>
      </RouteLink>
    </RouteSection>
    <RouteSection id="YNBX006_004">
      <RouteLink id="YNBX006_004_40754">
        <From>
          <StopPointRef>3200YND81220</StopPointRef>
        </From>
        <To>
          <StopPointRef>3200YND81230</StopPointRef>
        </To>
        <Direction>inbound</Direction>
      </RouteLink>
      <RouteLink id="YNBX006_004_40755">
        <From>
          <StopPointRef>3200YND81230</StopPointRef>
        </From>
        <To>
          <StopPointRef>3200YND81240</StopPointRef>
        </To>
        <Direction>inbound</Direction>
      </RouteLink>
      <RouteLink id="YNBX006_004_40756">
        <From>
          <StopPointRef>3200YND81240</StopPointRef>
        </From>
        <To>
          <StopPointRef>3200YND81250</StopPointRef>
        </To>
        <Direction>inbound</Direction>
      </RouteLink>
      <RouteLink id="YNBX006_004_40757">
        <From>
          <StopPointRef>3200YND81250</StopPointRef>
        </From>
        <To>
          <StopPointRef>3200YND81260</StopPointRef>
        </To>
        <Direction>inbound</Direction>
      </RouteLink>
      <RouteLink id="YNBX006_004_40758">
        <From>
          <StopPointRef>3200YND81260</StopPointRef>
        </From>
        <To>
          <StopPointRef>3200YND81290</StopPointRef>
        </To>
        <Direction>inbound</Direction>
      </RouteLink>
      <RouteLink id="YNBX006_004_40759">
        <From>
          <StopPointRef>3200YND81290</StopPointRef>
        </From>
        <To>
          <StopPointRef>3200YND81300</StopPointRef>
        </To>
        <Direction>inbound</Direction>
      </RouteLink>
      <RouteLink id="YNBX006_004_40760">
        <From>
          <StopPointRef>3200YND81300</StopPointRef>
        </From>
        <To>
          <StopPointRef>3200YND81310</StopPointRef>
        </To>
        <Direction>inbound</Direction>
      </RouteLink>
      <RouteLink id="YNBX006_004_40761">
        <From>
          <StopPointRef>3200YND81310</StopPointRef>
        </From>
        <To>
          <StopPointRef>3200YND81320</StopPointRef>
        </To>
        <Direction>inbound</Direction>
      </RouteLink>
      <RouteLink id="YNBX006_004_40762">
        <From>
          <StopPointRef>3200YND81320</StopPointRef>
        </From>
        <To>
          <StopPointRef>3200YND81330</StopPointRef>
        </To>
        <Direction>inbound</Direction>
      </RouteLink>
      <RouteLink id="YNBX006_004_40763">
        <From>
          <StopPointRef>3200YND81330</StopPointRef>
        </From>
        <To>
          <StopPointRef>3200YND81340</StopPointRef>
        </To>
        <Direction>inbound</Direction>
      </RouteLink>
      <RouteLink id="YNBX006_004_40764">
        <From>
          <StopPointRef>3200YND81340</StopPointRef>
        </From>
        <To>
          <StopPointRef>3200YND81350</StopPointRef>
        </To>
        <Direction>inbound</Direction>
      </RouteLink>
      <RouteLink id="YNBX006_004_40765">
        <From>
          <StopPointRef>3200YND81350</StopPointRef>
        </From>
        <To>
          <StopPointRef>3200YNA96791</StopPointRef>
        </To>
        <Direction>inbound</Direction>
      </RouteLink>
      <RouteLink id="YNBX006_004_40766">
        <From>
          <StopPointRef>3200YNA96791</StopPointRef>
        </From>
        <To>
          <StopPointRef>3200YND81020</StopPointRef>
        </To>
        <Direction>inbound</Direction>
      </RouteLink>
      <RouteLink id="YNBX006_004_40767">
        <From>
          <StopPointRef>3200YND81020</StopPointRef>
        </From>
        <To>
          <StopPointRef>3200YND13100</StopPointRef>
        </To>
        <Direction>inbound</Direction>
      </RouteLink>
      <RouteLink id="YNBX006_004_40768">
        <From>
          <StopPointRef>3200YND13100</StopPointRef>
        </From>
        <To>
          <StopPointRef>3200YND90040</StopPointRef>
        </To>
        <Direction>inbound</Direction>
      </RouteLink>
    </RouteSection>
  </RouteSections>
  <Routes>
    <Route id="YNBX006_001">
      <Description>Harrogate - Pannal Ash
</Description>
      <RouteSectionRef>YNBX006_001</RouteSectionRef>
    </Route>
    <Route id="YNBX006_002">
      <Description>Harrogate - Pannal Ash
</Description>
      <RouteSectionRef>YNBX006_002</RouteSectionRef>
    </Route>
    <Route id="YNBX006_003">
      <Description>Pannal Ash - Harrogate
</Description>
      <RouteSectionRef>YNBX006_003</RouteSectionRef>
    </Route>
    <Route id="YNBX006_004">
      <Description>Pannal Ash - Harrogate
</Description>
      <RouteSectionRef>YNBX006_004</RouteSectionRef>
    </Route>
  </Routes>
  <JourneyPatternSections>
    <JourneyPatternSection id="JPS_YNBX006-5">
      <JourneyPatternTimingLink id="JPS_YNBX006-5_40704">
        <From>
          <StopPointRef>3200YND90050</StopPointRef>
          <TimingStatus>PTP</TimingStatus>
        </From>
        <To>
          <StopPointRef>3200YND81000</StopPointRef>
          <TimingStatus>OTH</TimingStatus>
        </To>
        <RouteLinkRef>YNBX006_001_40704</RouteLinkRef>
        <Direction>outbound</Direction>
        <RunTime>PT60S</RunTime>
      </JourneyPatternTimingLink>
      <JourneyPatternTimingLink id="JPS_YNBX006-5_40705">
        <From>
          <StopPointRef>3200YND81000</StopPointRef>
          <TimingStatus>OTH</TimingStatus>
        </From>
        <To>
          <StopPointRef>3200YND12510</StopPointRef>
          <TimingStatus>OTH</TimingStatus>
        </To>
        <RouteLinkRef>YNBX006_001_40705</RouteLinkRef>
        <Direction>outbound</Direction>
        <RunTime>PT0S</RunTime>
      </JourneyPatternTimingLink>
      <JourneyPatternTimingLink id="JPS_YNBX006-5_40706">
        <From>
          <StopPointRef>3200YND12510</StopPointRef>
          <TimingStatus>OTH</TimingStatus>
        </From>
        <To>
          <StopPointRef>3200YND81010</StopPointRef>
          <TimingStatus>OTH</TimingStatus>
        </To>
        <RouteLinkRef>YNBX006_001_40706</RouteLinkRef>
        <Direction>outbound</Direction>
        <RunTime>PT60S</RunTime>
      </JourneyPatternTimingLink>
      <JourneyPatternTimingLink id="JPS_YNBX006-5_40707">
        <From>
          <StopPointRef>3200YND81010</StopPointRef>
          <TimingStatus>OTH</TimingStatus>
        </From>
        <To>
          <StopPointRef>3200YND81370</StopPointRef>
          <TimingStatus>OTH</TimingStatus>
        </To>
        <RouteLinkRef>YNBX006_001_40707</RouteLinkRef>
        <Direction>outbound</Direction>
        <RunTime>PT60S</RunTime>
      </JourneyPatternTimingLink>
      <JourneyPatternTimingLink id="JPS_YNBX006-5_40708">
        <From>
          <StopPointRef>3200YND81370</StopPointRef>
          <TimingStatus>OTH</TimingStatus>
        </From>
        <To>
          <StopPointRef>3200YND81360</StopPointRef>
          <TimingStatus>OTH</TimingStatus>
        </To>
        <RouteLinkRef>YNBX006_001_40708</RouteLinkRef>
        <Direction>outbound</Direction>
        <RunTime>PT60S</RunTime>
      </JourneyPatternTimingLink>
      <JourneyPatternTimingLink id="JPS_YNBX006-5_40709">
        <From>
          <StopPointRef>3200YND81360</StopPointRef>
          <TimingStatus>OTH</TimingStatus>
        </From>
        <To>
          <StopPointRef>3200YND81030</StopPointRef>
          <TimingStatus>OTH</TimingStatus>
        </To>
        <RouteLinkRef>YNBX006_001_40709</RouteLinkRef>
        <Direction>outbound</Direction>
        <RunTime>PT0S</RunTime>
      </JourneyPatternTimingLink>
      <JourneyPatternTimingLink id="JPS_YNBX006-5_40710">
        <From>
          <StopPointRef>3200YND81030</StopPointRef>
          <TimingStatus>OTH</TimingStatus>
        </From>
        <To>
          <StopPointRef>3200YND81040</StopPointRef>
          <TimingStatus>OTH</TimingStatus>
        </To>
        <RouteLinkRef>YNBX006_001_40710</RouteLinkRef>
        <Direction>outbound</Direction>
        <RunTime>PT60S</RunTime>
      </JourneyPatternTimingLink>
      <JourneyPatternTimingLink id="JPS_YNBX006-5_40711">
        <From>
          <StopPointRef>3200YND81040</StopPointRef>
          <TimingStatus>OTH</TimingStatus>
        </From>
        <To>
          <StopPointRef>3200YND81050</StopPointRef>
          <TimingStatus>PTP</TimingStatus>
        </To>
        <RouteLinkRef>YNBX006_001_40711</RouteLinkRef>
        <Direction>outbound</Direction>
        <RunTime>PT60S</RunTime>
      </JourneyPatternTimingLink>
      <JourneyPatternTimingLink id="JPS_YNBX006-5_40712">
        <From>
          <StopPointRef>3200YND81050</StopPointRef>
          <TimingStatus>PTP</TimingStatus>
        </From>
        <To>
          <StopPointRef>3200YND81060</StopPointRef>
          <TimingStatus>OTH</TimingStatus>
        </To>
        <RouteLinkRef>YNBX006_001_40712</RouteLinkRef>
        <Direction>outbound</Direction>
        <RunTime>PT0S</RunTime>
      </JourneyPatternTimingLink>
      <JourneyPatternTimingLink id="JPS_YNBX006-5_40713">
        <From>
          <StopPointRef>3200YND81060</StopPointRef>
          <TimingStatus>OTH</TimingStatus>
        </From>
        <To>
          <StopPointRef>3200YND81070</StopPointRef>
          <TimingStatus>OTH</TimingStatus>
        </To>
        <RouteLinkRef>YNBX006_001_40713</RouteLinkRef>
        <Direction>outbound</Direction>
        <RunTime>PT0S</RunTime>
      </JourneyPatternTimingLink>
      <JourneyPatternTimingLink id="JPS_YNBX006-5_40714">
        <From>
          <StopPointRef>3200YND81070</StopPointRef>
          <TimingStatus>OTH</TimingStatus>
        </From>
        <To>
          <StopPointRef>3200YND81080</StopPointRef>
          <TimingStatus>OTH</TimingStatus>
        </To>
        <RouteLinkRef>YNBX006_001_40714</RouteLinkRef>
        <Direction>outbound</Direction>
        <RunTime>PT0S</RunTime>
      </JourneyPatternTimingLink>
      <JourneyPatternTimingLink id="JPS_YNBX006-5_40715">
        <From>
          <StopPointRef>3200YND81080</StopPointRef>
          <TimingStatus>OTH</TimingStatus>
        </From>
        <To>
          <StopPointRef>3200YND81090</StopPointRef>
          <TimingStatus>OTH</TimingStatus>
        </To>
        <RouteLinkRef>YNBX006_001_40715</RouteLinkRef>
        <Direction>outbound</Direction>
        <RunTime>PT0S</RunTime>
      </JourneyPatternTimingLink>
      <JourneyPatternTimingLink id="JPS_YNBX006-5_40716">
        <From>
          <StopPointRef>3200YND81090</StopPointRef>
          <TimingStatus>OTH</TimingStatus>
        </From>
        <To>
          <StopPointRef>3200YND81120</StopPointRef>
          <TimingStatus>OTH</TimingStatus>
        </To>
        <RouteLinkRef>YNBX006_001_40716</RouteLinkRef>
        <Direction>outbound</Direction>
        <RunTime>PT60S</RunTime>
      </JourneyPatternTimingLink>
      <JourneyPatternTimingLink id="JPS_YNBX006-5_40717">
        <From>
          <StopPointRef>3200YND81120</StopPointRef>
          <TimingStatus>OTH</TimingStatus>
        </From>
        <To>
          <StopPointRef>3200YND81130</StopPointRef>
          <TimingStatus>OTH</TimingStatus>
        </To>
        <RouteLinkRef>YNBX006_001_40717</RouteLinkRef>
        <Direction>outbound</Direction>
        <RunTime>PT0S</RunTime>
      </JourneyPatternTimingLink>
      <JourneyPatternTimingLink id="JPS_YNBX006-5_40718">
        <From>
          <StopPointRef>3200YND81130</StopPointRef>
          <TimingStatus>OTH</TimingStatus>
        </From>
        <To>
          <StopPointRef>3200YND81210</StopPointRef>
          <TimingStatus>OTH</TimingStatus>
        </To>
        <RouteLinkRef>YNBX006_001_40718</RouteLinkRef>
        <Direction>outbound</Direction>
        <RunTime>PT0S</RunTime>
      </JourneyPatternTimingLink>
      <JourneyPatternTimingLink id="JPS_YNBX006-5_40719">
        <From>
          <StopPointRef>3200YND81210</StopPointRef>
          <TimingStatus>OTH</TimingStatus>
        </From>
        <To>
          <StopPointRef>3200YND81220</StopPointRef>
          <TimingStatus>PTP</TimingStatus>
        </To>
        <RouteLinkRef>YNBX006_001_40719</RouteLinkRef>
        <Direction>outbound</Direction>
        <RunTime>PT60S</RunTime>
      </JourneyPatternTimingLink>
    </JourneyPatternSection>
    <JourneyPatternSection id="JPS_YNBX006-6">
      <JourneyPatternTimingLink id="JPS_YNBX006-6_40721">
        <From>
          <StopPointRef>3200YND90040</StopPointRef>
          <TimingStatus>PTP</TimingStatus>
        </From>
        <To>
          <StopPointRef>3200YND81000</StopPointRef>
          <TimingStatus>OTH</TimingStatus>
        </To>
        <RouteLinkRef>YNBX006_002_40721</RouteLinkRef>
        <Direction>outbound</Direction>
        <RunTime>PT0S</RunTime>
      </JourneyPatternTimingLink>
      <JourneyPatternTimingLink id="JPS_YNBX006-6_40722">
        <From>
          <StopPointRef>3200YND81000</StopPointRef>
          <TimingStatus>OTH</TimingStatus>
        </From>
        <To>
          <StopPointRef>3200YND12510</StopPointRef>
          <TimingStatus>OTH</TimingStatus>
        </To>
        <RouteLinkRef>YNBX006_002_40722</RouteLinkRef>
        <Direction>outbound</Direction>
        <RunTime>PT0S</RunTime>
      </JourneyPatternTimingLink>
      <JourneyPatternTimingLink id="JPS_YNBX006-6_40723">
        <From>
          <StopPointRef>3200YND12510</StopPointRef>
          <TimingStatus>OTH</TimingStatus>
        </From>
        <To>
          <StopPointRef>3200YND81010</StopPointRef>
          <TimingStatus>OTH</TimingStatus>
        </To>
        <RouteLinkRef>YNBX006_002_40723</RouteLinkRef>
        <Direction>outbound</Direction>
        <RunTime>PT0S</RunTime>
      </JourneyPatternTimingLink>
      <JourneyPatternTimingLink id="JPS_YNBX006-6_40724">
        <From>
          <StopPointRef>3200YND81010</StopPointRef>
          <TimingStatus>OTH</TimingStatus>
        </From>
        <To>
          <StopPointRef>3200YND81370</StopPointRef>
          <TimingStatus>OTH</TimingStatus>
        </To>
        <RouteLinkRef>YNBX006_002_40724</RouteLinkRef>
        <Direction>outbound</Direction>
        <RunTime>PT0S</RunTime>
      </JourneyPatternTimingLink>
      <JourneyPatternTimingLink id="JPS_YNBX006-6_40725">
        <From>
          <StopPointRef>3200YND81370</StopPointRef>
          <TimingStatus>OTH</TimingStatus>
        </From>
        <To>
          <StopPointRef>3200YND81360</StopPointRef>
          <TimingStatus>OTH</TimingStatus>
        </To>
        <RouteLinkRef>YNBX006_002_40725</RouteLinkRef>
        <Direction>outbound</Direction>
        <RunTime>PT0S</RunTime>
      </JourneyPatternTimingLink>
      <JourneyPatternTimingLink id="JPS_YNBX006-6_40726">
        <From>
          <StopPointRef>3200YND81360</StopPointRef>
          <TimingStatus>OTH</TimingStatus>
        </From>
        <To>
          <StopPointRef>3200YND81030</StopPointRef>
          <TimingStatus>OTH</TimingStatus>
        </To>
        <RouteLinkRef>YNBX006_002_40726</RouteLinkRef>
        <Direction>outbound</Direction>
        <RunTime>PT0S</RunTime>
      </JourneyPatternTimingLink>
      <JourneyPatternTimingLink id="JPS_YNBX006-6_40727">
        <From>
          <StopPointRef>3200YND81030</StopPointRef>
          <TimingStatus>OTH</TimingStatus>
        </From>
        <To>
          <StopPointRef>3200YND81040</StopPointRef>
          <TimingStatus>OTH</TimingStatus>
        </To>
        <RouteLinkRef>YNBX006_002_40727</RouteLinkRef>
        <Direction>outbound</Direction>
        <RunTime>PT0S</RunTime>
      </JourneyPatternTimingLink>
      <JourneyPatternTimingLink id="JPS_YNBX006-6_40728">
        <From>
          <StopPointRef>3200YND81040</StopPointRef>
          <TimingStatus>OTH</TimingStatus>
        </From>
        <To>
          <StopPointRef>3200YND81050</StopPointRef>
          <TimingStatus>PTP</TimingStatus>
        </To>
        <RouteLinkRef>YNBX006_002_40728</RouteLinkRef>
        <Direction>outbound</Direction>
        <RunTime>PT60S</RunTime>
      </JourneyPatternTimingLink>
      <JourneyPatternTimingLink id="JPS_YNBX006-6_40729">
        <From>
          <StopPointRef>3200YND81050</StopPointRef>
          <TimingStatus>PTP</TimingStatus>
        </From>
        <To>
          <StopPointRef>3200YND81060</StopPointRef>
          <TimingStatus>OTH</TimingStatus>
        </To>
        <RouteLinkRef>YNBX006_002_40729</RouteLinkRef>
        <Direction>outbound</Direction>
        <RunTime>PT0S</RunTime>
      </JourneyPatternTimingLink>
      <JourneyPatternTimingLink id="JPS_YNBX006-6_40730">
        <From>
          <StopPointRef>3200YND81060</StopPointRef>
          <TimingStatus>OTH</TimingStatus>
        </From>
        <To>
          <StopPointRef>3200YND81070</StopPointRef>
          <TimingStatus>OTH</TimingStatus>
        </To>
        <RouteLinkRef>YNBX006_002_40730</RouteLinkRef>
        <Direction>outbound</Direction>
        <RunTime>PT0S</RunTime>
      </JourneyPatternTimingLink>
      <JourneyPatternTimingLink id="JPS_YNBX006-6_40731">
        <From>
          <StopPointRef>3200YND81070</StopPointRef>
          <TimingStatus>OTH</TimingStatus>
        </From>
        <To>
          <StopPointRef>3200YND81080</StopPointRef>
          <TimingStatus>OTH</TimingStatus>
        </To>
        <RouteLinkRef>YNBX006_002_40731</RouteLinkRef>
        <Direction>outbound</Direction>
        <RunTime>PT0S</RunTime>
      </JourneyPatternTimingLink>
      <JourneyPatternTimingLink id="JPS_YNBX006-6_40732">
        <From>
          <StopPointRef>3200YND81080</StopPointRef>
          <TimingStatus>OTH</TimingStatus>
        </From>
        <To>
          <StopPointRef>3200YND81090</StopPointRef>
          <TimingStatus>OTH</TimingStatus>
        </To>
        <RouteLinkRef>YNBX006_002_40732</RouteLinkRef>
        <Direction>outbound</Direction>
        <RunTime>PT0S</RunTime>
      </JourneyPatternTimingLink>
      <JourneyPatternTimingLink id="JPS_YNBX006-6_40733">
        <From>
          <StopPointRef>3200YND81090</StopPointRef>
          <TimingStatus>OTH</TimingStatus>
        </From>
        <To>
          <StopPointRef>3200YND81120</StopPointRef>
          <TimingStatus>OTH</TimingStatus>
        </To>
        <RouteLinkRef>YNBX006_002_40733</RouteLinkRef>
        <Direction>outbound</Direction>
        <RunTime>PT60S</RunTime>
      </JourneyPatternTimingLink>
      <JourneyPatternTimingLink id="JPS_YNBX006-6_40734">
        <From>
          <StopPointRef>3200YND81120</StopPointRef>
          <TimingStatus>OTH</TimingStatus>
        </From>
        <To>
          <StopPointRef>3200YND81130</StopPointRef>
          <TimingStatus>OTH</TimingStatus>
        </To>
        <RouteLinkRef>YNBX006_002_40734</RouteLinkRef>
        <Direction>outbound</Direction>
        <RunTime>PT0S</RunTime>
      </JourneyPatternTimingLink>
      <JourneyPatternTimingLink id="JPS_YNBX006-6_40735">
        <From>
          <StopPointRef>3200YND81130</StopPointRef>
          <TimingStatus>OTH</TimingStatus>
        </From>
        <To>
          <StopPointRef>3200YND81210</StopPointRef>
          <TimingStatus>OTH</TimingStatus>
        </To>
        <RouteLinkRef>YNBX006_002_40735</RouteLinkRef>
        <Direction>outbound</Direction>
        <RunTime>PT0S</RunTime>
      </JourneyPatternTimingLink>
      <JourneyPatternTimingLink id="JPS_YNBX006-6_40736">
        <From>
          <StopPointRef>3200YND81210</StopPointRef>
          <TimingStatus>OTH</TimingStatus>
        </From>
        <To>
          <StopPointRef>3200YND81220</StopPointRef>
          <TimingStatus>PTP</TimingStatus>
        </To>
        <RouteLinkRef>YNBX006_002_40736</RouteLinkRef>
        <Direction>outbound</Direction>
        <RunTime>PT60S</RunTime>
      </JourneyPatternTimingLink>
    </JourneyPatternSection>
    <JourneyPatternSection id="JPS_YNBX006-7">
      <JourneyPatternTimingLink id="JPS_YNBX006-7_40738">
        <From>
          <StopPointRef>3200YND81220</StopPointRef>
          <TimingStatus>PTP</TimingStatus>
        </From>
        <To>
          <StopPointRef>3200YND81230</StopPointRef>
          <TimingStatus>OTH</TimingStatus>
        </To>
        <RouteLinkRef>YNBX006_003_40738</RouteLinkRef>
        <Direction>inbound</Direction>
        <RunTime>PT0S</RunTime>
      </JourneyPatternTimingLink>
      <JourneyPatternTimingLink id="JPS_YNBX006-7_40739">
        <From>
          <StopPointRef>3200YND81230</StopPointRef>
          <TimingStatus>OTH</TimingStatus>
        </From>
        <To>
          <StopPointRef>3200YND81240</StopPointRef>
          <TimingStatus>PTP</TimingStatus>
        </To>
        <RouteLinkRef>YNBX006_003_40739</RouteLinkRef>
        <Direction>inbound</Direction>
        <RunTime>PT60S</RunTime>
      </JourneyPatternTimingLink>
      <JourneyPatternTimingLink id="JPS_YNBX006-7_40740">
        <From>
          <StopPointRef>3200YND81240</StopPointRef>
          <TimingStatus>PTP</TimingStatus>
        </From>
        <To>
          <StopPointRef>3200YND81250</StopPointRef>
          <TimingStatus>OTH</TimingStatus>
        </To>
        <RouteLinkRef>YNBX006_003_40740</RouteLinkRef>
        <Direction>inbound</Direction>
        <RunTime>PT0S</RunTime>
      </JourneyPatternTimingLink>
      <JourneyPatternTimingLink id="JPS_YNBX006-7_40741">
        <From>
          <StopPointRef>3200YND81250</StopPointRef>
          <TimingStatus>OTH</TimingStatus>
        </From>
        <To>
          <StopPointRef>3200YND81260</StopPointRef>
          <TimingStatus>OTH</TimingStatus>
        </To>
        <RouteLinkRef>YNBX006_003_40741</RouteLinkRef>
        <Direction>inbound</Direction>
        <RunTime>PT60S</RunTime>
      </JourneyPatternTimingLink>
      <JourneyPatternTimingLink id="JPS_YNBX006-7_40742">
        <From>
          <StopPointRef>3200YND81260</StopPointRef>
          <TimingStatus>OTH</TimingStatus>
        </From>
        <To>
          <StopPointRef>3200YND81290</StopPointRef>
          <TimingStatus>OTH</TimingStatus>
        </To>
        <RouteLinkRef>YNBX006_003_40742</RouteLinkRef>
        <Direction>inbound</Direction>
        <RunTime>PT60S</RunTime>
      </JourneyPatternTimingLink>
      <JourneyPatternTimingLink id="JPS_YNBX006-7_40743">
        <From>
          <StopPointRef>3200YND81290</StopPointRef>
          <TimingStatus>OTH</TimingStatus>
        </From>
        <To>
          <StopPointRef>3200YND81300</StopPointRef>
          <TimingStatus>OTH</TimingStatus>
        </To>
        <RouteLinkRef>YNBX006_003_40743</RouteLinkRef>
        <Direction>inbound</Direction>
        <RunTime>PT60S</RunTime>
      </JourneyPatternTimingLink>
      <JourneyPatternTimingLink id="JPS_YNBX006-7_40744">
        <From>
          <StopPointRef>3200YND81300</StopPointRef>
          <TimingStatus>OTH</TimingStatus>
        </From>
        <To>
          <StopPointRef>3200YND81310</StopPointRef>
          <TimingStatus>OTH</TimingStatus>
        </To>
        <RouteLinkRef>YNBX006_003_40744</RouteLinkRef>
        <Direction>inbound</Direction>
        <RunTime>PT0S</RunTime>
      </JourneyPatternTimingLink>
      <JourneyPatternTimingLink id="JPS_YNBX006-7_40745">
        <From>
          <StopPointRef>3200YND81310</StopPointRef>
          <TimingStatus>OTH</TimingStatus>
        </From>
        <To>
          <StopPointRef>3200YND81320</StopPointRef>
          <TimingStatus>OTH</TimingStatus>
        </To>
        <RouteLinkRef>YNBX006_003_40745</RouteLinkRef>
        <Direction>inbound</Direction>
        <RunTime>PT60S</RunTime>
      </JourneyPatternTimingLink>
      <JourneyPatternTimingLink id="JPS_YNBX006-7_40746">
        <From>
          <StopPointRef>3200YND81320</StopPointRef>
          <TimingStatus>OTH</TimingStatus>
        </From>
        <To>
          <StopPointRef>3200YND81330</StopPointRef>
          <TimingStatus>OTH</TimingStatus>
        </To>
        <RouteLinkRef>YNBX006_003_40746</RouteLinkRef>
        <Direction>inbound</Direction>
        <RunTime>PT60S</RunTime>
      </JourneyPatternTimingLink>
      <JourneyPatternTimingLink id="JPS_YNBX006-7_40747">
        <From>
          <StopPointRef>3200YND81330</StopPointRef>
          <TimingStatus>OTH</TimingStatus>
        </From>
        <To>
          <StopPointRef>3200YND81340</StopPointRef>
          <TimingStatus>PTP</TimingStatus>
        </To>
        <RouteLinkRef>YNBX006_003_40747</RouteLinkRef>
        <Direction>inbound</Direction>
        <RunTime>PT60S</RunTime>
      </JourneyPatternTimingLink>
      <JourneyPatternTimingLink id="JPS_YNBX006-7_40748">
        <From>
          <StopPointRef>3200YND81340</StopPointRef>
          <TimingStatus>PTP</TimingStatus>
        </From>
        <To>
          <StopPointRef>3200YND81350</StopPointRef>
          <TimingStatus>OTH</TimingStatus>
        </To>
        <RouteLinkRef>YNBX006_003_40748</RouteLinkRef>
        <Direction>inbound</Direction>
        <RunTime>PT60S</RunTime>
      </JourneyPatternTimingLink>
      <JourneyPatternTimingLink id="JPS_YNBX006-7_40749">
        <From>
          <StopPointRef>3200YND81350</StopPointRef>
          <TimingStatus>OTH</TimingStatus>
        </From>
        <To>
          <StopPointRef>3200YNA96791</StopPointRef>
          <TimingStatus>OTH</TimingStatus>
        </To>
        <RouteLinkRef>YNBX006_003_40749</RouteLinkRef>
        <Direction>inbound</Direction>
        <RunTime>PT120S</RunTime>
      </JourneyPatternTimingLink>
      <JourneyPatternTimingLink id="JPS_YNBX006-7_40750">
        <From>
          <StopPointRef>3200YNA96791</StopPointRef>
          <TimingStatus>OTH</TimingStatus>
        </From>
        <To>
          <StopPointRef>3200YND81020</StopPointRef>
          <TimingStatus>OTH</TimingStatus>
        </To>
        <RouteLinkRef>YNBX006_003_40750</RouteLinkRef>
        <Direction>inbound</Direction>
        <RunTime>PT120S</RunTime>
      </JourneyPatternTimingLink>
      <JourneyPatternTimingLink id="JPS_YNBX006-7_40751">
        <From>
          <StopPointRef>3200YND81020</StopPointRef>
          <TimingStatus>OTH</TimingStatus>
        </From>
        <To>
          <StopPointRef>3200YND13100</StopPointRef>
          <TimingStatus>OTH</TimingStatus>
        </To>
        <RouteLinkRef>YNBX006_003_40751</RouteLinkRef>
        <Direction>inbound</Direction>
        <RunTime>PT180S</RunTime>
      </JourneyPatternTimingLink>
      <JourneyPatternTimingLink id="JPS_YNBX006-7_40752">
        <From>
          <StopPointRef>3200YND13100</StopPointRef>
          <TimingStatus>OTH</TimingStatus>
        </From>
        <To>
          <StopPointRef>3200YND90050</StopPointRef>
          <TimingStatus>PTP</TimingStatus>
        </To>
        <RouteLinkRef>YNBX006_003_40752</RouteLinkRef>
        <Direction>inbound</Direction>
        <RunTime>PT120S</RunTime>
      </JourneyPatternTimingLink>
    </JourneyPatternSection>
    <JourneyPatternSection id="JPS_YNBX006-8">
      <JourneyPatternTimingLink id="JPS_YNBX006-8_40754">
        <From>
          <StopPointRef>3200YND81220</StopPointRef>
          <TimingStatus>PTP</TimingStatus>
        </From>
        <To>
          <StopPointRef>3200YND81230</StopPointRef>
          <TimingStatus>OTH</TimingStatus>
        </To>
        <RouteLinkRef>YNBX006_004_40754</RouteLinkRef>
        <Direction>inbound</Direction>
        <RunTime>PT0S</RunTime>
      </JourneyPatternTimingLink>
      <JourneyPatternTimingLink id="JPS_YNBX006-8_40755">
        <From>
          <StopPointRef>3200YND81230</StopPointRef>
          <TimingStatus>OTH</TimingStatus>
        </From>
        <To>
          <StopPointRef>3200YND81240</StopPointRef>
          <TimingStatus>PTP</TimingStatus>
        </To>
        <RouteLinkRef>YNBX006_004_40755</RouteLinkRef>
        <Direction>inbound</Direction>
        <RunTime>PT60S</RunTime>
      </JourneyPatternTimingLink>
      <JourneyPatternTimingLink id="JPS_YNBX006-8_40756">
        <From>
          <StopPointRef>3200YND81240</StopPointRef>
          <TimingStatus>PTP</TimingStatus>
        </From>
        <To>
          <StopPointRef>3200YND81250</StopPointRef>
          <TimingStatus>OTH</TimingStatus>
        </To>
        <RouteLinkRef>YNBX006_004_40756</RouteLinkRef>
        <Direction>inbound</Direction>
        <RunTime>PT0S</RunTime>
      </JourneyPatternTimingLink>
      <JourneyPatternTimingLink id="JPS_YNBX006-8_40757">
        <From>
          <StopPointRef>3200YND81250</StopPointRef>
          <TimingStatus>OTH</TimingStatus>
        </From>
        <To>
          <StopPointRef>3200YND81260</StopPointRef>
          <TimingStatus>OTH</TimingStatus>
        </To>
        <RouteLinkRef>YNBX006_004_40757</RouteLinkRef>
        <Direction>inbound</Direction>
        <RunTime>PT60S</RunTime>
      </JourneyPatternTimingLink>
      <JourneyPatternTimingLink id="JPS_YNBX006-8_40758">
        <From>
          <StopPointRef>3200YND81260</StopPointRef>
          <TimingStatus>OTH</TimingStatus>
        </From>
        <To>
          <StopPointRef>3200YND81290</StopPointRef>
          <TimingStatus>OTH</TimingStatus>
        </To>
        <RouteLinkRef>YNBX006_004_40758</RouteLinkRef>
        <Direction>inbound</Direction>
        <RunTime>PT60S</RunTime>
      </JourneyPatternTimingLink>
      <JourneyPatternTimingLink id="JPS_YNBX006-8_40759">
        <From>
          <StopPointRef>3200YND81290</StopPointRef>
          <TimingStatus>OTH</TimingStatus>
        </From>
        <To>
          <StopPointRef>3200YND81300</StopPointRef>
          <TimingStatus>OTH</TimingStatus>
        </To>
        <RouteLinkRef>YNBX006_004_40759</RouteLinkRef>
        <Direction>inbound</Direction>
        <RunTime>PT60S</RunTime>
      </JourneyPatternTimingLink>
      <JourneyPatternTimingLink id="JPS_YNBX006-8_40760">
        <From>
          <StopPointRef>3200YND81300</StopPointRef>
          <TimingStatus>OTH</TimingStatus>
        </From>
        <To>
          <StopPointRef>3200YND81310</StopPointRef>
          <TimingStatus>OTH</TimingStatus>
        </To>
        <RouteLinkRef>YNBX006_004_40760</RouteLinkRef>
        <Direction>inbound</Direction>
        <RunTime>PT0S</RunTime>
      </JourneyPatternTimingLink>
      <JourneyPatternTimingLink id="JPS_YNBX006-8_40761">
        <From>
          <StopPointRef>3200YND81310</StopPointRef>
          <TimingStatus>OTH</TimingStatus>
        </From>
        <To>
          <StopPointRef>3200YND81320</StopPointRef>
          <TimingStatus>OTH</TimingStatus>
        </To>
        <RouteLinkRef>YNBX006_004_40761</RouteLinkRef>
        <Direction>inbound</Direction>
        <RunTime>PT60S</RunTime>
      </JourneyPatternTimingLink>
      <JourneyPatternTimingLink id="JPS_YNBX006-8_40762">
        <From>
          <StopPointRef>3200YND81320</StopPointRef>
          <TimingStatus>OTH</TimingStatus>
        </From>
        <To>
          <StopPointRef>3200YND81330</StopPointRef>
          <TimingStatus>OTH</TimingStatus>
        </To>
        <RouteLinkRef>YNBX006_004_40762</RouteLinkRef>
        <Direction>inbound</Direction>
        <RunTime>PT60S</RunTime>
      </JourneyPatternTimingLink>
      <JourneyPatternTimingLink id="JPS_YNBX006-8_40763">
        <From>
          <StopPointRef>3200YND81330</StopPointRef>
          <TimingStatus>OTH</TimingStatus>
        </From>
        <To>
          <StopPointRef>3200YND81340</StopPointRef>
          <TimingStatus>PTP</TimingStatus>
        </To>
        <RouteLinkRef>YNBX006_004_40763</RouteLinkRef>
        <Direction>inbound</Direction>
        <RunTime>PT60S</RunTime>
      </JourneyPatternTimingLink>
      <JourneyPatternTimingLink id="JPS_YNBX006-8_40764">
        <From>
          <StopPointRef>3200YND81340</StopPointRef>
          <TimingStatus>PTP</TimingStatus>
        </From>
        <To>
          <StopPointRef>3200YND81350</StopPointRef>
          <TimingStatus>OTH</TimingStatus>
        </To>
        <RouteLinkRef>YNBX006_004_40764</RouteLinkRef>
        <Direction>inbound</Direction>
        <RunTime>PT60S</RunTime>
      </JourneyPatternTimingLink>
      <JourneyPatternTimingLink id="JPS_YNBX006-8_40765">
        <From>
          <StopPointRef>3200YND81350</StopPointRef>
          <TimingStatus>OTH</TimingStatus>
        </From>
        <To>
          <StopPointRef>3200YNA96791</StopPointRef>
          <TimingStatus>OTH</TimingStatus>
        </To>
        <RouteLinkRef>YNBX006_004_40765</RouteLinkRef>
        <Direction>inbound</Direction>
        <RunTime>PT120S</RunTime>
      </JourneyPatternTimingLink>
      <JourneyPatternTimingLink id="JPS_YNBX006-8_40766">
        <From>
          <StopPointRef>3200YNA96791</StopPointRef>
          <TimingStatus>OTH</TimingStatus>
        </From>
        <To>
          <StopPointRef>3200YND81020</StopPointRef>
          <TimingStatus>OTH</TimingStatus>
        </To>
        <RouteLinkRef>YNBX006_004_40766</RouteLinkRef>
        <Direction>inbound</Direction>
        <RunTime>PT120S</RunTime>
      </JourneyPatternTimingLink>
      <JourneyPatternTimingLink id="JPS_YNBX006-8_40767">
        <From>
          <StopPointRef>3200YND81020</StopPointRef>
          <TimingStatus>OTH</TimingStatus>
        </From>
        <To>
          <StopPointRef>3200YND13100</StopPointRef>
          <TimingStatus>OTH</TimingStatus>
        </To>
        <RouteLinkRef>YNBX006_004_40767</RouteLinkRef>
        <Direction>inbound</Direction>
        <RunTime>PT180S</RunTime>
      </JourneyPatternTimingLink>
      <JourneyPatternTimingLink id="JPS_YNBX006-8_40768">
        <From>
          <StopPointRef>3200YND13100</StopPointRef>
          <TimingStatus>OTH</TimingStatus>
        </From>
        <To>
          <StopPointRef>3200YND90040</StopPointRef>
          <TimingStatus>PTP</TimingStatus>
        </To>
        <RouteLinkRef>YNBX006_004_40768</RouteLinkRef>
        <Direction>inbound</Direction>
        <RunTime>PT120S</RunTime>
      </JourneyPatternTimingLink>
    </JourneyPatternSection>
  </JourneyPatternSections>
  <Operators>
    <Operator id="HG">
      <NationalOperatorCode>HCTY</NationalOperatorCode>
      <OperatorCode>HG</OperatorCode>
      <OperatorShortName>connexions/Harrogate Coa</OperatorShortName>
    </Operator>
  </Operators>
  <Services>
    <Service>
      <ServiceCode>YNBX006</ServiceCode>
      <Lines>
        <Line id="0">
          <LineName>X6</LineName>
        </Line>
      </Lines>
      <OperatingPeriod>
        <StartDate>2015-08-02</StartDate>
        <EndDate>2038-01-17</EndDate>
      </OperatingPeriod>
      <RegisteredOperatorRef>HG</RegisteredOperatorRef>
      <StopRequirements>
        <NoNewStopsRequired />
      </StopRequirements>
      <Mode>bus</Mode>
      <Description>Harrogate - Pannal Ash</Description>
      <StandardService>
        <Origin>Harrogate</Origin>
        <Destination>Pannal Ash</Destination>
        <JourneyPattern id="JPS_YNBX006-5">
          <Direction>outbound</Direction>
          <JourneyPatternSectionRefs>JPS_YNBX006-5</JourneyPatternSectionRefs>
        </JourneyPattern>
        <JourneyPattern id="JPS_YNBX006-6">
          <Direction>outbound</Direction>
          <JourneyPatternSectionRefs>JPS_YNBX006-6</JourneyPatternSectionRefs>
        </JourneyPattern>
        <JourneyPattern id="JPS_YNBX006-7">
          <Direction>inbound</Direction>
          <JourneyPatternSectionRefs>JPS_YNBX006-7</JourneyPatternSectionRefs>
        </JourneyPattern>
        <JourneyPattern id="JPS_YNBX006-8">
          <Direction>inbound</Direction>
          <JourneyPatternSectionRefs>JPS_YNBX006-8</JourneyPatternSectionRefs>
        </JourneyPattern>
      </StandardService>
    </Service>
  </Services>
  <VehicleJourneys>
    <VehicleJourney>
      <OperatorRef>HG</OperatorRef>
      <OperatingProfile>
        <RegularDayType>
          <DaysOfWeek>
            <Monday />
            <Tuesday />
            <Wednesday />
            <Thursday />
            <Friday />
          </DaysOfWeek>
        </RegularDayType>
        <BankHolidayOperation>
          <DaysOfNonOperation>
            <ChristmasDay />
            <BoxingDay />
            <GoodFriday />
            <NewYearsDay />
            <LateSummerBankHolidayNotScotland />
            <MayDay />
            <EasterMonday />
            <SpringBank />
          </DaysOfNonOperation>
        </BankHolidayOperation>
      </OperatingProfile>
      <VehicleJourneyCode>73461</VehicleJourneyCode>
      <ServiceRef>YNBX006</ServiceRef>
      <LineRef>0</LineRef>
      <JourneyPatternRef>JPS_YNBX006-5</JourneyPatternRef>
      <DepartureTime>09:15:00</DepartureTime>
    </VehicleJourney>
    <VehicleJourney>
      <OperatorRef>HG</OperatorRef>
      <OperatingProfile>
        <RegularDayType>
          <DaysOfWeek>
            <Monday />
            <Tuesday />
            <Wednesday />
            <Thursday />
            <Friday />
          </DaysOfWeek>
        </RegularDayType>
        <BankHolidayOperation>
          <DaysOfNonOperation>
            <ChristmasDay />
            <BoxingDay />
            <GoodFriday />
            <NewYearsDay />
            <LateSummerBankHolidayNotScotland />
            <MayDay />
            <EasterMonday />
            <SpringBank />
          </DaysOfNonOperation>
        </BankHolidayOperation>
      </OperatingProfile>
      <VehicleJourneyCode>73462</VehicleJourneyCode>
      <ServiceRef>YNBX006</ServiceRef>
      <LineRef>0</LineRef>
      <JourneyPatternRef>JPS_YNBX006-5</JourneyPatternRef>
      <DepartureTime>10:15:00</DepartureTime>
    </VehicleJourney>
    <VehicleJourney>
      <OperatorRef>HG</OperatorRef>
      <OperatingProfile>
        <RegularDayType>
          <DaysOfWeek>
            <Monday />
            <Tuesday />
            <Wednesday />
            <Thursday />
            <Friday />
          </DaysOfWeek>
        </RegularDayType>
        <BankHolidayOperation>
          <DaysOfNonOperation>
            <ChristmasDay />
            <BoxingDay />
            <GoodFriday />
            <NewYearsDay />
            <LateSummerBankHolidayNotScotland />
            <MayDay />
            <EasterMonday />
            <SpringBank />
          </DaysOfNonOperation>
        </BankHolidayOperation>
      </OperatingProfile>
      <VehicleJourneyCode>73463</VehicleJourneyCode>
      <ServiceRef>YNBX006</ServiceRef>
      <LineRef>0</LineRef>
      <JourneyPatternRef>JPS_YNBX006-5</JourneyPatternRef>
      <DepartureTime>11:15:00</DepartureTime>
    </VehicleJourney>
    <VehicleJourney>
      <OperatorRef>HG</OperatorRef>
      <OperatingProfile>
        <RegularDayType>
          <DaysOfWeek>
            <Monday />
            <Tuesday />
            <Wednesday />
            <Thursday />
            <Friday />
          </DaysOfWeek>
        </RegularDayType>
        <BankHolidayOperation>
          <DaysOfNonOperation>
            <ChristmasDay />
            <BoxingDay />
            <GoodFriday />
            <NewYearsDay />
            <LateSummerBankHolidayNotScotland />
            <MayDay />
            <EasterMonday />
            <SpringBank />
          </DaysOfNonOperation>
        </BankHolidayOperation>
      </OperatingProfile>
      <VehicleJourneyCode>73464</VehicleJourneyCode>
      <ServiceRef>YNBX006</ServiceRef>
      <LineRef>0</LineRef>
      <JourneyPatternRef>JPS_YNBX006-5</JourneyPatternRef>
      <DepartureTime>12:15:00</DepartureTime>
    </VehicleJourney>
    <VehicleJourney>
      <OperatorRef>HG</OperatorRef>
      <OperatingProfile>
        <RegularDayType>
          <DaysOfWeek>
            <Monday />
            <Tuesday />
            <Wednesday />
            <Thursday />
            <Friday />
          </DaysOfWeek>
        </RegularDayType>
        <BankHolidayOperation>
          <DaysOfNonOperation>
            <ChristmasDay />
            <BoxingDay />
            <GoodFriday />
            <NewYearsDay />
            <LateSummerBankHolidayNotScotland />
            <MayDay />
            <EasterMonday />
            <SpringBank />
          </DaysOfNonOperation>
        </BankHolidayOperation>
      </OperatingProfile>
      <VehicleJourneyCode>73465</VehicleJourneyCode>
      <ServiceRef>YNBX006</ServiceRef>
      <LineRef>0</LineRef>
      <JourneyPatternRef>JPS_YNBX006-5</JourneyPatternRef>
      <DepartureTime>13:15:00</DepartureTime>
    </VehicleJourney>
    <VehicleJourney>
      <OperatorRef>HG</OperatorRef>
      <OperatingProfile>
        <RegularDayType>
          <DaysOfWeek>
            <Monday />
            <Tuesday />
            <Wednesday />
            <Thursday />
            <Friday />
          </DaysOfWeek>
        </RegularDayType>
        <BankHolidayOperation>
          <DaysOfNonOperation>
            <ChristmasDay />
            <BoxingDay />
            <GoodFriday />
            <NewYearsDay />
            <LateSummerBankHolidayNotScotland />
            <MayDay />
            <EasterMonday />
            <SpringBank />
          </DaysOfNonOperation>
        </BankHolidayOperation>
      </OperatingProfile>
      <VehicleJourneyCode>73466</VehicleJourneyCode>
      <ServiceRef>YNBX006</ServiceRef>
      <LineRef>0</LineRef>
      <JourneyPatternRef>JPS_YNBX006-5</JourneyPatternRef>
      <DepartureTime>14:15:00</DepartureTime>
    </VehicleJourney>
    <VehicleJourney>
      <OperatorRef>HG</OperatorRef>
      <OperatingProfile>
        <RegularDayType>
          <DaysOfWeek>
            <Monday />
            <Tuesday />
            <Wednesday />
            <Thursday />
            <Friday />
          </DaysOfWeek>
        </RegularDayType>
        <BankHolidayOperation>
          <DaysOfNonOperation>
            <ChristmasDay />
            <BoxingDay />
            <GoodFriday />
            <NewYearsDay />
            <LateSummerBankHolidayNotScotland />
            <MayDay />
            <EasterMonday />
            <SpringBank />
          </DaysOfNonOperation>
        </BankHolidayOperation>
      </OperatingProfile>
      <VehicleJourneyCode>73467</VehicleJourneyCode>
      <ServiceRef>YNBX006</ServiceRef>
      <LineRef>0</LineRef>
      <JourneyPatternRef>JPS_YNBX006-5</JourneyPatternRef>
      <DepartureTime>15:15:00</DepartureTime>
    </VehicleJourney>
    <VehicleJourney>
      <OperatorRef>HG</OperatorRef>
      <OperatingProfile>
        <RegularDayType>
          <DaysOfWeek>
            <Monday />
            <Tuesday />
            <Wednesday />
            <Thursday />
            <Friday />
          </DaysOfWeek>
        </RegularDayType>
        <BankHolidayOperation>
          <DaysOfNonOperation>
            <ChristmasDay />
            <BoxingDay />
            <GoodFriday />
            <NewYearsDay />
            <LateSummerBankHolidayNotScotland />
            <MayDay />
            <EasterMonday />
            <SpringBank />
          </DaysOfNonOperation>
        </BankHolidayOperation>
      </OperatingProfile>
      <VehicleJourneyCode>73468</VehicleJourneyCode>
      <ServiceRef>YNBX006</ServiceRef>
      <LineRef>0</LineRef>
      <JourneyPatternRef>JPS_YNBX006-5</JourneyPatternRef>
      <DepartureTime>16:15:00</DepartureTime>
    </VehicleJourney>
    <VehicleJourney>
      <OperatorRef>HG</OperatorRef>
      <OperatingProfile>
        <RegularDayType>
          <DaysOfWeek>
            <Saturday />
          </DaysOfWeek>
        </RegularDayType>
      </OperatingProfile>
      <VehicleJourneyCode>73469</VehicleJourneyCode>
      <ServiceRef>YNBX006</ServiceRef>
      <LineRef>0</LineRef>
      <JourneyPatternRef>JPS_YNBX006-5</JourneyPatternRef>
      <DepartureTime>09:15:00</DepartureTime>
    </VehicleJourney>
    <VehicleJourney>
      <OperatorRef>HG</OperatorRef>
      <OperatingProfile>
        <RegularDayType>
          <DaysOfWeek>
            <Saturday />
          </DaysOfWeek>
        </RegularDayType>
      </OperatingProfile>
      <VehicleJourneyCode>73470</VehicleJourneyCode>
      <ServiceRef>YNBX006</ServiceRef>
      <LineRef>0</LineRef>
      <JourneyPatternRef>JPS_YNBX006-5</JourneyPatternRef>
      <DepartureTime>10:15:00</DepartureTime>
    </VehicleJourney>
    <VehicleJourney>
      <OperatorRef>HG</OperatorRef>
      <OperatingProfile>
        <RegularDayType>
          <DaysOfWeek>
            <Saturday />
          </DaysOfWeek>
        </RegularDayType>
      </OperatingProfile>
      <VehicleJourneyCode>73471</VehicleJourneyCode>
      <ServiceRef>YNBX006</ServiceRef>
      <LineRef>0</LineRef>
      <JourneyPatternRef>JPS_YNBX006-5</JourneyPatternRef>
      <DepartureTime>11:15:00</DepartureTime>
    </VehicleJourney>
    <VehicleJourney>
      <OperatorRef>HG</OperatorRef>
      <OperatingProfile>
        <RegularDayType>
          <DaysOfWeek>
            <Saturday />
          </DaysOfWeek>
        </RegularDayType>
      </OperatingProfile>
      <VehicleJourneyCode>73472</VehicleJourneyCode>
      <ServiceRef>YNBX006</ServiceRef>
      <LineRef>0</LineRef>
      <JourneyPatternRef>JPS_YNBX006-5</JourneyPatternRef>
      <DepartureTime>12:15:00</DepartureTime>
    </VehicleJourney>
    <VehicleJourney>
      <OperatorRef>HG</OperatorRef>
      <OperatingProfile>
        <RegularDayType>
          <DaysOfWeek>
            <Saturday />
          </DaysOfWeek>
        </RegularDayType>
      </OperatingProfile>
      <VehicleJourneyCode>73473</VehicleJourneyCode>
      <ServiceRef>YNBX006</ServiceRef>
      <LineRef>0</LineRef>
      <JourneyPatternRef>JPS_YNBX006-5</JourneyPatternRef>
      <DepartureTime>13:15:00</DepartureTime>
    </VehicleJourney>
    <VehicleJourney>
      <OperatorRef>HG</OperatorRef>
      <OperatingProfile>
        <RegularDayType>
          <DaysOfWeek>
            <Saturday />
          </DaysOfWeek>
        </RegularDayType>
      </OperatingProfile>
      <VehicleJourneyCode>73474</VehicleJourneyCode>
      <ServiceRef>YNBX006</ServiceRef>
      <LineRef>0</LineRef>
      <JourneyPatternRef>JPS_YNBX006-5</JourneyPatternRef>
      <DepartureTime>14:15:00</DepartureTime>
    </VehicleJourney>
    <VehicleJourney>
      <OperatorRef>HG</OperatorRef>
      <OperatingProfile>
        <RegularDayType>
          <DaysOfWeek>
            <Saturday />
          </DaysOfWeek>
        </RegularDayType>
      </OperatingProfile>
      <VehicleJourneyCode>73475</VehicleJourneyCode>
      <ServiceRef>YNBX006</ServiceRef>
      <LineRef>0</LineRef>
      <JourneyPatternRef>JPS_YNBX006-5</JourneyPatternRef>
      <DepartureTime>15:15:00</DepartureTime>
    </VehicleJourney>
    <VehicleJourney>
      <OperatorRef>HG</OperatorRef>
      <OperatingProfile>
        <RegularDayType>
          <DaysOfWeek>
            <Saturday />
          </DaysOfWeek>
        </RegularDayType>
      </OperatingProfile>
      <VehicleJourneyCode>73476</VehicleJourneyCode>
      <ServiceRef>YNBX006</ServiceRef>
      <LineRef>0</LineRef>
      <JourneyPatternRef>JPS_YNBX006-5</JourneyPatternRef>
      <DepartureTime>16:15:00</DepartureTime>
    </VehicleJourney>
    <VehicleJourney>
      <OperatorRef>HG</OperatorRef>
      <OperatingProfile>
        <RegularDayType>
          <DaysOfWeek>
            <Monday />
            <Tuesday />
            <Wednesday />
            <Thursday />
            <Friday />
          </DaysOfWeek>
        </RegularDayType>
        <BankHolidayOperation>
          <DaysOfNonOperation>
            <ChristmasDay />
            <BoxingDay />
            <GoodFriday />
            <NewYearsDay />
            <LateSummerBankHolidayNotScotland />
            <MayDay />
            <EasterMonday />
            <SpringBank />
          </DaysOfNonOperation>
        </BankHolidayOperation>
      </OperatingProfile>
      <VehicleJourneyCode>73477</VehicleJourneyCode>
      <ServiceRef>YNBX006</ServiceRef>
      <LineRef>0</LineRef>
      <JourneyPatternRef>JPS_YNBX006-6</JourneyPatternRef>
      <DepartureTime>17:30:00</DepartureTime>
    </VehicleJourney>
    <VehicleJourney>
      <OperatorRef>HG</OperatorRef>
      <OperatingProfile>
        <RegularDayType>
          <DaysOfWeek>
            <Saturday />
          </DaysOfWeek>
        </RegularDayType>
      </OperatingProfile>
      <VehicleJourneyCode>73478</VehicleJourneyCode>
      <ServiceRef>YNBX006</ServiceRef>
      <LineRef>0</LineRef>
      <JourneyPatternRef>JPS_YNBX006-6</JourneyPatternRef>
      <DepartureTime>17:30:00</DepartureTime>
    </VehicleJourney>
    <VehicleJourney>
      <OperatorRef>HG</OperatorRef>
      <OperatingProfile>
        <RegularDayType>
          <DaysOfWeek>
            <Monday />
            <Tuesday />
            <Wednesday />
            <Thursday />
            <Friday />
          </DaysOfWeek>
        </RegularDayType>
        <BankHolidayOperation>
          <DaysOfNonOperation>
            <ChristmasDay />
            <BoxingDay />
            <GoodFriday />
            <NewYearsDay />
            <LateSummerBankHolidayNotScotland />
            <MayDay />
            <EasterMonday />
            <SpringBank />
          </DaysOfNonOperation>
        </BankHolidayOperation>
      </OperatingProfile>
      <VehicleJourneyCode>73479</VehicleJourneyCode>
      <ServiceRef>YNBX006</ServiceRef>
      <LineRef>0</LineRef>
      <JourneyPatternRef>JPS_YNBX006-7</JourneyPatternRef>
      <DepartureTime>09:24:00</DepartureTime>
    </VehicleJourney>
    <VehicleJourney>
      <OperatorRef>HG</OperatorRef>
      <OperatingProfile>
        <RegularDayType>
          <DaysOfWeek>
            <Monday />
            <Tuesday />
            <Wednesday />
            <Thursday />
            <Friday />
          </DaysOfWeek>
        </RegularDayType>
        <BankHolidayOperation>
          <DaysOfNonOperation>
            <ChristmasDay />
            <BoxingDay />
            <GoodFriday />
            <NewYearsDay />
            <LateSummerBankHolidayNotScotland />
            <MayDay />
            <EasterMonday />
            <SpringBank />
          </DaysOfNonOperation>
        </BankHolidayOperation>
      </OperatingProfile>
      <VehicleJourneyCode>73480</VehicleJourneyCode>
      <ServiceRef>YNBX006</ServiceRef>
      <LineRef>0</LineRef>
      <JourneyPatternRef>JPS_YNBX006-7</JourneyPatternRef>
      <DepartureTime>10:24:00</DepartureTime>
    </VehicleJourney>
    <VehicleJourney>
      <OperatorRef>HG</OperatorRef>
      <OperatingProfile>
        <RegularDayType>
          <DaysOfWeek>
            <Monday />
            <Tuesday />
            <Wednesday />
            <Thursday />
            <Friday />
          </DaysOfWeek>
        </RegularDayType>
        <BankHolidayOperation>
          <DaysOfNonOperation>
            <ChristmasDay />
            <BoxingDay />
            <GoodFriday />
            <NewYearsDay />
            <LateSummerBankHolidayNotScotland />
            <MayDay />
            <EasterMonday />
            <SpringBank />
          </DaysOfNonOperation>
        </BankHolidayOperation>
      </OperatingProfile>
      <VehicleJourneyCode>73481</VehicleJourneyCode>
      <ServiceRef>YNBX006</ServiceRef>
      <LineRef>0</LineRef>
      <JourneyPatternRef>JPS_YNBX006-7</JourneyPatternRef>
      <DepartureTime>11:24:00</DepartureTime>
    </VehicleJourney>
    <VehicleJourney>
      <OperatorRef>HG</OperatorRef>
      <OperatingProfile>
        <RegularDayType>
          <DaysOfWeek>
            <Monday />
            <Tuesday />
            <Wednesday />
            <Thursday />
            <Friday />
          </DaysOfWeek>
        </RegularDayType>
        <BankHolidayOperation>
          <DaysOfNonOperation>
            <ChristmasDay />
            <BoxingDay />
            <GoodFriday />
            <NewYearsDay />
            <LateSummerBankHolidayNotScotland />
            <MayDay />
            <EasterMonday />
            <SpringBank />
          </DaysOfNonOperation>
        </BankHolidayOperation>
      </OperatingProfile>
      <VehicleJourneyCode>73482</VehicleJourneyCode>
      <ServiceRef>YNBX006</ServiceRef>
      <LineRef>0</LineRef>
      <JourneyPatternRef>JPS_YNBX006-7</JourneyPatternRef>
      <DepartureTime>12:24:00</DepartureTime>
    </VehicleJourney>
    <VehicleJourney>
      <OperatorRef>HG</OperatorRef>
      <OperatingProfile>
        <RegularDayType>
          <DaysOfWeek>
            <Monday />
            <Tuesday />
            <Wednesday />
            <Thursday />
            <Friday />
          </DaysOfWeek>
        </RegularDayType>
        <BankHolidayOperation>
          <DaysOfNonOperation>
            <ChristmasDay />
            <BoxingDay />
            <GoodFriday />
            <NewYearsDay />
            <LateSummerBankHolidayNotScotland />
            <MayDay />
            <EasterMonday />
            <SpringBank />
          </DaysOfNonOperation>
        </BankHolidayOperation>
      </OperatingProfile>
      <VehicleJourneyCode>73483</VehicleJourneyCode>
      <ServiceRef>YNBX006</ServiceRef>
      <LineRef>0</LineRef>
      <JourneyPatternRef>JPS_YNBX006-7</JourneyPatternRef>
      <DepartureTime>13:24:00</DepartureTime>
    </VehicleJourney>
    <VehicleJourney>
      <OperatorRef>HG</OperatorRef>
      <OperatingProfile>
        <RegularDayType>
          <DaysOfWeek>
            <Monday />
            <Tuesday />
            <Wednesday />
            <Thursday />
            <Friday />
          </DaysOfWeek>
        </RegularDayType>
        <BankHolidayOperation>
          <DaysOfNonOperation>
            <ChristmasDay />
            <BoxingDay />
            <GoodFriday />
            <NewYearsDay />
            <LateSummerBankHolidayNotScotland />
            <MayDay />
            <EasterMonday />
            <SpringBank />
          </DaysOfNonOperation>
        </BankHolidayOperation>
      </OperatingProfile>
      <VehicleJourneyCode>73484</VehicleJourneyCode>
      <ServiceRef>YNBX006</ServiceRef>
      <LineRef>0</LineRef>
      <JourneyPatternRef>JPS_YNBX006-7</JourneyPatternRef>
      <DepartureTime>14:24:00</DepartureTime>
    </VehicleJourney>
    <VehicleJourney>
      <OperatorRef>HG</OperatorRef>
      <OperatingProfile>
        <RegularDayType>
          <DaysOfWeek>
            <Monday />
            <Tuesday />
            <Wednesday />
            <Thursday />
            <Friday />
          </DaysOfWeek>
        </RegularDayType>
        <BankHolidayOperation>
          <DaysOfNonOperation>
            <ChristmasDay />
            <BoxingDay />
            <GoodFriday />
            <NewYearsDay />
            <LateSummerBankHolidayNotScotland />
            <MayDay />
            <EasterMonday />
            <SpringBank />
          </DaysOfNonOperation>
        </BankHolidayOperation>
      </OperatingProfile>
      <VehicleJourneyCode>73485</VehicleJourneyCode>
      <ServiceRef>YNBX006</ServiceRef>
      <LineRef>0</LineRef>
      <JourneyPatternRef>JPS_YNBX006-7</JourneyPatternRef>
      <DepartureTime>15:24:00</DepartureTime>
    </VehicleJourney>
    <VehicleJourney>
      <OperatorRef>HG</OperatorRef>
      <OperatingProfile>
        <RegularDayType>
          <DaysOfWeek>
            <Monday />
            <Tuesday />
            <Wednesday />
            <Thursday />
            <Friday />
          </DaysOfWeek>
        </RegularDayType>
        <BankHolidayOperation>
          <DaysOfNonOperation>
            <ChristmasDay />
            <BoxingDay />
            <GoodFriday />
            <NewYearsDay />
            <LateSummerBankHolidayNotScotland />
            <MayDay />
            <EasterMonday />
            <SpringBank />
          </DaysOfNonOperation>
        </BankHolidayOperation>
      </OperatingProfile>
      <VehicleJourneyCode>73486</VehicleJourneyCode>
      <ServiceRef>YNBX006</ServiceRef>
      <LineRef>0</LineRef>
      <JourneyPatternRef>JPS_YNBX006-7</JourneyPatternRef>
      <DepartureTime>16:24:00</DepartureTime>
    </VehicleJourney>
    <VehicleJourney>
      <OperatorRef>HG</OperatorRef>
      <OperatingProfile>
        <RegularDayType>
          <DaysOfWeek>
            <Saturday />
          </DaysOfWeek>
        </RegularDayType>
      </OperatingProfile>
      <VehicleJourneyCode>73487</VehicleJourneyCode>
      <ServiceRef>YNBX006</ServiceRef>
      <LineRef>0</LineRef>
      <JourneyPatternRef>JPS_YNBX006-7</JourneyPatternRef>
      <DepartureTime>09:24:00</DepartureTime>
    </VehicleJourney>
    <VehicleJourney>
      <OperatorRef>HG</OperatorRef>
      <OperatingProfile>
        <RegularDayType>
          <DaysOfWeek>
            <Saturday />
          </DaysOfWeek>
        </RegularDayType>
      </OperatingProfile>
      <VehicleJourneyCode>73488</VehicleJourneyCode>
      <ServiceRef>YNBX006</ServiceRef>
      <LineRef>0</LineRef>
      <JourneyPatternRef>JPS_YNBX006-7</JourneyPatternRef>
      <DepartureTime>10:24:00</DepartureTime>
    </VehicleJourney>
    <VehicleJourney>
      <OperatorRef>HG</OperatorRef>
      <OperatingProfile>
        <RegularDayType>
          <DaysOfWeek>
            <Saturday />
          </DaysOfWeek>
        </RegularDayType>
      </OperatingProfile>
      <VehicleJourneyCode>73489</VehicleJourneyCode>
      <ServiceRef>YNBX006</ServiceRef>
      <LineRef>0</LineRef>
      <JourneyPatternRef>JPS_YNBX006-7</JourneyPatternRef>
      <DepartureTime>11:24:00</DepartureTime>
    </VehicleJourney>
    <VehicleJourney>
      <OperatorRef>HG</OperatorRef>
      <OperatingProfile>
        <RegularDayType>
          <DaysOfWeek>
            <Saturday />
          </DaysOfWeek>
        </RegularDayType>
      </OperatingProfile>
      <VehicleJourneyCode>73490</VehicleJourneyCode>
      <ServiceRef>YNBX006</ServiceRef>
      <LineRef>0</LineRef>
      <JourneyPatternRef>JPS_YNBX006-7</JourneyPatternRef>
      <DepartureTime>12:24:00</DepartureTime>
    </VehicleJourney>
    <VehicleJourney>
      <OperatorRef>HG</OperatorRef>
      <OperatingProfile>
        <RegularDayType>
          <DaysOfWeek>
            <Saturday />
          </DaysOfWeek>
        </RegularDayType>
      </OperatingProfile>
      <VehicleJourneyCode>73491</VehicleJourneyCode>
      <ServiceRef>YNBX006</ServiceRef>
      <LineRef>0</LineRef>
      <JourneyPatternRef>JPS_YNBX006-7</JourneyPatternRef>
      <DepartureTime>13:24:00</DepartureTime>
    </VehicleJourney>
    <VehicleJourney>
      <OperatorRef>HG</OperatorRef>
      <OperatingProfile>
        <RegularDayType>
          <DaysOfWeek>
            <Saturday />
          </DaysOfWeek>
        </RegularDayType>
      </OperatingProfile>
      <VehicleJourneyCode>73492</VehicleJourneyCode>
      <ServiceRef>YNBX006</ServiceRef>
      <LineRef>0</LineRef>
      <JourneyPatternRef>JPS_YNBX006-7</JourneyPatternRef>
      <DepartureTime>14:24:00</DepartureTime>
    </VehicleJourney>
    <VehicleJourney>
      <OperatorRef>HG</OperatorRef>
      <OperatingProfile>
        <RegularDayType>
          <DaysOfWeek>
            <Saturday />
          </DaysOfWeek>
        </RegularDayType>
      </OperatingProfile>
      <VehicleJourneyCode>73493</VehicleJourneyCode>
      <ServiceRef>YNBX006</ServiceRef>
      <LineRef>0</LineRef>
      <JourneyPatternRef>JPS_YNBX006-7</JourneyPatternRef>
      <DepartureTime>15:24:00</DepartureTime>
    </VehicleJourney>
    <VehicleJourney>
      <OperatorRef>HG</OperatorRef>
      <OperatingProfile>
        <RegularDayType>
          <DaysOfWeek>
            <Saturday />
          </DaysOfWeek>
        </RegularDayType>
      </OperatingProfile>
      <VehicleJourneyCode>73494</VehicleJourneyCode>
      <ServiceRef>YNBX006</ServiceRef>
      <LineRef>0</LineRef>
      <JourneyPatternRef>JPS_YNBX006-7</JourneyPatternRef>
      <DepartureTime>16:24:00</DepartureTime>
    </VehicleJourney>
    <VehicleJourney>
      <OperatorRef>HG</OperatorRef>
      <OperatingProfile>
        <RegularDayType>
          <DaysOfWeek>
            <Monday />
            <Tuesday />
            <Wednesday />
            <Thursday />
            <Friday />
          </DaysOfWeek>
        </RegularDayType>
        <BankHolidayOperation>
          <DaysOfNonOperation>
            <ChristmasDay />
            <BoxingDay />
            <GoodFriday />
            <NewYearsDay />
            <LateSummerBankHolidayNotScotland />
            <MayDay />
            <EasterMonday />
            <SpringBank />
          </DaysOfNonOperation>
        </BankHolidayOperation>
      </OperatingProfile>
      <VehicleJourneyCode>73495</VehicleJourneyCode>
      <ServiceRef>YNBX006</ServiceRef>
      <LineRef>0</LineRef>
      <JourneyPatternRef>JPS_YNBX006-8</JourneyPatternRef>
      <DepartureTime>17:39:00</DepartureTime>
    </VehicleJourney>
    <VehicleJourney>
      <OperatorRef>HG</OperatorRef>
      <OperatingProfile>
        <RegularDayType>
          <DaysOfWeek>
            <Saturday />
          </DaysOfWeek>
        </RegularDayType>
      </OperatingProfile>
      <VehicleJourneyCode>73496</VehicleJourneyCode>
      <ServiceRef>YNBX006</ServiceRef>
      <LineRef>0</LineRef>
      <JourneyPatternRef>JPS_YNBX006-8</JourneyPatternRef>
      <DepartureTime>17:39:00</DepartureTime>
    </VehicleJourney>
  </VehicleJourneys>
</TransXChange>