<?xml version="1.0" encoding="utf-8"?>
<TransXChange xmlns:xsd="http://www.w3.org/2001/XMLSchema" xmlns:xsi="http://www.w3.org/2001/XMLSchema-instance" xsi:schemaLocation="http://www.transxchange.org.uk/ http://www.transxchange.org.uk/schema/2.1/TransXChange_general.xsd" CreationDateTime="2017-09-18T09:37:00-00:00" ModificationDateTime="2017-09-18T09:37:00-00:00" Modification="new" RevisionNumber="0" FileName="SVRYHAAM01.xml" SchemaVersion="2.1" RegistrationDocument="false" xmlns="http://www.transxchange.org.uk/">
  <ServicedOrganisations>
    <ServicedOrganisation>
      <OrganisationCode>5</OrganisationCode>
      <Name>
QE1 : AM1MFISCH.cif
</Name>
      <WorkingDays>
        <DateRange>
          <StartDate>2017-09-03</StartDate>
          <EndDate>2017-07-21</EndDate>
        </DateRange>
        <DateRange>
          <StartDate>2017-09-06</StartDate>
          <EndDate>2017-10-27</EndDate>
        </DateRange>
        <DateRange>
          <StartDate>2017-11-06</StartDate>
          <EndDate>2017-12-21</EndDate>
        </DateRange>
        <DateRange>
          <StartDate>2018-01-09</StartDate>
          <EndDate>2018-02-09</EndDate>
        </DateRange>
        <DateRange>
          <StartDate>2018-02-19</StartDate>
          <EndDate>2018-02-27</EndDate>
        </DateRange>
        <DateRange>
          <StartDate>2018-02-26</StartDate>
          <EndDate>2018-02-27</EndDate>
        </DateRange>
      </WorkingDays>
    </ServicedOrganisation>
    <ServicedOrganisation>
      <OrganisationCode>6</OrganisationCode>
      <Name>
QE1 : AM1MFOSCH.cif
</Name>
      <WorkingDays>
        <DateRange>
          <StartDate>2017-09-03</StartDate>
          <EndDate>2017-07-21</EndDate>
        </DateRange>
        <DateRange>
          <StartDate>2017-09-06</StartDate>
          <EndDate>2017-10-27</EndDate>
        </DateRange>
        <DateRange>
          <StartDate>2017-11-06</StartDate>
          <EndDate>2017-12-21</EndDate>
        </DateRange>
        <DateRange>
          <StartDate>2018-01-09</StartDate>
          <EndDate>2018-02-09</EndDate>
        </DateRange>
        <DateRange>
          <StartDate>2018-02-19</StartDate>
          <EndDate>2018-02-27</EndDate>
        </DateRange>
        <DateRange>
          <StartDate>2018-02-26</StartDate>
          <EndDate>2018-02-27</EndDate>
        </DateRange>
      </WorkingDays>
    </ServicedOrganisation>
  </ServicedOrganisations>
  <StopPoints>
    <AnnotatedStopPointRef>
      <StopPointRef>2290YHA00748</StopPointRef>
      <CommonName>Grandale Shops</CommonName>
    </AnnotatedStopPointRef>
    <AnnotatedStopPointRef>
      <StopPointRef>2290YHA00747</StopPointRef>
      <CommonName>Gorsedale</CommonName>
    </AnnotatedStopPointRef>
    <AnnotatedStopPointRef>
      <StopPointRef>2290YHA00746</StopPointRef>
      <CommonName>Grizedale</CommonName>
    </AnnotatedStopPointRef>
    <AnnotatedStopPointRef>
      <StopPointRef>2290YHA00756</StopPointRef>
      <CommonName>Jendale</CommonName>
    </AnnotatedStopPointRef>
    <AnnotatedStopPointRef>
      <StopPointRef>2290YHA00745</StopPointRef>
      <CommonName>Cheltenham Avenue</CommonName>
    </AnnotatedStopPointRef>
    <AnnotatedStopPointRef>
      <StopPointRef>2290YHA00751</StopPointRef>
      <CommonName>Deerhurst Grove</CommonName>
    </AnnotatedStopPointRef>
    <AnnotatedStopPointRef>
      <StopPointRef>2290YHA00844</StopPointRef>
      <CommonName>St Mary Queen Of Martyrs RC School</CommonName>
    </AnnotatedStopPointRef>
    <AnnotatedStopPointRef>
      <StopPointRef>2290YHA00843</StopPointRef>
      <CommonName>Purton Grove</CommonName>
    </AnnotatedStopPointRef>
    <AnnotatedStopPointRef>
      <StopPointRef>2290YHA00093</StopPointRef>
      <CommonName>Sutton Gardens</CommonName>
    </AnnotatedStopPointRef>
    <AnnotatedStopPointRef>
      <StopPointRef>2290YHA00803</StopPointRef>
      <CommonName>Perran Close</CommonName>
    </AnnotatedStopPointRef>
    <AnnotatedStopPointRef>
      <StopPointRef>2290YHA00802</StopPointRef>
      <CommonName>Logan Close</CommonName>
    </AnnotatedStopPointRef>
    <AnnotatedStopPointRef>
      <StopPointRef>2290YHA00730</StopPointRef>
      <CommonName>Truro Close</CommonName>
    </AnnotatedStopPointRef>
    <AnnotatedStopPointRef>
      <StopPointRef>2290YHA00731</StopPointRef>
      <CommonName>Wawne Road</CommonName>
    </AnnotatedStopPointRef>
    <AnnotatedStopPointRef>
      <StopPointRef>2290YHA00291</StopPointRef>
      <CommonName>St James' Church</CommonName>
    </AnnotatedStopPointRef>
    <AnnotatedStopPointRef>
      <StopPointRef>2290YHA01616</StopPointRef>
      <CommonName>Saltshouse Road</CommonName>
    </AnnotatedStopPointRef>
    <AnnotatedStopPointRef>
      <StopPointRef>2290YHA00675</StopPointRef>
      <CommonName>Kildale Close</CommonName>
    </AnnotatedStopPointRef>
    <AnnotatedStopPointRef>
      <StopPointRef>2290YHA00676</StopPointRef>
      <CommonName>Hovingham Close</CommonName>
    </AnnotatedStopPointRef>
    <AnnotatedStopPointRef>
      <StopPointRef>2290YHA00384</StopPointRef>
      <CommonName>Ingleby Close</CommonName>
    </AnnotatedStopPointRef>
    <AnnotatedStopPointRef>
      <StopPointRef>2290YHA00385</StopPointRef>
      <CommonName>East Carr Road</CommonName>
    </AnnotatedStopPointRef>
    <AnnotatedStopPointRef>
      <StopPointRef>2290YHA00382</StopPointRef>
      <CommonName>Gleneagles Park</CommonName>
    </AnnotatedStopPointRef>
    <AnnotatedStopPointRef>
      <StopPointRef>2290YHA01521</StopPointRef>
      <CommonName>White House Unit</CommonName>
    </AnnotatedStopPointRef>
    <AnnotatedStopPointRef>
      <StopPointRef>2290YHA00995</StopPointRef>
      <CommonName>Clear View Close</CommonName>
    </AnnotatedStopPointRef>
    <AnnotatedStopPointRef>
      <StopPointRef>2290YHA00994</StopPointRef>
      <CommonName>Salthouse Road</CommonName>
    </AnnotatedStopPointRef>
    <AnnotatedStopPointRef>
      <StopPointRef>2290YHA00993</StopPointRef>
      <CommonName>Sutton Park Golf Club</CommonName>
    </AnnotatedStopPointRef>
    <AnnotatedStopPointRef>
      <StopPointRef>2290YHA00992</StopPointRef>
      <CommonName>Wilberforce College</CommonName>
    </AnnotatedStopPointRef>
    <AnnotatedStopPointRef>
      <StopPointRef>2290YHA00991</StopPointRef>
      <CommonName>East Mount Avenue</CommonName>
    </AnnotatedStopPointRef>
    <AnnotatedStopPointRef>
      <StopPointRef>2290YHA00990</StopPointRef>
      <CommonName>Waveney Road</CommonName>
    </AnnotatedStopPointRef>
    <AnnotatedStopPointRef>
      <StopPointRef>2290YHA00366</StopPointRef>
      <CommonName>Charles Brady Court</CommonName>
    </AnnotatedStopPointRef>
    <AnnotatedStopPointRef>
      <StopPointRef>2290YHA01599</StopPointRef>
      <CommonName>Staveley Road</CommonName>
    </AnnotatedStopPointRef>
    <AnnotatedStopPointRef>
      <StopPointRef>2290YHA01080</StopPointRef>
      <CommonName>The Flower Pot PH</CommonName>
    </AnnotatedStopPointRef>
    <AnnotatedStopPointRef>
      <StopPointRef>2290YHA00078</StopPointRef>
      <CommonName>Jervis Road</CommonName>
    </AnnotatedStopPointRef>
    <AnnotatedStopPointRef>
      <StopPointRef>2290YHA00083</StopPointRef>
      <CommonName>Andrew Marvell School</CommonName>
    </AnnotatedStopPointRef>
    <AnnotatedStopPointRef>
      <StopPointRef>2290YHA00084</StopPointRef>
      <CommonName>Nestor Grove</CommonName>
    </AnnotatedStopPointRef>
    <AnnotatedStopPointRef>
      <StopPointRef>2290YHA00365</StopPointRef>
      <CommonName>Diadem Grove Roundabout</CommonName>
    </AnnotatedStopPointRef>
    <AnnotatedStopPointRef>
      <StopPointRef>2290YHA00983</StopPointRef>
      <CommonName>Eastfield House</CommonName>
    </AnnotatedStopPointRef>
    <AnnotatedStopPointRef>
      <StopPointRef>2290YHA00984</StopPointRef>
      <CommonName>East Mount Avenue</CommonName>
    </AnnotatedStopPointRef>
    <AnnotatedStopPointRef>
      <StopPointRef>2290YHA00985</StopPointRef>
      <CommonName>Wilberforce College</CommonName>
    </AnnotatedStopPointRef>
    <AnnotatedStopPointRef>
      <StopPointRef>2290YHA00986</StopPointRef>
      <CommonName>Camberwell Close</CommonName>
    </AnnotatedStopPointRef>
    <AnnotatedStopPointRef>
      <StopPointRef>2290YHA00987</StopPointRef>
      <CommonName>St Bartholomew's Way</CommonName>
    </AnnotatedStopPointRef>
    <AnnotatedStopPointRef>
      <StopPointRef>2290YHA00996</StopPointRef>
      <CommonName>Battersea Close</CommonName>
    </AnnotatedStopPointRef>
    <AnnotatedStopPointRef>
      <StopPointRef>2290YHA01540</StopPointRef>
      <CommonName>The Saltshouse Tavern PH</CommonName>
    </AnnotatedStopPointRef>
    <AnnotatedStopPointRef>
      <StopPointRef>2290YHA00383</StopPointRef>
      <CommonName>Gleneagles Park</CommonName>
    </AnnotatedStopPointRef>
    <AnnotatedStopPointRef>
      <StopPointRef>2290YHA01274</StopPointRef>
      <CommonName>East Carr Road</CommonName>
    </AnnotatedStopPointRef>
    <AnnotatedStopPointRef>
      <StopPointRef>2290YHA00386</StopPointRef>
      <CommonName>Ingleby Close</CommonName>
    </AnnotatedStopPointRef>
    <AnnotatedStopPointRef>
      <StopPointRef>2290YHA00679</StopPointRef>
      <CommonName>Gragdale Close</CommonName>
    </AnnotatedStopPointRef>
    <AnnotatedStopPointRef>
      <StopPointRef>2290YHA00678</StopPointRef>
      <CommonName>Fossdale Close</CommonName>
    </AnnotatedStopPointRef>
    <AnnotatedStopPointRef>
      <StopPointRef>2290YHA01617</StopPointRef>
      <CommonName>Church Street</CommonName>
    </AnnotatedStopPointRef>
    <AnnotatedStopPointRef>
      <StopPointRef>2290YHA00289</StopPointRef>
      <CommonName>St James' Church</CommonName>
    </AnnotatedStopPointRef>
    <AnnotatedStopPointRef>
      <StopPointRef>2290YHA00736</StopPointRef>
      <CommonName>Truro Close</CommonName>
    </AnnotatedStopPointRef>
    <AnnotatedStopPointRef>
      <StopPointRef>2290YHA00799</StopPointRef>
      <CommonName>Midmere Primary School</CommonName>
    </AnnotatedStopPointRef>
    <AnnotatedStopPointRef>
      <StopPointRef>2290YHA00800</StopPointRef>
      <CommonName>Dorchester Road</CommonName>
    </AnnotatedStopPointRef>
    <AnnotatedStopPointRef>
      <StopPointRef>2290YHA00801</StopPointRef>
      <CommonName>Winifred Holtby School</CommonName>
    </AnnotatedStopPointRef>
    <AnnotatedStopPointRef>
      <StopPointRef>2290YHA00092</StopPointRef>
      <CommonName>Midmere Avenue</CommonName>
    </AnnotatedStopPointRef>
    <AnnotatedStopPointRef>
      <StopPointRef>2290YHA00845</StopPointRef>
      <CommonName>Purton Grove</CommonName>
    </AnnotatedStopPointRef>
    <AnnotatedStopPointRef>
      <StopPointRef>2290YHA00749</StopPointRef>
      <CommonName>Cranham Grove</CommonName>
    </AnnotatedStopPointRef>
    <AnnotatedStopPointRef>
      <StopPointRef>2290YHA00750</StopPointRef>
      <CommonName>Bisley Grove</CommonName>
    </AnnotatedStopPointRef>
    <AnnotatedStopPointRef>
      <StopPointRef>2290YHA00755</StopPointRef>
      <CommonName>Marsdale</CommonName>
    </AnnotatedStopPointRef>
    <AnnotatedStopPointRef>
      <StopPointRef>2290YHA00752</StopPointRef>
      <CommonName>Clarondale</CommonName>
    </AnnotatedStopPointRef>
    <AnnotatedStopPointRef>
      <StopPointRef>2290YHA00753</StopPointRef>
      <CommonName>Cotterdale</CommonName>
    </AnnotatedStopPointRef>
    <AnnotatedStopPointRef>
      <StopPointRef>2290YHA00754</StopPointRef>
      <CommonName>Grandale</CommonName>
    </AnnotatedStopPointRef>
  </StopPoints>
  <RouteSections>
    <RouteSection id="YHAAM01_007">
      <RouteLink id="YHAAM01_007_14767">
        <From>
          <StopPointRef>2290YHA00748</StopPointRef>
        </From>
        <To>
          <StopPointRef>2290YHA00747</StopPointRef>
        </To>
        <Direction>inbound</Direction>
      </RouteLink>
      <RouteLink id="YHAAM01_007_14768">
        <From>
          <StopPointRef>2290YHA00747</StopPointRef>
        </From>
        <To>
          <StopPointRef>2290YHA00746</StopPointRef>
        </To>
        <Direction>inbound</Direction>
      </RouteLink>
      <RouteLink id="YHAAM01_007_14769">
        <From>
          <StopPointRef>2290YHA00746</StopPointRef>
        </From>
        <To>
          <StopPointRef>2290YHA00756</StopPointRef>
        </To>
        <Direction>inbound</Direction>
      </RouteLink>
      <RouteLink id="YHAAM01_007_14770">
        <From>
          <StopPointRef>2290YHA00756</StopPointRef>
        </From>
        <To>
          <StopPointRef>2290YHA00745</StopPointRef>
        </To>
        <Direction>inbound</Direction>
      </RouteLink>
      <RouteLink id="YHAAM01_007_14771">
        <From>
          <StopPointRef>2290YHA00745</StopPointRef>
        </From>
        <To>
          <StopPointRef>2290YHA00751</StopPointRef>
        </To>
        <Direction>inbound</Direction>
      </RouteLink>
      <RouteLink id="YHAAM01_007_14772">
        <From>
          <StopPointRef>2290YHA00751</StopPointRef>
        </From>
        <To>
          <StopPointRef>2290YHA00844</StopPointRef>
        </To>
        <Direction>inbound</Direction>
      </RouteLink>
      <RouteLink id="YHAAM01_007_14773">
        <From>
          <StopPointRef>2290YHA00844</StopPointRef>
        </From>
        <To>
          <StopPointRef>2290YHA00843</StopPointRef>
        </To>
        <Direction>inbound</Direction>
      </RouteLink>
      <RouteLink id="YHAAM01_007_14774">
        <From>
          <StopPointRef>2290YHA00843</StopPointRef>
        </From>
        <To>
          <StopPointRef>2290YHA00093</StopPointRef>
        </To>
        <Direction>inbound</Direction>
      </RouteLink>
      <RouteLink id="YHAAM01_007_14775">
        <From>
          <StopPointRef>2290YHA00093</StopPointRef>
        </From>
        <To>
          <StopPointRef>2290YHA00803</StopPointRef>
        </To>
        <Direction>inbound</Direction>
      </RouteLink>
      <RouteLink id="YHAAM01_007_14776">
        <From>
          <StopPointRef>2290YHA00803</StopPointRef>
        </From>
        <To>
          <StopPointRef>2290YHA00802</StopPointRef>
        </To>
        <Direction>inbound</Direction>
      </RouteLink>
      <RouteLink id="YHAAM01_007_14777">
        <From>
          <StopPointRef>2290YHA00802</StopPointRef>
        </From>
        <To>
          <StopPointRef>2290YHA00730</StopPointRef>
        </To>
        <Direction>inbound</Direction>
      </RouteLink>
      <RouteLink id="YHAAM01_007_14778">
        <From>
          <StopPointRef>2290YHA00730</StopPointRef>
        </From>
        <To>
          <StopPointRef>2290YHA00731</StopPointRef>
        </To>
        <Direction>inbound</Direction>
      </RouteLink>
      <RouteLink id="YHAAM01_007_14779">
        <From>
          <StopPointRef>2290YHA00731</StopPointRef>
        </From>
        <To>
          <StopPointRef>2290YHA00291</StopPointRef>
        </To>
        <Direction>inbound</Direction>
      </RouteLink>
      <RouteLink id="YHAAM01_007_14780">
        <From>
          <StopPointRef>2290YHA00291</StopPointRef>
        </From>
        <To>
          <StopPointRef>2290YHA01616</StopPointRef>
        </To>
        <Direction>inbound</Direction>
      </RouteLink>
      <RouteLink id="YHAAM01_007_14781">
        <From>
          <StopPointRef>2290YHA01616</StopPointRef>
        </From>
        <To>
          <StopPointRef>2290YHA00675</StopPointRef>
        </To>
        <Direction>inbound</Direction>
      </RouteLink>
      <RouteLink id="YHAAM01_007_14782">
        <From>
          <StopPointRef>2290YHA00675</StopPointRef>
        </From>
        <To>
          <StopPointRef>2290YHA00676</StopPointRef>
        </To>
        <Direction>inbound</Direction>
      </RouteLink>
      <RouteLink id="YHAAM01_007_14783">
        <From>
          <StopPointRef>2290YHA00676</StopPointRef>
        </From>
        <To>
          <StopPointRef>2290YHA00384</StopPointRef>
        </To>
        <Direction>inbound</Direction>
      </RouteLink>
      <RouteLink id="YHAAM01_007_14784">
        <From>
          <StopPointRef>2290YHA00384</StopPointRef>
        </From>
        <To>
          <StopPointRef>2290YHA00385</StopPointRef>
        </To>
        <Direction>inbound</Direction>
      </RouteLink>
      <RouteLink id="YHAAM01_007_14785">
        <From>
          <StopPointRef>2290YHA00385</StopPointRef>
        </From>
        <To>
          <StopPointRef>2290YHA00382</StopPointRef>
        </To>
        <Direction>inbound</Direction>
      </RouteLink>
      <RouteLink id="YHAAM01_007_14786">
        <From>
          <StopPointRef>2290YHA00382</StopPointRef>
        </From>
        <To>
          <StopPointRef>2290YHA01521</StopPointRef>
        </To>
        <Direction>inbound</Direction>
      </RouteLink>
      <RouteLink id="YHAAM01_007_14787">
        <From>
          <StopPointRef>2290YHA01521</StopPointRef>
        </From>
        <To>
          <StopPointRef>2290YHA00995</StopPointRef>
        </To>
        <Direction>inbound</Direction>
      </RouteLink>
      <RouteLink id="YHAAM01_007_14788">
        <From>
          <StopPointRef>2290YHA00995</StopPointRef>
        </From>
        <To>
          <StopPointRef>2290YHA00994</StopPointRef>
        </To>
        <Direction>inbound</Direction>
      </RouteLink>
      <RouteLink id="YHAAM01_007_14789">
        <From>
          <StopPointRef>2290YHA00994</StopPointRef>
        </From>
        <To>
          <StopPointRef>2290YHA00993</StopPointRef>
        </To>
        <Direction>inbound</Direction>
      </RouteLink>
      <RouteLink id="YHAAM01_007_14790">
        <From>
          <StopPointRef>2290YHA00993</StopPointRef>
        </From>
        <To>
          <StopPointRef>2290YHA00992</StopPointRef>
        </To>
        <Direction>inbound</Direction>
      </RouteLink>
      <RouteLink id="YHAAM01_007_14791">
        <From>
          <StopPointRef>2290YHA00992</StopPointRef>
        </From>
        <To>
          <StopPointRef>2290YHA00991</StopPointRef>
        </To>
        <Direction>inbound</Direction>
      </RouteLink>
      <RouteLink id="YHAAM01_007_14792">
        <From>
          <StopPointRef>2290YHA00991</StopPointRef>
        </From>
        <To>
          <StopPointRef>2290YHA00990</StopPointRef>
        </To>
        <Direction>inbound</Direction>
      </RouteLink>
      <RouteLink id="YHAAM01_007_14793">
        <From>
          <StopPointRef>2290YHA00990</StopPointRef>
        </From>
        <To>
          <StopPointRef>2290YHA00366</StopPointRef>
        </To>
        <Direction>inbound</Direction>
      </RouteLink>
      <RouteLink id="YHAAM01_007_14794">
        <From>
          <StopPointRef>2290YHA00366</StopPointRef>
        </From>
        <To>
          <StopPointRef>2290YHA01599</StopPointRef>
        </To>
        <Direction>inbound</Direction>
      </RouteLink>
      <RouteLink id="YHAAM01_007_14795">
        <From>
          <StopPointRef>2290YHA01599</StopPointRef>
        </From>
        <To>
          <StopPointRef>2290YHA01080</StopPointRef>
        </To>
        <Direction>inbound</Direction>
      </RouteLink>
      <RouteLink id="YHAAM01_007_14796">
        <From>
          <StopPointRef>2290YHA01080</StopPointRef>
        </From>
        <To>
          <StopPointRef>2290YHA00078</StopPointRef>
        </To>
        <Direction>inbound</Direction>
      </RouteLink>
      <RouteLink id="YHAAM01_007_14797">
        <From>
          <StopPointRef>2290YHA00078</StopPointRef>
        </From>
        <To>
          <StopPointRef>2290YHA00083</StopPointRef>
        </To>
        <Direction>inbound</Direction>
      </RouteLink>
      <RouteLink id="YHAAM01_007_14798">
        <From>
          <StopPointRef>2290YHA00083</StopPointRef>
        </From>
        <To>
          <StopPointRef>2290YHA00084</StopPointRef>
        </To>
        <Direction>inbound</Direction>
      </RouteLink>
    </RouteSection>
    <RouteSection id="YHAAM01_006">
      <RouteLink id="YHAAM01_006_14802">
        <From>
          <StopPointRef>2290YHA00084</StopPointRef>
        </From>
        <To>
          <StopPointRef>2290YHA00365</StopPointRef>
        </To>
        <Direction>outbound</Direction>
      </RouteLink>
      <RouteLink id="YHAAM01_006_14803">
        <From>
          <StopPointRef>2290YHA00365</StopPointRef>
        </From>
        <To>
          <StopPointRef>2290YHA00983</StopPointRef>
        </To>
        <Direction>outbound</Direction>
      </RouteLink>
      <RouteLink id="YHAAM01_006_14804">
        <From>
          <StopPointRef>2290YHA00983</StopPointRef>
        </From>
        <To>
          <StopPointRef>2290YHA00984</StopPointRef>
        </To>
        <Direction>outbound</Direction>
      </RouteLink>
      <RouteLink id="YHAAM01_006_14805">
        <From>
          <StopPointRef>2290YHA00984</StopPointRef>
        </From>
        <To>
          <StopPointRef>2290YHA00985</StopPointRef>
        </To>
        <Direction>outbound</Direction>
      </RouteLink>
      <RouteLink id="YHAAM01_006_14806">
        <From>
          <StopPointRef>2290YHA00985</StopPointRef>
        </From>
        <To>
          <StopPointRef>2290YHA00986</StopPointRef>
        </To>
        <Direction>outbound</Direction>
      </RouteLink>
      <RouteLink id="YHAAM01_006_14807">
        <From>
          <StopPointRef>2290YHA00986</StopPointRef>
        </From>
        <To>
          <StopPointRef>2290YHA00987</StopPointRef>
        </To>
        <Direction>outbound</Direction>
      </RouteLink>
      <RouteLink id="YHAAM01_006_14808">
        <From>
          <StopPointRef>2290YHA00987</StopPointRef>
        </From>
        <To>
          <StopPointRef>2290YHA00996</StopPointRef>
        </To>
        <Direction>outbound</Direction>
      </RouteLink>
      <RouteLink id="YHAAM01_006_14809">
        <From>
          <StopPointRef>2290YHA00996</StopPointRef>
        </From>
        <To>
          <StopPointRef>2290YHA01540</StopPointRef>
        </To>
        <Direction>outbound</Direction>
      </RouteLink>
      <RouteLink id="YHAAM01_006_14810">
        <From>
          <StopPointRef>2290YHA01540</StopPointRef>
        </From>
        <To>
          <StopPointRef>2290YHA00383</StopPointRef>
        </To>
        <Direction>outbound</Direction>
      </RouteLink>
      <RouteLink id="YHAAM01_006_14811">
        <From>
          <StopPointRef>2290YHA00383</StopPointRef>
        </From>
        <To>
          <StopPointRef>2290YHA01274</StopPointRef>
        </To>
        <Direction>outbound</Direction>
      </RouteLink>
      <RouteLink id="YHAAM01_006_14812">
        <From>
          <StopPointRef>2290YHA01274</StopPointRef>
        </From>
        <To>
          <StopPointRef>2290YHA00386</StopPointRef>
        </To>
        <Direction>outbound</Direction>
      </RouteLink>
      <RouteLink id="YHAAM01_006_14813">
        <From>
          <StopPointRef>2290YHA00386</StopPointRef>
        </From>
        <To>
          <StopPointRef>2290YHA00679</StopPointRef>
        </To>
        <Direction>outbound</Direction>
      </RouteLink>
      <RouteLink id="YHAAM01_006_14814">
        <From>
          <StopPointRef>2290YHA00679</StopPointRef>
        </From>
        <To>
          <StopPointRef>2290YHA00678</StopPointRef>
        </To>
        <Direction>outbound</Direction>
      </RouteLink>
      <RouteLink id="YHAAM01_006_14815">
        <From>
          <StopPointRef>2290YHA00678</StopPointRef>
        </From>
        <To>
          <StopPointRef>2290YHA01617</StopPointRef>
        </To>
        <Direction>outbound</Direction>
      </RouteLink>
      <RouteLink id="YHAAM01_006_14816">
        <From>
          <StopPointRef>2290YHA01617</StopPointRef>
        </From>
        <To>
          <StopPointRef>2290YHA00289</StopPointRef>
        </To>
        <Direction>outbound</Direction>
      </RouteLink>
      <RouteLink id="YHAAM01_006_14817">
        <From>
          <StopPointRef>2290YHA00289</StopPointRef>
        </From>
        <To>
          <StopPointRef>2290YHA00736</StopPointRef>
        </To>
        <Direction>outbound</Direction>
      </RouteLink>
      <RouteLink id="YHAAM01_006_14818">
        <From>
          <StopPointRef>2290YHA00736</StopPointRef>
        </From>
        <To>
          <StopPointRef>2290YHA00799</StopPointRef>
        </To>
        <Direction>outbound</Direction>
      </RouteLink>
      <RouteLink id="YHAAM01_006_14819">
        <From>
          <StopPointRef>2290YHA00799</StopPointRef>
        </From>
        <To>
          <StopPointRef>2290YHA00800</StopPointRef>
        </To>
        <Direction>outbound</Direction>
      </RouteLink>
      <RouteLink id="YHAAM01_006_14820">
        <From>
          <StopPointRef>2290YHA00800</StopPointRef>
        </From>
        <To>
          <StopPointRef>2290YHA00801</StopPointRef>
        </To>
        <Direction>outbound</Direction>
      </RouteLink>
      <RouteLink id="YHAAM01_006_14821">
        <From>
          <StopPointRef>2290YHA00801</StopPointRef>
        </From>
        <To>
          <StopPointRef>2290YHA00092</StopPointRef>
        </To>
        <Direction>outbound</Direction>
      </RouteLink>
      <RouteLink id="YHAAM01_006_14822">
        <From>
          <StopPointRef>2290YHA00092</StopPointRef>
        </From>
        <To>
          <StopPointRef>2290YHA00845</StopPointRef>
        </To>
        <Direction>outbound</Direction>
      </RouteLink>
      <RouteLink id="YHAAM01_006_14823">
        <From>
          <StopPointRef>2290YHA00845</StopPointRef>
        </From>
        <To>
          <StopPointRef>2290YHA00749</StopPointRef>
        </To>
        <Direction>outbound</Direction>
      </RouteLink>
      <RouteLink id="YHAAM01_006_14824">
        <From>
          <StopPointRef>2290YHA00749</StopPointRef>
        </From>
        <To>
          <StopPointRef>2290YHA00750</StopPointRef>
        </To>
        <Direction>outbound</Direction>
      </RouteLink>
      <RouteLink id="YHAAM01_006_14825">
        <From>
          <StopPointRef>2290YHA00750</StopPointRef>
        </From>
        <To>
          <StopPointRef>2290YHA00755</StopPointRef>
        </To>
        <Direction>outbound</Direction>
      </RouteLink>
      <RouteLink id="YHAAM01_006_14826">
        <From>
          <StopPointRef>2290YHA00755</StopPointRef>
        </From>
        <To>
          <StopPointRef>2290YHA00752</StopPointRef>
        </To>
        <Direction>outbound</Direction>
      </RouteLink>
      <RouteLink id="YHAAM01_006_14827">
        <From>
          <StopPointRef>2290YHA00752</StopPointRef>
        </From>
        <To>
          <StopPointRef>2290YHA00753</StopPointRef>
        </To>
        <Direction>outbound</Direction>
      </RouteLink>
      <RouteLink id="YHAAM01_006_14828">
        <From>
          <StopPointRef>2290YHA00753</StopPointRef>
        </From>
        <To>
          <StopPointRef>2290YHA00754</StopPointRef>
        </To>
        <Direction>outbound</Direction>
      </RouteLink>
    </RouteSection>
  </RouteSections>
  <Routes>
    <Route id="YHAAM01_007">
      <Description>Grandale / Sutton Park - Nestor Grove / Bilton Grange
</Description>
      <RouteSectionRef>YHAAM01_007</RouteSectionRef>
    </Route>
    <Route id="YHAAM01_006">
      <Description>Nestor Grove / Bilton Grange - Grandale / Sutton Park
</Description>
      <RouteSectionRef>YHAAM01_006</RouteSectionRef>
    </Route>
  </Routes>
  <JourneyPatternSections>
    <JourneyPatternSection id="JPS_YHAAM01-3">
      <JourneyPatternTimingLink id="JPS_YHAAM01-3_14767">
        <From>
          <StopPointRef>2290YHA00748</StopPointRef>
          <TimingStatus>PTP</TimingStatus>
        </From>
        <To>
          <StopPointRef>2290YHA00747</StopPointRef>
          <TimingStatus>OTH</TimingStatus>
        </To>
        <RouteLinkRef>YHAAM01_007_14767</RouteLinkRef>
        <Direction>inbound</Direction>
        <RunTime>PT32S</RunTime>
      </JourneyPatternTimingLink>
      <JourneyPatternTimingLink id="JPS_YHAAM01-3_14768">
        <From>
          <StopPointRef>2290YHA00747</StopPointRef>
          <TimingStatus>OTH</TimingStatus>
        </From>
        <To>
          <StopPointRef>2290YHA00746</StopPointRef>
          <TimingStatus>OTH</TimingStatus>
        </To>
        <RouteLinkRef>YHAAM01_007_14768</RouteLinkRef>
        <Direction>inbound</Direction>
        <RunTime>PT47S</RunTime>
      </JourneyPatternTimingLink>
      <JourneyPatternTimingLink id="JPS_YHAAM01-3_14769">
        <From>
          <StopPointRef>2290YHA00746</StopPointRef>
          <TimingStatus>OTH</TimingStatus>
        </From>
        <To>
          <StopPointRef>2290YHA00756</StopPointRef>
          <TimingStatus>OTH</TimingStatus>
        </To>
        <RouteLinkRef>YHAAM01_007_14769</RouteLinkRef>
        <Direction>inbound</Direction>
        <RunTime>PT30S</RunTime>
      </JourneyPatternTimingLink>
      <JourneyPatternTimingLink id="JPS_YHAAM01-3_14770">
        <From>
          <StopPointRef>2290YHA00756</StopPointRef>
          <TimingStatus>OTH</TimingStatus>
        </From>
        <To>
          <StopPointRef>2290YHA00745</StopPointRef>
          <TimingStatus>OTH</TimingStatus>
        </To>
        <RouteLinkRef>YHAAM01_007_14770</RouteLinkRef>
        <Direction>inbound</Direction>
        <RunTime>PT48S</RunTime>
      </JourneyPatternTimingLink>
      <JourneyPatternTimingLink id="JPS_YHAAM01-3_14771">
        <From>
          <StopPointRef>2290YHA00745</StopPointRef>
          <TimingStatus>OTH</TimingStatus>
        </From>
        <To>
          <StopPointRef>2290YHA00751</StopPointRef>
          <TimingStatus>OTH</TimingStatus>
        </To>
        <RouteLinkRef>YHAAM01_007_14771</RouteLinkRef>
        <Direction>inbound</Direction>
        <RunTime>PT20S</RunTime>
      </JourneyPatternTimingLink>
      <JourneyPatternTimingLink id="JPS_YHAAM01-3_14772">
        <From>
          <StopPointRef>2290YHA00751</StopPointRef>
          <TimingStatus>OTH</TimingStatus>
        </From>
        <To>
          <StopPointRef>2290YHA00844</StopPointRef>
          <TimingStatus>OTH</TimingStatus>
        </To>
        <RouteLinkRef>YHAAM01_007_14772</RouteLinkRef>
        <Direction>inbound</Direction>
        <RunTime>PT68S</RunTime>
      </JourneyPatternTimingLink>
      <JourneyPatternTimingLink id="JPS_YHAAM01-3_14773">
        <From>
          <StopPointRef>2290YHA00844</StopPointRef>
          <TimingStatus>OTH</TimingStatus>
        </From>
        <To>
          <StopPointRef>2290YHA00843</StopPointRef>
          <TimingStatus>OTH</TimingStatus>
        </To>
        <RouteLinkRef>YHAAM01_007_14773</RouteLinkRef>
        <Direction>inbound</Direction>
        <RunTime>PT34S</RunTime>
      </JourneyPatternTimingLink>
      <JourneyPatternTimingLink id="JPS_YHAAM01-3_14774">
        <From>
          <StopPointRef>2290YHA00843</StopPointRef>
          <TimingStatus>OTH</TimingStatus>
        </From>
        <To>
          <StopPointRef>2290YHA00093</StopPointRef>
          <TimingStatus>OTH</TimingStatus>
        </To>
        <RouteLinkRef>YHAAM01_007_14774</RouteLinkRef>
        <Direction>inbound</Direction>
        <RunTime>PT95S</RunTime>
      </JourneyPatternTimingLink>
      <JourneyPatternTimingLink id="JPS_YHAAM01-3_14775">
        <From>
          <StopPointRef>2290YHA00093</StopPointRef>
          <TimingStatus>OTH</TimingStatus>
        </From>
        <To>
          <StopPointRef>2290YHA00803</StopPointRef>
          <TimingStatus>OTH</TimingStatus>
        </To>
        <RouteLinkRef>YHAAM01_007_14775</RouteLinkRef>
        <Direction>inbound</Direction>
        <RunTime>PT49S</RunTime>
      </JourneyPatternTimingLink>
      <JourneyPatternTimingLink id="JPS_YHAAM01-3_14776">
        <From>
          <StopPointRef>2290YHA00803</StopPointRef>
          <TimingStatus>OTH</TimingStatus>
        </From>
        <To>
          <StopPointRef>2290YHA00802</StopPointRef>
          <TimingStatus>OTH</TimingStatus>
        </To>
        <RouteLinkRef>YHAAM01_007_14776</RouteLinkRef>
        <Direction>inbound</Direction>
        <RunTime>PT70S</RunTime>
      </JourneyPatternTimingLink>
      <JourneyPatternTimingLink id="JPS_YHAAM01-3_14777">
        <From>
          <StopPointRef>2290YHA00802</StopPointRef>
          <TimingStatus>OTH</TimingStatus>
        </From>
        <To>
          <StopPointRef>2290YHA00730</StopPointRef>
          <TimingStatus>OTH</TimingStatus>
        </To>
        <RouteLinkRef>YHAAM01_007_14777</RouteLinkRef>
        <Direction>inbound</Direction>
        <RunTime>PT61S</RunTime>
      </JourneyPatternTimingLink>
      <JourneyPatternTimingLink id="JPS_YHAAM01-3_14778">
        <From>
          <StopPointRef>2290YHA00730</StopPointRef>
          <TimingStatus>OTH</TimingStatus>
        </From>
        <To>
          <StopPointRef>2290YHA00731</StopPointRef>
          <TimingStatus>OTH</TimingStatus>
        </To>
        <RouteLinkRef>YHAAM01_007_14778</RouteLinkRef>
        <Direction>inbound</Direction>
        <RunTime>PT25S</RunTime>
      </JourneyPatternTimingLink>
      <JourneyPatternTimingLink id="JPS_YHAAM01-3_14779">
        <From>
          <StopPointRef>2290YHA00731</StopPointRef>
          <TimingStatus>OTH</TimingStatus>
        </From>
        <To>
          <StopPointRef>2290YHA00291</StopPointRef>
          <TimingStatus>OTH</TimingStatus>
        </To>
        <RouteLinkRef>YHAAM01_007_14779</RouteLinkRef>
        <Direction>inbound</Direction>
        <RunTime>PT59S</RunTime>
      </JourneyPatternTimingLink>
      <JourneyPatternTimingLink id="JPS_YHAAM01-3_14780">
        <From>
          <StopPointRef>2290YHA00291</StopPointRef>
          <TimingStatus>OTH</TimingStatus>
        </From>
        <To>
          <StopPointRef>2290YHA01616</StopPointRef>
          <TimingStatus>OTH</TimingStatus>
        </To>
        <RouteLinkRef>YHAAM01_007_14780</RouteLinkRef>
        <Direction>inbound</Direction>
        <RunTime>PT88S</RunTime>
      </JourneyPatternTimingLink>
      <JourneyPatternTimingLink id="JPS_YHAAM01-3_14781">
        <From>
          <StopPointRef>2290YHA01616</StopPointRef>
          <TimingStatus>OTH</TimingStatus>
        </From>
        <To>
          <StopPointRef>2290YHA00675</StopPointRef>
          <TimingStatus>OTH</TimingStatus>
        </To>
        <RouteLinkRef>YHAAM01_007_14781</RouteLinkRef>
        <Direction>inbound</Direction>
        <RunTime>PT46S</RunTime>
      </JourneyPatternTimingLink>
      <JourneyPatternTimingLink id="JPS_YHAAM01-3_14782">
        <From>
          <StopPointRef>2290YHA00675</StopPointRef>
          <TimingStatus>OTH</TimingStatus>
        </From>
        <To>
          <StopPointRef>2290YHA00676</StopPointRef>
          <TimingStatus>OTH</TimingStatus>
        </To>
        <RouteLinkRef>YHAAM01_007_14782</RouteLinkRef>
        <Direction>inbound</Direction>
        <RunTime>PT29S</RunTime>
      </JourneyPatternTimingLink>
      <JourneyPatternTimingLink id="JPS_YHAAM01-3_14783">
        <From>
          <StopPointRef>2290YHA00676</StopPointRef>
          <TimingStatus>OTH</TimingStatus>
        </From>
        <To>
          <StopPointRef>2290YHA00384</StopPointRef>
          <TimingStatus>OTH</TimingStatus>
        </To>
        <RouteLinkRef>YHAAM01_007_14783</RouteLinkRef>
        <Direction>inbound</Direction>
        <RunTime>PT32S</RunTime>
      </JourneyPatternTimingLink>
      <JourneyPatternTimingLink id="JPS_YHAAM01-3_14784">
        <From>
          <StopPointRef>2290YHA00384</StopPointRef>
          <TimingStatus>OTH</TimingStatus>
        </From>
        <To>
          <StopPointRef>2290YHA00385</StopPointRef>
          <TimingStatus>OTH</TimingStatus>
        </To>
        <RouteLinkRef>YHAAM01_007_14784</RouteLinkRef>
        <Direction>inbound</Direction>
        <RunTime>PT42S</RunTime>
      </JourneyPatternTimingLink>
      <JourneyPatternTimingLink id="JPS_YHAAM01-3_14785">
        <From>
          <StopPointRef>2290YHA00385</StopPointRef>
          <TimingStatus>OTH</TimingStatus>
        </From>
        <To>
          <StopPointRef>2290YHA00382</StopPointRef>
          <TimingStatus>OTH</TimingStatus>
        </To>
        <RouteLinkRef>YHAAM01_007_14785</RouteLinkRef>
        <Direction>inbound</Direction>
        <RunTime>PT31S</RunTime>
      </JourneyPatternTimingLink>
      <JourneyPatternTimingLink id="JPS_YHAAM01-3_14786">
        <From>
          <StopPointRef>2290YHA00382</StopPointRef>
          <TimingStatus>OTH</TimingStatus>
        </From>
        <To>
          <StopPointRef>2290YHA01521</StopPointRef>
          <TimingStatus>OTH</TimingStatus>
        </To>
        <RouteLinkRef>YHAAM01_007_14786</RouteLinkRef>
        <Direction>inbound</Direction>
        <RunTime>PT49S</RunTime>
      </JourneyPatternTimingLink>
      <JourneyPatternTimingLink id="JPS_YHAAM01-3_14787">
        <From>
          <StopPointRef>2290YHA01521</StopPointRef>
          <TimingStatus>OTH</TimingStatus>
        </From>
        <To>
          <StopPointRef>2290YHA00995</StopPointRef>
          <TimingStatus>OTH</TimingStatus>
        </To>
        <RouteLinkRef>YHAAM01_007_14787</RouteLinkRef>
        <Direction>inbound</Direction>
        <RunTime>PT41S</RunTime>
      </JourneyPatternTimingLink>
      <JourneyPatternTimingLink id="JPS_YHAAM01-3_14788">
        <From>
          <StopPointRef>2290YHA00995</StopPointRef>
          <TimingStatus>OTH</TimingStatus>
        </From>
        <To>
          <StopPointRef>2290YHA00994</StopPointRef>
          <TimingStatus>OTH</TimingStatus>
        </To>
        <RouteLinkRef>YHAAM01_007_14788</RouteLinkRef>
        <Direction>inbound</Direction>
        <RunTime>PT79S</RunTime>
      </JourneyPatternTimingLink>
      <JourneyPatternTimingLink id="JPS_YHAAM01-3_14789">
        <From>
          <StopPointRef>2290YHA00994</StopPointRef>
          <TimingStatus>OTH</TimingStatus>
        </From>
        <To>
          <StopPointRef>2290YHA00993</StopPointRef>
          <TimingStatus>OTH</TimingStatus>
        </To>
        <RouteLinkRef>YHAAM01_007_14789</RouteLinkRef>
        <Direction>inbound</Direction>
        <RunTime>PT12S</RunTime>
      </JourneyPatternTimingLink>
      <JourneyPatternTimingLink id="JPS_YHAAM01-3_14790">
        <From>
          <StopPointRef>2290YHA00993</StopPointRef>
          <TimingStatus>OTH</TimingStatus>
        </From>
        <To>
          <StopPointRef>2290YHA00992</StopPointRef>
          <TimingStatus>OTH</TimingStatus>
        </To>
        <RouteLinkRef>YHAAM01_007_14790</RouteLinkRef>
        <Direction>inbound</Direction>
        <RunTime>PT52S</RunTime>
      </JourneyPatternTimingLink>
      <JourneyPatternTimingLink id="JPS_YHAAM01-3_14791">
        <From>
          <StopPointRef>2290YHA00992</StopPointRef>
          <TimingStatus>OTH</TimingStatus>
        </From>
        <To>
          <StopPointRef>2290YHA00991</StopPointRef>
          <TimingStatus>OTH</TimingStatus>
        </To>
        <RouteLinkRef>YHAAM01_007_14791</RouteLinkRef>
        <Direction>inbound</Direction>
        <RunTime>PT75S</RunTime>
      </JourneyPatternTimingLink>
      <JourneyPatternTimingLink id="JPS_YHAAM01-3_14792">
        <From>
          <StopPointRef>2290YHA00991</StopPointRef>
          <TimingStatus>OTH</TimingStatus>
        </From>
        <To>
          <StopPointRef>2290YHA00990</StopPointRef>
          <TimingStatus>OTH</TimingStatus>
        </To>
        <RouteLinkRef>YHAAM01_007_14792</RouteLinkRef>
        <Direction>inbound</Direction>
        <RunTime>PT27S</RunTime>
      </JourneyPatternTimingLink>
      <JourneyPatternTimingLink id="JPS_YHAAM01-3_14793">
        <From>
          <StopPointRef>2290YHA00990</StopPointRef>
          <TimingStatus>OTH</TimingStatus>
        </From>
        <To>
          <StopPointRef>2290YHA00366</StopPointRef>
          <TimingStatus>OTH</TimingStatus>
        </To>
        <RouteLinkRef>YHAAM01_007_14793</RouteLinkRef>
        <Direction>inbound</Direction>
        <RunTime>PT56S</RunTime>
      </JourneyPatternTimingLink>
      <JourneyPatternTimingLink id="JPS_YHAAM01-3_14794">
        <From>
          <StopPointRef>2290YHA00366</StopPointRef>
          <TimingStatus>OTH</TimingStatus>
        </From>
        <To>
          <StopPointRef>2290YHA01599</StopPointRef>
          <TimingStatus>OTH</TimingStatus>
        </To>
        <RouteLinkRef>YHAAM01_007_14794</RouteLinkRef>
        <Direction>inbound</Direction>
        <RunTime>PT31S</RunTime>
      </JourneyPatternTimingLink>
      <JourneyPatternTimingLink id="JPS_YHAAM01-3_14795">
        <From>
          <StopPointRef>2290YHA01599</StopPointRef>
          <TimingStatus>OTH</TimingStatus>
        </From>
        <To>
          <StopPointRef>2290YHA01080</StopPointRef>
          <TimingStatus>OTH</TimingStatus>
        </To>
        <RouteLinkRef>YHAAM01_007_14795</RouteLinkRef>
        <Direction>inbound</Direction>
        <RunTime>PT28S</RunTime>
      </JourneyPatternTimingLink>
      <JourneyPatternTimingLink id="JPS_YHAAM01-3_14796">
        <From>
          <StopPointRef>2290YHA01080</StopPointRef>
          <TimingStatus>OTH</TimingStatus>
        </From>
        <To>
          <StopPointRef>2290YHA00078</StopPointRef>
          <TimingStatus>OTH</TimingStatus>
        </To>
        <RouteLinkRef>YHAAM01_007_14796</RouteLinkRef>
        <Direction>inbound</Direction>
        <RunTime>PT70S</RunTime>
      </JourneyPatternTimingLink>
      <JourneyPatternTimingLink id="JPS_YHAAM01-3_14797">
        <From>
          <StopPointRef>2290YHA00078</StopPointRef>
          <TimingStatus>OTH</TimingStatus>
        </From>
        <To>
          <StopPointRef>2290YHA00083</StopPointRef>
          <TimingStatus>OTH</TimingStatus>
        </To>
        <RouteLinkRef>YHAAM01_007_14797</RouteLinkRef>
        <Direction>inbound</Direction>
        <RunTime>PT51S</RunTime>
      </JourneyPatternTimingLink>
      <JourneyPatternTimingLink id="JPS_YHAAM01-3_14798">
        <From>
          <StopPointRef>2290YHA00083</StopPointRef>
          <TimingStatus>OTH</TimingStatus>
        </From>
        <To>
          <StopPointRef>2290YHA00084</StopPointRef>
          <TimingStatus>PTP</TimingStatus>
        </To>
        <RouteLinkRef>YHAAM01_007_14798</RouteLinkRef>
        <Direction>inbound</Direction>
        <RunTime>PT23S</RunTime>
      </JourneyPatternTimingLink>
    </JourneyPatternSection>
    <JourneyPatternSection id="JPS_YHAAM01-4">
      <JourneyPatternTimingLink id="JPS_YHAAM01-4_14802">
        <From>
          <StopPointRef>2290YHA00084</StopPointRef>
          <TimingStatus>PTP</TimingStatus>
        </From>
        <To>
          <StopPointRef>2290YHA00365</StopPointRef>
          <TimingStatus>OTH</TimingStatus>
        </To>
        <RouteLinkRef>YHAAM01_006_14802</RouteLinkRef>
        <Direction>outbound</Direction>
        <RunTime>PT112S</RunTime>
      </JourneyPatternTimingLink>
      <JourneyPatternTimingLink id="JPS_YHAAM01-4_14803">
        <From>
          <StopPointRef>2290YHA00365</StopPointRef>
          <TimingStatus>OTH</TimingStatus>
        </From>
        <To>
          <StopPointRef>2290YHA00983</StopPointRef>
          <TimingStatus>OTH</TimingStatus>
        </To>
        <RouteLinkRef>YHAAM01_006_14803</RouteLinkRef>
        <Direction>outbound</Direction>
        <RunTime>PT38S</RunTime>
      </JourneyPatternTimingLink>
      <JourneyPatternTimingLink id="JPS_YHAAM01-4_14804">
        <From>
          <StopPointRef>2290YHA00983</StopPointRef>
          <TimingStatus>OTH</TimingStatus>
        </From>
        <To>
          <StopPointRef>2290YHA00984</StopPointRef>
          <TimingStatus>OTH</TimingStatus>
        </To>
        <RouteLinkRef>YHAAM01_006_14804</RouteLinkRef>
        <Direction>outbound</Direction>
        <RunTime>PT48S</RunTime>
      </JourneyPatternTimingLink>
      <JourneyPatternTimingLink id="JPS_YHAAM01-4_14805">
        <From>
          <StopPointRef>2290YHA00984</StopPointRef>
          <TimingStatus>OTH</TimingStatus>
        </From>
        <To>
          <StopPointRef>2290YHA00985</StopPointRef>
          <TimingStatus>OTH</TimingStatus>
        </To>
        <RouteLinkRef>YHAAM01_006_14805</RouteLinkRef>
        <Direction>outbound</Direction>
        <RunTime>PT59S</RunTime>
      </JourneyPatternTimingLink>
      <JourneyPatternTimingLink id="JPS_YHAAM01-4_14806">
        <From>
          <StopPointRef>2290YHA00985</StopPointRef>
          <TimingStatus>OTH</TimingStatus>
        </From>
        <To>
          <StopPointRef>2290YHA00986</StopPointRef>
          <TimingStatus>OTH</TimingStatus>
        </To>
        <RouteLinkRef>YHAAM01_006_14806</RouteLinkRef>
        <Direction>outbound</Direction>
        <RunTime>PT80S</RunTime>
      </JourneyPatternTimingLink>
      <JourneyPatternTimingLink id="JPS_YHAAM01-4_14807">
        <From>
          <StopPointRef>2290YHA00986</StopPointRef>
          <TimingStatus>OTH</TimingStatus>
        </From>
        <To>
          <StopPointRef>2290YHA00987</StopPointRef>
          <TimingStatus>OTH</TimingStatus>
        </To>
        <RouteLinkRef>YHAAM01_006_14807</RouteLinkRef>
        <Direction>outbound</Direction>
        <RunTime>PT38S</RunTime>
      </JourneyPatternTimingLink>
      <JourneyPatternTimingLink id="JPS_YHAAM01-4_14808">
        <From>
          <StopPointRef>2290YHA00987</StopPointRef>
          <TimingStatus>OTH</TimingStatus>
        </From>
        <To>
          <StopPointRef>2290YHA00996</StopPointRef>
          <TimingStatus>OTH</TimingStatus>
        </To>
        <RouteLinkRef>YHAAM01_006_14808</RouteLinkRef>
        <Direction>outbound</Direction>
        <RunTime>PT68S</RunTime>
      </JourneyPatternTimingLink>
      <JourneyPatternTimingLink id="JPS_YHAAM01-4_14809">
        <From>
          <StopPointRef>2290YHA00996</StopPointRef>
          <TimingStatus>OTH</TimingStatus>
        </From>
        <To>
          <StopPointRef>2290YHA01540</StopPointRef>
          <TimingStatus>OTH</TimingStatus>
        </To>
        <RouteLinkRef>YHAAM01_006_14809</RouteLinkRef>
        <Direction>outbound</Direction>
        <RunTime>PT22S</RunTime>
      </JourneyPatternTimingLink>
      <JourneyPatternTimingLink id="JPS_YHAAM01-4_14810">
        <From>
          <StopPointRef>2290YHA01540</StopPointRef>
          <TimingStatus>OTH</TimingStatus>
        </From>
        <To>
          <StopPointRef>2290YHA00383</StopPointRef>
          <TimingStatus>OTH</TimingStatus>
        </To>
        <RouteLinkRef>YHAAM01_006_14810</RouteLinkRef>
        <Direction>outbound</Direction>
        <RunTime>PT58S</RunTime>
      </JourneyPatternTimingLink>
      <JourneyPatternTimingLink id="JPS_YHAAM01-4_14811">
        <From>
          <StopPointRef>2290YHA00383</StopPointRef>
          <TimingStatus>OTH</TimingStatus>
        </From>
        <To>
          <StopPointRef>2290YHA01274</StopPointRef>
          <TimingStatus>OTH</TimingStatus>
        </To>
        <RouteLinkRef>YHAAM01_006_14811</RouteLinkRef>
        <Direction>outbound</Direction>
        <RunTime>PT37S</RunTime>
      </JourneyPatternTimingLink>
      <JourneyPatternTimingLink id="JPS_YHAAM01-4_14812">
        <From>
          <StopPointRef>2290YHA01274</StopPointRef>
          <TimingStatus>OTH</TimingStatus>
        </From>
        <To>
          <StopPointRef>2290YHA00386</StopPointRef>
          <TimingStatus>OTH</TimingStatus>
        </To>
        <RouteLinkRef>YHAAM01_006_14812</RouteLinkRef>
        <Direction>outbound</Direction>
        <RunTime>PT42S</RunTime>
      </JourneyPatternTimingLink>
      <JourneyPatternTimingLink id="JPS_YHAAM01-4_14813">
        <From>
          <StopPointRef>2290YHA00386</StopPointRef>
          <TimingStatus>OTH</TimingStatus>
        </From>
        <To>
          <StopPointRef>2290YHA00679</StopPointRef>
          <TimingStatus>OTH</TimingStatus>
        </To>
        <RouteLinkRef>YHAAM01_006_14813</RouteLinkRef>
        <Direction>outbound</Direction>
        <RunTime>PT24S</RunTime>
      </JourneyPatternTimingLink>
      <JourneyPatternTimingLink id="JPS_YHAAM01-4_14814">
        <From>
          <StopPointRef>2290YHA00679</StopPointRef>
          <TimingStatus>OTH</TimingStatus>
        </From>
        <To>
          <StopPointRef>2290YHA00678</StopPointRef>
          <TimingStatus>OTH</TimingStatus>
        </To>
        <RouteLinkRef>YHAAM01_006_14814</RouteLinkRef>
        <Direction>outbound</Direction>
        <RunTime>PT38S</RunTime>
      </JourneyPatternTimingLink>
      <JourneyPatternTimingLink id="JPS_YHAAM01-4_14815">
        <From>
          <StopPointRef>2290YHA00678</StopPointRef>
          <TimingStatus>OTH</TimingStatus>
        </From>
        <To>
          <StopPointRef>2290YHA01617</StopPointRef>
          <TimingStatus>OTH</TimingStatus>
        </To>
        <RouteLinkRef>YHAAM01_006_14815</RouteLinkRef>
        <Direction>outbound</Direction>
        <RunTime>PT68S</RunTime>
      </JourneyPatternTimingLink>
      <JourneyPatternTimingLink id="JPS_YHAAM01-4_14816">
        <From>
          <StopPointRef>2290YHA01617</StopPointRef>
          <TimingStatus>OTH</TimingStatus>
        </From>
        <To>
          <StopPointRef>2290YHA00289</StopPointRef>
          <TimingStatus>OTH</TimingStatus>
        </To>
        <RouteLinkRef>YHAAM01_006_14816</RouteLinkRef>
        <Direction>outbound</Direction>
        <RunTime>PT81S</RunTime>
      </JourneyPatternTimingLink>
      <JourneyPatternTimingLink id="JPS_YHAAM01-4_14817">
        <From>
          <StopPointRef>2290YHA00289</StopPointRef>
          <TimingStatus>OTH</TimingStatus>
        </From>
        <To>
          <StopPointRef>2290YHA00736</StopPointRef>
          <TimingStatus>OTH</TimingStatus>
        </To>
        <RouteLinkRef>YHAAM01_006_14817</RouteLinkRef>
        <Direction>outbound</Direction>
        <RunTime>PT72S</RunTime>
      </JourneyPatternTimingLink>
      <JourneyPatternTimingLink id="JPS_YHAAM01-4_14818">
        <From>
          <StopPointRef>2290YHA00736</StopPointRef>
          <TimingStatus>OTH</TimingStatus>
        </From>
        <To>
          <StopPointRef>2290YHA00799</StopPointRef>
          <TimingStatus>OTH</TimingStatus>
        </To>
        <RouteLinkRef>YHAAM01_006_14818</RouteLinkRef>
        <Direction>outbound</Direction>
        <RunTime>PT39S</RunTime>
      </JourneyPatternTimingLink>
      <JourneyPatternTimingLink id="JPS_YHAAM01-4_14819">
        <From>
          <StopPointRef>2290YHA00799</StopPointRef>
          <TimingStatus>OTH</TimingStatus>
        </From>
        <To>
          <StopPointRef>2290YHA00800</StopPointRef>
          <TimingStatus>OTH</TimingStatus>
        </To>
        <RouteLinkRef>YHAAM01_006_14819</RouteLinkRef>
        <Direction>outbound</Direction>
        <RunTime>PT52S</RunTime>
      </JourneyPatternTimingLink>
      <JourneyPatternTimingLink id="JPS_YHAAM01-4_14820">
        <From>
          <StopPointRef>2290YHA00800</StopPointRef>
          <TimingStatus>OTH</TimingStatus>
        </From>
        <To>
          <StopPointRef>2290YHA00801</StopPointRef>
          <TimingStatus>OTH</TimingStatus>
        </To>
        <RouteLinkRef>YHAAM01_006_14820</RouteLinkRef>
        <Direction>outbound</Direction>
        <RunTime>PT36S</RunTime>
      </JourneyPatternTimingLink>
      <JourneyPatternTimingLink id="JPS_YHAAM01-4_14821">
        <From>
          <StopPointRef>2290YHA00801</StopPointRef>
          <TimingStatus>OTH</TimingStatus>
        </From>
        <To>
          <StopPointRef>2290YHA00092</StopPointRef>
          <TimingStatus>OTH</TimingStatus>
        </To>
        <RouteLinkRef>YHAAM01_006_14821</RouteLinkRef>
        <Direction>outbound</Direction>
        <RunTime>PT71S</RunTime>
      </JourneyPatternTimingLink>
      <JourneyPatternTimingLink id="JPS_YHAAM01-4_14822">
        <From>
          <StopPointRef>2290YHA00092</StopPointRef>
          <TimingStatus>OTH</TimingStatus>
        </From>
        <To>
          <StopPointRef>2290YHA00845</StopPointRef>
          <TimingStatus>OTH</TimingStatus>
        </To>
        <RouteLinkRef>YHAAM01_006_14822</RouteLinkRef>
        <Direction>outbound</Direction>
        <RunTime>PT121S</RunTime>
      </JourneyPatternTimingLink>
      <JourneyPatternTimingLink id="JPS_YHAAM01-4_14823">
        <From>
          <StopPointRef>2290YHA00845</StopPointRef>
          <TimingStatus>OTH</TimingStatus>
        </From>
        <To>
          <StopPointRef>2290YHA00749</StopPointRef>
          <TimingStatus>OTH</TimingStatus>
        </To>
        <RouteLinkRef>YHAAM01_006_14823</RouteLinkRef>
        <Direction>outbound</Direction>
        <RunTime>PT54S</RunTime>
      </JourneyPatternTimingLink>
      <JourneyPatternTimingLink id="JPS_YHAAM01-4_14824">
        <From>
          <StopPointRef>2290YHA00749</StopPointRef>
          <TimingStatus>OTH</TimingStatus>
        </From>
        <To>
          <StopPointRef>2290YHA00750</StopPointRef>
          <TimingStatus>OTH</TimingStatus>
        </To>
        <RouteLinkRef>YHAAM01_006_14824</RouteLinkRef>
        <Direction>outbound</Direction>
        <RunTime>PT53S</RunTime>
      </JourneyPatternTimingLink>
      <JourneyPatternTimingLink id="JPS_YHAAM01-4_14825">
        <From>
          <StopPointRef>2290YHA00750</StopPointRef>
          <TimingStatus>OTH</TimingStatus>
        </From>
        <To>
          <StopPointRef>2290YHA00755</StopPointRef>
          <TimingStatus>OTH</TimingStatus>
        </To>
        <RouteLinkRef>YHAAM01_006_14825</RouteLinkRef>
        <Direction>outbound</Direction>
        <RunTime>PT76S</RunTime>
      </JourneyPatternTimingLink>
      <JourneyPatternTimingLink id="JPS_YHAAM01-4_14826">
        <From>
          <StopPointRef>2290YHA00755</StopPointRef>
          <TimingStatus>OTH</TimingStatus>
        </From>
        <To>
          <StopPointRef>2290YHA00752</StopPointRef>
          <TimingStatus>OTH</TimingStatus>
        </To>
        <RouteLinkRef>YHAAM01_006_14826</RouteLinkRef>
        <Direction>outbound</Direction>
        <RunTime>PT47S</RunTime>
      </JourneyPatternTimingLink>
      <JourneyPatternTimingLink id="JPS_YHAAM01-4_14827">
        <From>
          <StopPointRef>2290YHA00752</StopPointRef>
          <TimingStatus>OTH</TimingStatus>
        </From>
        <To>
          <StopPointRef>2290YHA00753</StopPointRef>
          <TimingStatus>OTH</TimingStatus>
        </To>
        <RouteLinkRef>YHAAM01_006_14827</RouteLinkRef>
        <Direction>outbound</Direction>
        <RunTime>PT29S</RunTime>
      </JourneyPatternTimingLink>
      <JourneyPatternTimingLink id="JPS_YHAAM01-4_14828">
        <From>
          <StopPointRef>2290YHA00753</StopPointRef>
          <TimingStatus>OTH</TimingStatus>
        </From>
        <To>
          <StopPointRef>2290YHA00754</StopPointRef>
          <TimingStatus>PTP</TimingStatus>
        </To>
        <RouteLinkRef>YHAAM01_006_14828</RouteLinkRef>
        <Direction>outbound</Direction>
        <RunTime>PT37S</RunTime>
      </JourneyPatternTimingLink>
    </JourneyPatternSection>
  </JourneyPatternSections>
  <Operators>
    <Operator id="SCH">
      <NationalOperatorCode>CLTL</NationalOperatorCode>
      <OperatorCode>SCH</OperatorCode>
      <OperatorShortName>Stagecoach in Hull</OperatorShortName>
    </Operator>
  </Operators>
  <Services>
    <Service>
      <ServiceCode>YHAAM01</ServiceCode>
      <Lines>
        <Line id="0">
          <LineName>AM1</LineName>
        </Line>
      </Lines>
      <OperatingPeriod>
        <StartDate>2017-09-03</StartDate>
        <EndDate>2018-02-27</EndDate>
      </OperatingPeriod>
      <RegisteredOperatorRef>SCH</RegisteredOperatorRef>
      <StopRequirements>
        <NoNewStopsRequired />
      </StopRequirements>
      <Mode>bus</Mode>
      <Description>Nestor Grove / Bilton Grange - Grandale / Sutton Park</Description>
      <StandardService>
        <Origin>Nestor Grove / Bilton Grange</Origin>
        <Destination>Grandale / Sutton Park</Destination>
        <JourneyPattern id="JPS_YHAAM01-3">
          <Direction>inbound</Direction>
          <JourneyPatternSectionRefs>JPS_YHAAM01-3</JourneyPatternSectionRefs>
        </JourneyPattern>
        <JourneyPattern id="JPS_YHAAM01-4">
          <Direction>outbound</Direction>
          <JourneyPatternSectionRefs>JPS_YHAAM01-4</JourneyPatternSectionRefs>
        </JourneyPattern>
      </StandardService>
    </Service>
  </Services>
  <VehicleJourneys>
    <VehicleJourney>
      <OperatorRef>SCH</OperatorRef>
      <OperatingProfile>
        <RegularDayType>
          <DaysOfWeek>
            <Monday />
            <Tuesday />
            <Wednesday />
            <Thursday />
            <Friday />
          </DaysOfWeek>
        </RegularDayType>
        <ServicedOrganisationDayType>
          <DaysOfOperation>
            <WorkingDays>
              <ServicedOrganisationRef>5</ServicedOrganisationRef>
            </WorkingDays>
          </DaysOfOperation>
        </ServicedOrganisationDayType>
      </OperatingProfile>
      <VehicleJourneyCode>2434</VehicleJourneyCode>
      <ServiceRef>YHAAM01</ServiceRef>
      <LineRef>0</LineRef>
      <JourneyPatternRef>JPS_YHAAM01-3</JourneyPatternRef>
      <DepartureTime>08:05:00</DepartureTime>
    </VehicleJourney>
    <VehicleJourney>
      <OperatorRef>SCH</OperatorRef>
      <OperatingProfile>
        <RegularDayType>
          <DaysOfWeek>
            <Monday />
            <Tuesday />
            <Wednesday />
            <Thursday />
            <Friday />
          </DaysOfWeek>
        </RegularDayType>
        <ServicedOrganisationDayType>
          <DaysOfOperation>
            <WorkingDays>
              <ServicedOrganisationRef>6</ServicedOrganisationRef>
            </WorkingDays>
          </DaysOfOperation>
        </ServicedOrganisationDayType>
      </OperatingProfile>
      <VehicleJourneyCode>2435</VehicleJourneyCode>
      <ServiceRef>YHAAM01</ServiceRef>
      <LineRef>0</LineRef>
      <JourneyPatternRef>JPS_YHAAM01-4</JourneyPatternRef>
      <DepartureTime>15:25:00</DepartureTime>
    </VehicleJourney>
  </VehicleJourneys>
</TransXChange>