<?xml version="1.0" encoding="utf-8"?>
<TransXChange xmlns:xsd="http://www.w3.org/2001/XMLSchema" xmlns:xsi="http://www.w3.org/2001/XMLSchema-instance" xsi:schemaLocation="http://www.transxchange.org.uk/ http://www.transxchange.org.uk/schema/2.1/TransXChange_general.xsd" CreationDateTime="2017-09-18T09:33:00-00:00" ModificationDateTime="2017-09-18T09:33:00-00:00" Modification="new" RevisionNumber="0" FileName="SVRYEAO079.xml" SchemaVersion="2.1" RegistrationDocument="false" xmlns="http://www.transxchange.org.uk/">
  <StopPoints>
    <AnnotatedStopPointRef>
      <StopPointRef>2200YEA00893</StopPointRef>
      <CommonName>Hedon Inmans Road</CommonName>
    </AnnotatedStopPointRef>
    <AnnotatedStopPointRef>
      <StopPointRef>2200YEA00307</StopPointRef>
      <CommonName>Hedon Thorn Road</CommonName>
    </AnnotatedStopPointRef>
    <AnnotatedStopPointRef>
      <StopPointRef>2200YEA00020</StopPointRef>
      <CommonName>Hedon Crossroads</CommonName>
    </AnnotatedStopPointRef>
    <AnnotatedStopPointRef>
      <StopPointRef>2200YEA00047</StopPointRef>
      <CommonName>Hedon Sheriff Highway</CommonName>
    </AnnotatedStopPointRef>
    <AnnotatedStopPointRef>
      <StopPointRef>2200YEA00900</StopPointRef>
      <CommonName>Hedon Sheriff Highway</CommonName>
    </AnnotatedStopPointRef>
    <AnnotatedStopPointRef>
      <StopPointRef>2200YEA00897</StopPointRef>
      <CommonName>Paull Back Road</CommonName>
    </AnnotatedStopPointRef>
    <AnnotatedStopPointRef>
      <StopPointRef>2200YEA00898</StopPointRef>
      <CommonName>Paull Back Road</CommonName>
    </AnnotatedStopPointRef>
    <AnnotatedStopPointRef>
      <StopPointRef>2200YEA01532</StopPointRef>
      <CommonName>Paull Back Road</CommonName>
    </AnnotatedStopPointRef>
    <AnnotatedStopPointRef>
      <StopPointRef>2200YEA00894</StopPointRef>
      <CommonName>Paull Main Street</CommonName>
    </AnnotatedStopPointRef>
    <AnnotatedStopPointRef>
      <StopPointRef>2200YEA00895</StopPointRef>
      <CommonName>Paull Main Street</CommonName>
    </AnnotatedStopPointRef>
    <AnnotatedStopPointRef>
      <StopPointRef>2200YEA00316</StopPointRef>
      <CommonName>Salt End Hull Road</CommonName>
    </AnnotatedStopPointRef>
    <AnnotatedStopPointRef>
      <StopPointRef>2200YEA01211</StopPointRef>
      <CommonName>Salt End Hull Road</CommonName>
    </AnnotatedStopPointRef>
    <AnnotatedStopPointRef>
      <StopPointRef>2200YEA01209</StopPointRef>
      <CommonName>Salt End Hull Road</CommonName>
    </AnnotatedStopPointRef>
    <AnnotatedStopPointRef>
      <StopPointRef>2290YHA01276</StopPointRef>
      <CommonName>Somerden Road</CommonName>
    </AnnotatedStopPointRef>
    <AnnotatedStopPointRef>
      <StopPointRef>2290YHA00552</StopPointRef>
      <CommonName>Valletta Street</CommonName>
    </AnnotatedStopPointRef>
    <AnnotatedStopPointRef>
      <StopPointRef>2290YHA00551</StopPointRef>
      <CommonName>Elba Street</CommonName>
    </AnnotatedStopPointRef>
    <AnnotatedStopPointRef>
      <StopPointRef>2290YHA00550</StopPointRef>
      <CommonName>Marfleet Lane</CommonName>
    </AnnotatedStopPointRef>
    <AnnotatedStopPointRef>
      <StopPointRef>2290YHA00549</StopPointRef>
      <CommonName>Marfleet Avenue</CommonName>
    </AnnotatedStopPointRef>
    <AnnotatedStopPointRef>
      <StopPointRef>2290YHA00541</StopPointRef>
      <CommonName>Northern Gateway</CommonName>
    </AnnotatedStopPointRef>
    <AnnotatedStopPointRef>
      <StopPointRef>2290YHA00539</StopPointRef>
      <CommonName>Hedon Road Cemetery</CommonName>
    </AnnotatedStopPointRef>
    <AnnotatedStopPointRef>
      <StopPointRef>2290YHA00538</StopPointRef>
      <CommonName>Lee Smith Street</CommonName>
    </AnnotatedStopPointRef>
    <AnnotatedStopPointRef>
      <StopPointRef>2290YHA00537</StopPointRef>
      <CommonName>Ferries Street</CommonName>
    </AnnotatedStopPointRef>
    <AnnotatedStopPointRef>
      <StopPointRef>2290YHA00536</StopPointRef>
      <CommonName>Woodhouse Street</CommonName>
    </AnnotatedStopPointRef>
    <AnnotatedStopPointRef>
      <StopPointRef>2290YHA01644</StopPointRef>
      <CommonName>Earles Road</CommonName>
    </AnnotatedStopPointRef>
    <AnnotatedStopPointRef>
      <StopPointRef>2290YHA00206</StopPointRef>
      <CommonName>Mast Drive</CommonName>
    </AnnotatedStopPointRef>
    <AnnotatedStopPointRef>
      <StopPointRef>2290YHA01615</StopPointRef>
      <CommonName>Helm Drive</CommonName>
    </AnnotatedStopPointRef>
    <AnnotatedStopPointRef>
      <StopPointRef>2290YHA01298</StopPointRef>
      <CommonName>Maldon Drive</CommonName>
    </AnnotatedStopPointRef>
    <AnnotatedStopPointRef>
      <StopPointRef>2290YHA00913</StopPointRef>
      <CommonName>The Haven</CommonName>
    </AnnotatedStopPointRef>
    <AnnotatedStopPointRef>
      <StopPointRef>2290YHA00004</StopPointRef>
      <CommonName>Drypool Bridge</CommonName>
    </AnnotatedStopPointRef>
    <AnnotatedStopPointRef>
      <StopPointRef>2290YHA00006</StopPointRef>
      <CommonName>Alfred Gelder Street F</CommonName>
    </AnnotatedStopPointRef>
    <AnnotatedStopPointRef>
      <StopPointRef>2290YHA00970</StopPointRef>
      <CommonName>Alfred Gelder Street G</CommonName>
    </AnnotatedStopPointRef>
    <AnnotatedStopPointRef>
      <StopPointRef>2290YHA01447</StopPointRef>
      <CommonName>Bond Street E</CommonName>
    </AnnotatedStopPointRef>
    <AnnotatedStopPointRef>
      <StopPointRef>2290YHA01642</StopPointRef>
      <CommonName>Albion Street D</CommonName>
    </AnnotatedStopPointRef>
    <AnnotatedStopPointRef>
      <StopPointRef>2290YHA01580</StopPointRef>
      <CommonName>Hull Interchange</CommonName>
    </AnnotatedStopPointRef>
    <AnnotatedStopPointRef>
      <StopPointRef>2290YHA00964</StopPointRef>
      <CommonName>Prospect Street B</CommonName>
    </AnnotatedStopPointRef>
    <AnnotatedStopPointRef>
      <StopPointRef>2290YHA01639</StopPointRef>
      <CommonName>Bond Street B</CommonName>
    </AnnotatedStopPointRef>
    <AnnotatedStopPointRef>
      <StopPointRef>2290YHA00009</StopPointRef>
      <CommonName>Alfred Gelder Street A</CommonName>
    </AnnotatedStopPointRef>
    <AnnotatedStopPointRef>
      <StopPointRef>2290YHA00007</StopPointRef>
      <CommonName>Alfred Gelder Street D</CommonName>
    </AnnotatedStopPointRef>
    <AnnotatedStopPointRef>
      <StopPointRef>2290YHA00774</StopPointRef>
      <CommonName>St Mary's Church</CommonName>
    </AnnotatedStopPointRef>
    <AnnotatedStopPointRef>
      <StopPointRef>2290YHA00797</StopPointRef>
      <CommonName>King William House</CommonName>
    </AnnotatedStopPointRef>
    <AnnotatedStopPointRef>
      <StopPointRef>2290YHA01299</StopPointRef>
      <CommonName>Victoria Park</CommonName>
    </AnnotatedStopPointRef>
    <AnnotatedStopPointRef>
      <StopPointRef>2290YHA01495</StopPointRef>
      <CommonName>Chandlers Court</CommonName>
    </AnnotatedStopPointRef>
    <AnnotatedStopPointRef>
      <StopPointRef>2290YHA00208</StopPointRef>
      <CommonName>Bridgegate Drive</CommonName>
    </AnnotatedStopPointRef>
    <AnnotatedStopPointRef>
      <StopPointRef>2290YHA00207</StopPointRef>
      <CommonName>Navigation Way</CommonName>
    </AnnotatedStopPointRef>
    <AnnotatedStopPointRef>
      <StopPointRef>2290YHA01292</StopPointRef>
      <CommonName>Woodhouse Street</CommonName>
    </AnnotatedStopPointRef>
    <AnnotatedStopPointRef>
      <StopPointRef>2290YHA00569</StopPointRef>
      <CommonName>Ferries Street</CommonName>
    </AnnotatedStopPointRef>
    <AnnotatedStopPointRef>
      <StopPointRef>2290YHA00568</StopPointRef>
      <CommonName>Lee Smith Street</CommonName>
    </AnnotatedStopPointRef>
    <AnnotatedStopPointRef>
      <StopPointRef>2290YHA00566</StopPointRef>
      <CommonName>Hedon Road Cemetery</CommonName>
    </AnnotatedStopPointRef>
    <AnnotatedStopPointRef>
      <StopPointRef>2290YHA00565</StopPointRef>
      <CommonName>Littlefair Road</CommonName>
    </AnnotatedStopPointRef>
    <AnnotatedStopPointRef>
      <StopPointRef>2290YHA00562</StopPointRef>
      <CommonName>Marfleet Avenue</CommonName>
    </AnnotatedStopPointRef>
    <AnnotatedStopPointRef>
      <StopPointRef>2290YHA00561</StopPointRef>
      <CommonName>Ceylon Street</CommonName>
    </AnnotatedStopPointRef>
    <AnnotatedStopPointRef>
      <StopPointRef>2290YHA00559</StopPointRef>
      <CommonName>Elba Street</CommonName>
    </AnnotatedStopPointRef>
    <AnnotatedStopPointRef>
      <StopPointRef>2290YHA00557</StopPointRef>
      <CommonName>Valletta Street</CommonName>
    </AnnotatedStopPointRef>
    <AnnotatedStopPointRef>
      <StopPointRef>2290YHA00555</StopPointRef>
      <CommonName>Somerden Road</CommonName>
    </AnnotatedStopPointRef>
    <AnnotatedStopPointRef>
      <StopPointRef>2200YEA01210</StopPointRef>
      <CommonName>Salt End Hull Road</CommonName>
    </AnnotatedStopPointRef>
    <AnnotatedStopPointRef>
      <StopPointRef>2200YEA01212</StopPointRef>
      <CommonName>Salt End Hull Road</CommonName>
    </AnnotatedStopPointRef>
    <AnnotatedStopPointRef>
      <StopPointRef>2200YEA00315</StopPointRef>
      <CommonName>Hedon Hull Road</CommonName>
    </AnnotatedStopPointRef>
    <AnnotatedStopPointRef>
      <StopPointRef>2200YEA00899</StopPointRef>
      <CommonName>Hedon Sheriff Highway</CommonName>
    </AnnotatedStopPointRef>
    <AnnotatedStopPointRef>
      <StopPointRef>2200YEA00046</StopPointRef>
      <CommonName>Hedon Sheriff Highway</CommonName>
    </AnnotatedStopPointRef>
    <AnnotatedStopPointRef>
      <StopPointRef>2200YEA00308</StopPointRef>
      <CommonName>Hedon Thorn Road</CommonName>
    </AnnotatedStopPointRef>
  </StopPoints>
  <RouteSections>
    <RouteSection id="YEAO079_039">
      <RouteLink id="YEAO079_039_2148">
        <From>
          <StopPointRef>2200YEA00893</StopPointRef>
        </From>
        <To>
          <StopPointRef>2200YEA00307</StopPointRef>
        </To>
        <Direction>inbound</Direction>
      </RouteLink>
      <RouteLink id="YEAO079_039_2149">
        <From>
          <StopPointRef>2200YEA00307</StopPointRef>
        </From>
        <To>
          <StopPointRef>2200YEA00020</StopPointRef>
        </To>
        <Direction>inbound</Direction>
      </RouteLink>
      <RouteLink id="YEAO079_039_2150">
        <From>
          <StopPointRef>2200YEA00020</StopPointRef>
        </From>
        <To>
          <StopPointRef>2200YEA00047</StopPointRef>
        </To>
        <Direction>inbound</Direction>
      </RouteLink>
      <RouteLink id="YEAO079_039_2151">
        <From>
          <StopPointRef>2200YEA00047</StopPointRef>
        </From>
        <To>
          <StopPointRef>2200YEA00900</StopPointRef>
        </To>
        <Direction>inbound</Direction>
      </RouteLink>
      <RouteLink id="YEAO079_039_2152">
        <From>
          <StopPointRef>2200YEA00900</StopPointRef>
        </From>
        <To>
          <StopPointRef>2200YEA00897</StopPointRef>
        </To>
        <Direction>inbound</Direction>
      </RouteLink>
      <RouteLink id="YEAO079_039_2153">
        <From>
          <StopPointRef>2200YEA00897</StopPointRef>
        </From>
        <To>
          <StopPointRef>2200YEA00898</StopPointRef>
        </To>
        <Direction>inbound</Direction>
      </RouteLink>
      <RouteLink id="YEAO079_039_2154">
        <From>
          <StopPointRef>2200YEA00898</StopPointRef>
        </From>
        <To>
          <StopPointRef>2200YEA01532</StopPointRef>
        </To>
        <Direction>inbound</Direction>
      </RouteLink>
      <RouteLink id="YEAO079_039_2155">
        <From>
          <StopPointRef>2200YEA01532</StopPointRef>
        </From>
        <To>
          <StopPointRef>2200YEA00894</StopPointRef>
        </To>
        <Direction>inbound</Direction>
      </RouteLink>
      <RouteLink id="YEAO079_039_2156">
        <From>
          <StopPointRef>2200YEA00894</StopPointRef>
        </From>
        <To>
          <StopPointRef>2200YEA00895</StopPointRef>
        </To>
        <Direction>inbound</Direction>
      </RouteLink>
      <RouteLink id="YEAO079_039_2157">
        <From>
          <StopPointRef>2200YEA00895</StopPointRef>
        </From>
        <To>
          <StopPointRef>2200YEA00316</StopPointRef>
        </To>
        <Direction>inbound</Direction>
      </RouteLink>
      <RouteLink id="YEAO079_039_2158">
        <From>
          <StopPointRef>2200YEA00316</StopPointRef>
        </From>
        <To>
          <StopPointRef>2200YEA01211</StopPointRef>
        </To>
        <Direction>inbound</Direction>
      </RouteLink>
      <RouteLink id="YEAO079_039_2159">
        <From>
          <StopPointRef>2200YEA01211</StopPointRef>
        </From>
        <To>
          <StopPointRef>2200YEA01209</StopPointRef>
        </To>
        <Direction>inbound</Direction>
      </RouteLink>
      <RouteLink id="YEAO079_039_2160">
        <From>
          <StopPointRef>2200YEA01209</StopPointRef>
        </From>
        <To>
          <StopPointRef>2290YHA01276</StopPointRef>
        </To>
        <Direction>inbound</Direction>
      </RouteLink>
      <RouteLink id="YEAO079_039_2161">
        <From>
          <StopPointRef>2290YHA01276</StopPointRef>
        </From>
        <To>
          <StopPointRef>2290YHA00552</StopPointRef>
        </To>
        <Direction>inbound</Direction>
      </RouteLink>
      <RouteLink id="YEAO079_039_2162">
        <From>
          <StopPointRef>2290YHA00552</StopPointRef>
        </From>
        <To>
          <StopPointRef>2290YHA00551</StopPointRef>
        </To>
        <Direction>inbound</Direction>
      </RouteLink>
      <RouteLink id="YEAO079_039_2163">
        <From>
          <StopPointRef>2290YHA00551</StopPointRef>
        </From>
        <To>
          <StopPointRef>2290YHA00550</StopPointRef>
        </To>
        <Direction>inbound</Direction>
      </RouteLink>
      <RouteLink id="YEAO079_039_2164">
        <From>
          <StopPointRef>2290YHA00550</StopPointRef>
        </From>
        <To>
          <StopPointRef>2290YHA00549</StopPointRef>
        </To>
        <Direction>inbound</Direction>
      </RouteLink>
      <RouteLink id="YEAO079_039_2165">
        <From>
          <StopPointRef>2290YHA00549</StopPointRef>
        </From>
        <To>
          <StopPointRef>2290YHA00541</StopPointRef>
        </To>
        <Direction>inbound</Direction>
      </RouteLink>
      <RouteLink id="YEAO079_039_2166">
        <From>
          <StopPointRef>2290YHA00541</StopPointRef>
        </From>
        <To>
          <StopPointRef>2290YHA00539</StopPointRef>
        </To>
        <Direction>inbound</Direction>
      </RouteLink>
      <RouteLink id="YEAO079_039_2167">
        <From>
          <StopPointRef>2290YHA00539</StopPointRef>
        </From>
        <To>
          <StopPointRef>2290YHA00538</StopPointRef>
        </To>
        <Direction>inbound</Direction>
      </RouteLink>
      <RouteLink id="YEAO079_039_2168">
        <From>
          <StopPointRef>2290YHA00538</StopPointRef>
        </From>
        <To>
          <StopPointRef>2290YHA00537</StopPointRef>
        </To>
        <Direction>inbound</Direction>
      </RouteLink>
      <RouteLink id="YEAO079_039_2169">
        <From>
          <StopPointRef>2290YHA00537</StopPointRef>
        </From>
        <To>
          <StopPointRef>2290YHA00536</StopPointRef>
        </To>
        <Direction>inbound</Direction>
      </RouteLink>
      <RouteLink id="YEAO079_039_2170">
        <From>
          <StopPointRef>2290YHA00536</StopPointRef>
        </From>
        <To>
          <StopPointRef>2290YHA01644</StopPointRef>
        </To>
        <Direction>inbound</Direction>
      </RouteLink>
      <RouteLink id="YEAO079_039_2171">
        <From>
          <StopPointRef>2290YHA01644</StopPointRef>
        </From>
        <To>
          <StopPointRef>2290YHA00206</StopPointRef>
        </To>
        <Direction>inbound</Direction>
      </RouteLink>
      <RouteLink id="YEAO079_039_2172">
        <From>
          <StopPointRef>2290YHA00206</StopPointRef>
        </From>
        <To>
          <StopPointRef>2290YHA01615</StopPointRef>
        </To>
        <Direction>inbound</Direction>
      </RouteLink>
      <RouteLink id="YEAO079_039_2173">
        <From>
          <StopPointRef>2290YHA01615</StopPointRef>
        </From>
        <To>
          <StopPointRef>2290YHA01298</StopPointRef>
        </To>
        <Direction>inbound</Direction>
      </RouteLink>
      <RouteLink id="YEAO079_039_2174">
        <From>
          <StopPointRef>2290YHA01298</StopPointRef>
        </From>
        <To>
          <StopPointRef>2290YHA00913</StopPointRef>
        </To>
        <Direction>inbound</Direction>
      </RouteLink>
      <RouteLink id="YEAO079_039_2175">
        <From>
          <StopPointRef>2290YHA00913</StopPointRef>
        </From>
        <To>
          <StopPointRef>2290YHA00004</StopPointRef>
        </To>
        <Direction>inbound</Direction>
      </RouteLink>
      <RouteLink id="YEAO079_039_2176">
        <From>
          <StopPointRef>2290YHA00004</StopPointRef>
        </From>
        <To>
          <StopPointRef>2290YHA00006</StopPointRef>
        </To>
        <Direction>inbound</Direction>
      </RouteLink>
      <RouteLink id="YEAO079_039_2177">
        <From>
          <StopPointRef>2290YHA00006</StopPointRef>
        </From>
        <To>
          <StopPointRef>2290YHA00970</StopPointRef>
        </To>
        <Direction>inbound</Direction>
      </RouteLink>
      <RouteLink id="YEAO079_039_2178">
        <From>
          <StopPointRef>2290YHA00970</StopPointRef>
        </From>
        <To>
          <StopPointRef>2290YHA01447</StopPointRef>
        </To>
        <Direction>inbound</Direction>
      </RouteLink>
      <RouteLink id="YEAO079_039_2179">
        <From>
          <StopPointRef>2290YHA01447</StopPointRef>
        </From>
        <To>
          <StopPointRef>2290YHA01642</StopPointRef>
        </To>
        <Direction>inbound</Direction>
      </RouteLink>
      <RouteLink id="YEAO079_039_2180">
        <From>
          <StopPointRef>2290YHA01642</StopPointRef>
        </From>
        <To>
          <StopPointRef>2290YHA01580</StopPointRef>
        </To>
        <Direction>inbound</Direction>
      </RouteLink>
    </RouteSection>
    <RouteSection id="YEAO079_038">
      <RouteLink id="YEAO079_038_2189">
        <From>
          <StopPointRef>2290YHA01580</StopPointRef>
        </From>
        <To>
          <StopPointRef>2290YHA00964</StopPointRef>
        </To>
        <Direction>outbound</Direction>
      </RouteLink>
      <RouteLink id="YEAO079_038_2190">
        <From>
          <StopPointRef>2290YHA00964</StopPointRef>
        </From>
        <To>
          <StopPointRef>2290YHA01639</StopPointRef>
        </To>
        <Direction>outbound</Direction>
      </RouteLink>
      <RouteLink id="YEAO079_038_2191">
        <From>
          <StopPointRef>2290YHA01639</StopPointRef>
        </From>
        <To>
          <StopPointRef>2290YHA00009</StopPointRef>
        </To>
        <Direction>outbound</Direction>
      </RouteLink>
      <RouteLink id="YEAO079_038_2192">
        <From>
          <StopPointRef>2290YHA00009</StopPointRef>
        </From>
        <To>
          <StopPointRef>2290YHA00007</StopPointRef>
        </To>
        <Direction>outbound</Direction>
      </RouteLink>
      <RouteLink id="YEAO079_038_2193">
        <From>
          <StopPointRef>2290YHA00007</StopPointRef>
        </From>
        <To>
          <StopPointRef>2290YHA00774</StopPointRef>
        </To>
        <Direction>outbound</Direction>
      </RouteLink>
      <RouteLink id="YEAO079_038_2194">
        <From>
          <StopPointRef>2290YHA00774</StopPointRef>
        </From>
        <To>
          <StopPointRef>2290YHA00797</StopPointRef>
        </To>
        <Direction>outbound</Direction>
      </RouteLink>
      <RouteLink id="YEAO079_038_2195">
        <From>
          <StopPointRef>2290YHA00797</StopPointRef>
        </From>
        <To>
          <StopPointRef>2290YHA01299</StopPointRef>
        </To>
        <Direction>outbound</Direction>
      </RouteLink>
      <RouteLink id="YEAO079_038_2196">
        <From>
          <StopPointRef>2290YHA01299</StopPointRef>
        </From>
        <To>
          <StopPointRef>2290YHA01495</StopPointRef>
        </To>
        <Direction>outbound</Direction>
      </RouteLink>
      <RouteLink id="YEAO079_038_2197">
        <From>
          <StopPointRef>2290YHA01495</StopPointRef>
        </From>
        <To>
          <StopPointRef>2290YHA00208</StopPointRef>
        </To>
        <Direction>outbound</Direction>
      </RouteLink>
      <RouteLink id="YEAO079_038_2198">
        <From>
          <StopPointRef>2290YHA00208</StopPointRef>
        </From>
        <To>
          <StopPointRef>2290YHA00207</StopPointRef>
        </To>
        <Direction>outbound</Direction>
      </RouteLink>
      <RouteLink id="YEAO079_038_2199">
        <From>
          <StopPointRef>2290YHA00207</StopPointRef>
        </From>
        <To>
          <StopPointRef>2290YHA01644</StopPointRef>
        </To>
        <Direction>outbound</Direction>
      </RouteLink>
      <RouteLink id="YEAO079_038_2200">
        <From>
          <StopPointRef>2290YHA01644</StopPointRef>
        </From>
        <To>
          <StopPointRef>2290YHA01292</StopPointRef>
        </To>
        <Direction>outbound</Direction>
      </RouteLink>
      <RouteLink id="YEAO079_038_2201">
        <From>
          <StopPointRef>2290YHA01292</StopPointRef>
        </From>
        <To>
          <StopPointRef>2290YHA00569</StopPointRef>
        </To>
        <Direction>outbound</Direction>
      </RouteLink>
      <RouteLink id="YEAO079_038_2202">
        <From>
          <StopPointRef>2290YHA00569</StopPointRef>
        </From>
        <To>
          <StopPointRef>2290YHA00568</StopPointRef>
        </To>
        <Direction>outbound</Direction>
      </RouteLink>
      <RouteLink id="YEAO079_038_2203">
        <From>
          <StopPointRef>2290YHA00568</StopPointRef>
        </From>
        <To>
          <StopPointRef>2290YHA00566</StopPointRef>
        </To>
        <Direction>outbound</Direction>
      </RouteLink>
      <RouteLink id="YEAO079_038_2204">
        <From>
          <StopPointRef>2290YHA00566</StopPointRef>
        </From>
        <To>
          <StopPointRef>2290YHA00565</StopPointRef>
        </To>
        <Direction>outbound</Direction>
      </RouteLink>
      <RouteLink id="YEAO079_038_2205">
        <From>
          <StopPointRef>2290YHA00565</StopPointRef>
        </From>
        <To>
          <StopPointRef>2290YHA00562</StopPointRef>
        </To>
        <Direction>outbound</Direction>
      </RouteLink>
      <RouteLink id="YEAO079_038_2206">
        <From>
          <StopPointRef>2290YHA00562</StopPointRef>
        </From>
        <To>
          <StopPointRef>2290YHA00561</StopPointRef>
        </To>
        <Direction>outbound</Direction>
      </RouteLink>
      <RouteLink id="YEAO079_038_2207">
        <From>
          <StopPointRef>2290YHA00561</StopPointRef>
        </From>
        <To>
          <StopPointRef>2290YHA00559</StopPointRef>
        </To>
        <Direction>outbound</Direction>
      </RouteLink>
      <RouteLink id="YEAO079_038_2208">
        <From>
          <StopPointRef>2290YHA00559</StopPointRef>
        </From>
        <To>
          <StopPointRef>2290YHA00557</StopPointRef>
        </To>
        <Direction>outbound</Direction>
      </RouteLink>
      <RouteLink id="YEAO079_038_2209">
        <From>
          <StopPointRef>2290YHA00557</StopPointRef>
        </From>
        <To>
          <StopPointRef>2290YHA00555</StopPointRef>
        </To>
        <Direction>outbound</Direction>
      </RouteLink>
      <RouteLink id="YEAO079_038_2210">
        <From>
          <StopPointRef>2290YHA00555</StopPointRef>
        </From>
        <To>
          <StopPointRef>2200YEA01210</StopPointRef>
        </To>
        <Direction>outbound</Direction>
      </RouteLink>
      <RouteLink id="YEAO079_038_2211">
        <From>
          <StopPointRef>2200YEA01210</StopPointRef>
        </From>
        <To>
          <StopPointRef>2200YEA01212</StopPointRef>
        </To>
        <Direction>outbound</Direction>
      </RouteLink>
      <RouteLink id="YEAO079_038_2212">
        <From>
          <StopPointRef>2200YEA01212</StopPointRef>
        </From>
        <To>
          <StopPointRef>2200YEA00315</StopPointRef>
        </To>
        <Direction>outbound</Direction>
      </RouteLink>
      <RouteLink id="YEAO079_038_2213">
        <From>
          <StopPointRef>2200YEA00315</StopPointRef>
        </From>
        <To>
          <StopPointRef>2200YEA00897</StopPointRef>
        </To>
        <Direction>outbound</Direction>
      </RouteLink>
      <RouteLink id="YEAO079_038_2214">
        <From>
          <StopPointRef>2200YEA00897</StopPointRef>
        </From>
        <To>
          <StopPointRef>2200YEA00898</StopPointRef>
        </To>
        <Direction>outbound</Direction>
      </RouteLink>
      <RouteLink id="YEAO079_038_2215">
        <From>
          <StopPointRef>2200YEA00898</StopPointRef>
        </From>
        <To>
          <StopPointRef>2200YEA01532</StopPointRef>
        </To>
        <Direction>outbound</Direction>
      </RouteLink>
      <RouteLink id="YEAO079_038_2216">
        <From>
          <StopPointRef>2200YEA01532</StopPointRef>
        </From>
        <To>
          <StopPointRef>2200YEA00894</StopPointRef>
        </To>
        <Direction>outbound</Direction>
      </RouteLink>
      <RouteLink id="YEAO079_038_2217">
        <From>
          <StopPointRef>2200YEA00894</StopPointRef>
        </From>
        <To>
          <StopPointRef>2200YEA00895</StopPointRef>
        </To>
        <Direction>outbound</Direction>
      </RouteLink>
      <RouteLink id="YEAO079_038_2218">
        <From>
          <StopPointRef>2200YEA00895</StopPointRef>
        </From>
        <To>
          <StopPointRef>2200YEA00899</StopPointRef>
        </To>
        <Direction>outbound</Direction>
      </RouteLink>
      <RouteLink id="YEAO079_038_2219">
        <From>
          <StopPointRef>2200YEA00899</StopPointRef>
        </From>
        <To>
          <StopPointRef>2200YEA00046</StopPointRef>
        </To>
        <Direction>outbound</Direction>
      </RouteLink>
      <RouteLink id="YEAO079_038_2220">
        <From>
          <StopPointRef>2200YEA00046</StopPointRef>
        </From>
        <To>
          <StopPointRef>2200YEA00308</StopPointRef>
        </To>
        <Direction>outbound</Direction>
      </RouteLink>
      <RouteLink id="YEAO079_038_2221">
        <From>
          <StopPointRef>2200YEA00308</StopPointRef>
        </From>
        <To>
          <StopPointRef>2200YEA00893</StopPointRef>
        </To>
        <Direction>outbound</Direction>
      </RouteLink>
    </RouteSection>
  </RouteSections>
  <Routes>
    <Route id="YEAO079_039">
      <Description>Hedon - Hull
</Description>
      <RouteSectionRef>YEAO079_039</RouteSectionRef>
    </Route>
    <Route id="YEAO079_038">
      <Description>Hull - Hedon
</Description>
      <RouteSectionRef>YEAO079_038</RouteSectionRef>
    </Route>
  </Routes>
  <JourneyPatternSections>
    <JourneyPatternSection id="JPS_YEAO079-3">
      <JourneyPatternTimingLink id="JPS_YEAO079-3_2148">
        <From>
          <StopPointRef>2200YEA00893</StopPointRef>
          <TimingStatus>PTP</TimingStatus>
        </From>
        <To>
          <StopPointRef>2200YEA00307</StopPointRef>
          <TimingStatus>OTH</TimingStatus>
        </To>
        <RouteLinkRef>YEAO079_039_2148</RouteLinkRef>
        <Direction>inbound</Direction>
        <RunTime>PT443S</RunTime>
      </JourneyPatternTimingLink>
      <JourneyPatternTimingLink id="JPS_YEAO079-3_2149">
        <From>
          <StopPointRef>2200YEA00307</StopPointRef>
          <TimingStatus>OTH</TimingStatus>
        </From>
        <To>
          <StopPointRef>2200YEA00020</StopPointRef>
          <TimingStatus>PTP</TimingStatus>
        </To>
        <RouteLinkRef>YEAO079_039_2149</RouteLinkRef>
        <Direction>inbound</Direction>
        <RunTime>PT37S</RunTime>
      </JourneyPatternTimingLink>
      <JourneyPatternTimingLink id="JPS_YEAO079-3_2150">
        <From>
          <StopPointRef>2200YEA00020</StopPointRef>
          <TimingStatus>PTP</TimingStatus>
        </From>
        <To>
          <StopPointRef>2200YEA00047</StopPointRef>
          <TimingStatus>OTH</TimingStatus>
        </To>
        <RouteLinkRef>YEAO079_039_2150</RouteLinkRef>
        <Direction>inbound</Direction>
        <RunTime>PT7S</RunTime>
      </JourneyPatternTimingLink>
      <JourneyPatternTimingLink id="JPS_YEAO079-3_2151">
        <From>
          <StopPointRef>2200YEA00047</StopPointRef>
          <TimingStatus>OTH</TimingStatus>
        </From>
        <To>
          <StopPointRef>2200YEA00900</StopPointRef>
          <TimingStatus>OTH</TimingStatus>
        </To>
        <RouteLinkRef>YEAO079_039_2151</RouteLinkRef>
        <Direction>inbound</Direction>
        <RunTime>PT21S</RunTime>
      </JourneyPatternTimingLink>
      <JourneyPatternTimingLink id="JPS_YEAO079-3_2152">
        <From>
          <StopPointRef>2200YEA00900</StopPointRef>
          <TimingStatus>OTH</TimingStatus>
        </From>
        <To>
          <StopPointRef>2200YEA00897</StopPointRef>
          <TimingStatus>PTP</TimingStatus>
        </To>
        <RouteLinkRef>YEAO079_039_2152</RouteLinkRef>
        <Direction>inbound</Direction>
        <RunTime>PT272S</RunTime>
      </JourneyPatternTimingLink>
      <JourneyPatternTimingLink id="JPS_YEAO079-3_2153">
        <From>
          <StopPointRef>2200YEA00897</StopPointRef>
          <TimingStatus>PTP</TimingStatus>
        </From>
        <To>
          <StopPointRef>2200YEA00898</StopPointRef>
          <TimingStatus>OTH</TimingStatus>
        </To>
        <RouteLinkRef>YEAO079_039_2153</RouteLinkRef>
        <Direction>inbound</Direction>
        <RunTime>PT27S</RunTime>
      </JourneyPatternTimingLink>
      <JourneyPatternTimingLink id="JPS_YEAO079-3_2154">
        <From>
          <StopPointRef>2200YEA00898</StopPointRef>
          <TimingStatus>OTH</TimingStatus>
        </From>
        <To>
          <StopPointRef>2200YEA01532</StopPointRef>
          <TimingStatus>OTH</TimingStatus>
        </To>
        <RouteLinkRef>YEAO079_039_2154</RouteLinkRef>
        <Direction>inbound</Direction>
        <RunTime>PT13S</RunTime>
      </JourneyPatternTimingLink>
      <JourneyPatternTimingLink id="JPS_YEAO079-3_2155">
        <From>
          <StopPointRef>2200YEA01532</StopPointRef>
          <TimingStatus>OTH</TimingStatus>
        </From>
        <To>
          <StopPointRef>2200YEA00894</StopPointRef>
          <TimingStatus>OTH</TimingStatus>
        </To>
        <RouteLinkRef>YEAO079_039_2155</RouteLinkRef>
        <Direction>inbound</Direction>
        <RunTime>PT28S</RunTime>
      </JourneyPatternTimingLink>
      <JourneyPatternTimingLink id="JPS_YEAO079-3_2156">
        <From>
          <StopPointRef>2200YEA00894</StopPointRef>
          <TimingStatus>OTH</TimingStatus>
        </From>
        <To>
          <StopPointRef>2200YEA00895</StopPointRef>
          <TimingStatus>OTH</TimingStatus>
        </To>
        <RouteLinkRef>YEAO079_039_2156</RouteLinkRef>
        <Direction>inbound</Direction>
        <RunTime>PT25S</RunTime>
      </JourneyPatternTimingLink>
      <JourneyPatternTimingLink id="JPS_YEAO079-3_2157">
        <From>
          <StopPointRef>2200YEA00895</StopPointRef>
          <TimingStatus>OTH</TimingStatus>
        </From>
        <To>
          <StopPointRef>2200YEA00316</StopPointRef>
          <TimingStatus>OTH</TimingStatus>
        </To>
        <RouteLinkRef>YEAO079_039_2157</RouteLinkRef>
        <Direction>inbound</Direction>
        <RunTime>PT306S</RunTime>
      </JourneyPatternTimingLink>
      <JourneyPatternTimingLink id="JPS_YEAO079-3_2158">
        <From>
          <StopPointRef>2200YEA00316</StopPointRef>
          <TimingStatus>OTH</TimingStatus>
        </From>
        <To>
          <StopPointRef>2200YEA01211</StopPointRef>
          <TimingStatus>PTP</TimingStatus>
        </To>
        <RouteLinkRef>YEAO079_039_2158</RouteLinkRef>
        <Direction>inbound</Direction>
        <RunTime>PT21S</RunTime>
      </JourneyPatternTimingLink>
      <JourneyPatternTimingLink id="JPS_YEAO079-3_2159">
        <From>
          <StopPointRef>2200YEA01211</StopPointRef>
          <TimingStatus>PTP</TimingStatus>
        </From>
        <To>
          <StopPointRef>2200YEA01209</StopPointRef>
          <TimingStatus>OTH</TimingStatus>
        </To>
        <RouteLinkRef>YEAO079_039_2159</RouteLinkRef>
        <Direction>inbound</Direction>
        <RunTime>PT51S</RunTime>
      </JourneyPatternTimingLink>
      <JourneyPatternTimingLink id="JPS_YEAO079-3_2160">
        <From>
          <StopPointRef>2200YEA01209</StopPointRef>
          <TimingStatus>OTH</TimingStatus>
        </From>
        <To>
          <StopPointRef>2290YHA01276</StopPointRef>
          <TimingStatus>OTH</TimingStatus>
        </To>
        <RouteLinkRef>YEAO079_039_2160</RouteLinkRef>
        <Direction>inbound</Direction>
        <RunTime>PT61S</RunTime>
      </JourneyPatternTimingLink>
      <JourneyPatternTimingLink id="JPS_YEAO079-3_2161">
        <From>
          <StopPointRef>2290YHA01276</StopPointRef>
          <TimingStatus>OTH</TimingStatus>
        </From>
        <To>
          <StopPointRef>2290YHA00552</StopPointRef>
          <TimingStatus>OTH</TimingStatus>
        </To>
        <RouteLinkRef>YEAO079_039_2161</RouteLinkRef>
        <Direction>inbound</Direction>
        <RunTime>PT79S</RunTime>
      </JourneyPatternTimingLink>
      <JourneyPatternTimingLink id="JPS_YEAO079-3_2162">
        <From>
          <StopPointRef>2290YHA00552</StopPointRef>
          <TimingStatus>OTH</TimingStatus>
        </From>
        <To>
          <StopPointRef>2290YHA00551</StopPointRef>
          <TimingStatus>OTH</TimingStatus>
        </To>
        <RouteLinkRef>YEAO079_039_2162</RouteLinkRef>
        <Direction>inbound</Direction>
        <RunTime>PT46S</RunTime>
      </JourneyPatternTimingLink>
      <JourneyPatternTimingLink id="JPS_YEAO079-3_2163">
        <From>
          <StopPointRef>2290YHA00551</StopPointRef>
          <TimingStatus>OTH</TimingStatus>
        </From>
        <To>
          <StopPointRef>2290YHA00550</StopPointRef>
          <TimingStatus>OTH</TimingStatus>
        </To>
        <RouteLinkRef>YEAO079_039_2163</RouteLinkRef>
        <Direction>inbound</Direction>
        <RunTime>PT62S</RunTime>
      </JourneyPatternTimingLink>
      <JourneyPatternTimingLink id="JPS_YEAO079-3_2164">
        <From>
          <StopPointRef>2290YHA00550</StopPointRef>
          <TimingStatus>OTH</TimingStatus>
        </From>
        <To>
          <StopPointRef>2290YHA00549</StopPointRef>
          <TimingStatus>PTP</TimingStatus>
        </To>
        <RouteLinkRef>YEAO079_039_2164</RouteLinkRef>
        <Direction>inbound</Direction>
        <RunTime>PT61S</RunTime>
      </JourneyPatternTimingLink>
      <JourneyPatternTimingLink id="JPS_YEAO079-3_2165">
        <From>
          <StopPointRef>2290YHA00549</StopPointRef>
          <TimingStatus>PTP</TimingStatus>
        </From>
        <To>
          <StopPointRef>2290YHA00541</StopPointRef>
          <TimingStatus>OTH</TimingStatus>
        </To>
        <RouteLinkRef>YEAO079_039_2165</RouteLinkRef>
        <Direction>inbound</Direction>
        <RunTime>PT150S</RunTime>
      </JourneyPatternTimingLink>
      <JourneyPatternTimingLink id="JPS_YEAO079-3_2166">
        <From>
          <StopPointRef>2290YHA00541</StopPointRef>
          <TimingStatus>OTH</TimingStatus>
        </From>
        <To>
          <StopPointRef>2290YHA00539</StopPointRef>
          <TimingStatus>OTH</TimingStatus>
        </To>
        <RouteLinkRef>YEAO079_039_2166</RouteLinkRef>
        <Direction>inbound</Direction>
        <RunTime>PT92S</RunTime>
      </JourneyPatternTimingLink>
      <JourneyPatternTimingLink id="JPS_YEAO079-3_2167">
        <From>
          <StopPointRef>2290YHA00539</StopPointRef>
          <TimingStatus>OTH</TimingStatus>
        </From>
        <To>
          <StopPointRef>2290YHA00538</StopPointRef>
          <TimingStatus>OTH</TimingStatus>
        </To>
        <RouteLinkRef>YEAO079_039_2167</RouteLinkRef>
        <Direction>inbound</Direction>
        <RunTime>PT98S</RunTime>
      </JourneyPatternTimingLink>
      <JourneyPatternTimingLink id="JPS_YEAO079-3_2168">
        <From>
          <StopPointRef>2290YHA00538</StopPointRef>
          <TimingStatus>OTH</TimingStatus>
        </From>
        <To>
          <StopPointRef>2290YHA00537</StopPointRef>
          <TimingStatus>OTH</TimingStatus>
        </To>
        <RouteLinkRef>YEAO079_039_2168</RouteLinkRef>
        <Direction>inbound</Direction>
        <RunTime>PT67S</RunTime>
      </JourneyPatternTimingLink>
      <JourneyPatternTimingLink id="JPS_YEAO079-3_2169">
        <From>
          <StopPointRef>2290YHA00537</StopPointRef>
          <TimingStatus>OTH</TimingStatus>
        </From>
        <To>
          <StopPointRef>2290YHA00536</StopPointRef>
          <TimingStatus>OTH</TimingStatus>
        </To>
        <RouteLinkRef>YEAO079_039_2169</RouteLinkRef>
        <Direction>inbound</Direction>
        <RunTime>PT55S</RunTime>
      </JourneyPatternTimingLink>
      <JourneyPatternTimingLink id="JPS_YEAO079-3_2170">
        <From>
          <StopPointRef>2290YHA00536</StopPointRef>
          <TimingStatus>OTH</TimingStatus>
        </From>
        <To>
          <StopPointRef>2290YHA01644</StopPointRef>
          <TimingStatus>OTH</TimingStatus>
        </To>
        <RouteLinkRef>YEAO079_039_2170</RouteLinkRef>
        <Direction>inbound</Direction>
        <RunTime>PT88S</RunTime>
      </JourneyPatternTimingLink>
      <JourneyPatternTimingLink id="JPS_YEAO079-3_2171">
        <From>
          <StopPointRef>2290YHA01644</StopPointRef>
          <TimingStatus>OTH</TimingStatus>
        </From>
        <To>
          <StopPointRef>2290YHA00206</StopPointRef>
          <TimingStatus>PTP</TimingStatus>
        </To>
        <RouteLinkRef>YEAO079_039_2171</RouteLinkRef>
        <Direction>inbound</Direction>
        <RunTime>PT50S</RunTime>
      </JourneyPatternTimingLink>
      <JourneyPatternTimingLink id="JPS_YEAO079-3_2172">
        <From>
          <StopPointRef>2290YHA00206</StopPointRef>
          <TimingStatus>PTP</TimingStatus>
        </From>
        <To>
          <StopPointRef>2290YHA01615</StopPointRef>
          <TimingStatus>OTH</TimingStatus>
        </To>
        <RouteLinkRef>YEAO079_039_2172</RouteLinkRef>
        <Direction>inbound</Direction>
        <RunTime>PT43S</RunTime>
      </JourneyPatternTimingLink>
      <JourneyPatternTimingLink id="JPS_YEAO079-3_2173">
        <From>
          <StopPointRef>2290YHA01615</StopPointRef>
          <TimingStatus>OTH</TimingStatus>
        </From>
        <To>
          <StopPointRef>2290YHA01298</StopPointRef>
          <TimingStatus>OTH</TimingStatus>
        </To>
        <RouteLinkRef>YEAO079_039_2173</RouteLinkRef>
        <Direction>inbound</Direction>
        <RunTime>PT88S</RunTime>
      </JourneyPatternTimingLink>
      <JourneyPatternTimingLink id="JPS_YEAO079-3_2174">
        <From>
          <StopPointRef>2290YHA01298</StopPointRef>
          <TimingStatus>OTH</TimingStatus>
        </From>
        <To>
          <StopPointRef>2290YHA00913</StopPointRef>
          <TimingStatus>OTH</TimingStatus>
        </To>
        <RouteLinkRef>YEAO079_039_2174</RouteLinkRef>
        <Direction>inbound</Direction>
        <RunTime>PT78S</RunTime>
      </JourneyPatternTimingLink>
      <JourneyPatternTimingLink id="JPS_YEAO079-3_2175">
        <From>
          <StopPointRef>2290YHA00913</StopPointRef>
          <TimingStatus>OTH</TimingStatus>
        </From>
        <To>
          <StopPointRef>2290YHA00004</StopPointRef>
          <TimingStatus>OTH</TimingStatus>
        </To>
        <RouteLinkRef>YEAO079_039_2175</RouteLinkRef>
        <Direction>inbound</Direction>
        <RunTime>PT146S</RunTime>
      </JourneyPatternTimingLink>
      <JourneyPatternTimingLink id="JPS_YEAO079-3_2176">
        <From>
          <StopPointRef>2290YHA00004</StopPointRef>
          <TimingStatus>OTH</TimingStatus>
        </From>
        <To>
          <StopPointRef>2290YHA00006</StopPointRef>
          <TimingStatus>OTH</TimingStatus>
        </To>
        <RouteLinkRef>YEAO079_039_2176</RouteLinkRef>
        <Direction>inbound</Direction>
        <RunTime>PT80S</RunTime>
      </JourneyPatternTimingLink>
      <JourneyPatternTimingLink id="JPS_YEAO079-3_2177">
        <From>
          <StopPointRef>2290YHA00006</StopPointRef>
          <TimingStatus>OTH</TimingStatus>
        </From>
        <To>
          <StopPointRef>2290YHA00970</StopPointRef>
          <TimingStatus>OTH</TimingStatus>
        </To>
        <RouteLinkRef>YEAO079_039_2177</RouteLinkRef>
        <Direction>inbound</Direction>
        <RunTime>PT44S</RunTime>
      </JourneyPatternTimingLink>
      <JourneyPatternTimingLink id="JPS_YEAO079-3_2178">
        <From>
          <StopPointRef>2290YHA00970</StopPointRef>
          <TimingStatus>OTH</TimingStatus>
        </From>
        <To>
          <StopPointRef>2290YHA01447</StopPointRef>
          <TimingStatus>OTH</TimingStatus>
        </To>
        <RouteLinkRef>YEAO079_039_2178</RouteLinkRef>
        <Direction>inbound</Direction>
        <RunTime>PT66S</RunTime>
      </JourneyPatternTimingLink>
      <JourneyPatternTimingLink id="JPS_YEAO079-3_2179">
        <From>
          <StopPointRef>2290YHA01447</StopPointRef>
          <TimingStatus>OTH</TimingStatus>
        </From>
        <To>
          <StopPointRef>2290YHA01642</StopPointRef>
          <TimingStatus>OTH</TimingStatus>
        </To>
        <RouteLinkRef>YEAO079_039_2179</RouteLinkRef>
        <Direction>inbound</Direction>
        <RunTime>PT46S</RunTime>
      </JourneyPatternTimingLink>
      <JourneyPatternTimingLink id="JPS_YEAO079-3_2180">
        <From>
          <StopPointRef>2290YHA01642</StopPointRef>
          <TimingStatus>OTH</TimingStatus>
        </From>
        <To>
          <StopPointRef>2290YHA01580</StopPointRef>
          <TimingStatus>PTP</TimingStatus>
        </To>
        <RouteLinkRef>YEAO079_039_2180</RouteLinkRef>
        <Direction>inbound</Direction>
        <RunTime>PT129S</RunTime>
      </JourneyPatternTimingLink>
    </JourneyPatternSection>
    <JourneyPatternSection id="JPS_YEAO079-4">
      <JourneyPatternTimingLink id="JPS_YEAO079-4_2148">
        <From>
          <StopPointRef>2200YEA00893</StopPointRef>
          <TimingStatus>PTP</TimingStatus>
        </From>
        <To>
          <StopPointRef>2200YEA00307</StopPointRef>
          <TimingStatus>OTH</TimingStatus>
        </To>
        <RouteLinkRef>YEAO079_039_2148</RouteLinkRef>
        <Direction>inbound</Direction>
        <RunTime>PT388S</RunTime>
      </JourneyPatternTimingLink>
      <JourneyPatternTimingLink id="JPS_YEAO079-4_2149">
        <From>
          <StopPointRef>2200YEA00307</StopPointRef>
          <TimingStatus>OTH</TimingStatus>
        </From>
        <To>
          <StopPointRef>2200YEA00020</StopPointRef>
          <TimingStatus>PTP</TimingStatus>
        </To>
        <RouteLinkRef>YEAO079_039_2149</RouteLinkRef>
        <Direction>inbound</Direction>
        <RunTime>PT32S</RunTime>
      </JourneyPatternTimingLink>
      <JourneyPatternTimingLink id="JPS_YEAO079-4_2150">
        <From>
          <StopPointRef>2200YEA00020</StopPointRef>
          <TimingStatus>PTP</TimingStatus>
        </From>
        <To>
          <StopPointRef>2200YEA00047</StopPointRef>
          <TimingStatus>OTH</TimingStatus>
        </To>
        <RouteLinkRef>YEAO079_039_2150</RouteLinkRef>
        <Direction>inbound</Direction>
        <RunTime>PT7S</RunTime>
      </JourneyPatternTimingLink>
      <JourneyPatternTimingLink id="JPS_YEAO079-4_2151">
        <From>
          <StopPointRef>2200YEA00047</StopPointRef>
          <TimingStatus>OTH</TimingStatus>
        </From>
        <To>
          <StopPointRef>2200YEA00900</StopPointRef>
          <TimingStatus>OTH</TimingStatus>
        </To>
        <RouteLinkRef>YEAO079_039_2151</RouteLinkRef>
        <Direction>inbound</Direction>
        <RunTime>PT21S</RunTime>
      </JourneyPatternTimingLink>
      <JourneyPatternTimingLink id="JPS_YEAO079-4_2152">
        <From>
          <StopPointRef>2200YEA00900</StopPointRef>
          <TimingStatus>OTH</TimingStatus>
        </From>
        <To>
          <StopPointRef>2200YEA00897</StopPointRef>
          <TimingStatus>PTP</TimingStatus>
        </To>
        <RouteLinkRef>YEAO079_039_2152</RouteLinkRef>
        <Direction>inbound</Direction>
        <RunTime>PT272S</RunTime>
      </JourneyPatternTimingLink>
      <JourneyPatternTimingLink id="JPS_YEAO079-4_2153">
        <From>
          <StopPointRef>2200YEA00897</StopPointRef>
          <TimingStatus>PTP</TimingStatus>
        </From>
        <To>
          <StopPointRef>2200YEA00898</StopPointRef>
          <TimingStatus>OTH</TimingStatus>
        </To>
        <RouteLinkRef>YEAO079_039_2153</RouteLinkRef>
        <Direction>inbound</Direction>
        <RunTime>PT23S</RunTime>
      </JourneyPatternTimingLink>
      <JourneyPatternTimingLink id="JPS_YEAO079-4_2154">
        <From>
          <StopPointRef>2200YEA00898</StopPointRef>
          <TimingStatus>OTH</TimingStatus>
        </From>
        <To>
          <StopPointRef>2200YEA01532</StopPointRef>
          <TimingStatus>OTH</TimingStatus>
        </To>
        <RouteLinkRef>YEAO079_039_2154</RouteLinkRef>
        <Direction>inbound</Direction>
        <RunTime>PT11S</RunTime>
      </JourneyPatternTimingLink>
      <JourneyPatternTimingLink id="JPS_YEAO079-4_2155">
        <From>
          <StopPointRef>2200YEA01532</StopPointRef>
          <TimingStatus>OTH</TimingStatus>
        </From>
        <To>
          <StopPointRef>2200YEA00894</StopPointRef>
          <TimingStatus>OTH</TimingStatus>
        </To>
        <RouteLinkRef>YEAO079_039_2155</RouteLinkRef>
        <Direction>inbound</Direction>
        <RunTime>PT24S</RunTime>
      </JourneyPatternTimingLink>
      <JourneyPatternTimingLink id="JPS_YEAO079-4_2156">
        <From>
          <StopPointRef>2200YEA00894</StopPointRef>
          <TimingStatus>OTH</TimingStatus>
        </From>
        <To>
          <StopPointRef>2200YEA00895</StopPointRef>
          <TimingStatus>OTH</TimingStatus>
        </To>
        <RouteLinkRef>YEAO079_039_2156</RouteLinkRef>
        <Direction>inbound</Direction>
        <RunTime>PT22S</RunTime>
      </JourneyPatternTimingLink>
      <JourneyPatternTimingLink id="JPS_YEAO079-4_2157">
        <From>
          <StopPointRef>2200YEA00895</StopPointRef>
          <TimingStatus>OTH</TimingStatus>
        </From>
        <To>
          <StopPointRef>2200YEA00316</StopPointRef>
          <TimingStatus>OTH</TimingStatus>
        </To>
        <RouteLinkRef>YEAO079_039_2157</RouteLinkRef>
        <Direction>inbound</Direction>
        <RunTime>PT262S</RunTime>
      </JourneyPatternTimingLink>
      <JourneyPatternTimingLink id="JPS_YEAO079-4_2158">
        <From>
          <StopPointRef>2200YEA00316</StopPointRef>
          <TimingStatus>OTH</TimingStatus>
        </From>
        <To>
          <StopPointRef>2200YEA01211</StopPointRef>
          <TimingStatus>PTP</TimingStatus>
        </To>
        <RouteLinkRef>YEAO079_039_2158</RouteLinkRef>
        <Direction>inbound</Direction>
        <RunTime>PT18S</RunTime>
      </JourneyPatternTimingLink>
      <JourneyPatternTimingLink id="JPS_YEAO079-4_2159">
        <From>
          <StopPointRef>2200YEA01211</StopPointRef>
          <TimingStatus>PTP</TimingStatus>
        </From>
        <To>
          <StopPointRef>2200YEA01209</StopPointRef>
          <TimingStatus>OTH</TimingStatus>
        </To>
        <RouteLinkRef>YEAO079_039_2159</RouteLinkRef>
        <Direction>inbound</Direction>
        <RunTime>PT42S</RunTime>
      </JourneyPatternTimingLink>
      <JourneyPatternTimingLink id="JPS_YEAO079-4_2160">
        <From>
          <StopPointRef>2200YEA01209</StopPointRef>
          <TimingStatus>OTH</TimingStatus>
        </From>
        <To>
          <StopPointRef>2290YHA01276</StopPointRef>
          <TimingStatus>OTH</TimingStatus>
        </To>
        <RouteLinkRef>YEAO079_039_2160</RouteLinkRef>
        <Direction>inbound</Direction>
        <RunTime>PT51S</RunTime>
      </JourneyPatternTimingLink>
      <JourneyPatternTimingLink id="JPS_YEAO079-4_2161">
        <From>
          <StopPointRef>2290YHA01276</StopPointRef>
          <TimingStatus>OTH</TimingStatus>
        </From>
        <To>
          <StopPointRef>2290YHA00552</StopPointRef>
          <TimingStatus>OTH</TimingStatus>
        </To>
        <RouteLinkRef>YEAO079_039_2161</RouteLinkRef>
        <Direction>inbound</Direction>
        <RunTime>PT66S</RunTime>
      </JourneyPatternTimingLink>
      <JourneyPatternTimingLink id="JPS_YEAO079-4_2162">
        <From>
          <StopPointRef>2290YHA00552</StopPointRef>
          <TimingStatus>OTH</TimingStatus>
        </From>
        <To>
          <StopPointRef>2290YHA00551</StopPointRef>
          <TimingStatus>OTH</TimingStatus>
        </To>
        <RouteLinkRef>YEAO079_039_2162</RouteLinkRef>
        <Direction>inbound</Direction>
        <RunTime>PT38S</RunTime>
      </JourneyPatternTimingLink>
      <JourneyPatternTimingLink id="JPS_YEAO079-4_2163">
        <From>
          <StopPointRef>2290YHA00551</StopPointRef>
          <TimingStatus>OTH</TimingStatus>
        </From>
        <To>
          <StopPointRef>2290YHA00550</StopPointRef>
          <TimingStatus>OTH</TimingStatus>
        </To>
        <RouteLinkRef>YEAO079_039_2163</RouteLinkRef>
        <Direction>inbound</Direction>
        <RunTime>PT52S</RunTime>
      </JourneyPatternTimingLink>
      <JourneyPatternTimingLink id="JPS_YEAO079-4_2164">
        <From>
          <StopPointRef>2290YHA00550</StopPointRef>
          <TimingStatus>OTH</TimingStatus>
        </From>
        <To>
          <StopPointRef>2290YHA00549</StopPointRef>
          <TimingStatus>PTP</TimingStatus>
        </To>
        <RouteLinkRef>YEAO079_039_2164</RouteLinkRef>
        <Direction>inbound</Direction>
        <RunTime>PT51S</RunTime>
      </JourneyPatternTimingLink>
      <JourneyPatternTimingLink id="JPS_YEAO079-4_2165">
        <From>
          <StopPointRef>2290YHA00549</StopPointRef>
          <TimingStatus>PTP</TimingStatus>
        </From>
        <To>
          <StopPointRef>2290YHA00541</StopPointRef>
          <TimingStatus>OTH</TimingStatus>
        </To>
        <RouteLinkRef>YEAO079_039_2165</RouteLinkRef>
        <Direction>inbound</Direction>
        <RunTime>PT75S</RunTime>
      </JourneyPatternTimingLink>
      <JourneyPatternTimingLink id="JPS_YEAO079-4_2166">
        <From>
          <StopPointRef>2290YHA00541</StopPointRef>
          <TimingStatus>OTH</TimingStatus>
        </From>
        <To>
          <StopPointRef>2290YHA00539</StopPointRef>
          <TimingStatus>OTH</TimingStatus>
        </To>
        <RouteLinkRef>YEAO079_039_2166</RouteLinkRef>
        <Direction>inbound</Direction>
        <RunTime>PT46S</RunTime>
      </JourneyPatternTimingLink>
      <JourneyPatternTimingLink id="JPS_YEAO079-4_2167">
        <From>
          <StopPointRef>2290YHA00539</StopPointRef>
          <TimingStatus>OTH</TimingStatus>
        </From>
        <To>
          <StopPointRef>2290YHA00538</StopPointRef>
          <TimingStatus>OTH</TimingStatus>
        </To>
        <RouteLinkRef>YEAO079_039_2167</RouteLinkRef>
        <Direction>inbound</Direction>
        <RunTime>PT49S</RunTime>
      </JourneyPatternTimingLink>
      <JourneyPatternTimingLink id="JPS_YEAO079-4_2168">
        <From>
          <StopPointRef>2290YHA00538</StopPointRef>
          <TimingStatus>OTH</TimingStatus>
        </From>
        <To>
          <StopPointRef>2290YHA00537</StopPointRef>
          <TimingStatus>OTH</TimingStatus>
        </To>
        <RouteLinkRef>YEAO079_039_2168</RouteLinkRef>
        <Direction>inbound</Direction>
        <RunTime>PT33S</RunTime>
      </JourneyPatternTimingLink>
      <JourneyPatternTimingLink id="JPS_YEAO079-4_2169">
        <From>
          <StopPointRef>2290YHA00537</StopPointRef>
          <TimingStatus>OTH</TimingStatus>
        </From>
        <To>
          <StopPointRef>2290YHA00536</StopPointRef>
          <TimingStatus>OTH</TimingStatus>
        </To>
        <RouteLinkRef>YEAO079_039_2169</RouteLinkRef>
        <Direction>inbound</Direction>
        <RunTime>PT28S</RunTime>
      </JourneyPatternTimingLink>
      <JourneyPatternTimingLink id="JPS_YEAO079-4_2170">
        <From>
          <StopPointRef>2290YHA00536</StopPointRef>
          <TimingStatus>OTH</TimingStatus>
        </From>
        <To>
          <StopPointRef>2290YHA01644</StopPointRef>
          <TimingStatus>OTH</TimingStatus>
        </To>
        <RouteLinkRef>YEAO079_039_2170</RouteLinkRef>
        <Direction>inbound</Direction>
        <RunTime>PT44S</RunTime>
      </JourneyPatternTimingLink>
      <JourneyPatternTimingLink id="JPS_YEAO079-4_2171">
        <From>
          <StopPointRef>2290YHA01644</StopPointRef>
          <TimingStatus>OTH</TimingStatus>
        </From>
        <To>
          <StopPointRef>2290YHA00206</StopPointRef>
          <TimingStatus>PTP</TimingStatus>
        </To>
        <RouteLinkRef>YEAO079_039_2171</RouteLinkRef>
        <Direction>inbound</Direction>
        <RunTime>PT25S</RunTime>
      </JourneyPatternTimingLink>
      <JourneyPatternTimingLink id="JPS_YEAO079-4_2172">
        <From>
          <StopPointRef>2290YHA00206</StopPointRef>
          <TimingStatus>PTP</TimingStatus>
        </From>
        <To>
          <StopPointRef>2290YHA01615</StopPointRef>
          <TimingStatus>OTH</TimingStatus>
        </To>
        <RouteLinkRef>YEAO079_039_2172</RouteLinkRef>
        <Direction>inbound</Direction>
        <RunTime>PT43S</RunTime>
      </JourneyPatternTimingLink>
      <JourneyPatternTimingLink id="JPS_YEAO079-4_2173">
        <From>
          <StopPointRef>2290YHA01615</StopPointRef>
          <TimingStatus>OTH</TimingStatus>
        </From>
        <To>
          <StopPointRef>2290YHA01298</StopPointRef>
          <TimingStatus>OTH</TimingStatus>
        </To>
        <RouteLinkRef>YEAO079_039_2173</RouteLinkRef>
        <Direction>inbound</Direction>
        <RunTime>PT88S</RunTime>
      </JourneyPatternTimingLink>
      <JourneyPatternTimingLink id="JPS_YEAO079-4_2174">
        <From>
          <StopPointRef>2290YHA01298</StopPointRef>
          <TimingStatus>OTH</TimingStatus>
        </From>
        <To>
          <StopPointRef>2290YHA00913</StopPointRef>
          <TimingStatus>OTH</TimingStatus>
        </To>
        <RouteLinkRef>YEAO079_039_2174</RouteLinkRef>
        <Direction>inbound</Direction>
        <RunTime>PT78S</RunTime>
      </JourneyPatternTimingLink>
      <JourneyPatternTimingLink id="JPS_YEAO079-4_2175">
        <From>
          <StopPointRef>2290YHA00913</StopPointRef>
          <TimingStatus>OTH</TimingStatus>
        </From>
        <To>
          <StopPointRef>2290YHA00004</StopPointRef>
          <TimingStatus>OTH</TimingStatus>
        </To>
        <RouteLinkRef>YEAO079_039_2175</RouteLinkRef>
        <Direction>inbound</Direction>
        <RunTime>PT146S</RunTime>
      </JourneyPatternTimingLink>
      <JourneyPatternTimingLink id="JPS_YEAO079-4_2176">
        <From>
          <StopPointRef>2290YHA00004</StopPointRef>
          <TimingStatus>OTH</TimingStatus>
        </From>
        <To>
          <StopPointRef>2290YHA00006</StopPointRef>
          <TimingStatus>OTH</TimingStatus>
        </To>
        <RouteLinkRef>YEAO079_039_2176</RouteLinkRef>
        <Direction>inbound</Direction>
        <RunTime>PT80S</RunTime>
      </JourneyPatternTimingLink>
      <JourneyPatternTimingLink id="JPS_YEAO079-4_2177">
        <From>
          <StopPointRef>2290YHA00006</StopPointRef>
          <TimingStatus>OTH</TimingStatus>
        </From>
        <To>
          <StopPointRef>2290YHA00970</StopPointRef>
          <TimingStatus>OTH</TimingStatus>
        </To>
        <RouteLinkRef>YEAO079_039_2177</RouteLinkRef>
        <Direction>inbound</Direction>
        <RunTime>PT44S</RunTime>
      </JourneyPatternTimingLink>
      <JourneyPatternTimingLink id="JPS_YEAO079-4_2178">
        <From>
          <StopPointRef>2290YHA00970</StopPointRef>
          <TimingStatus>OTH</TimingStatus>
        </From>
        <To>
          <StopPointRef>2290YHA01447</StopPointRef>
          <TimingStatus>OTH</TimingStatus>
        </To>
        <RouteLinkRef>YEAO079_039_2178</RouteLinkRef>
        <Direction>inbound</Direction>
        <RunTime>PT66S</RunTime>
      </JourneyPatternTimingLink>
      <JourneyPatternTimingLink id="JPS_YEAO079-4_2179">
        <From>
          <StopPointRef>2290YHA01447</StopPointRef>
          <TimingStatus>OTH</TimingStatus>
        </From>
        <To>
          <StopPointRef>2290YHA01642</StopPointRef>
          <TimingStatus>OTH</TimingStatus>
        </To>
        <RouteLinkRef>YEAO079_039_2179</RouteLinkRef>
        <Direction>inbound</Direction>
        <RunTime>PT46S</RunTime>
      </JourneyPatternTimingLink>
      <JourneyPatternTimingLink id="JPS_YEAO079-4_2180">
        <From>
          <StopPointRef>2290YHA01642</StopPointRef>
          <TimingStatus>OTH</TimingStatus>
        </From>
        <To>
          <StopPointRef>2290YHA01580</StopPointRef>
          <TimingStatus>PTP</TimingStatus>
        </To>
        <RouteLinkRef>YEAO079_039_2180</RouteLinkRef>
        <Direction>inbound</Direction>
        <RunTime>PT129S</RunTime>
      </JourneyPatternTimingLink>
    </JourneyPatternSection>
    <JourneyPatternSection id="JPS_YEAO079-5">
      <JourneyPatternTimingLink id="JPS_YEAO079-5_2189">
        <From>
          <StopPointRef>2290YHA01580</StopPointRef>
          <TimingStatus>PTP</TimingStatus>
        </From>
        <To>
          <StopPointRef>2290YHA00964</StopPointRef>
          <TimingStatus>OTH</TimingStatus>
        </To>
        <RouteLinkRef>YEAO079_038_2189</RouteLinkRef>
        <Direction>outbound</Direction>
        <RunTime>PT111S</RunTime>
      </JourneyPatternTimingLink>
      <JourneyPatternTimingLink id="JPS_YEAO079-5_2190">
        <From>
          <StopPointRef>2290YHA00964</StopPointRef>
          <TimingStatus>OTH</TimingStatus>
        </From>
        <To>
          <StopPointRef>2290YHA01639</StopPointRef>
          <TimingStatus>OTH</TimingStatus>
        </To>
        <RouteLinkRef>YEAO079_038_2190</RouteLinkRef>
        <Direction>outbound</Direction>
        <RunTime>PT57S</RunTime>
      </JourneyPatternTimingLink>
      <JourneyPatternTimingLink id="JPS_YEAO079-5_2191">
        <From>
          <StopPointRef>2290YHA01639</StopPointRef>
          <TimingStatus>OTH</TimingStatus>
        </From>
        <To>
          <StopPointRef>2290YHA00009</StopPointRef>
          <TimingStatus>OTH</TimingStatus>
        </To>
        <RouteLinkRef>YEAO079_038_2191</RouteLinkRef>
        <Direction>outbound</Direction>
        <RunTime>PT61S</RunTime>
      </JourneyPatternTimingLink>
      <JourneyPatternTimingLink id="JPS_YEAO079-5_2192">
        <From>
          <StopPointRef>2290YHA00009</StopPointRef>
          <TimingStatus>OTH</TimingStatus>
        </From>
        <To>
          <StopPointRef>2290YHA00007</StopPointRef>
          <TimingStatus>OTH</TimingStatus>
        </To>
        <RouteLinkRef>YEAO079_038_2192</RouteLinkRef>
        <Direction>outbound</Direction>
        <RunTime>PT25S</RunTime>
      </JourneyPatternTimingLink>
      <JourneyPatternTimingLink id="JPS_YEAO079-5_2193">
        <From>
          <StopPointRef>2290YHA00007</StopPointRef>
          <TimingStatus>OTH</TimingStatus>
        </From>
        <To>
          <StopPointRef>2290YHA00774</StopPointRef>
          <TimingStatus>OTH</TimingStatus>
        </To>
        <RouteLinkRef>YEAO079_038_2193</RouteLinkRef>
        <Direction>outbound</Direction>
        <RunTime>PT23S</RunTime>
      </JourneyPatternTimingLink>
      <JourneyPatternTimingLink id="JPS_YEAO079-5_2194">
        <From>
          <StopPointRef>2290YHA00774</StopPointRef>
          <TimingStatus>OTH</TimingStatus>
        </From>
        <To>
          <StopPointRef>2290YHA00797</StopPointRef>
          <TimingStatus>OTH</TimingStatus>
        </To>
        <RouteLinkRef>YEAO079_038_2194</RouteLinkRef>
        <Direction>outbound</Direction>
        <RunTime>PT35S</RunTime>
      </JourneyPatternTimingLink>
      <JourneyPatternTimingLink id="JPS_YEAO079-5_2195">
        <From>
          <StopPointRef>2290YHA00797</StopPointRef>
          <TimingStatus>OTH</TimingStatus>
        </From>
        <To>
          <StopPointRef>2290YHA01299</StopPointRef>
          <TimingStatus>OTH</TimingStatus>
        </To>
        <RouteLinkRef>YEAO079_038_2195</RouteLinkRef>
        <Direction>outbound</Direction>
        <RunTime>PT200S</RunTime>
      </JourneyPatternTimingLink>
      <JourneyPatternTimingLink id="JPS_YEAO079-5_2196">
        <From>
          <StopPointRef>2290YHA01299</StopPointRef>
          <TimingStatus>OTH</TimingStatus>
        </From>
        <To>
          <StopPointRef>2290YHA01495</StopPointRef>
          <TimingStatus>OTH</TimingStatus>
        </To>
        <RouteLinkRef>YEAO079_038_2196</RouteLinkRef>
        <Direction>outbound</Direction>
        <RunTime>PT37S</RunTime>
      </JourneyPatternTimingLink>
      <JourneyPatternTimingLink id="JPS_YEAO079-5_2197">
        <From>
          <StopPointRef>2290YHA01495</StopPointRef>
          <TimingStatus>OTH</TimingStatus>
        </From>
        <To>
          <StopPointRef>2290YHA00208</StopPointRef>
          <TimingStatus>OTH</TimingStatus>
        </To>
        <RouteLinkRef>YEAO079_038_2197</RouteLinkRef>
        <Direction>outbound</Direction>
        <RunTime>PT29S</RunTime>
      </JourneyPatternTimingLink>
      <JourneyPatternTimingLink id="JPS_YEAO079-5_2198">
        <From>
          <StopPointRef>2290YHA00208</StopPointRef>
          <TimingStatus>OTH</TimingStatus>
        </From>
        <To>
          <StopPointRef>2290YHA00207</StopPointRef>
          <TimingStatus>PTP</TimingStatus>
        </To>
        <RouteLinkRef>YEAO079_038_2198</RouteLinkRef>
        <Direction>outbound</Direction>
        <RunTime>PT22S</RunTime>
      </JourneyPatternTimingLink>
      <JourneyPatternTimingLink id="JPS_YEAO079-5_2199">
        <From>
          <StopPointRef>2290YHA00207</StopPointRef>
          <TimingStatus>PTP</TimingStatus>
        </From>
        <To>
          <StopPointRef>2290YHA01644</StopPointRef>
          <TimingStatus>OTH</TimingStatus>
        </To>
        <RouteLinkRef>YEAO079_038_2199</RouteLinkRef>
        <Direction>outbound</Direction>
        <RunTime>PT30S</RunTime>
      </JourneyPatternTimingLink>
      <JourneyPatternTimingLink id="JPS_YEAO079-5_2200">
        <From>
          <StopPointRef>2290YHA01644</StopPointRef>
          <TimingStatus>OTH</TimingStatus>
        </From>
        <To>
          <StopPointRef>2290YHA01292</StopPointRef>
          <TimingStatus>OTH</TimingStatus>
        </To>
        <RouteLinkRef>YEAO079_038_2200</RouteLinkRef>
        <Direction>outbound</Direction>
        <RunTime>PT72S</RunTime>
      </JourneyPatternTimingLink>
      <JourneyPatternTimingLink id="JPS_YEAO079-5_2201">
        <From>
          <StopPointRef>2290YHA01292</StopPointRef>
          <TimingStatus>OTH</TimingStatus>
        </From>
        <To>
          <StopPointRef>2290YHA00569</StopPointRef>
          <TimingStatus>OTH</TimingStatus>
        </To>
        <RouteLinkRef>YEAO079_038_2201</RouteLinkRef>
        <Direction>outbound</Direction>
        <RunTime>PT28S</RunTime>
      </JourneyPatternTimingLink>
      <JourneyPatternTimingLink id="JPS_YEAO079-5_2202">
        <From>
          <StopPointRef>2290YHA00569</StopPointRef>
          <TimingStatus>OTH</TimingStatus>
        </From>
        <To>
          <StopPointRef>2290YHA00568</StopPointRef>
          <TimingStatus>OTH</TimingStatus>
        </To>
        <RouteLinkRef>YEAO079_038_2202</RouteLinkRef>
        <Direction>outbound</Direction>
        <RunTime>PT26S</RunTime>
      </JourneyPatternTimingLink>
      <JourneyPatternTimingLink id="JPS_YEAO079-5_2203">
        <From>
          <StopPointRef>2290YHA00568</StopPointRef>
          <TimingStatus>OTH</TimingStatus>
        </From>
        <To>
          <StopPointRef>2290YHA00566</StopPointRef>
          <TimingStatus>OTH</TimingStatus>
        </To>
        <RouteLinkRef>YEAO079_038_2203</RouteLinkRef>
        <Direction>outbound</Direction>
        <RunTime>PT34S</RunTime>
      </JourneyPatternTimingLink>
      <JourneyPatternTimingLink id="JPS_YEAO079-5_2204">
        <From>
          <StopPointRef>2290YHA00566</StopPointRef>
          <TimingStatus>OTH</TimingStatus>
        </From>
        <To>
          <StopPointRef>2290YHA00565</StopPointRef>
          <TimingStatus>OTH</TimingStatus>
        </To>
        <RouteLinkRef>YEAO079_038_2204</RouteLinkRef>
        <Direction>outbound</Direction>
        <RunTime>PT47S</RunTime>
      </JourneyPatternTimingLink>
      <JourneyPatternTimingLink id="JPS_YEAO079-5_2205">
        <From>
          <StopPointRef>2290YHA00565</StopPointRef>
          <TimingStatus>OTH</TimingStatus>
        </From>
        <To>
          <StopPointRef>2290YHA00562</StopPointRef>
          <TimingStatus>PTP</TimingStatus>
        </To>
        <RouteLinkRef>YEAO079_038_2205</RouteLinkRef>
        <Direction>outbound</Direction>
        <RunTime>PT63S</RunTime>
      </JourneyPatternTimingLink>
      <JourneyPatternTimingLink id="JPS_YEAO079-5_2206">
        <From>
          <StopPointRef>2290YHA00562</StopPointRef>
          <TimingStatus>PTP</TimingStatus>
        </From>
        <To>
          <StopPointRef>2290YHA00561</StopPointRef>
          <TimingStatus>OTH</TimingStatus>
        </To>
        <RouteLinkRef>YEAO079_038_2206</RouteLinkRef>
        <Direction>outbound</Direction>
        <RunTime>PT22S</RunTime>
      </JourneyPatternTimingLink>
      <JourneyPatternTimingLink id="JPS_YEAO079-5_2207">
        <From>
          <StopPointRef>2290YHA00561</StopPointRef>
          <TimingStatus>OTH</TimingStatus>
        </From>
        <To>
          <StopPointRef>2290YHA00559</StopPointRef>
          <TimingStatus>OTH</TimingStatus>
        </To>
        <RouteLinkRef>YEAO079_038_2207</RouteLinkRef>
        <Direction>outbound</Direction>
        <RunTime>PT48S</RunTime>
      </JourneyPatternTimingLink>
      <JourneyPatternTimingLink id="JPS_YEAO079-5_2208">
        <From>
          <StopPointRef>2290YHA00559</StopPointRef>
          <TimingStatus>OTH</TimingStatus>
        </From>
        <To>
          <StopPointRef>2290YHA00557</StopPointRef>
          <TimingStatus>OTH</TimingStatus>
        </To>
        <RouteLinkRef>YEAO079_038_2208</RouteLinkRef>
        <Direction>outbound</Direction>
        <RunTime>PT55S</RunTime>
      </JourneyPatternTimingLink>
      <JourneyPatternTimingLink id="JPS_YEAO079-5_2209">
        <From>
          <StopPointRef>2290YHA00557</StopPointRef>
          <TimingStatus>OTH</TimingStatus>
        </From>
        <To>
          <StopPointRef>2290YHA00555</StopPointRef>
          <TimingStatus>OTH</TimingStatus>
        </To>
        <RouteLinkRef>YEAO079_038_2209</RouteLinkRef>
        <Direction>outbound</Direction>
        <RunTime>PT57S</RunTime>
      </JourneyPatternTimingLink>
      <JourneyPatternTimingLink id="JPS_YEAO079-5_2210">
        <From>
          <StopPointRef>2290YHA00555</StopPointRef>
          <TimingStatus>OTH</TimingStatus>
        </From>
        <To>
          <StopPointRef>2200YEA01210</StopPointRef>
          <TimingStatus>OTH</TimingStatus>
        </To>
        <RouteLinkRef>YEAO079_038_2210</RouteLinkRef>
        <Direction>outbound</Direction>
        <RunTime>PT46S</RunTime>
      </JourneyPatternTimingLink>
      <JourneyPatternTimingLink id="JPS_YEAO079-5_2211">
        <From>
          <StopPointRef>2200YEA01210</StopPointRef>
          <TimingStatus>OTH</TimingStatus>
        </From>
        <To>
          <StopPointRef>2200YEA01212</StopPointRef>
          <TimingStatus>OTH</TimingStatus>
        </To>
        <RouteLinkRef>YEAO079_038_2211</RouteLinkRef>
        <Direction>outbound</Direction>
        <RunTime>PT37S</RunTime>
      </JourneyPatternTimingLink>
      <JourneyPatternTimingLink id="JPS_YEAO079-5_2212">
        <From>
          <StopPointRef>2200YEA01212</StopPointRef>
          <TimingStatus>OTH</TimingStatus>
        </From>
        <To>
          <StopPointRef>2200YEA00315</StopPointRef>
          <TimingStatus>PTP</TimingStatus>
        </To>
        <RouteLinkRef>YEAO079_038_2212</RouteLinkRef>
        <Direction>outbound</Direction>
        <RunTime>PT35S</RunTime>
      </JourneyPatternTimingLink>
      <JourneyPatternTimingLink id="JPS_YEAO079-5_2213">
        <From>
          <StopPointRef>2200YEA00315</StopPointRef>
          <TimingStatus>PTP</TimingStatus>
        </From>
        <To>
          <StopPointRef>2200YEA00897</StopPointRef>
          <TimingStatus>PTP</TimingStatus>
        </To>
        <RouteLinkRef>YEAO079_038_2213</RouteLinkRef>
        <Direction>outbound</Direction>
        <RunTime>PT300S</RunTime>
      </JourneyPatternTimingLink>
      <JourneyPatternTimingLink id="JPS_YEAO079-5_2214">
        <From>
          <StopPointRef>2200YEA00897</StopPointRef>
          <TimingStatus>PTP</TimingStatus>
        </From>
        <To>
          <StopPointRef>2200YEA00898</StopPointRef>
          <TimingStatus>OTH</TimingStatus>
        </To>
        <RouteLinkRef>YEAO079_038_2214</RouteLinkRef>
        <Direction>outbound</Direction>
        <RunTime>PT29S</RunTime>
      </JourneyPatternTimingLink>
      <JourneyPatternTimingLink id="JPS_YEAO079-5_2215">
        <From>
          <StopPointRef>2200YEA00898</StopPointRef>
          <TimingStatus>OTH</TimingStatus>
        </From>
        <To>
          <StopPointRef>2200YEA01532</StopPointRef>
          <TimingStatus>OTH</TimingStatus>
        </To>
        <RouteLinkRef>YEAO079_038_2215</RouteLinkRef>
        <Direction>outbound</Direction>
        <RunTime>PT14S</RunTime>
      </JourneyPatternTimingLink>
      <JourneyPatternTimingLink id="JPS_YEAO079-5_2216">
        <From>
          <StopPointRef>2200YEA01532</StopPointRef>
          <TimingStatus>OTH</TimingStatus>
        </From>
        <To>
          <StopPointRef>2200YEA00894</StopPointRef>
          <TimingStatus>OTH</TimingStatus>
        </To>
        <RouteLinkRef>YEAO079_038_2216</RouteLinkRef>
        <Direction>outbound</Direction>
        <RunTime>PT30S</RunTime>
      </JourneyPatternTimingLink>
      <JourneyPatternTimingLink id="JPS_YEAO079-5_2217">
        <From>
          <StopPointRef>2200YEA00894</StopPointRef>
          <TimingStatus>OTH</TimingStatus>
        </From>
        <To>
          <StopPointRef>2200YEA00895</StopPointRef>
          <TimingStatus>OTH</TimingStatus>
        </To>
        <RouteLinkRef>YEAO079_038_2217</RouteLinkRef>
        <Direction>outbound</Direction>
        <RunTime>PT27S</RunTime>
      </JourneyPatternTimingLink>
      <JourneyPatternTimingLink id="JPS_YEAO079-5_2218">
        <From>
          <StopPointRef>2200YEA00895</StopPointRef>
          <TimingStatus>OTH</TimingStatus>
        </From>
        <To>
          <StopPointRef>2200YEA00899</StopPointRef>
          <TimingStatus>OTH</TimingStatus>
        </To>
        <RouteLinkRef>YEAO079_038_2218</RouteLinkRef>
        <Direction>outbound</Direction>
        <RunTime>PT323S</RunTime>
      </JourneyPatternTimingLink>
      <JourneyPatternTimingLink id="JPS_YEAO079-5_2219">
        <From>
          <StopPointRef>2200YEA00899</StopPointRef>
          <TimingStatus>OTH</TimingStatus>
        </From>
        <To>
          <StopPointRef>2200YEA00046</StopPointRef>
          <TimingStatus>OTH</TimingStatus>
        </To>
        <RouteLinkRef>YEAO079_038_2219</RouteLinkRef>
        <Direction>outbound</Direction>
        <RunTime>PT24S</RunTime>
      </JourneyPatternTimingLink>
      <JourneyPatternTimingLink id="JPS_YEAO079-5_2220">
        <From>
          <StopPointRef>2200YEA00046</StopPointRef>
          <TimingStatus>OTH</TimingStatus>
        </From>
        <To>
          <StopPointRef>2200YEA00308</StopPointRef>
          <TimingStatus>PTP</TimingStatus>
        </To>
        <RouteLinkRef>YEAO079_038_2220</RouteLinkRef>
        <Direction>outbound</Direction>
        <RunTime>PT33S</RunTime>
      </JourneyPatternTimingLink>
      <JourneyPatternTimingLink id="JPS_YEAO079-5_2221">
        <From>
          <StopPointRef>2200YEA00308</StopPointRef>
          <TimingStatus>PTP</TimingStatus>
        </From>
        <To>
          <StopPointRef>2200YEA00893</StopPointRef>
          <TimingStatus>PTP</TimingStatus>
        </To>
        <RouteLinkRef>YEAO079_038_2221</RouteLinkRef>
        <Direction>outbound</Direction>
        <RunTime>PT60S</RunTime>
      </JourneyPatternTimingLink>
    </JourneyPatternSection>
  </JourneyPatternSections>
  <Operators>
    <Operator id="EY">
      <NationalOperatorCode>EYMS</NationalOperatorCode>
      <OperatorCode>EY</OperatorCode>
      <OperatorShortName>EYMS</OperatorShortName>
    </Operator>
    <Operator id="UNKWN">
      <OperatorCode>UNKWN</OperatorCode>
      <OperatorShortName>UNKWN</OperatorShortName>
    </Operator>
  </Operators>
  <Services>
    <Service>
      <ServiceCode>YEAO079</ServiceCode>
      <Lines>
        <Line id="0">
          <LineName>79</LineName>
        </Line>
      </Lines>
      <OperatingPeriod>
        <StartDate>2017-04-04</StartDate>
      </OperatingPeriod>
      <RegisteredOperatorRef>EY</RegisteredOperatorRef>
      <StopRequirements>
        <NoNewStopsRequired />
      </StopRequirements>
      <Mode>bus</Mode>
      <Description>Hull - Hedon</Description>
      <StandardService>
        <Origin>Hull</Origin>
        <Destination>Hedon</Destination>
        <JourneyPattern id="JPS_YEAO079-3">
          <Direction>inbound</Direction>
          <JourneyPatternSectionRefs>JPS_YEAO079-3</JourneyPatternSectionRefs>
        </JourneyPattern>
        <JourneyPattern id="JPS_YEAO079-4">
          <Direction>inbound</Direction>
          <JourneyPatternSectionRefs>JPS_YEAO079-4</JourneyPatternSectionRefs>
        </JourneyPattern>
        <JourneyPattern id="JPS_YEAO079-5">
          <Direction>outbound</Direction>
          <JourneyPatternSectionRefs>JPS_YEAO079-5</JourneyPatternSectionRefs>
        </JourneyPattern>
      </StandardService>
    </Service>
  </Services>
  <VehicleJourneys>
    <VehicleJourney>
      <OperatorRef>EY</OperatorRef>
      <OperatingProfile>
        <RegularDayType>
          <DaysOfWeek>
            <Monday />
            <Tuesday />
            <Wednesday />
            <Thursday />
            <Friday />
          </DaysOfWeek>
        </RegularDayType>
        <BankHolidayOperation>
          <DaysOfNonOperation>
            <LateSummerBankHolidayNotScotland />
          </DaysOfNonOperation>
        </BankHolidayOperation>
      </OperatingProfile>
      <VehicleJourneyCode>261</VehicleJourneyCode>
      <ServiceRef>YEAO079</ServiceRef>
      <LineRef>0</LineRef>
      <JourneyPatternRef>JPS_YEAO079-3</JourneyPatternRef>
      <DepartureTime>07:40:00</DepartureTime>
    </VehicleJourney>
    <VehicleJourney>
      <OperatorRef>EY</OperatorRef>
      <OperatingProfile>
        <RegularDayType>
          <DaysOfWeek>
            <Monday />
            <Tuesday />
            <Wednesday />
            <Thursday />
            <Friday />
          </DaysOfWeek>
        </RegularDayType>
        <BankHolidayOperation>
          <DaysOfNonOperation>
            <LateSummerBankHolidayNotScotland />
          </DaysOfNonOperation>
        </BankHolidayOperation>
      </OperatingProfile>
      <VehicleJourneyCode>262</VehicleJourneyCode>
      <ServiceRef>YEAO079</ServiceRef>
      <LineRef>0</LineRef>
      <JourneyPatternRef>JPS_YEAO079-4</JourneyPatternRef>
      <DepartureTime>09:27:00</DepartureTime>
    </VehicleJourney>
    <VehicleJourney>
      <OperatorRef>EY</OperatorRef>
      <OperatingProfile>
        <RegularDayType>
          <DaysOfWeek>
            <Monday />
            <Tuesday />
            <Wednesday />
            <Thursday />
            <Friday />
          </DaysOfWeek>
        </RegularDayType>
        <BankHolidayOperation>
          <DaysOfNonOperation>
            <LateSummerBankHolidayNotScotland />
          </DaysOfNonOperation>
        </BankHolidayOperation>
      </OperatingProfile>
      <VehicleJourneyCode>263</VehicleJourneyCode>
      <ServiceRef>YEAO079</ServiceRef>
      <LineRef>0</LineRef>
      <JourneyPatternRef>JPS_YEAO079-4</JourneyPatternRef>
      <DepartureTime>13:27:00</DepartureTime>
    </VehicleJourney>
    <VehicleJourney>
      <OperatorRef>EY</OperatorRef>
      <OperatingProfile>
        <RegularDayType>
          <DaysOfWeek>
            <Monday />
            <Tuesday />
            <Wednesday />
            <Thursday />
            <Friday />
          </DaysOfWeek>
        </RegularDayType>
        <BankHolidayOperation>
          <DaysOfNonOperation>
            <LateSummerBankHolidayNotScotland />
          </DaysOfNonOperation>
        </BankHolidayOperation>
      </OperatingProfile>
      <VehicleJourneyCode>264</VehicleJourneyCode>
      <ServiceRef>YEAO079</ServiceRef>
      <LineRef>0</LineRef>
      <JourneyPatternRef>JPS_YEAO079-4</JourneyPatternRef>
      <DepartureTime>17:55:00</DepartureTime>
    </VehicleJourney>
    <VehicleJourney>
      <OperatorRef>EY</OperatorRef>
      <OperatingProfile>
        <RegularDayType>
          <DaysOfWeek>
            <Monday />
            <Tuesday />
            <Wednesday />
            <Thursday />
            <Friday />
          </DaysOfWeek>
        </RegularDayType>
        <BankHolidayOperation>
          <DaysOfNonOperation>
            <LateSummerBankHolidayNotScotland />
          </DaysOfNonOperation>
        </BankHolidayOperation>
      </OperatingProfile>
      <VehicleJourneyCode>269</VehicleJourneyCode>
      <ServiceRef>YEAO079</ServiceRef>
      <LineRef>0</LineRef>
      <JourneyPatternRef>JPS_YEAO079-5</JourneyPatternRef>
      <DepartureTime>07:00:00</DepartureTime>
    </VehicleJourney>
    <VehicleJourney>
      <OperatorRef>EY</OperatorRef>
      <OperatingProfile>
        <RegularDayType>
          <DaysOfWeek>
            <Monday />
            <Tuesday />
            <Wednesday />
            <Thursday />
            <Friday />
          </DaysOfWeek>
        </RegularDayType>
        <BankHolidayOperation>
          <DaysOfNonOperation>
            <LateSummerBankHolidayNotScotland />
          </DaysOfNonOperation>
        </BankHolidayOperation>
      </OperatingProfile>
      <VehicleJourneyCode>270</VehicleJourneyCode>
      <ServiceRef>YEAO079</ServiceRef>
      <LineRef>0</LineRef>
      <JourneyPatternRef>JPS_YEAO079-5</JourneyPatternRef>
      <DepartureTime>08:15:00</DepartureTime>
    </VehicleJourney>
    <VehicleJourney>
      <OperatorRef>EY</OperatorRef>
      <OperatingProfile>
        <RegularDayType>
          <DaysOfWeek>
            <Monday />
            <Tuesday />
            <Wednesday />
            <Thursday />
            <Friday />
          </DaysOfWeek>
        </RegularDayType>
        <BankHolidayOperation>
          <DaysOfNonOperation>
            <LateSummerBankHolidayNotScotland />
          </DaysOfNonOperation>
        </BankHolidayOperation>
      </OperatingProfile>
      <VehicleJourneyCode>271</VehicleJourneyCode>
      <ServiceRef>YEAO079</ServiceRef>
      <LineRef>0</LineRef>
      <JourneyPatternRef>JPS_YEAO079-5</JourneyPatternRef>
      <DepartureTime>09:50:00</DepartureTime>
    </VehicleJourney>
    <VehicleJourney>
      <OperatorRef>EY</OperatorRef>
      <OperatingProfile>
        <RegularDayType>
          <DaysOfWeek>
            <Monday />
            <Tuesday />
            <Wednesday />
            <Thursday />
            <Friday />
          </DaysOfWeek>
        </RegularDayType>
        <BankHolidayOperation>
          <DaysOfNonOperation>
            <LateSummerBankHolidayNotScotland />
          </DaysOfNonOperation>
        </BankHolidayOperation>
      </OperatingProfile>
      <VehicleJourneyCode>272</VehicleJourneyCode>
      <ServiceRef>YEAO079</ServiceRef>
      <LineRef>0</LineRef>
      <JourneyPatternRef>JPS_YEAO079-5</JourneyPatternRef>
      <DepartureTime>12:50:00</DepartureTime>
    </VehicleJourney>
    <VehicleJourney>
      <OperatorRef>EY</OperatorRef>
      <OperatingProfile>
        <RegularDayType>
          <DaysOfWeek>
            <Monday />
            <Tuesday />
            <Wednesday />
            <Thursday />
            <Friday />
          </DaysOfWeek>
        </RegularDayType>
        <BankHolidayOperation>
          <DaysOfNonOperation>
            <LateSummerBankHolidayNotScotland />
          </DaysOfNonOperation>
        </BankHolidayOperation>
      </OperatingProfile>
      <VehicleJourneyCode>273</VehicleJourneyCode>
      <ServiceRef>YEAO079</ServiceRef>
      <LineRef>0</LineRef>
      <JourneyPatternRef>JPS_YEAO079-5</JourneyPatternRef>
      <DepartureTime>16:00:00</DepartureTime>
    </VehicleJourney>
    <VehicleJourney>
      <OperatorRef>EY</OperatorRef>
      <OperatingProfile>
        <RegularDayType>
          <DaysOfWeek>
            <Monday />
            <Tuesday />
            <Wednesday />
            <Thursday />
            <Friday />
          </DaysOfWeek>
        </RegularDayType>
        <BankHolidayOperation>
          <DaysOfNonOperation>
            <LateSummerBankHolidayNotScotland />
          </DaysOfNonOperation>
        </BankHolidayOperation>
      </OperatingProfile>
      <VehicleJourneyCode>274</VehicleJourneyCode>
      <ServiceRef>YEAO079</ServiceRef>
      <LineRef>0</LineRef>
      <JourneyPatternRef>JPS_YEAO079-5</JourneyPatternRef>
      <DepartureTime>18:10:00</DepartureTime>
    </VehicleJourney>
    <VehicleJourney>
      <OperatorRef>EY</OperatorRef>
      <OperatingProfile>
        <RegularDayType>
          <DaysOfWeek>
            <Saturday />
          </DaysOfWeek>
        </RegularDayType>
      </OperatingProfile>
      <VehicleJourneyCode>265</VehicleJourneyCode>
      <ServiceRef>YEAO079</ServiceRef>
      <LineRef>0</LineRef>
      <JourneyPatternRef>JPS_YEAO079-3</JourneyPatternRef>
      <DepartureTime>07:40:00</DepartureTime>
    </VehicleJourney>
    <VehicleJourney>
      <OperatorRef>EY</OperatorRef>
      <OperatingProfile>
        <RegularDayType>
          <DaysOfWeek>
            <Saturday />
          </DaysOfWeek>
        </RegularDayType>
      </OperatingProfile>
      <VehicleJourneyCode>266</VehicleJourneyCode>
      <ServiceRef>YEAO079</ServiceRef>
      <LineRef>0</LineRef>
      <JourneyPatternRef>JPS_YEAO079-4</JourneyPatternRef>
      <DepartureTime>09:27:00</DepartureTime>
    </VehicleJourney>
    <VehicleJourney>
      <OperatorRef>EY</OperatorRef>
      <OperatingProfile>
        <RegularDayType>
          <DaysOfWeek>
            <Saturday />
          </DaysOfWeek>
        </RegularDayType>
      </OperatingProfile>
      <VehicleJourneyCode>267</VehicleJourneyCode>
      <ServiceRef>YEAO079</ServiceRef>
      <LineRef>0</LineRef>
      <JourneyPatternRef>JPS_YEAO079-4</JourneyPatternRef>
      <DepartureTime>13:27:00</DepartureTime>
    </VehicleJourney>
    <VehicleJourney>
      <OperatorRef>EY</OperatorRef>
      <OperatingProfile>
        <RegularDayType>
          <DaysOfWeek>
            <Saturday />
          </DaysOfWeek>
        </RegularDayType>
      </OperatingProfile>
      <VehicleJourneyCode>268</VehicleJourneyCode>
      <ServiceRef>YEAO079</ServiceRef>
      <LineRef>0</LineRef>
      <JourneyPatternRef>JPS_YEAO079-4</JourneyPatternRef>
      <DepartureTime>17:55:00</DepartureTime>
    </VehicleJourney>
    <VehicleJourney>
      <OperatorRef>EY</OperatorRef>
      <OperatingProfile>
        <RegularDayType>
          <DaysOfWeek>
            <Saturday />
          </DaysOfWeek>
        </RegularDayType>
      </OperatingProfile>
      <VehicleJourneyCode>275</VehicleJourneyCode>
      <ServiceRef>YEAO079</ServiceRef>
      <LineRef>0</LineRef>
      <JourneyPatternRef>JPS_YEAO079-5</JourneyPatternRef>
      <DepartureTime>07:00:00</DepartureTime>
    </VehicleJourney>
    <VehicleJourney>
      <OperatorRef>EY</OperatorRef>
      <OperatingProfile>
        <RegularDayType>
          <DaysOfWeek>
            <Saturday />
          </DaysOfWeek>
        </RegularDayType>
      </OperatingProfile>
      <VehicleJourneyCode>276</VehicleJourneyCode>
      <ServiceRef>YEAO079</ServiceRef>
      <LineRef>0</LineRef>
      <JourneyPatternRef>JPS_YEAO079-5</JourneyPatternRef>
      <DepartureTime>08:15:00</DepartureTime>
    </VehicleJourney>
    <VehicleJourney>
      <OperatorRef>EY</OperatorRef>
      <OperatingProfile>
        <RegularDayType>
          <DaysOfWeek>
            <Saturday />
          </DaysOfWeek>
        </RegularDayType>
      </OperatingProfile>
      <VehicleJourneyCode>277</VehicleJourneyCode>
      <ServiceRef>YEAO079</ServiceRef>
      <LineRef>0</LineRef>
      <JourneyPatternRef>JPS_YEAO079-5</JourneyPatternRef>
      <DepartureTime>09:50:00</DepartureTime>
    </VehicleJourney>
    <VehicleJourney>
      <OperatorRef>EY</OperatorRef>
      <OperatingProfile>
        <RegularDayType>
          <DaysOfWeek>
            <Saturday />
          </DaysOfWeek>
        </RegularDayType>
      </OperatingProfile>
      <VehicleJourneyCode>278</VehicleJourneyCode>
      <ServiceRef>YEAO079</ServiceRef>
      <LineRef>0</LineRef>
      <JourneyPatternRef>JPS_YEAO079-5</JourneyPatternRef>
      <DepartureTime>12:50:00</DepartureTime>
    </VehicleJourney>
    <VehicleJourney>
      <OperatorRef>EY</OperatorRef>
      <OperatingProfile>
        <RegularDayType>
          <DaysOfWeek>
            <Saturday />
          </DaysOfWeek>
        </RegularDayType>
      </OperatingProfile>
      <VehicleJourneyCode>279</VehicleJourneyCode>
      <ServiceRef>YEAO079</ServiceRef>
      <LineRef>0</LineRef>
      <JourneyPatternRef>JPS_YEAO079-5</JourneyPatternRef>
      <DepartureTime>16:00:00</DepartureTime>
    </VehicleJourney>
    <VehicleJourney>
      <OperatorRef>EY</OperatorRef>
      <OperatingProfile>
        <RegularDayType>
          <DaysOfWeek>
            <Saturday />
          </DaysOfWeek>
        </RegularDayType>
      </OperatingProfile>
      <VehicleJourneyCode>280</VehicleJourneyCode>
      <ServiceRef>YEAO079</ServiceRef>
      <LineRef>0</LineRef>
      <JourneyPatternRef>JPS_YEAO079-5</JourneyPatternRef>
      <DepartureTime>18:10:00</DepartureTime>
    </VehicleJourney>
  </VehicleJourneys>
</TransXChange>