<?xml version="1.0" encoding="utf-8"?>
<TransXChange xmlns:xsd="http://www.w3.org/2001/XMLSchema" xmlns:xsi="http://www.w3.org/2001/XMLSchema-instance" xsi:schemaLocation="http://www.transxchange.org.uk/ http://www.transxchange.org.uk/schema/2.1/TransXChange_general.xsd" CreationDateTime="2017-09-18T09:33:00-00:00" ModificationDateTime="2017-09-18T09:33:00-00:00" Modification="new" RevisionNumber="0" FileName="SVRYEBO199.xml" SchemaVersion="2.1" RegistrationDocument="false" xmlns="http://www.transxchange.org.uk/">
  <StopPoints>
    <AnnotatedStopPointRef>
      <StopPointRef>2200YEA00036</StopPointRef>
      <CommonName>Pocklington Eyms Depot</CommonName>
    </AnnotatedStopPointRef>
    <AnnotatedStopPointRef>
      <StopPointRef>2200YEZ01314</StopPointRef>
      <CommonName>Hayton The Green</CommonName>
    </AnnotatedStopPointRef>
    <AnnotatedStopPointRef>
      <StopPointRef>2200YEA01043</StopPointRef>
      <CommonName>Burnby Main Street</CommonName>
    </AnnotatedStopPointRef>
    <AnnotatedStopPointRef>
      <StopPointRef>2200YEA01040</StopPointRef>
      <CommonName>Nunburnholme Main Street</CommonName>
    </AnnotatedStopPointRef>
    <AnnotatedStopPointRef>
      <StopPointRef>2200YEA01041</StopPointRef>
      <CommonName>Warter Addlekeld</CommonName>
    </AnnotatedStopPointRef>
    <AnnotatedStopPointRef>
      <StopPointRef>2200YEA01036</StopPointRef>
      <CommonName>Warter B1246</CommonName>
    </AnnotatedStopPointRef>
    <AnnotatedStopPointRef>
      <StopPointRef>2200YEA01052</StopPointRef>
      <CommonName>Huggate Stocks Hill</CommonName>
    </AnnotatedStopPointRef>
    <AnnotatedStopPointRef>
      <StopPointRef>2200YEA00037</StopPointRef>
      <CommonName>Pocklington Opp EYMS</CommonName>
    </AnnotatedStopPointRef>
  </StopPoints>
  <RouteSections>
    <RouteSection id="YEBO199_003">
      <RouteLink id="YEBO199_003_8839">
        <From>
          <StopPointRef>2200YEA00036</StopPointRef>
        </From>
        <To>
          <StopPointRef>2200YEZ01314</StopPointRef>
        </To>
        <Direction>inbound</Direction>
      </RouteLink>
      <RouteLink id="YEBO199_003_8840">
        <From>
          <StopPointRef>2200YEZ01314</StopPointRef>
        </From>
        <To>
          <StopPointRef>2200YEA01043</StopPointRef>
        </To>
        <Direction>inbound</Direction>
      </RouteLink>
      <RouteLink id="YEBO199_003_8841">
        <From>
          <StopPointRef>2200YEA01043</StopPointRef>
        </From>
        <To>
          <StopPointRef>2200YEA01040</StopPointRef>
        </To>
        <Direction>inbound</Direction>
      </RouteLink>
      <RouteLink id="YEBO199_003_8842">
        <From>
          <StopPointRef>2200YEA01040</StopPointRef>
        </From>
        <To>
          <StopPointRef>2200YEA01041</StopPointRef>
        </To>
        <Direction>inbound</Direction>
      </RouteLink>
      <RouteLink id="YEBO199_003_8843">
        <From>
          <StopPointRef>2200YEA01041</StopPointRef>
        </From>
        <To>
          <StopPointRef>2200YEA01036</StopPointRef>
        </To>
        <Direction>inbound</Direction>
      </RouteLink>
      <RouteLink id="YEBO199_003_8844">
        <From>
          <StopPointRef>2200YEA01036</StopPointRef>
        </From>
        <To>
          <StopPointRef>2200YEA01052</StopPointRef>
        </To>
        <Direction>inbound</Direction>
      </RouteLink>
    </RouteSection>
    <RouteSection id="YEBO199_004">
      <RouteLink id="YEBO199_004_8852">
        <From>
          <StopPointRef>2200YEA01052</StopPointRef>
        </From>
        <To>
          <StopPointRef>2200YEA01041</StopPointRef>
        </To>
        <Direction>outbound</Direction>
      </RouteLink>
      <RouteLink id="YEBO199_004_8853">
        <From>
          <StopPointRef>2200YEA01041</StopPointRef>
        </From>
        <To>
          <StopPointRef>2200YEA01040</StopPointRef>
        </To>
        <Direction>outbound</Direction>
      </RouteLink>
      <RouteLink id="YEBO199_004_8854">
        <From>
          <StopPointRef>2200YEA01040</StopPointRef>
        </From>
        <To>
          <StopPointRef>2200YEA01043</StopPointRef>
        </To>
        <Direction>outbound</Direction>
      </RouteLink>
      <RouteLink id="YEBO199_004_8855">
        <From>
          <StopPointRef>2200YEA01043</StopPointRef>
        </From>
        <To>
          <StopPointRef>2200YEZ01314</StopPointRef>
        </To>
        <Direction>outbound</Direction>
      </RouteLink>
      <RouteLink id="YEBO199_004_8856">
        <From>
          <StopPointRef>2200YEZ01314</StopPointRef>
        </From>
        <To>
          <StopPointRef>2200YEA00037</StopPointRef>
        </To>
        <Direction>outbound</Direction>
      </RouteLink>
    </RouteSection>
  </RouteSections>
  <Routes>
    <Route id="YEBO199_003">
      <Description>Pocklington - Huggate
</Description>
      <RouteSectionRef>YEBO199_003</RouteSectionRef>
    </Route>
    <Route id="YEBO199_004">
      <Description>Huggate - Pocklington
</Description>
      <RouteSectionRef>YEBO199_004</RouteSectionRef>
    </Route>
  </Routes>
  <JourneyPatternSections>
    <JourneyPatternSection id="JPS_YEBO199-3">
      <JourneyPatternTimingLink id="JPS_YEBO199-3_8839">
        <From>
          <StopPointRef>2200YEA00036</StopPointRef>
          <TimingStatus>PTP</TimingStatus>
        </From>
        <To>
          <StopPointRef>2200YEZ01314</StopPointRef>
          <TimingStatus>PTP</TimingStatus>
        </To>
        <RouteLinkRef>YEBO199_003_8839</RouteLinkRef>
        <Direction>inbound</Direction>
        <RunTime>PT300S</RunTime>
      </JourneyPatternTimingLink>
      <JourneyPatternTimingLink id="JPS_YEBO199-3_8840">
        <From>
          <StopPointRef>2200YEZ01314</StopPointRef>
          <TimingStatus>PTP</TimingStatus>
        </From>
        <To>
          <StopPointRef>2200YEA01043</StopPointRef>
          <TimingStatus>PTP</TimingStatus>
        </To>
        <RouteLinkRef>YEBO199_003_8840</RouteLinkRef>
        <Direction>inbound</Direction>
        <RunTime>PT240S</RunTime>
      </JourneyPatternTimingLink>
      <JourneyPatternTimingLink id="JPS_YEBO199-3_8841">
        <From>
          <StopPointRef>2200YEA01043</StopPointRef>
          <TimingStatus>PTP</TimingStatus>
        </From>
        <To>
          <StopPointRef>2200YEA01040</StopPointRef>
          <TimingStatus>PTP</TimingStatus>
        </To>
        <RouteLinkRef>YEBO199_003_8841</RouteLinkRef>
        <Direction>inbound</Direction>
        <RunTime>PT240S</RunTime>
      </JourneyPatternTimingLink>
      <JourneyPatternTimingLink id="JPS_YEBO199-3_8842">
        <From>
          <StopPointRef>2200YEA01040</StopPointRef>
          <TimingStatus>PTP</TimingStatus>
        </From>
        <To>
          <StopPointRef>2200YEA01041</StopPointRef>
          <TimingStatus>OTH</TimingStatus>
        </To>
        <RouteLinkRef>YEBO199_003_8842</RouteLinkRef>
        <Direction>inbound</Direction>
        <RunTime>PT572S</RunTime>
      </JourneyPatternTimingLink>
      <JourneyPatternTimingLink id="JPS_YEBO199-3_8843">
        <From>
          <StopPointRef>2200YEA01041</StopPointRef>
          <TimingStatus>OTH</TimingStatus>
        </From>
        <To>
          <StopPointRef>2200YEA01036</StopPointRef>
          <TimingStatus>PTP</TimingStatus>
        </To>
        <RouteLinkRef>YEBO199_003_8843</RouteLinkRef>
        <Direction>inbound</Direction>
        <RunTime>PT28S</RunTime>
      </JourneyPatternTimingLink>
      <JourneyPatternTimingLink id="JPS_YEBO199-3_8844">
        <From>
          <StopPointRef>2200YEA01036</StopPointRef>
          <TimingStatus>PTP</TimingStatus>
        </From>
        <To>
          <StopPointRef>2200YEA01052</StopPointRef>
          <TimingStatus>PTP</TimingStatus>
        </To>
        <RouteLinkRef>YEBO199_003_8844</RouteLinkRef>
        <Direction>inbound</Direction>
        <RunTime>PT420S</RunTime>
      </JourneyPatternTimingLink>
    </JourneyPatternSection>
    <JourneyPatternSection id="JPS_YEBO199-4">
      <JourneyPatternTimingLink id="JPS_YEBO199-4_8852">
        <From>
          <StopPointRef>2200YEA01052</StopPointRef>
          <TimingStatus>PTP</TimingStatus>
        </From>
        <To>
          <StopPointRef>2200YEA01041</StopPointRef>
          <TimingStatus>PTP</TimingStatus>
        </To>
        <RouteLinkRef>YEBO199_004_8852</RouteLinkRef>
        <Direction>outbound</Direction>
        <RunTime>PT420S</RunTime>
      </JourneyPatternTimingLink>
      <JourneyPatternTimingLink id="JPS_YEBO199-4_8853">
        <From>
          <StopPointRef>2200YEA01041</StopPointRef>
          <TimingStatus>PTP</TimingStatus>
        </From>
        <To>
          <StopPointRef>2200YEA01040</StopPointRef>
          <TimingStatus>PTP</TimingStatus>
        </To>
        <RouteLinkRef>YEBO199_004_8853</RouteLinkRef>
        <Direction>outbound</Direction>
        <RunTime>PT600S</RunTime>
      </JourneyPatternTimingLink>
      <JourneyPatternTimingLink id="JPS_YEBO199-4_8854">
        <From>
          <StopPointRef>2200YEA01040</StopPointRef>
          <TimingStatus>PTP</TimingStatus>
        </From>
        <To>
          <StopPointRef>2200YEA01043</StopPointRef>
          <TimingStatus>PTP</TimingStatus>
        </To>
        <RouteLinkRef>YEBO199_004_8854</RouteLinkRef>
        <Direction>outbound</Direction>
        <RunTime>PT240S</RunTime>
      </JourneyPatternTimingLink>
      <JourneyPatternTimingLink id="JPS_YEBO199-4_8855">
        <From>
          <StopPointRef>2200YEA01043</StopPointRef>
          <TimingStatus>PTP</TimingStatus>
        </From>
        <To>
          <StopPointRef>2200YEZ01314</StopPointRef>
          <TimingStatus>PTP</TimingStatus>
        </To>
        <RouteLinkRef>YEBO199_004_8855</RouteLinkRef>
        <Direction>outbound</Direction>
        <RunTime>PT240S</RunTime>
      </JourneyPatternTimingLink>
      <JourneyPatternTimingLink id="JPS_YEBO199-4_8856">
        <From>
          <StopPointRef>2200YEZ01314</StopPointRef>
          <TimingStatus>PTP</TimingStatus>
        </From>
        <To>
          <StopPointRef>2200YEA00037</StopPointRef>
          <TimingStatus>PTP</TimingStatus>
        </To>
        <RouteLinkRef>YEBO199_004_8856</RouteLinkRef>
        <Direction>outbound</Direction>
        <RunTime>PT300S</RunTime>
      </JourneyPatternTimingLink>
    </JourneyPatternSection>
  </JourneyPatternSections>
  <Operators>
    <Operator id="EY">
      <NationalOperatorCode>EYMS</NationalOperatorCode>
      <OperatorCode>EY</OperatorCode>
      <OperatorShortName>EYMS</OperatorShortName>
    </Operator>
  </Operators>
  <Services>
    <Service>
      <ServiceCode>YEBO199</ServiceCode>
      <Lines>
        <Line id="0">
          <LineName>199</LineName>
        </Line>
      </Lines>
      <OperatingPeriod>
        <StartDate>2017-04-04</StartDate>
      </OperatingPeriod>
      <RegisteredOperatorRef>EY</RegisteredOperatorRef>
      <StopRequirements>
        <NoNewStopsRequired />
      </StopRequirements>
      <Mode>bus</Mode>
      <Description>Huggate - Pocklington</Description>
      <StandardService>
        <Origin>Huggate</Origin>
        <Destination>Pocklington</Destination>
        <JourneyPattern id="JPS_YEBO199-3">
          <Direction>inbound</Direction>
          <JourneyPatternSectionRefs>JPS_YEBO199-3</JourneyPatternSectionRefs>
        </JourneyPattern>
        <JourneyPattern id="JPS_YEBO199-4">
          <Direction>outbound</Direction>
          <JourneyPatternSectionRefs>JPS_YEBO199-4</JourneyPatternSectionRefs>
        </JourneyPattern>
      </StandardService>
    </Service>
  </Services>
  <VehicleJourneys>
    <VehicleJourney>
      <OperatorRef>EY</OperatorRef>
      <OperatingProfile>
        <RegularDayType>
          <DaysOfWeek>
            <Tuesday />
          </DaysOfWeek>
        </RegularDayType>
      </OperatingProfile>
      <VehicleJourneyCode>1554</VehicleJourneyCode>
      <ServiceRef>YEBO199</ServiceRef>
      <LineRef>0</LineRef>
      <JourneyPatternRef>JPS_YEBO199-3</JourneyPatternRef>
      <DepartureTime>11:25:00</DepartureTime>
    </VehicleJourney>
    <VehicleJourney>
      <OperatorRef>EY</OperatorRef>
      <OperatingProfile>
        <RegularDayType>
          <DaysOfWeek>
            <Tuesday />
          </DaysOfWeek>
        </RegularDayType>
      </OperatingProfile>
      <VehicleJourneyCode>1555</VehicleJourneyCode>
      <ServiceRef>YEBO199</ServiceRef>
      <LineRef>0</LineRef>
      <JourneyPatternRef>JPS_YEBO199-4</JourneyPatternRef>
      <DepartureTime>09:20:00</DepartureTime>
    </VehicleJourney>
  </VehicleJourneys>
</TransXChange>