<?xml version="1.0" encoding="utf-8"?>
<TransXChange xmlns:xsd="http://www.w3.org/2001/XMLSchema" xmlns:xsi="http://www.w3.org/2001/XMLSchema-instance" xsi:schemaLocation="http://www.transxchange.org.uk/ http://www.transxchange.org.uk/schema/2.1/TransXChange_general.xsd" CreationDateTime="2017-09-18T09:38:00-00:00" ModificationDateTime="2017-09-18T09:38:00-00:00" Modification="new" RevisionNumber="0" FileName="SVRYNAX089.xml" SchemaVersion="2.1" RegistrationDocument="false" xmlns="http://www.transxchange.org.uk/">
  <StopPoints>
    <AnnotatedStopPointRef>
      <StopPointRef>3200YNA90786</StopPointRef>
      <CommonName>White Rose Hotel</CommonName>
    </AnnotatedStopPointRef>
    <AnnotatedStopPointRef>
      <StopPointRef>3200YNA01644</StopPointRef>
      <CommonName>Fairview Flats</CommonName>
    </AnnotatedStopPointRef>
    <AnnotatedStopPointRef>
      <StopPointRef>3200YNA01632</StopPointRef>
      <CommonName>Scruton Lane End</CommonName>
    </AnnotatedStopPointRef>
    <AnnotatedStopPointRef>
      <StopPointRef>3200YNA90788</StopPointRef>
      <CommonName>Swaledale Arms</CommonName>
    </AnnotatedStopPointRef>
    <AnnotatedStopPointRef>
      <StopPointRef>3200YNA01628</StopPointRef>
      <CommonName>Cromwell Drive</CommonName>
    </AnnotatedStopPointRef>
    <AnnotatedStopPointRef>
      <StopPointRef>3200YNA01625</StopPointRef>
      <CommonName>Ainderby Steeple Green</CommonName>
    </AnnotatedStopPointRef>
    <AnnotatedStopPointRef>
      <StopPointRef>3200YNA90791</StopPointRef>
      <CommonName>Warlaby Crossroads</CommonName>
    </AnnotatedStopPointRef>
    <AnnotatedStopPointRef>
      <StopPointRef>3200YNA01623</StopPointRef>
      <CommonName>Yafforth Crossroads</CommonName>
    </AnnotatedStopPointRef>
    <AnnotatedStopPointRef>
      <StopPointRef>3200YNA01561</StopPointRef>
      <CommonName>Pennine View</CommonName>
    </AnnotatedStopPointRef>
    <AnnotatedStopPointRef>
      <StopPointRef>3200YNA01566</StopPointRef>
      <CommonName>Ainderby Road</CommonName>
    </AnnotatedStopPointRef>
    <AnnotatedStopPointRef>
      <StopPointRef>3200YNA90149</StopPointRef>
      <CommonName>Chantry Rd</CommonName>
    </AnnotatedStopPointRef>
    <AnnotatedStopPointRef>
      <StopPointRef>3200YNA90150</StopPointRef>
      <CommonName>Chantry Road</CommonName>
    </AnnotatedStopPointRef>
    <AnnotatedStopPointRef>
      <StopPointRef>3200YNA90144</StopPointRef>
      <CommonName>Northallerton Station</CommonName>
    </AnnotatedStopPointRef>
    <AnnotatedStopPointRef>
      <StopPointRef>3200YNA01578</StopPointRef>
      <CommonName>South Parade</CommonName>
    </AnnotatedStopPointRef>
    <AnnotatedStopPointRef>
      <StopPointRef>3200YNA90142</StopPointRef>
      <CommonName>Post Office</CommonName>
    </AnnotatedStopPointRef>
    <AnnotatedStopPointRef>
      <StopPointRef>3200YNA01581</StopPointRef>
      <CommonName>The Buck Inn</CommonName>
    </AnnotatedStopPointRef>
    <AnnotatedStopPointRef>
      <StopPointRef>3200YNE02042</StopPointRef>
      <CommonName>Friarage Hospital</CommonName>
    </AnnotatedStopPointRef>
    <AnnotatedStopPointRef>
      <StopPointRef>3200YNA90140</StopPointRef>
      <CommonName>Quaker Lane</CommonName>
    </AnnotatedStopPointRef>
    <AnnotatedStopPointRef>
      <StopPointRef>3200YNA90130</StopPointRef>
      <CommonName>Stone Cross</CommonName>
    </AnnotatedStopPointRef>
    <AnnotatedStopPointRef>
      <StopPointRef>3200YNA90128</StopPointRef>
      <CommonName>De Bruce Road</CommonName>
    </AnnotatedStopPointRef>
    <AnnotatedStopPointRef>
      <StopPointRef>3200YNA01606</StopPointRef>
      <CommonName>Northallerton Road</CommonName>
    </AnnotatedStopPointRef>
    <AnnotatedStopPointRef>
      <StopPointRef>3200YNA90125</StopPointRef>
      <CommonName>High Green</CommonName>
    </AnnotatedStopPointRef>
    <AnnotatedStopPointRef>
      <StopPointRef>3200YNA90132</StopPointRef>
      <CommonName>Water End</CommonName>
    </AnnotatedStopPointRef>
    <AnnotatedStopPointRef>
      <StopPointRef>3200YNA90134</StopPointRef>
      <CommonName>Water End</CommonName>
    </AnnotatedStopPointRef>
    <AnnotatedStopPointRef>
      <StopPointRef>3200YNA90135</StopPointRef>
      <CommonName>Foxton View</CommonName>
    </AnnotatedStopPointRef>
    <AnnotatedStopPointRef>
      <StopPointRef>3200YNA90139</StopPointRef>
      <CommonName>Clack Lane End</CommonName>
    </AnnotatedStopPointRef>
    <AnnotatedStopPointRef>
      <StopPointRef>3200YNA90137</StopPointRef>
      <CommonName>Osmotherley Green</CommonName>
    </AnnotatedStopPointRef>
    <AnnotatedStopPointRef>
      <StopPointRef>3200YNA90138</StopPointRef>
      <CommonName>Clack Lane End</CommonName>
    </AnnotatedStopPointRef>
    <AnnotatedStopPointRef>
      <StopPointRef>3200YNA90443</StopPointRef>
      <CommonName>Post Office</CommonName>
    </AnnotatedStopPointRef>
    <AnnotatedStopPointRef>
      <StopPointRef>3200YNA90446</StopPointRef>
      <CommonName>Blackhorse Lane</CommonName>
    </AnnotatedStopPointRef>
    <AnnotatedStopPointRef>
      <StopPointRef>3200YNA90447</StopPointRef>
      <CommonName>Sutton Arms</CommonName>
    </AnnotatedStopPointRef>
    <AnnotatedStopPointRef>
      <StopPointRef>3200YNA90449</StopPointRef>
      <CommonName>C of E Primary School</CommonName>
    </AnnotatedStopPointRef>
    <AnnotatedStopPointRef>
      <StopPointRef>3200YNA90461</StopPointRef>
      <CommonName>Main Street</CommonName>
    </AnnotatedStopPointRef>
    <AnnotatedStopPointRef>
      <StopPointRef>3200YNA90459</StopPointRef>
      <CommonName>Kirkby Village</CommonName>
    </AnnotatedStopPointRef>
    <AnnotatedStopPointRef>
      <StopPointRef>3200YNA90456</StopPointRef>
      <CommonName>C of E Aided School</CommonName>
    </AnnotatedStopPointRef>
    <AnnotatedStopPointRef>
      <StopPointRef>3200YNA90453</StopPointRef>
      <CommonName>The Green</CommonName>
    </AnnotatedStopPointRef>
    <AnnotatedStopPointRef>
      <StopPointRef>3200YNA90455</StopPointRef>
      <CommonName>Wainstones</CommonName>
    </AnnotatedStopPointRef>
    <AnnotatedStopPointRef>
      <StopPointRef>3200YNA90473</StopPointRef>
      <CommonName>Leven Bridge House</CommonName>
    </AnnotatedStopPointRef>
    <AnnotatedStopPointRef>
      <StopPointRef>3200YNA90413</StopPointRef>
      <CommonName>High Street</CommonName>
    </AnnotatedStopPointRef>
    <AnnotatedStopPointRef>
      <StopPointRef>3200YNA90415</StopPointRef>
      <CommonName>The Green</CommonName>
    </AnnotatedStopPointRef>
    <AnnotatedStopPointRef>
      <StopPointRef>3200YNA90416</StopPointRef>
      <CommonName>Allen Grove</CommonName>
    </AnnotatedStopPointRef>
    <AnnotatedStopPointRef>
      <StopPointRef>3200YNA90412</StopPointRef>
      <CommonName>Balliol Court</CommonName>
    </AnnotatedStopPointRef>
    <AnnotatedStopPointRef>
      <StopPointRef>3200YNA90472</StopPointRef>
      <CommonName>Leven Bridge House</CommonName>
    </AnnotatedStopPointRef>
    <AnnotatedStopPointRef>
      <StopPointRef>3200YNA90454</StopPointRef>
      <CommonName>Wainstones</CommonName>
    </AnnotatedStopPointRef>
    <AnnotatedStopPointRef>
      <StopPointRef>3200YNA90452</StopPointRef>
      <CommonName>The Green</CommonName>
    </AnnotatedStopPointRef>
    <AnnotatedStopPointRef>
      <StopPointRef>3200YNA90457</StopPointRef>
      <CommonName>C of E Aided School</CommonName>
    </AnnotatedStopPointRef>
    <AnnotatedStopPointRef>
      <StopPointRef>3200YNA90458</StopPointRef>
      <CommonName>Kirkby Village</CommonName>
    </AnnotatedStopPointRef>
    <AnnotatedStopPointRef>
      <StopPointRef>3200YNA90460</StopPointRef>
      <CommonName>Main Street</CommonName>
    </AnnotatedStopPointRef>
    <AnnotatedStopPointRef>
      <StopPointRef>3200YNA90450</StopPointRef>
      <CommonName>C of E Primary School</CommonName>
    </AnnotatedStopPointRef>
    <AnnotatedStopPointRef>
      <StopPointRef>3200YNA90448</StopPointRef>
      <CommonName>Sutton Arms</CommonName>
    </AnnotatedStopPointRef>
    <AnnotatedStopPointRef>
      <StopPointRef>3200YNA90445</StopPointRef>
      <CommonName>Blackhorse Lane</CommonName>
    </AnnotatedStopPointRef>
    <AnnotatedStopPointRef>
      <StopPointRef>3200YNA90444</StopPointRef>
      <CommonName>Post Office</CommonName>
    </AnnotatedStopPointRef>
    <AnnotatedStopPointRef>
      <StopPointRef>3200YNA90136</StopPointRef>
      <CommonName>Foxton View</CommonName>
    </AnnotatedStopPointRef>
    <AnnotatedStopPointRef>
      <StopPointRef>3200YNA90133</StopPointRef>
      <CommonName>Water End</CommonName>
    </AnnotatedStopPointRef>
    <AnnotatedStopPointRef>
      <StopPointRef>3200YNA90131</StopPointRef>
      <CommonName>Water End</CommonName>
    </AnnotatedStopPointRef>
    <AnnotatedStopPointRef>
      <StopPointRef>3200YNB00035</StopPointRef>
      <CommonName>Brompton Green</CommonName>
    </AnnotatedStopPointRef>
    <AnnotatedStopPointRef>
      <StopPointRef>3200YNA90126</StopPointRef>
      <CommonName>Hilton Close</CommonName>
    </AnnotatedStopPointRef>
    <AnnotatedStopPointRef>
      <StopPointRef>3200YNA90127</StopPointRef>
      <CommonName>De Bruce Road</CommonName>
    </AnnotatedStopPointRef>
    <AnnotatedStopPointRef>
      <StopPointRef>3200YNA90129</StopPointRef>
      <CommonName>Stone Cross</CommonName>
    </AnnotatedStopPointRef>
    <AnnotatedStopPointRef>
      <StopPointRef>3200YNB00057</StopPointRef>
      <CommonName>Friarage Gardens</CommonName>
    </AnnotatedStopPointRef>
    <AnnotatedStopPointRef>
      <StopPointRef>3200YNA90141</StopPointRef>
      <CommonName>Town Hall</CommonName>
    </AnnotatedStopPointRef>
    <AnnotatedStopPointRef>
      <StopPointRef>3200YNA01580</StopPointRef>
      <CommonName>Nags Head</CommonName>
    </AnnotatedStopPointRef>
    <AnnotatedStopPointRef>
      <StopPointRef>3200YNA90151</StopPointRef>
      <CommonName>Ainderby Road</CommonName>
    </AnnotatedStopPointRef>
    <AnnotatedStopPointRef>
      <StopPointRef>3200YNA96548</StopPointRef>
      <CommonName>Pennine View</CommonName>
    </AnnotatedStopPointRef>
    <AnnotatedStopPointRef>
      <StopPointRef>3200YNA01622</StopPointRef>
      <CommonName>Warlaby Crossroads</CommonName>
    </AnnotatedStopPointRef>
    <AnnotatedStopPointRef>
      <StopPointRef>3200YNA01624</StopPointRef>
      <CommonName>Hall Cottages</CommonName>
    </AnnotatedStopPointRef>
    <AnnotatedStopPointRef>
      <StopPointRef>3200YNA01626</StopPointRef>
      <CommonName>The Dales School</CommonName>
    </AnnotatedStopPointRef>
    <AnnotatedStopPointRef>
      <StopPointRef>3200YNA90790</StopPointRef>
      <CommonName>Cromwell Drive</CommonName>
    </AnnotatedStopPointRef>
    <AnnotatedStopPointRef>
      <StopPointRef>3200YNA90789</StopPointRef>
      <CommonName>Morton Grange</CommonName>
    </AnnotatedStopPointRef>
    <AnnotatedStopPointRef>
      <StopPointRef>3200YNA01631</StopPointRef>
      <CommonName>Scruton Lane End</CommonName>
    </AnnotatedStopPointRef>
    <AnnotatedStopPointRef>
      <StopPointRef>3200YNA01643</StopPointRef>
      <CommonName>Fairview Flats</CommonName>
    </AnnotatedStopPointRef>
  </StopPoints>
  <RouteSections>
    <RouteSection id="YNAX089_001">
      <RouteLink id="YNAX089_001_35206">
        <From>
          <StopPointRef>3200YNA90786</StopPointRef>
        </From>
        <To>
          <StopPointRef>3200YNA01644</StopPointRef>
        </To>
        <Direction>outbound</Direction>
      </RouteLink>
      <RouteLink id="YNAX089_001_35207">
        <From>
          <StopPointRef>3200YNA01644</StopPointRef>
        </From>
        <To>
          <StopPointRef>3200YNA01632</StopPointRef>
        </To>
        <Direction>outbound</Direction>
      </RouteLink>
      <RouteLink id="YNAX089_001_35208">
        <From>
          <StopPointRef>3200YNA01632</StopPointRef>
        </From>
        <To>
          <StopPointRef>3200YNA90788</StopPointRef>
        </To>
        <Direction>outbound</Direction>
      </RouteLink>
      <RouteLink id="YNAX089_001_35209">
        <From>
          <StopPointRef>3200YNA90788</StopPointRef>
        </From>
        <To>
          <StopPointRef>3200YNA01628</StopPointRef>
        </To>
        <Direction>outbound</Direction>
      </RouteLink>
      <RouteLink id="YNAX089_001_35210">
        <From>
          <StopPointRef>3200YNA01628</StopPointRef>
        </From>
        <To>
          <StopPointRef>3200YNA01625</StopPointRef>
        </To>
        <Direction>outbound</Direction>
      </RouteLink>
      <RouteLink id="YNAX089_001_35211">
        <From>
          <StopPointRef>3200YNA01625</StopPointRef>
        </From>
        <To>
          <StopPointRef>3200YNA90791</StopPointRef>
        </To>
        <Direction>outbound</Direction>
      </RouteLink>
      <RouteLink id="YNAX089_001_35212">
        <From>
          <StopPointRef>3200YNA90791</StopPointRef>
        </From>
        <To>
          <StopPointRef>3200YNA01623</StopPointRef>
        </To>
        <Direction>outbound</Direction>
      </RouteLink>
      <RouteLink id="YNAX089_001_35213">
        <From>
          <StopPointRef>3200YNA01623</StopPointRef>
        </From>
        <To>
          <StopPointRef>3200YNA01561</StopPointRef>
        </To>
        <Direction>outbound</Direction>
      </RouteLink>
      <RouteLink id="YNAX089_001_35214">
        <From>
          <StopPointRef>3200YNA01561</StopPointRef>
        </From>
        <To>
          <StopPointRef>3200YNA01566</StopPointRef>
        </To>
        <Direction>outbound</Direction>
      </RouteLink>
      <RouteLink id="YNAX089_001_35215">
        <From>
          <StopPointRef>3200YNA01566</StopPointRef>
        </From>
        <To>
          <StopPointRef>3200YNA90149</StopPointRef>
        </To>
        <Direction>outbound</Direction>
      </RouteLink>
      <RouteLink id="YNAX089_001_35216">
        <From>
          <StopPointRef>3200YNA90149</StopPointRef>
        </From>
        <To>
          <StopPointRef>3200YNA90150</StopPointRef>
        </To>
        <Direction>outbound</Direction>
      </RouteLink>
      <RouteLink id="YNAX089_001_35217">
        <From>
          <StopPointRef>3200YNA90150</StopPointRef>
        </From>
        <To>
          <StopPointRef>3200YNA90144</StopPointRef>
        </To>
        <Direction>outbound</Direction>
      </RouteLink>
      <RouteLink id="YNAX089_001_35218">
        <From>
          <StopPointRef>3200YNA90144</StopPointRef>
        </From>
        <To>
          <StopPointRef>3200YNA01578</StopPointRef>
        </To>
        <Direction>outbound</Direction>
      </RouteLink>
      <RouteLink id="YNAX089_001_35219">
        <From>
          <StopPointRef>3200YNA01578</StopPointRef>
        </From>
        <To>
          <StopPointRef>3200YNA90142</StopPointRef>
        </To>
        <Direction>outbound</Direction>
      </RouteLink>
      <RouteLink id="YNAX089_001_35220">
        <From>
          <StopPointRef>3200YNA90142</StopPointRef>
        </From>
        <To>
          <StopPointRef>3200YNA01581</StopPointRef>
        </To>
        <Direction>outbound</Direction>
      </RouteLink>
      <RouteLink id="YNAX089_001_35221">
        <From>
          <StopPointRef>3200YNA01581</StopPointRef>
        </From>
        <To>
          <StopPointRef>3200YNE02042</StopPointRef>
        </To>
        <Direction>outbound</Direction>
      </RouteLink>
      <RouteLink id="YNAX089_001_35222">
        <From>
          <StopPointRef>3200YNE02042</StopPointRef>
        </From>
        <To>
          <StopPointRef>3200YNA90140</StopPointRef>
        </To>
        <Direction>outbound</Direction>
      </RouteLink>
      <RouteLink id="YNAX089_001_35223">
        <From>
          <StopPointRef>3200YNA90140</StopPointRef>
        </From>
        <To>
          <StopPointRef>3200YNA90130</StopPointRef>
        </To>
        <Direction>outbound</Direction>
      </RouteLink>
      <RouteLink id="YNAX089_001_35224">
        <From>
          <StopPointRef>3200YNA90130</StopPointRef>
        </From>
        <To>
          <StopPointRef>3200YNA90128</StopPointRef>
        </To>
        <Direction>outbound</Direction>
      </RouteLink>
      <RouteLink id="YNAX089_001_35225">
        <From>
          <StopPointRef>3200YNA90128</StopPointRef>
        </From>
        <To>
          <StopPointRef>3200YNA01606</StopPointRef>
        </To>
        <Direction>outbound</Direction>
      </RouteLink>
      <RouteLink id="YNAX089_001_35226">
        <From>
          <StopPointRef>3200YNA01606</StopPointRef>
        </From>
        <To>
          <StopPointRef>3200YNA90125</StopPointRef>
        </To>
        <Direction>outbound</Direction>
      </RouteLink>
      <RouteLink id="YNAX089_001_35227">
        <From>
          <StopPointRef>3200YNA90125</StopPointRef>
        </From>
        <To>
          <StopPointRef>3200YNA90132</StopPointRef>
        </To>
        <Direction>outbound</Direction>
      </RouteLink>
      <RouteLink id="YNAX089_001_35228">
        <From>
          <StopPointRef>3200YNA90132</StopPointRef>
        </From>
        <To>
          <StopPointRef>3200YNA90134</StopPointRef>
        </To>
        <Direction>outbound</Direction>
      </RouteLink>
      <RouteLink id="YNAX089_001_35229">
        <From>
          <StopPointRef>3200YNA90134</StopPointRef>
        </From>
        <To>
          <StopPointRef>3200YNA90135</StopPointRef>
        </To>
        <Direction>outbound</Direction>
      </RouteLink>
      <RouteLink id="YNAX089_001_35230">
        <From>
          <StopPointRef>3200YNA90135</StopPointRef>
        </From>
        <To>
          <StopPointRef>3200YNA90139</StopPointRef>
        </To>
        <Direction>outbound</Direction>
      </RouteLink>
      <RouteLink id="YNAX089_001_35231">
        <From>
          <StopPointRef>3200YNA90139</StopPointRef>
        </From>
        <To>
          <StopPointRef>3200YNA90137</StopPointRef>
        </To>
        <Direction>outbound</Direction>
      </RouteLink>
      <RouteLink id="YNAX089_001_35232">
        <From>
          <StopPointRef>3200YNA90137</StopPointRef>
        </From>
        <To>
          <StopPointRef>3200YNA90138</StopPointRef>
        </To>
        <Direction>outbound</Direction>
      </RouteLink>
      <RouteLink id="YNAX089_001_35233">
        <From>
          <StopPointRef>3200YNA90138</StopPointRef>
        </From>
        <To>
          <StopPointRef>3200YNA90443</StopPointRef>
        </To>
        <Direction>outbound</Direction>
      </RouteLink>
      <RouteLink id="YNAX089_001_35234">
        <From>
          <StopPointRef>3200YNA90443</StopPointRef>
        </From>
        <To>
          <StopPointRef>3200YNA90446</StopPointRef>
        </To>
        <Direction>outbound</Direction>
      </RouteLink>
      <RouteLink id="YNAX089_001_35235">
        <From>
          <StopPointRef>3200YNA90446</StopPointRef>
        </From>
        <To>
          <StopPointRef>3200YNA90447</StopPointRef>
        </To>
        <Direction>outbound</Direction>
      </RouteLink>
      <RouteLink id="YNAX089_001_35236">
        <From>
          <StopPointRef>3200YNA90447</StopPointRef>
        </From>
        <To>
          <StopPointRef>3200YNA90449</StopPointRef>
        </To>
        <Direction>outbound</Direction>
      </RouteLink>
      <RouteLink id="YNAX089_001_35237">
        <From>
          <StopPointRef>3200YNA90449</StopPointRef>
        </From>
        <To>
          <StopPointRef>3200YNA90461</StopPointRef>
        </To>
        <Direction>outbound</Direction>
      </RouteLink>
      <RouteLink id="YNAX089_001_35238">
        <From>
          <StopPointRef>3200YNA90461</StopPointRef>
        </From>
        <To>
          <StopPointRef>3200YNA90459</StopPointRef>
        </To>
        <Direction>outbound</Direction>
      </RouteLink>
      <RouteLink id="YNAX089_001_35239">
        <From>
          <StopPointRef>3200YNA90459</StopPointRef>
        </From>
        <To>
          <StopPointRef>3200YNA90456</StopPointRef>
        </To>
        <Direction>outbound</Direction>
      </RouteLink>
      <RouteLink id="YNAX089_001_35240">
        <From>
          <StopPointRef>3200YNA90456</StopPointRef>
        </From>
        <To>
          <StopPointRef>3200YNA90453</StopPointRef>
        </To>
        <Direction>outbound</Direction>
      </RouteLink>
      <RouteLink id="YNAX089_001_35241">
        <From>
          <StopPointRef>3200YNA90453</StopPointRef>
        </From>
        <To>
          <StopPointRef>3200YNA90455</StopPointRef>
        </To>
        <Direction>outbound</Direction>
      </RouteLink>
      <RouteLink id="YNAX089_001_35242">
        <From>
          <StopPointRef>3200YNA90455</StopPointRef>
        </From>
        <To>
          <StopPointRef>3200YNA90473</StopPointRef>
        </To>
        <Direction>outbound</Direction>
      </RouteLink>
      <RouteLink id="YNAX089_001_35243">
        <From>
          <StopPointRef>3200YNA90473</StopPointRef>
        </From>
        <To>
          <StopPointRef>3200YNA90413</StopPointRef>
        </To>
        <Direction>outbound</Direction>
      </RouteLink>
    </RouteSection>
    <RouteSection id="YNAX089_002">
      <RouteLink id="YNAX089_002_35245">
        <From>
          <StopPointRef>3200YNA01581</StopPointRef>
        </From>
        <To>
          <StopPointRef>3200YNE02042</StopPointRef>
        </To>
        <Direction>outbound</Direction>
      </RouteLink>
      <RouteLink id="YNAX089_002_35246">
        <From>
          <StopPointRef>3200YNE02042</StopPointRef>
        </From>
        <To>
          <StopPointRef>3200YNA90140</StopPointRef>
        </To>
        <Direction>outbound</Direction>
      </RouteLink>
      <RouteLink id="YNAX089_002_35247">
        <From>
          <StopPointRef>3200YNA90140</StopPointRef>
        </From>
        <To>
          <StopPointRef>3200YNA90130</StopPointRef>
        </To>
        <Direction>outbound</Direction>
      </RouteLink>
      <RouteLink id="YNAX089_002_35248">
        <From>
          <StopPointRef>3200YNA90130</StopPointRef>
        </From>
        <To>
          <StopPointRef>3200YNA90128</StopPointRef>
        </To>
        <Direction>outbound</Direction>
      </RouteLink>
      <RouteLink id="YNAX089_002_35249">
        <From>
          <StopPointRef>3200YNA90128</StopPointRef>
        </From>
        <To>
          <StopPointRef>3200YNA01606</StopPointRef>
        </To>
        <Direction>outbound</Direction>
      </RouteLink>
      <RouteLink id="YNAX089_002_35250">
        <From>
          <StopPointRef>3200YNA01606</StopPointRef>
        </From>
        <To>
          <StopPointRef>3200YNA90125</StopPointRef>
        </To>
        <Direction>outbound</Direction>
      </RouteLink>
    </RouteSection>
    <RouteSection id="YNAX089_003">
      <RouteLink id="YNAX089_003_35252">
        <From>
          <StopPointRef>3200YNA90413</StopPointRef>
        </From>
        <To>
          <StopPointRef>3200YNA90415</StopPointRef>
        </To>
        <Direction>inbound</Direction>
      </RouteLink>
      <RouteLink id="YNAX089_003_35253">
        <From>
          <StopPointRef>3200YNA90415</StopPointRef>
        </From>
        <To>
          <StopPointRef>3200YNA90416</StopPointRef>
        </To>
        <Direction>inbound</Direction>
      </RouteLink>
      <RouteLink id="YNAX089_003_35254">
        <From>
          <StopPointRef>3200YNA90416</StopPointRef>
        </From>
        <To>
          <StopPointRef>3200YNA90412</StopPointRef>
        </To>
        <Direction>inbound</Direction>
      </RouteLink>
      <RouteLink id="YNAX089_003_35255">
        <From>
          <StopPointRef>3200YNA90412</StopPointRef>
        </From>
        <To>
          <StopPointRef>3200YNA90472</StopPointRef>
        </To>
        <Direction>inbound</Direction>
      </RouteLink>
      <RouteLink id="YNAX089_003_35256">
        <From>
          <StopPointRef>3200YNA90472</StopPointRef>
        </From>
        <To>
          <StopPointRef>3200YNA90454</StopPointRef>
        </To>
        <Direction>inbound</Direction>
      </RouteLink>
      <RouteLink id="YNAX089_003_35257">
        <From>
          <StopPointRef>3200YNA90454</StopPointRef>
        </From>
        <To>
          <StopPointRef>3200YNA90452</StopPointRef>
        </To>
        <Direction>inbound</Direction>
      </RouteLink>
      <RouteLink id="YNAX089_003_35258">
        <From>
          <StopPointRef>3200YNA90452</StopPointRef>
        </From>
        <To>
          <StopPointRef>3200YNA90457</StopPointRef>
        </To>
        <Direction>inbound</Direction>
      </RouteLink>
      <RouteLink id="YNAX089_003_35259">
        <From>
          <StopPointRef>3200YNA90457</StopPointRef>
        </From>
        <To>
          <StopPointRef>3200YNA90458</StopPointRef>
        </To>
        <Direction>inbound</Direction>
      </RouteLink>
      <RouteLink id="YNAX089_003_35260">
        <From>
          <StopPointRef>3200YNA90458</StopPointRef>
        </From>
        <To>
          <StopPointRef>3200YNA90460</StopPointRef>
        </To>
        <Direction>inbound</Direction>
      </RouteLink>
      <RouteLink id="YNAX089_003_35261">
        <From>
          <StopPointRef>3200YNA90460</StopPointRef>
        </From>
        <To>
          <StopPointRef>3200YNA90450</StopPointRef>
        </To>
        <Direction>inbound</Direction>
      </RouteLink>
      <RouteLink id="YNAX089_003_35262">
        <From>
          <StopPointRef>3200YNA90450</StopPointRef>
        </From>
        <To>
          <StopPointRef>3200YNA90448</StopPointRef>
        </To>
        <Direction>inbound</Direction>
      </RouteLink>
      <RouteLink id="YNAX089_003_35263">
        <From>
          <StopPointRef>3200YNA90448</StopPointRef>
        </From>
        <To>
          <StopPointRef>3200YNA90445</StopPointRef>
        </To>
        <Direction>inbound</Direction>
      </RouteLink>
      <RouteLink id="YNAX089_003_35264">
        <From>
          <StopPointRef>3200YNA90445</StopPointRef>
        </From>
        <To>
          <StopPointRef>3200YNA90444</StopPointRef>
        </To>
        <Direction>inbound</Direction>
      </RouteLink>
      <RouteLink id="YNAX089_003_35265">
        <From>
          <StopPointRef>3200YNA90444</StopPointRef>
        </From>
        <To>
          <StopPointRef>3200YNA90139</StopPointRef>
        </To>
        <Direction>inbound</Direction>
      </RouteLink>
      <RouteLink id="YNAX089_003_35266">
        <From>
          <StopPointRef>3200YNA90139</StopPointRef>
        </From>
        <To>
          <StopPointRef>3200YNA90137</StopPointRef>
        </To>
        <Direction>inbound</Direction>
      </RouteLink>
      <RouteLink id="YNAX089_003_35267">
        <From>
          <StopPointRef>3200YNA90137</StopPointRef>
        </From>
        <To>
          <StopPointRef>3200YNA90138</StopPointRef>
        </To>
        <Direction>inbound</Direction>
      </RouteLink>
      <RouteLink id="YNAX089_003_35268">
        <From>
          <StopPointRef>3200YNA90138</StopPointRef>
        </From>
        <To>
          <StopPointRef>3200YNA90136</StopPointRef>
        </To>
        <Direction>inbound</Direction>
      </RouteLink>
      <RouteLink id="YNAX089_003_35269">
        <From>
          <StopPointRef>3200YNA90136</StopPointRef>
        </From>
        <To>
          <StopPointRef>3200YNA90133</StopPointRef>
        </To>
        <Direction>inbound</Direction>
      </RouteLink>
      <RouteLink id="YNAX089_003_35270">
        <From>
          <StopPointRef>3200YNA90133</StopPointRef>
        </From>
        <To>
          <StopPointRef>3200YNA90131</StopPointRef>
        </To>
        <Direction>inbound</Direction>
      </RouteLink>
      <RouteLink id="YNAX089_003_35271">
        <From>
          <StopPointRef>3200YNA90131</StopPointRef>
        </From>
        <To>
          <StopPointRef>3200YNB00035</StopPointRef>
        </To>
        <Direction>inbound</Direction>
      </RouteLink>
      <RouteLink id="YNAX089_003_35272">
        <From>
          <StopPointRef>3200YNB00035</StopPointRef>
        </From>
        <To>
          <StopPointRef>3200YNA90126</StopPointRef>
        </To>
        <Direction>inbound</Direction>
      </RouteLink>
      <RouteLink id="YNAX089_003_35273">
        <From>
          <StopPointRef>3200YNA90126</StopPointRef>
        </From>
        <To>
          <StopPointRef>3200YNA90127</StopPointRef>
        </To>
        <Direction>inbound</Direction>
      </RouteLink>
      <RouteLink id="YNAX089_003_35274">
        <From>
          <StopPointRef>3200YNA90127</StopPointRef>
        </From>
        <To>
          <StopPointRef>3200YNA90129</StopPointRef>
        </To>
        <Direction>inbound</Direction>
      </RouteLink>
      <RouteLink id="YNAX089_003_35275">
        <From>
          <StopPointRef>3200YNA90129</StopPointRef>
        </From>
        <To>
          <StopPointRef>3200YNB00057</StopPointRef>
        </To>
        <Direction>inbound</Direction>
      </RouteLink>
      <RouteLink id="YNAX089_003_35276">
        <From>
          <StopPointRef>3200YNB00057</StopPointRef>
        </From>
        <To>
          <StopPointRef>3200YNE02042</StopPointRef>
        </To>
        <Direction>inbound</Direction>
      </RouteLink>
      <RouteLink id="YNAX089_003_35277">
        <From>
          <StopPointRef>3200YNE02042</StopPointRef>
        </From>
        <To>
          <StopPointRef>3200YNA01581</StopPointRef>
        </To>
        <Direction>inbound</Direction>
      </RouteLink>
      <RouteLink id="YNAX089_003_35278">
        <From>
          <StopPointRef>3200YNA01581</StopPointRef>
        </From>
        <To>
          <StopPointRef>3200YNA90141</StopPointRef>
        </To>
        <Direction>inbound</Direction>
      </RouteLink>
      <RouteLink id="YNAX089_003_35279">
        <From>
          <StopPointRef>3200YNA90141</StopPointRef>
        </From>
        <To>
          <StopPointRef>3200YNA01580</StopPointRef>
        </To>
        <Direction>inbound</Direction>
      </RouteLink>
    </RouteSection>
    <RouteSection id="YNAX089_004">
      <RouteLink id="YNAX089_004_35281">
        <From>
          <StopPointRef>3200YNB00035</StopPointRef>
        </From>
        <To>
          <StopPointRef>3200YNA90126</StopPointRef>
        </To>
        <Direction>inbound</Direction>
      </RouteLink>
      <RouteLink id="YNAX089_004_35282">
        <From>
          <StopPointRef>3200YNA90126</StopPointRef>
        </From>
        <To>
          <StopPointRef>3200YNA90127</StopPointRef>
        </To>
        <Direction>inbound</Direction>
      </RouteLink>
      <RouteLink id="YNAX089_004_35283">
        <From>
          <StopPointRef>3200YNA90127</StopPointRef>
        </From>
        <To>
          <StopPointRef>3200YNA90129</StopPointRef>
        </To>
        <Direction>inbound</Direction>
      </RouteLink>
      <RouteLink id="YNAX089_004_35284">
        <From>
          <StopPointRef>3200YNA90129</StopPointRef>
        </From>
        <To>
          <StopPointRef>3200YNB00057</StopPointRef>
        </To>
        <Direction>inbound</Direction>
      </RouteLink>
      <RouteLink id="YNAX089_004_35285">
        <From>
          <StopPointRef>3200YNB00057</StopPointRef>
        </From>
        <To>
          <StopPointRef>3200YNA01580</StopPointRef>
        </To>
        <Direction>inbound</Direction>
      </RouteLink>
      <RouteLink id="YNAX089_004_35286">
        <From>
          <StopPointRef>3200YNA01580</StopPointRef>
        </From>
        <To>
          <StopPointRef>3200YNA90151</StopPointRef>
        </To>
        <Direction>inbound</Direction>
      </RouteLink>
      <RouteLink id="YNAX089_004_35287">
        <From>
          <StopPointRef>3200YNA90151</StopPointRef>
        </From>
        <To>
          <StopPointRef>3200YNA96548</StopPointRef>
        </To>
        <Direction>inbound</Direction>
      </RouteLink>
      <RouteLink id="YNAX089_004_35288">
        <From>
          <StopPointRef>3200YNA96548</StopPointRef>
        </From>
        <To>
          <StopPointRef>3200YNA01622</StopPointRef>
        </To>
        <Direction>inbound</Direction>
      </RouteLink>
      <RouteLink id="YNAX089_004_35289">
        <From>
          <StopPointRef>3200YNA01622</StopPointRef>
        </From>
        <To>
          <StopPointRef>3200YNA01624</StopPointRef>
        </To>
        <Direction>inbound</Direction>
      </RouteLink>
      <RouteLink id="YNAX089_004_35290">
        <From>
          <StopPointRef>3200YNA01624</StopPointRef>
        </From>
        <To>
          <StopPointRef>3200YNA01626</StopPointRef>
        </To>
        <Direction>inbound</Direction>
      </RouteLink>
      <RouteLink id="YNAX089_004_35291">
        <From>
          <StopPointRef>3200YNA01626</StopPointRef>
        </From>
        <To>
          <StopPointRef>3200YNA90790</StopPointRef>
        </To>
        <Direction>inbound</Direction>
      </RouteLink>
      <RouteLink id="YNAX089_004_35292">
        <From>
          <StopPointRef>3200YNA90790</StopPointRef>
        </From>
        <To>
          <StopPointRef>3200YNA90789</StopPointRef>
        </To>
        <Direction>inbound</Direction>
      </RouteLink>
      <RouteLink id="YNAX089_004_35293">
        <From>
          <StopPointRef>3200YNA90789</StopPointRef>
        </From>
        <To>
          <StopPointRef>3200YNA01631</StopPointRef>
        </To>
        <Direction>inbound</Direction>
      </RouteLink>
      <RouteLink id="YNAX089_004_35294">
        <From>
          <StopPointRef>3200YNA01631</StopPointRef>
        </From>
        <To>
          <StopPointRef>3200YNA01643</StopPointRef>
        </To>
        <Direction>inbound</Direction>
      </RouteLink>
    </RouteSection>
  </RouteSections>
  <Routes>
    <Route id="YNAX089_001">
      <Description>Leeming - Stokesley
</Description>
      <RouteSectionRef>YNAX089_001</RouteSectionRef>
    </Route>
    <Route id="YNAX089_002">
      <Description>Leeming - Stokesley
</Description>
      <RouteSectionRef>YNAX089_002</RouteSectionRef>
    </Route>
    <Route id="YNAX089_003">
      <Description>Stokesley - Romanby
</Description>
      <RouteSectionRef>YNAX089_003</RouteSectionRef>
    </Route>
    <Route id="YNAX089_004">
      <Description>Stokesley - Romanby
</Description>
      <RouteSectionRef>YNAX089_004</RouteSectionRef>
    </Route>
  </Routes>
  <JourneyPatternSections>
    <JourneyPatternSection id="JPS_YNAX089-5">
      <JourneyPatternTimingLink id="JPS_YNAX089-5_35206">
        <From>
          <StopPointRef>3200YNA90786</StopPointRef>
          <TimingStatus>PTP</TimingStatus>
        </From>
        <To>
          <StopPointRef>3200YNA01644</StopPointRef>
          <TimingStatus>OTH</TimingStatus>
        </To>
        <RouteLinkRef>YNAX089_001_35206</RouteLinkRef>
        <Direction>outbound</Direction>
        <RunTime>PT0S</RunTime>
      </JourneyPatternTimingLink>
      <JourneyPatternTimingLink id="JPS_YNAX089-5_35207">
        <From>
          <StopPointRef>3200YNA01644</StopPointRef>
          <TimingStatus>OTH</TimingStatus>
        </From>
        <To>
          <StopPointRef>3200YNA01632</StopPointRef>
          <TimingStatus>OTH</TimingStatus>
        </To>
        <RouteLinkRef>YNAX089_001_35207</RouteLinkRef>
        <Direction>outbound</Direction>
        <RunTime>PT180S</RunTime>
      </JourneyPatternTimingLink>
      <JourneyPatternTimingLink id="JPS_YNAX089-5_35208">
        <From>
          <StopPointRef>3200YNA01632</StopPointRef>
          <TimingStatus>OTH</TimingStatus>
        </From>
        <To>
          <StopPointRef>3200YNA90788</StopPointRef>
          <TimingStatus>PTP</TimingStatus>
        </To>
        <RouteLinkRef>YNAX089_001_35208</RouteLinkRef>
        <Direction>outbound</Direction>
        <RunTime>PT120S</RunTime>
      </JourneyPatternTimingLink>
      <JourneyPatternTimingLink id="JPS_YNAX089-5_35209">
        <From>
          <StopPointRef>3200YNA90788</StopPointRef>
          <TimingStatus>PTP</TimingStatus>
        </From>
        <To>
          <StopPointRef>3200YNA01628</StopPointRef>
          <TimingStatus>OTH</TimingStatus>
        </To>
        <RouteLinkRef>YNAX089_001_35209</RouteLinkRef>
        <Direction>outbound</Direction>
        <RunTime>PT0S</RunTime>
      </JourneyPatternTimingLink>
      <JourneyPatternTimingLink id="JPS_YNAX089-5_35210">
        <From>
          <StopPointRef>3200YNA01628</StopPointRef>
          <TimingStatus>OTH</TimingStatus>
        </From>
        <To>
          <StopPointRef>3200YNA01625</StopPointRef>
          <TimingStatus>PTP</TimingStatus>
        </To>
        <RouteLinkRef>YNAX089_001_35210</RouteLinkRef>
        <Direction>outbound</Direction>
        <RunTime>PT60S</RunTime>
      </JourneyPatternTimingLink>
      <JourneyPatternTimingLink id="JPS_YNAX089-5_35211">
        <From>
          <StopPointRef>3200YNA01625</StopPointRef>
          <TimingStatus>PTP</TimingStatus>
        </From>
        <To>
          <StopPointRef>3200YNA90791</StopPointRef>
          <TimingStatus>OTH</TimingStatus>
        </To>
        <RouteLinkRef>YNAX089_001_35211</RouteLinkRef>
        <Direction>outbound</Direction>
        <RunTime>PT180S</RunTime>
      </JourneyPatternTimingLink>
      <JourneyPatternTimingLink id="JPS_YNAX089-5_35212">
        <From>
          <StopPointRef>3200YNA90791</StopPointRef>
          <TimingStatus>OTH</TimingStatus>
        </From>
        <To>
          <StopPointRef>3200YNA01623</StopPointRef>
          <TimingStatus>OTH</TimingStatus>
        </To>
        <RouteLinkRef>YNAX089_001_35212</RouteLinkRef>
        <Direction>outbound</Direction>
        <RunTime>PT0S</RunTime>
      </JourneyPatternTimingLink>
      <JourneyPatternTimingLink id="JPS_YNAX089-5_35213">
        <From>
          <StopPointRef>3200YNA01623</StopPointRef>
          <TimingStatus>OTH</TimingStatus>
        </From>
        <To>
          <StopPointRef>3200YNA01561</StopPointRef>
          <TimingStatus>OTH</TimingStatus>
        </To>
        <RouteLinkRef>YNAX089_001_35213</RouteLinkRef>
        <Direction>outbound</Direction>
        <RunTime>PT120S</RunTime>
      </JourneyPatternTimingLink>
      <JourneyPatternTimingLink id="JPS_YNAX089-5_35214">
        <From>
          <StopPointRef>3200YNA01561</StopPointRef>
          <TimingStatus>OTH</TimingStatus>
        </From>
        <To>
          <StopPointRef>3200YNA01566</StopPointRef>
          <TimingStatus>OTH</TimingStatus>
        </To>
        <RouteLinkRef>YNAX089_001_35214</RouteLinkRef>
        <Direction>outbound</Direction>
        <RunTime>PT60S</RunTime>
      </JourneyPatternTimingLink>
      <JourneyPatternTimingLink id="JPS_YNAX089-5_35215">
        <From>
          <StopPointRef>3200YNA01566</StopPointRef>
          <TimingStatus>OTH</TimingStatus>
        </From>
        <To>
          <StopPointRef>3200YNA90149</StopPointRef>
          <TimingStatus>PTP</TimingStatus>
        </To>
        <RouteLinkRef>YNAX089_001_35215</RouteLinkRef>
        <Direction>outbound</Direction>
        <RunTime>PT120S</RunTime>
      </JourneyPatternTimingLink>
      <JourneyPatternTimingLink id="JPS_YNAX089-5_35216">
        <From>
          <StopPointRef>3200YNA90149</StopPointRef>
          <TimingStatus>PTP</TimingStatus>
        </From>
        <To>
          <StopPointRef>3200YNA90150</StopPointRef>
          <TimingStatus>PTP</TimingStatus>
        </To>
        <RouteLinkRef>YNAX089_001_35216</RouteLinkRef>
        <Direction>outbound</Direction>
        <RunTime>PT60S</RunTime>
      </JourneyPatternTimingLink>
      <JourneyPatternTimingLink id="JPS_YNAX089-5_35217">
        <From>
          <StopPointRef>3200YNA90150</StopPointRef>
          <TimingStatus>PTP</TimingStatus>
        </From>
        <To>
          <StopPointRef>3200YNA90144</StopPointRef>
          <TimingStatus>PTP</TimingStatus>
        </To>
        <RouteLinkRef>YNAX089_001_35217</RouteLinkRef>
        <Direction>outbound</Direction>
        <RunTime>PT180S</RunTime>
      </JourneyPatternTimingLink>
      <JourneyPatternTimingLink id="JPS_YNAX089-5_35218">
        <From>
          <StopPointRef>3200YNA90144</StopPointRef>
          <TimingStatus>PTP</TimingStatus>
        </From>
        <To>
          <StopPointRef>3200YNA01578</StopPointRef>
          <TimingStatus>OTH</TimingStatus>
        </To>
        <RouteLinkRef>YNAX089_001_35218</RouteLinkRef>
        <Direction>outbound</Direction>
        <RunTime>PT0S</RunTime>
      </JourneyPatternTimingLink>
      <JourneyPatternTimingLink id="JPS_YNAX089-5_35219">
        <From>
          <StopPointRef>3200YNA01578</StopPointRef>
          <TimingStatus>OTH</TimingStatus>
        </From>
        <To>
          <StopPointRef>3200YNA90142</StopPointRef>
          <TimingStatus>OTH</TimingStatus>
        </To>
        <RouteLinkRef>YNAX089_001_35219</RouteLinkRef>
        <Direction>outbound</Direction>
        <RunTime>PT120S</RunTime>
      </JourneyPatternTimingLink>
      <JourneyPatternTimingLink id="JPS_YNAX089-5_35220">
        <From>
          <StopPointRef>3200YNA90142</StopPointRef>
          <TimingStatus>OTH</TimingStatus>
        </From>
        <To>
          <StopPointRef>3200YNA01581</StopPointRef>
          <TimingStatus>PTP</TimingStatus>
        </To>
        <RouteLinkRef>YNAX089_001_35220</RouteLinkRef>
        <Direction>outbound</Direction>
        <RunTime>PT120S</RunTime>
      </JourneyPatternTimingLink>
      <JourneyPatternTimingLink id="JPS_YNAX089-5_35221">
        <From>
          <StopPointRef>3200YNA01581</StopPointRef>
          <TimingStatus>PTP</TimingStatus>
        </From>
        <To>
          <StopPointRef>3200YNE02042</StopPointRef>
          <TimingStatus>PTP</TimingStatus>
        </To>
        <RouteLinkRef>YNAX089_001_35221</RouteLinkRef>
        <Direction>outbound</Direction>
        <RunTime>PT120S</RunTime>
      </JourneyPatternTimingLink>
      <JourneyPatternTimingLink id="JPS_YNAX089-5_35222">
        <From>
          <StopPointRef>3200YNE02042</StopPointRef>
          <TimingStatus>PTP</TimingStatus>
        </From>
        <To>
          <StopPointRef>3200YNA90140</StopPointRef>
          <TimingStatus>OTH</TimingStatus>
        </To>
        <RouteLinkRef>YNAX089_001_35222</RouteLinkRef>
        <Direction>outbound</Direction>
        <RunTime>PT0S</RunTime>
      </JourneyPatternTimingLink>
      <JourneyPatternTimingLink id="JPS_YNAX089-5_35223">
        <From>
          <StopPointRef>3200YNA90140</StopPointRef>
          <TimingStatus>OTH</TimingStatus>
        </From>
        <To>
          <StopPointRef>3200YNA90130</StopPointRef>
          <TimingStatus>OTH</TimingStatus>
        </To>
        <RouteLinkRef>YNAX089_001_35223</RouteLinkRef>
        <Direction>outbound</Direction>
        <RunTime>PT120S</RunTime>
      </JourneyPatternTimingLink>
      <JourneyPatternTimingLink id="JPS_YNAX089-5_35224">
        <From>
          <StopPointRef>3200YNA90130</StopPointRef>
          <TimingStatus>OTH</TimingStatus>
        </From>
        <To>
          <StopPointRef>3200YNA90128</StopPointRef>
          <TimingStatus>OTH</TimingStatus>
        </To>
        <RouteLinkRef>YNAX089_001_35224</RouteLinkRef>
        <Direction>outbound</Direction>
        <RunTime>PT120S</RunTime>
      </JourneyPatternTimingLink>
      <JourneyPatternTimingLink id="JPS_YNAX089-5_35225">
        <From>
          <StopPointRef>3200YNA90128</StopPointRef>
          <TimingStatus>OTH</TimingStatus>
        </From>
        <To>
          <StopPointRef>3200YNA01606</StopPointRef>
          <TimingStatus>OTH</TimingStatus>
        </To>
        <RouteLinkRef>YNAX089_001_35225</RouteLinkRef>
        <Direction>outbound</Direction>
        <RunTime>PT60S</RunTime>
      </JourneyPatternTimingLink>
      <JourneyPatternTimingLink id="JPS_YNAX089-5_35226">
        <From>
          <StopPointRef>3200YNA01606</StopPointRef>
          <TimingStatus>OTH</TimingStatus>
        </From>
        <To>
          <StopPointRef>3200YNA90125</StopPointRef>
          <TimingStatus>PTP</TimingStatus>
        </To>
        <RouteLinkRef>YNAX089_001_35226</RouteLinkRef>
        <Direction>outbound</Direction>
        <RunTime>PT120S</RunTime>
      </JourneyPatternTimingLink>
      <JourneyPatternTimingLink id="JPS_YNAX089-5_35227">
        <From>
          <StopPointRef>3200YNA90125</StopPointRef>
          <TimingStatus>PTP</TimingStatus>
        </From>
        <To>
          <StopPointRef>3200YNA90132</StopPointRef>
          <TimingStatus>OTH</TimingStatus>
        </To>
        <RouteLinkRef>YNAX089_001_35227</RouteLinkRef>
        <Direction>outbound</Direction>
        <RunTime>PT0S</RunTime>
      </JourneyPatternTimingLink>
      <JourneyPatternTimingLink id="JPS_YNAX089-5_35228">
        <From>
          <StopPointRef>3200YNA90132</StopPointRef>
          <TimingStatus>OTH</TimingStatus>
        </From>
        <To>
          <StopPointRef>3200YNA90134</StopPointRef>
          <TimingStatus>OTH</TimingStatus>
        </To>
        <RouteLinkRef>YNAX089_001_35228</RouteLinkRef>
        <Direction>outbound</Direction>
        <RunTime>PT0S</RunTime>
      </JourneyPatternTimingLink>
      <JourneyPatternTimingLink id="JPS_YNAX089-5_35229">
        <From>
          <StopPointRef>3200YNA90134</StopPointRef>
          <TimingStatus>OTH</TimingStatus>
        </From>
        <To>
          <StopPointRef>3200YNA90135</StopPointRef>
          <TimingStatus>PTP</TimingStatus>
        </To>
        <RouteLinkRef>YNAX089_001_35229</RouteLinkRef>
        <Direction>outbound</Direction>
        <RunTime>PT300S</RunTime>
      </JourneyPatternTimingLink>
      <JourneyPatternTimingLink id="JPS_YNAX089-5_35230">
        <From>
          <StopPointRef>3200YNA90135</StopPointRef>
          <TimingStatus>PTP</TimingStatus>
        </From>
        <To>
          <StopPointRef>3200YNA90139</StopPointRef>
          <TimingStatus>OTH</TimingStatus>
        </To>
        <RouteLinkRef>YNAX089_001_35230</RouteLinkRef>
        <Direction>outbound</Direction>
        <RunTime>PT120S</RunTime>
      </JourneyPatternTimingLink>
      <JourneyPatternTimingLink id="JPS_YNAX089-5_35231">
        <From>
          <StopPointRef>3200YNA90139</StopPointRef>
          <TimingStatus>OTH</TimingStatus>
        </From>
        <To>
          <StopPointRef>3200YNA90137</StopPointRef>
          <TimingStatus>PTP</TimingStatus>
        </To>
        <RouteLinkRef>YNAX089_001_35231</RouteLinkRef>
        <Direction>outbound</Direction>
        <RunTime>PT240S</RunTime>
      </JourneyPatternTimingLink>
      <JourneyPatternTimingLink id="JPS_YNAX089-5_35232">
        <From>
          <StopPointRef>3200YNA90137</StopPointRef>
          <TimingStatus>PTP</TimingStatus>
        </From>
        <To>
          <StopPointRef>3200YNA90138</StopPointRef>
          <TimingStatus>OTH</TimingStatus>
        </To>
        <RouteLinkRef>YNAX089_001_35232</RouteLinkRef>
        <Direction>outbound</Direction>
        <RunTime>PT60S</RunTime>
      </JourneyPatternTimingLink>
      <JourneyPatternTimingLink id="JPS_YNAX089-5_35233">
        <From>
          <StopPointRef>3200YNA90138</StopPointRef>
          <TimingStatus>OTH</TimingStatus>
        </From>
        <To>
          <StopPointRef>3200YNA90443</StopPointRef>
          <TimingStatus>PTP</TimingStatus>
        </To>
        <RouteLinkRef>YNAX089_001_35233</RouteLinkRef>
        <Direction>outbound</Direction>
        <RunTime>PT360S</RunTime>
      </JourneyPatternTimingLink>
      <JourneyPatternTimingLink id="JPS_YNAX089-5_35234">
        <From>
          <StopPointRef>3200YNA90443</StopPointRef>
          <TimingStatus>PTP</TimingStatus>
        </From>
        <To>
          <StopPointRef>3200YNA90446</StopPointRef>
          <TimingStatus>PTP</TimingStatus>
        </To>
        <RouteLinkRef>YNAX089_001_35234</RouteLinkRef>
        <Direction>outbound</Direction>
        <RunTime>PT300S</RunTime>
      </JourneyPatternTimingLink>
      <JourneyPatternTimingLink id="JPS_YNAX089-5_35235">
        <From>
          <StopPointRef>3200YNA90446</StopPointRef>
          <TimingStatus>PTP</TimingStatus>
        </From>
        <To>
          <StopPointRef>3200YNA90447</StopPointRef>
          <TimingStatus>PTP</TimingStatus>
        </To>
        <RouteLinkRef>YNAX089_001_35235</RouteLinkRef>
        <Direction>outbound</Direction>
        <RunTime>PT240S</RunTime>
      </JourneyPatternTimingLink>
      <JourneyPatternTimingLink id="JPS_YNAX089-5_35236">
        <From>
          <StopPointRef>3200YNA90447</StopPointRef>
          <TimingStatus>PTP</TimingStatus>
        </From>
        <To>
          <StopPointRef>3200YNA90449</StopPointRef>
          <TimingStatus>PTP</TimingStatus>
        </To>
        <RouteLinkRef>YNAX089_001_35236</RouteLinkRef>
        <Direction>outbound</Direction>
        <RunTime>PT240S</RunTime>
      </JourneyPatternTimingLink>
      <JourneyPatternTimingLink id="JPS_YNAX089-5_35237">
        <From>
          <StopPointRef>3200YNA90449</StopPointRef>
          <TimingStatus>PTP</TimingStatus>
        </From>
        <To>
          <StopPointRef>3200YNA90461</StopPointRef>
          <TimingStatus>PTP</TimingStatus>
        </To>
        <RouteLinkRef>YNAX089_001_35237</RouteLinkRef>
        <Direction>outbound</Direction>
        <RunTime>PT240S</RunTime>
      </JourneyPatternTimingLink>
      <JourneyPatternTimingLink id="JPS_YNAX089-5_35238">
        <From>
          <StopPointRef>3200YNA90461</StopPointRef>
          <TimingStatus>PTP</TimingStatus>
        </From>
        <To>
          <StopPointRef>3200YNA90459</StopPointRef>
          <TimingStatus>PTP</TimingStatus>
        </To>
        <RouteLinkRef>YNAX089_001_35238</RouteLinkRef>
        <Direction>outbound</Direction>
        <RunTime>PT240S</RunTime>
      </JourneyPatternTimingLink>
      <JourneyPatternTimingLink id="JPS_YNAX089-5_35239">
        <From>
          <StopPointRef>3200YNA90459</StopPointRef>
          <TimingStatus>PTP</TimingStatus>
        </From>
        <To>
          <StopPointRef>3200YNA90456</StopPointRef>
          <TimingStatus>OTH</TimingStatus>
        </To>
        <RouteLinkRef>YNAX089_001_35239</RouteLinkRef>
        <Direction>outbound</Direction>
        <RunTime>PT60S</RunTime>
      </JourneyPatternTimingLink>
      <JourneyPatternTimingLink id="JPS_YNAX089-5_35240">
        <From>
          <StopPointRef>3200YNA90456</StopPointRef>
          <TimingStatus>OTH</TimingStatus>
        </From>
        <To>
          <StopPointRef>3200YNA90453</StopPointRef>
          <TimingStatus>OTH</TimingStatus>
        </To>
        <RouteLinkRef>YNAX089_001_35240</RouteLinkRef>
        <Direction>outbound</Direction>
        <RunTime>PT60S</RunTime>
      </JourneyPatternTimingLink>
      <JourneyPatternTimingLink id="JPS_YNAX089-5_35241">
        <From>
          <StopPointRef>3200YNA90453</StopPointRef>
          <TimingStatus>OTH</TimingStatus>
        </From>
        <To>
          <StopPointRef>3200YNA90455</StopPointRef>
          <TimingStatus>PTP</TimingStatus>
        </To>
        <RouteLinkRef>YNAX089_001_35241</RouteLinkRef>
        <Direction>outbound</Direction>
        <RunTime>PT60S</RunTime>
      </JourneyPatternTimingLink>
      <JourneyPatternTimingLink id="JPS_YNAX089-5_35242">
        <From>
          <StopPointRef>3200YNA90455</StopPointRef>
          <TimingStatus>PTP</TimingStatus>
        </From>
        <To>
          <StopPointRef>3200YNA90473</StopPointRef>
          <TimingStatus>OTH</TimingStatus>
        </To>
        <RouteLinkRef>YNAX089_001_35242</RouteLinkRef>
        <Direction>outbound</Direction>
        <RunTime>PT300S</RunTime>
      </JourneyPatternTimingLink>
      <JourneyPatternTimingLink id="JPS_YNAX089-5_35243">
        <From>
          <StopPointRef>3200YNA90473</StopPointRef>
          <TimingStatus>OTH</TimingStatus>
        </From>
        <To>
          <StopPointRef>3200YNA90413</StopPointRef>
          <TimingStatus>PTP</TimingStatus>
        </To>
        <RouteLinkRef>YNAX089_001_35243</RouteLinkRef>
        <Direction>outbound</Direction>
        <RunTime>PT60S</RunTime>
      </JourneyPatternTimingLink>
    </JourneyPatternSection>
    <JourneyPatternSection id="JPS_YNAX089-6">
      <JourneyPatternTimingLink id="JPS_YNAX089-6_35245">
        <From>
          <StopPointRef>3200YNA01581</StopPointRef>
          <TimingStatus>PTP</TimingStatus>
        </From>
        <To>
          <StopPointRef>3200YNE02042</StopPointRef>
          <TimingStatus>PTP</TimingStatus>
        </To>
        <RouteLinkRef>YNAX089_002_35245</RouteLinkRef>
        <Direction>outbound</Direction>
        <RunTime>PT120S</RunTime>
      </JourneyPatternTimingLink>
      <JourneyPatternTimingLink id="JPS_YNAX089-6_35246">
        <From>
          <StopPointRef>3200YNE02042</StopPointRef>
          <TimingStatus>PTP</TimingStatus>
        </From>
        <To>
          <StopPointRef>3200YNA90140</StopPointRef>
          <TimingStatus>OTH</TimingStatus>
        </To>
        <RouteLinkRef>YNAX089_002_35246</RouteLinkRef>
        <Direction>outbound</Direction>
        <RunTime>PT0S</RunTime>
      </JourneyPatternTimingLink>
      <JourneyPatternTimingLink id="JPS_YNAX089-6_35247">
        <From>
          <StopPointRef>3200YNA90140</StopPointRef>
          <TimingStatus>OTH</TimingStatus>
        </From>
        <To>
          <StopPointRef>3200YNA90130</StopPointRef>
          <TimingStatus>OTH</TimingStatus>
        </To>
        <RouteLinkRef>YNAX089_002_35247</RouteLinkRef>
        <Direction>outbound</Direction>
        <RunTime>PT60S</RunTime>
      </JourneyPatternTimingLink>
      <JourneyPatternTimingLink id="JPS_YNAX089-6_35248">
        <From>
          <StopPointRef>3200YNA90130</StopPointRef>
          <TimingStatus>OTH</TimingStatus>
        </From>
        <To>
          <StopPointRef>3200YNA90128</StopPointRef>
          <TimingStatus>OTH</TimingStatus>
        </To>
        <RouteLinkRef>YNAX089_002_35248</RouteLinkRef>
        <Direction>outbound</Direction>
        <RunTime>PT120S</RunTime>
      </JourneyPatternTimingLink>
      <JourneyPatternTimingLink id="JPS_YNAX089-6_35249">
        <From>
          <StopPointRef>3200YNA90128</StopPointRef>
          <TimingStatus>OTH</TimingStatus>
        </From>
        <To>
          <StopPointRef>3200YNA01606</StopPointRef>
          <TimingStatus>OTH</TimingStatus>
        </To>
        <RouteLinkRef>YNAX089_002_35249</RouteLinkRef>
        <Direction>outbound</Direction>
        <RunTime>PT0S</RunTime>
      </JourneyPatternTimingLink>
      <JourneyPatternTimingLink id="JPS_YNAX089-6_35250">
        <From>
          <StopPointRef>3200YNA01606</StopPointRef>
          <TimingStatus>OTH</TimingStatus>
        </From>
        <To>
          <StopPointRef>3200YNA90125</StopPointRef>
          <TimingStatus>PTP</TimingStatus>
        </To>
        <RouteLinkRef>YNAX089_002_35250</RouteLinkRef>
        <Direction>outbound</Direction>
        <RunTime>PT120S</RunTime>
      </JourneyPatternTimingLink>
    </JourneyPatternSection>
    <JourneyPatternSection id="JPS_YNAX089-7">
      <JourneyPatternTimingLink id="JPS_YNAX089-7_35252">
        <From>
          <StopPointRef>3200YNA90413</StopPointRef>
          <TimingStatus>PTP</TimingStatus>
        </From>
        <To>
          <StopPointRef>3200YNA90415</StopPointRef>
          <TimingStatus>OTH</TimingStatus>
        </To>
        <RouteLinkRef>YNAX089_003_35252</RouteLinkRef>
        <Direction>inbound</Direction>
        <RunTime>PT0S</RunTime>
      </JourneyPatternTimingLink>
      <JourneyPatternTimingLink id="JPS_YNAX089-7_35253">
        <From>
          <StopPointRef>3200YNA90415</StopPointRef>
          <TimingStatus>OTH</TimingStatus>
        </From>
        <To>
          <StopPointRef>3200YNA90416</StopPointRef>
          <TimingStatus>OTH</TimingStatus>
        </To>
        <RouteLinkRef>YNAX089_003_35253</RouteLinkRef>
        <Direction>inbound</Direction>
        <RunTime>PT0S</RunTime>
      </JourneyPatternTimingLink>
      <JourneyPatternTimingLink id="JPS_YNAX089-7_35254">
        <From>
          <StopPointRef>3200YNA90416</StopPointRef>
          <TimingStatus>OTH</TimingStatus>
        </From>
        <To>
          <StopPointRef>3200YNA90412</StopPointRef>
          <TimingStatus>OTH</TimingStatus>
        </To>
        <RouteLinkRef>YNAX089_003_35254</RouteLinkRef>
        <Direction>inbound</Direction>
        <RunTime>PT60S</RunTime>
      </JourneyPatternTimingLink>
      <JourneyPatternTimingLink id="JPS_YNAX089-7_35255">
        <From>
          <StopPointRef>3200YNA90412</StopPointRef>
          <TimingStatus>OTH</TimingStatus>
        </From>
        <To>
          <StopPointRef>3200YNA90472</StopPointRef>
          <TimingStatus>OTH</TimingStatus>
        </To>
        <RouteLinkRef>YNAX089_003_35255</RouteLinkRef>
        <Direction>inbound</Direction>
        <RunTime>PT60S</RunTime>
      </JourneyPatternTimingLink>
      <JourneyPatternTimingLink id="JPS_YNAX089-7_35256">
        <From>
          <StopPointRef>3200YNA90472</StopPointRef>
          <TimingStatus>OTH</TimingStatus>
        </From>
        <To>
          <StopPointRef>3200YNA90454</StopPointRef>
          <TimingStatus>PTP</TimingStatus>
        </To>
        <RouteLinkRef>YNAX089_003_35256</RouteLinkRef>
        <Direction>inbound</Direction>
        <RunTime>PT360S</RunTime>
      </JourneyPatternTimingLink>
      <JourneyPatternTimingLink id="JPS_YNAX089-7_35257">
        <From>
          <StopPointRef>3200YNA90454</StopPointRef>
          <TimingStatus>PTP</TimingStatus>
        </From>
        <To>
          <StopPointRef>3200YNA90452</StopPointRef>
          <TimingStatus>OTH</TimingStatus>
        </To>
        <RouteLinkRef>YNAX089_003_35257</RouteLinkRef>
        <Direction>inbound</Direction>
        <RunTime>PT0S</RunTime>
      </JourneyPatternTimingLink>
      <JourneyPatternTimingLink id="JPS_YNAX089-7_35258">
        <From>
          <StopPointRef>3200YNA90452</StopPointRef>
          <TimingStatus>OTH</TimingStatus>
        </From>
        <To>
          <StopPointRef>3200YNA90457</StopPointRef>
          <TimingStatus>OTH</TimingStatus>
        </To>
        <RouteLinkRef>YNAX089_003_35258</RouteLinkRef>
        <Direction>inbound</Direction>
        <RunTime>PT0S</RunTime>
      </JourneyPatternTimingLink>
      <JourneyPatternTimingLink id="JPS_YNAX089-7_35259">
        <From>
          <StopPointRef>3200YNA90457</StopPointRef>
          <TimingStatus>OTH</TimingStatus>
        </From>
        <To>
          <StopPointRef>3200YNA90458</StopPointRef>
          <TimingStatus>PTP</TimingStatus>
        </To>
        <RouteLinkRef>YNAX089_003_35259</RouteLinkRef>
        <Direction>inbound</Direction>
        <RunTime>PT120S</RunTime>
      </JourneyPatternTimingLink>
      <JourneyPatternTimingLink id="JPS_YNAX089-7_35260">
        <From>
          <StopPointRef>3200YNA90458</StopPointRef>
          <TimingStatus>PTP</TimingStatus>
        </From>
        <To>
          <StopPointRef>3200YNA90460</StopPointRef>
          <TimingStatus>PTP</TimingStatus>
        </To>
        <RouteLinkRef>YNAX089_003_35260</RouteLinkRef>
        <Direction>inbound</Direction>
        <RunTime>PT240S</RunTime>
      </JourneyPatternTimingLink>
      <JourneyPatternTimingLink id="JPS_YNAX089-7_35261">
        <From>
          <StopPointRef>3200YNA90460</StopPointRef>
          <TimingStatus>PTP</TimingStatus>
        </From>
        <To>
          <StopPointRef>3200YNA90450</StopPointRef>
          <TimingStatus>PTP</TimingStatus>
        </To>
        <RouteLinkRef>YNAX089_003_35261</RouteLinkRef>
        <Direction>inbound</Direction>
        <RunTime>PT180S</RunTime>
      </JourneyPatternTimingLink>
      <JourneyPatternTimingLink id="JPS_YNAX089-7_35262">
        <From>
          <StopPointRef>3200YNA90450</StopPointRef>
          <TimingStatus>PTP</TimingStatus>
        </From>
        <To>
          <StopPointRef>3200YNA90448</StopPointRef>
          <TimingStatus>PTP</TimingStatus>
        </To>
        <RouteLinkRef>YNAX089_003_35262</RouteLinkRef>
        <Direction>inbound</Direction>
        <RunTime>PT240S</RunTime>
      </JourneyPatternTimingLink>
      <JourneyPatternTimingLink id="JPS_YNAX089-7_35263">
        <From>
          <StopPointRef>3200YNA90448</StopPointRef>
          <TimingStatus>PTP</TimingStatus>
        </From>
        <To>
          <StopPointRef>3200YNA90445</StopPointRef>
          <TimingStatus>PTP</TimingStatus>
        </To>
        <RouteLinkRef>YNAX089_003_35263</RouteLinkRef>
        <Direction>inbound</Direction>
        <RunTime>PT180S</RunTime>
      </JourneyPatternTimingLink>
      <JourneyPatternTimingLink id="JPS_YNAX089-7_35264">
        <From>
          <StopPointRef>3200YNA90445</StopPointRef>
          <TimingStatus>PTP</TimingStatus>
        </From>
        <To>
          <StopPointRef>3200YNA90444</StopPointRef>
          <TimingStatus>PTP</TimingStatus>
        </To>
        <RouteLinkRef>YNAX089_003_35264</RouteLinkRef>
        <Direction>inbound</Direction>
        <RunTime>PT300S</RunTime>
      </JourneyPatternTimingLink>
      <JourneyPatternTimingLink id="JPS_YNAX089-7_35265">
        <From>
          <StopPointRef>3200YNA90444</StopPointRef>
          <TimingStatus>PTP</TimingStatus>
        </From>
        <To>
          <StopPointRef>3200YNA90139</StopPointRef>
          <TimingStatus>OTH</TimingStatus>
        </To>
        <RouteLinkRef>YNAX089_003_35265</RouteLinkRef>
        <Direction>inbound</Direction>
        <RunTime>PT120S</RunTime>
      </JourneyPatternTimingLink>
      <JourneyPatternTimingLink id="JPS_YNAX089-7_35266">
        <From>
          <StopPointRef>3200YNA90139</StopPointRef>
          <TimingStatus>OTH</TimingStatus>
        </From>
        <To>
          <StopPointRef>3200YNA90137</StopPointRef>
          <TimingStatus>PTP</TimingStatus>
        </To>
        <RouteLinkRef>YNAX089_003_35266</RouteLinkRef>
        <Direction>inbound</Direction>
        <RunTime>PT120S</RunTime>
      </JourneyPatternTimingLink>
      <JourneyPatternTimingLink id="JPS_YNAX089-7_35267">
        <From>
          <StopPointRef>3200YNA90137</StopPointRef>
          <TimingStatus>PTP</TimingStatus>
        </From>
        <To>
          <StopPointRef>3200YNA90138</StopPointRef>
          <TimingStatus>OTH</TimingStatus>
        </To>
        <RouteLinkRef>YNAX089_003_35267</RouteLinkRef>
        <Direction>inbound</Direction>
        <RunTime>PT180S</RunTime>
      </JourneyPatternTimingLink>
      <JourneyPatternTimingLink id="JPS_YNAX089-7_35268">
        <From>
          <StopPointRef>3200YNA90138</StopPointRef>
          <TimingStatus>OTH</TimingStatus>
        </From>
        <To>
          <StopPointRef>3200YNA90136</StopPointRef>
          <TimingStatus>PTP</TimingStatus>
        </To>
        <RouteLinkRef>YNAX089_003_35268</RouteLinkRef>
        <Direction>inbound</Direction>
        <RunTime>PT180S</RunTime>
      </JourneyPatternTimingLink>
      <JourneyPatternTimingLink id="JPS_YNAX089-7_35269">
        <From>
          <StopPointRef>3200YNA90136</StopPointRef>
          <TimingStatus>PTP</TimingStatus>
        </From>
        <To>
          <StopPointRef>3200YNA90133</StopPointRef>
          <TimingStatus>OTH</TimingStatus>
        </To>
        <RouteLinkRef>YNAX089_003_35269</RouteLinkRef>
        <Direction>inbound</Direction>
        <RunTime>PT240S</RunTime>
      </JourneyPatternTimingLink>
      <JourneyPatternTimingLink id="JPS_YNAX089-7_35270">
        <From>
          <StopPointRef>3200YNA90133</StopPointRef>
          <TimingStatus>OTH</TimingStatus>
        </From>
        <To>
          <StopPointRef>3200YNA90131</StopPointRef>
          <TimingStatus>OTH</TimingStatus>
        </To>
        <RouteLinkRef>YNAX089_003_35270</RouteLinkRef>
        <Direction>inbound</Direction>
        <RunTime>PT0S</RunTime>
      </JourneyPatternTimingLink>
      <JourneyPatternTimingLink id="JPS_YNAX089-7_35271">
        <From>
          <StopPointRef>3200YNA90131</StopPointRef>
          <TimingStatus>OTH</TimingStatus>
        </From>
        <To>
          <StopPointRef>3200YNB00035</StopPointRef>
          <TimingStatus>PTP</TimingStatus>
        </To>
        <RouteLinkRef>YNAX089_003_35271</RouteLinkRef>
        <Direction>inbound</Direction>
        <RunTime>PT60S</RunTime>
      </JourneyPatternTimingLink>
      <JourneyPatternTimingLink id="JPS_YNAX089-7_35272">
        <From>
          <StopPointRef>3200YNB00035</StopPointRef>
          <TimingStatus>PTP</TimingStatus>
        </From>
        <To>
          <StopPointRef>3200YNA90126</StopPointRef>
          <TimingStatus>OTH</TimingStatus>
        </To>
        <RouteLinkRef>YNAX089_003_35272</RouteLinkRef>
        <Direction>inbound</Direction>
        <RunTime>PT60S</RunTime>
      </JourneyPatternTimingLink>
      <JourneyPatternTimingLink id="JPS_YNAX089-7_35273">
        <From>
          <StopPointRef>3200YNA90126</StopPointRef>
          <TimingStatus>OTH</TimingStatus>
        </From>
        <To>
          <StopPointRef>3200YNA90127</StopPointRef>
          <TimingStatus>OTH</TimingStatus>
        </To>
        <RouteLinkRef>YNAX089_003_35273</RouteLinkRef>
        <Direction>inbound</Direction>
        <RunTime>PT0S</RunTime>
      </JourneyPatternTimingLink>
      <JourneyPatternTimingLink id="JPS_YNAX089-7_35274">
        <From>
          <StopPointRef>3200YNA90127</StopPointRef>
          <TimingStatus>OTH</TimingStatus>
        </From>
        <To>
          <StopPointRef>3200YNA90129</StopPointRef>
          <TimingStatus>OTH</TimingStatus>
        </To>
        <RouteLinkRef>YNAX089_003_35274</RouteLinkRef>
        <Direction>inbound</Direction>
        <RunTime>PT120S</RunTime>
      </JourneyPatternTimingLink>
      <JourneyPatternTimingLink id="JPS_YNAX089-7_35275">
        <From>
          <StopPointRef>3200YNA90129</StopPointRef>
          <TimingStatus>OTH</TimingStatus>
        </From>
        <To>
          <StopPointRef>3200YNB00057</StopPointRef>
          <TimingStatus>OTH</TimingStatus>
        </To>
        <RouteLinkRef>YNAX089_003_35275</RouteLinkRef>
        <Direction>inbound</Direction>
        <RunTime>PT60S</RunTime>
      </JourneyPatternTimingLink>
      <JourneyPatternTimingLink id="JPS_YNAX089-7_35276">
        <From>
          <StopPointRef>3200YNB00057</StopPointRef>
          <TimingStatus>OTH</TimingStatus>
        </From>
        <To>
          <StopPointRef>3200YNE02042</StopPointRef>
          <TimingStatus>PTP</TimingStatus>
        </To>
        <RouteLinkRef>YNAX089_003_35276</RouteLinkRef>
        <Direction>inbound</Direction>
        <RunTime>PT60S</RunTime>
      </JourneyPatternTimingLink>
      <JourneyPatternTimingLink id="JPS_YNAX089-7_35277">
        <From>
          <StopPointRef>3200YNE02042</StopPointRef>
          <TimingStatus>PTP</TimingStatus>
        </From>
        <To>
          <StopPointRef>3200YNA01581</StopPointRef>
          <TimingStatus>PTP</TimingStatus>
        </To>
        <RouteLinkRef>YNAX089_003_35277</RouteLinkRef>
        <Direction>inbound</Direction>
        <RunTime>PT120S</RunTime>
      </JourneyPatternTimingLink>
      <JourneyPatternTimingLink id="JPS_YNAX089-7_35278">
        <From>
          <StopPointRef>3200YNA01581</StopPointRef>
          <TimingStatus>PTP</TimingStatus>
        </From>
        <To>
          <StopPointRef>3200YNA90141</StopPointRef>
          <TimingStatus>OTH</TimingStatus>
        </To>
        <RouteLinkRef>YNAX089_003_35278</RouteLinkRef>
        <Direction>inbound</Direction>
        <RunTime>PT0S</RunTime>
      </JourneyPatternTimingLink>
      <JourneyPatternTimingLink id="JPS_YNAX089-7_35279">
        <From>
          <StopPointRef>3200YNA90141</StopPointRef>
          <TimingStatus>OTH</TimingStatus>
        </From>
        <To>
          <StopPointRef>3200YNA01580</StopPointRef>
          <TimingStatus>PTP</TimingStatus>
        </To>
        <RouteLinkRef>YNAX089_003_35279</RouteLinkRef>
        <Direction>inbound</Direction>
        <RunTime>PT60S</RunTime>
      </JourneyPatternTimingLink>
    </JourneyPatternSection>
    <JourneyPatternSection id="JPS_YNAX089-8">
      <JourneyPatternTimingLink id="JPS_YNAX089-8_35281">
        <From>
          <StopPointRef>3200YNB00035</StopPointRef>
          <TimingStatus>PTP</TimingStatus>
        </From>
        <To>
          <StopPointRef>3200YNA90126</StopPointRef>
          <TimingStatus>OTH</TimingStatus>
        </To>
        <RouteLinkRef>YNAX089_004_35281</RouteLinkRef>
        <Direction>inbound</Direction>
        <RunTime>PT60S</RunTime>
      </JourneyPatternTimingLink>
      <JourneyPatternTimingLink id="JPS_YNAX089-8_35282">
        <From>
          <StopPointRef>3200YNA90126</StopPointRef>
          <TimingStatus>OTH</TimingStatus>
        </From>
        <To>
          <StopPointRef>3200YNA90127</StopPointRef>
          <TimingStatus>OTH</TimingStatus>
        </To>
        <RouteLinkRef>YNAX089_004_35282</RouteLinkRef>
        <Direction>inbound</Direction>
        <RunTime>PT60S</RunTime>
      </JourneyPatternTimingLink>
      <JourneyPatternTimingLink id="JPS_YNAX089-8_35283">
        <From>
          <StopPointRef>3200YNA90127</StopPointRef>
          <TimingStatus>OTH</TimingStatus>
        </From>
        <To>
          <StopPointRef>3200YNA90129</StopPointRef>
          <TimingStatus>OTH</TimingStatus>
        </To>
        <RouteLinkRef>YNAX089_004_35283</RouteLinkRef>
        <Direction>inbound</Direction>
        <RunTime>PT120S</RunTime>
      </JourneyPatternTimingLink>
      <JourneyPatternTimingLink id="JPS_YNAX089-8_35284">
        <From>
          <StopPointRef>3200YNA90129</StopPointRef>
          <TimingStatus>OTH</TimingStatus>
        </From>
        <To>
          <StopPointRef>3200YNB00057</StopPointRef>
          <TimingStatus>OTH</TimingStatus>
        </To>
        <RouteLinkRef>YNAX089_004_35284</RouteLinkRef>
        <Direction>inbound</Direction>
        <RunTime>PT120S</RunTime>
      </JourneyPatternTimingLink>
      <JourneyPatternTimingLink id="JPS_YNAX089-8_35285">
        <From>
          <StopPointRef>3200YNB00057</StopPointRef>
          <TimingStatus>OTH</TimingStatus>
        </From>
        <To>
          <StopPointRef>3200YNA01580</StopPointRef>
          <TimingStatus>PTP</TimingStatus>
        </To>
        <RouteLinkRef>YNAX089_004_35285</RouteLinkRef>
        <Direction>inbound</Direction>
        <RunTime>PT120S</RunTime>
      </JourneyPatternTimingLink>
      <JourneyPatternTimingLink id="JPS_YNAX089-8_35286">
        <From>
          <StopPointRef>3200YNA01580</StopPointRef>
          <TimingStatus>PTP</TimingStatus>
        </From>
        <To>
          <StopPointRef>3200YNA90151</StopPointRef>
          <TimingStatus>OTH</TimingStatus>
        </To>
        <RouteLinkRef>YNAX089_004_35286</RouteLinkRef>
        <Direction>inbound</Direction>
        <RunTime>PT60S</RunTime>
      </JourneyPatternTimingLink>
      <JourneyPatternTimingLink id="JPS_YNAX089-8_35287">
        <From>
          <StopPointRef>3200YNA90151</StopPointRef>
          <TimingStatus>OTH</TimingStatus>
        </From>
        <To>
          <StopPointRef>3200YNA96548</StopPointRef>
          <TimingStatus>OTH</TimingStatus>
        </To>
        <RouteLinkRef>YNAX089_004_35287</RouteLinkRef>
        <Direction>inbound</Direction>
        <RunTime>PT60S</RunTime>
      </JourneyPatternTimingLink>
      <JourneyPatternTimingLink id="JPS_YNAX089-8_35288">
        <From>
          <StopPointRef>3200YNA96548</StopPointRef>
          <TimingStatus>OTH</TimingStatus>
        </From>
        <To>
          <StopPointRef>3200YNA01622</StopPointRef>
          <TimingStatus>OTH</TimingStatus>
        </To>
        <RouteLinkRef>YNAX089_004_35288</RouteLinkRef>
        <Direction>inbound</Direction>
        <RunTime>PT120S</RunTime>
      </JourneyPatternTimingLink>
      <JourneyPatternTimingLink id="JPS_YNAX089-8_35289">
        <From>
          <StopPointRef>3200YNA01622</StopPointRef>
          <TimingStatus>OTH</TimingStatus>
        </From>
        <To>
          <StopPointRef>3200YNA01624</StopPointRef>
          <TimingStatus>OTH</TimingStatus>
        </To>
        <RouteLinkRef>YNAX089_004_35289</RouteLinkRef>
        <Direction>inbound</Direction>
        <RunTime>PT120S</RunTime>
      </JourneyPatternTimingLink>
      <JourneyPatternTimingLink id="JPS_YNAX089-8_35290">
        <From>
          <StopPointRef>3200YNA01624</StopPointRef>
          <TimingStatus>OTH</TimingStatus>
        </From>
        <To>
          <StopPointRef>3200YNA01626</StopPointRef>
          <TimingStatus>OTH</TimingStatus>
        </To>
        <RouteLinkRef>YNAX089_004_35290</RouteLinkRef>
        <Direction>inbound</Direction>
        <RunTime>PT60S</RunTime>
      </JourneyPatternTimingLink>
      <JourneyPatternTimingLink id="JPS_YNAX089-8_35291">
        <From>
          <StopPointRef>3200YNA01626</StopPointRef>
          <TimingStatus>OTH</TimingStatus>
        </From>
        <To>
          <StopPointRef>3200YNA90790</StopPointRef>
          <TimingStatus>OTH</TimingStatus>
        </To>
        <RouteLinkRef>YNAX089_004_35291</RouteLinkRef>
        <Direction>inbound</Direction>
        <RunTime>PT0S</RunTime>
      </JourneyPatternTimingLink>
      <JourneyPatternTimingLink id="JPS_YNAX089-8_35292">
        <From>
          <StopPointRef>3200YNA90790</StopPointRef>
          <TimingStatus>OTH</TimingStatus>
        </From>
        <To>
          <StopPointRef>3200YNA90789</StopPointRef>
          <TimingStatus>OTH</TimingStatus>
        </To>
        <RouteLinkRef>YNAX089_004_35292</RouteLinkRef>
        <Direction>inbound</Direction>
        <RunTime>PT0S</RunTime>
      </JourneyPatternTimingLink>
      <JourneyPatternTimingLink id="JPS_YNAX089-8_35293">
        <From>
          <StopPointRef>3200YNA90789</StopPointRef>
          <TimingStatus>OTH</TimingStatus>
        </From>
        <To>
          <StopPointRef>3200YNA01631</StopPointRef>
          <TimingStatus>OTH</TimingStatus>
        </To>
        <RouteLinkRef>YNAX089_004_35293</RouteLinkRef>
        <Direction>inbound</Direction>
        <RunTime>PT180S</RunTime>
      </JourneyPatternTimingLink>
      <JourneyPatternTimingLink id="JPS_YNAX089-8_35294">
        <From>
          <StopPointRef>3200YNA01631</StopPointRef>
          <TimingStatus>OTH</TimingStatus>
        </From>
        <To>
          <StopPointRef>3200YNA01643</StopPointRef>
          <TimingStatus>PTP</TimingStatus>
        </To>
        <RouteLinkRef>YNAX089_004_35294</RouteLinkRef>
        <Direction>inbound</Direction>
        <RunTime>PT240S</RunTime>
      </JourneyPatternTimingLink>
    </JourneyPatternSection>
  </JourneyPatternSections>
  <Operators>
    <Operator id="ABBL">
      <NationalOperatorCode>ABBL</NationalOperatorCode>
      <OperatorCode>ABBL</OperatorCode>
      <OperatorShortName>Abbotts Of Leeming</OperatorShortName>
    </Operator>
  </Operators>
  <Services>
    <Service>
      <ServiceCode>YNAX089</ServiceCode>
      <Lines>
        <Line id="0">
          <LineName>X89</LineName>
        </Line>
      </Lines>
      <OperatingPeriod>
        <StartDate>2015-09-01</StartDate>
        <EndDate>2038-01-17</EndDate>
      </OperatingPeriod>
      <RegisteredOperatorRef>ABBL</RegisteredOperatorRef>
      <StopRequirements>
        <NoNewStopsRequired />
      </StopRequirements>
      <Mode>bus</Mode>
      <Description>Leeming - Stokesley</Description>
      <StandardService>
        <Origin>Leeming</Origin>
        <Destination>Stokesley</Destination>
        <JourneyPattern id="JPS_YNAX089-5">
          <Direction>outbound</Direction>
          <JourneyPatternSectionRefs>JPS_YNAX089-5</JourneyPatternSectionRefs>
        </JourneyPattern>
        <JourneyPattern id="JPS_YNAX089-6">
          <Direction>outbound</Direction>
          <JourneyPatternSectionRefs>JPS_YNAX089-6</JourneyPatternSectionRefs>
        </JourneyPattern>
        <JourneyPattern id="JPS_YNAX089-7">
          <Direction>inbound</Direction>
          <JourneyPatternSectionRefs>JPS_YNAX089-7</JourneyPatternSectionRefs>
        </JourneyPattern>
        <JourneyPattern id="JPS_YNAX089-8">
          <Direction>inbound</Direction>
          <JourneyPatternSectionRefs>JPS_YNAX089-8</JourneyPatternSectionRefs>
        </JourneyPattern>
      </StandardService>
    </Service>
  </Services>
  <VehicleJourneys>
    <VehicleJourney>
      <OperatorRef>ABBL</OperatorRef>
      <OperatingProfile>
        <RegularDayType>
          <DaysOfWeek>
            <Saturday />
          </DaysOfWeek>
        </RegularDayType>
      </OperatingProfile>
      <VehicleJourneyCode>73509</VehicleJourneyCode>
      <ServiceRef>YNAX089</ServiceRef>
      <LineRef>0</LineRef>
      <JourneyPatternRef>JPS_YNAX089-5</JourneyPatternRef>
      <DepartureTime>07:06:00</DepartureTime>
    </VehicleJourney>
    <VehicleJourney>
      <OperatorRef>ABBL</OperatorRef>
      <OperatingProfile>
        <RegularDayType>
          <DaysOfWeek>
            <Monday />
            <Tuesday />
            <Wednesday />
            <Thursday />
            <Friday />
          </DaysOfWeek>
        </RegularDayType>
        <BankHolidayOperation>
          <DaysOfNonOperation>
            <ChristmasDay />
            <BoxingDay />
            <GoodFriday />
            <NewYearsDay />
            <LateSummerBankHolidayNotScotland />
            <MayDay />
            <EasterMonday />
            <SpringBank />
          </DaysOfNonOperation>
        </BankHolidayOperation>
      </OperatingProfile>
      <VehicleJourneyCode>73510</VehicleJourneyCode>
      <ServiceRef>YNAX089</ServiceRef>
      <LineRef>0</LineRef>
      <JourneyPatternRef>JPS_YNAX089-5</JourneyPatternRef>
      <DepartureTime>07:06:00</DepartureTime>
    </VehicleJourney>
    <VehicleJourney>
      <OperatorRef>ABBL</OperatorRef>
      <OperatingProfile>
        <RegularDayType>
          <DaysOfWeek>
            <Saturday />
          </DaysOfWeek>
        </RegularDayType>
      </OperatingProfile>
      <VehicleJourneyCode>73511</VehicleJourneyCode>
      <ServiceRef>YNAX089</ServiceRef>
      <LineRef>0</LineRef>
      <JourneyPatternRef>JPS_YNAX089-6</JourneyPatternRef>
      <DepartureTime>17:30:00</DepartureTime>
    </VehicleJourney>
    <VehicleJourney>
      <OperatorRef>ABBL</OperatorRef>
      <OperatingProfile>
        <RegularDayType>
          <DaysOfWeek>
            <Monday />
            <Tuesday />
            <Wednesday />
            <Thursday />
            <Friday />
          </DaysOfWeek>
        </RegularDayType>
        <BankHolidayOperation>
          <DaysOfNonOperation>
            <ChristmasDay />
            <BoxingDay />
            <GoodFriday />
            <NewYearsDay />
            <LateSummerBankHolidayNotScotland />
            <MayDay />
            <EasterMonday />
            <SpringBank />
          </DaysOfNonOperation>
        </BankHolidayOperation>
      </OperatingProfile>
      <VehicleJourneyCode>73512</VehicleJourneyCode>
      <ServiceRef>YNAX089</ServiceRef>
      <LineRef>0</LineRef>
      <JourneyPatternRef>JPS_YNAX089-6</JourneyPatternRef>
      <DepartureTime>17:30:00</DepartureTime>
    </VehicleJourney>
    <VehicleJourney>
      <OperatorRef>ABBL</OperatorRef>
      <OperatingProfile>
        <RegularDayType>
          <DaysOfWeek>
            <Saturday />
          </DaysOfWeek>
        </RegularDayType>
      </OperatingProfile>
      <VehicleJourneyCode>73513</VehicleJourneyCode>
      <ServiceRef>YNAX089</ServiceRef>
      <LineRef>0</LineRef>
      <JourneyPatternRef>JPS_YNAX089-7</JourneyPatternRef>
      <DepartureTime>08:35:00</DepartureTime>
    </VehicleJourney>
    <VehicleJourney>
      <OperatorRef>ABBL</OperatorRef>
      <OperatingProfile>
        <RegularDayType>
          <DaysOfWeek>
            <Monday />
            <Tuesday />
            <Wednesday />
            <Thursday />
            <Friday />
          </DaysOfWeek>
        </RegularDayType>
        <BankHolidayOperation>
          <DaysOfNonOperation>
            <ChristmasDay />
            <BoxingDay />
            <GoodFriday />
            <NewYearsDay />
            <LateSummerBankHolidayNotScotland />
            <MayDay />
            <EasterMonday />
            <SpringBank />
          </DaysOfNonOperation>
        </BankHolidayOperation>
      </OperatingProfile>
      <VehicleJourneyCode>73514</VehicleJourneyCode>
      <ServiceRef>YNAX089</ServiceRef>
      <LineRef>0</LineRef>
      <JourneyPatternRef>JPS_YNAX089-7</JourneyPatternRef>
      <DepartureTime>08:35:00</DepartureTime>
    </VehicleJourney>
    <VehicleJourney>
      <OperatorRef>ABBL</OperatorRef>
      <OperatingProfile>
        <RegularDayType>
          <DaysOfWeek>
            <Saturday />
          </DaysOfWeek>
        </RegularDayType>
      </OperatingProfile>
      <VehicleJourneyCode>73515</VehicleJourneyCode>
      <ServiceRef>YNAX089</ServiceRef>
      <LineRef>0</LineRef>
      <JourneyPatternRef>JPS_YNAX089-8</JourneyPatternRef>
      <DepartureTime>17:38:00</DepartureTime>
    </VehicleJourney>
    <VehicleJourney>
      <OperatorRef>ABBL</OperatorRef>
      <OperatingProfile>
        <RegularDayType>
          <DaysOfWeek>
            <Monday />
            <Tuesday />
            <Wednesday />
            <Thursday />
            <Friday />
          </DaysOfWeek>
        </RegularDayType>
        <BankHolidayOperation>
          <DaysOfNonOperation>
            <ChristmasDay />
            <BoxingDay />
            <GoodFriday />
            <NewYearsDay />
            <LateSummerBankHolidayNotScotland />
            <MayDay />
            <EasterMonday />
            <SpringBank />
          </DaysOfNonOperation>
        </BankHolidayOperation>
      </OperatingProfile>
      <VehicleJourneyCode>73516</VehicleJourneyCode>
      <ServiceRef>YNAX089</ServiceRef>
      <LineRef>0</LineRef>
      <JourneyPatternRef>JPS_YNAX089-8</JourneyPatternRef>
      <DepartureTime>17:38:00</DepartureTime>
    </VehicleJourney>
  </VehicleJourneys>
</TransXChange>