<?xml version="1.0" encoding="utf-8"?>
<TransXChange xmlns:xsd="http://www.w3.org/2001/XMLSchema" xmlns:xsi="http://www.w3.org/2001/XMLSchema-instance" xsi:schemaLocation="http://www.transxchange.org.uk/ http://www.transxchange.org.uk/schema/2.1/TransXChange_general.xsd" CreationDateTime="2017-09-18T09:38:00-00:00" ModificationDateTime="2017-09-18T09:38:00-00:00" Modification="new" RevisionNumber="0" FileName="SVRYNCO005.xml" SchemaVersion="2.1" RegistrationDocument="false" xmlns="http://www.transxchange.org.uk/">
  <StopPoints>
    <AnnotatedStopPointRef>
      <StopPointRef>3200YNA90161</StopPointRef>
      <CommonName>Market Place</CommonName>
    </AnnotatedStopPointRef>
    <AnnotatedStopPointRef>
      <StopPointRef>3200YNA90986</StopPointRef>
      <CommonName>Sowerby Terrace</CommonName>
    </AnnotatedStopPointRef>
    <AnnotatedStopPointRef>
      <StopPointRef>3200YNA90989</StopPointRef>
      <CommonName>Green Lane East</CommonName>
    </AnnotatedStopPointRef>
    <AnnotatedStopPointRef>
      <StopPointRef>3200YNA90985</StopPointRef>
      <CommonName>Thirsk Secondary School</CommonName>
    </AnnotatedStopPointRef>
    <AnnotatedStopPointRef>
      <StopPointRef>3200YNA90977</StopPointRef>
      <CommonName>Gravel Hole Lane</CommonName>
    </AnnotatedStopPointRef>
    <AnnotatedStopPointRef>
      <StopPointRef>3200YNB01046</StopPointRef>
      <CommonName>Gravel Hole Lane</CommonName>
    </AnnotatedStopPointRef>
    <AnnotatedStopPointRef>
      <StopPointRef>3200YNA90979</StopPointRef>
      <CommonName>Gravel Hole Lane</CommonName>
    </AnnotatedStopPointRef>
    <AnnotatedStopPointRef>
      <StopPointRef>3200YNA90981</StopPointRef>
      <CommonName>Back Lane</CommonName>
    </AnnotatedStopPointRef>
    <AnnotatedStopPointRef>
      <StopPointRef>3200YNE04591</StopPointRef>
      <CommonName>Willow Bridge</CommonName>
    </AnnotatedStopPointRef>
    <AnnotatedStopPointRef>
      <StopPointRef>3200YNA91052</StopPointRef>
      <CommonName>Chapel Row</CommonName>
    </AnnotatedStopPointRef>
    <AnnotatedStopPointRef>
      <StopPointRef>3200YNA90795</StopPointRef>
      <CommonName>Post Office</CommonName>
    </AnnotatedStopPointRef>
    <AnnotatedStopPointRef>
      <StopPointRef>3200YNA90797</StopPointRef>
      <CommonName>Jamesville Way</CommonName>
    </AnnotatedStopPointRef>
    <AnnotatedStopPointRef>
      <StopPointRef>3200YNA90799</StopPointRef>
      <CommonName>Asenby Lane End</CommonName>
    </AnnotatedStopPointRef>
    <AnnotatedStopPointRef>
      <StopPointRef>3200YNA90803</StopPointRef>
      <CommonName>West End Farm</CommonName>
    </AnnotatedStopPointRef>
    <AnnotatedStopPointRef>
      <StopPointRef>3200YNA90802</StopPointRef>
      <CommonName>Back Lane</CommonName>
    </AnnotatedStopPointRef>
    <AnnotatedStopPointRef>
      <StopPointRef>3200YNA01339</StopPointRef>
      <CommonName>Fox And Hounds</CommonName>
    </AnnotatedStopPointRef>
    <AnnotatedStopPointRef>
      <StopPointRef>3200YNA01338</StopPointRef>
      <CommonName>Langthorpe Corner</CommonName>
    </AnnotatedStopPointRef>
    <AnnotatedStopPointRef>
      <StopPointRef>3200YNA01330</StopPointRef>
      <CommonName>Langthorpe Corner</CommonName>
    </AnnotatedStopPointRef>
    <AnnotatedStopPointRef>
      <StopPointRef>3200YNA01333</StopPointRef>
      <CommonName>Anchor Inn</CommonName>
    </AnnotatedStopPointRef>
    <AnnotatedStopPointRef>
      <StopPointRef>3200YNA01334</StopPointRef>
      <CommonName>Crown Hotel</CommonName>
    </AnnotatedStopPointRef>
    <AnnotatedStopPointRef>
      <StopPointRef>3200YNA01358</StopPointRef>
      <CommonName>St James Square</CommonName>
    </AnnotatedStopPointRef>
    <AnnotatedStopPointRef>
      <StopPointRef>3200YNE04442</StopPointRef>
      <CommonName>High School</CommonName>
    </AnnotatedStopPointRef>
    <AnnotatedStopPointRef>
      <StopPointRef>3200YND57590</StopPointRef>
      <CommonName>Morrisons Car Park</CommonName>
    </AnnotatedStopPointRef>
    <AnnotatedStopPointRef>
      <StopPointRef>3200YNE04443</StopPointRef>
      <CommonName>High School</CommonName>
    </AnnotatedStopPointRef>
    <AnnotatedStopPointRef>
      <StopPointRef>3200YNA01336</StopPointRef>
      <CommonName>Opp St James Square</CommonName>
    </AnnotatedStopPointRef>
    <AnnotatedStopPointRef>
      <StopPointRef>3200YNA01335</StopPointRef>
      <CommonName>Crown Hotel</CommonName>
    </AnnotatedStopPointRef>
    <AnnotatedStopPointRef>
      <StopPointRef>3200YNA01332</StopPointRef>
      <CommonName>Anchor Inn</CommonName>
    </AnnotatedStopPointRef>
    <AnnotatedStopPointRef>
      <StopPointRef>3200YNA01331</StopPointRef>
      <CommonName>Langthorpe Corner</CommonName>
    </AnnotatedStopPointRef>
    <AnnotatedStopPointRef>
      <StopPointRef>3200YNA01337</StopPointRef>
      <CommonName>Langthorpe Corner</CommonName>
    </AnnotatedStopPointRef>
    <AnnotatedStopPointRef>
      <StopPointRef>3200YNA01340</StopPointRef>
      <CommonName>Fox And Hounds</CommonName>
    </AnnotatedStopPointRef>
    <AnnotatedStopPointRef>
      <StopPointRef>3200YNA90798</StopPointRef>
      <CommonName>Asenby Road End</CommonName>
    </AnnotatedStopPointRef>
    <AnnotatedStopPointRef>
      <StopPointRef>3200YNA90796</StopPointRef>
      <CommonName>Hall</CommonName>
    </AnnotatedStopPointRef>
    <AnnotatedStopPointRef>
      <StopPointRef>3200YNA91051</StopPointRef>
      <CommonName>Chapel Row</CommonName>
    </AnnotatedStopPointRef>
    <AnnotatedStopPointRef>
      <StopPointRef>3200YNE04592</StopPointRef>
      <CommonName>Willow Bridge</CommonName>
    </AnnotatedStopPointRef>
    <AnnotatedStopPointRef>
      <StopPointRef>3200YNA90980</StopPointRef>
      <CommonName>Back Lane</CommonName>
    </AnnotatedStopPointRef>
    <AnnotatedStopPointRef>
      <StopPointRef>3200YNB01045</StopPointRef>
      <CommonName>Gravel Hole Lane</CommonName>
    </AnnotatedStopPointRef>
    <AnnotatedStopPointRef>
      <StopPointRef>3200YNB01044</StopPointRef>
      <CommonName>Gravel Hole Lane</CommonName>
    </AnnotatedStopPointRef>
    <AnnotatedStopPointRef>
      <StopPointRef>3200YNA90984</StopPointRef>
      <CommonName>Thirsk Secondary School</CommonName>
    </AnnotatedStopPointRef>
    <AnnotatedStopPointRef>
      <StopPointRef>3200YNA90988</StopPointRef>
      <CommonName>Green Lane West</CommonName>
    </AnnotatedStopPointRef>
    <AnnotatedStopPointRef>
      <StopPointRef>3200YNA90987</StopPointRef>
      <CommonName>The Maltings</CommonName>
    </AnnotatedStopPointRef>
  </StopPoints>
  <RouteSections>
    <RouteSection id="YNCO005_001">
      <RouteLink id="YNCO005_001_41263">
        <From>
          <StopPointRef>3200YNA90161</StopPointRef>
        </From>
        <To>
          <StopPointRef>3200YNA90986</StopPointRef>
        </To>
        <Direction>outbound</Direction>
      </RouteLink>
      <RouteLink id="YNCO005_001_41264">
        <From>
          <StopPointRef>3200YNA90986</StopPointRef>
        </From>
        <To>
          <StopPointRef>3200YNA90989</StopPointRef>
        </To>
        <Direction>outbound</Direction>
      </RouteLink>
      <RouteLink id="YNCO005_001_41265">
        <From>
          <StopPointRef>3200YNA90989</StopPointRef>
        </From>
        <To>
          <StopPointRef>3200YNA90985</StopPointRef>
        </To>
        <Direction>outbound</Direction>
      </RouteLink>
      <RouteLink id="YNCO005_001_41266">
        <From>
          <StopPointRef>3200YNA90985</StopPointRef>
        </From>
        <To>
          <StopPointRef>3200YNA90977</StopPointRef>
        </To>
        <Direction>outbound</Direction>
      </RouteLink>
      <RouteLink id="YNCO005_001_41267">
        <From>
          <StopPointRef>3200YNA90977</StopPointRef>
        </From>
        <To>
          <StopPointRef>3200YNB01046</StopPointRef>
        </To>
        <Direction>outbound</Direction>
      </RouteLink>
      <RouteLink id="YNCO005_001_41268">
        <From>
          <StopPointRef>3200YNB01046</StopPointRef>
        </From>
        <To>
          <StopPointRef>3200YNA90979</StopPointRef>
        </To>
        <Direction>outbound</Direction>
      </RouteLink>
      <RouteLink id="YNCO005_001_41269">
        <From>
          <StopPointRef>3200YNA90979</StopPointRef>
        </From>
        <To>
          <StopPointRef>3200YNA90981</StopPointRef>
        </To>
        <Direction>outbound</Direction>
      </RouteLink>
      <RouteLink id="YNCO005_001_41270">
        <From>
          <StopPointRef>3200YNA90981</StopPointRef>
        </From>
        <To>
          <StopPointRef>3200YNE04591</StopPointRef>
        </To>
        <Direction>outbound</Direction>
      </RouteLink>
      <RouteLink id="YNCO005_001_41271">
        <From>
          <StopPointRef>3200YNE04591</StopPointRef>
        </From>
        <To>
          <StopPointRef>3200YNA91052</StopPointRef>
        </To>
        <Direction>outbound</Direction>
      </RouteLink>
      <RouteLink id="YNCO005_001_41272">
        <From>
          <StopPointRef>3200YNA91052</StopPointRef>
        </From>
        <To>
          <StopPointRef>3200YNA90795</StopPointRef>
        </To>
        <Direction>outbound</Direction>
      </RouteLink>
      <RouteLink id="YNCO005_001_41273">
        <From>
          <StopPointRef>3200YNA90795</StopPointRef>
        </From>
        <To>
          <StopPointRef>3200YNA90797</StopPointRef>
        </To>
        <Direction>outbound</Direction>
      </RouteLink>
      <RouteLink id="YNCO005_001_41274">
        <From>
          <StopPointRef>3200YNA90797</StopPointRef>
        </From>
        <To>
          <StopPointRef>3200YNA90799</StopPointRef>
        </To>
        <Direction>outbound</Direction>
      </RouteLink>
      <RouteLink id="YNCO005_001_41275">
        <From>
          <StopPointRef>3200YNA90799</StopPointRef>
        </From>
        <To>
          <StopPointRef>3200YNA90803</StopPointRef>
        </To>
        <Direction>outbound</Direction>
      </RouteLink>
      <RouteLink id="YNCO005_001_41276">
        <From>
          <StopPointRef>3200YNA90803</StopPointRef>
        </From>
        <To>
          <StopPointRef>3200YNA90802</StopPointRef>
        </To>
        <Direction>outbound</Direction>
      </RouteLink>
      <RouteLink id="YNCO005_001_41277">
        <From>
          <StopPointRef>3200YNA90802</StopPointRef>
        </From>
        <To>
          <StopPointRef>3200YNA01339</StopPointRef>
        </To>
        <Direction>outbound</Direction>
      </RouteLink>
      <RouteLink id="YNCO005_001_41278">
        <From>
          <StopPointRef>3200YNA01339</StopPointRef>
        </From>
        <To>
          <StopPointRef>3200YNA01338</StopPointRef>
        </To>
        <Direction>outbound</Direction>
      </RouteLink>
      <RouteLink id="YNCO005_001_41279">
        <From>
          <StopPointRef>3200YNA01338</StopPointRef>
        </From>
        <To>
          <StopPointRef>3200YNA01330</StopPointRef>
        </To>
        <Direction>outbound</Direction>
      </RouteLink>
      <RouteLink id="YNCO005_001_41280">
        <From>
          <StopPointRef>3200YNA01330</StopPointRef>
        </From>
        <To>
          <StopPointRef>3200YNA01333</StopPointRef>
        </To>
        <Direction>outbound</Direction>
      </RouteLink>
      <RouteLink id="YNCO005_001_41281">
        <From>
          <StopPointRef>3200YNA01333</StopPointRef>
        </From>
        <To>
          <StopPointRef>3200YNA01334</StopPointRef>
        </To>
        <Direction>outbound</Direction>
      </RouteLink>
      <RouteLink id="YNCO005_001_41282">
        <From>
          <StopPointRef>3200YNA01334</StopPointRef>
        </From>
        <To>
          <StopPointRef>3200YNA01358</StopPointRef>
        </To>
        <Direction>outbound</Direction>
      </RouteLink>
      <RouteLink id="YNCO005_001_41283">
        <From>
          <StopPointRef>3200YNA01358</StopPointRef>
        </From>
        <To>
          <StopPointRef>3200YNE04442</StopPointRef>
        </To>
        <Direction>outbound</Direction>
      </RouteLink>
      <RouteLink id="YNCO005_001_41284">
        <From>
          <StopPointRef>3200YNE04442</StopPointRef>
        </From>
        <To>
          <StopPointRef>3200YND57590</StopPointRef>
        </To>
        <Direction>outbound</Direction>
      </RouteLink>
    </RouteSection>
    <RouteSection id="YNCO005_002">
      <RouteLink id="YNCO005_002_41286">
        <From>
          <StopPointRef>3200YND57590</StopPointRef>
        </From>
        <To>
          <StopPointRef>3200YNE04443</StopPointRef>
        </To>
        <Direction>inbound</Direction>
      </RouteLink>
      <RouteLink id="YNCO005_002_41287">
        <From>
          <StopPointRef>3200YNE04443</StopPointRef>
        </From>
        <To>
          <StopPointRef>3200YNA01336</StopPointRef>
        </To>
        <Direction>inbound</Direction>
      </RouteLink>
      <RouteLink id="YNCO005_002_41288">
        <From>
          <StopPointRef>3200YNA01336</StopPointRef>
        </From>
        <To>
          <StopPointRef>3200YNA01335</StopPointRef>
        </To>
        <Direction>inbound</Direction>
      </RouteLink>
      <RouteLink id="YNCO005_002_41289">
        <From>
          <StopPointRef>3200YNA01335</StopPointRef>
        </From>
        <To>
          <StopPointRef>3200YNA01332</StopPointRef>
        </To>
        <Direction>inbound</Direction>
      </RouteLink>
      <RouteLink id="YNCO005_002_41290">
        <From>
          <StopPointRef>3200YNA01332</StopPointRef>
        </From>
        <To>
          <StopPointRef>3200YNA01331</StopPointRef>
        </To>
        <Direction>inbound</Direction>
      </RouteLink>
      <RouteLink id="YNCO005_002_41291">
        <From>
          <StopPointRef>3200YNA01331</StopPointRef>
        </From>
        <To>
          <StopPointRef>3200YNA01337</StopPointRef>
        </To>
        <Direction>inbound</Direction>
      </RouteLink>
      <RouteLink id="YNCO005_002_41292">
        <From>
          <StopPointRef>3200YNA01337</StopPointRef>
        </From>
        <To>
          <StopPointRef>3200YNA01340</StopPointRef>
        </To>
        <Direction>inbound</Direction>
      </RouteLink>
      <RouteLink id="YNCO005_002_41293">
        <From>
          <StopPointRef>3200YNA01340</StopPointRef>
        </From>
        <To>
          <StopPointRef>3200YNA90803</StopPointRef>
        </To>
        <Direction>inbound</Direction>
      </RouteLink>
      <RouteLink id="YNCO005_002_41294">
        <From>
          <StopPointRef>3200YNA90803</StopPointRef>
        </From>
        <To>
          <StopPointRef>3200YNA90802</StopPointRef>
        </To>
        <Direction>inbound</Direction>
      </RouteLink>
      <RouteLink id="YNCO005_002_41295">
        <From>
          <StopPointRef>3200YNA90802</StopPointRef>
        </From>
        <To>
          <StopPointRef>3200YNA90798</StopPointRef>
        </To>
        <Direction>inbound</Direction>
      </RouteLink>
      <RouteLink id="YNCO005_002_41296">
        <From>
          <StopPointRef>3200YNA90798</StopPointRef>
        </From>
        <To>
          <StopPointRef>3200YNA90796</StopPointRef>
        </To>
        <Direction>inbound</Direction>
      </RouteLink>
      <RouteLink id="YNCO005_002_41297">
        <From>
          <StopPointRef>3200YNA90796</StopPointRef>
        </From>
        <To>
          <StopPointRef>3200YNA90795</StopPointRef>
        </To>
        <Direction>inbound</Direction>
      </RouteLink>
      <RouteLink id="YNCO005_002_41298">
        <From>
          <StopPointRef>3200YNA90795</StopPointRef>
        </From>
        <To>
          <StopPointRef>3200YNA91051</StopPointRef>
        </To>
        <Direction>inbound</Direction>
      </RouteLink>
      <RouteLink id="YNCO005_002_41299">
        <From>
          <StopPointRef>3200YNA91051</StopPointRef>
        </From>
        <To>
          <StopPointRef>3200YNE04592</StopPointRef>
        </To>
        <Direction>inbound</Direction>
      </RouteLink>
      <RouteLink id="YNCO005_002_41300">
        <From>
          <StopPointRef>3200YNE04592</StopPointRef>
        </From>
        <To>
          <StopPointRef>3200YNA90980</StopPointRef>
        </To>
        <Direction>inbound</Direction>
      </RouteLink>
      <RouteLink id="YNCO005_002_41301">
        <From>
          <StopPointRef>3200YNA90980</StopPointRef>
        </From>
        <To>
          <StopPointRef>3200YNB01045</StopPointRef>
        </To>
        <Direction>inbound</Direction>
      </RouteLink>
      <RouteLink id="YNCO005_002_41302">
        <From>
          <StopPointRef>3200YNB01045</StopPointRef>
        </From>
        <To>
          <StopPointRef>3200YNB01044</StopPointRef>
        </To>
        <Direction>inbound</Direction>
      </RouteLink>
      <RouteLink id="YNCO005_002_41303">
        <From>
          <StopPointRef>3200YNB01044</StopPointRef>
        </From>
        <To>
          <StopPointRef>3200YNA90984</StopPointRef>
        </To>
        <Direction>inbound</Direction>
      </RouteLink>
      <RouteLink id="YNCO005_002_41304">
        <From>
          <StopPointRef>3200YNA90984</StopPointRef>
        </From>
        <To>
          <StopPointRef>3200YNA90988</StopPointRef>
        </To>
        <Direction>inbound</Direction>
      </RouteLink>
      <RouteLink id="YNCO005_002_41305">
        <From>
          <StopPointRef>3200YNA90988</StopPointRef>
        </From>
        <To>
          <StopPointRef>3200YNA90987</StopPointRef>
        </To>
        <Direction>inbound</Direction>
      </RouteLink>
      <RouteLink id="YNCO005_002_41306">
        <From>
          <StopPointRef>3200YNA90987</StopPointRef>
        </From>
        <To>
          <StopPointRef>3200YNA90161</StopPointRef>
        </To>
        <Direction>inbound</Direction>
      </RouteLink>
    </RouteSection>
  </RouteSections>
  <Routes>
    <Route id="YNCO005_001">
      <Description>Thirsk - Boroughbridge
</Description>
      <RouteSectionRef>YNCO005_001</RouteSectionRef>
    </Route>
    <Route id="YNCO005_002">
      <Description>Boroughbridge - Thirsk
</Description>
      <RouteSectionRef>YNCO005_002</RouteSectionRef>
    </Route>
  </Routes>
  <JourneyPatternSections>
    <JourneyPatternSection id="JPS_YNCO005-3">
      <JourneyPatternTimingLink id="JPS_YNCO005-3_41263">
        <From>
          <StopPointRef>3200YNA90161</StopPointRef>
          <TimingStatus>PTP</TimingStatus>
        </From>
        <To>
          <StopPointRef>3200YNA90986</StopPointRef>
          <TimingStatus>PTP</TimingStatus>
        </To>
        <RouteLinkRef>YNCO005_001_41263</RouteLinkRef>
        <Direction>outbound</Direction>
        <RunTime>PT180S</RunTime>
      </JourneyPatternTimingLink>
      <JourneyPatternTimingLink id="JPS_YNCO005-3_41264">
        <From>
          <StopPointRef>3200YNA90986</StopPointRef>
          <TimingStatus>PTP</TimingStatus>
        </From>
        <To>
          <StopPointRef>3200YNA90989</StopPointRef>
          <TimingStatus>OTH</TimingStatus>
        </To>
        <RouteLinkRef>YNCO005_001_41264</RouteLinkRef>
        <Direction>outbound</Direction>
        <RunTime>PT0S</RunTime>
      </JourneyPatternTimingLink>
      <JourneyPatternTimingLink id="JPS_YNCO005-3_41265">
        <From>
          <StopPointRef>3200YNA90989</StopPointRef>
          <TimingStatus>OTH</TimingStatus>
        </From>
        <To>
          <StopPointRef>3200YNA90985</StopPointRef>
          <TimingStatus>OTH</TimingStatus>
        </To>
        <RouteLinkRef>YNCO005_001_41265</RouteLinkRef>
        <Direction>outbound</Direction>
        <RunTime>PT60S</RunTime>
      </JourneyPatternTimingLink>
      <JourneyPatternTimingLink id="JPS_YNCO005-3_41266">
        <From>
          <StopPointRef>3200YNA90985</StopPointRef>
          <TimingStatus>OTH</TimingStatus>
        </From>
        <To>
          <StopPointRef>3200YNA90977</StopPointRef>
          <TimingStatus>OTH</TimingStatus>
        </To>
        <RouteLinkRef>YNCO005_001_41266</RouteLinkRef>
        <Direction>outbound</Direction>
        <RunTime>PT0S</RunTime>
      </JourneyPatternTimingLink>
      <JourneyPatternTimingLink id="JPS_YNCO005-3_41267">
        <From>
          <StopPointRef>3200YNA90977</StopPointRef>
          <TimingStatus>OTH</TimingStatus>
        </From>
        <To>
          <StopPointRef>3200YNB01046</StopPointRef>
          <TimingStatus>PTP</TimingStatus>
        </To>
        <RouteLinkRef>YNCO005_001_41267</RouteLinkRef>
        <Direction>outbound</Direction>
        <RunTime>PT60S</RunTime>
      </JourneyPatternTimingLink>
      <JourneyPatternTimingLink id="JPS_YNCO005-3_41268">
        <From>
          <StopPointRef>3200YNB01046</StopPointRef>
          <TimingStatus>PTP</TimingStatus>
        </From>
        <To>
          <StopPointRef>3200YNA90979</StopPointRef>
          <TimingStatus>OTH</TimingStatus>
        </To>
        <RouteLinkRef>YNCO005_001_41268</RouteLinkRef>
        <Direction>outbound</Direction>
        <RunTime>PT0S</RunTime>
      </JourneyPatternTimingLink>
      <JourneyPatternTimingLink id="JPS_YNCO005-3_41269">
        <From>
          <StopPointRef>3200YNA90979</StopPointRef>
          <TimingStatus>OTH</TimingStatus>
        </From>
        <To>
          <StopPointRef>3200YNA90981</StopPointRef>
          <TimingStatus>PTP</TimingStatus>
        </To>
        <RouteLinkRef>YNCO005_001_41269</RouteLinkRef>
        <Direction>outbound</Direction>
        <RunTime>PT120S</RunTime>
      </JourneyPatternTimingLink>
      <JourneyPatternTimingLink id="JPS_YNCO005-3_41270">
        <From>
          <StopPointRef>3200YNA90981</StopPointRef>
          <TimingStatus>PTP</TimingStatus>
        </From>
        <To>
          <StopPointRef>3200YNE04591</StopPointRef>
          <TimingStatus>OTH</TimingStatus>
        </To>
        <RouteLinkRef>YNCO005_001_41270</RouteLinkRef>
        <Direction>outbound</Direction>
        <RunTime>PT420S</RunTime>
      </JourneyPatternTimingLink>
      <JourneyPatternTimingLink id="JPS_YNCO005-3_41271">
        <From>
          <StopPointRef>3200YNE04591</StopPointRef>
          <TimingStatus>OTH</TimingStatus>
        </From>
        <To>
          <StopPointRef>3200YNA91052</StopPointRef>
          <TimingStatus>PTP</TimingStatus>
        </To>
        <RouteLinkRef>YNCO005_001_41271</RouteLinkRef>
        <Direction>outbound</Direction>
        <RunTime>PT60S</RunTime>
      </JourneyPatternTimingLink>
      <JourneyPatternTimingLink id="JPS_YNCO005-3_41272">
        <From>
          <StopPointRef>3200YNA91052</StopPointRef>
          <TimingStatus>PTP</TimingStatus>
        </From>
        <To>
          <StopPointRef>3200YNA90795</StopPointRef>
          <TimingStatus>PTP</TimingStatus>
        </To>
        <RouteLinkRef>YNCO005_001_41272</RouteLinkRef>
        <Direction>outbound</Direction>
        <RunTime>PT420S</RunTime>
      </JourneyPatternTimingLink>
      <JourneyPatternTimingLink id="JPS_YNCO005-3_41273">
        <From>
          <StopPointRef>3200YNA90795</StopPointRef>
          <TimingStatus>PTP</TimingStatus>
        </From>
        <To>
          <StopPointRef>3200YNA90797</StopPointRef>
          <TimingStatus>PTP</TimingStatus>
        </To>
        <RouteLinkRef>YNCO005_001_41273</RouteLinkRef>
        <Direction>outbound</Direction>
        <RunTime>PT180S</RunTime>
      </JourneyPatternTimingLink>
      <JourneyPatternTimingLink id="JPS_YNCO005-3_41274">
        <From>
          <StopPointRef>3200YNA90797</StopPointRef>
          <TimingStatus>PTP</TimingStatus>
        </From>
        <To>
          <StopPointRef>3200YNA90799</StopPointRef>
          <TimingStatus>OTH</TimingStatus>
        </To>
        <RouteLinkRef>YNCO005_001_41274</RouteLinkRef>
        <Direction>outbound</Direction>
        <RunTime>PT0S</RunTime>
      </JourneyPatternTimingLink>
      <JourneyPatternTimingLink id="JPS_YNCO005-3_41275">
        <From>
          <StopPointRef>3200YNA90799</StopPointRef>
          <TimingStatus>OTH</TimingStatus>
        </From>
        <To>
          <StopPointRef>3200YNA90803</StopPointRef>
          <TimingStatus>PTP</TimingStatus>
        </To>
        <RouteLinkRef>YNCO005_001_41275</RouteLinkRef>
        <Direction>outbound</Direction>
        <RunTime>PT300S</RunTime>
      </JourneyPatternTimingLink>
      <JourneyPatternTimingLink id="JPS_YNCO005-3_41276">
        <From>
          <StopPointRef>3200YNA90803</StopPointRef>
          <TimingStatus>PTP</TimingStatus>
        </From>
        <To>
          <StopPointRef>3200YNA90802</StopPointRef>
          <TimingStatus>OTH</TimingStatus>
        </To>
        <RouteLinkRef>YNCO005_001_41276</RouteLinkRef>
        <Direction>outbound</Direction>
        <RunTime>PT0S</RunTime>
      </JourneyPatternTimingLink>
      <JourneyPatternTimingLink id="JPS_YNCO005-3_41277">
        <From>
          <StopPointRef>3200YNA90802</StopPointRef>
          <TimingStatus>OTH</TimingStatus>
        </From>
        <To>
          <StopPointRef>3200YNA01339</StopPointRef>
          <TimingStatus>OTH</TimingStatus>
        </To>
        <RouteLinkRef>YNCO005_001_41277</RouteLinkRef>
        <Direction>outbound</Direction>
        <RunTime>PT480S</RunTime>
      </JourneyPatternTimingLink>
      <JourneyPatternTimingLink id="JPS_YNCO005-3_41278">
        <From>
          <StopPointRef>3200YNA01339</StopPointRef>
          <TimingStatus>OTH</TimingStatus>
        </From>
        <To>
          <StopPointRef>3200YNA01338</StopPointRef>
          <TimingStatus>OTH</TimingStatus>
        </To>
        <RouteLinkRef>YNCO005_001_41278</RouteLinkRef>
        <Direction>outbound</Direction>
        <RunTime>PT0S</RunTime>
      </JourneyPatternTimingLink>
      <JourneyPatternTimingLink id="JPS_YNCO005-3_41279">
        <From>
          <StopPointRef>3200YNA01338</StopPointRef>
          <TimingStatus>OTH</TimingStatus>
        </From>
        <To>
          <StopPointRef>3200YNA01330</StopPointRef>
          <TimingStatus>OTH</TimingStatus>
        </To>
        <RouteLinkRef>YNCO005_001_41279</RouteLinkRef>
        <Direction>outbound</Direction>
        <RunTime>PT0S</RunTime>
      </JourneyPatternTimingLink>
      <JourneyPatternTimingLink id="JPS_YNCO005-3_41280">
        <From>
          <StopPointRef>3200YNA01330</StopPointRef>
          <TimingStatus>OTH</TimingStatus>
        </From>
        <To>
          <StopPointRef>3200YNA01333</StopPointRef>
          <TimingStatus>OTH</TimingStatus>
        </To>
        <RouteLinkRef>YNCO005_001_41280</RouteLinkRef>
        <Direction>outbound</Direction>
        <RunTime>PT60S</RunTime>
      </JourneyPatternTimingLink>
      <JourneyPatternTimingLink id="JPS_YNCO005-3_41281">
        <From>
          <StopPointRef>3200YNA01333</StopPointRef>
          <TimingStatus>OTH</TimingStatus>
        </From>
        <To>
          <StopPointRef>3200YNA01334</StopPointRef>
          <TimingStatus>OTH</TimingStatus>
        </To>
        <RouteLinkRef>YNCO005_001_41281</RouteLinkRef>
        <Direction>outbound</Direction>
        <RunTime>PT0S</RunTime>
      </JourneyPatternTimingLink>
      <JourneyPatternTimingLink id="JPS_YNCO005-3_41282">
        <From>
          <StopPointRef>3200YNA01334</StopPointRef>
          <TimingStatus>OTH</TimingStatus>
        </From>
        <To>
          <StopPointRef>3200YNA01358</StopPointRef>
          <TimingStatus>PTP</TimingStatus>
        </To>
        <RouteLinkRef>YNCO005_001_41282</RouteLinkRef>
        <Direction>outbound</Direction>
        <RunTime>PT60S</RunTime>
      </JourneyPatternTimingLink>
      <JourneyPatternTimingLink id="JPS_YNCO005-3_41283">
        <From>
          <StopPointRef>3200YNA01358</StopPointRef>
          <TimingStatus>PTP</TimingStatus>
        </From>
        <To>
          <StopPointRef>3200YNE04442</StopPointRef>
          <TimingStatus>OTH</TimingStatus>
        </To>
        <RouteLinkRef>YNCO005_001_41283</RouteLinkRef>
        <Direction>outbound</Direction>
        <RunTime>PT60S</RunTime>
      </JourneyPatternTimingLink>
      <JourneyPatternTimingLink id="JPS_YNCO005-3_41284">
        <From>
          <StopPointRef>3200YNE04442</StopPointRef>
          <TimingStatus>OTH</TimingStatus>
        </From>
        <To>
          <StopPointRef>3200YND57590</StopPointRef>
          <TimingStatus>PTP</TimingStatus>
        </To>
        <RouteLinkRef>YNCO005_001_41284</RouteLinkRef>
        <Direction>outbound</Direction>
        <RunTime>PT120S</RunTime>
      </JourneyPatternTimingLink>
    </JourneyPatternSection>
    <JourneyPatternSection id="JPS_YNCO005-4">
      <JourneyPatternTimingLink id="JPS_YNCO005-4_41286">
        <From>
          <StopPointRef>3200YND57590</StopPointRef>
          <TimingStatus>PTP</TimingStatus>
        </From>
        <To>
          <StopPointRef>3200YNE04443</StopPointRef>
          <TimingStatus>OTH</TimingStatus>
        </To>
        <RouteLinkRef>YNCO005_002_41286</RouteLinkRef>
        <Direction>inbound</Direction>
        <RunTime>PT60S</RunTime>
      </JourneyPatternTimingLink>
      <JourneyPatternTimingLink id="JPS_YNCO005-4_41287">
        <From>
          <StopPointRef>3200YNE04443</StopPointRef>
          <TimingStatus>OTH</TimingStatus>
        </From>
        <To>
          <StopPointRef>3200YNA01336</StopPointRef>
          <TimingStatus>PTP</TimingStatus>
        </To>
        <RouteLinkRef>YNCO005_002_41287</RouteLinkRef>
        <Direction>inbound</Direction>
        <RunTime>PT120S</RunTime>
      </JourneyPatternTimingLink>
      <JourneyPatternTimingLink id="JPS_YNCO005-4_41288">
        <From>
          <StopPointRef>3200YNA01336</StopPointRef>
          <TimingStatus>PTP</TimingStatus>
        </From>
        <To>
          <StopPointRef>3200YNA01335</StopPointRef>
          <TimingStatus>OTH</TimingStatus>
        </To>
        <RouteLinkRef>YNCO005_002_41288</RouteLinkRef>
        <Direction>inbound</Direction>
        <RunTime>PT0S</RunTime>
      </JourneyPatternTimingLink>
      <JourneyPatternTimingLink id="JPS_YNCO005-4_41289">
        <From>
          <StopPointRef>3200YNA01335</StopPointRef>
          <TimingStatus>OTH</TimingStatus>
        </From>
        <To>
          <StopPointRef>3200YNA01332</StopPointRef>
          <TimingStatus>OTH</TimingStatus>
        </To>
        <RouteLinkRef>YNCO005_002_41289</RouteLinkRef>
        <Direction>inbound</Direction>
        <RunTime>PT0S</RunTime>
      </JourneyPatternTimingLink>
      <JourneyPatternTimingLink id="JPS_YNCO005-4_41290">
        <From>
          <StopPointRef>3200YNA01332</StopPointRef>
          <TimingStatus>OTH</TimingStatus>
        </From>
        <To>
          <StopPointRef>3200YNA01331</StopPointRef>
          <TimingStatus>OTH</TimingStatus>
        </To>
        <RouteLinkRef>YNCO005_002_41290</RouteLinkRef>
        <Direction>inbound</Direction>
        <RunTime>PT0S</RunTime>
      </JourneyPatternTimingLink>
      <JourneyPatternTimingLink id="JPS_YNCO005-4_41291">
        <From>
          <StopPointRef>3200YNA01331</StopPointRef>
          <TimingStatus>OTH</TimingStatus>
        </From>
        <To>
          <StopPointRef>3200YNA01337</StopPointRef>
          <TimingStatus>OTH</TimingStatus>
        </To>
        <RouteLinkRef>YNCO005_002_41291</RouteLinkRef>
        <Direction>inbound</Direction>
        <RunTime>PT0S</RunTime>
      </JourneyPatternTimingLink>
      <JourneyPatternTimingLink id="JPS_YNCO005-4_41292">
        <From>
          <StopPointRef>3200YNA01337</StopPointRef>
          <TimingStatus>OTH</TimingStatus>
        </From>
        <To>
          <StopPointRef>3200YNA01340</StopPointRef>
          <TimingStatus>OTH</TimingStatus>
        </To>
        <RouteLinkRef>YNCO005_002_41292</RouteLinkRef>
        <Direction>inbound</Direction>
        <RunTime>PT60S</RunTime>
      </JourneyPatternTimingLink>
      <JourneyPatternTimingLink id="JPS_YNCO005-4_41293">
        <From>
          <StopPointRef>3200YNA01340</StopPointRef>
          <TimingStatus>OTH</TimingStatus>
        </From>
        <To>
          <StopPointRef>3200YNA90803</StopPointRef>
          <TimingStatus>PTP</TimingStatus>
        </To>
        <RouteLinkRef>YNCO005_002_41293</RouteLinkRef>
        <Direction>inbound</Direction>
        <RunTime>PT420S</RunTime>
      </JourneyPatternTimingLink>
      <JourneyPatternTimingLink id="JPS_YNCO005-4_41294">
        <From>
          <StopPointRef>3200YNA90803</StopPointRef>
          <TimingStatus>PTP</TimingStatus>
        </From>
        <To>
          <StopPointRef>3200YNA90802</StopPointRef>
          <TimingStatus>OTH</TimingStatus>
        </To>
        <RouteLinkRef>YNCO005_002_41294</RouteLinkRef>
        <Direction>inbound</Direction>
        <RunTime>PT0S</RunTime>
      </JourneyPatternTimingLink>
      <JourneyPatternTimingLink id="JPS_YNCO005-4_41295">
        <From>
          <StopPointRef>3200YNA90802</StopPointRef>
          <TimingStatus>OTH</TimingStatus>
        </From>
        <To>
          <StopPointRef>3200YNA90798</StopPointRef>
          <TimingStatus>OTH</TimingStatus>
        </To>
        <RouteLinkRef>YNCO005_002_41295</RouteLinkRef>
        <Direction>inbound</Direction>
        <RunTime>PT360S</RunTime>
      </JourneyPatternTimingLink>
      <JourneyPatternTimingLink id="JPS_YNCO005-4_41296">
        <From>
          <StopPointRef>3200YNA90798</StopPointRef>
          <TimingStatus>OTH</TimingStatus>
        </From>
        <To>
          <StopPointRef>3200YNA90796</StopPointRef>
          <TimingStatus>PTP</TimingStatus>
        </To>
        <RouteLinkRef>YNCO005_002_41296</RouteLinkRef>
        <Direction>inbound</Direction>
        <RunTime>PT60S</RunTime>
      </JourneyPatternTimingLink>
      <JourneyPatternTimingLink id="JPS_YNCO005-4_41297">
        <From>
          <StopPointRef>3200YNA90796</StopPointRef>
          <TimingStatus>PTP</TimingStatus>
        </From>
        <To>
          <StopPointRef>3200YNA90795</StopPointRef>
          <TimingStatus>PTP</TimingStatus>
        </To>
        <RouteLinkRef>YNCO005_002_41297</RouteLinkRef>
        <Direction>inbound</Direction>
        <RunTime>PT300S</RunTime>
      </JourneyPatternTimingLink>
      <JourneyPatternTimingLink id="JPS_YNCO005-4_41298">
        <From>
          <StopPointRef>3200YNA90795</StopPointRef>
          <TimingStatus>PTP</TimingStatus>
        </From>
        <To>
          <StopPointRef>3200YNA91051</StopPointRef>
          <TimingStatus>PTP</TimingStatus>
        </To>
        <RouteLinkRef>YNCO005_002_41298</RouteLinkRef>
        <Direction>inbound</Direction>
        <RunTime>PT420S</RunTime>
      </JourneyPatternTimingLink>
      <JourneyPatternTimingLink id="JPS_YNCO005-4_41299">
        <From>
          <StopPointRef>3200YNA91051</StopPointRef>
          <TimingStatus>PTP</TimingStatus>
        </From>
        <To>
          <StopPointRef>3200YNE04592</StopPointRef>
          <TimingStatus>OTH</TimingStatus>
        </To>
        <RouteLinkRef>YNCO005_002_41299</RouteLinkRef>
        <Direction>inbound</Direction>
        <RunTime>PT0S</RunTime>
      </JourneyPatternTimingLink>
      <JourneyPatternTimingLink id="JPS_YNCO005-4_41300">
        <From>
          <StopPointRef>3200YNE04592</StopPointRef>
          <TimingStatus>OTH</TimingStatus>
        </From>
        <To>
          <StopPointRef>3200YNA90980</StopPointRef>
          <TimingStatus>PTP</TimingStatus>
        </To>
        <RouteLinkRef>YNCO005_002_41300</RouteLinkRef>
        <Direction>inbound</Direction>
        <RunTime>PT480S</RunTime>
      </JourneyPatternTimingLink>
      <JourneyPatternTimingLink id="JPS_YNCO005-4_41301">
        <From>
          <StopPointRef>3200YNA90980</StopPointRef>
          <TimingStatus>PTP</TimingStatus>
        </From>
        <To>
          <StopPointRef>3200YNB01045</StopPointRef>
          <TimingStatus>PTP</TimingStatus>
        </To>
        <RouteLinkRef>YNCO005_002_41301</RouteLinkRef>
        <Direction>inbound</Direction>
        <RunTime>PT120S</RunTime>
      </JourneyPatternTimingLink>
      <JourneyPatternTimingLink id="JPS_YNCO005-4_41302">
        <From>
          <StopPointRef>3200YNB01045</StopPointRef>
          <TimingStatus>PTP</TimingStatus>
        </From>
        <To>
          <StopPointRef>3200YNB01044</StopPointRef>
          <TimingStatus>OTH</TimingStatus>
        </To>
        <RouteLinkRef>YNCO005_002_41302</RouteLinkRef>
        <Direction>inbound</Direction>
        <RunTime>PT0S</RunTime>
      </JourneyPatternTimingLink>
      <JourneyPatternTimingLink id="JPS_YNCO005-4_41303">
        <From>
          <StopPointRef>3200YNB01044</StopPointRef>
          <TimingStatus>OTH</TimingStatus>
        </From>
        <To>
          <StopPointRef>3200YNA90984</StopPointRef>
          <TimingStatus>OTH</TimingStatus>
        </To>
        <RouteLinkRef>YNCO005_002_41303</RouteLinkRef>
        <Direction>inbound</Direction>
        <RunTime>PT0S</RunTime>
      </JourneyPatternTimingLink>
      <JourneyPatternTimingLink id="JPS_YNCO005-4_41304">
        <From>
          <StopPointRef>3200YNA90984</StopPointRef>
          <TimingStatus>OTH</TimingStatus>
        </From>
        <To>
          <StopPointRef>3200YNA90988</StopPointRef>
          <TimingStatus>OTH</TimingStatus>
        </To>
        <RouteLinkRef>YNCO005_002_41304</RouteLinkRef>
        <Direction>inbound</Direction>
        <RunTime>PT60S</RunTime>
      </JourneyPatternTimingLink>
      <JourneyPatternTimingLink id="JPS_YNCO005-4_41305">
        <From>
          <StopPointRef>3200YNA90988</StopPointRef>
          <TimingStatus>OTH</TimingStatus>
        </From>
        <To>
          <StopPointRef>3200YNA90987</StopPointRef>
          <TimingStatus>PTP</TimingStatus>
        </To>
        <RouteLinkRef>YNCO005_002_41305</RouteLinkRef>
        <Direction>inbound</Direction>
        <RunTime>PT60S</RunTime>
      </JourneyPatternTimingLink>
      <JourneyPatternTimingLink id="JPS_YNCO005-4_41306">
        <From>
          <StopPointRef>3200YNA90987</StopPointRef>
          <TimingStatus>PTP</TimingStatus>
        </From>
        <To>
          <StopPointRef>3200YNA90161</StopPointRef>
          <TimingStatus>PTP</TimingStatus>
        </To>
        <RouteLinkRef>YNCO005_002_41306</RouteLinkRef>
        <Direction>inbound</Direction>
        <RunTime>PT180S</RunTime>
      </JourneyPatternTimingLink>
    </JourneyPatternSection>
  </JourneyPatternSections>
  <Operators>
    <Operator id="AK">
      <NationalOperatorCode>ATKI</NationalOperatorCode>
      <OperatorCode>AK</OperatorCode>
      <OperatorShortName>Atkinson's Coaches</OperatorShortName>
    </Operator>
  </Operators>
  <Services>
    <Service>
      <ServiceCode>YNCO005</ServiceCode>
      <Lines>
        <Line id="0">
          <LineName>5</LineName>
        </Line>
      </Lines>
      <OperatingPeriod>
        <StartDate>2012-05-06</StartDate>
        <EndDate>2038-01-17</EndDate>
      </OperatingPeriod>
      <RegisteredOperatorRef>AK</RegisteredOperatorRef>
      <StopRequirements>
        <NoNewStopsRequired />
      </StopRequirements>
      <Mode>bus</Mode>
      <Description>Thirsk - Boroughbridge</Description>
      <StandardService>
        <Origin>Thirsk</Origin>
        <Destination>Boroughbridge</Destination>
        <JourneyPattern id="JPS_YNCO005-3">
          <Direction>outbound</Direction>
          <JourneyPatternSectionRefs>JPS_YNCO005-3</JourneyPatternSectionRefs>
        </JourneyPattern>
        <JourneyPattern id="JPS_YNCO005-4">
          <Direction>inbound</Direction>
          <JourneyPatternSectionRefs>JPS_YNCO005-4</JourneyPatternSectionRefs>
        </JourneyPattern>
      </StandardService>
    </Service>
  </Services>
  <VehicleJourneys>
    <VehicleJourney>
      <OperatorRef>AK</OperatorRef>
      <OperatingProfile>
        <RegularDayType>
          <DaysOfWeek>
            <Thursday />
          </DaysOfWeek>
        </RegularDayType>
      </OperatingProfile>
      <VehicleJourneyCode>65886</VehicleJourneyCode>
      <ServiceRef>YNCO005</ServiceRef>
      <LineRef>0</LineRef>
      <JourneyPatternRef>JPS_YNCO005-3</JourneyPatternRef>
      <DepartureTime>09:25:00</DepartureTime>
    </VehicleJourney>
    <VehicleJourney>
      <OperatorRef>AK</OperatorRef>
      <OperatingProfile>
        <RegularDayType>
          <DaysOfWeek>
            <Thursday />
          </DaysOfWeek>
        </RegularDayType>
      </OperatingProfile>
      <VehicleJourneyCode>65887</VehicleJourneyCode>
      <ServiceRef>YNCO005</ServiceRef>
      <LineRef>0</LineRef>
      <JourneyPatternRef>JPS_YNCO005-4</JourneyPatternRef>
      <DepartureTime>11:15:00</DepartureTime>
    </VehicleJourney>
  </VehicleJourneys>
</TransXChange>