<?xml version="1.0" encoding="utf-8"?>
<TransXChange xmlns:xsd="http://www.w3.org/2001/XMLSchema" xmlns:xsi="http://www.w3.org/2001/XMLSchema-instance" xsi:schemaLocation="http://www.transxchange.org.uk/ http://www.transxchange.org.uk/schema/2.1/TransXChange_general.xsd" CreationDateTime="2017-09-18T09:38:00-00:00" ModificationDateTime="2017-09-18T09:38:00-00:00" Modification="new" RevisionNumber="0" FileName="SVRYNAS032.xml" SchemaVersion="2.1" RegistrationDocument="false" xmlns="http://www.transxchange.org.uk/">
  <StopPoints>
    <AnnotatedStopPointRef>
      <StopPointRef>3200YND80720</StopPointRef>
      <CommonName>Saltergate Rdbt</CommonName>
    </AnnotatedStopPointRef>
    <AnnotatedStopPointRef>
      <StopPointRef>3200YNA96399</StopPointRef>
      <CommonName>Saltergate Drive</CommonName>
    </AnnotatedStopPointRef>
    <AnnotatedStopPointRef>
      <StopPointRef>3200YND80760</StopPointRef>
      <CommonName>Harewood Road</CommonName>
    </AnnotatedStopPointRef>
    <AnnotatedStopPointRef>
      <StopPointRef>3200YND80770</StopPointRef>
      <CommonName>Co-Op</CommonName>
    </AnnotatedStopPointRef>
    <AnnotatedStopPointRef>
      <StopPointRef>3200YND80780</StopPointRef>
      <CommonName>Hydro</CommonName>
    </AnnotatedStopPointRef>
    <AnnotatedStopPointRef>
      <StopPointRef>3200YND12560</StopPointRef>
      <CommonName>Hydro</CommonName>
    </AnnotatedStopPointRef>
    <AnnotatedStopPointRef>
      <StopPointRef>3200YND12570</StopPointRef>
      <CommonName>Little Wonder PH</CommonName>
    </AnnotatedStopPointRef>
    <AnnotatedStopPointRef>
      <StopPointRef>3200YND13530</StopPointRef>
      <CommonName>St Joseph's Church</CommonName>
    </AnnotatedStopPointRef>
    <AnnotatedStopPointRef>
      <StopPointRef>3200YND13540</StopPointRef>
      <CommonName>Bar Chapel</CommonName>
    </AnnotatedStopPointRef>
    <AnnotatedStopPointRef>
      <StopPointRef>3200YNA96424</StopPointRef>
      <CommonName>Richard Taylor Sch</CommonName>
    </AnnotatedStopPointRef>
    <AnnotatedStopPointRef>
      <StopPointRef>3200YND20640</StopPointRef>
      <CommonName>Hall Lane</CommonName>
    </AnnotatedStopPointRef>
    <AnnotatedStopPointRef>
      <StopPointRef>3200YND20650</StopPointRef>
      <CommonName>Hall Lane Corner</CommonName>
    </AnnotatedStopPointRef>
    <AnnotatedStopPointRef>
      <StopPointRef>3200YNA96874</StopPointRef>
      <CommonName>Playing Fields</CommonName>
    </AnnotatedStopPointRef>
    <AnnotatedStopPointRef>
      <StopPointRef>3200YNA96873</StopPointRef>
      <CommonName>Sandhill Way</CommonName>
    </AnnotatedStopPointRef>
    <AnnotatedStopPointRef>
      <StopPointRef>3200YND20920</StopPointRef>
      <CommonName>Poplar Crescent</CommonName>
    </AnnotatedStopPointRef>
    <AnnotatedStopPointRef>
      <StopPointRef>3200YND20930</StopPointRef>
      <CommonName>Grosvenor Road</CommonName>
    </AnnotatedStopPointRef>
    <AnnotatedStopPointRef>
      <StopPointRef>3200YND20940</StopPointRef>
      <CommonName>Cinder Path</CommonName>
    </AnnotatedStopPointRef>
    <AnnotatedStopPointRef>
      <StopPointRef>3200YND20760</StopPointRef>
      <CommonName>Poplar Grove</CommonName>
    </AnnotatedStopPointRef>
    <AnnotatedStopPointRef>
      <StopPointRef>3200YND20770</StopPointRef>
      <CommonName>King Edwards Dr PO</CommonName>
    </AnnotatedStopPointRef>
    <AnnotatedStopPointRef>
      <StopPointRef>3200YND13550</StopPointRef>
      <CommonName>King Edward Dr Top</CommonName>
    </AnnotatedStopPointRef>
    <AnnotatedStopPointRef>
      <StopPointRef>3200YND13470</StopPointRef>
      <CommonName>Kings Road Post Office</CommonName>
    </AnnotatedStopPointRef>
    <AnnotatedStopPointRef>
      <StopPointRef>3200YND13570</StopPointRef>
      <CommonName>Chatsworth Place</CommonName>
    </AnnotatedStopPointRef>
    <AnnotatedStopPointRef>
      <StopPointRef>3200YND21120</StopPointRef>
      <CommonName>Opp Civic Centre</CommonName>
    </AnnotatedStopPointRef>
    <AnnotatedStopPointRef>
      <StopPointRef>3200YND13100</StopPointRef>
      <CommonName>Cheltenham Crescent</CommonName>
    </AnnotatedStopPointRef>
    <AnnotatedStopPointRef>
      <StopPointRef>3200YND13120</StopPointRef>
      <CommonName>Hgte Bus Stn Stand 2</CommonName>
    </AnnotatedStopPointRef>
    <AnnotatedStopPointRef>
      <StopPointRef>3200YND57010</StopPointRef>
      <CommonName>Library Gardens</CommonName>
    </AnnotatedStopPointRef>
    <AnnotatedStopPointRef>
      <StopPointRef>3200YND57030</StopPointRef>
      <CommonName>Slingsby Walk</CommonName>
    </AnnotatedStopPointRef>
    <AnnotatedStopPointRef>
      <StopPointRef>3200YND57040</StopPointRef>
      <CommonName>St Aidans School</CommonName>
    </AnnotatedStopPointRef>
    <AnnotatedStopPointRef>
      <StopPointRef>3200YNA06396</StopPointRef>
      <CommonName>Coach Road</CommonName>
    </AnnotatedStopPointRef>
    <AnnotatedStopPointRef>
      <StopPointRef>3200YND57050</StopPointRef>
      <CommonName>St John Fisher School</CommonName>
    </AnnotatedStopPointRef>
    <AnnotatedStopPointRef>
      <StopPointRef>3200YND57780</StopPointRef>
      <CommonName>St John Fisher Sch</CommonName>
    </AnnotatedStopPointRef>
    <AnnotatedStopPointRef>
      <StopPointRef>3200YND77520</StopPointRef>
      <CommonName>St John Fisher RC School</CommonName>
    </AnnotatedStopPointRef>
    <AnnotatedStopPointRef>
      <StopPointRef>3200YND77500</StopPointRef>
      <CommonName>St Aidan's School</CommonName>
    </AnnotatedStopPointRef>
    <AnnotatedStopPointRef>
      <StopPointRef>3200YND57790</StopPointRef>
      <CommonName>Slingsby Walk</CommonName>
    </AnnotatedStopPointRef>
    <AnnotatedStopPointRef>
      <StopPointRef>3200YND13390</StopPointRef>
      <CommonName>Prince of Wales Rdbt</CommonName>
    </AnnotatedStopPointRef>
    <AnnotatedStopPointRef>
      <StopPointRef>3200YND13400</StopPointRef>
      <CommonName>Beech Grove</CommonName>
    </AnnotatedStopPointRef>
    <AnnotatedStopPointRef>
      <StopPointRef>3200YNA96546</StopPointRef>
      <CommonName>War Memorial</CommonName>
    </AnnotatedStopPointRef>
    <AnnotatedStopPointRef>
      <StopPointRef>3200YND21130</StopPointRef>
      <CommonName>Conference Centre</CommonName>
    </AnnotatedStopPointRef>
    <AnnotatedStopPointRef>
      <StopPointRef>3200YNA96423</StopPointRef>
      <CommonName>Civic Centre</CommonName>
    </AnnotatedStopPointRef>
    <AnnotatedStopPointRef>
      <StopPointRef>3200YND13460</StopPointRef>
      <CommonName>Chatsworth Place</CommonName>
    </AnnotatedStopPointRef>
    <AnnotatedStopPointRef>
      <StopPointRef>3200YND13560</StopPointRef>
      <CommonName>Kings Road Post Office</CommonName>
    </AnnotatedStopPointRef>
    <AnnotatedStopPointRef>
      <StopPointRef>3200YND20600</StopPointRef>
      <CommonName>King Edwards Dr Top</CommonName>
    </AnnotatedStopPointRef>
    <AnnotatedStopPointRef>
      <StopPointRef>3200YND20610</StopPointRef>
      <CommonName>King Edwards Dr Post Office</CommonName>
    </AnnotatedStopPointRef>
    <AnnotatedStopPointRef>
      <StopPointRef>3200YNA96872</StopPointRef>
      <CommonName>Poplar Grove</CommonName>
    </AnnotatedStopPointRef>
    <AnnotatedStopPointRef>
      <StopPointRef>3200YND21000</StopPointRef>
      <CommonName>Poplar Grove Top</CommonName>
    </AnnotatedStopPointRef>
    <AnnotatedStopPointRef>
      <StopPointRef>3200YND21010</StopPointRef>
      <CommonName>Grosvenor Road</CommonName>
    </AnnotatedStopPointRef>
    <AnnotatedStopPointRef>
      <StopPointRef>3200YNA96516</StopPointRef>
      <CommonName>Eastby Road</CommonName>
    </AnnotatedStopPointRef>
    <AnnotatedStopPointRef>
      <StopPointRef>3200YND20860</StopPointRef>
      <CommonName>Sandhill Drive</CommonName>
    </AnnotatedStopPointRef>
    <AnnotatedStopPointRef>
      <StopPointRef>3200YND20870</StopPointRef>
      <CommonName>Sandhill Way</CommonName>
    </AnnotatedStopPointRef>
    <AnnotatedStopPointRef>
      <StopPointRef>3200YND20690</StopPointRef>
      <CommonName>Playing Fields</CommonName>
    </AnnotatedStopPointRef>
    <AnnotatedStopPointRef>
      <StopPointRef>3200YND20680</StopPointRef>
      <CommonName>Dryden Close</CommonName>
    </AnnotatedStopPointRef>
    <AnnotatedStopPointRef>
      <StopPointRef>3200YND20670</StopPointRef>
      <CommonName>Coleridge Drive</CommonName>
    </AnnotatedStopPointRef>
    <AnnotatedStopPointRef>
      <StopPointRef>3200YND20660</StopPointRef>
      <CommonName>Marvell Rise</CommonName>
    </AnnotatedStopPointRef>
    <AnnotatedStopPointRef>
      <StopPointRef>3200YNA96875</StopPointRef>
      <CommonName>Hall Ln</CommonName>
    </AnnotatedStopPointRef>
    <AnnotatedStopPointRef>
      <StopPointRef>3200YNA96876</StopPointRef>
      <CommonName>Skipton Court</CommonName>
    </AnnotatedStopPointRef>
    <AnnotatedStopPointRef>
      <StopPointRef>3200YND13500</StopPointRef>
      <CommonName>St Joseph's Church</CommonName>
    </AnnotatedStopPointRef>
    <AnnotatedStopPointRef>
      <StopPointRef>3200YND13510</StopPointRef>
      <CommonName>School</CommonName>
    </AnnotatedStopPointRef>
    <AnnotatedStopPointRef>
      <StopPointRef>3200YND13050</StopPointRef>
      <CommonName>Little Wonder PH</CommonName>
    </AnnotatedStopPointRef>
    <AnnotatedStopPointRef>
      <StopPointRef>3200YND13060</StopPointRef>
      <CommonName>Hydro</CommonName>
    </AnnotatedStopPointRef>
    <AnnotatedStopPointRef>
      <StopPointRef>3200YND80650</StopPointRef>
      <CommonName>Hydro</CommonName>
    </AnnotatedStopPointRef>
    <AnnotatedStopPointRef>
      <StopPointRef>3200YND80660</StopPointRef>
      <CommonName>Co-Op</CommonName>
    </AnnotatedStopPointRef>
    <AnnotatedStopPointRef>
      <StopPointRef>3200YNA96522</StopPointRef>
      <CommonName>Harewood Road</CommonName>
    </AnnotatedStopPointRef>
    <AnnotatedStopPointRef>
      <StopPointRef>3200YND80710</StopPointRef>
      <CommonName>Borage Road</CommonName>
    </AnnotatedStopPointRef>
  </StopPoints>
  <RouteSections>
    <RouteSection id="YNAS032_001">
      <RouteLink id="YNAS032_001_34180">
        <From>
          <StopPointRef>3200YND80720</StopPointRef>
        </From>
        <To>
          <StopPointRef>3200YNA96399</StopPointRef>
        </To>
        <Direction>outbound</Direction>
      </RouteLink>
      <RouteLink id="YNAS032_001_34181">
        <From>
          <StopPointRef>3200YNA96399</StopPointRef>
        </From>
        <To>
          <StopPointRef>3200YND80760</StopPointRef>
        </To>
        <Direction>outbound</Direction>
      </RouteLink>
      <RouteLink id="YNAS032_001_34182">
        <From>
          <StopPointRef>3200YND80760</StopPointRef>
        </From>
        <To>
          <StopPointRef>3200YND80770</StopPointRef>
        </To>
        <Direction>outbound</Direction>
      </RouteLink>
      <RouteLink id="YNAS032_001_34183">
        <From>
          <StopPointRef>3200YND80770</StopPointRef>
        </From>
        <To>
          <StopPointRef>3200YND80780</StopPointRef>
        </To>
        <Direction>outbound</Direction>
      </RouteLink>
      <RouteLink id="YNAS032_001_34184">
        <From>
          <StopPointRef>3200YND80780</StopPointRef>
        </From>
        <To>
          <StopPointRef>3200YND12560</StopPointRef>
        </To>
        <Direction>outbound</Direction>
      </RouteLink>
      <RouteLink id="YNAS032_001_34185">
        <From>
          <StopPointRef>3200YND12560</StopPointRef>
        </From>
        <To>
          <StopPointRef>3200YND12570</StopPointRef>
        </To>
        <Direction>outbound</Direction>
      </RouteLink>
      <RouteLink id="YNAS032_001_34186">
        <From>
          <StopPointRef>3200YND12570</StopPointRef>
        </From>
        <To>
          <StopPointRef>3200YND13530</StopPointRef>
        </To>
        <Direction>outbound</Direction>
      </RouteLink>
      <RouteLink id="YNAS032_001_34187">
        <From>
          <StopPointRef>3200YND13530</StopPointRef>
        </From>
        <To>
          <StopPointRef>3200YND13540</StopPointRef>
        </To>
        <Direction>outbound</Direction>
      </RouteLink>
      <RouteLink id="YNAS032_001_34188">
        <From>
          <StopPointRef>3200YND13540</StopPointRef>
        </From>
        <To>
          <StopPointRef>3200YNA96424</StopPointRef>
        </To>
        <Direction>outbound</Direction>
      </RouteLink>
      <RouteLink id="YNAS032_001_34189">
        <From>
          <StopPointRef>3200YNA96424</StopPointRef>
        </From>
        <To>
          <StopPointRef>3200YND20640</StopPointRef>
        </To>
        <Direction>outbound</Direction>
      </RouteLink>
      <RouteLink id="YNAS032_001_34190">
        <From>
          <StopPointRef>3200YND20640</StopPointRef>
        </From>
        <To>
          <StopPointRef>3200YND20650</StopPointRef>
        </To>
        <Direction>outbound</Direction>
      </RouteLink>
      <RouteLink id="YNAS032_001_34191">
        <From>
          <StopPointRef>3200YND20650</StopPointRef>
        </From>
        <To>
          <StopPointRef>3200YNA96874</StopPointRef>
        </To>
        <Direction>outbound</Direction>
      </RouteLink>
      <RouteLink id="YNAS032_001_34192">
        <From>
          <StopPointRef>3200YNA96874</StopPointRef>
        </From>
        <To>
          <StopPointRef>3200YNA96873</StopPointRef>
        </To>
        <Direction>outbound</Direction>
      </RouteLink>
      <RouteLink id="YNAS032_001_34193">
        <From>
          <StopPointRef>3200YNA96873</StopPointRef>
        </From>
        <To>
          <StopPointRef>3200YND20920</StopPointRef>
        </To>
        <Direction>outbound</Direction>
      </RouteLink>
      <RouteLink id="YNAS032_001_34194">
        <From>
          <StopPointRef>3200YND20920</StopPointRef>
        </From>
        <To>
          <StopPointRef>3200YND20930</StopPointRef>
        </To>
        <Direction>outbound</Direction>
      </RouteLink>
      <RouteLink id="YNAS032_001_34195">
        <From>
          <StopPointRef>3200YND20930</StopPointRef>
        </From>
        <To>
          <StopPointRef>3200YND20940</StopPointRef>
        </To>
        <Direction>outbound</Direction>
      </RouteLink>
      <RouteLink id="YNAS032_001_34196">
        <From>
          <StopPointRef>3200YND20940</StopPointRef>
        </From>
        <To>
          <StopPointRef>3200YND20760</StopPointRef>
        </To>
        <Direction>outbound</Direction>
      </RouteLink>
      <RouteLink id="YNAS032_001_34197">
        <From>
          <StopPointRef>3200YND20760</StopPointRef>
        </From>
        <To>
          <StopPointRef>3200YND20770</StopPointRef>
        </To>
        <Direction>outbound</Direction>
      </RouteLink>
      <RouteLink id="YNAS032_001_34198">
        <From>
          <StopPointRef>3200YND20770</StopPointRef>
        </From>
        <To>
          <StopPointRef>3200YND13550</StopPointRef>
        </To>
        <Direction>outbound</Direction>
      </RouteLink>
      <RouteLink id="YNAS032_001_34199">
        <From>
          <StopPointRef>3200YND13550</StopPointRef>
        </From>
        <To>
          <StopPointRef>3200YND13470</StopPointRef>
        </To>
        <Direction>outbound</Direction>
      </RouteLink>
      <RouteLink id="YNAS032_001_34200">
        <From>
          <StopPointRef>3200YND13470</StopPointRef>
        </From>
        <To>
          <StopPointRef>3200YND13570</StopPointRef>
        </To>
        <Direction>outbound</Direction>
      </RouteLink>
      <RouteLink id="YNAS032_001_34201">
        <From>
          <StopPointRef>3200YND13570</StopPointRef>
        </From>
        <To>
          <StopPointRef>3200YND21120</StopPointRef>
        </To>
        <Direction>outbound</Direction>
      </RouteLink>
      <RouteLink id="YNAS032_001_34202">
        <From>
          <StopPointRef>3200YND21120</StopPointRef>
        </From>
        <To>
          <StopPointRef>3200YND13100</StopPointRef>
        </To>
        <Direction>outbound</Direction>
      </RouteLink>
      <RouteLink id="YNAS032_001_34203">
        <From>
          <StopPointRef>3200YND13100</StopPointRef>
        </From>
        <To>
          <StopPointRef>3200YND13120</StopPointRef>
        </To>
        <Direction>outbound</Direction>
      </RouteLink>
      <RouteLink id="YNAS032_001_34204">
        <From>
          <StopPointRef>3200YND13120</StopPointRef>
        </From>
        <To>
          <StopPointRef>3200YND57010</StopPointRef>
        </To>
        <Direction>outbound</Direction>
      </RouteLink>
      <RouteLink id="YNAS032_001_34205">
        <From>
          <StopPointRef>3200YND57010</StopPointRef>
        </From>
        <To>
          <StopPointRef>3200YND57030</StopPointRef>
        </To>
        <Direction>outbound</Direction>
      </RouteLink>
      <RouteLink id="YNAS032_001_34206">
        <From>
          <StopPointRef>3200YND57030</StopPointRef>
        </From>
        <To>
          <StopPointRef>3200YND57040</StopPointRef>
        </To>
        <Direction>outbound</Direction>
      </RouteLink>
      <RouteLink id="YNAS032_001_34207">
        <From>
          <StopPointRef>3200YND57040</StopPointRef>
        </From>
        <To>
          <StopPointRef>3200YNA06396</StopPointRef>
        </To>
        <Direction>outbound</Direction>
      </RouteLink>
      <RouteLink id="YNAS032_001_34208">
        <From>
          <StopPointRef>3200YNA06396</StopPointRef>
        </From>
        <To>
          <StopPointRef>3200YND57050</StopPointRef>
        </To>
        <Direction>outbound</Direction>
      </RouteLink>
    </RouteSection>
    <RouteSection id="YNAS032_002">
      <RouteLink id="YNAS032_002_34210">
        <From>
          <StopPointRef>3200YND57780</StopPointRef>
        </From>
        <To>
          <StopPointRef>3200YND77520</StopPointRef>
        </To>
        <Direction>inbound</Direction>
      </RouteLink>
      <RouteLink id="YNAS032_002_34211">
        <From>
          <StopPointRef>3200YND77520</StopPointRef>
        </From>
        <To>
          <StopPointRef>3200YND77500</StopPointRef>
        </To>
        <Direction>inbound</Direction>
      </RouteLink>
      <RouteLink id="YNAS032_002_34212">
        <From>
          <StopPointRef>3200YND77500</StopPointRef>
        </From>
        <To>
          <StopPointRef>3200YND57790</StopPointRef>
        </To>
        <Direction>inbound</Direction>
      </RouteLink>
      <RouteLink id="YNAS032_002_34213">
        <From>
          <StopPointRef>3200YND57790</StopPointRef>
        </From>
        <To>
          <StopPointRef>3200YND13390</StopPointRef>
        </To>
        <Direction>inbound</Direction>
      </RouteLink>
      <RouteLink id="YNAS032_002_34214">
        <From>
          <StopPointRef>3200YND13390</StopPointRef>
        </From>
        <To>
          <StopPointRef>3200YND13400</StopPointRef>
        </To>
        <Direction>inbound</Direction>
      </RouteLink>
      <RouteLink id="YNAS032_002_34215">
        <From>
          <StopPointRef>3200YND13400</StopPointRef>
        </From>
        <To>
          <StopPointRef>3200YNA96546</StopPointRef>
        </To>
        <Direction>inbound</Direction>
      </RouteLink>
      <RouteLink id="YNAS032_002_34216">
        <From>
          <StopPointRef>3200YNA96546</StopPointRef>
        </From>
        <To>
          <StopPointRef>3200YND21130</StopPointRef>
        </To>
        <Direction>inbound</Direction>
      </RouteLink>
      <RouteLink id="YNAS032_002_34217">
        <From>
          <StopPointRef>3200YND21130</StopPointRef>
        </From>
        <To>
          <StopPointRef>3200YNA96423</StopPointRef>
        </To>
        <Direction>inbound</Direction>
      </RouteLink>
      <RouteLink id="YNAS032_002_34218">
        <From>
          <StopPointRef>3200YNA96423</StopPointRef>
        </From>
        <To>
          <StopPointRef>3200YND13460</StopPointRef>
        </To>
        <Direction>inbound</Direction>
      </RouteLink>
      <RouteLink id="YNAS032_002_34219">
        <From>
          <StopPointRef>3200YND13460</StopPointRef>
        </From>
        <To>
          <StopPointRef>3200YND13560</StopPointRef>
        </To>
        <Direction>inbound</Direction>
      </RouteLink>
      <RouteLink id="YNAS032_002_34220">
        <From>
          <StopPointRef>3200YND13560</StopPointRef>
        </From>
        <To>
          <StopPointRef>3200YND20600</StopPointRef>
        </To>
        <Direction>inbound</Direction>
      </RouteLink>
      <RouteLink id="YNAS032_002_34221">
        <From>
          <StopPointRef>3200YND20600</StopPointRef>
        </From>
        <To>
          <StopPointRef>3200YND20610</StopPointRef>
        </To>
        <Direction>inbound</Direction>
      </RouteLink>
      <RouteLink id="YNAS032_002_34222">
        <From>
          <StopPointRef>3200YND20610</StopPointRef>
        </From>
        <To>
          <StopPointRef>3200YNA96872</StopPointRef>
        </To>
        <Direction>inbound</Direction>
      </RouteLink>
      <RouteLink id="YNAS032_002_34223">
        <From>
          <StopPointRef>3200YNA96872</StopPointRef>
        </From>
        <To>
          <StopPointRef>3200YND21000</StopPointRef>
        </To>
        <Direction>inbound</Direction>
      </RouteLink>
      <RouteLink id="YNAS032_002_34224">
        <From>
          <StopPointRef>3200YND21000</StopPointRef>
        </From>
        <To>
          <StopPointRef>3200YND21010</StopPointRef>
        </To>
        <Direction>inbound</Direction>
      </RouteLink>
      <RouteLink id="YNAS032_002_34225">
        <From>
          <StopPointRef>3200YND21010</StopPointRef>
        </From>
        <To>
          <StopPointRef>3200YNA96516</StopPointRef>
        </To>
        <Direction>inbound</Direction>
      </RouteLink>
      <RouteLink id="YNAS032_002_34226">
        <From>
          <StopPointRef>3200YNA96516</StopPointRef>
        </From>
        <To>
          <StopPointRef>3200YND20860</StopPointRef>
        </To>
        <Direction>inbound</Direction>
      </RouteLink>
      <RouteLink id="YNAS032_002_34227">
        <From>
          <StopPointRef>3200YND20860</StopPointRef>
        </From>
        <To>
          <StopPointRef>3200YND20870</StopPointRef>
        </To>
        <Direction>inbound</Direction>
      </RouteLink>
      <RouteLink id="YNAS032_002_34228">
        <From>
          <StopPointRef>3200YND20870</StopPointRef>
        </From>
        <To>
          <StopPointRef>3200YND20690</StopPointRef>
        </To>
        <Direction>inbound</Direction>
      </RouteLink>
      <RouteLink id="YNAS032_002_34229">
        <From>
          <StopPointRef>3200YND20690</StopPointRef>
        </From>
        <To>
          <StopPointRef>3200YND20680</StopPointRef>
        </To>
        <Direction>inbound</Direction>
      </RouteLink>
      <RouteLink id="YNAS032_002_34230">
        <From>
          <StopPointRef>3200YND20680</StopPointRef>
        </From>
        <To>
          <StopPointRef>3200YND20670</StopPointRef>
        </To>
        <Direction>inbound</Direction>
      </RouteLink>
      <RouteLink id="YNAS032_002_34231">
        <From>
          <StopPointRef>3200YND20670</StopPointRef>
        </From>
        <To>
          <StopPointRef>3200YND20660</StopPointRef>
        </To>
        <Direction>inbound</Direction>
      </RouteLink>
      <RouteLink id="YNAS032_002_34232">
        <From>
          <StopPointRef>3200YND20660</StopPointRef>
        </From>
        <To>
          <StopPointRef>3200YNA96875</StopPointRef>
        </To>
        <Direction>inbound</Direction>
      </RouteLink>
      <RouteLink id="YNAS032_002_34233">
        <From>
          <StopPointRef>3200YNA96875</StopPointRef>
        </From>
        <To>
          <StopPointRef>3200YNA96876</StopPointRef>
        </To>
        <Direction>inbound</Direction>
      </RouteLink>
      <RouteLink id="YNAS032_002_34234">
        <From>
          <StopPointRef>3200YNA96876</StopPointRef>
        </From>
        <To>
          <StopPointRef>3200YND13500</StopPointRef>
        </To>
        <Direction>inbound</Direction>
      </RouteLink>
      <RouteLink id="YNAS032_002_34235">
        <From>
          <StopPointRef>3200YND13500</StopPointRef>
        </From>
        <To>
          <StopPointRef>3200YND13510</StopPointRef>
        </To>
        <Direction>inbound</Direction>
      </RouteLink>
      <RouteLink id="YNAS032_002_34236">
        <From>
          <StopPointRef>3200YND13510</StopPointRef>
        </From>
        <To>
          <StopPointRef>3200YND13050</StopPointRef>
        </To>
        <Direction>inbound</Direction>
      </RouteLink>
      <RouteLink id="YNAS032_002_34237">
        <From>
          <StopPointRef>3200YND13050</StopPointRef>
        </From>
        <To>
          <StopPointRef>3200YND13060</StopPointRef>
        </To>
        <Direction>inbound</Direction>
      </RouteLink>
      <RouteLink id="YNAS032_002_34238">
        <From>
          <StopPointRef>3200YND13060</StopPointRef>
        </From>
        <To>
          <StopPointRef>3200YND80650</StopPointRef>
        </To>
        <Direction>inbound</Direction>
      </RouteLink>
      <RouteLink id="YNAS032_002_34239">
        <From>
          <StopPointRef>3200YND80650</StopPointRef>
        </From>
        <To>
          <StopPointRef>3200YND80660</StopPointRef>
        </To>
        <Direction>inbound</Direction>
      </RouteLink>
      <RouteLink id="YNAS032_002_34240">
        <From>
          <StopPointRef>3200YND80660</StopPointRef>
        </From>
        <To>
          <StopPointRef>3200YNA96522</StopPointRef>
        </To>
        <Direction>inbound</Direction>
      </RouteLink>
      <RouteLink id="YNAS032_002_34241">
        <From>
          <StopPointRef>3200YNA96522</StopPointRef>
        </From>
        <To>
          <StopPointRef>3200YND80710</StopPointRef>
        </To>
        <Direction>inbound</Direction>
      </RouteLink>
      <RouteLink id="YNAS032_002_34242">
        <From>
          <StopPointRef>3200YND80710</StopPointRef>
        </From>
        <To>
          <StopPointRef>3200YND80720</StopPointRef>
        </To>
        <Direction>inbound</Direction>
      </RouteLink>
    </RouteSection>
  </RouteSections>
  <Routes>
    <Route id="YNAS032_001">
      <Description>Jennyfield - Harrogate
</Description>
      <RouteSectionRef>YNAS032_001</RouteSectionRef>
    </Route>
    <Route id="YNAS032_002">
      <Description>Harrogate - Jennyfield
</Description>
      <RouteSectionRef>YNAS032_002</RouteSectionRef>
    </Route>
  </Routes>
  <JourneyPatternSections>
    <JourneyPatternSection id="JPS_YNAS032-3">
      <JourneyPatternTimingLink id="JPS_YNAS032-3_34180">
        <From>
          <StopPointRef>3200YND80720</StopPointRef>
          <TimingStatus>PTP</TimingStatus>
        </From>
        <To>
          <StopPointRef>3200YNA96399</StopPointRef>
          <TimingStatus>OTH</TimingStatus>
        </To>
        <RouteLinkRef>YNAS032_001_34180</RouteLinkRef>
        <Direction>outbound</Direction>
        <RunTime>PT120S</RunTime>
      </JourneyPatternTimingLink>
      <JourneyPatternTimingLink id="JPS_YNAS032-3_34181">
        <From>
          <StopPointRef>3200YNA96399</StopPointRef>
          <TimingStatus>OTH</TimingStatus>
        </From>
        <To>
          <StopPointRef>3200YND80760</StopPointRef>
          <TimingStatus>OTH</TimingStatus>
        </To>
        <RouteLinkRef>YNAS032_001_34181</RouteLinkRef>
        <Direction>outbound</Direction>
        <RunTime>PT120S</RunTime>
      </JourneyPatternTimingLink>
      <JourneyPatternTimingLink id="JPS_YNAS032-3_34182">
        <From>
          <StopPointRef>3200YND80760</StopPointRef>
          <TimingStatus>OTH</TimingStatus>
        </From>
        <To>
          <StopPointRef>3200YND80770</StopPointRef>
          <TimingStatus>PTP</TimingStatus>
        </To>
        <RouteLinkRef>YNAS032_001_34182</RouteLinkRef>
        <Direction>outbound</Direction>
        <RunTime>PT60S</RunTime>
      </JourneyPatternTimingLink>
      <JourneyPatternTimingLink id="JPS_YNAS032-3_34183">
        <From>
          <StopPointRef>3200YND80770</StopPointRef>
          <TimingStatus>PTP</TimingStatus>
        </From>
        <To>
          <StopPointRef>3200YND80780</StopPointRef>
          <TimingStatus>PTP</TimingStatus>
        </To>
        <RouteLinkRef>YNAS032_001_34183</RouteLinkRef>
        <Direction>outbound</Direction>
        <RunTime>PT120S</RunTime>
      </JourneyPatternTimingLink>
      <JourneyPatternTimingLink id="JPS_YNAS032-3_34184">
        <From>
          <StopPointRef>3200YND80780</StopPointRef>
          <TimingStatus>PTP</TimingStatus>
        </From>
        <To>
          <StopPointRef>3200YND12560</StopPointRef>
          <TimingStatus>OTH</TimingStatus>
        </To>
        <RouteLinkRef>YNAS032_001_34184</RouteLinkRef>
        <Direction>outbound</Direction>
        <RunTime>PT60S</RunTime>
      </JourneyPatternTimingLink>
      <JourneyPatternTimingLink id="JPS_YNAS032-3_34185">
        <From>
          <StopPointRef>3200YND12560</StopPointRef>
          <TimingStatus>OTH</TimingStatus>
        </From>
        <To>
          <StopPointRef>3200YND12570</StopPointRef>
          <TimingStatus>PTP</TimingStatus>
        </To>
        <RouteLinkRef>YNAS032_001_34185</RouteLinkRef>
        <Direction>outbound</Direction>
        <RunTime>PT60S</RunTime>
      </JourneyPatternTimingLink>
      <JourneyPatternTimingLink id="JPS_YNAS032-3_34186">
        <From>
          <StopPointRef>3200YND12570</StopPointRef>
          <TimingStatus>PTP</TimingStatus>
        </From>
        <To>
          <StopPointRef>3200YND13530</StopPointRef>
          <TimingStatus>OTH</TimingStatus>
        </To>
        <RouteLinkRef>YNAS032_001_34186</RouteLinkRef>
        <Direction>outbound</Direction>
        <RunTime>PT60S</RunTime>
      </JourneyPatternTimingLink>
      <JourneyPatternTimingLink id="JPS_YNAS032-3_34187">
        <From>
          <StopPointRef>3200YND13530</StopPointRef>
          <TimingStatus>OTH</TimingStatus>
        </From>
        <To>
          <StopPointRef>3200YND13540</StopPointRef>
          <TimingStatus>OTH</TimingStatus>
        </To>
        <RouteLinkRef>YNAS032_001_34187</RouteLinkRef>
        <Direction>outbound</Direction>
        <RunTime>PT60S</RunTime>
      </JourneyPatternTimingLink>
      <JourneyPatternTimingLink id="JPS_YNAS032-3_34188">
        <From>
          <StopPointRef>3200YND13540</StopPointRef>
          <TimingStatus>OTH</TimingStatus>
        </From>
        <To>
          <StopPointRef>3200YNA96424</StopPointRef>
          <TimingStatus>OTH</TimingStatus>
        </To>
        <RouteLinkRef>YNAS032_001_34188</RouteLinkRef>
        <Direction>outbound</Direction>
        <RunTime>PT180S</RunTime>
      </JourneyPatternTimingLink>
      <JourneyPatternTimingLink id="JPS_YNAS032-3_34189">
        <From>
          <StopPointRef>3200YNA96424</StopPointRef>
          <TimingStatus>OTH</TimingStatus>
        </From>
        <To>
          <StopPointRef>3200YND20640</StopPointRef>
          <TimingStatus>PTP</TimingStatus>
        </To>
        <RouteLinkRef>YNAS032_001_34189</RouteLinkRef>
        <Direction>outbound</Direction>
        <RunTime>PT60S</RunTime>
      </JourneyPatternTimingLink>
      <JourneyPatternTimingLink id="JPS_YNAS032-3_34190">
        <From>
          <StopPointRef>3200YND20640</StopPointRef>
          <TimingStatus>PTP</TimingStatus>
        </From>
        <To>
          <StopPointRef>3200YND20650</StopPointRef>
          <TimingStatus>OTH</TimingStatus>
        </To>
        <RouteLinkRef>YNAS032_001_34190</RouteLinkRef>
        <Direction>outbound</Direction>
        <RunTime>PT0S</RunTime>
      </JourneyPatternTimingLink>
      <JourneyPatternTimingLink id="JPS_YNAS032-3_34191">
        <From>
          <StopPointRef>3200YND20650</StopPointRef>
          <TimingStatus>OTH</TimingStatus>
        </From>
        <To>
          <StopPointRef>3200YNA96874</StopPointRef>
          <TimingStatus>PTP</TimingStatus>
        </To>
        <RouteLinkRef>YNAS032_001_34191</RouteLinkRef>
        <Direction>outbound</Direction>
        <RunTime>PT120S</RunTime>
      </JourneyPatternTimingLink>
      <JourneyPatternTimingLink id="JPS_YNAS032-3_34192">
        <From>
          <StopPointRef>3200YNA96874</StopPointRef>
          <TimingStatus>PTP</TimingStatus>
        </From>
        <To>
          <StopPointRef>3200YNA96873</StopPointRef>
          <TimingStatus>PTP</TimingStatus>
        </To>
        <RouteLinkRef>YNAS032_001_34192</RouteLinkRef>
        <Direction>outbound</Direction>
        <RunTime>PT180S</RunTime>
      </JourneyPatternTimingLink>
      <JourneyPatternTimingLink id="JPS_YNAS032-3_34193">
        <From>
          <StopPointRef>3200YNA96873</StopPointRef>
          <TimingStatus>PTP</TimingStatus>
        </From>
        <To>
          <StopPointRef>3200YND20920</StopPointRef>
          <TimingStatus>PTP</TimingStatus>
        </To>
        <RouteLinkRef>YNAS032_001_34193</RouteLinkRef>
        <Direction>outbound</Direction>
        <RunTime>PT60S</RunTime>
      </JourneyPatternTimingLink>
      <JourneyPatternTimingLink id="JPS_YNAS032-3_34194">
        <From>
          <StopPointRef>3200YND20920</StopPointRef>
          <TimingStatus>PTP</TimingStatus>
        </From>
        <To>
          <StopPointRef>3200YND20930</StopPointRef>
          <TimingStatus>OTH</TimingStatus>
        </To>
        <RouteLinkRef>YNAS032_001_34194</RouteLinkRef>
        <Direction>outbound</Direction>
        <RunTime>PT120S</RunTime>
      </JourneyPatternTimingLink>
      <JourneyPatternTimingLink id="JPS_YNAS032-3_34195">
        <From>
          <StopPointRef>3200YND20930</StopPointRef>
          <TimingStatus>OTH</TimingStatus>
        </From>
        <To>
          <StopPointRef>3200YND20940</StopPointRef>
          <TimingStatus>OTH</TimingStatus>
        </To>
        <RouteLinkRef>YNAS032_001_34195</RouteLinkRef>
        <Direction>outbound</Direction>
        <RunTime>PT120S</RunTime>
      </JourneyPatternTimingLink>
      <JourneyPatternTimingLink id="JPS_YNAS032-3_34196">
        <From>
          <StopPointRef>3200YND20940</StopPointRef>
          <TimingStatus>OTH</TimingStatus>
        </From>
        <To>
          <StopPointRef>3200YND20760</StopPointRef>
          <TimingStatus>PTP</TimingStatus>
        </To>
        <RouteLinkRef>YNAS032_001_34196</RouteLinkRef>
        <Direction>outbound</Direction>
        <RunTime>PT120S</RunTime>
      </JourneyPatternTimingLink>
      <JourneyPatternTimingLink id="JPS_YNAS032-3_34197">
        <From>
          <StopPointRef>3200YND20760</StopPointRef>
          <TimingStatus>PTP</TimingStatus>
        </From>
        <To>
          <StopPointRef>3200YND20770</StopPointRef>
          <TimingStatus>OTH</TimingStatus>
        </To>
        <RouteLinkRef>YNAS032_001_34197</RouteLinkRef>
        <Direction>outbound</Direction>
        <RunTime>PT60S</RunTime>
      </JourneyPatternTimingLink>
      <JourneyPatternTimingLink id="JPS_YNAS032-3_34198">
        <From>
          <StopPointRef>3200YND20770</StopPointRef>
          <TimingStatus>OTH</TimingStatus>
        </From>
        <To>
          <StopPointRef>3200YND13550</StopPointRef>
          <TimingStatus>OTH</TimingStatus>
        </To>
        <RouteLinkRef>YNAS032_001_34198</RouteLinkRef>
        <Direction>outbound</Direction>
        <RunTime>PT60S</RunTime>
      </JourneyPatternTimingLink>
      <JourneyPatternTimingLink id="JPS_YNAS032-3_34199">
        <From>
          <StopPointRef>3200YND13550</StopPointRef>
          <TimingStatus>OTH</TimingStatus>
        </From>
        <To>
          <StopPointRef>3200YND13470</StopPointRef>
          <TimingStatus>PTP</TimingStatus>
        </To>
        <RouteLinkRef>YNAS032_001_34199</RouteLinkRef>
        <Direction>outbound</Direction>
        <RunTime>PT60S</RunTime>
      </JourneyPatternTimingLink>
      <JourneyPatternTimingLink id="JPS_YNAS032-3_34200">
        <From>
          <StopPointRef>3200YND13470</StopPointRef>
          <TimingStatus>PTP</TimingStatus>
        </From>
        <To>
          <StopPointRef>3200YND13570</StopPointRef>
          <TimingStatus>OTH</TimingStatus>
        </To>
        <RouteLinkRef>YNAS032_001_34200</RouteLinkRef>
        <Direction>outbound</Direction>
        <RunTime>PT60S</RunTime>
      </JourneyPatternTimingLink>
      <JourneyPatternTimingLink id="JPS_YNAS032-3_34201">
        <From>
          <StopPointRef>3200YND13570</StopPointRef>
          <TimingStatus>OTH</TimingStatus>
        </From>
        <To>
          <StopPointRef>3200YND21120</StopPointRef>
          <TimingStatus>OTH</TimingStatus>
        </To>
        <RouteLinkRef>YNAS032_001_34201</RouteLinkRef>
        <Direction>outbound</Direction>
        <RunTime>PT60S</RunTime>
      </JourneyPatternTimingLink>
      <JourneyPatternTimingLink id="JPS_YNAS032-3_34202">
        <From>
          <StopPointRef>3200YND21120</StopPointRef>
          <TimingStatus>OTH</TimingStatus>
        </From>
        <To>
          <StopPointRef>3200YND13100</StopPointRef>
          <TimingStatus>OTH</TimingStatus>
        </To>
        <RouteLinkRef>YNAS032_001_34202</RouteLinkRef>
        <Direction>outbound</Direction>
        <RunTime>PT180S</RunTime>
      </JourneyPatternTimingLink>
      <JourneyPatternTimingLink id="JPS_YNAS032-3_34203">
        <From>
          <StopPointRef>3200YND13100</StopPointRef>
          <TimingStatus>OTH</TimingStatus>
        </From>
        <To>
          <StopPointRef>3200YND13120</StopPointRef>
          <TimingStatus>PTP</TimingStatus>
        </To>
        <RouteLinkRef>YNAS032_001_34203</RouteLinkRef>
        <Direction>outbound</Direction>
        <RunTime>PT120S</RunTime>
      </JourneyPatternTimingLink>
      <JourneyPatternTimingLink id="JPS_YNAS032-3_34204">
        <From>
          <StopPointRef>3200YND13120</StopPointRef>
          <TimingStatus>PTP</TimingStatus>
        </From>
        <To>
          <StopPointRef>3200YND57010</StopPointRef>
          <TimingStatus>OTH</TimingStatus>
        </To>
        <RouteLinkRef>YNAS032_001_34204</RouteLinkRef>
        <Direction>outbound</Direction>
        <RunTime>PT120S</RunTime>
      </JourneyPatternTimingLink>
      <JourneyPatternTimingLink id="JPS_YNAS032-3_34205">
        <From>
          <StopPointRef>3200YND57010</StopPointRef>
          <TimingStatus>OTH</TimingStatus>
        </From>
        <To>
          <StopPointRef>3200YND57030</StopPointRef>
          <TimingStatus>PTP</TimingStatus>
        </To>
        <RouteLinkRef>YNAS032_001_34205</RouteLinkRef>
        <Direction>outbound</Direction>
        <RunTime>PT480S</RunTime>
      </JourneyPatternTimingLink>
      <JourneyPatternTimingLink id="JPS_YNAS032-3_34206">
        <From>
          <StopPointRef>3200YND57030</StopPointRef>
          <TimingStatus>PTP</TimingStatus>
        </From>
        <To>
          <StopPointRef>3200YND57040</StopPointRef>
          <TimingStatus>OTH</TimingStatus>
        </To>
        <RouteLinkRef>YNAS032_001_34206</RouteLinkRef>
        <Direction>outbound</Direction>
        <RunTime>PT60S</RunTime>
      </JourneyPatternTimingLink>
      <JourneyPatternTimingLink id="JPS_YNAS032-3_34207">
        <From>
          <StopPointRef>3200YND57040</StopPointRef>
          <TimingStatus>OTH</TimingStatus>
        </From>
        <To>
          <StopPointRef>3200YNA06396</StopPointRef>
          <TimingStatus>OTH</TimingStatus>
        </To>
        <RouteLinkRef>YNAS032_001_34207</RouteLinkRef>
        <Direction>outbound</Direction>
        <RunTime>PT180S</RunTime>
      </JourneyPatternTimingLink>
      <JourneyPatternTimingLink id="JPS_YNAS032-3_34208">
        <From>
          <StopPointRef>3200YNA06396</StopPointRef>
          <TimingStatus>OTH</TimingStatus>
        </From>
        <To>
          <StopPointRef>3200YND57050</StopPointRef>
          <TimingStatus>PTP</TimingStatus>
        </To>
        <RouteLinkRef>YNAS032_001_34208</RouteLinkRef>
        <Direction>outbound</Direction>
        <RunTime>PT60S</RunTime>
      </JourneyPatternTimingLink>
    </JourneyPatternSection>
    <JourneyPatternSection id="JPS_YNAS032-4">
      <JourneyPatternTimingLink id="JPS_YNAS032-4_34210">
        <From>
          <StopPointRef>3200YND57780</StopPointRef>
          <TimingStatus>PTP</TimingStatus>
        </From>
        <To>
          <StopPointRef>3200YND77520</StopPointRef>
          <TimingStatus>OTH</TimingStatus>
        </To>
        <RouteLinkRef>YNAS032_002_34210</RouteLinkRef>
        <Direction>inbound</Direction>
        <RunTime>PT0S</RunTime>
      </JourneyPatternTimingLink>
      <JourneyPatternTimingLink id="JPS_YNAS032-4_34211">
        <From>
          <StopPointRef>3200YND77520</StopPointRef>
          <TimingStatus>OTH</TimingStatus>
        </From>
        <To>
          <StopPointRef>3200YND77500</StopPointRef>
          <TimingStatus>PTP</TimingStatus>
        </To>
        <RouteLinkRef>YNAS032_002_34211</RouteLinkRef>
        <Direction>inbound</Direction>
        <RunTime>PT300S</RunTime>
      </JourneyPatternTimingLink>
      <JourneyPatternTimingLink id="JPS_YNAS032-4_34212">
        <From>
          <StopPointRef>3200YND77500</StopPointRef>
          <TimingStatus>PTP</TimingStatus>
        </From>
        <To>
          <StopPointRef>3200YND57790</StopPointRef>
          <TimingStatus>OTH</TimingStatus>
        </To>
        <RouteLinkRef>YNAS032_002_34212</RouteLinkRef>
        <Direction>inbound</Direction>
        <RunTime>PT60S</RunTime>
      </JourneyPatternTimingLink>
      <JourneyPatternTimingLink id="JPS_YNAS032-4_34213">
        <From>
          <StopPointRef>3200YND57790</StopPointRef>
          <TimingStatus>OTH</TimingStatus>
        </From>
        <To>
          <StopPointRef>3200YND13390</StopPointRef>
          <TimingStatus>OTH</TimingStatus>
        </To>
        <RouteLinkRef>YNAS032_002_34213</RouteLinkRef>
        <Direction>inbound</Direction>
        <RunTime>PT300S</RunTime>
      </JourneyPatternTimingLink>
      <JourneyPatternTimingLink id="JPS_YNAS032-4_34214">
        <From>
          <StopPointRef>3200YND13390</StopPointRef>
          <TimingStatus>OTH</TimingStatus>
        </From>
        <To>
          <StopPointRef>3200YND13400</StopPointRef>
          <TimingStatus>OTH</TimingStatus>
        </To>
        <RouteLinkRef>YNAS032_002_34214</RouteLinkRef>
        <Direction>inbound</Direction>
        <RunTime>PT120S</RunTime>
      </JourneyPatternTimingLink>
      <JourneyPatternTimingLink id="JPS_YNAS032-4_34215">
        <From>
          <StopPointRef>3200YND13400</StopPointRef>
          <TimingStatus>OTH</TimingStatus>
        </From>
        <To>
          <StopPointRef>3200YNA96546</StopPointRef>
          <TimingStatus>PTP</TimingStatus>
        </To>
        <RouteLinkRef>YNAS032_002_34215</RouteLinkRef>
        <Direction>inbound</Direction>
        <RunTime>PT120S</RunTime>
      </JourneyPatternTimingLink>
      <JourneyPatternTimingLink id="JPS_YNAS032-4_34216">
        <From>
          <StopPointRef>3200YNA96546</StopPointRef>
          <TimingStatus>PTP</TimingStatus>
        </From>
        <To>
          <StopPointRef>3200YND21130</StopPointRef>
          <TimingStatus>OTH</TimingStatus>
        </To>
        <RouteLinkRef>YNAS032_002_34216</RouteLinkRef>
        <Direction>inbound</Direction>
        <RunTime>PT60S</RunTime>
      </JourneyPatternTimingLink>
      <JourneyPatternTimingLink id="JPS_YNAS032-4_34217">
        <From>
          <StopPointRef>3200YND21130</StopPointRef>
          <TimingStatus>OTH</TimingStatus>
        </From>
        <To>
          <StopPointRef>3200YNA96423</StopPointRef>
          <TimingStatus>OTH</TimingStatus>
        </To>
        <RouteLinkRef>YNAS032_002_34217</RouteLinkRef>
        <Direction>inbound</Direction>
        <RunTime>PT0S</RunTime>
      </JourneyPatternTimingLink>
      <JourneyPatternTimingLink id="JPS_YNAS032-4_34218">
        <From>
          <StopPointRef>3200YNA96423</StopPointRef>
          <TimingStatus>OTH</TimingStatus>
        </From>
        <To>
          <StopPointRef>3200YND13460</StopPointRef>
          <TimingStatus>OTH</TimingStatus>
        </To>
        <RouteLinkRef>YNAS032_002_34218</RouteLinkRef>
        <Direction>inbound</Direction>
        <RunTime>PT60S</RunTime>
      </JourneyPatternTimingLink>
      <JourneyPatternTimingLink id="JPS_YNAS032-4_34219">
        <From>
          <StopPointRef>3200YND13460</StopPointRef>
          <TimingStatus>OTH</TimingStatus>
        </From>
        <To>
          <StopPointRef>3200YND13560</StopPointRef>
          <TimingStatus>PTP</TimingStatus>
        </To>
        <RouteLinkRef>YNAS032_002_34219</RouteLinkRef>
        <Direction>inbound</Direction>
        <RunTime>PT60S</RunTime>
      </JourneyPatternTimingLink>
      <JourneyPatternTimingLink id="JPS_YNAS032-4_34220">
        <From>
          <StopPointRef>3200YND13560</StopPointRef>
          <TimingStatus>PTP</TimingStatus>
        </From>
        <To>
          <StopPointRef>3200YND20600</StopPointRef>
          <TimingStatus>OTH</TimingStatus>
        </To>
        <RouteLinkRef>YNAS032_002_34220</RouteLinkRef>
        <Direction>inbound</Direction>
        <RunTime>PT60S</RunTime>
      </JourneyPatternTimingLink>
      <JourneyPatternTimingLink id="JPS_YNAS032-4_34221">
        <From>
          <StopPointRef>3200YND20600</StopPointRef>
          <TimingStatus>OTH</TimingStatus>
        </From>
        <To>
          <StopPointRef>3200YND20610</StopPointRef>
          <TimingStatus>OTH</TimingStatus>
        </To>
        <RouteLinkRef>YNAS032_002_34221</RouteLinkRef>
        <Direction>inbound</Direction>
        <RunTime>PT60S</RunTime>
      </JourneyPatternTimingLink>
      <JourneyPatternTimingLink id="JPS_YNAS032-4_34222">
        <From>
          <StopPointRef>3200YND20610</StopPointRef>
          <TimingStatus>OTH</TimingStatus>
        </From>
        <To>
          <StopPointRef>3200YNA96872</StopPointRef>
          <TimingStatus>PTP</TimingStatus>
        </To>
        <RouteLinkRef>YNAS032_002_34222</RouteLinkRef>
        <Direction>inbound</Direction>
        <RunTime>PT60S</RunTime>
      </JourneyPatternTimingLink>
      <JourneyPatternTimingLink id="JPS_YNAS032-4_34223">
        <From>
          <StopPointRef>3200YNA96872</StopPointRef>
          <TimingStatus>PTP</TimingStatus>
        </From>
        <To>
          <StopPointRef>3200YND21000</StopPointRef>
          <TimingStatus>OTH</TimingStatus>
        </To>
        <RouteLinkRef>YNAS032_002_34223</RouteLinkRef>
        <Direction>inbound</Direction>
        <RunTime>PT0S</RunTime>
      </JourneyPatternTimingLink>
      <JourneyPatternTimingLink id="JPS_YNAS032-4_34224">
        <From>
          <StopPointRef>3200YND21000</StopPointRef>
          <TimingStatus>OTH</TimingStatus>
        </From>
        <To>
          <StopPointRef>3200YND21010</StopPointRef>
          <TimingStatus>OTH</TimingStatus>
        </To>
        <RouteLinkRef>YNAS032_002_34224</RouteLinkRef>
        <Direction>inbound</Direction>
        <RunTime>PT240S</RunTime>
      </JourneyPatternTimingLink>
      <JourneyPatternTimingLink id="JPS_YNAS032-4_34225">
        <From>
          <StopPointRef>3200YND21010</StopPointRef>
          <TimingStatus>OTH</TimingStatus>
        </From>
        <To>
          <StopPointRef>3200YNA96516</StopPointRef>
          <TimingStatus>PTP</TimingStatus>
        </To>
        <RouteLinkRef>YNAS032_002_34225</RouteLinkRef>
        <Direction>inbound</Direction>
        <RunTime>PT180S</RunTime>
      </JourneyPatternTimingLink>
      <JourneyPatternTimingLink id="JPS_YNAS032-4_34226">
        <From>
          <StopPointRef>3200YNA96516</StopPointRef>
          <TimingStatus>PTP</TimingStatus>
        </From>
        <To>
          <StopPointRef>3200YND20860</StopPointRef>
          <TimingStatus>OTH</TimingStatus>
        </To>
        <RouteLinkRef>YNAS032_002_34226</RouteLinkRef>
        <Direction>inbound</Direction>
        <RunTime>PT0S</RunTime>
      </JourneyPatternTimingLink>
      <JourneyPatternTimingLink id="JPS_YNAS032-4_34227">
        <From>
          <StopPointRef>3200YND20860</StopPointRef>
          <TimingStatus>OTH</TimingStatus>
        </From>
        <To>
          <StopPointRef>3200YND20870</StopPointRef>
          <TimingStatus>PTP</TimingStatus>
        </To>
        <RouteLinkRef>YNAS032_002_34227</RouteLinkRef>
        <Direction>inbound</Direction>
        <RunTime>PT60S</RunTime>
      </JourneyPatternTimingLink>
      <JourneyPatternTimingLink id="JPS_YNAS032-4_34228">
        <From>
          <StopPointRef>3200YND20870</StopPointRef>
          <TimingStatus>PTP</TimingStatus>
        </From>
        <To>
          <StopPointRef>3200YND20690</StopPointRef>
          <TimingStatus>PTP</TimingStatus>
        </To>
        <RouteLinkRef>YNAS032_002_34228</RouteLinkRef>
        <Direction>inbound</Direction>
        <RunTime>PT180S</RunTime>
      </JourneyPatternTimingLink>
      <JourneyPatternTimingLink id="JPS_YNAS032-4_34229">
        <From>
          <StopPointRef>3200YND20690</StopPointRef>
          <TimingStatus>PTP</TimingStatus>
        </From>
        <To>
          <StopPointRef>3200YND20680</StopPointRef>
          <TimingStatus>OTH</TimingStatus>
        </To>
        <RouteLinkRef>YNAS032_002_34229</RouteLinkRef>
        <Direction>inbound</Direction>
        <RunTime>PT0S</RunTime>
      </JourneyPatternTimingLink>
      <JourneyPatternTimingLink id="JPS_YNAS032-4_34230">
        <From>
          <StopPointRef>3200YND20680</StopPointRef>
          <TimingStatus>OTH</TimingStatus>
        </From>
        <To>
          <StopPointRef>3200YND20670</StopPointRef>
          <TimingStatus>OTH</TimingStatus>
        </To>
        <RouteLinkRef>YNAS032_002_34230</RouteLinkRef>
        <Direction>inbound</Direction>
        <RunTime>PT0S</RunTime>
      </JourneyPatternTimingLink>
      <JourneyPatternTimingLink id="JPS_YNAS032-4_34231">
        <From>
          <StopPointRef>3200YND20670</StopPointRef>
          <TimingStatus>OTH</TimingStatus>
        </From>
        <To>
          <StopPointRef>3200YND20660</StopPointRef>
          <TimingStatus>OTH</TimingStatus>
        </To>
        <RouteLinkRef>YNAS032_002_34231</RouteLinkRef>
        <Direction>inbound</Direction>
        <RunTime>PT60S</RunTime>
      </JourneyPatternTimingLink>
      <JourneyPatternTimingLink id="JPS_YNAS032-4_34232">
        <From>
          <StopPointRef>3200YND20660</StopPointRef>
          <TimingStatus>OTH</TimingStatus>
        </From>
        <To>
          <StopPointRef>3200YNA96875</StopPointRef>
          <TimingStatus>PTP</TimingStatus>
        </To>
        <RouteLinkRef>YNAS032_002_34232</RouteLinkRef>
        <Direction>inbound</Direction>
        <RunTime>PT60S</RunTime>
      </JourneyPatternTimingLink>
      <JourneyPatternTimingLink id="JPS_YNAS032-4_34233">
        <From>
          <StopPointRef>3200YNA96875</StopPointRef>
          <TimingStatus>PTP</TimingStatus>
        </From>
        <To>
          <StopPointRef>3200YNA96876</StopPointRef>
          <TimingStatus>OTH</TimingStatus>
        </To>
        <RouteLinkRef>YNAS032_002_34233</RouteLinkRef>
        <Direction>inbound</Direction>
        <RunTime>PT180S</RunTime>
      </JourneyPatternTimingLink>
      <JourneyPatternTimingLink id="JPS_YNAS032-4_34234">
        <From>
          <StopPointRef>3200YNA96876</StopPointRef>
          <TimingStatus>OTH</TimingStatus>
        </From>
        <To>
          <StopPointRef>3200YND13500</StopPointRef>
          <TimingStatus>OTH</TimingStatus>
        </To>
        <RouteLinkRef>YNAS032_002_34234</RouteLinkRef>
        <Direction>inbound</Direction>
        <RunTime>PT60S</RunTime>
      </JourneyPatternTimingLink>
      <JourneyPatternTimingLink id="JPS_YNAS032-4_34235">
        <From>
          <StopPointRef>3200YND13500</StopPointRef>
          <TimingStatus>OTH</TimingStatus>
        </From>
        <To>
          <StopPointRef>3200YND13510</StopPointRef>
          <TimingStatus>OTH</TimingStatus>
        </To>
        <RouteLinkRef>YNAS032_002_34235</RouteLinkRef>
        <Direction>inbound</Direction>
        <RunTime>PT60S</RunTime>
      </JourneyPatternTimingLink>
      <JourneyPatternTimingLink id="JPS_YNAS032-4_34236">
        <From>
          <StopPointRef>3200YND13510</StopPointRef>
          <TimingStatus>OTH</TimingStatus>
        </From>
        <To>
          <StopPointRef>3200YND13050</StopPointRef>
          <TimingStatus>PTP</TimingStatus>
        </To>
        <RouteLinkRef>YNAS032_002_34236</RouteLinkRef>
        <Direction>inbound</Direction>
        <RunTime>PT60S</RunTime>
      </JourneyPatternTimingLink>
      <JourneyPatternTimingLink id="JPS_YNAS032-4_34237">
        <From>
          <StopPointRef>3200YND13050</StopPointRef>
          <TimingStatus>PTP</TimingStatus>
        </From>
        <To>
          <StopPointRef>3200YND13060</StopPointRef>
          <TimingStatus>OTH</TimingStatus>
        </To>
        <RouteLinkRef>YNAS032_002_34237</RouteLinkRef>
        <Direction>inbound</Direction>
        <RunTime>PT0S</RunTime>
      </JourneyPatternTimingLink>
      <JourneyPatternTimingLink id="JPS_YNAS032-4_34238">
        <From>
          <StopPointRef>3200YND13060</StopPointRef>
          <TimingStatus>OTH</TimingStatus>
        </From>
        <To>
          <StopPointRef>3200YND80650</StopPointRef>
          <TimingStatus>PTP</TimingStatus>
        </To>
        <RouteLinkRef>YNAS032_002_34238</RouteLinkRef>
        <Direction>inbound</Direction>
        <RunTime>PT120S</RunTime>
      </JourneyPatternTimingLink>
      <JourneyPatternTimingLink id="JPS_YNAS032-4_34239">
        <From>
          <StopPointRef>3200YND80650</StopPointRef>
          <TimingStatus>PTP</TimingStatus>
        </From>
        <To>
          <StopPointRef>3200YND80660</StopPointRef>
          <TimingStatus>PTP</TimingStatus>
        </To>
        <RouteLinkRef>YNAS032_002_34239</RouteLinkRef>
        <Direction>inbound</Direction>
        <RunTime>PT120S</RunTime>
      </JourneyPatternTimingLink>
      <JourneyPatternTimingLink id="JPS_YNAS032-4_34240">
        <From>
          <StopPointRef>3200YND80660</StopPointRef>
          <TimingStatus>PTP</TimingStatus>
        </From>
        <To>
          <StopPointRef>3200YNA96522</StopPointRef>
          <TimingStatus>OTH</TimingStatus>
        </To>
        <RouteLinkRef>YNAS032_002_34240</RouteLinkRef>
        <Direction>inbound</Direction>
        <RunTime>PT0S</RunTime>
      </JourneyPatternTimingLink>
      <JourneyPatternTimingLink id="JPS_YNAS032-4_34241">
        <From>
          <StopPointRef>3200YNA96522</StopPointRef>
          <TimingStatus>OTH</TimingStatus>
        </From>
        <To>
          <StopPointRef>3200YND80710</StopPointRef>
          <TimingStatus>OTH</TimingStatus>
        </To>
        <RouteLinkRef>YNAS032_002_34241</RouteLinkRef>
        <Direction>inbound</Direction>
        <RunTime>PT240S</RunTime>
      </JourneyPatternTimingLink>
      <JourneyPatternTimingLink id="JPS_YNAS032-4_34242">
        <From>
          <StopPointRef>3200YND80710</StopPointRef>
          <TimingStatus>OTH</TimingStatus>
        </From>
        <To>
          <StopPointRef>3200YND80720</StopPointRef>
          <TimingStatus>PTP</TimingStatus>
        </To>
        <RouteLinkRef>YNAS032_002_34242</RouteLinkRef>
        <Direction>inbound</Direction>
        <RunTime>PT60S</RunTime>
      </JourneyPatternTimingLink>
    </JourneyPatternSection>
  </JourneyPatternSections>
  <Operators>
    <Operator id="HDT">
      <NationalOperatorCode>HRGT</NationalOperatorCode>
      <OperatorCode>HDT</OperatorCode>
      <OperatorShortName>transdev / Harrogate and</OperatorShortName>
    </Operator>
  </Operators>
  <Services>
    <Service>
      <ServiceCode>YNAS032</ServiceCode>
      <Lines>
        <Line id="0">
          <LineName>S32</LineName>
        </Line>
      </Lines>
      <OperatingPeriod>
        <StartDate>2016-09-04</StartDate>
        <EndDate>2038-01-17</EndDate>
      </OperatingPeriod>
      <RegisteredOperatorRef>HDT</RegisteredOperatorRef>
      <StopRequirements>
        <NoNewStopsRequired />
      </StopRequirements>
      <Mode>bus</Mode>
      <Description>Jennyfield - Harrogate</Description>
      <StandardService>
        <Origin>Jennyfield</Origin>
        <Destination>Harrogate</Destination>
        <JourneyPattern id="JPS_YNAS032-3">
          <Direction>outbound</Direction>
          <JourneyPatternSectionRefs>JPS_YNAS032-3</JourneyPatternSectionRefs>
        </JourneyPattern>
        <JourneyPattern id="JPS_YNAS032-4">
          <Direction>inbound</Direction>
          <JourneyPatternSectionRefs>JPS_YNAS032-4</JourneyPatternSectionRefs>
        </JourneyPattern>
      </StandardService>
    </Service>
  </Services>
  <VehicleJourneys>
    <VehicleJourney>
      <OperatorRef>HDT</OperatorRef>
      <OperatingProfile>
        <RegularDayType>
          <DaysOfWeek>
            <Monday />
            <Tuesday />
            <Wednesday />
            <Thursday />
            <Friday />
          </DaysOfWeek>
        </RegularDayType>
        <BankHolidayOperation>
          <DaysOfNonOperation>
            <ChristmasDay />
            <BoxingDay />
            <GoodFriday />
            <NewYearsDay />
            <LateSummerBankHolidayNotScotland />
            <MayDay />
            <EasterMonday />
            <SpringBank />
          </DaysOfNonOperation>
        </BankHolidayOperation>
      </OperatingProfile>
      <VehicleJourneyCode>72539</VehicleJourneyCode>
      <ServiceRef>YNAS032</ServiceRef>
      <LineRef>0</LineRef>
      <JourneyPatternRef>JPS_YNAS032-3</JourneyPatternRef>
      <Note>
        <NoteCode>SCHD</NoteCode>
        <NoteText>School Days Only</NoteText>
      </Note>
      <DepartureTime>07:43:00</DepartureTime>
    </VehicleJourney>
    <VehicleJourney>
      <OperatorRef>HDT</OperatorRef>
      <OperatingProfile>
        <RegularDayType>
          <DaysOfWeek>
            <Monday />
            <Tuesday />
            <Wednesday />
            <Thursday />
            <Friday />
          </DaysOfWeek>
        </RegularDayType>
        <BankHolidayOperation>
          <DaysOfNonOperation>
            <ChristmasDay />
            <BoxingDay />
            <GoodFriday />
            <NewYearsDay />
            <LateSummerBankHolidayNotScotland />
            <MayDay />
            <EasterMonday />
            <SpringBank />
          </DaysOfNonOperation>
        </BankHolidayOperation>
      </OperatingProfile>
      <VehicleJourneyCode>72540</VehicleJourneyCode>
      <ServiceRef>YNAS032</ServiceRef>
      <LineRef>0</LineRef>
      <JourneyPatternRef>JPS_YNAS032-4</JourneyPatternRef>
      <Note>
        <NoteCode>SCHD</NoteCode>
        <NoteText>School Days Only</NoteText>
      </Note>
      <DepartureTime>15:45:00</DepartureTime>
    </VehicleJourney>
  </VehicleJourneys>
</TransXChange>