<?xml version="1.0" encoding="utf-8"?>
<TransXChange xmlns:xsd="http://www.w3.org/2001/XMLSchema" xmlns:xsi="http://www.w3.org/2001/XMLSchema-instance" xsi:schemaLocation="http://www.transxchange.org.uk/ http://www.transxchange.org.uk/schema/2.1/TransXChange_general.xsd" CreationDateTime="2017-09-18T09:39:00-00:00" ModificationDateTime="2017-09-18T09:39:00-00:00" Modification="new" RevisionNumber="0" FileName="SVRYNBO014.xml" SchemaVersion="2.1" RegistrationDocument="false" xmlns="http://www.transxchange.org.uk/">
  <StopPoints>
    <AnnotatedStopPointRef>
      <StopPointRef>3200YNA01157</StopPointRef>
      <CommonName>Queen Street Stop B</CommonName>
    </AnnotatedStopPointRef>
    <AnnotatedStopPointRef>
      <StopPointRef>3200YNA06389</StopPointRef>
      <CommonName>St Thomas Street Stop E1</CommonName>
    </AnnotatedStopPointRef>
    <AnnotatedStopPointRef>
      <StopPointRef>3200YNA01159</StopPointRef>
      <CommonName>Castle Road Stop G</CommonName>
    </AnnotatedStopPointRef>
    <AnnotatedStopPointRef>
      <StopPointRef>3200YNA01161</StopPointRef>
      <CommonName>Aberdeen Walk Stop J</CommonName>
    </AnnotatedStopPointRef>
    <AnnotatedStopPointRef>
      <StopPointRef>3200YNA01165</StopPointRef>
      <CommonName>Westborough Stop M</CommonName>
    </AnnotatedStopPointRef>
    <AnnotatedStopPointRef>
      <StopPointRef>3200YNA01222</StopPointRef>
      <CommonName>Railway Station Stop R</CommonName>
    </AnnotatedStopPointRef>
    <AnnotatedStopPointRef>
      <StopPointRef>3200YNA01223</StopPointRef>
      <CommonName>Falsgrave Road</CommonName>
    </AnnotatedStopPointRef>
    <AnnotatedStopPointRef>
      <StopPointRef>3200YNB00624</StopPointRef>
      <CommonName>Harley Close</CommonName>
    </AnnotatedStopPointRef>
    <AnnotatedStopPointRef>
      <StopPointRef>3200YNA90628</StopPointRef>
      <CommonName>Swanzdale Vets</CommonName>
    </AnnotatedStopPointRef>
    <AnnotatedStopPointRef>
      <StopPointRef>3200YNA01043</StopPointRef>
      <CommonName>Peasholme Beck</CommonName>
    </AnnotatedStopPointRef>
    <AnnotatedStopPointRef>
      <StopPointRef>3200YNA90626</StopPointRef>
      <CommonName>Scarborough Hospital</CommonName>
    </AnnotatedStopPointRef>
    <AnnotatedStopPointRef>
      <StopPointRef>3200YNA01040</StopPointRef>
      <CommonName>Yorkshire Coast College</CommonName>
    </AnnotatedStopPointRef>
    <AnnotatedStopPointRef>
      <StopPointRef>3200YNA90625</StopPointRef>
      <CommonName>Wreyfield Drive</CommonName>
    </AnnotatedStopPointRef>
    <AnnotatedStopPointRef>
      <StopPointRef>3200YNA90623</StopPointRef>
      <CommonName>Chestnut Park</CommonName>
    </AnnotatedStopPointRef>
    <AnnotatedStopPointRef>
      <StopPointRef>3200YNA01026</StopPointRef>
      <CommonName>Throxenby Grove</CommonName>
    </AnnotatedStopPointRef>
    <AnnotatedStopPointRef>
      <StopPointRef>3200YNA01028</StopPointRef>
      <CommonName>Roman Close</CommonName>
    </AnnotatedStopPointRef>
    <AnnotatedStopPointRef>
      <StopPointRef>3200YNA01030</StopPointRef>
      <CommonName>High Moor Edge</CommonName>
    </AnnotatedStopPointRef>
    <AnnotatedStopPointRef>
      <StopPointRef>3200YNA01031</StopPointRef>
      <CommonName>Four Lane Ends</CommonName>
    </AnnotatedStopPointRef>
    <AnnotatedStopPointRef>
      <StopPointRef>3200YNA01034</StopPointRef>
      <CommonName>Hackness Drive</CommonName>
    </AnnotatedStopPointRef>
    <AnnotatedStopPointRef>
      <StopPointRef>3200YNA01035</StopPointRef>
      <CommonName>The Rosette</CommonName>
    </AnnotatedStopPointRef>
    <AnnotatedStopPointRef>
      <StopPointRef>3200YNA90619</StopPointRef>
      <CommonName>Proudfoot Foodstore</CommonName>
    </AnnotatedStopPointRef>
    <AnnotatedStopPointRef>
      <StopPointRef>3200YNA90621</StopPointRef>
      <CommonName>Greenstead Road</CommonName>
    </AnnotatedStopPointRef>
    <AnnotatedStopPointRef>
      <StopPointRef>3200YNA01023</StopPointRef>
      <CommonName>Fieldstead Crescent</CommonName>
    </AnnotatedStopPointRef>
    <AnnotatedStopPointRef>
      <StopPointRef>3200YNA90622</StopPointRef>
      <CommonName>Green Lane</CommonName>
    </AnnotatedStopPointRef>
    <AnnotatedStopPointRef>
      <StopPointRef>3200YNA90624</StopPointRef>
      <CommonName>Wreyfield Drive</CommonName>
    </AnnotatedStopPointRef>
    <AnnotatedStopPointRef>
      <StopPointRef>3200YNA01039</StopPointRef>
      <CommonName>Yorkshire Coast College</CommonName>
    </AnnotatedStopPointRef>
    <AnnotatedStopPointRef>
      <StopPointRef>3200YNA96708</StopPointRef>
      <CommonName>Hospital</CommonName>
    </AnnotatedStopPointRef>
    <AnnotatedStopPointRef>
      <StopPointRef>3200YNA90627</StopPointRef>
      <CommonName>Woodland Ravine</CommonName>
    </AnnotatedStopPointRef>
    <AnnotatedStopPointRef>
      <StopPointRef>3200YNA90629</StopPointRef>
      <CommonName>Malvern Crescent</CommonName>
    </AnnotatedStopPointRef>
    <AnnotatedStopPointRef>
      <StopPointRef>3200YNA90630</StopPointRef>
      <CommonName>Harley Close</CommonName>
    </AnnotatedStopPointRef>
    <AnnotatedStopPointRef>
      <StopPointRef>3200YNA01224</StopPointRef>
      <CommonName>St John's Road</CommonName>
    </AnnotatedStopPointRef>
    <AnnotatedStopPointRef>
      <StopPointRef>3200YNB00627</StopPointRef>
      <CommonName>West Square Stop V</CommonName>
    </AnnotatedStopPointRef>
    <AnnotatedStopPointRef>
      <StopPointRef>3200YNA01167</StopPointRef>
      <CommonName>Victoria Street</CommonName>
    </AnnotatedStopPointRef>
    <AnnotatedStopPointRef>
      <StopPointRef>3200YNF10137</StopPointRef>
      <CommonName>Castle Road</CommonName>
    </AnnotatedStopPointRef>
    <AnnotatedStopPointRef>
      <StopPointRef>3200YNA06391</StopPointRef>
      <CommonName>Castle Road Stop A</CommonName>
    </AnnotatedStopPointRef>
  </StopPoints>
  <RouteSections>
    <RouteSection id="YNBO014_001">
      <RouteLink id="YNBO014_001_36027">
        <From>
          <StopPointRef>3200YNA01157</StopPointRef>
        </From>
        <To>
          <StopPointRef>3200YNA06389</StopPointRef>
        </To>
        <Direction>outbound</Direction>
      </RouteLink>
      <RouteLink id="YNBO014_001_36028">
        <From>
          <StopPointRef>3200YNA06389</StopPointRef>
        </From>
        <To>
          <StopPointRef>3200YNA01159</StopPointRef>
        </To>
        <Direction>outbound</Direction>
      </RouteLink>
      <RouteLink id="YNBO014_001_36029">
        <From>
          <StopPointRef>3200YNA01159</StopPointRef>
        </From>
        <To>
          <StopPointRef>3200YNA01161</StopPointRef>
        </To>
        <Direction>outbound</Direction>
      </RouteLink>
      <RouteLink id="YNBO014_001_36030">
        <From>
          <StopPointRef>3200YNA01161</StopPointRef>
        </From>
        <To>
          <StopPointRef>3200YNA01165</StopPointRef>
        </To>
        <Direction>outbound</Direction>
      </RouteLink>
      <RouteLink id="YNBO014_001_36031">
        <From>
          <StopPointRef>3200YNA01165</StopPointRef>
        </From>
        <To>
          <StopPointRef>3200YNA01222</StopPointRef>
        </To>
        <Direction>outbound</Direction>
      </RouteLink>
      <RouteLink id="YNBO014_001_36032">
        <From>
          <StopPointRef>3200YNA01222</StopPointRef>
        </From>
        <To>
          <StopPointRef>3200YNA01223</StopPointRef>
        </To>
        <Direction>outbound</Direction>
      </RouteLink>
      <RouteLink id="YNBO014_001_36033">
        <From>
          <StopPointRef>3200YNA01223</StopPointRef>
        </From>
        <To>
          <StopPointRef>3200YNB00624</StopPointRef>
        </To>
        <Direction>outbound</Direction>
      </RouteLink>
      <RouteLink id="YNBO014_001_36034">
        <From>
          <StopPointRef>3200YNB00624</StopPointRef>
        </From>
        <To>
          <StopPointRef>3200YNA90628</StopPointRef>
        </To>
        <Direction>outbound</Direction>
      </RouteLink>
      <RouteLink id="YNBO014_001_36035">
        <From>
          <StopPointRef>3200YNA90628</StopPointRef>
        </From>
        <To>
          <StopPointRef>3200YNA01043</StopPointRef>
        </To>
        <Direction>outbound</Direction>
      </RouteLink>
      <RouteLink id="YNBO014_001_36036">
        <From>
          <StopPointRef>3200YNA01043</StopPointRef>
        </From>
        <To>
          <StopPointRef>3200YNA90626</StopPointRef>
        </To>
        <Direction>outbound</Direction>
      </RouteLink>
      <RouteLink id="YNBO014_001_36037">
        <From>
          <StopPointRef>3200YNA90626</StopPointRef>
        </From>
        <To>
          <StopPointRef>3200YNA01040</StopPointRef>
        </To>
        <Direction>outbound</Direction>
      </RouteLink>
      <RouteLink id="YNBO014_001_36038">
        <From>
          <StopPointRef>3200YNA01040</StopPointRef>
        </From>
        <To>
          <StopPointRef>3200YNA90625</StopPointRef>
        </To>
        <Direction>outbound</Direction>
      </RouteLink>
      <RouteLink id="YNBO014_001_36039">
        <From>
          <StopPointRef>3200YNA90625</StopPointRef>
        </From>
        <To>
          <StopPointRef>3200YNA90623</StopPointRef>
        </To>
        <Direction>outbound</Direction>
      </RouteLink>
      <RouteLink id="YNBO014_001_36040">
        <From>
          <StopPointRef>3200YNA90623</StopPointRef>
        </From>
        <To>
          <StopPointRef>3200YNA01026</StopPointRef>
        </To>
        <Direction>outbound</Direction>
      </RouteLink>
      <RouteLink id="YNBO014_001_36041">
        <From>
          <StopPointRef>3200YNA01026</StopPointRef>
        </From>
        <To>
          <StopPointRef>3200YNA01028</StopPointRef>
        </To>
        <Direction>outbound</Direction>
      </RouteLink>
      <RouteLink id="YNBO014_001_36042">
        <From>
          <StopPointRef>3200YNA01028</StopPointRef>
        </From>
        <To>
          <StopPointRef>3200YNA01030</StopPointRef>
        </To>
        <Direction>outbound</Direction>
      </RouteLink>
      <RouteLink id="YNBO014_001_36043">
        <From>
          <StopPointRef>3200YNA01030</StopPointRef>
        </From>
        <To>
          <StopPointRef>3200YNA01031</StopPointRef>
        </To>
        <Direction>outbound</Direction>
      </RouteLink>
      <RouteLink id="YNBO014_001_36044">
        <From>
          <StopPointRef>3200YNA01031</StopPointRef>
        </From>
        <To>
          <StopPointRef>3200YNA01034</StopPointRef>
        </To>
        <Direction>outbound</Direction>
      </RouteLink>
      <RouteLink id="YNBO014_001_36045">
        <From>
          <StopPointRef>3200YNA01034</StopPointRef>
        </From>
        <To>
          <StopPointRef>3200YNA01035</StopPointRef>
        </To>
        <Direction>outbound</Direction>
      </RouteLink>
    </RouteSection>
    <RouteSection id="YNBO014_002">
      <RouteLink id="YNBO014_002_36047">
        <From>
          <StopPointRef>3200YNA01028</StopPointRef>
        </From>
        <To>
          <StopPointRef>3200YNA01030</StopPointRef>
        </To>
        <Direction>inbound</Direction>
      </RouteLink>
      <RouteLink id="YNBO014_002_36048">
        <From>
          <StopPointRef>3200YNA01030</StopPointRef>
        </From>
        <To>
          <StopPointRef>3200YNA01031</StopPointRef>
        </To>
        <Direction>inbound</Direction>
      </RouteLink>
      <RouteLink id="YNBO014_002_36049">
        <From>
          <StopPointRef>3200YNA01031</StopPointRef>
        </From>
        <To>
          <StopPointRef>3200YNA01034</StopPointRef>
        </To>
        <Direction>inbound</Direction>
      </RouteLink>
      <RouteLink id="YNBO014_002_36050">
        <From>
          <StopPointRef>3200YNA01034</StopPointRef>
        </From>
        <To>
          <StopPointRef>3200YNA01035</StopPointRef>
        </To>
        <Direction>inbound</Direction>
      </RouteLink>
      <RouteLink id="YNBO014_002_36051">
        <From>
          <StopPointRef>3200YNA01035</StopPointRef>
        </From>
        <To>
          <StopPointRef>3200YNA90619</StopPointRef>
        </To>
        <Direction>inbound</Direction>
      </RouteLink>
      <RouteLink id="YNBO014_002_36052">
        <From>
          <StopPointRef>3200YNA90619</StopPointRef>
        </From>
        <To>
          <StopPointRef>3200YNA90621</StopPointRef>
        </To>
        <Direction>inbound</Direction>
      </RouteLink>
      <RouteLink id="YNBO014_002_36053">
        <From>
          <StopPointRef>3200YNA90621</StopPointRef>
        </From>
        <To>
          <StopPointRef>3200YNA01023</StopPointRef>
        </To>
        <Direction>inbound</Direction>
      </RouteLink>
      <RouteLink id="YNBO014_002_36054">
        <From>
          <StopPointRef>3200YNA01023</StopPointRef>
        </From>
        <To>
          <StopPointRef>3200YNA90622</StopPointRef>
        </To>
        <Direction>inbound</Direction>
      </RouteLink>
      <RouteLink id="YNBO014_002_36055">
        <From>
          <StopPointRef>3200YNA90622</StopPointRef>
        </From>
        <To>
          <StopPointRef>3200YNA90624</StopPointRef>
        </To>
        <Direction>inbound</Direction>
      </RouteLink>
      <RouteLink id="YNBO014_002_36056">
        <From>
          <StopPointRef>3200YNA90624</StopPointRef>
        </From>
        <To>
          <StopPointRef>3200YNA01039</StopPointRef>
        </To>
        <Direction>inbound</Direction>
      </RouteLink>
      <RouteLink id="YNBO014_002_36057">
        <From>
          <StopPointRef>3200YNA01039</StopPointRef>
        </From>
        <To>
          <StopPointRef>3200YNA96708</StopPointRef>
        </To>
        <Direction>inbound</Direction>
      </RouteLink>
      <RouteLink id="YNBO014_002_36058">
        <From>
          <StopPointRef>3200YNA96708</StopPointRef>
        </From>
        <To>
          <StopPointRef>3200YNA90627</StopPointRef>
        </To>
        <Direction>inbound</Direction>
      </RouteLink>
      <RouteLink id="YNBO014_002_36059">
        <From>
          <StopPointRef>3200YNA90627</StopPointRef>
        </From>
        <To>
          <StopPointRef>3200YNA90629</StopPointRef>
        </To>
        <Direction>inbound</Direction>
      </RouteLink>
      <RouteLink id="YNBO014_002_36060">
        <From>
          <StopPointRef>3200YNA90629</StopPointRef>
        </From>
        <To>
          <StopPointRef>3200YNA90630</StopPointRef>
        </To>
        <Direction>inbound</Direction>
      </RouteLink>
      <RouteLink id="YNBO014_002_36061">
        <From>
          <StopPointRef>3200YNA90630</StopPointRef>
        </From>
        <To>
          <StopPointRef>3200YNA01224</StopPointRef>
        </To>
        <Direction>inbound</Direction>
      </RouteLink>
      <RouteLink id="YNBO014_002_36062">
        <From>
          <StopPointRef>3200YNA01224</StopPointRef>
        </From>
        <To>
          <StopPointRef>3200YNB00627</StopPointRef>
        </To>
        <Direction>inbound</Direction>
      </RouteLink>
      <RouteLink id="YNBO014_002_36063">
        <From>
          <StopPointRef>3200YNB00627</StopPointRef>
        </From>
        <To>
          <StopPointRef>3200YNA01167</StopPointRef>
        </To>
        <Direction>inbound</Direction>
      </RouteLink>
      <RouteLink id="YNBO014_002_36064">
        <From>
          <StopPointRef>3200YNA01167</StopPointRef>
        </From>
        <To>
          <StopPointRef>3200YNF10137</StopPointRef>
        </To>
        <Direction>inbound</Direction>
      </RouteLink>
      <RouteLink id="YNBO014_002_36065">
        <From>
          <StopPointRef>3200YNF10137</StopPointRef>
        </From>
        <To>
          <StopPointRef>3200YNA06391</StopPointRef>
        </To>
        <Direction>inbound</Direction>
      </RouteLink>
      <RouteLink id="YNBO014_002_36066">
        <From>
          <StopPointRef>3200YNA06391</StopPointRef>
        </From>
        <To>
          <StopPointRef>3200YNA01157</StopPointRef>
        </To>
        <Direction>inbound</Direction>
      </RouteLink>
    </RouteSection>
  </RouteSections>
  <Routes>
    <Route id="YNBO014_001">
      <Description>Town Centre - Newby
</Description>
      <RouteSectionRef>YNBO014_001</RouteSectionRef>
    </Route>
    <Route id="YNBO014_002">
      <Description>Town Centre - Newby
</Description>
      <RouteSectionRef>YNBO014_002</RouteSectionRef>
    </Route>
  </Routes>
  <JourneyPatternSections>
    <JourneyPatternSection id="JPS_YNBO014-3">
      <JourneyPatternTimingLink id="JPS_YNBO014-3_36027">
        <From>
          <StopPointRef>3200YNA01157</StopPointRef>
          <TimingStatus>PTP</TimingStatus>
        </From>
        <To>
          <StopPointRef>3200YNA06389</StopPointRef>
          <TimingStatus>OTH</TimingStatus>
        </To>
        <RouteLinkRef>YNBO014_001_36027</RouteLinkRef>
        <Direction>outbound</Direction>
        <RunTime>PT0S</RunTime>
      </JourneyPatternTimingLink>
      <JourneyPatternTimingLink id="JPS_YNBO014-3_36028">
        <From>
          <StopPointRef>3200YNA06389</StopPointRef>
          <TimingStatus>OTH</TimingStatus>
        </From>
        <To>
          <StopPointRef>3200YNA01159</StopPointRef>
          <TimingStatus>OTH</TimingStatus>
        </To>
        <RouteLinkRef>YNBO014_001_36028</RouteLinkRef>
        <Direction>outbound</Direction>
        <RunTime>PT60S</RunTime>
      </JourneyPatternTimingLink>
      <JourneyPatternTimingLink id="JPS_YNBO014-3_36029">
        <From>
          <StopPointRef>3200YNA01159</StopPointRef>
          <TimingStatus>OTH</TimingStatus>
        </From>
        <To>
          <StopPointRef>3200YNA01161</StopPointRef>
          <TimingStatus>OTH</TimingStatus>
        </To>
        <RouteLinkRef>YNBO014_001_36029</RouteLinkRef>
        <Direction>outbound</Direction>
        <RunTime>PT120S</RunTime>
      </JourneyPatternTimingLink>
      <JourneyPatternTimingLink id="JPS_YNBO014-3_36030">
        <From>
          <StopPointRef>3200YNA01161</StopPointRef>
          <TimingStatus>OTH</TimingStatus>
        </From>
        <To>
          <StopPointRef>3200YNA01165</StopPointRef>
          <TimingStatus>PTP</TimingStatus>
        </To>
        <RouteLinkRef>YNBO014_001_36030</RouteLinkRef>
        <Direction>outbound</Direction>
        <RunTime>PT120S</RunTime>
      </JourneyPatternTimingLink>
      <JourneyPatternTimingLink id="JPS_YNBO014-3_36031">
        <From>
          <StopPointRef>3200YNA01165</StopPointRef>
          <TimingStatus>PTP</TimingStatus>
        </From>
        <To>
          <StopPointRef>3200YNA01222</StopPointRef>
          <TimingStatus>PTP</TimingStatus>
        </To>
        <RouteLinkRef>YNBO014_001_36031</RouteLinkRef>
        <Direction>outbound</Direction>
        <RunTime>PT120S</RunTime>
      </JourneyPatternTimingLink>
      <JourneyPatternTimingLink id="JPS_YNBO014-3_36032">
        <From>
          <StopPointRef>3200YNA01222</StopPointRef>
          <TimingStatus>PTP</TimingStatus>
        </From>
        <To>
          <StopPointRef>3200YNA01223</StopPointRef>
          <TimingStatus>PTP</TimingStatus>
        </To>
        <RouteLinkRef>YNBO014_001_36032</RouteLinkRef>
        <Direction>outbound</Direction>
        <RunTime>PT180S</RunTime>
      </JourneyPatternTimingLink>
      <JourneyPatternTimingLink id="JPS_YNBO014-3_36033">
        <From>
          <StopPointRef>3200YNA01223</StopPointRef>
          <TimingStatus>PTP</TimingStatus>
        </From>
        <To>
          <StopPointRef>3200YNB00624</StopPointRef>
          <TimingStatus>OTH</TimingStatus>
        </To>
        <RouteLinkRef>YNBO014_001_36033</RouteLinkRef>
        <Direction>outbound</Direction>
        <RunTime>PT60S</RunTime>
      </JourneyPatternTimingLink>
      <JourneyPatternTimingLink id="JPS_YNBO014-3_36034">
        <From>
          <StopPointRef>3200YNB00624</StopPointRef>
          <TimingStatus>OTH</TimingStatus>
        </From>
        <To>
          <StopPointRef>3200YNA90628</StopPointRef>
          <TimingStatus>OTH</TimingStatus>
        </To>
        <RouteLinkRef>YNBO014_001_36034</RouteLinkRef>
        <Direction>outbound</Direction>
        <RunTime>PT0S</RunTime>
      </JourneyPatternTimingLink>
      <JourneyPatternTimingLink id="JPS_YNBO014-3_36035">
        <From>
          <StopPointRef>3200YNA90628</StopPointRef>
          <TimingStatus>OTH</TimingStatus>
        </From>
        <To>
          <StopPointRef>3200YNA01043</StopPointRef>
          <TimingStatus>OTH</TimingStatus>
        </To>
        <RouteLinkRef>YNBO014_001_36035</RouteLinkRef>
        <Direction>outbound</Direction>
        <RunTime>PT60S</RunTime>
      </JourneyPatternTimingLink>
      <JourneyPatternTimingLink id="JPS_YNBO014-3_36036">
        <From>
          <StopPointRef>3200YNA01043</StopPointRef>
          <TimingStatus>OTH</TimingStatus>
        </From>
        <To>
          <StopPointRef>3200YNA90626</StopPointRef>
          <TimingStatus>OTH</TimingStatus>
        </To>
        <RouteLinkRef>YNBO014_001_36036</RouteLinkRef>
        <Direction>outbound</Direction>
        <RunTime>PT60S</RunTime>
      </JourneyPatternTimingLink>
      <JourneyPatternTimingLink id="JPS_YNBO014-3_36037">
        <From>
          <StopPointRef>3200YNA90626</StopPointRef>
          <TimingStatus>OTH</TimingStatus>
        </From>
        <To>
          <StopPointRef>3200YNA01040</StopPointRef>
          <TimingStatus>PTP</TimingStatus>
        </To>
        <RouteLinkRef>YNBO014_001_36037</RouteLinkRef>
        <Direction>outbound</Direction>
        <RunTime>PT60S</RunTime>
      </JourneyPatternTimingLink>
      <JourneyPatternTimingLink id="JPS_YNBO014-3_36038">
        <From>
          <StopPointRef>3200YNA01040</StopPointRef>
          <TimingStatus>PTP</TimingStatus>
        </From>
        <To>
          <StopPointRef>3200YNA90625</StopPointRef>
          <TimingStatus>OTH</TimingStatus>
        </To>
        <RouteLinkRef>YNBO014_001_36038</RouteLinkRef>
        <Direction>outbound</Direction>
        <RunTime>PT60S</RunTime>
      </JourneyPatternTimingLink>
      <JourneyPatternTimingLink id="JPS_YNBO014-3_36039">
        <From>
          <StopPointRef>3200YNA90625</StopPointRef>
          <TimingStatus>OTH</TimingStatus>
        </From>
        <To>
          <StopPointRef>3200YNA90623</StopPointRef>
          <TimingStatus>PTP</TimingStatus>
        </To>
        <RouteLinkRef>YNBO014_001_36039</RouteLinkRef>
        <Direction>outbound</Direction>
        <RunTime>PT60S</RunTime>
      </JourneyPatternTimingLink>
      <JourneyPatternTimingLink id="JPS_YNBO014-3_36040">
        <From>
          <StopPointRef>3200YNA90623</StopPointRef>
          <TimingStatus>PTP</TimingStatus>
        </From>
        <To>
          <StopPointRef>3200YNA01026</StopPointRef>
          <TimingStatus>OTH</TimingStatus>
        </To>
        <RouteLinkRef>YNBO014_001_36040</RouteLinkRef>
        <Direction>outbound</Direction>
        <RunTime>PT0S</RunTime>
      </JourneyPatternTimingLink>
      <JourneyPatternTimingLink id="JPS_YNBO014-3_36041">
        <From>
          <StopPointRef>3200YNA01026</StopPointRef>
          <TimingStatus>OTH</TimingStatus>
        </From>
        <To>
          <StopPointRef>3200YNA01028</StopPointRef>
          <TimingStatus>PTP</TimingStatus>
        </To>
        <RouteLinkRef>YNBO014_001_36041</RouteLinkRef>
        <Direction>outbound</Direction>
        <RunTime>PT120S</RunTime>
      </JourneyPatternTimingLink>
      <JourneyPatternTimingLink id="JPS_YNBO014-3_36042">
        <From>
          <StopPointRef>3200YNA01028</StopPointRef>
          <TimingStatus>PTP</TimingStatus>
        </From>
        <To>
          <StopPointRef>3200YNA01030</StopPointRef>
          <TimingStatus>OTH</TimingStatus>
        </To>
        <RouteLinkRef>YNBO014_001_36042</RouteLinkRef>
        <Direction>outbound</Direction>
        <RunTime>PT60S</RunTime>
      </JourneyPatternTimingLink>
      <JourneyPatternTimingLink id="JPS_YNBO014-3_36043">
        <From>
          <StopPointRef>3200YNA01030</StopPointRef>
          <TimingStatus>OTH</TimingStatus>
        </From>
        <To>
          <StopPointRef>3200YNA01031</StopPointRef>
          <TimingStatus>PTP</TimingStatus>
        </To>
        <RouteLinkRef>YNBO014_001_36043</RouteLinkRef>
        <Direction>outbound</Direction>
        <RunTime>PT120S</RunTime>
      </JourneyPatternTimingLink>
      <JourneyPatternTimingLink id="JPS_YNBO014-3_36044">
        <From>
          <StopPointRef>3200YNA01031</StopPointRef>
          <TimingStatus>PTP</TimingStatus>
        </From>
        <To>
          <StopPointRef>3200YNA01034</StopPointRef>
          <TimingStatus>OTH</TimingStatus>
        </To>
        <RouteLinkRef>YNBO014_001_36044</RouteLinkRef>
        <Direction>outbound</Direction>
        <RunTime>PT60S</RunTime>
      </JourneyPatternTimingLink>
      <JourneyPatternTimingLink id="JPS_YNBO014-3_36045">
        <From>
          <StopPointRef>3200YNA01034</StopPointRef>
          <TimingStatus>OTH</TimingStatus>
        </From>
        <To>
          <StopPointRef>3200YNA01035</StopPointRef>
          <TimingStatus>PTP</TimingStatus>
        </To>
        <RouteLinkRef>YNBO014_001_36045</RouteLinkRef>
        <Direction>outbound</Direction>
        <RunTime>PT60S</RunTime>
      </JourneyPatternTimingLink>
    </JourneyPatternSection>
    <JourneyPatternSection id="JPS_YNBO014-4">
      <JourneyPatternTimingLink id="JPS_YNBO014-4_36047">
        <From>
          <StopPointRef>3200YNA01028</StopPointRef>
          <TimingStatus>PTP</TimingStatus>
        </From>
        <To>
          <StopPointRef>3200YNA01030</StopPointRef>
          <TimingStatus>OTH</TimingStatus>
        </To>
        <RouteLinkRef>YNBO014_002_36047</RouteLinkRef>
        <Direction>inbound</Direction>
        <RunTime>PT60S</RunTime>
      </JourneyPatternTimingLink>
      <JourneyPatternTimingLink id="JPS_YNBO014-4_36048">
        <From>
          <StopPointRef>3200YNA01030</StopPointRef>
          <TimingStatus>OTH</TimingStatus>
        </From>
        <To>
          <StopPointRef>3200YNA01031</StopPointRef>
          <TimingStatus>PTP</TimingStatus>
        </To>
        <RouteLinkRef>YNBO014_002_36048</RouteLinkRef>
        <Direction>inbound</Direction>
        <RunTime>PT120S</RunTime>
      </JourneyPatternTimingLink>
      <JourneyPatternTimingLink id="JPS_YNBO014-4_36049">
        <From>
          <StopPointRef>3200YNA01031</StopPointRef>
          <TimingStatus>PTP</TimingStatus>
        </From>
        <To>
          <StopPointRef>3200YNA01034</StopPointRef>
          <TimingStatus>OTH</TimingStatus>
        </To>
        <RouteLinkRef>YNBO014_002_36049</RouteLinkRef>
        <Direction>inbound</Direction>
        <RunTime>PT60S</RunTime>
      </JourneyPatternTimingLink>
      <JourneyPatternTimingLink id="JPS_YNBO014-4_36050">
        <From>
          <StopPointRef>3200YNA01034</StopPointRef>
          <TimingStatus>OTH</TimingStatus>
        </From>
        <To>
          <StopPointRef>3200YNA01035</StopPointRef>
          <TimingStatus>PTP</TimingStatus>
        </To>
        <RouteLinkRef>YNBO014_002_36050</RouteLinkRef>
        <Direction>inbound</Direction>
        <RunTime>PT60S</RunTime>
      </JourneyPatternTimingLink>
      <JourneyPatternTimingLink id="JPS_YNBO014-4_36051">
        <From>
          <StopPointRef>3200YNA01035</StopPointRef>
          <TimingStatus>PTP</TimingStatus>
        </From>
        <To>
          <StopPointRef>3200YNA90619</StopPointRef>
          <TimingStatus>OTH</TimingStatus>
        </To>
        <RouteLinkRef>YNBO014_002_36051</RouteLinkRef>
        <Direction>inbound</Direction>
        <RunTime>PT0S</RunTime>
      </JourneyPatternTimingLink>
      <JourneyPatternTimingLink id="JPS_YNBO014-4_36052">
        <From>
          <StopPointRef>3200YNA90619</StopPointRef>
          <TimingStatus>OTH</TimingStatus>
        </From>
        <To>
          <StopPointRef>3200YNA90621</StopPointRef>
          <TimingStatus>OTH</TimingStatus>
        </To>
        <RouteLinkRef>YNBO014_002_36052</RouteLinkRef>
        <Direction>inbound</Direction>
        <RunTime>PT0S</RunTime>
      </JourneyPatternTimingLink>
      <JourneyPatternTimingLink id="JPS_YNBO014-4_36053">
        <From>
          <StopPointRef>3200YNA90621</StopPointRef>
          <TimingStatus>OTH</TimingStatus>
        </From>
        <To>
          <StopPointRef>3200YNA01023</StopPointRef>
          <TimingStatus>OTH</TimingStatus>
        </To>
        <RouteLinkRef>YNBO014_002_36053</RouteLinkRef>
        <Direction>inbound</Direction>
        <RunTime>PT0S</RunTime>
      </JourneyPatternTimingLink>
      <JourneyPatternTimingLink id="JPS_YNBO014-4_36054">
        <From>
          <StopPointRef>3200YNA01023</StopPointRef>
          <TimingStatus>OTH</TimingStatus>
        </From>
        <To>
          <StopPointRef>3200YNA90622</StopPointRef>
          <TimingStatus>OTH</TimingStatus>
        </To>
        <RouteLinkRef>YNBO014_002_36054</RouteLinkRef>
        <Direction>inbound</Direction>
        <RunTime>PT60S</RunTime>
      </JourneyPatternTimingLink>
      <JourneyPatternTimingLink id="JPS_YNBO014-4_36055">
        <From>
          <StopPointRef>3200YNA90622</StopPointRef>
          <TimingStatus>OTH</TimingStatus>
        </From>
        <To>
          <StopPointRef>3200YNA90624</StopPointRef>
          <TimingStatus>PTP</TimingStatus>
        </To>
        <RouteLinkRef>YNBO014_002_36055</RouteLinkRef>
        <Direction>inbound</Direction>
        <RunTime>PT60S</RunTime>
      </JourneyPatternTimingLink>
      <JourneyPatternTimingLink id="JPS_YNBO014-4_36056">
        <From>
          <StopPointRef>3200YNA90624</StopPointRef>
          <TimingStatus>PTP</TimingStatus>
        </From>
        <To>
          <StopPointRef>3200YNA01039</StopPointRef>
          <TimingStatus>PTP</TimingStatus>
        </To>
        <RouteLinkRef>YNBO014_002_36056</RouteLinkRef>
        <Direction>inbound</Direction>
        <RunTime>PT180S</RunTime>
      </JourneyPatternTimingLink>
      <JourneyPatternTimingLink id="JPS_YNBO014-4_36057">
        <From>
          <StopPointRef>3200YNA01039</StopPointRef>
          <TimingStatus>PTP</TimingStatus>
        </From>
        <To>
          <StopPointRef>3200YNA96708</StopPointRef>
          <TimingStatus>OTH</TimingStatus>
        </To>
        <RouteLinkRef>YNBO014_002_36057</RouteLinkRef>
        <Direction>inbound</Direction>
        <RunTime>PT0S</RunTime>
      </JourneyPatternTimingLink>
      <JourneyPatternTimingLink id="JPS_YNBO014-4_36058">
        <From>
          <StopPointRef>3200YNA96708</StopPointRef>
          <TimingStatus>OTH</TimingStatus>
        </From>
        <To>
          <StopPointRef>3200YNA90627</StopPointRef>
          <TimingStatus>OTH</TimingStatus>
        </To>
        <RouteLinkRef>YNBO014_002_36058</RouteLinkRef>
        <Direction>inbound</Direction>
        <RunTime>PT60S</RunTime>
      </JourneyPatternTimingLink>
      <JourneyPatternTimingLink id="JPS_YNBO014-4_36059">
        <From>
          <StopPointRef>3200YNA90627</StopPointRef>
          <TimingStatus>OTH</TimingStatus>
        </From>
        <To>
          <StopPointRef>3200YNA90629</StopPointRef>
          <TimingStatus>OTH</TimingStatus>
        </To>
        <RouteLinkRef>YNBO014_002_36059</RouteLinkRef>
        <Direction>inbound</Direction>
        <RunTime>PT60S</RunTime>
      </JourneyPatternTimingLink>
      <JourneyPatternTimingLink id="JPS_YNBO014-4_36060">
        <From>
          <StopPointRef>3200YNA90629</StopPointRef>
          <TimingStatus>OTH</TimingStatus>
        </From>
        <To>
          <StopPointRef>3200YNA90630</StopPointRef>
          <TimingStatus>OTH</TimingStatus>
        </To>
        <RouteLinkRef>YNBO014_002_36060</RouteLinkRef>
        <Direction>inbound</Direction>
        <RunTime>PT0S</RunTime>
      </JourneyPatternTimingLink>
      <JourneyPatternTimingLink id="JPS_YNBO014-4_36061">
        <From>
          <StopPointRef>3200YNA90630</StopPointRef>
          <TimingStatus>OTH</TimingStatus>
        </From>
        <To>
          <StopPointRef>3200YNA01224</StopPointRef>
          <TimingStatus>PTP</TimingStatus>
        </To>
        <RouteLinkRef>YNBO014_002_36061</RouteLinkRef>
        <Direction>inbound</Direction>
        <RunTime>PT120S</RunTime>
      </JourneyPatternTimingLink>
      <JourneyPatternTimingLink id="JPS_YNBO014-4_36062">
        <From>
          <StopPointRef>3200YNA01224</StopPointRef>
          <TimingStatus>PTP</TimingStatus>
        </From>
        <To>
          <StopPointRef>3200YNB00627</StopPointRef>
          <TimingStatus>PTP</TimingStatus>
        </To>
        <RouteLinkRef>YNBO014_002_36062</RouteLinkRef>
        <Direction>inbound</Direction>
        <RunTime>PT180S</RunTime>
      </JourneyPatternTimingLink>
      <JourneyPatternTimingLink id="JPS_YNBO014-4_36063">
        <From>
          <StopPointRef>3200YNB00627</StopPointRef>
          <TimingStatus>PTP</TimingStatus>
        </From>
        <To>
          <StopPointRef>3200YNA01167</StopPointRef>
          <TimingStatus>OTH</TimingStatus>
        </To>
        <RouteLinkRef>YNBO014_002_36063</RouteLinkRef>
        <Direction>inbound</Direction>
        <RunTime>PT60S</RunTime>
      </JourneyPatternTimingLink>
      <JourneyPatternTimingLink id="JPS_YNBO014-4_36064">
        <From>
          <StopPointRef>3200YNA01167</StopPointRef>
          <TimingStatus>OTH</TimingStatus>
        </From>
        <To>
          <StopPointRef>3200YNF10137</StopPointRef>
          <TimingStatus>OTH</TimingStatus>
        </To>
        <RouteLinkRef>YNBO014_002_36064</RouteLinkRef>
        <Direction>inbound</Direction>
        <RunTime>PT60S</RunTime>
      </JourneyPatternTimingLink>
      <JourneyPatternTimingLink id="JPS_YNBO014-4_36065">
        <From>
          <StopPointRef>3200YNF10137</StopPointRef>
          <TimingStatus>OTH</TimingStatus>
        </From>
        <To>
          <StopPointRef>3200YNA06391</StopPointRef>
          <TimingStatus>OTH</TimingStatus>
        </To>
        <RouteLinkRef>YNBO014_002_36065</RouteLinkRef>
        <Direction>inbound</Direction>
        <RunTime>PT60S</RunTime>
      </JourneyPatternTimingLink>
      <JourneyPatternTimingLink id="JPS_YNBO014-4_36066">
        <From>
          <StopPointRef>3200YNA06391</StopPointRef>
          <TimingStatus>OTH</TimingStatus>
        </From>
        <To>
          <StopPointRef>3200YNA01157</StopPointRef>
          <TimingStatus>PTP</TimingStatus>
        </To>
        <RouteLinkRef>YNBO014_002_36066</RouteLinkRef>
        <Direction>inbound</Direction>
        <RunTime>PT60S</RunTime>
      </JourneyPatternTimingLink>
    </JourneyPatternSection>
  </JourneyPatternSections>
  <Operators>
    <Operator id="SDMS">
      <NationalOperatorCode>SDMS</NationalOperatorCode>
      <OperatorCode>SDMS</OperatorCode>
      <OperatorShortName>Scarborough and District</OperatorShortName>
    </Operator>
  </Operators>
  <Services>
    <Service>
      <ServiceCode>YNBO014</ServiceCode>
      <Lines>
        <Line id="0">
          <LineName>14</LineName>
        </Line>
      </Lines>
      <OperatingPeriod>
        <StartDate>2011-04-26</StartDate>
        <EndDate>2038-01-17</EndDate>
      </OperatingPeriod>
      <RegisteredOperatorRef>SDMS</RegisteredOperatorRef>
      <StopRequirements>
        <NoNewStopsRequired />
      </StopRequirements>
      <Mode>bus</Mode>
      <Description>Town Centre - Newby</Description>
      <StandardService>
        <Origin>Town Centre</Origin>
        <Destination>Newby</Destination>
        <JourneyPattern id="JPS_YNBO014-3">
          <Direction>outbound</Direction>
          <JourneyPatternSectionRefs>JPS_YNBO014-3</JourneyPatternSectionRefs>
        </JourneyPattern>
        <JourneyPattern id="JPS_YNBO014-4">
          <Direction>inbound</Direction>
          <JourneyPatternSectionRefs>JPS_YNBO014-4</JourneyPatternSectionRefs>
        </JourneyPattern>
      </StandardService>
    </Service>
  </Services>
  <VehicleJourneys>
    <VehicleJourney>
      <OperatorRef>SDMS</OperatorRef>
      <OperatingProfile>
        <RegularDayType>
          <DaysOfWeek>
            <Monday />
            <Tuesday />
            <Wednesday />
            <Thursday />
            <Friday />
          </DaysOfWeek>
        </RegularDayType>
        <BankHolidayOperation>
          <DaysOfNonOperation>
            <ChristmasDay />
            <BoxingDay />
            <GoodFriday />
            <NewYearsDay />
            <LateSummerBankHolidayNotScotland />
            <MayDay />
            <EasterMonday />
            <SpringBank />
          </DaysOfNonOperation>
        </BankHolidayOperation>
      </OperatingProfile>
      <VehicleJourneyCode>66594</VehicleJourneyCode>
      <ServiceRef>YNBO014</ServiceRef>
      <LineRef>0</LineRef>
      <JourneyPatternRef>JPS_YNBO014-3</JourneyPatternRef>
      <DepartureTime>07:36:00</DepartureTime>
    </VehicleJourney>
    <VehicleJourney>
      <OperatorRef>SDMS</OperatorRef>
      <OperatingProfile>
        <RegularDayType>
          <DaysOfWeek>
            <Monday />
            <Tuesday />
            <Wednesday />
            <Thursday />
            <Friday />
          </DaysOfWeek>
        </RegularDayType>
        <BankHolidayOperation>
          <DaysOfNonOperation>
            <ChristmasDay />
            <BoxingDay />
            <GoodFriday />
            <NewYearsDay />
            <LateSummerBankHolidayNotScotland />
            <MayDay />
            <EasterMonday />
            <SpringBank />
          </DaysOfNonOperation>
        </BankHolidayOperation>
      </OperatingProfile>
      <VehicleJourneyCode>66595</VehicleJourneyCode>
      <ServiceRef>YNBO014</ServiceRef>
      <LineRef>0</LineRef>
      <JourneyPatternRef>JPS_YNBO014-3</JourneyPatternRef>
      <DepartureTime>08:45:00</DepartureTime>
    </VehicleJourney>
    <VehicleJourney>
      <OperatorRef>SDMS</OperatorRef>
      <OperatingProfile>
        <RegularDayType>
          <DaysOfWeek>
            <Monday />
            <Tuesday />
            <Wednesday />
            <Thursday />
            <Friday />
          </DaysOfWeek>
        </RegularDayType>
        <BankHolidayOperation>
          <DaysOfNonOperation>
            <ChristmasDay />
            <BoxingDay />
            <GoodFriday />
            <NewYearsDay />
            <LateSummerBankHolidayNotScotland />
            <MayDay />
            <EasterMonday />
            <SpringBank />
          </DaysOfNonOperation>
        </BankHolidayOperation>
      </OperatingProfile>
      <VehicleJourneyCode>66596</VehicleJourneyCode>
      <ServiceRef>YNBO014</ServiceRef>
      <LineRef>0</LineRef>
      <JourneyPatternRef>JPS_YNBO014-3</JourneyPatternRef>
      <DepartureTime>09:45:00</DepartureTime>
    </VehicleJourney>
    <VehicleJourney>
      <OperatorRef>SDMS</OperatorRef>
      <OperatingProfile>
        <RegularDayType>
          <DaysOfWeek>
            <Monday />
            <Tuesday />
            <Wednesday />
            <Thursday />
            <Friday />
          </DaysOfWeek>
        </RegularDayType>
        <BankHolidayOperation>
          <DaysOfNonOperation>
            <ChristmasDay />
            <BoxingDay />
            <GoodFriday />
            <NewYearsDay />
            <LateSummerBankHolidayNotScotland />
            <MayDay />
            <EasterMonday />
            <SpringBank />
          </DaysOfNonOperation>
        </BankHolidayOperation>
      </OperatingProfile>
      <VehicleJourneyCode>66597</VehicleJourneyCode>
      <ServiceRef>YNBO014</ServiceRef>
      <LineRef>0</LineRef>
      <JourneyPatternRef>JPS_YNBO014-3</JourneyPatternRef>
      <DepartureTime>10:45:00</DepartureTime>
    </VehicleJourney>
    <VehicleJourney>
      <OperatorRef>SDMS</OperatorRef>
      <OperatingProfile>
        <RegularDayType>
          <DaysOfWeek>
            <Monday />
            <Tuesday />
            <Wednesday />
            <Thursday />
            <Friday />
          </DaysOfWeek>
        </RegularDayType>
        <BankHolidayOperation>
          <DaysOfNonOperation>
            <ChristmasDay />
            <BoxingDay />
            <GoodFriday />
            <NewYearsDay />
            <LateSummerBankHolidayNotScotland />
            <MayDay />
            <EasterMonday />
            <SpringBank />
          </DaysOfNonOperation>
        </BankHolidayOperation>
      </OperatingProfile>
      <VehicleJourneyCode>66598</VehicleJourneyCode>
      <ServiceRef>YNBO014</ServiceRef>
      <LineRef>0</LineRef>
      <JourneyPatternRef>JPS_YNBO014-3</JourneyPatternRef>
      <DepartureTime>11:45:00</DepartureTime>
    </VehicleJourney>
    <VehicleJourney>
      <OperatorRef>SDMS</OperatorRef>
      <OperatingProfile>
        <RegularDayType>
          <DaysOfWeek>
            <Monday />
            <Tuesday />
            <Wednesday />
            <Thursday />
            <Friday />
          </DaysOfWeek>
        </RegularDayType>
        <BankHolidayOperation>
          <DaysOfNonOperation>
            <ChristmasDay />
            <BoxingDay />
            <GoodFriday />
            <NewYearsDay />
            <LateSummerBankHolidayNotScotland />
            <MayDay />
            <EasterMonday />
            <SpringBank />
          </DaysOfNonOperation>
        </BankHolidayOperation>
      </OperatingProfile>
      <VehicleJourneyCode>66599</VehicleJourneyCode>
      <ServiceRef>YNBO014</ServiceRef>
      <LineRef>0</LineRef>
      <JourneyPatternRef>JPS_YNBO014-3</JourneyPatternRef>
      <DepartureTime>12:45:00</DepartureTime>
    </VehicleJourney>
    <VehicleJourney>
      <OperatorRef>SDMS</OperatorRef>
      <OperatingProfile>
        <RegularDayType>
          <DaysOfWeek>
            <Monday />
            <Tuesday />
            <Wednesday />
            <Thursday />
            <Friday />
          </DaysOfWeek>
        </RegularDayType>
        <BankHolidayOperation>
          <DaysOfNonOperation>
            <ChristmasDay />
            <BoxingDay />
            <GoodFriday />
            <NewYearsDay />
            <LateSummerBankHolidayNotScotland />
            <MayDay />
            <EasterMonday />
            <SpringBank />
          </DaysOfNonOperation>
        </BankHolidayOperation>
      </OperatingProfile>
      <VehicleJourneyCode>66600</VehicleJourneyCode>
      <ServiceRef>YNBO014</ServiceRef>
      <LineRef>0</LineRef>
      <JourneyPatternRef>JPS_YNBO014-3</JourneyPatternRef>
      <DepartureTime>13:45:00</DepartureTime>
    </VehicleJourney>
    <VehicleJourney>
      <OperatorRef>SDMS</OperatorRef>
      <OperatingProfile>
        <RegularDayType>
          <DaysOfWeek>
            <Monday />
            <Tuesday />
            <Wednesday />
            <Thursday />
            <Friday />
          </DaysOfWeek>
        </RegularDayType>
        <BankHolidayOperation>
          <DaysOfNonOperation>
            <ChristmasDay />
            <BoxingDay />
            <GoodFriday />
            <NewYearsDay />
            <LateSummerBankHolidayNotScotland />
            <MayDay />
            <EasterMonday />
            <SpringBank />
          </DaysOfNonOperation>
        </BankHolidayOperation>
      </OperatingProfile>
      <VehicleJourneyCode>66601</VehicleJourneyCode>
      <ServiceRef>YNBO014</ServiceRef>
      <LineRef>0</LineRef>
      <JourneyPatternRef>JPS_YNBO014-3</JourneyPatternRef>
      <DepartureTime>14:45:00</DepartureTime>
    </VehicleJourney>
    <VehicleJourney>
      <OperatorRef>SDMS</OperatorRef>
      <OperatingProfile>
        <RegularDayType>
          <DaysOfWeek>
            <Monday />
            <Tuesday />
            <Wednesday />
            <Thursday />
            <Friday />
          </DaysOfWeek>
        </RegularDayType>
        <BankHolidayOperation>
          <DaysOfNonOperation>
            <ChristmasDay />
            <BoxingDay />
            <GoodFriday />
            <NewYearsDay />
            <LateSummerBankHolidayNotScotland />
            <MayDay />
            <EasterMonday />
            <SpringBank />
          </DaysOfNonOperation>
        </BankHolidayOperation>
      </OperatingProfile>
      <VehicleJourneyCode>66602</VehicleJourneyCode>
      <ServiceRef>YNBO014</ServiceRef>
      <LineRef>0</LineRef>
      <JourneyPatternRef>JPS_YNBO014-3</JourneyPatternRef>
      <DepartureTime>15:45:00</DepartureTime>
    </VehicleJourney>
    <VehicleJourney>
      <OperatorRef>SDMS</OperatorRef>
      <OperatingProfile>
        <RegularDayType>
          <DaysOfWeek>
            <Monday />
            <Tuesday />
            <Wednesday />
            <Thursday />
            <Friday />
          </DaysOfWeek>
        </RegularDayType>
        <BankHolidayOperation>
          <DaysOfNonOperation>
            <ChristmasDay />
            <BoxingDay />
            <GoodFriday />
            <NewYearsDay />
            <LateSummerBankHolidayNotScotland />
            <MayDay />
            <EasterMonday />
            <SpringBank />
          </DaysOfNonOperation>
        </BankHolidayOperation>
      </OperatingProfile>
      <VehicleJourneyCode>66603</VehicleJourneyCode>
      <ServiceRef>YNBO014</ServiceRef>
      <LineRef>0</LineRef>
      <JourneyPatternRef>JPS_YNBO014-3</JourneyPatternRef>
      <DepartureTime>16:45:00</DepartureTime>
    </VehicleJourney>
    <VehicleJourney>
      <OperatorRef>SDMS</OperatorRef>
      <OperatingProfile>
        <RegularDayType>
          <DaysOfWeek>
            <Monday />
            <Tuesday />
            <Wednesday />
            <Thursday />
            <Friday />
          </DaysOfWeek>
        </RegularDayType>
        <BankHolidayOperation>
          <DaysOfNonOperation>
            <ChristmasDay />
            <BoxingDay />
            <GoodFriday />
            <NewYearsDay />
            <LateSummerBankHolidayNotScotland />
            <MayDay />
            <EasterMonday />
            <SpringBank />
          </DaysOfNonOperation>
        </BankHolidayOperation>
      </OperatingProfile>
      <VehicleJourneyCode>66604</VehicleJourneyCode>
      <ServiceRef>YNBO014</ServiceRef>
      <LineRef>0</LineRef>
      <JourneyPatternRef>JPS_YNBO014-3</JourneyPatternRef>
      <DepartureTime>17:45:00</DepartureTime>
    </VehicleJourney>
    <VehicleJourney>
      <OperatorRef>SDMS</OperatorRef>
      <OperatingProfile>
        <RegularDayType>
          <DaysOfWeek>
            <Saturday />
          </DaysOfWeek>
        </RegularDayType>
      </OperatingProfile>
      <VehicleJourneyCode>66605</VehicleJourneyCode>
      <ServiceRef>YNBO014</ServiceRef>
      <LineRef>0</LineRef>
      <JourneyPatternRef>JPS_YNBO014-3</JourneyPatternRef>
      <DepartureTime>07:36:00</DepartureTime>
    </VehicleJourney>
    <VehicleJourney>
      <OperatorRef>SDMS</OperatorRef>
      <OperatingProfile>
        <RegularDayType>
          <DaysOfWeek>
            <Saturday />
          </DaysOfWeek>
        </RegularDayType>
      </OperatingProfile>
      <VehicleJourneyCode>66606</VehicleJourneyCode>
      <ServiceRef>YNBO014</ServiceRef>
      <LineRef>0</LineRef>
      <JourneyPatternRef>JPS_YNBO014-3</JourneyPatternRef>
      <DepartureTime>08:45:00</DepartureTime>
    </VehicleJourney>
    <VehicleJourney>
      <OperatorRef>SDMS</OperatorRef>
      <OperatingProfile>
        <RegularDayType>
          <DaysOfWeek>
            <Saturday />
          </DaysOfWeek>
        </RegularDayType>
      </OperatingProfile>
      <VehicleJourneyCode>66607</VehicleJourneyCode>
      <ServiceRef>YNBO014</ServiceRef>
      <LineRef>0</LineRef>
      <JourneyPatternRef>JPS_YNBO014-3</JourneyPatternRef>
      <DepartureTime>09:45:00</DepartureTime>
    </VehicleJourney>
    <VehicleJourney>
      <OperatorRef>SDMS</OperatorRef>
      <OperatingProfile>
        <RegularDayType>
          <DaysOfWeek>
            <Saturday />
          </DaysOfWeek>
        </RegularDayType>
      </OperatingProfile>
      <VehicleJourneyCode>66608</VehicleJourneyCode>
      <ServiceRef>YNBO014</ServiceRef>
      <LineRef>0</LineRef>
      <JourneyPatternRef>JPS_YNBO014-3</JourneyPatternRef>
      <DepartureTime>10:45:00</DepartureTime>
    </VehicleJourney>
    <VehicleJourney>
      <OperatorRef>SDMS</OperatorRef>
      <OperatingProfile>
        <RegularDayType>
          <DaysOfWeek>
            <Saturday />
          </DaysOfWeek>
        </RegularDayType>
      </OperatingProfile>
      <VehicleJourneyCode>66609</VehicleJourneyCode>
      <ServiceRef>YNBO014</ServiceRef>
      <LineRef>0</LineRef>
      <JourneyPatternRef>JPS_YNBO014-3</JourneyPatternRef>
      <DepartureTime>11:45:00</DepartureTime>
    </VehicleJourney>
    <VehicleJourney>
      <OperatorRef>SDMS</OperatorRef>
      <OperatingProfile>
        <RegularDayType>
          <DaysOfWeek>
            <Saturday />
          </DaysOfWeek>
        </RegularDayType>
      </OperatingProfile>
      <VehicleJourneyCode>66610</VehicleJourneyCode>
      <ServiceRef>YNBO014</ServiceRef>
      <LineRef>0</LineRef>
      <JourneyPatternRef>JPS_YNBO014-3</JourneyPatternRef>
      <DepartureTime>12:45:00</DepartureTime>
    </VehicleJourney>
    <VehicleJourney>
      <OperatorRef>SDMS</OperatorRef>
      <OperatingProfile>
        <RegularDayType>
          <DaysOfWeek>
            <Saturday />
          </DaysOfWeek>
        </RegularDayType>
      </OperatingProfile>
      <VehicleJourneyCode>66611</VehicleJourneyCode>
      <ServiceRef>YNBO014</ServiceRef>
      <LineRef>0</LineRef>
      <JourneyPatternRef>JPS_YNBO014-3</JourneyPatternRef>
      <DepartureTime>13:45:00</DepartureTime>
    </VehicleJourney>
    <VehicleJourney>
      <OperatorRef>SDMS</OperatorRef>
      <OperatingProfile>
        <RegularDayType>
          <DaysOfWeek>
            <Saturday />
          </DaysOfWeek>
        </RegularDayType>
      </OperatingProfile>
      <VehicleJourneyCode>66612</VehicleJourneyCode>
      <ServiceRef>YNBO014</ServiceRef>
      <LineRef>0</LineRef>
      <JourneyPatternRef>JPS_YNBO014-3</JourneyPatternRef>
      <DepartureTime>14:45:00</DepartureTime>
    </VehicleJourney>
    <VehicleJourney>
      <OperatorRef>SDMS</OperatorRef>
      <OperatingProfile>
        <RegularDayType>
          <DaysOfWeek>
            <Saturday />
          </DaysOfWeek>
        </RegularDayType>
      </OperatingProfile>
      <VehicleJourneyCode>66613</VehicleJourneyCode>
      <ServiceRef>YNBO014</ServiceRef>
      <LineRef>0</LineRef>
      <JourneyPatternRef>JPS_YNBO014-3</JourneyPatternRef>
      <DepartureTime>15:45:00</DepartureTime>
    </VehicleJourney>
    <VehicleJourney>
      <OperatorRef>SDMS</OperatorRef>
      <OperatingProfile>
        <RegularDayType>
          <DaysOfWeek>
            <Saturday />
          </DaysOfWeek>
        </RegularDayType>
      </OperatingProfile>
      <VehicleJourneyCode>66614</VehicleJourneyCode>
      <ServiceRef>YNBO014</ServiceRef>
      <LineRef>0</LineRef>
      <JourneyPatternRef>JPS_YNBO014-3</JourneyPatternRef>
      <DepartureTime>16:45:00</DepartureTime>
    </VehicleJourney>
    <VehicleJourney>
      <OperatorRef>SDMS</OperatorRef>
      <OperatingProfile>
        <RegularDayType>
          <DaysOfWeek>
            <Saturday />
          </DaysOfWeek>
        </RegularDayType>
      </OperatingProfile>
      <VehicleJourneyCode>66615</VehicleJourneyCode>
      <ServiceRef>YNBO014</ServiceRef>
      <LineRef>0</LineRef>
      <JourneyPatternRef>JPS_YNBO014-3</JourneyPatternRef>
      <DepartureTime>17:45:00</DepartureTime>
    </VehicleJourney>
    <VehicleJourney>
      <OperatorRef>SDMS</OperatorRef>
      <OperatingProfile>
        <RegularDayType>
          <DaysOfWeek>
            <Monday />
            <Tuesday />
            <Wednesday />
            <Thursday />
            <Friday />
          </DaysOfWeek>
        </RegularDayType>
        <BankHolidayOperation>
          <DaysOfNonOperation>
            <ChristmasDay />
            <BoxingDay />
            <GoodFriday />
            <NewYearsDay />
            <LateSummerBankHolidayNotScotland />
            <MayDay />
            <EasterMonday />
            <SpringBank />
          </DaysOfNonOperation>
        </BankHolidayOperation>
      </OperatingProfile>
      <VehicleJourneyCode>66616</VehicleJourneyCode>
      <ServiceRef>YNBO014</ServiceRef>
      <LineRef>0</LineRef>
      <JourneyPatternRef>JPS_YNBO014-4</JourneyPatternRef>
      <DepartureTime>07:54:00</DepartureTime>
    </VehicleJourney>
    <VehicleJourney>
      <OperatorRef>SDMS</OperatorRef>
      <OperatingProfile>
        <RegularDayType>
          <DaysOfWeek>
            <Monday />
            <Tuesday />
            <Wednesday />
            <Thursday />
            <Friday />
          </DaysOfWeek>
        </RegularDayType>
        <BankHolidayOperation>
          <DaysOfNonOperation>
            <ChristmasDay />
            <BoxingDay />
            <GoodFriday />
            <NewYearsDay />
            <LateSummerBankHolidayNotScotland />
            <MayDay />
            <EasterMonday />
            <SpringBank />
          </DaysOfNonOperation>
        </BankHolidayOperation>
      </OperatingProfile>
      <VehicleJourneyCode>66617</VehicleJourneyCode>
      <ServiceRef>YNBO014</ServiceRef>
      <LineRef>0</LineRef>
      <JourneyPatternRef>JPS_YNBO014-4</JourneyPatternRef>
      <DepartureTime>09:03:00</DepartureTime>
    </VehicleJourney>
    <VehicleJourney>
      <OperatorRef>SDMS</OperatorRef>
      <OperatingProfile>
        <RegularDayType>
          <DaysOfWeek>
            <Monday />
            <Tuesday />
            <Wednesday />
            <Thursday />
            <Friday />
          </DaysOfWeek>
        </RegularDayType>
        <BankHolidayOperation>
          <DaysOfNonOperation>
            <ChristmasDay />
            <BoxingDay />
            <GoodFriday />
            <NewYearsDay />
            <LateSummerBankHolidayNotScotland />
            <MayDay />
            <EasterMonday />
            <SpringBank />
          </DaysOfNonOperation>
        </BankHolidayOperation>
      </OperatingProfile>
      <VehicleJourneyCode>66618</VehicleJourneyCode>
      <ServiceRef>YNBO014</ServiceRef>
      <LineRef>0</LineRef>
      <JourneyPatternRef>JPS_YNBO014-4</JourneyPatternRef>
      <DepartureTime>10:03:00</DepartureTime>
    </VehicleJourney>
    <VehicleJourney>
      <OperatorRef>SDMS</OperatorRef>
      <OperatingProfile>
        <RegularDayType>
          <DaysOfWeek>
            <Monday />
            <Tuesday />
            <Wednesday />
            <Thursday />
            <Friday />
          </DaysOfWeek>
        </RegularDayType>
        <BankHolidayOperation>
          <DaysOfNonOperation>
            <ChristmasDay />
            <BoxingDay />
            <GoodFriday />
            <NewYearsDay />
            <LateSummerBankHolidayNotScotland />
            <MayDay />
            <EasterMonday />
            <SpringBank />
          </DaysOfNonOperation>
        </BankHolidayOperation>
      </OperatingProfile>
      <VehicleJourneyCode>66619</VehicleJourneyCode>
      <ServiceRef>YNBO014</ServiceRef>
      <LineRef>0</LineRef>
      <JourneyPatternRef>JPS_YNBO014-4</JourneyPatternRef>
      <DepartureTime>11:03:00</DepartureTime>
    </VehicleJourney>
    <VehicleJourney>
      <OperatorRef>SDMS</OperatorRef>
      <OperatingProfile>
        <RegularDayType>
          <DaysOfWeek>
            <Monday />
            <Tuesday />
            <Wednesday />
            <Thursday />
            <Friday />
          </DaysOfWeek>
        </RegularDayType>
        <BankHolidayOperation>
          <DaysOfNonOperation>
            <ChristmasDay />
            <BoxingDay />
            <GoodFriday />
            <NewYearsDay />
            <LateSummerBankHolidayNotScotland />
            <MayDay />
            <EasterMonday />
            <SpringBank />
          </DaysOfNonOperation>
        </BankHolidayOperation>
      </OperatingProfile>
      <VehicleJourneyCode>66620</VehicleJourneyCode>
      <ServiceRef>YNBO014</ServiceRef>
      <LineRef>0</LineRef>
      <JourneyPatternRef>JPS_YNBO014-4</JourneyPatternRef>
      <DepartureTime>12:03:00</DepartureTime>
    </VehicleJourney>
    <VehicleJourney>
      <OperatorRef>SDMS</OperatorRef>
      <OperatingProfile>
        <RegularDayType>
          <DaysOfWeek>
            <Monday />
            <Tuesday />
            <Wednesday />
            <Thursday />
            <Friday />
          </DaysOfWeek>
        </RegularDayType>
        <BankHolidayOperation>
          <DaysOfNonOperation>
            <ChristmasDay />
            <BoxingDay />
            <GoodFriday />
            <NewYearsDay />
            <LateSummerBankHolidayNotScotland />
            <MayDay />
            <EasterMonday />
            <SpringBank />
          </DaysOfNonOperation>
        </BankHolidayOperation>
      </OperatingProfile>
      <VehicleJourneyCode>66621</VehicleJourneyCode>
      <ServiceRef>YNBO014</ServiceRef>
      <LineRef>0</LineRef>
      <JourneyPatternRef>JPS_YNBO014-4</JourneyPatternRef>
      <DepartureTime>13:03:00</DepartureTime>
    </VehicleJourney>
    <VehicleJourney>
      <OperatorRef>SDMS</OperatorRef>
      <OperatingProfile>
        <RegularDayType>
          <DaysOfWeek>
            <Monday />
            <Tuesday />
            <Wednesday />
            <Thursday />
            <Friday />
          </DaysOfWeek>
        </RegularDayType>
        <BankHolidayOperation>
          <DaysOfNonOperation>
            <ChristmasDay />
            <BoxingDay />
            <GoodFriday />
            <NewYearsDay />
            <LateSummerBankHolidayNotScotland />
            <MayDay />
            <EasterMonday />
            <SpringBank />
          </DaysOfNonOperation>
        </BankHolidayOperation>
      </OperatingProfile>
      <VehicleJourneyCode>66622</VehicleJourneyCode>
      <ServiceRef>YNBO014</ServiceRef>
      <LineRef>0</LineRef>
      <JourneyPatternRef>JPS_YNBO014-4</JourneyPatternRef>
      <DepartureTime>14:03:00</DepartureTime>
    </VehicleJourney>
    <VehicleJourney>
      <OperatorRef>SDMS</OperatorRef>
      <OperatingProfile>
        <RegularDayType>
          <DaysOfWeek>
            <Monday />
            <Tuesday />
            <Wednesday />
            <Thursday />
            <Friday />
          </DaysOfWeek>
        </RegularDayType>
        <BankHolidayOperation>
          <DaysOfNonOperation>
            <ChristmasDay />
            <BoxingDay />
            <GoodFriday />
            <NewYearsDay />
            <LateSummerBankHolidayNotScotland />
            <MayDay />
            <EasterMonday />
            <SpringBank />
          </DaysOfNonOperation>
        </BankHolidayOperation>
      </OperatingProfile>
      <VehicleJourneyCode>66623</VehicleJourneyCode>
      <ServiceRef>YNBO014</ServiceRef>
      <LineRef>0</LineRef>
      <JourneyPatternRef>JPS_YNBO014-4</JourneyPatternRef>
      <DepartureTime>15:03:00</DepartureTime>
    </VehicleJourney>
    <VehicleJourney>
      <OperatorRef>SDMS</OperatorRef>
      <OperatingProfile>
        <RegularDayType>
          <DaysOfWeek>
            <Monday />
            <Tuesday />
            <Wednesday />
            <Thursday />
            <Friday />
          </DaysOfWeek>
        </RegularDayType>
        <BankHolidayOperation>
          <DaysOfNonOperation>
            <ChristmasDay />
            <BoxingDay />
            <GoodFriday />
            <NewYearsDay />
            <LateSummerBankHolidayNotScotland />
            <MayDay />
            <EasterMonday />
            <SpringBank />
          </DaysOfNonOperation>
        </BankHolidayOperation>
      </OperatingProfile>
      <VehicleJourneyCode>66624</VehicleJourneyCode>
      <ServiceRef>YNBO014</ServiceRef>
      <LineRef>0</LineRef>
      <JourneyPatternRef>JPS_YNBO014-4</JourneyPatternRef>
      <DepartureTime>16:03:00</DepartureTime>
    </VehicleJourney>
    <VehicleJourney>
      <OperatorRef>SDMS</OperatorRef>
      <OperatingProfile>
        <RegularDayType>
          <DaysOfWeek>
            <Monday />
            <Tuesday />
            <Wednesday />
            <Thursday />
            <Friday />
          </DaysOfWeek>
        </RegularDayType>
        <BankHolidayOperation>
          <DaysOfNonOperation>
            <ChristmasDay />
            <BoxingDay />
            <GoodFriday />
            <NewYearsDay />
            <LateSummerBankHolidayNotScotland />
            <MayDay />
            <EasterMonday />
            <SpringBank />
          </DaysOfNonOperation>
        </BankHolidayOperation>
      </OperatingProfile>
      <VehicleJourneyCode>66625</VehicleJourneyCode>
      <ServiceRef>YNBO014</ServiceRef>
      <LineRef>0</LineRef>
      <JourneyPatternRef>JPS_YNBO014-4</JourneyPatternRef>
      <DepartureTime>17:03:00</DepartureTime>
    </VehicleJourney>
    <VehicleJourney>
      <OperatorRef>SDMS</OperatorRef>
      <OperatingProfile>
        <RegularDayType>
          <DaysOfWeek>
            <Monday />
            <Tuesday />
            <Wednesday />
            <Thursday />
            <Friday />
          </DaysOfWeek>
        </RegularDayType>
        <BankHolidayOperation>
          <DaysOfNonOperation>
            <ChristmasDay />
            <BoxingDay />
            <GoodFriday />
            <NewYearsDay />
            <LateSummerBankHolidayNotScotland />
            <MayDay />
            <EasterMonday />
            <SpringBank />
          </DaysOfNonOperation>
        </BankHolidayOperation>
      </OperatingProfile>
      <VehicleJourneyCode>66626</VehicleJourneyCode>
      <ServiceRef>YNBO014</ServiceRef>
      <LineRef>0</LineRef>
      <JourneyPatternRef>JPS_YNBO014-4</JourneyPatternRef>
      <DepartureTime>18:03:00</DepartureTime>
    </VehicleJourney>
    <VehicleJourney>
      <OperatorRef>SDMS</OperatorRef>
      <OperatingProfile>
        <RegularDayType>
          <DaysOfWeek>
            <Saturday />
          </DaysOfWeek>
        </RegularDayType>
      </OperatingProfile>
      <VehicleJourneyCode>66627</VehicleJourneyCode>
      <ServiceRef>YNBO014</ServiceRef>
      <LineRef>0</LineRef>
      <JourneyPatternRef>JPS_YNBO014-4</JourneyPatternRef>
      <DepartureTime>07:54:00</DepartureTime>
    </VehicleJourney>
    <VehicleJourney>
      <OperatorRef>SDMS</OperatorRef>
      <OperatingProfile>
        <RegularDayType>
          <DaysOfWeek>
            <Saturday />
          </DaysOfWeek>
        </RegularDayType>
      </OperatingProfile>
      <VehicleJourneyCode>66628</VehicleJourneyCode>
      <ServiceRef>YNBO014</ServiceRef>
      <LineRef>0</LineRef>
      <JourneyPatternRef>JPS_YNBO014-4</JourneyPatternRef>
      <DepartureTime>09:03:00</DepartureTime>
    </VehicleJourney>
    <VehicleJourney>
      <OperatorRef>SDMS</OperatorRef>
      <OperatingProfile>
        <RegularDayType>
          <DaysOfWeek>
            <Saturday />
          </DaysOfWeek>
        </RegularDayType>
      </OperatingProfile>
      <VehicleJourneyCode>66629</VehicleJourneyCode>
      <ServiceRef>YNBO014</ServiceRef>
      <LineRef>0</LineRef>
      <JourneyPatternRef>JPS_YNBO014-4</JourneyPatternRef>
      <DepartureTime>10:03:00</DepartureTime>
    </VehicleJourney>
    <VehicleJourney>
      <OperatorRef>SDMS</OperatorRef>
      <OperatingProfile>
        <RegularDayType>
          <DaysOfWeek>
            <Saturday />
          </DaysOfWeek>
        </RegularDayType>
      </OperatingProfile>
      <VehicleJourneyCode>66630</VehicleJourneyCode>
      <ServiceRef>YNBO014</ServiceRef>
      <LineRef>0</LineRef>
      <JourneyPatternRef>JPS_YNBO014-4</JourneyPatternRef>
      <DepartureTime>11:03:00</DepartureTime>
    </VehicleJourney>
    <VehicleJourney>
      <OperatorRef>SDMS</OperatorRef>
      <OperatingProfile>
        <RegularDayType>
          <DaysOfWeek>
            <Saturday />
          </DaysOfWeek>
        </RegularDayType>
      </OperatingProfile>
      <VehicleJourneyCode>66631</VehicleJourneyCode>
      <ServiceRef>YNBO014</ServiceRef>
      <LineRef>0</LineRef>
      <JourneyPatternRef>JPS_YNBO014-4</JourneyPatternRef>
      <DepartureTime>12:03:00</DepartureTime>
    </VehicleJourney>
    <VehicleJourney>
      <OperatorRef>SDMS</OperatorRef>
      <OperatingProfile>
        <RegularDayType>
          <DaysOfWeek>
            <Saturday />
          </DaysOfWeek>
        </RegularDayType>
      </OperatingProfile>
      <VehicleJourneyCode>66632</VehicleJourneyCode>
      <ServiceRef>YNBO014</ServiceRef>
      <LineRef>0</LineRef>
      <JourneyPatternRef>JPS_YNBO014-4</JourneyPatternRef>
      <DepartureTime>13:03:00</DepartureTime>
    </VehicleJourney>
    <VehicleJourney>
      <OperatorRef>SDMS</OperatorRef>
      <OperatingProfile>
        <RegularDayType>
          <DaysOfWeek>
            <Saturday />
          </DaysOfWeek>
        </RegularDayType>
      </OperatingProfile>
      <VehicleJourneyCode>66633</VehicleJourneyCode>
      <ServiceRef>YNBO014</ServiceRef>
      <LineRef>0</LineRef>
      <JourneyPatternRef>JPS_YNBO014-4</JourneyPatternRef>
      <DepartureTime>14:03:00</DepartureTime>
    </VehicleJourney>
    <VehicleJourney>
      <OperatorRef>SDMS</OperatorRef>
      <OperatingProfile>
        <RegularDayType>
          <DaysOfWeek>
            <Saturday />
          </DaysOfWeek>
        </RegularDayType>
      </OperatingProfile>
      <VehicleJourneyCode>66634</VehicleJourneyCode>
      <ServiceRef>YNBO014</ServiceRef>
      <LineRef>0</LineRef>
      <JourneyPatternRef>JPS_YNBO014-4</JourneyPatternRef>
      <DepartureTime>15:03:00</DepartureTime>
    </VehicleJourney>
    <VehicleJourney>
      <OperatorRef>SDMS</OperatorRef>
      <OperatingProfile>
        <RegularDayType>
          <DaysOfWeek>
            <Saturday />
          </DaysOfWeek>
        </RegularDayType>
      </OperatingProfile>
      <VehicleJourneyCode>66635</VehicleJourneyCode>
      <ServiceRef>YNBO014</ServiceRef>
      <LineRef>0</LineRef>
      <JourneyPatternRef>JPS_YNBO014-4</JourneyPatternRef>
      <DepartureTime>16:03:00</DepartureTime>
    </VehicleJourney>
    <VehicleJourney>
      <OperatorRef>SDMS</OperatorRef>
      <OperatingProfile>
        <RegularDayType>
          <DaysOfWeek>
            <Saturday />
          </DaysOfWeek>
        </RegularDayType>
      </OperatingProfile>
      <VehicleJourneyCode>66636</VehicleJourneyCode>
      <ServiceRef>YNBO014</ServiceRef>
      <LineRef>0</LineRef>
      <JourneyPatternRef>JPS_YNBO014-4</JourneyPatternRef>
      <DepartureTime>17:03:00</DepartureTime>
    </VehicleJourney>
    <VehicleJourney>
      <OperatorRef>SDMS</OperatorRef>
      <OperatingProfile>
        <RegularDayType>
          <DaysOfWeek>
            <Saturday />
          </DaysOfWeek>
        </RegularDayType>
      </OperatingProfile>
      <VehicleJourneyCode>66637</VehicleJourneyCode>
      <ServiceRef>YNBO014</ServiceRef>
      <LineRef>0</LineRef>
      <JourneyPatternRef>JPS_YNBO014-4</JourneyPatternRef>
      <DepartureTime>18:03:00</DepartureTime>
    </VehicleJourney>
  </VehicleJourneys>
</TransXChange>