<?xml version="1.0" encoding="utf-8"?>
<TransXChange xmlns:xsd="http://www.w3.org/2001/XMLSchema" xmlns:xsi="http://www.w3.org/2001/XMLSchema-instance" xsi:schemaLocation="http://www.transxchange.org.uk/ http://www.transxchange.org.uk/schema/2.1/TransXChange_general.xsd" CreationDateTime="2017-09-18T09:34:00-00:00" ModificationDateTime="2017-09-18T09:34:00-00:00" Modification="new" RevisionNumber="0" FileName="SVRYEANMC5.xml" SchemaVersion="2.1" RegistrationDocument="false" xmlns="http://www.transxchange.org.uk/">
  <StopPoints>
    <AnnotatedStopPointRef>
      <StopPointRef>2200YEA00505</StopPointRef>
      <CommonName>Hutton Beverley Road</CommonName>
    </AnnotatedStopPointRef>
    <AnnotatedStopPointRef>
      <StopPointRef>2200YEA00383</StopPointRef>
      <CommonName>Driffield St John's Road</CommonName>
    </AnnotatedStopPointRef>
  </StopPoints>
  <RouteSections>
    <RouteSection id="YEANMC5_001">
      <RouteLink id="YEANMC5_001_557">
        <From>
          <StopPointRef>2200YEA00505</StopPointRef>
        </From>
        <To>
          <StopPointRef>2200YEA00383</StopPointRef>
        </To>
        <Direction>outbound</Direction>
      </RouteLink>
    </RouteSection>
  </RouteSections>
  <Routes>
    <Route id="YEANMC5_001">
      <Description>Hutton Cranswick - Driffield
</Description>
      <RouteSectionRef>YEANMC5_001</RouteSectionRef>
    </Route>
  </Routes>
  <JourneyPatternSections>
    <JourneyPatternSection id="JPS_YEANMC5-2">
      <JourneyPatternTimingLink id="JPS_YEANMC5-2_557">
        <From>
          <StopPointRef>2200YEA00505</StopPointRef>
          <TimingStatus>PTP</TimingStatus>
        </From>
        <To>
          <StopPointRef>2200YEA00383</StopPointRef>
          <TimingStatus>PTP</TimingStatus>
        </To>
        <RouteLinkRef>YEANMC5_001_557</RouteLinkRef>
        <Direction>outbound</Direction>
        <RunTime>PT1800S</RunTime>
      </JourneyPatternTimingLink>
    </JourneyPatternSection>
  </JourneyPatternSections>
  <Operators>
    <Operator id="NMC">
      <NationalOperatorCode>YNMC</NationalOperatorCode>
      <OperatorCode>NMC</OperatorCode>
      <OperatorShortName>Nafferton Millennium Com</OperatorShortName>
    </Operator>
  </Operators>
  <Services>
    <Service>
      <ServiceCode>YEANMC5</ServiceCode>
      <Lines>
        <Line id="0">
          <LineName>NMC5</LineName>
        </Line>
      </Lines>
      <OperatingPeriod>
        <StartDate>2014-03-18</StartDate>
      </OperatingPeriod>
      <RegisteredOperatorRef>NMC</RegisteredOperatorRef>
      <StopRequirements>
        <NoNewStopsRequired />
      </StopRequirements>
      <Mode>bus</Mode>
      <Description>Hutton Cranswick - Driffield</Description>
      <StandardService>
        <Origin>Hutton Cranswick</Origin>
        <Destination>Driffield</Destination>
        <JourneyPattern id="JPS_YEANMC5-2">
          <Direction>outbound</Direction>
          <JourneyPatternSectionRefs>JPS_YEANMC5-2</JourneyPatternSectionRefs>
        </JourneyPattern>
      </StandardService>
    </Service>
  </Services>
  <VehicleJourneys>
    <VehicleJourney>
      <OperatorRef>NMC</OperatorRef>
      <OperatingProfile>
        <RegularDayType>
          <DaysOfWeek>
            <Thursday />
          </DaysOfWeek>
        </RegularDayType>
      </OperatingProfile>
      <VehicleJourneyCode>57</VehicleJourneyCode>
      <ServiceRef>YEANMC5</ServiceRef>
      <LineRef>0</LineRef>
      <JourneyPatternRef>JPS_YEANMC5-2</JourneyPatternRef>
      <Note>
        <NoteCode>R1</NoteCode>
        <NoteText>Ring 08456445949 to book your seat</NoteText>
      </Note>
      <DepartureTime>11:00:00</DepartureTime>
    </VehicleJourney>
  </VehicleJourneys>
</TransXChange>