<?xml version="1.0" encoding="utf-8"?>
<TransXChange xmlns:xsd="http://www.w3.org/2001/XMLSchema" xmlns:xsi="http://www.w3.org/2001/XMLSchema-instance" xsi:schemaLocation="http://www.transxchange.org.uk/ http://www.transxchange.org.uk/schema/2.1/TransXChange_general.xsd" CreationDateTime="2017-09-18T09:37:00-00:00" ModificationDateTime="2017-09-18T09:37:00-00:00" Modification="new" RevisionNumber="0" FileName="SVRYHAO940S.xml" SchemaVersion="2.1" RegistrationDocument="false" xmlns="http://www.transxchange.org.uk/">
  <ServicedOrganisations>
    <ServicedOrganisation>
      <OrganisationCode>9</OrganisationCode>
      <Name>
QE1 : 940MFIEY.cif
</Name>
      <WorkingDays>
        <DateRange>
          <StartDate>2017-07-05</StartDate>
          <EndDate>2017-07-21</EndDate>
        </DateRange>
        <DateRange>
          <StartDate>2017-09-06</StartDate>
          <EndDate>2017-10-27</EndDate>
        </DateRange>
        <DateRange>
          <StartDate>2017-11-06</StartDate>
          <EndDate>2017-12-21</EndDate>
        </DateRange>
        <DateRange>
          <StartDate>2018-01-09</StartDate>
          <EndDate>2018-02-09</EndDate>
        </DateRange>
        <DateRange>
          <StartDate>2018-02-19</StartDate>
          <EndDate>2018-02-27</EndDate>
        </DateRange>
        <DateRange>
          <StartDate>2018-02-26</StartDate>
          <EndDate>2018-02-27</EndDate>
        </DateRange>
      </WorkingDays>
    </ServicedOrganisation>
    <ServicedOrganisation>
      <OrganisationCode>10</OrganisationCode>
      <Name>
QE1 : 940MFOEY.cif
</Name>
      <WorkingDays>
        <DateRange>
          <StartDate>2017-07-05</StartDate>
          <EndDate>2017-07-21</EndDate>
        </DateRange>
        <DateRange>
          <StartDate>2017-09-06</StartDate>
          <EndDate>2017-10-27</EndDate>
        </DateRange>
        <DateRange>
          <StartDate>2017-11-06</StartDate>
          <EndDate>2017-12-21</EndDate>
        </DateRange>
        <DateRange>
          <StartDate>2018-01-09</StartDate>
          <EndDate>2018-02-09</EndDate>
        </DateRange>
        <DateRange>
          <StartDate>2018-02-19</StartDate>
          <EndDate>2018-02-27</EndDate>
        </DateRange>
        <DateRange>
          <StartDate>2018-02-26</StartDate>
          <EndDate>2018-02-27</EndDate>
        </DateRange>
      </WorkingDays>
    </ServicedOrganisation>
  </ServicedOrganisations>
  <StopPoints>
    <AnnotatedStopPointRef>
      <StopPointRef>2290YHA00345</StopPointRef>
      <CommonName>St Mary's College</CommonName>
    </AnnotatedStopPointRef>
    <AnnotatedStopPointRef>
      <StopPointRef>2290YHA00343</StopPointRef>
      <CommonName>Newlands Science Park</CommonName>
    </AnnotatedStopPointRef>
    <AnnotatedStopPointRef>
      <StopPointRef>2290YHA00341</StopPointRef>
      <CommonName>Salmon Grove</CommonName>
    </AnnotatedStopPointRef>
    <AnnotatedStopPointRef>
      <StopPointRef>2290YHA00321</StopPointRef>
      <CommonName>Waddington Court</CommonName>
    </AnnotatedStopPointRef>
    <AnnotatedStopPointRef>
      <StopPointRef>2290YHA00323</StopPointRef>
      <CommonName>Ferens Avenue</CommonName>
    </AnnotatedStopPointRef>
    <AnnotatedStopPointRef>
      <StopPointRef>2290YHA00324</StopPointRef>
      <CommonName>The University of Hull</CommonName>
    </AnnotatedStopPointRef>
    <AnnotatedStopPointRef>
      <StopPointRef>2290YHA00277</StopPointRef>
      <CommonName>Barrington Avenue</CommonName>
    </AnnotatedStopPointRef>
    <AnnotatedStopPointRef>
      <StopPointRef>2290YHA00279</StopPointRef>
      <CommonName>Chanterlands Avenue North</CommonName>
    </AnnotatedStopPointRef>
    <AnnotatedStopPointRef>
      <StopPointRef>2290YHA00280</StopPointRef>
      <CommonName>Allderidge Avenue</CommonName>
    </AnnotatedStopPointRef>
    <AnnotatedStopPointRef>
      <StopPointRef>2290YHA00281</StopPointRef>
      <CommonName>Chanterlands Avenue North</CommonName>
    </AnnotatedStopPointRef>
    <AnnotatedStopPointRef>
      <StopPointRef>2290YHA00262</StopPointRef>
      <CommonName>Murrayfield Road</CommonName>
    </AnnotatedStopPointRef>
    <AnnotatedStopPointRef>
      <StopPointRef>2290YHA00265</StopPointRef>
      <CommonName>Tennyson Avenue</CommonName>
    </AnnotatedStopPointRef>
    <AnnotatedStopPointRef>
      <StopPointRef>2290YHA00267</StopPointRef>
      <CommonName>Westbourne Avenue West</CommonName>
    </AnnotatedStopPointRef>
    <AnnotatedStopPointRef>
      <StopPointRef>2290YHA00269</StopPointRef>
      <CommonName>Marlborough Avenue</CommonName>
    </AnnotatedStopPointRef>
    <AnnotatedStopPointRef>
      <StopPointRef>2290YHA00271</StopPointRef>
      <CommonName>Chanterlands Avenue</CommonName>
    </AnnotatedStopPointRef>
    <AnnotatedStopPointRef>
      <StopPointRef>2290YHA01054</StopPointRef>
      <CommonName>Walton Street</CommonName>
    </AnnotatedStopPointRef>
    <AnnotatedStopPointRef>
      <StopPointRef>2290YHA01051</StopPointRef>
      <CommonName>Pulman Street</CommonName>
    </AnnotatedStopPointRef>
    <AnnotatedStopPointRef>
      <StopPointRef>2290YHA01049</StopPointRef>
      <CommonName>Alliance Avenue</CommonName>
    </AnnotatedStopPointRef>
    <AnnotatedStopPointRef>
      <StopPointRef>2290YHA01048</StopPointRef>
      <CommonName>Rutland Road</CommonName>
    </AnnotatedStopPointRef>
    <AnnotatedStopPointRef>
      <StopPointRef>2290YHA01045</StopPointRef>
      <CommonName>Southburn Avenue</CommonName>
    </AnnotatedStopPointRef>
    <AnnotatedStopPointRef>
      <StopPointRef>2290YHA01044</StopPointRef>
      <CommonName>The Hastings PH</CommonName>
    </AnnotatedStopPointRef>
    <AnnotatedStopPointRef>
      <StopPointRef>2290YHA00046</StopPointRef>
      <CommonName>Calvert Lane</CommonName>
    </AnnotatedStopPointRef>
    <AnnotatedStopPointRef>
      <StopPointRef>2290YHA00047</StopPointRef>
      <CommonName>Meadowbank Road</CommonName>
    </AnnotatedStopPointRef>
    <AnnotatedStopPointRef>
      <StopPointRef>2290YHA00023</StopPointRef>
      <CommonName>The Silver Cod PH</CommonName>
    </AnnotatedStopPointRef>
    <AnnotatedStopPointRef>
      <StopPointRef>2290YHA00024</StopPointRef>
      <CommonName>De La Pole Avenue</CommonName>
    </AnnotatedStopPointRef>
    <AnnotatedStopPointRef>
      <StopPointRef>2290YHA00025</StopPointRef>
      <CommonName>Wenlock Barracks</CommonName>
    </AnnotatedStopPointRef>
    <AnnotatedStopPointRef>
      <StopPointRef>2290YHA00026</StopPointRef>
      <CommonName>KCom Stadium</CommonName>
    </AnnotatedStopPointRef>
    <AnnotatedStopPointRef>
      <StopPointRef>2290YHA00027</StopPointRef>
      <CommonName>EYMS Depot</CommonName>
    </AnnotatedStopPointRef>
    <AnnotatedStopPointRef>
      <StopPointRef>2290YHA00028</StopPointRef>
      <CommonName>Gladstone Street</CommonName>
    </AnnotatedStopPointRef>
    <AnnotatedStopPointRef>
      <StopPointRef>2290YHA00029</StopPointRef>
      <CommonName>Hull Royal Infirmary</CommonName>
    </AnnotatedStopPointRef>
    <AnnotatedStopPointRef>
      <StopPointRef>2290YHA00035</StopPointRef>
      <CommonName>Hull Royal Infirmary</CommonName>
    </AnnotatedStopPointRef>
    <AnnotatedStopPointRef>
      <StopPointRef>2290YHA00036</StopPointRef>
      <CommonName>Coltman Street</CommonName>
    </AnnotatedStopPointRef>
    <AnnotatedStopPointRef>
      <StopPointRef>2290YHA00037</StopPointRef>
      <CommonName>Saner Street</CommonName>
    </AnnotatedStopPointRef>
    <AnnotatedStopPointRef>
      <StopPointRef>2290YHA01498</StopPointRef>
      <CommonName>KCom Stadium</CommonName>
    </AnnotatedStopPointRef>
    <AnnotatedStopPointRef>
      <StopPointRef>2290YHA00038</StopPointRef>
      <CommonName>Sandringham Street</CommonName>
    </AnnotatedStopPointRef>
    <AnnotatedStopPointRef>
      <StopPointRef>2290YHA00039</StopPointRef>
      <CommonName>Plane Street</CommonName>
    </AnnotatedStopPointRef>
    <AnnotatedStopPointRef>
      <StopPointRef>2290YHA00040</StopPointRef>
      <CommonName>Stirling Street</CommonName>
    </AnnotatedStopPointRef>
    <AnnotatedStopPointRef>
      <StopPointRef>2290YHA00041</StopPointRef>
      <CommonName>Wheeler Street</CommonName>
    </AnnotatedStopPointRef>
    <AnnotatedStopPointRef>
      <StopPointRef>2290YHA00048</StopPointRef>
      <CommonName>Meadowbank Road</CommonName>
    </AnnotatedStopPointRef>
    <AnnotatedStopPointRef>
      <StopPointRef>2290YHA00240</StopPointRef>
      <CommonName>Anlaby Park Fire Station</CommonName>
    </AnnotatedStopPointRef>
    <AnnotatedStopPointRef>
      <StopPointRef>2290YHA01043</StopPointRef>
      <CommonName>Rosedale Grove</CommonName>
    </AnnotatedStopPointRef>
    <AnnotatedStopPointRef>
      <StopPointRef>2290YHA01046</StopPointRef>
      <CommonName>Kirklands Road</CommonName>
    </AnnotatedStopPointRef>
    <AnnotatedStopPointRef>
      <StopPointRef>2290YHA01047</StopPointRef>
      <CommonName>Luton Road</CommonName>
    </AnnotatedStopPointRef>
    <AnnotatedStopPointRef>
      <StopPointRef>2290YHA01050</StopPointRef>
      <CommonName>Alliance Avenue</CommonName>
    </AnnotatedStopPointRef>
    <AnnotatedStopPointRef>
      <StopPointRef>2290YHA01052</StopPointRef>
      <CommonName>Albert Avenue</CommonName>
    </AnnotatedStopPointRef>
    <AnnotatedStopPointRef>
      <StopPointRef>2290YHA01473</StopPointRef>
      <CommonName>Walton Street</CommonName>
    </AnnotatedStopPointRef>
    <AnnotatedStopPointRef>
      <StopPointRef>2290YHA00272</StopPointRef>
      <CommonName>Chanterlands Avenue</CommonName>
    </AnnotatedStopPointRef>
    <AnnotatedStopPointRef>
      <StopPointRef>2290YHA00270</StopPointRef>
      <CommonName>Dundee Street</CommonName>
    </AnnotatedStopPointRef>
    <AnnotatedStopPointRef>
      <StopPointRef>2290YHA00268</StopPointRef>
      <CommonName>Lynton Avenue</CommonName>
    </AnnotatedStopPointRef>
    <AnnotatedStopPointRef>
      <StopPointRef>2290YHA00266</StopPointRef>
      <CommonName>Tennyson Avenue</CommonName>
    </AnnotatedStopPointRef>
    <AnnotatedStopPointRef>
      <StopPointRef>2290YHA00264</StopPointRef>
      <CommonName>Park Avenue West</CommonName>
    </AnnotatedStopPointRef>
    <AnnotatedStopPointRef>
      <StopPointRef>2290YHA00263</StopPointRef>
      <CommonName>Murrayfield Road</CommonName>
    </AnnotatedStopPointRef>
    <AnnotatedStopPointRef>
      <StopPointRef>2290YHA00273</StopPointRef>
      <CommonName>Loveridge Avenue</CommonName>
    </AnnotatedStopPointRef>
    <AnnotatedStopPointRef>
      <StopPointRef>2290YHA00274</StopPointRef>
      <CommonName>Allderidge Avenue</CommonName>
    </AnnotatedStopPointRef>
    <AnnotatedStopPointRef>
      <StopPointRef>2290YHA00275</StopPointRef>
      <CommonName>Chanterlands Avenue</CommonName>
    </AnnotatedStopPointRef>
    <AnnotatedStopPointRef>
      <StopPointRef>2290YHA00276</StopPointRef>
      <CommonName>Barrington Avenue</CommonName>
    </AnnotatedStopPointRef>
    <AnnotatedStopPointRef>
      <StopPointRef>2290YHA00327</StopPointRef>
      <CommonName>Newland Park</CommonName>
    </AnnotatedStopPointRef>
    <AnnotatedStopPointRef>
      <StopPointRef>2290YHA00326</StopPointRef>
      <CommonName>University Of Humberside</CommonName>
    </AnnotatedStopPointRef>
    <AnnotatedStopPointRef>
      <StopPointRef>2290YHA00325</StopPointRef>
      <CommonName>The University of Hull</CommonName>
    </AnnotatedStopPointRef>
    <AnnotatedStopPointRef>
      <StopPointRef>2290YHA00322</StopPointRef>
      <CommonName>Ferens Avenue</CommonName>
    </AnnotatedStopPointRef>
    <AnnotatedStopPointRef>
      <StopPointRef>2290YHA00339</StopPointRef>
      <CommonName>Newland Park Avenue</CommonName>
    </AnnotatedStopPointRef>
    <AnnotatedStopPointRef>
      <StopPointRef>2290YHA00340</StopPointRef>
      <CommonName>Salmon Grove</CommonName>
    </AnnotatedStopPointRef>
    <AnnotatedStopPointRef>
      <StopPointRef>2290YHA00344</StopPointRef>
      <CommonName>Cranbrook Court</CommonName>
    </AnnotatedStopPointRef>
  </StopPoints>
  <RouteSections>
    <RouteSection id="YHAO940S004">
      <RouteLink id="YHAO940S004_21741">
        <From>
          <StopPointRef>2290YHA00345</StopPointRef>
        </From>
        <To>
          <StopPointRef>2290YHA00343</StopPointRef>
        </To>
        <Direction>inbound</Direction>
      </RouteLink>
      <RouteLink id="YHAO940S004_21742">
        <From>
          <StopPointRef>2290YHA00343</StopPointRef>
        </From>
        <To>
          <StopPointRef>2290YHA00341</StopPointRef>
        </To>
        <Direction>inbound</Direction>
      </RouteLink>
      <RouteLink id="YHAO940S004_21743">
        <From>
          <StopPointRef>2290YHA00341</StopPointRef>
        </From>
        <To>
          <StopPointRef>2290YHA00321</StopPointRef>
        </To>
        <Direction>inbound</Direction>
      </RouteLink>
      <RouteLink id="YHAO940S004_21744">
        <From>
          <StopPointRef>2290YHA00321</StopPointRef>
        </From>
        <To>
          <StopPointRef>2290YHA00323</StopPointRef>
        </To>
        <Direction>inbound</Direction>
      </RouteLink>
      <RouteLink id="YHAO940S004_21745">
        <From>
          <StopPointRef>2290YHA00323</StopPointRef>
        </From>
        <To>
          <StopPointRef>2290YHA00324</StopPointRef>
        </To>
        <Direction>inbound</Direction>
      </RouteLink>
      <RouteLink id="YHAO940S004_21746">
        <From>
          <StopPointRef>2290YHA00324</StopPointRef>
        </From>
        <To>
          <StopPointRef>2290YHA00277</StopPointRef>
        </To>
        <Direction>inbound</Direction>
      </RouteLink>
      <RouteLink id="YHAO940S004_21747">
        <From>
          <StopPointRef>2290YHA00277</StopPointRef>
        </From>
        <To>
          <StopPointRef>2290YHA00279</StopPointRef>
        </To>
        <Direction>inbound</Direction>
      </RouteLink>
      <RouteLink id="YHAO940S004_21748">
        <From>
          <StopPointRef>2290YHA00279</StopPointRef>
        </From>
        <To>
          <StopPointRef>2290YHA00280</StopPointRef>
        </To>
        <Direction>inbound</Direction>
      </RouteLink>
      <RouteLink id="YHAO940S004_21749">
        <From>
          <StopPointRef>2290YHA00280</StopPointRef>
        </From>
        <To>
          <StopPointRef>2290YHA00281</StopPointRef>
        </To>
        <Direction>inbound</Direction>
      </RouteLink>
      <RouteLink id="YHAO940S004_21750">
        <From>
          <StopPointRef>2290YHA00281</StopPointRef>
        </From>
        <To>
          <StopPointRef>2290YHA00262</StopPointRef>
        </To>
        <Direction>inbound</Direction>
      </RouteLink>
      <RouteLink id="YHAO940S004_21751">
        <From>
          <StopPointRef>2290YHA00262</StopPointRef>
        </From>
        <To>
          <StopPointRef>2290YHA00265</StopPointRef>
        </To>
        <Direction>inbound</Direction>
      </RouteLink>
      <RouteLink id="YHAO940S004_21752">
        <From>
          <StopPointRef>2290YHA00265</StopPointRef>
        </From>
        <To>
          <StopPointRef>2290YHA00267</StopPointRef>
        </To>
        <Direction>inbound</Direction>
      </RouteLink>
      <RouteLink id="YHAO940S004_21753">
        <From>
          <StopPointRef>2290YHA00267</StopPointRef>
        </From>
        <To>
          <StopPointRef>2290YHA00269</StopPointRef>
        </To>
        <Direction>inbound</Direction>
      </RouteLink>
      <RouteLink id="YHAO940S004_21754">
        <From>
          <StopPointRef>2290YHA00269</StopPointRef>
        </From>
        <To>
          <StopPointRef>2290YHA00271</StopPointRef>
        </To>
        <Direction>inbound</Direction>
      </RouteLink>
      <RouteLink id="YHAO940S004_21755">
        <From>
          <StopPointRef>2290YHA00271</StopPointRef>
        </From>
        <To>
          <StopPointRef>2290YHA01054</StopPointRef>
        </To>
        <Direction>inbound</Direction>
      </RouteLink>
      <RouteLink id="YHAO940S004_21756">
        <From>
          <StopPointRef>2290YHA01054</StopPointRef>
        </From>
        <To>
          <StopPointRef>2290YHA01051</StopPointRef>
        </To>
        <Direction>inbound</Direction>
      </RouteLink>
      <RouteLink id="YHAO940S004_21757">
        <From>
          <StopPointRef>2290YHA01051</StopPointRef>
        </From>
        <To>
          <StopPointRef>2290YHA01049</StopPointRef>
        </To>
        <Direction>inbound</Direction>
      </RouteLink>
      <RouteLink id="YHAO940S004_21758">
        <From>
          <StopPointRef>2290YHA01049</StopPointRef>
        </From>
        <To>
          <StopPointRef>2290YHA01048</StopPointRef>
        </To>
        <Direction>inbound</Direction>
      </RouteLink>
      <RouteLink id="YHAO940S004_21759">
        <From>
          <StopPointRef>2290YHA01048</StopPointRef>
        </From>
        <To>
          <StopPointRef>2290YHA01045</StopPointRef>
        </To>
        <Direction>inbound</Direction>
      </RouteLink>
      <RouteLink id="YHAO940S004_21760">
        <From>
          <StopPointRef>2290YHA01045</StopPointRef>
        </From>
        <To>
          <StopPointRef>2290YHA01044</StopPointRef>
        </To>
        <Direction>inbound</Direction>
      </RouteLink>
      <RouteLink id="YHAO940S004_21761">
        <From>
          <StopPointRef>2290YHA01044</StopPointRef>
        </From>
        <To>
          <StopPointRef>2290YHA00046</StopPointRef>
        </To>
        <Direction>inbound</Direction>
      </RouteLink>
      <RouteLink id="YHAO940S004_21762">
        <From>
          <StopPointRef>2290YHA00046</StopPointRef>
        </From>
        <To>
          <StopPointRef>2290YHA00047</StopPointRef>
        </To>
        <Direction>inbound</Direction>
      </RouteLink>
      <RouteLink id="YHAO940S004_21763">
        <From>
          <StopPointRef>2290YHA00047</StopPointRef>
        </From>
        <To>
          <StopPointRef>2290YHA00023</StopPointRef>
        </To>
        <Direction>inbound</Direction>
      </RouteLink>
      <RouteLink id="YHAO940S004_21764">
        <From>
          <StopPointRef>2290YHA00023</StopPointRef>
        </From>
        <To>
          <StopPointRef>2290YHA00024</StopPointRef>
        </To>
        <Direction>inbound</Direction>
      </RouteLink>
      <RouteLink id="YHAO940S004_21765">
        <From>
          <StopPointRef>2290YHA00024</StopPointRef>
        </From>
        <To>
          <StopPointRef>2290YHA00025</StopPointRef>
        </To>
        <Direction>inbound</Direction>
      </RouteLink>
      <RouteLink id="YHAO940S004_21766">
        <From>
          <StopPointRef>2290YHA00025</StopPointRef>
        </From>
        <To>
          <StopPointRef>2290YHA00026</StopPointRef>
        </To>
        <Direction>inbound</Direction>
      </RouteLink>
      <RouteLink id="YHAO940S004_21767">
        <From>
          <StopPointRef>2290YHA00026</StopPointRef>
        </From>
        <To>
          <StopPointRef>2290YHA00027</StopPointRef>
        </To>
        <Direction>inbound</Direction>
      </RouteLink>
      <RouteLink id="YHAO940S004_21768">
        <From>
          <StopPointRef>2290YHA00027</StopPointRef>
        </From>
        <To>
          <StopPointRef>2290YHA00028</StopPointRef>
        </To>
        <Direction>inbound</Direction>
      </RouteLink>
      <RouteLink id="YHAO940S004_21769">
        <From>
          <StopPointRef>2290YHA00028</StopPointRef>
        </From>
        <To>
          <StopPointRef>2290YHA00029</StopPointRef>
        </To>
        <Direction>inbound</Direction>
      </RouteLink>
    </RouteSection>
    <RouteSection id="YHAO940S003">
      <RouteLink id="YHAO940S003_21774">
        <From>
          <StopPointRef>2290YHA00035</StopPointRef>
        </From>
        <To>
          <StopPointRef>2290YHA00036</StopPointRef>
        </To>
        <Direction>outbound</Direction>
      </RouteLink>
      <RouteLink id="YHAO940S003_21775">
        <From>
          <StopPointRef>2290YHA00036</StopPointRef>
        </From>
        <To>
          <StopPointRef>2290YHA00037</StopPointRef>
        </To>
        <Direction>outbound</Direction>
      </RouteLink>
      <RouteLink id="YHAO940S003_21776">
        <From>
          <StopPointRef>2290YHA00037</StopPointRef>
        </From>
        <To>
          <StopPointRef>2290YHA01498</StopPointRef>
        </To>
        <Direction>outbound</Direction>
      </RouteLink>
      <RouteLink id="YHAO940S003_21777">
        <From>
          <StopPointRef>2290YHA01498</StopPointRef>
        </From>
        <To>
          <StopPointRef>2290YHA00038</StopPointRef>
        </To>
        <Direction>outbound</Direction>
      </RouteLink>
      <RouteLink id="YHAO940S003_21778">
        <From>
          <StopPointRef>2290YHA00038</StopPointRef>
        </From>
        <To>
          <StopPointRef>2290YHA00039</StopPointRef>
        </To>
        <Direction>outbound</Direction>
      </RouteLink>
      <RouteLink id="YHAO940S003_21779">
        <From>
          <StopPointRef>2290YHA00039</StopPointRef>
        </From>
        <To>
          <StopPointRef>2290YHA00040</StopPointRef>
        </To>
        <Direction>outbound</Direction>
      </RouteLink>
      <RouteLink id="YHAO940S003_21780">
        <From>
          <StopPointRef>2290YHA00040</StopPointRef>
        </From>
        <To>
          <StopPointRef>2290YHA00041</StopPointRef>
        </To>
        <Direction>outbound</Direction>
      </RouteLink>
      <RouteLink id="YHAO940S003_21781">
        <From>
          <StopPointRef>2290YHA00041</StopPointRef>
        </From>
        <To>
          <StopPointRef>2290YHA00048</StopPointRef>
        </To>
        <Direction>outbound</Direction>
      </RouteLink>
      <RouteLink id="YHAO940S003_21782">
        <From>
          <StopPointRef>2290YHA00048</StopPointRef>
        </From>
        <To>
          <StopPointRef>2290YHA00240</StopPointRef>
        </To>
        <Direction>outbound</Direction>
      </RouteLink>
      <RouteLink id="YHAO940S003_21783">
        <From>
          <StopPointRef>2290YHA00240</StopPointRef>
        </From>
        <To>
          <StopPointRef>2290YHA01043</StopPointRef>
        </To>
        <Direction>outbound</Direction>
      </RouteLink>
      <RouteLink id="YHAO940S003_21784">
        <From>
          <StopPointRef>2290YHA01043</StopPointRef>
        </From>
        <To>
          <StopPointRef>2290YHA01046</StopPointRef>
        </To>
        <Direction>outbound</Direction>
      </RouteLink>
      <RouteLink id="YHAO940S003_21785">
        <From>
          <StopPointRef>2290YHA01046</StopPointRef>
        </From>
        <To>
          <StopPointRef>2290YHA01047</StopPointRef>
        </To>
        <Direction>outbound</Direction>
      </RouteLink>
      <RouteLink id="YHAO940S003_21786">
        <From>
          <StopPointRef>2290YHA01047</StopPointRef>
        </From>
        <To>
          <StopPointRef>2290YHA01050</StopPointRef>
        </To>
        <Direction>outbound</Direction>
      </RouteLink>
      <RouteLink id="YHAO940S003_21787">
        <From>
          <StopPointRef>2290YHA01050</StopPointRef>
        </From>
        <To>
          <StopPointRef>2290YHA01052</StopPointRef>
        </To>
        <Direction>outbound</Direction>
      </RouteLink>
      <RouteLink id="YHAO940S003_21788">
        <From>
          <StopPointRef>2290YHA01052</StopPointRef>
        </From>
        <To>
          <StopPointRef>2290YHA01473</StopPointRef>
        </To>
        <Direction>outbound</Direction>
      </RouteLink>
      <RouteLink id="YHAO940S003_21789">
        <From>
          <StopPointRef>2290YHA01473</StopPointRef>
        </From>
        <To>
          <StopPointRef>2290YHA00272</StopPointRef>
        </To>
        <Direction>outbound</Direction>
      </RouteLink>
      <RouteLink id="YHAO940S003_21790">
        <From>
          <StopPointRef>2290YHA00272</StopPointRef>
        </From>
        <To>
          <StopPointRef>2290YHA00270</StopPointRef>
        </To>
        <Direction>outbound</Direction>
      </RouteLink>
      <RouteLink id="YHAO940S003_21791">
        <From>
          <StopPointRef>2290YHA00270</StopPointRef>
        </From>
        <To>
          <StopPointRef>2290YHA00268</StopPointRef>
        </To>
        <Direction>outbound</Direction>
      </RouteLink>
      <RouteLink id="YHAO940S003_21792">
        <From>
          <StopPointRef>2290YHA00268</StopPointRef>
        </From>
        <To>
          <StopPointRef>2290YHA00266</StopPointRef>
        </To>
        <Direction>outbound</Direction>
      </RouteLink>
      <RouteLink id="YHAO940S003_21793">
        <From>
          <StopPointRef>2290YHA00266</StopPointRef>
        </From>
        <To>
          <StopPointRef>2290YHA00264</StopPointRef>
        </To>
        <Direction>outbound</Direction>
      </RouteLink>
      <RouteLink id="YHAO940S003_21794">
        <From>
          <StopPointRef>2290YHA00264</StopPointRef>
        </From>
        <To>
          <StopPointRef>2290YHA00263</StopPointRef>
        </To>
        <Direction>outbound</Direction>
      </RouteLink>
      <RouteLink id="YHAO940S003_21795">
        <From>
          <StopPointRef>2290YHA00263</StopPointRef>
        </From>
        <To>
          <StopPointRef>2290YHA00273</StopPointRef>
        </To>
        <Direction>outbound</Direction>
      </RouteLink>
      <RouteLink id="YHAO940S003_21796">
        <From>
          <StopPointRef>2290YHA00273</StopPointRef>
        </From>
        <To>
          <StopPointRef>2290YHA00274</StopPointRef>
        </To>
        <Direction>outbound</Direction>
      </RouteLink>
      <RouteLink id="YHAO940S003_21797">
        <From>
          <StopPointRef>2290YHA00274</StopPointRef>
        </From>
        <To>
          <StopPointRef>2290YHA00275</StopPointRef>
        </To>
        <Direction>outbound</Direction>
      </RouteLink>
      <RouteLink id="YHAO940S003_21798">
        <From>
          <StopPointRef>2290YHA00275</StopPointRef>
        </From>
        <To>
          <StopPointRef>2290YHA00276</StopPointRef>
        </To>
        <Direction>outbound</Direction>
      </RouteLink>
      <RouteLink id="YHAO940S003_21799">
        <From>
          <StopPointRef>2290YHA00276</StopPointRef>
        </From>
        <To>
          <StopPointRef>2290YHA00327</StopPointRef>
        </To>
        <Direction>outbound</Direction>
      </RouteLink>
      <RouteLink id="YHAO940S003_21800">
        <From>
          <StopPointRef>2290YHA00327</StopPointRef>
        </From>
        <To>
          <StopPointRef>2290YHA00326</StopPointRef>
        </To>
        <Direction>outbound</Direction>
      </RouteLink>
      <RouteLink id="YHAO940S003_21801">
        <From>
          <StopPointRef>2290YHA00326</StopPointRef>
        </From>
        <To>
          <StopPointRef>2290YHA00325</StopPointRef>
        </To>
        <Direction>outbound</Direction>
      </RouteLink>
      <RouteLink id="YHAO940S003_21802">
        <From>
          <StopPointRef>2290YHA00325</StopPointRef>
        </From>
        <To>
          <StopPointRef>2290YHA00322</StopPointRef>
        </To>
        <Direction>outbound</Direction>
      </RouteLink>
      <RouteLink id="YHAO940S003_21803">
        <From>
          <StopPointRef>2290YHA00322</StopPointRef>
        </From>
        <To>
          <StopPointRef>2290YHA00339</StopPointRef>
        </To>
        <Direction>outbound</Direction>
      </RouteLink>
      <RouteLink id="YHAO940S003_21804">
        <From>
          <StopPointRef>2290YHA00339</StopPointRef>
        </From>
        <To>
          <StopPointRef>2290YHA00340</StopPointRef>
        </To>
        <Direction>outbound</Direction>
      </RouteLink>
      <RouteLink id="YHAO940S003_21805">
        <From>
          <StopPointRef>2290YHA00340</StopPointRef>
        </From>
        <To>
          <StopPointRef>2290YHA00344</StopPointRef>
        </To>
        <Direction>outbound</Direction>
      </RouteLink>
    </RouteSection>
  </RouteSections>
  <Routes>
    <Route id="YHAO940S004">
      <Description>St Mary's College - Anlaby Road
</Description>
      <RouteSectionRef>YHAO940S004</RouteSectionRef>
    </Route>
    <Route id="YHAO940S003">
      <Description>Anlaby Road - St Mary's College
</Description>
      <RouteSectionRef>YHAO940S003</RouteSectionRef>
    </Route>
  </Routes>
  <JourneyPatternSections>
    <JourneyPatternSection id="JPS_YHAO940S-3">
      <JourneyPatternTimingLink id="JPS_YHAO940S-3_21741">
        <From>
          <StopPointRef>2290YHA00345</StopPointRef>
          <TimingStatus>PTP</TimingStatus>
        </From>
        <To>
          <StopPointRef>2290YHA00343</StopPointRef>
          <TimingStatus>OTH</TimingStatus>
        </To>
        <RouteLinkRef>YHAO940S004_21741</RouteLinkRef>
        <Direction>inbound</Direction>
        <RunTime>PT53S</RunTime>
      </JourneyPatternTimingLink>
      <JourneyPatternTimingLink id="JPS_YHAO940S-3_21742">
        <From>
          <StopPointRef>2290YHA00343</StopPointRef>
          <TimingStatus>OTH</TimingStatus>
        </From>
        <To>
          <StopPointRef>2290YHA00341</StopPointRef>
          <TimingStatus>OTH</TimingStatus>
        </To>
        <RouteLinkRef>YHAO940S004_21742</RouteLinkRef>
        <Direction>inbound</Direction>
        <RunTime>PT47S</RunTime>
      </JourneyPatternTimingLink>
      <JourneyPatternTimingLink id="JPS_YHAO940S-3_21743">
        <From>
          <StopPointRef>2290YHA00341</StopPointRef>
          <TimingStatus>OTH</TimingStatus>
        </From>
        <To>
          <StopPointRef>2290YHA00321</StopPointRef>
          <TimingStatus>OTH</TimingStatus>
        </To>
        <RouteLinkRef>YHAO940S004_21743</RouteLinkRef>
        <Direction>inbound</Direction>
        <RunTime>PT50S</RunTime>
      </JourneyPatternTimingLink>
      <JourneyPatternTimingLink id="JPS_YHAO940S-3_21744">
        <From>
          <StopPointRef>2290YHA00321</StopPointRef>
          <TimingStatus>OTH</TimingStatus>
        </From>
        <To>
          <StopPointRef>2290YHA00323</StopPointRef>
          <TimingStatus>OTH</TimingStatus>
        </To>
        <RouteLinkRef>YHAO940S004_21744</RouteLinkRef>
        <Direction>inbound</Direction>
        <RunTime>PT32S</RunTime>
      </JourneyPatternTimingLink>
      <JourneyPatternTimingLink id="JPS_YHAO940S-3_21745">
        <From>
          <StopPointRef>2290YHA00323</StopPointRef>
          <TimingStatus>OTH</TimingStatus>
        </From>
        <To>
          <StopPointRef>2290YHA00324</StopPointRef>
          <TimingStatus>OTH</TimingStatus>
        </To>
        <RouteLinkRef>YHAO940S004_21745</RouteLinkRef>
        <Direction>inbound</Direction>
        <RunTime>PT24S</RunTime>
      </JourneyPatternTimingLink>
      <JourneyPatternTimingLink id="JPS_YHAO940S-3_21746">
        <From>
          <StopPointRef>2290YHA00324</StopPointRef>
          <TimingStatus>OTH</TimingStatus>
        </From>
        <To>
          <StopPointRef>2290YHA00277</StopPointRef>
          <TimingStatus>OTH</TimingStatus>
        </To>
        <RouteLinkRef>YHAO940S004_21746</RouteLinkRef>
        <Direction>inbound</Direction>
        <RunTime>PT81S</RunTime>
      </JourneyPatternTimingLink>
      <JourneyPatternTimingLink id="JPS_YHAO940S-3_21747">
        <From>
          <StopPointRef>2290YHA00277</StopPointRef>
          <TimingStatus>OTH</TimingStatus>
        </From>
        <To>
          <StopPointRef>2290YHA00279</StopPointRef>
          <TimingStatus>OTH</TimingStatus>
        </To>
        <RouteLinkRef>YHAO940S004_21747</RouteLinkRef>
        <Direction>inbound</Direction>
        <RunTime>PT66S</RunTime>
      </JourneyPatternTimingLink>
      <JourneyPatternTimingLink id="JPS_YHAO940S-3_21748">
        <From>
          <StopPointRef>2290YHA00279</StopPointRef>
          <TimingStatus>OTH</TimingStatus>
        </From>
        <To>
          <StopPointRef>2290YHA00280</StopPointRef>
          <TimingStatus>OTH</TimingStatus>
        </To>
        <RouteLinkRef>YHAO940S004_21748</RouteLinkRef>
        <Direction>inbound</Direction>
        <RunTime>PT29S</RunTime>
      </JourneyPatternTimingLink>
      <JourneyPatternTimingLink id="JPS_YHAO940S-3_21749">
        <From>
          <StopPointRef>2290YHA00280</StopPointRef>
          <TimingStatus>OTH</TimingStatus>
        </From>
        <To>
          <StopPointRef>2290YHA00281</StopPointRef>
          <TimingStatus>OTH</TimingStatus>
        </To>
        <RouteLinkRef>YHAO940S004_21749</RouteLinkRef>
        <Direction>inbound</Direction>
        <RunTime>PT55S</RunTime>
      </JourneyPatternTimingLink>
      <JourneyPatternTimingLink id="JPS_YHAO940S-3_21750">
        <From>
          <StopPointRef>2290YHA00281</StopPointRef>
          <TimingStatus>OTH</TimingStatus>
        </From>
        <To>
          <StopPointRef>2290YHA00262</StopPointRef>
          <TimingStatus>OTH</TimingStatus>
        </To>
        <RouteLinkRef>YHAO940S004_21750</RouteLinkRef>
        <Direction>inbound</Direction>
        <RunTime>PT31S</RunTime>
      </JourneyPatternTimingLink>
      <JourneyPatternTimingLink id="JPS_YHAO940S-3_21751">
        <From>
          <StopPointRef>2290YHA00262</StopPointRef>
          <TimingStatus>OTH</TimingStatus>
        </From>
        <To>
          <StopPointRef>2290YHA00265</StopPointRef>
          <TimingStatus>OTH</TimingStatus>
        </To>
        <RouteLinkRef>YHAO940S004_21751</RouteLinkRef>
        <Direction>inbound</Direction>
        <RunTime>PT61S</RunTime>
      </JourneyPatternTimingLink>
      <JourneyPatternTimingLink id="JPS_YHAO940S-3_21752">
        <From>
          <StopPointRef>2290YHA00265</StopPointRef>
          <TimingStatus>OTH</TimingStatus>
        </From>
        <To>
          <StopPointRef>2290YHA00267</StopPointRef>
          <TimingStatus>OTH</TimingStatus>
        </To>
        <RouteLinkRef>YHAO940S004_21752</RouteLinkRef>
        <Direction>inbound</Direction>
        <RunTime>PT31S</RunTime>
      </JourneyPatternTimingLink>
      <JourneyPatternTimingLink id="JPS_YHAO940S-3_21753">
        <From>
          <StopPointRef>2290YHA00267</StopPointRef>
          <TimingStatus>OTH</TimingStatus>
        </From>
        <To>
          <StopPointRef>2290YHA00269</StopPointRef>
          <TimingStatus>OTH</TimingStatus>
        </To>
        <RouteLinkRef>YHAO940S004_21753</RouteLinkRef>
        <Direction>inbound</Direction>
        <RunTime>PT31S</RunTime>
      </JourneyPatternTimingLink>
      <JourneyPatternTimingLink id="JPS_YHAO940S-3_21754">
        <From>
          <StopPointRef>2290YHA00269</StopPointRef>
          <TimingStatus>OTH</TimingStatus>
        </From>
        <To>
          <StopPointRef>2290YHA00271</StopPointRef>
          <TimingStatus>OTH</TimingStatus>
        </To>
        <RouteLinkRef>YHAO940S004_21754</RouteLinkRef>
        <Direction>inbound</Direction>
        <RunTime>PT44S</RunTime>
      </JourneyPatternTimingLink>
      <JourneyPatternTimingLink id="JPS_YHAO940S-3_21755">
        <From>
          <StopPointRef>2290YHA00271</StopPointRef>
          <TimingStatus>OTH</TimingStatus>
        </From>
        <To>
          <StopPointRef>2290YHA01054</StopPointRef>
          <TimingStatus>OTH</TimingStatus>
        </To>
        <RouteLinkRef>YHAO940S004_21755</RouteLinkRef>
        <Direction>inbound</Direction>
        <RunTime>PT34S</RunTime>
      </JourneyPatternTimingLink>
      <JourneyPatternTimingLink id="JPS_YHAO940S-3_21756">
        <From>
          <StopPointRef>2290YHA01054</StopPointRef>
          <TimingStatus>OTH</TimingStatus>
        </From>
        <To>
          <StopPointRef>2290YHA01051</StopPointRef>
          <TimingStatus>OTH</TimingStatus>
        </To>
        <RouteLinkRef>YHAO940S004_21756</RouteLinkRef>
        <Direction>inbound</Direction>
        <RunTime>PT52S</RunTime>
      </JourneyPatternTimingLink>
      <JourneyPatternTimingLink id="JPS_YHAO940S-3_21757">
        <From>
          <StopPointRef>2290YHA01051</StopPointRef>
          <TimingStatus>OTH</TimingStatus>
        </From>
        <To>
          <StopPointRef>2290YHA01049</StopPointRef>
          <TimingStatus>OTH</TimingStatus>
        </To>
        <RouteLinkRef>YHAO940S004_21757</RouteLinkRef>
        <Direction>inbound</Direction>
        <RunTime>PT45S</RunTime>
      </JourneyPatternTimingLink>
      <JourneyPatternTimingLink id="JPS_YHAO940S-3_21758">
        <From>
          <StopPointRef>2290YHA01049</StopPointRef>
          <TimingStatus>OTH</TimingStatus>
        </From>
        <To>
          <StopPointRef>2290YHA01048</StopPointRef>
          <TimingStatus>OTH</TimingStatus>
        </To>
        <RouteLinkRef>YHAO940S004_21758</RouteLinkRef>
        <Direction>inbound</Direction>
        <RunTime>PT49S</RunTime>
      </JourneyPatternTimingLink>
      <JourneyPatternTimingLink id="JPS_YHAO940S-3_21759">
        <From>
          <StopPointRef>2290YHA01048</StopPointRef>
          <TimingStatus>OTH</TimingStatus>
        </From>
        <To>
          <StopPointRef>2290YHA01045</StopPointRef>
          <TimingStatus>OTH</TimingStatus>
        </To>
        <RouteLinkRef>YHAO940S004_21759</RouteLinkRef>
        <Direction>inbound</Direction>
        <RunTime>PT40S</RunTime>
      </JourneyPatternTimingLink>
      <JourneyPatternTimingLink id="JPS_YHAO940S-3_21760">
        <From>
          <StopPointRef>2290YHA01045</StopPointRef>
          <TimingStatus>OTH</TimingStatus>
        </From>
        <To>
          <StopPointRef>2290YHA01044</StopPointRef>
          <TimingStatus>PTP</TimingStatus>
        </To>
        <RouteLinkRef>YHAO940S004_21760</RouteLinkRef>
        <Direction>inbound</Direction>
        <RunTime>PT45S</RunTime>
      </JourneyPatternTimingLink>
      <JourneyPatternTimingLink id="JPS_YHAO940S-3_21761">
        <From>
          <StopPointRef>2290YHA01044</StopPointRef>
          <TimingStatus>PTP</TimingStatus>
        </From>
        <To>
          <StopPointRef>2290YHA00046</StopPointRef>
          <TimingStatus>OTH</TimingStatus>
        </To>
        <RouteLinkRef>YHAO940S004_21761</RouteLinkRef>
        <Direction>inbound</Direction>
        <RunTime>PT137S</RunTime>
      </JourneyPatternTimingLink>
      <JourneyPatternTimingLink id="JPS_YHAO940S-3_21762">
        <From>
          <StopPointRef>2290YHA00046</StopPointRef>
          <TimingStatus>OTH</TimingStatus>
        </From>
        <To>
          <StopPointRef>2290YHA00047</StopPointRef>
          <TimingStatus>OTH</TimingStatus>
        </To>
        <RouteLinkRef>YHAO940S004_21762</RouteLinkRef>
        <Direction>inbound</Direction>
        <RunTime>PT59S</RunTime>
      </JourneyPatternTimingLink>
      <JourneyPatternTimingLink id="JPS_YHAO940S-3_21763">
        <From>
          <StopPointRef>2290YHA00047</StopPointRef>
          <TimingStatus>OTH</TimingStatus>
        </From>
        <To>
          <StopPointRef>2290YHA00023</StopPointRef>
          <TimingStatus>OTH</TimingStatus>
        </To>
        <RouteLinkRef>YHAO940S004_21763</RouteLinkRef>
        <Direction>inbound</Direction>
        <RunTime>PT71S</RunTime>
      </JourneyPatternTimingLink>
      <JourneyPatternTimingLink id="JPS_YHAO940S-3_21764">
        <From>
          <StopPointRef>2290YHA00023</StopPointRef>
          <TimingStatus>OTH</TimingStatus>
        </From>
        <To>
          <StopPointRef>2290YHA00024</StopPointRef>
          <TimingStatus>OTH</TimingStatus>
        </To>
        <RouteLinkRef>YHAO940S004_21764</RouteLinkRef>
        <Direction>inbound</Direction>
        <RunTime>PT45S</RunTime>
      </JourneyPatternTimingLink>
      <JourneyPatternTimingLink id="JPS_YHAO940S-3_21765">
        <From>
          <StopPointRef>2290YHA00024</StopPointRef>
          <TimingStatus>OTH</TimingStatus>
        </From>
        <To>
          <StopPointRef>2290YHA00025</StopPointRef>
          <TimingStatus>OTH</TimingStatus>
        </To>
        <RouteLinkRef>YHAO940S004_21765</RouteLinkRef>
        <Direction>inbound</Direction>
        <RunTime>PT52S</RunTime>
      </JourneyPatternTimingLink>
      <JourneyPatternTimingLink id="JPS_YHAO940S-3_21766">
        <From>
          <StopPointRef>2290YHA00025</StopPointRef>
          <TimingStatus>OTH</TimingStatus>
        </From>
        <To>
          <StopPointRef>2290YHA00026</StopPointRef>
          <TimingStatus>OTH</TimingStatus>
        </To>
        <RouteLinkRef>YHAO940S004_21766</RouteLinkRef>
        <Direction>inbound</Direction>
        <RunTime>PT56S</RunTime>
      </JourneyPatternTimingLink>
      <JourneyPatternTimingLink id="JPS_YHAO940S-3_21767">
        <From>
          <StopPointRef>2290YHA00026</StopPointRef>
          <TimingStatus>OTH</TimingStatus>
        </From>
        <To>
          <StopPointRef>2290YHA00027</StopPointRef>
          <TimingStatus>OTH</TimingStatus>
        </To>
        <RouteLinkRef>YHAO940S004_21767</RouteLinkRef>
        <Direction>inbound</Direction>
        <RunTime>PT96S</RunTime>
      </JourneyPatternTimingLink>
      <JourneyPatternTimingLink id="JPS_YHAO940S-3_21768">
        <From>
          <StopPointRef>2290YHA00027</StopPointRef>
          <TimingStatus>OTH</TimingStatus>
        </From>
        <To>
          <StopPointRef>2290YHA00028</StopPointRef>
          <TimingStatus>OTH</TimingStatus>
        </To>
        <RouteLinkRef>YHAO940S004_21768</RouteLinkRef>
        <Direction>inbound</Direction>
        <RunTime>PT45S</RunTime>
      </JourneyPatternTimingLink>
      <JourneyPatternTimingLink id="JPS_YHAO940S-3_21769">
        <From>
          <StopPointRef>2290YHA00028</StopPointRef>
          <TimingStatus>OTH</TimingStatus>
        </From>
        <To>
          <StopPointRef>2290YHA00029</StopPointRef>
          <TimingStatus>PTP</TimingStatus>
        </To>
        <RouteLinkRef>YHAO940S004_21769</RouteLinkRef>
        <Direction>inbound</Direction>
        <RunTime>PT39S</RunTime>
      </JourneyPatternTimingLink>
    </JourneyPatternSection>
    <JourneyPatternSection id="JPS_YHAO940S-4">
      <JourneyPatternTimingLink id="JPS_YHAO940S-4_21774">
        <From>
          <StopPointRef>2290YHA00035</StopPointRef>
          <TimingStatus>PTP</TimingStatus>
        </From>
        <To>
          <StopPointRef>2290YHA00036</StopPointRef>
          <TimingStatus>OTH</TimingStatus>
        </To>
        <RouteLinkRef>YHAO940S003_21774</RouteLinkRef>
        <Direction>outbound</Direction>
        <RunTime>PT64S</RunTime>
      </JourneyPatternTimingLink>
      <JourneyPatternTimingLink id="JPS_YHAO940S-4_21775">
        <From>
          <StopPointRef>2290YHA00036</StopPointRef>
          <TimingStatus>OTH</TimingStatus>
        </From>
        <To>
          <StopPointRef>2290YHA00037</StopPointRef>
          <TimingStatus>OTH</TimingStatus>
        </To>
        <RouteLinkRef>YHAO940S003_21775</RouteLinkRef>
        <Direction>outbound</Direction>
        <RunTime>PT35S</RunTime>
      </JourneyPatternTimingLink>
      <JourneyPatternTimingLink id="JPS_YHAO940S-4_21776">
        <From>
          <StopPointRef>2290YHA00037</StopPointRef>
          <TimingStatus>OTH</TimingStatus>
        </From>
        <To>
          <StopPointRef>2290YHA01498</StopPointRef>
          <TimingStatus>OTH</TimingStatus>
        </To>
        <RouteLinkRef>YHAO940S003_21776</RouteLinkRef>
        <Direction>outbound</Direction>
        <RunTime>PT91S</RunTime>
      </JourneyPatternTimingLink>
      <JourneyPatternTimingLink id="JPS_YHAO940S-4_21777">
        <From>
          <StopPointRef>2290YHA01498</StopPointRef>
          <TimingStatus>OTH</TimingStatus>
        </From>
        <To>
          <StopPointRef>2290YHA00038</StopPointRef>
          <TimingStatus>OTH</TimingStatus>
        </To>
        <RouteLinkRef>YHAO940S003_21777</RouteLinkRef>
        <Direction>outbound</Direction>
        <RunTime>PT28S</RunTime>
      </JourneyPatternTimingLink>
      <JourneyPatternTimingLink id="JPS_YHAO940S-4_21778">
        <From>
          <StopPointRef>2290YHA00038</StopPointRef>
          <TimingStatus>OTH</TimingStatus>
        </From>
        <To>
          <StopPointRef>2290YHA00039</StopPointRef>
          <TimingStatus>OTH</TimingStatus>
        </To>
        <RouteLinkRef>YHAO940S003_21778</RouteLinkRef>
        <Direction>outbound</Direction>
        <RunTime>PT52S</RunTime>
      </JourneyPatternTimingLink>
      <JourneyPatternTimingLink id="JPS_YHAO940S-4_21779">
        <From>
          <StopPointRef>2290YHA00039</StopPointRef>
          <TimingStatus>OTH</TimingStatus>
        </From>
        <To>
          <StopPointRef>2290YHA00040</StopPointRef>
          <TimingStatus>OTH</TimingStatus>
        </To>
        <RouteLinkRef>YHAO940S003_21779</RouteLinkRef>
        <Direction>outbound</Direction>
        <RunTime>PT36S</RunTime>
      </JourneyPatternTimingLink>
      <JourneyPatternTimingLink id="JPS_YHAO940S-4_21780">
        <From>
          <StopPointRef>2290YHA00040</StopPointRef>
          <TimingStatus>OTH</TimingStatus>
        </From>
        <To>
          <StopPointRef>2290YHA00041</StopPointRef>
          <TimingStatus>OTH</TimingStatus>
        </To>
        <RouteLinkRef>YHAO940S003_21780</RouteLinkRef>
        <Direction>outbound</Direction>
        <RunTime>PT45S</RunTime>
      </JourneyPatternTimingLink>
      <JourneyPatternTimingLink id="JPS_YHAO940S-4_21781">
        <From>
          <StopPointRef>2290YHA00041</StopPointRef>
          <TimingStatus>OTH</TimingStatus>
        </From>
        <To>
          <StopPointRef>2290YHA00048</StopPointRef>
          <TimingStatus>OTH</TimingStatus>
        </To>
        <RouteLinkRef>YHAO940S003_21781</RouteLinkRef>
        <Direction>outbound</Direction>
        <RunTime>PT42S</RunTime>
      </JourneyPatternTimingLink>
      <JourneyPatternTimingLink id="JPS_YHAO940S-4_21782">
        <From>
          <StopPointRef>2290YHA00048</StopPointRef>
          <TimingStatus>OTH</TimingStatus>
        </From>
        <To>
          <StopPointRef>2290YHA00240</StopPointRef>
          <TimingStatus>OTH</TimingStatus>
        </To>
        <RouteLinkRef>YHAO940S003_21782</RouteLinkRef>
        <Direction>outbound</Direction>
        <RunTime>PT81S</RunTime>
      </JourneyPatternTimingLink>
      <JourneyPatternTimingLink id="JPS_YHAO940S-4_21783">
        <From>
          <StopPointRef>2290YHA00240</StopPointRef>
          <TimingStatus>OTH</TimingStatus>
        </From>
        <To>
          <StopPointRef>2290YHA01043</StopPointRef>
          <TimingStatus>PTP</TimingStatus>
        </To>
        <RouteLinkRef>YHAO940S003_21783</RouteLinkRef>
        <Direction>outbound</Direction>
        <RunTime>PT126S</RunTime>
      </JourneyPatternTimingLink>
      <JourneyPatternTimingLink id="JPS_YHAO940S-4_21784">
        <From>
          <StopPointRef>2290YHA01043</StopPointRef>
          <TimingStatus>PTP</TimingStatus>
        </From>
        <To>
          <StopPointRef>2290YHA01046</StopPointRef>
          <TimingStatus>OTH</TimingStatus>
        </To>
        <RouteLinkRef>YHAO940S003_21784</RouteLinkRef>
        <Direction>outbound</Direction>
        <RunTime>PT44S</RunTime>
      </JourneyPatternTimingLink>
      <JourneyPatternTimingLink id="JPS_YHAO940S-4_21785">
        <From>
          <StopPointRef>2290YHA01046</StopPointRef>
          <TimingStatus>OTH</TimingStatus>
        </From>
        <To>
          <StopPointRef>2290YHA01047</StopPointRef>
          <TimingStatus>OTH</TimingStatus>
        </To>
        <RouteLinkRef>YHAO940S003_21785</RouteLinkRef>
        <Direction>outbound</Direction>
        <RunTime>PT47S</RunTime>
      </JourneyPatternTimingLink>
      <JourneyPatternTimingLink id="JPS_YHAO940S-4_21786">
        <From>
          <StopPointRef>2290YHA01047</StopPointRef>
          <TimingStatus>OTH</TimingStatus>
        </From>
        <To>
          <StopPointRef>2290YHA01050</StopPointRef>
          <TimingStatus>OTH</TimingStatus>
        </To>
        <RouteLinkRef>YHAO940S003_21786</RouteLinkRef>
        <Direction>outbound</Direction>
        <RunTime>PT42S</RunTime>
      </JourneyPatternTimingLink>
      <JourneyPatternTimingLink id="JPS_YHAO940S-4_21787">
        <From>
          <StopPointRef>2290YHA01050</StopPointRef>
          <TimingStatus>OTH</TimingStatus>
        </From>
        <To>
          <StopPointRef>2290YHA01052</StopPointRef>
          <TimingStatus>OTH</TimingStatus>
        </To>
        <RouteLinkRef>YHAO940S003_21787</RouteLinkRef>
        <Direction>outbound</Direction>
        <RunTime>PT47S</RunTime>
      </JourneyPatternTimingLink>
      <JourneyPatternTimingLink id="JPS_YHAO940S-4_21788">
        <From>
          <StopPointRef>2290YHA01052</StopPointRef>
          <TimingStatus>OTH</TimingStatus>
        </From>
        <To>
          <StopPointRef>2290YHA01473</StopPointRef>
          <TimingStatus>OTH</TimingStatus>
        </To>
        <RouteLinkRef>YHAO940S003_21788</RouteLinkRef>
        <Direction>outbound</Direction>
        <RunTime>PT28S</RunTime>
      </JourneyPatternTimingLink>
      <JourneyPatternTimingLink id="JPS_YHAO940S-4_21789">
        <From>
          <StopPointRef>2290YHA01473</StopPointRef>
          <TimingStatus>OTH</TimingStatus>
        </From>
        <To>
          <StopPointRef>2290YHA00272</StopPointRef>
          <TimingStatus>OTH</TimingStatus>
        </To>
        <RouteLinkRef>YHAO940S003_21789</RouteLinkRef>
        <Direction>outbound</Direction>
        <RunTime>PT46S</RunTime>
      </JourneyPatternTimingLink>
      <JourneyPatternTimingLink id="JPS_YHAO940S-4_21790">
        <From>
          <StopPointRef>2290YHA00272</StopPointRef>
          <TimingStatus>OTH</TimingStatus>
        </From>
        <To>
          <StopPointRef>2290YHA00270</StopPointRef>
          <TimingStatus>OTH</TimingStatus>
        </To>
        <RouteLinkRef>YHAO940S003_21790</RouteLinkRef>
        <Direction>outbound</Direction>
        <RunTime>PT37S</RunTime>
      </JourneyPatternTimingLink>
      <JourneyPatternTimingLink id="JPS_YHAO940S-4_21791">
        <From>
          <StopPointRef>2290YHA00270</StopPointRef>
          <TimingStatus>OTH</TimingStatus>
        </From>
        <To>
          <StopPointRef>2290YHA00268</StopPointRef>
          <TimingStatus>OTH</TimingStatus>
        </To>
        <RouteLinkRef>YHAO940S003_21791</RouteLinkRef>
        <Direction>outbound</Direction>
        <RunTime>PT40S</RunTime>
      </JourneyPatternTimingLink>
      <JourneyPatternTimingLink id="JPS_YHAO940S-4_21792">
        <From>
          <StopPointRef>2290YHA00268</StopPointRef>
          <TimingStatus>OTH</TimingStatus>
        </From>
        <To>
          <StopPointRef>2290YHA00266</StopPointRef>
          <TimingStatus>OTH</TimingStatus>
        </To>
        <RouteLinkRef>YHAO940S003_21792</RouteLinkRef>
        <Direction>outbound</Direction>
        <RunTime>PT30S</RunTime>
      </JourneyPatternTimingLink>
      <JourneyPatternTimingLink id="JPS_YHAO940S-4_21793">
        <From>
          <StopPointRef>2290YHA00266</StopPointRef>
          <TimingStatus>OTH</TimingStatus>
        </From>
        <To>
          <StopPointRef>2290YHA00264</StopPointRef>
          <TimingStatus>OTH</TimingStatus>
        </To>
        <RouteLinkRef>YHAO940S003_21793</RouteLinkRef>
        <Direction>outbound</Direction>
        <RunTime>PT36S</RunTime>
      </JourneyPatternTimingLink>
      <JourneyPatternTimingLink id="JPS_YHAO940S-4_21794">
        <From>
          <StopPointRef>2290YHA00264</StopPointRef>
          <TimingStatus>OTH</TimingStatus>
        </From>
        <To>
          <StopPointRef>2290YHA00263</StopPointRef>
          <TimingStatus>OTH</TimingStatus>
        </To>
        <RouteLinkRef>YHAO940S003_21794</RouteLinkRef>
        <Direction>outbound</Direction>
        <RunTime>PT38S</RunTime>
      </JourneyPatternTimingLink>
      <JourneyPatternTimingLink id="JPS_YHAO940S-4_21795">
        <From>
          <StopPointRef>2290YHA00263</StopPointRef>
          <TimingStatus>OTH</TimingStatus>
        </From>
        <To>
          <StopPointRef>2290YHA00273</StopPointRef>
          <TimingStatus>OTH</TimingStatus>
        </To>
        <RouteLinkRef>YHAO940S003_21795</RouteLinkRef>
        <Direction>outbound</Direction>
        <RunTime>PT57S</RunTime>
      </JourneyPatternTimingLink>
      <JourneyPatternTimingLink id="JPS_YHAO940S-4_21796">
        <From>
          <StopPointRef>2290YHA00273</StopPointRef>
          <TimingStatus>OTH</TimingStatus>
        </From>
        <To>
          <StopPointRef>2290YHA00274</StopPointRef>
          <TimingStatus>OTH</TimingStatus>
        </To>
        <RouteLinkRef>YHAO940S003_21796</RouteLinkRef>
        <Direction>outbound</Direction>
        <RunTime>PT53S</RunTime>
      </JourneyPatternTimingLink>
      <JourneyPatternTimingLink id="JPS_YHAO940S-4_21797">
        <From>
          <StopPointRef>2290YHA00274</StopPointRef>
          <TimingStatus>OTH</TimingStatus>
        </From>
        <To>
          <StopPointRef>2290YHA00275</StopPointRef>
          <TimingStatus>OTH</TimingStatus>
        </To>
        <RouteLinkRef>YHAO940S003_21797</RouteLinkRef>
        <Direction>outbound</Direction>
        <RunTime>PT40S</RunTime>
      </JourneyPatternTimingLink>
      <JourneyPatternTimingLink id="JPS_YHAO940S-4_21798">
        <From>
          <StopPointRef>2290YHA00275</StopPointRef>
          <TimingStatus>OTH</TimingStatus>
        </From>
        <To>
          <StopPointRef>2290YHA00276</StopPointRef>
          <TimingStatus>OTH</TimingStatus>
        </To>
        <RouteLinkRef>YHAO940S003_21798</RouteLinkRef>
        <Direction>outbound</Direction>
        <RunTime>PT35S</RunTime>
      </JourneyPatternTimingLink>
      <JourneyPatternTimingLink id="JPS_YHAO940S-4_21799">
        <From>
          <StopPointRef>2290YHA00276</StopPointRef>
          <TimingStatus>OTH</TimingStatus>
        </From>
        <To>
          <StopPointRef>2290YHA00327</StopPointRef>
          <TimingStatus>OTH</TimingStatus>
        </To>
        <RouteLinkRef>YHAO940S003_21799</RouteLinkRef>
        <Direction>outbound</Direction>
        <RunTime>PT37S</RunTime>
      </JourneyPatternTimingLink>
      <JourneyPatternTimingLink id="JPS_YHAO940S-4_21800">
        <From>
          <StopPointRef>2290YHA00327</StopPointRef>
          <TimingStatus>OTH</TimingStatus>
        </From>
        <To>
          <StopPointRef>2290YHA00326</StopPointRef>
          <TimingStatus>OTH</TimingStatus>
        </To>
        <RouteLinkRef>YHAO940S003_21800</RouteLinkRef>
        <Direction>outbound</Direction>
        <RunTime>PT26S</RunTime>
      </JourneyPatternTimingLink>
      <JourneyPatternTimingLink id="JPS_YHAO940S-4_21801">
        <From>
          <StopPointRef>2290YHA00326</StopPointRef>
          <TimingStatus>OTH</TimingStatus>
        </From>
        <To>
          <StopPointRef>2290YHA00325</StopPointRef>
          <TimingStatus>OTH</TimingStatus>
        </To>
        <RouteLinkRef>YHAO940S003_21801</RouteLinkRef>
        <Direction>outbound</Direction>
        <RunTime>PT22S</RunTime>
      </JourneyPatternTimingLink>
      <JourneyPatternTimingLink id="JPS_YHAO940S-4_21802">
        <From>
          <StopPointRef>2290YHA00325</StopPointRef>
          <TimingStatus>OTH</TimingStatus>
        </From>
        <To>
          <StopPointRef>2290YHA00322</StopPointRef>
          <TimingStatus>OTH</TimingStatus>
        </To>
        <RouteLinkRef>YHAO940S003_21802</RouteLinkRef>
        <Direction>outbound</Direction>
        <RunTime>PT57S</RunTime>
      </JourneyPatternTimingLink>
      <JourneyPatternTimingLink id="JPS_YHAO940S-4_21803">
        <From>
          <StopPointRef>2290YHA00322</StopPointRef>
          <TimingStatus>OTH</TimingStatus>
        </From>
        <To>
          <StopPointRef>2290YHA00339</StopPointRef>
          <TimingStatus>OTH</TimingStatus>
        </To>
        <RouteLinkRef>YHAO940S003_21803</RouteLinkRef>
        <Direction>outbound</Direction>
        <RunTime>PT39S</RunTime>
      </JourneyPatternTimingLink>
      <JourneyPatternTimingLink id="JPS_YHAO940S-4_21804">
        <From>
          <StopPointRef>2290YHA00339</StopPointRef>
          <TimingStatus>OTH</TimingStatus>
        </From>
        <To>
          <StopPointRef>2290YHA00340</StopPointRef>
          <TimingStatus>OTH</TimingStatus>
        </To>
        <RouteLinkRef>YHAO940S003_21804</RouteLinkRef>
        <Direction>outbound</Direction>
        <RunTime>PT34S</RunTime>
      </JourneyPatternTimingLink>
      <JourneyPatternTimingLink id="JPS_YHAO940S-4_21805">
        <From>
          <StopPointRef>2290YHA00340</StopPointRef>
          <TimingStatus>OTH</TimingStatus>
        </From>
        <To>
          <StopPointRef>2290YHA00344</StopPointRef>
          <TimingStatus>PTP</TimingStatus>
        </To>
        <RouteLinkRef>YHAO940S003_21805</RouteLinkRef>
        <Direction>outbound</Direction>
        <RunTime>PT65S</RunTime>
      </JourneyPatternTimingLink>
    </JourneyPatternSection>
  </JourneyPatternSections>
  <Operators>
    <Operator id="EY">
      <NationalOperatorCode>EYMS</NationalOperatorCode>
      <OperatorCode>EY</OperatorCode>
      <OperatorShortName>EYMS</OperatorShortName>
    </Operator>
  </Operators>
  <Services>
    <Service>
      <ServiceCode>YHAO940S</ServiceCode>
      <Lines>
        <Line id="0">
          <LineName>940S</LineName>
        </Line>
      </Lines>
      <OperatingPeriod>
        <StartDate>2017-07-05</StartDate>
        <EndDate>2018-02-27</EndDate>
      </OperatingPeriod>
      <RegisteredOperatorRef>EY</RegisteredOperatorRef>
      <StopRequirements>
        <NoNewStopsRequired />
      </StopRequirements>
      <Mode>bus</Mode>
      <Description>Anlaby Road - St Mary's College</Description>
      <StandardService>
        <Origin>Anlaby Road</Origin>
        <Destination>St Mary's College</Destination>
        <JourneyPattern id="JPS_YHAO940S-3">
          <Direction>inbound</Direction>
          <JourneyPatternSectionRefs>JPS_YHAO940S-3</JourneyPatternSectionRefs>
        </JourneyPattern>
        <JourneyPattern id="JPS_YHAO940S-4">
          <Direction>outbound</Direction>
          <JourneyPatternSectionRefs>JPS_YHAO940S-4</JourneyPatternSectionRefs>
        </JourneyPattern>
      </StandardService>
    </Service>
  </Services>
  <VehicleJourneys>
    <VehicleJourney>
      <OperatorRef>EY</OperatorRef>
      <OperatingProfile>
        <RegularDayType>
          <DaysOfWeek>
            <Monday />
            <Tuesday />
            <Wednesday />
            <Thursday />
            <Friday />
          </DaysOfWeek>
        </RegularDayType>
        <ServicedOrganisationDayType>
          <DaysOfOperation>
            <WorkingDays>
              <ServicedOrganisationRef>9</ServicedOrganisationRef>
            </WorkingDays>
          </DaysOfOperation>
        </ServicedOrganisationDayType>
      </OperatingProfile>
      <VehicleJourneyCode>6873</VehicleJourneyCode>
      <ServiceRef>YHAO940S</ServiceRef>
      <LineRef>0</LineRef>
      <JourneyPatternRef>JPS_YHAO940S-3</JourneyPatternRef>
      <DepartureTime>15:40:00</DepartureTime>
    </VehicleJourney>
    <VehicleJourney>
      <OperatorRef>EY</OperatorRef>
      <OperatingProfile>
        <RegularDayType>
          <DaysOfWeek>
            <Monday />
            <Tuesday />
            <Wednesday />
            <Thursday />
            <Friday />
          </DaysOfWeek>
        </RegularDayType>
        <ServicedOrganisationDayType>
          <DaysOfOperation>
            <WorkingDays>
              <ServicedOrganisationRef>10</ServicedOrganisationRef>
            </WorkingDays>
          </DaysOfOperation>
        </ServicedOrganisationDayType>
      </OperatingProfile>
      <VehicleJourneyCode>6874</VehicleJourneyCode>
      <ServiceRef>YHAO940S</ServiceRef>
      <LineRef>0</LineRef>
      <JourneyPatternRef>JPS_YHAO940S-4</JourneyPatternRef>
      <DepartureTime>08:00:00</DepartureTime>
    </VehicleJourney>
  </VehicleJourneys>
</TransXChange>