<?xml version="1.0" encoding="utf-8"?>
<TransXChange xmlns:xsd="http://www.w3.org/2001/XMLSchema" xmlns:xsi="http://www.w3.org/2001/XMLSchema-instance" xsi:schemaLocation="http://www.transxchange.org.uk/ http://www.transxchange.org.uk/schema/2.1/TransXChange_general.xsd" CreationDateTime="2017-09-18T09:39:00-00:00" ModificationDateTime="2017-09-18T09:39:00-00:00" Modification="new" RevisionNumber="0" FileName="SVRYNBO488.xml" SchemaVersion="2.1" RegistrationDocument="false" xmlns="http://www.transxchange.org.uk/">
  <StopPoints>
    <AnnotatedStopPointRef>
      <StopPointRef>3200YNA00148</StopPointRef>
      <CommonName>Council Houses</CommonName>
    </AnnotatedStopPointRef>
    <AnnotatedStopPointRef>
      <StopPointRef>3200YNA00150</StopPointRef>
      <CommonName>Wand Lane</CommonName>
    </AnnotatedStopPointRef>
    <AnnotatedStopPointRef>
      <StopPointRef>3200YNA00153</StopPointRef>
      <CommonName>Methodist Church</CommonName>
    </AnnotatedStopPointRef>
    <AnnotatedStopPointRef>
      <StopPointRef>3200YNA00156</StopPointRef>
      <CommonName>The Chestnuts</CommonName>
    </AnnotatedStopPointRef>
    <AnnotatedStopPointRef>
      <StopPointRef>3200YNA00157</StopPointRef>
      <CommonName>Wheldon Cottage</CommonName>
    </AnnotatedStopPointRef>
    <AnnotatedStopPointRef>
      <StopPointRef>3200YNA00159</StopPointRef>
      <CommonName>Sandholme</CommonName>
    </AnnotatedStopPointRef>
    <AnnotatedStopPointRef>
      <StopPointRef>3200YNA00161</StopPointRef>
      <CommonName>Weeland House</CommonName>
    </AnnotatedStopPointRef>
    <AnnotatedStopPointRef>
      <StopPointRef>3200YNA00165</StopPointRef>
      <CommonName>Sunnyside</CommonName>
    </AnnotatedStopPointRef>
    <AnnotatedStopPointRef>
      <StopPointRef>3200YNA00167</StopPointRef>
      <CommonName>Long Meadows</CommonName>
    </AnnotatedStopPointRef>
    <AnnotatedStopPointRef>
      <StopPointRef>3200YNA00169</StopPointRef>
      <CommonName>Pump House Lane End</CommonName>
    </AnnotatedStopPointRef>
    <AnnotatedStopPointRef>
      <StopPointRef>3200YNA00170</StopPointRef>
      <CommonName>Walnut Tree</CommonName>
    </AnnotatedStopPointRef>
    <AnnotatedStopPointRef>
      <StopPointRef>3200YNA00811</StopPointRef>
      <CommonName>486 hail and ride end</CommonName>
    </AnnotatedStopPointRef>
    <AnnotatedStopPointRef>
      <StopPointRef>3200YNA00172</StopPointRef>
      <CommonName>The Four Horseshoes</CommonName>
    </AnnotatedStopPointRef>
    <AnnotatedStopPointRef>
      <StopPointRef>3200YNA00174</StopPointRef>
      <CommonName>Council Houses</CommonName>
    </AnnotatedStopPointRef>
    <AnnotatedStopPointRef>
      <StopPointRef>2200YEA01185</StopPointRef>
      <CommonName>Pollington Main Street</CommonName>
    </AnnotatedStopPointRef>
    <AnnotatedStopPointRef>
      <StopPointRef>2200YEA01184</StopPointRef>
      <CommonName>Pollington Main Street</CommonName>
    </AnnotatedStopPointRef>
    <AnnotatedStopPointRef>
      <StopPointRef>2200YEA00679</StopPointRef>
      <CommonName>Pollington Main Street</CommonName>
    </AnnotatedStopPointRef>
    <AnnotatedStopPointRef>
      <StopPointRef>2200YEA00681</StopPointRef>
      <CommonName>Pollington Long Lane</CommonName>
    </AnnotatedStopPointRef>
    <AnnotatedStopPointRef>
      <StopPointRef>2200YEA01189</StopPointRef>
      <CommonName>Pollington Gowdall Lane</CommonName>
    </AnnotatedStopPointRef>
    <AnnotatedStopPointRef>
      <StopPointRef>2200YEA01190</StopPointRef>
      <CommonName>Pollington Long Lane</CommonName>
    </AnnotatedStopPointRef>
    <AnnotatedStopPointRef>
      <StopPointRef>2200YEA11721</StopPointRef>
      <CommonName>Gowdall Boot and Shoe</CommonName>
    </AnnotatedStopPointRef>
    <AnnotatedStopPointRef>
      <StopPointRef>2200YEA01191</StopPointRef>
      <CommonName>Gowdall Field Lane</CommonName>
    </AnnotatedStopPointRef>
    <AnnotatedStopPointRef>
      <StopPointRef>2200YEA00678</StopPointRef>
      <CommonName>Snaith Pontefract Road</CommonName>
    </AnnotatedStopPointRef>
    <AnnotatedStopPointRef>
      <StopPointRef>2200YEA01192</StopPointRef>
      <CommonName>Snaith Pontefract Road</CommonName>
    </AnnotatedStopPointRef>
    <AnnotatedStopPointRef>
      <StopPointRef>2200YEA00677</StopPointRef>
      <CommonName>East Cowick Snaith Road</CommonName>
    </AnnotatedStopPointRef>
    <AnnotatedStopPointRef>
      <StopPointRef>2200YEA00675</StopPointRef>
      <CommonName>East Cowick Snaith Road</CommonName>
    </AnnotatedStopPointRef>
    <AnnotatedStopPointRef>
      <StopPointRef>2200YEA00190</StopPointRef>
      <CommonName>Rawcliffe The Green</CommonName>
    </AnnotatedStopPointRef>
    <AnnotatedStopPointRef>
      <StopPointRef>2200YEA00196</StopPointRef>
      <CommonName>Rawcliffe Hall Gardens</CommonName>
    </AnnotatedStopPointRef>
    <AnnotatedStopPointRef>
      <StopPointRef>2200YEA00714</StopPointRef>
      <CommonName>Rawcliffe Cuckoo Park</CommonName>
    </AnnotatedStopPointRef>
    <AnnotatedStopPointRef>
      <StopPointRef>2200YEA00712</StopPointRef>
      <CommonName>Airmyn Grange A614</CommonName>
    </AnnotatedStopPointRef>
    <AnnotatedStopPointRef>
      <StopPointRef>2200YEA00711</StopPointRef>
      <CommonName>Airmyn Grange A614</CommonName>
    </AnnotatedStopPointRef>
    <AnnotatedStopPointRef>
      <StopPointRef>2200YEA11856</StopPointRef>
      <CommonName>Airmyn A614</CommonName>
    </AnnotatedStopPointRef>
    <AnnotatedStopPointRef>
      <StopPointRef>2200YEA01594</StopPointRef>
      <CommonName>Goole Rawcliffe Road</CommonName>
    </AnnotatedStopPointRef>
    <AnnotatedStopPointRef>
      <StopPointRef>2200YEA00090</StopPointRef>
      <CommonName>Goole Rawcliffe Road</CommonName>
    </AnnotatedStopPointRef>
    <AnnotatedStopPointRef>
      <StopPointRef>2200YEA00106</StopPointRef>
      <CommonName>Goole Boothferry Road</CommonName>
    </AnnotatedStopPointRef>
    <AnnotatedStopPointRef>
      <StopPointRef>2200YEA11863</StopPointRef>
      <CommonName>Goole Boothferry Rd</CommonName>
    </AnnotatedStopPointRef>
    <AnnotatedStopPointRef>
      <StopPointRef>2200YEA00095</StopPointRef>
      <CommonName>Goole Boothferry Road</CommonName>
    </AnnotatedStopPointRef>
    <AnnotatedStopPointRef>
      <StopPointRef>2200YEA01400</StopPointRef>
      <CommonName>Goole Interchange</CommonName>
    </AnnotatedStopPointRef>
    <AnnotatedStopPointRef>
      <StopPointRef>2200YEA00004</StopPointRef>
      <CommonName>Goole North Street</CommonName>
    </AnnotatedStopPointRef>
    <AnnotatedStopPointRef>
      <StopPointRef>2200YEA00002</StopPointRef>
      <CommonName>Methodist Church</CommonName>
    </AnnotatedStopPointRef>
    <AnnotatedStopPointRef>
      <StopPointRef>2200YEA00005</StopPointRef>
      <CommonName>Goole Vermuyden Way</CommonName>
    </AnnotatedStopPointRef>
    <AnnotatedStopPointRef>
      <StopPointRef>2200YEA00094</StopPointRef>
      <CommonName>Goole Boothferry Road</CommonName>
    </AnnotatedStopPointRef>
    <AnnotatedStopPointRef>
      <StopPointRef>2200YEA00096</StopPointRef>
      <CommonName>Goole Boothferry Road</CommonName>
    </AnnotatedStopPointRef>
    <AnnotatedStopPointRef>
      <StopPointRef>2200YEA00105</StopPointRef>
      <CommonName>Goole Boothferry Road</CommonName>
    </AnnotatedStopPointRef>
    <AnnotatedStopPointRef>
      <StopPointRef>2200YEA00089</StopPointRef>
      <CommonName>Goole Rawcliffe Road</CommonName>
    </AnnotatedStopPointRef>
    <AnnotatedStopPointRef>
      <StopPointRef>2200YEA01586</StopPointRef>
      <CommonName>Goole Rawcliffe Road</CommonName>
    </AnnotatedStopPointRef>
    <AnnotatedStopPointRef>
      <StopPointRef>2200YEA11855</StopPointRef>
      <CommonName>Airmyn A614</CommonName>
    </AnnotatedStopPointRef>
    <AnnotatedStopPointRef>
      <StopPointRef>2200YEA00710</StopPointRef>
      <CommonName>A614 Rawcliffe Road</CommonName>
    </AnnotatedStopPointRef>
    <AnnotatedStopPointRef>
      <StopPointRef>2200YEA00713</StopPointRef>
      <CommonName>Rawcliffe Grange A614</CommonName>
    </AnnotatedStopPointRef>
    <AnnotatedStopPointRef>
      <StopPointRef>2200YEA00195</StopPointRef>
      <CommonName>Rawcliffe Cuckoo Park</CommonName>
    </AnnotatedStopPointRef>
    <AnnotatedStopPointRef>
      <StopPointRef>2200YEA00197</StopPointRef>
      <CommonName>Rawcliffe Hall Gardens</CommonName>
    </AnnotatedStopPointRef>
    <AnnotatedStopPointRef>
      <StopPointRef>2200YEA00189</StopPointRef>
      <CommonName>Rawcliffe The Green</CommonName>
    </AnnotatedStopPointRef>
    <AnnotatedStopPointRef>
      <StopPointRef>2200YEA00674</StopPointRef>
      <CommonName>Rawcliffe Snaith Road</CommonName>
    </AnnotatedStopPointRef>
    <AnnotatedStopPointRef>
      <StopPointRef>2200YEA00676</StopPointRef>
      <CommonName>East Cowick Snaith Road</CommonName>
    </AnnotatedStopPointRef>
    <AnnotatedStopPointRef>
      <StopPointRef>2200YEA01196</StopPointRef>
      <CommonName>Snaith Pontefract Road</CommonName>
    </AnnotatedStopPointRef>
    <AnnotatedStopPointRef>
      <StopPointRef>2200YEA01195</StopPointRef>
      <CommonName>Snaith Pontefract Road</CommonName>
    </AnnotatedStopPointRef>
    <AnnotatedStopPointRef>
      <StopPointRef>3200YNA00810</StopPointRef>
      <CommonName>Balnemoor Road</CommonName>
    </AnnotatedStopPointRef>
    <AnnotatedStopPointRef>
      <StopPointRef>3200YNA00175</StopPointRef>
      <CommonName>Council Houses</CommonName>
    </AnnotatedStopPointRef>
    <AnnotatedStopPointRef>
      <StopPointRef>3200YNA00173</StopPointRef>
      <CommonName>The Four Horseshoes</CommonName>
    </AnnotatedStopPointRef>
    <AnnotatedStopPointRef>
      <StopPointRef>3200YNA00171</StopPointRef>
      <CommonName>Rose Cottage</CommonName>
    </AnnotatedStopPointRef>
    <AnnotatedStopPointRef>
      <StopPointRef>3200YNA00168</StopPointRef>
      <CommonName>Prospect House</CommonName>
    </AnnotatedStopPointRef>
    <AnnotatedStopPointRef>
      <StopPointRef>3200YNA00166</StopPointRef>
      <CommonName>Long Meadows</CommonName>
    </AnnotatedStopPointRef>
    <AnnotatedStopPointRef>
      <StopPointRef>3200YNA00164</StopPointRef>
      <CommonName>Sunnyside</CommonName>
    </AnnotatedStopPointRef>
    <AnnotatedStopPointRef>
      <StopPointRef>3200YNA00162</StopPointRef>
      <CommonName>Rosedale House</CommonName>
    </AnnotatedStopPointRef>
    <AnnotatedStopPointRef>
      <StopPointRef>3200YNA00160</StopPointRef>
      <CommonName>Station View</CommonName>
    </AnnotatedStopPointRef>
    <AnnotatedStopPointRef>
      <StopPointRef>3200YNA00158</StopPointRef>
      <CommonName>The Hawthornes</CommonName>
    </AnnotatedStopPointRef>
    <AnnotatedStopPointRef>
      <StopPointRef>3200YNA00155</StopPointRef>
      <CommonName>The Chestnuts</CommonName>
    </AnnotatedStopPointRef>
    <AnnotatedStopPointRef>
      <StopPointRef>3200YNA00154</StopPointRef>
      <CommonName>Summerfields</CommonName>
    </AnnotatedStopPointRef>
    <AnnotatedStopPointRef>
      <StopPointRef>3200YNA00152</StopPointRef>
      <CommonName>Willow Cottage</CommonName>
    </AnnotatedStopPointRef>
    <AnnotatedStopPointRef>
      <StopPointRef>3200YNA00149</StopPointRef>
      <CommonName>Council Houses</CommonName>
    </AnnotatedStopPointRef>
  </StopPoints>
  <RouteSections>
    <RouteSection id="YNBO488_001">
      <RouteLink id="YNBO488_001_40190">
        <From>
          <StopPointRef>3200YNA00148</StopPointRef>
        </From>
        <To>
          <StopPointRef>3200YNA00150</StopPointRef>
        </To>
        <Direction>outbound</Direction>
      </RouteLink>
      <RouteLink id="YNBO488_001_40191">
        <From>
          <StopPointRef>3200YNA00150</StopPointRef>
        </From>
        <To>
          <StopPointRef>3200YNA00153</StopPointRef>
        </To>
        <Direction>outbound</Direction>
      </RouteLink>
      <RouteLink id="YNBO488_001_40192">
        <From>
          <StopPointRef>3200YNA00153</StopPointRef>
        </From>
        <To>
          <StopPointRef>3200YNA00156</StopPointRef>
        </To>
        <Direction>outbound</Direction>
      </RouteLink>
      <RouteLink id="YNBO488_001_40193">
        <From>
          <StopPointRef>3200YNA00156</StopPointRef>
        </From>
        <To>
          <StopPointRef>3200YNA00157</StopPointRef>
        </To>
        <Direction>outbound</Direction>
      </RouteLink>
      <RouteLink id="YNBO488_001_40194">
        <From>
          <StopPointRef>3200YNA00157</StopPointRef>
        </From>
        <To>
          <StopPointRef>3200YNA00159</StopPointRef>
        </To>
        <Direction>outbound</Direction>
      </RouteLink>
      <RouteLink id="YNBO488_001_40195">
        <From>
          <StopPointRef>3200YNA00159</StopPointRef>
        </From>
        <To>
          <StopPointRef>3200YNA00161</StopPointRef>
        </To>
        <Direction>outbound</Direction>
      </RouteLink>
      <RouteLink id="YNBO488_001_40196">
        <From>
          <StopPointRef>3200YNA00161</StopPointRef>
        </From>
        <To>
          <StopPointRef>3200YNA00165</StopPointRef>
        </To>
        <Direction>outbound</Direction>
      </RouteLink>
      <RouteLink id="YNBO488_001_40197">
        <From>
          <StopPointRef>3200YNA00165</StopPointRef>
        </From>
        <To>
          <StopPointRef>3200YNA00167</StopPointRef>
        </To>
        <Direction>outbound</Direction>
      </RouteLink>
      <RouteLink id="YNBO488_001_40198">
        <From>
          <StopPointRef>3200YNA00167</StopPointRef>
        </From>
        <To>
          <StopPointRef>3200YNA00169</StopPointRef>
        </To>
        <Direction>outbound</Direction>
      </RouteLink>
      <RouteLink id="YNBO488_001_40199">
        <From>
          <StopPointRef>3200YNA00169</StopPointRef>
        </From>
        <To>
          <StopPointRef>3200YNA00170</StopPointRef>
        </To>
        <Direction>outbound</Direction>
      </RouteLink>
      <RouteLink id="YNBO488_001_40200">
        <From>
          <StopPointRef>3200YNA00170</StopPointRef>
        </From>
        <To>
          <StopPointRef>3200YNA00811</StopPointRef>
        </To>
        <Direction>outbound</Direction>
      </RouteLink>
      <RouteLink id="YNBO488_001_40201">
        <From>
          <StopPointRef>3200YNA00811</StopPointRef>
        </From>
        <To>
          <StopPointRef>3200YNA00172</StopPointRef>
        </To>
        <Direction>outbound</Direction>
      </RouteLink>
      <RouteLink id="YNBO488_001_40202">
        <From>
          <StopPointRef>3200YNA00172</StopPointRef>
        </From>
        <To>
          <StopPointRef>3200YNA00174</StopPointRef>
        </To>
        <Direction>outbound</Direction>
      </RouteLink>
      <RouteLink id="YNBO488_001_40203">
        <From>
          <StopPointRef>3200YNA00174</StopPointRef>
        </From>
        <To>
          <StopPointRef>2200YEA01185</StopPointRef>
        </To>
        <Direction>outbound</Direction>
      </RouteLink>
      <RouteLink id="YNBO488_001_40204">
        <From>
          <StopPointRef>2200YEA01185</StopPointRef>
        </From>
        <To>
          <StopPointRef>2200YEA01184</StopPointRef>
        </To>
        <Direction>outbound</Direction>
      </RouteLink>
      <RouteLink id="YNBO488_001_40205">
        <From>
          <StopPointRef>2200YEA01184</StopPointRef>
        </From>
        <To>
          <StopPointRef>2200YEA00679</StopPointRef>
        </To>
        <Direction>outbound</Direction>
      </RouteLink>
      <RouteLink id="YNBO488_001_40206">
        <From>
          <StopPointRef>2200YEA00679</StopPointRef>
        </From>
        <To>
          <StopPointRef>2200YEA00681</StopPointRef>
        </To>
        <Direction>outbound</Direction>
      </RouteLink>
      <RouteLink id="YNBO488_001_40207">
        <From>
          <StopPointRef>2200YEA00681</StopPointRef>
        </From>
        <To>
          <StopPointRef>2200YEA01189</StopPointRef>
        </To>
        <Direction>outbound</Direction>
      </RouteLink>
      <RouteLink id="YNBO488_001_40208">
        <From>
          <StopPointRef>2200YEA01189</StopPointRef>
        </From>
        <To>
          <StopPointRef>2200YEA01190</StopPointRef>
        </To>
        <Direction>outbound</Direction>
      </RouteLink>
      <RouteLink id="YNBO488_001_40209">
        <From>
          <StopPointRef>2200YEA01190</StopPointRef>
        </From>
        <To>
          <StopPointRef>2200YEA11721</StopPointRef>
        </To>
        <Direction>outbound</Direction>
      </RouteLink>
      <RouteLink id="YNBO488_001_40210">
        <From>
          <StopPointRef>2200YEA11721</StopPointRef>
        </From>
        <To>
          <StopPointRef>2200YEA01191</StopPointRef>
        </To>
        <Direction>outbound</Direction>
      </RouteLink>
      <RouteLink id="YNBO488_001_40211">
        <From>
          <StopPointRef>2200YEA01191</StopPointRef>
        </From>
        <To>
          <StopPointRef>2200YEA00678</StopPointRef>
        </To>
        <Direction>outbound</Direction>
      </RouteLink>
      <RouteLink id="YNBO488_001_40212">
        <From>
          <StopPointRef>2200YEA00678</StopPointRef>
        </From>
        <To>
          <StopPointRef>2200YEA01192</StopPointRef>
        </To>
        <Direction>outbound</Direction>
      </RouteLink>
      <RouteLink id="YNBO488_001_40213">
        <From>
          <StopPointRef>2200YEA01192</StopPointRef>
        </From>
        <To>
          <StopPointRef>2200YEA00677</StopPointRef>
        </To>
        <Direction>outbound</Direction>
      </RouteLink>
      <RouteLink id="YNBO488_001_40214">
        <From>
          <StopPointRef>2200YEA00677</StopPointRef>
        </From>
        <To>
          <StopPointRef>2200YEA00675</StopPointRef>
        </To>
        <Direction>outbound</Direction>
      </RouteLink>
      <RouteLink id="YNBO488_001_40215">
        <From>
          <StopPointRef>2200YEA00675</StopPointRef>
        </From>
        <To>
          <StopPointRef>2200YEA00190</StopPointRef>
        </To>
        <Direction>outbound</Direction>
      </RouteLink>
      <RouteLink id="YNBO488_001_40216">
        <From>
          <StopPointRef>2200YEA00190</StopPointRef>
        </From>
        <To>
          <StopPointRef>2200YEA00196</StopPointRef>
        </To>
        <Direction>outbound</Direction>
      </RouteLink>
      <RouteLink id="YNBO488_001_40217">
        <From>
          <StopPointRef>2200YEA00196</StopPointRef>
        </From>
        <To>
          <StopPointRef>2200YEA00714</StopPointRef>
        </To>
        <Direction>outbound</Direction>
      </RouteLink>
      <RouteLink id="YNBO488_001_40218">
        <From>
          <StopPointRef>2200YEA00714</StopPointRef>
        </From>
        <To>
          <StopPointRef>2200YEA00712</StopPointRef>
        </To>
        <Direction>outbound</Direction>
      </RouteLink>
      <RouteLink id="YNBO488_001_40219">
        <From>
          <StopPointRef>2200YEA00712</StopPointRef>
        </From>
        <To>
          <StopPointRef>2200YEA00711</StopPointRef>
        </To>
        <Direction>outbound</Direction>
      </RouteLink>
      <RouteLink id="YNBO488_001_40220">
        <From>
          <StopPointRef>2200YEA00711</StopPointRef>
        </From>
        <To>
          <StopPointRef>2200YEA11856</StopPointRef>
        </To>
        <Direction>outbound</Direction>
      </RouteLink>
      <RouteLink id="YNBO488_001_40221">
        <From>
          <StopPointRef>2200YEA11856</StopPointRef>
        </From>
        <To>
          <StopPointRef>2200YEA01594</StopPointRef>
        </To>
        <Direction>outbound</Direction>
      </RouteLink>
      <RouteLink id="YNBO488_001_40222">
        <From>
          <StopPointRef>2200YEA01594</StopPointRef>
        </From>
        <To>
          <StopPointRef>2200YEA00090</StopPointRef>
        </To>
        <Direction>outbound</Direction>
      </RouteLink>
      <RouteLink id="YNBO488_001_40223">
        <From>
          <StopPointRef>2200YEA00090</StopPointRef>
        </From>
        <To>
          <StopPointRef>2200YEA00106</StopPointRef>
        </To>
        <Direction>outbound</Direction>
      </RouteLink>
      <RouteLink id="YNBO488_001_40224">
        <From>
          <StopPointRef>2200YEA00106</StopPointRef>
        </From>
        <To>
          <StopPointRef>2200YEA11863</StopPointRef>
        </To>
        <Direction>outbound</Direction>
      </RouteLink>
      <RouteLink id="YNBO488_001_40225">
        <From>
          <StopPointRef>2200YEA11863</StopPointRef>
        </From>
        <To>
          <StopPointRef>2200YEA00095</StopPointRef>
        </To>
        <Direction>outbound</Direction>
      </RouteLink>
      <RouteLink id="YNBO488_001_40226">
        <From>
          <StopPointRef>2200YEA00095</StopPointRef>
        </From>
        <To>
          <StopPointRef>2200YEA01400</StopPointRef>
        </To>
        <Direction>outbound</Direction>
      </RouteLink>
      <RouteLink id="YNBO488_001_40227">
        <From>
          <StopPointRef>2200YEA01400</StopPointRef>
        </From>
        <To>
          <StopPointRef>2200YEA00004</StopPointRef>
        </To>
        <Direction>outbound</Direction>
      </RouteLink>
    </RouteSection>
    <RouteSection id="YNBO488_002">
      <RouteLink id="YNBO488_002_40229">
        <From>
          <StopPointRef>2200YEA00002</StopPointRef>
        </From>
        <To>
          <StopPointRef>2200YEA00005</StopPointRef>
        </To>
        <Direction>inbound</Direction>
      </RouteLink>
      <RouteLink id="YNBO488_002_40230">
        <From>
          <StopPointRef>2200YEA00005</StopPointRef>
        </From>
        <To>
          <StopPointRef>2200YEA00094</StopPointRef>
        </To>
        <Direction>inbound</Direction>
      </RouteLink>
      <RouteLink id="YNBO488_002_40231">
        <From>
          <StopPointRef>2200YEA00094</StopPointRef>
        </From>
        <To>
          <StopPointRef>2200YEA00096</StopPointRef>
        </To>
        <Direction>inbound</Direction>
      </RouteLink>
      <RouteLink id="YNBO488_002_40232">
        <From>
          <StopPointRef>2200YEA00096</StopPointRef>
        </From>
        <To>
          <StopPointRef>2200YEA00105</StopPointRef>
        </To>
        <Direction>inbound</Direction>
      </RouteLink>
      <RouteLink id="YNBO488_002_40233">
        <From>
          <StopPointRef>2200YEA00105</StopPointRef>
        </From>
        <To>
          <StopPointRef>2200YEA00089</StopPointRef>
        </To>
        <Direction>inbound</Direction>
      </RouteLink>
      <RouteLink id="YNBO488_002_40234">
        <From>
          <StopPointRef>2200YEA00089</StopPointRef>
        </From>
        <To>
          <StopPointRef>2200YEA01586</StopPointRef>
        </To>
        <Direction>inbound</Direction>
      </RouteLink>
      <RouteLink id="YNBO488_002_40235">
        <From>
          <StopPointRef>2200YEA01586</StopPointRef>
        </From>
        <To>
          <StopPointRef>2200YEA11855</StopPointRef>
        </To>
        <Direction>inbound</Direction>
      </RouteLink>
      <RouteLink id="YNBO488_002_40236">
        <From>
          <StopPointRef>2200YEA11855</StopPointRef>
        </From>
        <To>
          <StopPointRef>2200YEA00710</StopPointRef>
        </To>
        <Direction>inbound</Direction>
      </RouteLink>
      <RouteLink id="YNBO488_002_40237">
        <From>
          <StopPointRef>2200YEA00710</StopPointRef>
        </From>
        <To>
          <StopPointRef>2200YEA00713</StopPointRef>
        </To>
        <Direction>inbound</Direction>
      </RouteLink>
      <RouteLink id="YNBO488_002_40238">
        <From>
          <StopPointRef>2200YEA00713</StopPointRef>
        </From>
        <To>
          <StopPointRef>2200YEA00195</StopPointRef>
        </To>
        <Direction>inbound</Direction>
      </RouteLink>
      <RouteLink id="YNBO488_002_40239">
        <From>
          <StopPointRef>2200YEA00195</StopPointRef>
        </From>
        <To>
          <StopPointRef>2200YEA00197</StopPointRef>
        </To>
        <Direction>inbound</Direction>
      </RouteLink>
      <RouteLink id="YNBO488_002_40240">
        <From>
          <StopPointRef>2200YEA00197</StopPointRef>
        </From>
        <To>
          <StopPointRef>2200YEA00189</StopPointRef>
        </To>
        <Direction>inbound</Direction>
      </RouteLink>
      <RouteLink id="YNBO488_002_40241">
        <From>
          <StopPointRef>2200YEA00189</StopPointRef>
        </From>
        <To>
          <StopPointRef>2200YEA00674</StopPointRef>
        </To>
        <Direction>inbound</Direction>
      </RouteLink>
      <RouteLink id="YNBO488_002_40242">
        <From>
          <StopPointRef>2200YEA00674</StopPointRef>
        </From>
        <To>
          <StopPointRef>2200YEA00676</StopPointRef>
        </To>
        <Direction>inbound</Direction>
      </RouteLink>
      <RouteLink id="YNBO488_002_40243">
        <From>
          <StopPointRef>2200YEA00676</StopPointRef>
        </From>
        <To>
          <StopPointRef>2200YEA01196</StopPointRef>
        </To>
        <Direction>inbound</Direction>
      </RouteLink>
      <RouteLink id="YNBO488_002_40244">
        <From>
          <StopPointRef>2200YEA01196</StopPointRef>
        </From>
        <To>
          <StopPointRef>2200YEA01195</StopPointRef>
        </To>
        <Direction>inbound</Direction>
      </RouteLink>
      <RouteLink id="YNBO488_002_40245">
        <From>
          <StopPointRef>2200YEA01195</StopPointRef>
        </From>
        <To>
          <StopPointRef>2200YEA11721</StopPointRef>
        </To>
        <Direction>inbound</Direction>
      </RouteLink>
      <RouteLink id="YNBO488_002_40246">
        <From>
          <StopPointRef>2200YEA11721</StopPointRef>
        </From>
        <To>
          <StopPointRef>2200YEA01191</StopPointRef>
        </To>
        <Direction>inbound</Direction>
      </RouteLink>
      <RouteLink id="YNBO488_002_40247">
        <From>
          <StopPointRef>2200YEA01191</StopPointRef>
        </From>
        <To>
          <StopPointRef>2200YEA01189</StopPointRef>
        </To>
        <Direction>inbound</Direction>
      </RouteLink>
      <RouteLink id="YNBO488_002_40248">
        <From>
          <StopPointRef>2200YEA01189</StopPointRef>
        </From>
        <To>
          <StopPointRef>2200YEA00681</StopPointRef>
        </To>
        <Direction>inbound</Direction>
      </RouteLink>
      <RouteLink id="YNBO488_002_40249">
        <From>
          <StopPointRef>2200YEA00681</StopPointRef>
        </From>
        <To>
          <StopPointRef>2200YEA01185</StopPointRef>
        </To>
        <Direction>inbound</Direction>
      </RouteLink>
      <RouteLink id="YNBO488_002_40250">
        <From>
          <StopPointRef>2200YEA01185</StopPointRef>
        </From>
        <To>
          <StopPointRef>2200YEA01184</StopPointRef>
        </To>
        <Direction>inbound</Direction>
      </RouteLink>
      <RouteLink id="YNBO488_002_40251">
        <From>
          <StopPointRef>2200YEA01184</StopPointRef>
        </From>
        <To>
          <StopPointRef>2200YEA00679</StopPointRef>
        </To>
        <Direction>inbound</Direction>
      </RouteLink>
      <RouteLink id="YNBO488_002_40252">
        <From>
          <StopPointRef>2200YEA00679</StopPointRef>
        </From>
        <To>
          <StopPointRef>3200YNA00810</StopPointRef>
        </To>
        <Direction>inbound</Direction>
      </RouteLink>
      <RouteLink id="YNBO488_002_40253">
        <From>
          <StopPointRef>3200YNA00810</StopPointRef>
        </From>
        <To>
          <StopPointRef>3200YNA00175</StopPointRef>
        </To>
        <Direction>inbound</Direction>
      </RouteLink>
      <RouteLink id="YNBO488_002_40254">
        <From>
          <StopPointRef>3200YNA00175</StopPointRef>
        </From>
        <To>
          <StopPointRef>3200YNA00173</StopPointRef>
        </To>
        <Direction>inbound</Direction>
      </RouteLink>
      <RouteLink id="YNBO488_002_40255">
        <From>
          <StopPointRef>3200YNA00173</StopPointRef>
        </From>
        <To>
          <StopPointRef>3200YNA00171</StopPointRef>
        </To>
        <Direction>inbound</Direction>
      </RouteLink>
      <RouteLink id="YNBO488_002_40256">
        <From>
          <StopPointRef>3200YNA00171</StopPointRef>
        </From>
        <To>
          <StopPointRef>3200YNA00168</StopPointRef>
        </To>
        <Direction>inbound</Direction>
      </RouteLink>
      <RouteLink id="YNBO488_002_40257">
        <From>
          <StopPointRef>3200YNA00168</StopPointRef>
        </From>
        <To>
          <StopPointRef>3200YNA00166</StopPointRef>
        </To>
        <Direction>inbound</Direction>
      </RouteLink>
      <RouteLink id="YNBO488_002_40258">
        <From>
          <StopPointRef>3200YNA00166</StopPointRef>
        </From>
        <To>
          <StopPointRef>3200YNA00164</StopPointRef>
        </To>
        <Direction>inbound</Direction>
      </RouteLink>
      <RouteLink id="YNBO488_002_40259">
        <From>
          <StopPointRef>3200YNA00164</StopPointRef>
        </From>
        <To>
          <StopPointRef>3200YNA00162</StopPointRef>
        </To>
        <Direction>inbound</Direction>
      </RouteLink>
      <RouteLink id="YNBO488_002_40260">
        <From>
          <StopPointRef>3200YNA00162</StopPointRef>
        </From>
        <To>
          <StopPointRef>3200YNA00160</StopPointRef>
        </To>
        <Direction>inbound</Direction>
      </RouteLink>
      <RouteLink id="YNBO488_002_40261">
        <From>
          <StopPointRef>3200YNA00160</StopPointRef>
        </From>
        <To>
          <StopPointRef>3200YNA00158</StopPointRef>
        </To>
        <Direction>inbound</Direction>
      </RouteLink>
      <RouteLink id="YNBO488_002_40262">
        <From>
          <StopPointRef>3200YNA00158</StopPointRef>
        </From>
        <To>
          <StopPointRef>3200YNA00155</StopPointRef>
        </To>
        <Direction>inbound</Direction>
      </RouteLink>
      <RouteLink id="YNBO488_002_40263">
        <From>
          <StopPointRef>3200YNA00155</StopPointRef>
        </From>
        <To>
          <StopPointRef>3200YNA00154</StopPointRef>
        </To>
        <Direction>inbound</Direction>
      </RouteLink>
      <RouteLink id="YNBO488_002_40264">
        <From>
          <StopPointRef>3200YNA00154</StopPointRef>
        </From>
        <To>
          <StopPointRef>3200YNA00152</StopPointRef>
        </To>
        <Direction>inbound</Direction>
      </RouteLink>
      <RouteLink id="YNBO488_002_40265">
        <From>
          <StopPointRef>3200YNA00152</StopPointRef>
        </From>
        <To>
          <StopPointRef>3200YNA00149</StopPointRef>
        </To>
        <Direction>inbound</Direction>
      </RouteLink>
    </RouteSection>
  </RouteSections>
  <Routes>
    <Route id="YNBO488_001">
      <Description>Hensall - Goole
</Description>
      <RouteSectionRef>YNBO488_001</RouteSectionRef>
    </Route>
    <Route id="YNBO488_002">
      <Description>Goole - Hensall
</Description>
      <RouteSectionRef>YNBO488_002</RouteSectionRef>
    </Route>
  </Routes>
  <JourneyPatternSections>
    <JourneyPatternSection id="JPS_YNBO488-3">
      <JourneyPatternTimingLink id="JPS_YNBO488-3_40190">
        <From>
          <StopPointRef>3200YNA00148</StopPointRef>
          <TimingStatus>PTP</TimingStatus>
        </From>
        <To>
          <StopPointRef>3200YNA00150</StopPointRef>
          <TimingStatus>OTH</TimingStatus>
        </To>
        <RouteLinkRef>YNBO488_001_40190</RouteLinkRef>
        <Direction>outbound</Direction>
        <RunTime>PT60S</RunTime>
      </JourneyPatternTimingLink>
      <JourneyPatternTimingLink id="JPS_YNBO488-3_40191">
        <From>
          <StopPointRef>3200YNA00150</StopPointRef>
          <TimingStatus>OTH</TimingStatus>
        </From>
        <To>
          <StopPointRef>3200YNA00153</StopPointRef>
          <TimingStatus>PTP</TimingStatus>
        </To>
        <RouteLinkRef>YNBO488_001_40191</RouteLinkRef>
        <Direction>outbound</Direction>
        <RunTime>PT60S</RunTime>
      </JourneyPatternTimingLink>
      <JourneyPatternTimingLink id="JPS_YNBO488-3_40192">
        <From>
          <StopPointRef>3200YNA00153</StopPointRef>
          <TimingStatus>PTP</TimingStatus>
        </From>
        <To>
          <StopPointRef>3200YNA00156</StopPointRef>
          <TimingStatus>OTH</TimingStatus>
        </To>
        <RouteLinkRef>YNBO488_001_40192</RouteLinkRef>
        <Direction>outbound</Direction>
        <RunTime>PT0S</RunTime>
      </JourneyPatternTimingLink>
      <JourneyPatternTimingLink id="JPS_YNBO488-3_40193">
        <From>
          <StopPointRef>3200YNA00156</StopPointRef>
          <TimingStatus>OTH</TimingStatus>
        </From>
        <To>
          <StopPointRef>3200YNA00157</StopPointRef>
          <TimingStatus>OTH</TimingStatus>
        </To>
        <RouteLinkRef>YNBO488_001_40193</RouteLinkRef>
        <Direction>outbound</Direction>
        <RunTime>PT60S</RunTime>
      </JourneyPatternTimingLink>
      <JourneyPatternTimingLink id="JPS_YNBO488-3_40194">
        <From>
          <StopPointRef>3200YNA00157</StopPointRef>
          <TimingStatus>OTH</TimingStatus>
        </From>
        <To>
          <StopPointRef>3200YNA00159</StopPointRef>
          <TimingStatus>PTP</TimingStatus>
        </To>
        <RouteLinkRef>YNBO488_001_40194</RouteLinkRef>
        <Direction>outbound</Direction>
        <RunTime>PT60S</RunTime>
      </JourneyPatternTimingLink>
      <JourneyPatternTimingLink id="JPS_YNBO488-3_40195">
        <From>
          <StopPointRef>3200YNA00159</StopPointRef>
          <TimingStatus>PTP</TimingStatus>
        </From>
        <To>
          <StopPointRef>3200YNA00161</StopPointRef>
          <TimingStatus>OTH</TimingStatus>
        </To>
        <RouteLinkRef>YNBO488_001_40195</RouteLinkRef>
        <Direction>outbound</Direction>
        <RunTime>PT0S</RunTime>
      </JourneyPatternTimingLink>
      <JourneyPatternTimingLink id="JPS_YNBO488-3_40196">
        <From>
          <StopPointRef>3200YNA00161</StopPointRef>
          <TimingStatus>OTH</TimingStatus>
        </From>
        <To>
          <StopPointRef>3200YNA00165</StopPointRef>
          <TimingStatus>PTP</TimingStatus>
        </To>
        <RouteLinkRef>YNBO488_001_40196</RouteLinkRef>
        <Direction>outbound</Direction>
        <RunTime>PT240S</RunTime>
      </JourneyPatternTimingLink>
      <JourneyPatternTimingLink id="JPS_YNBO488-3_40197">
        <From>
          <StopPointRef>3200YNA00165</StopPointRef>
          <TimingStatus>PTP</TimingStatus>
        </From>
        <To>
          <StopPointRef>3200YNA00167</StopPointRef>
          <TimingStatus>OTH</TimingStatus>
        </To>
        <RouteLinkRef>YNBO488_001_40197</RouteLinkRef>
        <Direction>outbound</Direction>
        <RunTime>PT0S</RunTime>
      </JourneyPatternTimingLink>
      <JourneyPatternTimingLink id="JPS_YNBO488-3_40198">
        <From>
          <StopPointRef>3200YNA00167</StopPointRef>
          <TimingStatus>OTH</TimingStatus>
        </From>
        <To>
          <StopPointRef>3200YNA00169</StopPointRef>
          <TimingStatus>OTH</TimingStatus>
        </To>
        <RouteLinkRef>YNBO488_001_40198</RouteLinkRef>
        <Direction>outbound</Direction>
        <RunTime>PT60S</RunTime>
      </JourneyPatternTimingLink>
      <JourneyPatternTimingLink id="JPS_YNBO488-3_40199">
        <From>
          <StopPointRef>3200YNA00169</StopPointRef>
          <TimingStatus>OTH</TimingStatus>
        </From>
        <To>
          <StopPointRef>3200YNA00170</StopPointRef>
          <TimingStatus>OTH</TimingStatus>
        </To>
        <RouteLinkRef>YNBO488_001_40199</RouteLinkRef>
        <Direction>outbound</Direction>
        <RunTime>PT60S</RunTime>
      </JourneyPatternTimingLink>
      <JourneyPatternTimingLink id="JPS_YNBO488-3_40200">
        <From>
          <StopPointRef>3200YNA00170</StopPointRef>
          <TimingStatus>OTH</TimingStatus>
        </From>
        <To>
          <StopPointRef>3200YNA00811</StopPointRef>
          <TimingStatus>OTH</TimingStatus>
        </To>
        <RouteLinkRef>YNBO488_001_40200</RouteLinkRef>
        <Direction>outbound</Direction>
        <RunTime>PT0S</RunTime>
      </JourneyPatternTimingLink>
      <JourneyPatternTimingLink id="JPS_YNBO488-3_40201">
        <From>
          <StopPointRef>3200YNA00811</StopPointRef>
          <TimingStatus>OTH</TimingStatus>
        </From>
        <To>
          <StopPointRef>3200YNA00172</StopPointRef>
          <TimingStatus>PTP</TimingStatus>
        </To>
        <RouteLinkRef>YNBO488_001_40201</RouteLinkRef>
        <Direction>outbound</Direction>
        <RunTime>PT360S</RunTime>
      </JourneyPatternTimingLink>
      <JourneyPatternTimingLink id="JPS_YNBO488-3_40202">
        <From>
          <StopPointRef>3200YNA00172</StopPointRef>
          <TimingStatus>PTP</TimingStatus>
        </From>
        <To>
          <StopPointRef>3200YNA00174</StopPointRef>
          <TimingStatus>OTH</TimingStatus>
        </To>
        <RouteLinkRef>YNBO488_001_40202</RouteLinkRef>
        <Direction>outbound</Direction>
        <RunTime>PT120S</RunTime>
      </JourneyPatternTimingLink>
      <JourneyPatternTimingLink id="JPS_YNBO488-3_40203">
        <From>
          <StopPointRef>3200YNA00174</StopPointRef>
          <TimingStatus>OTH</TimingStatus>
        </From>
        <To>
          <StopPointRef>2200YEA01185</StopPointRef>
          <TimingStatus>OTH</TimingStatus>
        </To>
        <RouteLinkRef>YNBO488_001_40203</RouteLinkRef>
        <Direction>outbound</Direction>
        <RunTime>PT240S</RunTime>
      </JourneyPatternTimingLink>
      <JourneyPatternTimingLink id="JPS_YNBO488-3_40204">
        <From>
          <StopPointRef>2200YEA01185</StopPointRef>
          <TimingStatus>OTH</TimingStatus>
        </From>
        <To>
          <StopPointRef>2200YEA01184</StopPointRef>
          <TimingStatus>OTH</TimingStatus>
        </To>
        <RouteLinkRef>YNBO488_001_40204</RouteLinkRef>
        <Direction>outbound</Direction>
        <RunTime>PT60S</RunTime>
      </JourneyPatternTimingLink>
      <JourneyPatternTimingLink id="JPS_YNBO488-3_40205">
        <From>
          <StopPointRef>2200YEA01184</StopPointRef>
          <TimingStatus>OTH</TimingStatus>
        </From>
        <To>
          <StopPointRef>2200YEA00679</StopPointRef>
          <TimingStatus>PTP</TimingStatus>
        </To>
        <RouteLinkRef>YNBO488_001_40205</RouteLinkRef>
        <Direction>outbound</Direction>
        <RunTime>PT60S</RunTime>
      </JourneyPatternTimingLink>
      <JourneyPatternTimingLink id="JPS_YNBO488-3_40206">
        <From>
          <StopPointRef>2200YEA00679</StopPointRef>
          <TimingStatus>PTP</TimingStatus>
        </From>
        <To>
          <StopPointRef>2200YEA00681</StopPointRef>
          <TimingStatus>OTH</TimingStatus>
        </To>
        <RouteLinkRef>YNBO488_001_40206</RouteLinkRef>
        <Direction>outbound</Direction>
        <RunTime>PT60S</RunTime>
      </JourneyPatternTimingLink>
      <JourneyPatternTimingLink id="JPS_YNBO488-3_40207">
        <From>
          <StopPointRef>2200YEA00681</StopPointRef>
          <TimingStatus>OTH</TimingStatus>
        </From>
        <To>
          <StopPointRef>2200YEA01189</StopPointRef>
          <TimingStatus>PTP</TimingStatus>
        </To>
        <RouteLinkRef>YNBO488_001_40207</RouteLinkRef>
        <Direction>outbound</Direction>
        <RunTime>PT180S</RunTime>
      </JourneyPatternTimingLink>
      <JourneyPatternTimingLink id="JPS_YNBO488-3_40208">
        <From>
          <StopPointRef>2200YEA01189</StopPointRef>
          <TimingStatus>PTP</TimingStatus>
        </From>
        <To>
          <StopPointRef>2200YEA01190</StopPointRef>
          <TimingStatus>OTH</TimingStatus>
        </To>
        <RouteLinkRef>YNBO488_001_40208</RouteLinkRef>
        <Direction>outbound</Direction>
        <RunTime>PT120S</RunTime>
      </JourneyPatternTimingLink>
      <JourneyPatternTimingLink id="JPS_YNBO488-3_40209">
        <From>
          <StopPointRef>2200YEA01190</StopPointRef>
          <TimingStatus>OTH</TimingStatus>
        </From>
        <To>
          <StopPointRef>2200YEA11721</StopPointRef>
          <TimingStatus>PTP</TimingStatus>
        </To>
        <RouteLinkRef>YNBO488_001_40209</RouteLinkRef>
        <Direction>outbound</Direction>
        <RunTime>PT300S</RunTime>
      </JourneyPatternTimingLink>
      <JourneyPatternTimingLink id="JPS_YNBO488-3_40210">
        <From>
          <StopPointRef>2200YEA11721</StopPointRef>
          <TimingStatus>PTP</TimingStatus>
        </From>
        <To>
          <StopPointRef>2200YEA01191</StopPointRef>
          <TimingStatus>OTH</TimingStatus>
        </To>
        <RouteLinkRef>YNBO488_001_40210</RouteLinkRef>
        <Direction>outbound</Direction>
        <RunTime>PT0S</RunTime>
      </JourneyPatternTimingLink>
      <JourneyPatternTimingLink id="JPS_YNBO488-3_40211">
        <From>
          <StopPointRef>2200YEA01191</StopPointRef>
          <TimingStatus>OTH</TimingStatus>
        </From>
        <To>
          <StopPointRef>2200YEA00678</StopPointRef>
          <TimingStatus>PTP</TimingStatus>
        </To>
        <RouteLinkRef>YNBO488_001_40211</RouteLinkRef>
        <Direction>outbound</Direction>
        <RunTime>PT360S</RunTime>
      </JourneyPatternTimingLink>
      <JourneyPatternTimingLink id="JPS_YNBO488-3_40212">
        <From>
          <StopPointRef>2200YEA00678</StopPointRef>
          <TimingStatus>PTP</TimingStatus>
        </From>
        <To>
          <StopPointRef>2200YEA01192</StopPointRef>
          <TimingStatus>OTH</TimingStatus>
        </To>
        <RouteLinkRef>YNBO488_001_40212</RouteLinkRef>
        <Direction>outbound</Direction>
        <RunTime>PT0S</RunTime>
      </JourneyPatternTimingLink>
      <JourneyPatternTimingLink id="JPS_YNBO488-3_40213">
        <From>
          <StopPointRef>2200YEA01192</StopPointRef>
          <TimingStatus>OTH</TimingStatus>
        </From>
        <To>
          <StopPointRef>2200YEA00677</StopPointRef>
          <TimingStatus>OTH</TimingStatus>
        </To>
        <RouteLinkRef>YNBO488_001_40213</RouteLinkRef>
        <Direction>outbound</Direction>
        <RunTime>PT120S</RunTime>
      </JourneyPatternTimingLink>
      <JourneyPatternTimingLink id="JPS_YNBO488-3_40214">
        <From>
          <StopPointRef>2200YEA00677</StopPointRef>
          <TimingStatus>OTH</TimingStatus>
        </From>
        <To>
          <StopPointRef>2200YEA00675</StopPointRef>
          <TimingStatus>OTH</TimingStatus>
        </To>
        <RouteLinkRef>YNBO488_001_40214</RouteLinkRef>
        <Direction>outbound</Direction>
        <RunTime>PT60S</RunTime>
      </JourneyPatternTimingLink>
      <JourneyPatternTimingLink id="JPS_YNBO488-3_40215">
        <From>
          <StopPointRef>2200YEA00675</StopPointRef>
          <TimingStatus>OTH</TimingStatus>
        </From>
        <To>
          <StopPointRef>2200YEA00190</StopPointRef>
          <TimingStatus>PTP</TimingStatus>
        </To>
        <RouteLinkRef>YNBO488_001_40215</RouteLinkRef>
        <Direction>outbound</Direction>
        <RunTime>PT180S</RunTime>
      </JourneyPatternTimingLink>
      <JourneyPatternTimingLink id="JPS_YNBO488-3_40216">
        <From>
          <StopPointRef>2200YEA00190</StopPointRef>
          <TimingStatus>PTP</TimingStatus>
        </From>
        <To>
          <StopPointRef>2200YEA00196</StopPointRef>
          <TimingStatus>OTH</TimingStatus>
        </To>
        <RouteLinkRef>YNBO488_001_40216</RouteLinkRef>
        <Direction>outbound</Direction>
        <RunTime>PT0S</RunTime>
      </JourneyPatternTimingLink>
      <JourneyPatternTimingLink id="JPS_YNBO488-3_40217">
        <From>
          <StopPointRef>2200YEA00196</StopPointRef>
          <TimingStatus>OTH</TimingStatus>
        </From>
        <To>
          <StopPointRef>2200YEA00714</StopPointRef>
          <TimingStatus>OTH</TimingStatus>
        </To>
        <RouteLinkRef>YNBO488_001_40217</RouteLinkRef>
        <Direction>outbound</Direction>
        <RunTime>PT60S</RunTime>
      </JourneyPatternTimingLink>
      <JourneyPatternTimingLink id="JPS_YNBO488-3_40218">
        <From>
          <StopPointRef>2200YEA00714</StopPointRef>
          <TimingStatus>OTH</TimingStatus>
        </From>
        <To>
          <StopPointRef>2200YEA00712</StopPointRef>
          <TimingStatus>OTH</TimingStatus>
        </To>
        <RouteLinkRef>YNBO488_001_40218</RouteLinkRef>
        <Direction>outbound</Direction>
        <RunTime>PT120S</RunTime>
      </JourneyPatternTimingLink>
      <JourneyPatternTimingLink id="JPS_YNBO488-3_40219">
        <From>
          <StopPointRef>2200YEA00712</StopPointRef>
          <TimingStatus>OTH</TimingStatus>
        </From>
        <To>
          <StopPointRef>2200YEA00711</StopPointRef>
          <TimingStatus>OTH</TimingStatus>
        </To>
        <RouteLinkRef>YNBO488_001_40219</RouteLinkRef>
        <Direction>outbound</Direction>
        <RunTime>PT60S</RunTime>
      </JourneyPatternTimingLink>
      <JourneyPatternTimingLink id="JPS_YNBO488-3_40220">
        <From>
          <StopPointRef>2200YEA00711</StopPointRef>
          <TimingStatus>OTH</TimingStatus>
        </From>
        <To>
          <StopPointRef>2200YEA11856</StopPointRef>
          <TimingStatus>OTH</TimingStatus>
        </To>
        <RouteLinkRef>YNBO488_001_40220</RouteLinkRef>
        <Direction>outbound</Direction>
        <RunTime>PT60S</RunTime>
      </JourneyPatternTimingLink>
      <JourneyPatternTimingLink id="JPS_YNBO488-3_40221">
        <From>
          <StopPointRef>2200YEA11856</StopPointRef>
          <TimingStatus>OTH</TimingStatus>
        </From>
        <To>
          <StopPointRef>2200YEA01594</StopPointRef>
          <TimingStatus>OTH</TimingStatus>
        </To>
        <RouteLinkRef>YNBO488_001_40221</RouteLinkRef>
        <Direction>outbound</Direction>
        <RunTime>PT120S</RunTime>
      </JourneyPatternTimingLink>
      <JourneyPatternTimingLink id="JPS_YNBO488-3_40222">
        <From>
          <StopPointRef>2200YEA01594</StopPointRef>
          <TimingStatus>OTH</TimingStatus>
        </From>
        <To>
          <StopPointRef>2200YEA00090</StopPointRef>
          <TimingStatus>OTH</TimingStatus>
        </To>
        <RouteLinkRef>YNBO488_001_40222</RouteLinkRef>
        <Direction>outbound</Direction>
        <RunTime>PT60S</RunTime>
      </JourneyPatternTimingLink>
      <JourneyPatternTimingLink id="JPS_YNBO488-3_40223">
        <From>
          <StopPointRef>2200YEA00090</StopPointRef>
          <TimingStatus>OTH</TimingStatus>
        </From>
        <To>
          <StopPointRef>2200YEA00106</StopPointRef>
          <TimingStatus>OTH</TimingStatus>
        </To>
        <RouteLinkRef>YNBO488_001_40223</RouteLinkRef>
        <Direction>outbound</Direction>
        <RunTime>PT60S</RunTime>
      </JourneyPatternTimingLink>
      <JourneyPatternTimingLink id="JPS_YNBO488-3_40224">
        <From>
          <StopPointRef>2200YEA00106</StopPointRef>
          <TimingStatus>OTH</TimingStatus>
        </From>
        <To>
          <StopPointRef>2200YEA11863</StopPointRef>
          <TimingStatus>OTH</TimingStatus>
        </To>
        <RouteLinkRef>YNBO488_001_40224</RouteLinkRef>
        <Direction>outbound</Direction>
        <RunTime>PT0S</RunTime>
      </JourneyPatternTimingLink>
      <JourneyPatternTimingLink id="JPS_YNBO488-3_40225">
        <From>
          <StopPointRef>2200YEA11863</StopPointRef>
          <TimingStatus>OTH</TimingStatus>
        </From>
        <To>
          <StopPointRef>2200YEA00095</StopPointRef>
          <TimingStatus>OTH</TimingStatus>
        </To>
        <RouteLinkRef>YNBO488_001_40225</RouteLinkRef>
        <Direction>outbound</Direction>
        <RunTime>PT60S</RunTime>
      </JourneyPatternTimingLink>
      <JourneyPatternTimingLink id="JPS_YNBO488-3_40226">
        <From>
          <StopPointRef>2200YEA00095</StopPointRef>
          <TimingStatus>OTH</TimingStatus>
        </From>
        <To>
          <StopPointRef>2200YEA01400</StopPointRef>
          <TimingStatus>OTH</TimingStatus>
        </To>
        <RouteLinkRef>YNBO488_001_40226</RouteLinkRef>
        <Direction>outbound</Direction>
        <RunTime>PT0S</RunTime>
      </JourneyPatternTimingLink>
      <JourneyPatternTimingLink id="JPS_YNBO488-3_40227">
        <From>
          <StopPointRef>2200YEA01400</StopPointRef>
          <TimingStatus>OTH</TimingStatus>
        </From>
        <To>
          <StopPointRef>2200YEA00004</StopPointRef>
          <TimingStatus>PTP</TimingStatus>
        </To>
        <RouteLinkRef>YNBO488_001_40227</RouteLinkRef>
        <Direction>outbound</Direction>
        <RunTime>PT60S</RunTime>
      </JourneyPatternTimingLink>
    </JourneyPatternSection>
    <JourneyPatternSection id="JPS_YNBO488-4">
      <JourneyPatternTimingLink id="JPS_YNBO488-4_40229">
        <From>
          <StopPointRef>2200YEA00002</StopPointRef>
          <TimingStatus>PTP</TimingStatus>
        </From>
        <To>
          <StopPointRef>2200YEA00005</StopPointRef>
          <TimingStatus>OTH</TimingStatus>
        </To>
        <RouteLinkRef>YNBO488_002_40229</RouteLinkRef>
        <Direction>inbound</Direction>
        <RunTime>PT0S</RunTime>
      </JourneyPatternTimingLink>
      <JourneyPatternTimingLink id="JPS_YNBO488-4_40230">
        <From>
          <StopPointRef>2200YEA00005</StopPointRef>
          <TimingStatus>OTH</TimingStatus>
        </From>
        <To>
          <StopPointRef>2200YEA00094</StopPointRef>
          <TimingStatus>OTH</TimingStatus>
        </To>
        <RouteLinkRef>YNBO488_002_40230</RouteLinkRef>
        <Direction>inbound</Direction>
        <RunTime>PT0S</RunTime>
      </JourneyPatternTimingLink>
      <JourneyPatternTimingLink id="JPS_YNBO488-4_40231">
        <From>
          <StopPointRef>2200YEA00094</StopPointRef>
          <TimingStatus>OTH</TimingStatus>
        </From>
        <To>
          <StopPointRef>2200YEA00096</StopPointRef>
          <TimingStatus>OTH</TimingStatus>
        </To>
        <RouteLinkRef>YNBO488_002_40231</RouteLinkRef>
        <Direction>inbound</Direction>
        <RunTime>PT0S</RunTime>
      </JourneyPatternTimingLink>
      <JourneyPatternTimingLink id="JPS_YNBO488-4_40232">
        <From>
          <StopPointRef>2200YEA00096</StopPointRef>
          <TimingStatus>OTH</TimingStatus>
        </From>
        <To>
          <StopPointRef>2200YEA00105</StopPointRef>
          <TimingStatus>OTH</TimingStatus>
        </To>
        <RouteLinkRef>YNBO488_002_40232</RouteLinkRef>
        <Direction>inbound</Direction>
        <RunTime>PT60S</RunTime>
      </JourneyPatternTimingLink>
      <JourneyPatternTimingLink id="JPS_YNBO488-4_40233">
        <From>
          <StopPointRef>2200YEA00105</StopPointRef>
          <TimingStatus>OTH</TimingStatus>
        </From>
        <To>
          <StopPointRef>2200YEA00089</StopPointRef>
          <TimingStatus>OTH</TimingStatus>
        </To>
        <RouteLinkRef>YNBO488_002_40233</RouteLinkRef>
        <Direction>inbound</Direction>
        <RunTime>PT0S</RunTime>
      </JourneyPatternTimingLink>
      <JourneyPatternTimingLink id="JPS_YNBO488-4_40234">
        <From>
          <StopPointRef>2200YEA00089</StopPointRef>
          <TimingStatus>OTH</TimingStatus>
        </From>
        <To>
          <StopPointRef>2200YEA01586</StopPointRef>
          <TimingStatus>OTH</TimingStatus>
        </To>
        <RouteLinkRef>YNBO488_002_40234</RouteLinkRef>
        <Direction>inbound</Direction>
        <RunTime>PT60S</RunTime>
      </JourneyPatternTimingLink>
      <JourneyPatternTimingLink id="JPS_YNBO488-4_40235">
        <From>
          <StopPointRef>2200YEA01586</StopPointRef>
          <TimingStatus>OTH</TimingStatus>
        </From>
        <To>
          <StopPointRef>2200YEA11855</StopPointRef>
          <TimingStatus>OTH</TimingStatus>
        </To>
        <RouteLinkRef>YNBO488_002_40235</RouteLinkRef>
        <Direction>inbound</Direction>
        <RunTime>PT120S</RunTime>
      </JourneyPatternTimingLink>
      <JourneyPatternTimingLink id="JPS_YNBO488-4_40236">
        <From>
          <StopPointRef>2200YEA11855</StopPointRef>
          <TimingStatus>OTH</TimingStatus>
        </From>
        <To>
          <StopPointRef>2200YEA00710</StopPointRef>
          <TimingStatus>OTH</TimingStatus>
        </To>
        <RouteLinkRef>YNBO488_002_40236</RouteLinkRef>
        <Direction>inbound</Direction>
        <RunTime>PT60S</RunTime>
      </JourneyPatternTimingLink>
      <JourneyPatternTimingLink id="JPS_YNBO488-4_40237">
        <From>
          <StopPointRef>2200YEA00710</StopPointRef>
          <TimingStatus>OTH</TimingStatus>
        </From>
        <To>
          <StopPointRef>2200YEA00713</StopPointRef>
          <TimingStatus>OTH</TimingStatus>
        </To>
        <RouteLinkRef>YNBO488_002_40237</RouteLinkRef>
        <Direction>inbound</Direction>
        <RunTime>PT60S</RunTime>
      </JourneyPatternTimingLink>
      <JourneyPatternTimingLink id="JPS_YNBO488-4_40238">
        <From>
          <StopPointRef>2200YEA00713</StopPointRef>
          <TimingStatus>OTH</TimingStatus>
        </From>
        <To>
          <StopPointRef>2200YEA00195</StopPointRef>
          <TimingStatus>OTH</TimingStatus>
        </To>
        <RouteLinkRef>YNBO488_002_40238</RouteLinkRef>
        <Direction>inbound</Direction>
        <RunTime>PT60S</RunTime>
      </JourneyPatternTimingLink>
      <JourneyPatternTimingLink id="JPS_YNBO488-4_40239">
        <From>
          <StopPointRef>2200YEA00195</StopPointRef>
          <TimingStatus>OTH</TimingStatus>
        </From>
        <To>
          <StopPointRef>2200YEA00197</StopPointRef>
          <TimingStatus>OTH</TimingStatus>
        </To>
        <RouteLinkRef>YNBO488_002_40239</RouteLinkRef>
        <Direction>inbound</Direction>
        <RunTime>PT60S</RunTime>
      </JourneyPatternTimingLink>
      <JourneyPatternTimingLink id="JPS_YNBO488-4_40240">
        <From>
          <StopPointRef>2200YEA00197</StopPointRef>
          <TimingStatus>OTH</TimingStatus>
        </From>
        <To>
          <StopPointRef>2200YEA00189</StopPointRef>
          <TimingStatus>PTP</TimingStatus>
        </To>
        <RouteLinkRef>YNBO488_002_40240</RouteLinkRef>
        <Direction>inbound</Direction>
        <RunTime>PT60S</RunTime>
      </JourneyPatternTimingLink>
      <JourneyPatternTimingLink id="JPS_YNBO488-4_40241">
        <From>
          <StopPointRef>2200YEA00189</StopPointRef>
          <TimingStatus>PTP</TimingStatus>
        </From>
        <To>
          <StopPointRef>2200YEA00674</StopPointRef>
          <TimingStatus>OTH</TimingStatus>
        </To>
        <RouteLinkRef>YNBO488_002_40241</RouteLinkRef>
        <Direction>inbound</Direction>
        <RunTime>PT0S</RunTime>
      </JourneyPatternTimingLink>
      <JourneyPatternTimingLink id="JPS_YNBO488-4_40242">
        <From>
          <StopPointRef>2200YEA00674</StopPointRef>
          <TimingStatus>OTH</TimingStatus>
        </From>
        <To>
          <StopPointRef>2200YEA00676</StopPointRef>
          <TimingStatus>OTH</TimingStatus>
        </To>
        <RouteLinkRef>YNBO488_002_40242</RouteLinkRef>
        <Direction>inbound</Direction>
        <RunTime>PT240S</RunTime>
      </JourneyPatternTimingLink>
      <JourneyPatternTimingLink id="JPS_YNBO488-4_40243">
        <From>
          <StopPointRef>2200YEA00676</StopPointRef>
          <TimingStatus>OTH</TimingStatus>
        </From>
        <To>
          <StopPointRef>2200YEA01196</StopPointRef>
          <TimingStatus>OTH</TimingStatus>
        </To>
        <RouteLinkRef>YNBO488_002_40243</RouteLinkRef>
        <Direction>inbound</Direction>
        <RunTime>PT240S</RunTime>
      </JourneyPatternTimingLink>
      <JourneyPatternTimingLink id="JPS_YNBO488-4_40244">
        <From>
          <StopPointRef>2200YEA01196</StopPointRef>
          <TimingStatus>OTH</TimingStatus>
        </From>
        <To>
          <StopPointRef>2200YEA01195</StopPointRef>
          <TimingStatus>PTP</TimingStatus>
        </To>
        <RouteLinkRef>YNBO488_002_40244</RouteLinkRef>
        <Direction>inbound</Direction>
        <RunTime>PT60S</RunTime>
      </JourneyPatternTimingLink>
      <JourneyPatternTimingLink id="JPS_YNBO488-4_40245">
        <From>
          <StopPointRef>2200YEA01195</StopPointRef>
          <TimingStatus>PTP</TimingStatus>
        </From>
        <To>
          <StopPointRef>2200YEA11721</StopPointRef>
          <TimingStatus>PTP</TimingStatus>
        </To>
        <RouteLinkRef>YNBO488_002_40245</RouteLinkRef>
        <Direction>inbound</Direction>
        <RunTime>PT420S</RunTime>
      </JourneyPatternTimingLink>
      <JourneyPatternTimingLink id="JPS_YNBO488-4_40246">
        <From>
          <StopPointRef>2200YEA11721</StopPointRef>
          <TimingStatus>PTP</TimingStatus>
        </From>
        <To>
          <StopPointRef>2200YEA01191</StopPointRef>
          <TimingStatus>OTH</TimingStatus>
        </To>
        <RouteLinkRef>YNBO488_002_40246</RouteLinkRef>
        <Direction>inbound</Direction>
        <RunTime>PT0S</RunTime>
      </JourneyPatternTimingLink>
      <JourneyPatternTimingLink id="JPS_YNBO488-4_40247">
        <From>
          <StopPointRef>2200YEA01191</StopPointRef>
          <TimingStatus>OTH</TimingStatus>
        </From>
        <To>
          <StopPointRef>2200YEA01189</StopPointRef>
          <TimingStatus>PTP</TimingStatus>
        </To>
        <RouteLinkRef>YNBO488_002_40247</RouteLinkRef>
        <Direction>inbound</Direction>
        <RunTime>PT420S</RunTime>
      </JourneyPatternTimingLink>
      <JourneyPatternTimingLink id="JPS_YNBO488-4_40248">
        <From>
          <StopPointRef>2200YEA01189</StopPointRef>
          <TimingStatus>PTP</TimingStatus>
        </From>
        <To>
          <StopPointRef>2200YEA00681</StopPointRef>
          <TimingStatus>OTH</TimingStatus>
        </To>
        <RouteLinkRef>YNBO488_002_40248</RouteLinkRef>
        <Direction>inbound</Direction>
        <RunTime>PT120S</RunTime>
      </JourneyPatternTimingLink>
      <JourneyPatternTimingLink id="JPS_YNBO488-4_40249">
        <From>
          <StopPointRef>2200YEA00681</StopPointRef>
          <TimingStatus>OTH</TimingStatus>
        </From>
        <To>
          <StopPointRef>2200YEA01185</StopPointRef>
          <TimingStatus>OTH</TimingStatus>
        </To>
        <RouteLinkRef>YNBO488_002_40249</RouteLinkRef>
        <Direction>inbound</Direction>
        <RunTime>PT0S</RunTime>
      </JourneyPatternTimingLink>
      <JourneyPatternTimingLink id="JPS_YNBO488-4_40250">
        <From>
          <StopPointRef>2200YEA01185</StopPointRef>
          <TimingStatus>OTH</TimingStatus>
        </From>
        <To>
          <StopPointRef>2200YEA01184</StopPointRef>
          <TimingStatus>OTH</TimingStatus>
        </To>
        <RouteLinkRef>YNBO488_002_40250</RouteLinkRef>
        <Direction>inbound</Direction>
        <RunTime>PT60S</RunTime>
      </JourneyPatternTimingLink>
      <JourneyPatternTimingLink id="JPS_YNBO488-4_40251">
        <From>
          <StopPointRef>2200YEA01184</StopPointRef>
          <TimingStatus>OTH</TimingStatus>
        </From>
        <To>
          <StopPointRef>2200YEA00679</StopPointRef>
          <TimingStatus>PTP</TimingStatus>
        </To>
        <RouteLinkRef>YNBO488_002_40251</RouteLinkRef>
        <Direction>inbound</Direction>
        <RunTime>PT60S</RunTime>
      </JourneyPatternTimingLink>
      <JourneyPatternTimingLink id="JPS_YNBO488-4_40252">
        <From>
          <StopPointRef>2200YEA00679</StopPointRef>
          <TimingStatus>PTP</TimingStatus>
        </From>
        <To>
          <StopPointRef>3200YNA00810</StopPointRef>
          <TimingStatus>OTH</TimingStatus>
        </To>
        <RouteLinkRef>YNBO488_002_40252</RouteLinkRef>
        <Direction>inbound</Direction>
        <RunTime>PT180S</RunTime>
      </JourneyPatternTimingLink>
      <JourneyPatternTimingLink id="JPS_YNBO488-4_40253">
        <From>
          <StopPointRef>3200YNA00810</StopPointRef>
          <TimingStatus>OTH</TimingStatus>
        </From>
        <To>
          <StopPointRef>3200YNA00175</StopPointRef>
          <TimingStatus>OTH</TimingStatus>
        </To>
        <RouteLinkRef>YNBO488_002_40253</RouteLinkRef>
        <Direction>inbound</Direction>
        <RunTime>PT0S</RunTime>
      </JourneyPatternTimingLink>
      <JourneyPatternTimingLink id="JPS_YNBO488-4_40254">
        <From>
          <StopPointRef>3200YNA00175</StopPointRef>
          <TimingStatus>OTH</TimingStatus>
        </From>
        <To>
          <StopPointRef>3200YNA00173</StopPointRef>
          <TimingStatus>PTP</TimingStatus>
        </To>
        <RouteLinkRef>YNBO488_002_40254</RouteLinkRef>
        <Direction>inbound</Direction>
        <RunTime>PT180S</RunTime>
      </JourneyPatternTimingLink>
      <JourneyPatternTimingLink id="JPS_YNBO488-4_40255">
        <From>
          <StopPointRef>3200YNA00173</StopPointRef>
          <TimingStatus>PTP</TimingStatus>
        </From>
        <To>
          <StopPointRef>3200YNA00171</StopPointRef>
          <TimingStatus>OTH</TimingStatus>
        </To>
        <RouteLinkRef>YNBO488_002_40255</RouteLinkRef>
        <Direction>inbound</Direction>
        <RunTime>PT300S</RunTime>
      </JourneyPatternTimingLink>
      <JourneyPatternTimingLink id="JPS_YNBO488-4_40256">
        <From>
          <StopPointRef>3200YNA00171</StopPointRef>
          <TimingStatus>OTH</TimingStatus>
        </From>
        <To>
          <StopPointRef>3200YNA00168</StopPointRef>
          <TimingStatus>OTH</TimingStatus>
        </To>
        <RouteLinkRef>YNBO488_002_40256</RouteLinkRef>
        <Direction>inbound</Direction>
        <RunTime>PT60S</RunTime>
      </JourneyPatternTimingLink>
      <JourneyPatternTimingLink id="JPS_YNBO488-4_40257">
        <From>
          <StopPointRef>3200YNA00168</StopPointRef>
          <TimingStatus>OTH</TimingStatus>
        </From>
        <To>
          <StopPointRef>3200YNA00166</StopPointRef>
          <TimingStatus>OTH</TimingStatus>
        </To>
        <RouteLinkRef>YNBO488_002_40257</RouteLinkRef>
        <Direction>inbound</Direction>
        <RunTime>PT60S</RunTime>
      </JourneyPatternTimingLink>
      <JourneyPatternTimingLink id="JPS_YNBO488-4_40258">
        <From>
          <StopPointRef>3200YNA00166</StopPointRef>
          <TimingStatus>OTH</TimingStatus>
        </From>
        <To>
          <StopPointRef>3200YNA00164</StopPointRef>
          <TimingStatus>PTP</TimingStatus>
        </To>
        <RouteLinkRef>YNBO488_002_40258</RouteLinkRef>
        <Direction>inbound</Direction>
        <RunTime>PT60S</RunTime>
      </JourneyPatternTimingLink>
      <JourneyPatternTimingLink id="JPS_YNBO488-4_40259">
        <From>
          <StopPointRef>3200YNA00164</StopPointRef>
          <TimingStatus>PTP</TimingStatus>
        </From>
        <To>
          <StopPointRef>3200YNA00162</StopPointRef>
          <TimingStatus>OTH</TimingStatus>
        </To>
        <RouteLinkRef>YNBO488_002_40259</RouteLinkRef>
        <Direction>inbound</Direction>
        <RunTime>PT180S</RunTime>
      </JourneyPatternTimingLink>
      <JourneyPatternTimingLink id="JPS_YNBO488-4_40260">
        <From>
          <StopPointRef>3200YNA00162</StopPointRef>
          <TimingStatus>OTH</TimingStatus>
        </From>
        <To>
          <StopPointRef>3200YNA00160</StopPointRef>
          <TimingStatus>PTP</TimingStatus>
        </To>
        <RouteLinkRef>YNBO488_002_40260</RouteLinkRef>
        <Direction>inbound</Direction>
        <RunTime>PT60S</RunTime>
      </JourneyPatternTimingLink>
      <JourneyPatternTimingLink id="JPS_YNBO488-4_40261">
        <From>
          <StopPointRef>3200YNA00160</StopPointRef>
          <TimingStatus>PTP</TimingStatus>
        </From>
        <To>
          <StopPointRef>3200YNA00158</StopPointRef>
          <TimingStatus>OTH</TimingStatus>
        </To>
        <RouteLinkRef>YNBO488_002_40261</RouteLinkRef>
        <Direction>inbound</Direction>
        <RunTime>PT60S</RunTime>
      </JourneyPatternTimingLink>
      <JourneyPatternTimingLink id="JPS_YNBO488-4_40262">
        <From>
          <StopPointRef>3200YNA00158</StopPointRef>
          <TimingStatus>OTH</TimingStatus>
        </From>
        <To>
          <StopPointRef>3200YNA00155</StopPointRef>
          <TimingStatus>OTH</TimingStatus>
        </To>
        <RouteLinkRef>YNBO488_002_40262</RouteLinkRef>
        <Direction>inbound</Direction>
        <RunTime>PT0S</RunTime>
      </JourneyPatternTimingLink>
      <JourneyPatternTimingLink id="JPS_YNBO488-4_40263">
        <From>
          <StopPointRef>3200YNA00155</StopPointRef>
          <TimingStatus>OTH</TimingStatus>
        </From>
        <To>
          <StopPointRef>3200YNA00154</StopPointRef>
          <TimingStatus>PTP</TimingStatus>
        </To>
        <RouteLinkRef>YNBO488_002_40263</RouteLinkRef>
        <Direction>inbound</Direction>
        <RunTime>PT60S</RunTime>
      </JourneyPatternTimingLink>
      <JourneyPatternTimingLink id="JPS_YNBO488-4_40264">
        <From>
          <StopPointRef>3200YNA00154</StopPointRef>
          <TimingStatus>PTP</TimingStatus>
        </From>
        <To>
          <StopPointRef>3200YNA00152</StopPointRef>
          <TimingStatus>OTH</TimingStatus>
        </To>
        <RouteLinkRef>YNBO488_002_40264</RouteLinkRef>
        <Direction>inbound</Direction>
        <RunTime>PT0S</RunTime>
      </JourneyPatternTimingLink>
      <JourneyPatternTimingLink id="JPS_YNBO488-4_40265">
        <From>
          <StopPointRef>3200YNA00152</StopPointRef>
          <TimingStatus>OTH</TimingStatus>
        </From>
        <To>
          <StopPointRef>3200YNA00149</StopPointRef>
          <TimingStatus>PTP</TimingStatus>
        </To>
        <RouteLinkRef>YNBO488_002_40265</RouteLinkRef>
        <Direction>inbound</Direction>
        <RunTime>PT120S</RunTime>
      </JourneyPatternTimingLink>
    </JourneyPatternSection>
  </JourneyPatternSections>
  <Operators>
    <Operator id="THI">
      <NationalOperatorCode>THIL</NationalOperatorCode>
      <OperatorCode>THI</OperatorCode>
      <OperatorShortName>Thornes Independent Ltd</OperatorShortName>
    </Operator>
  </Operators>
  <Services>
    <Service>
      <ServiceCode>YNBO488</ServiceCode>
      <Lines>
        <Line id="0">
          <LineName>488</LineName>
        </Line>
      </Lines>
      <OperatingPeriod>
        <StartDate>2017-05-31</StartDate>
        <EndDate>2038-01-17</EndDate>
      </OperatingPeriod>
      <RegisteredOperatorRef>THI</RegisteredOperatorRef>
      <StopRequirements>
        <NoNewStopsRequired />
      </StopRequirements>
      <Mode>bus</Mode>
      <Description>Hensall - Goole</Description>
      <StandardService>
        <Origin>Hensall</Origin>
        <Destination>Goole</Destination>
        <JourneyPattern id="JPS_YNBO488-3">
          <Direction>outbound</Direction>
          <JourneyPatternSectionRefs>JPS_YNBO488-3</JourneyPatternSectionRefs>
        </JourneyPattern>
        <JourneyPattern id="JPS_YNBO488-4">
          <Direction>inbound</Direction>
          <JourneyPatternSectionRefs>JPS_YNBO488-4</JourneyPatternSectionRefs>
        </JourneyPattern>
      </StandardService>
    </Service>
  </Services>
  <VehicleJourneys>
    <VehicleJourney>
      <OperatorRef>THI</OperatorRef>
      <OperatingProfile>
        <RegularDayType>
          <DaysOfWeek>
            <Wednesday />
          </DaysOfWeek>
        </RegularDayType>
      </OperatingProfile>
      <VehicleJourneyCode>70571</VehicleJourneyCode>
      <ServiceRef>YNBO488</ServiceRef>
      <LineRef>0</LineRef>
      <JourneyPatternRef>JPS_YNBO488-3</JourneyPatternRef>
      <DepartureTime>09:57:00</DepartureTime>
    </VehicleJourney>
    <VehicleJourney>
      <OperatorRef>THI</OperatorRef>
      <OperatingProfile>
        <RegularDayType>
          <DaysOfWeek>
            <Wednesday />
          </DaysOfWeek>
        </RegularDayType>
      </OperatingProfile>
      <VehicleJourneyCode>70572</VehicleJourneyCode>
      <ServiceRef>YNBO488</ServiceRef>
      <LineRef>0</LineRef>
      <JourneyPatternRef>JPS_YNBO488-4</JourneyPatternRef>
      <DepartureTime>13:00:00</DepartureTime>
    </VehicleJourney>
  </VehicleJourneys>
</TransXChange>