<?xml version="1.0" encoding="utf-8"?>
<TransXChange xmlns:xsd="http://www.w3.org/2001/XMLSchema" xmlns:xsi="http://www.w3.org/2001/XMLSchema-instance" xsi:schemaLocation="http://www.transxchange.org.uk/ http://www.transxchange.org.uk/schema/2.1/TransXChange_general.xsd" CreationDateTime="2017-09-18T09:35:00-00:00" ModificationDateTime="2017-09-18T09:35:00-00:00" Modification="new" RevisionNumber="0" FileName="SVRYHCO044C.xml" SchemaVersion="2.1" RegistrationDocument="false" xmlns="http://www.transxchange.org.uk/">
  <StopPoints>
    <AnnotatedStopPointRef>
      <StopPointRef>2200YEA00010</StopPointRef>
      <CommonName>Willerby Kingston Road</CommonName>
    </AnnotatedStopPointRef>
    <AnnotatedStopPointRef>
      <StopPointRef>2200YEA00143</StopPointRef>
      <CommonName>Willerby Kingston Road</CommonName>
    </AnnotatedStopPointRef>
    <AnnotatedStopPointRef>
      <StopPointRef>2200YEA00145</StopPointRef>
      <CommonName>Willerby Kingston Road</CommonName>
    </AnnotatedStopPointRef>
    <AnnotatedStopPointRef>
      <StopPointRef>2200YEA00147</StopPointRef>
      <CommonName>Willerby Kingston Road</CommonName>
    </AnnotatedStopPointRef>
    <AnnotatedStopPointRef>
      <StopPointRef>2200YEA00656</StopPointRef>
      <CommonName>Willerby Kingston Road</CommonName>
    </AnnotatedStopPointRef>
    <AnnotatedStopPointRef>
      <StopPointRef>2200YEA00150</StopPointRef>
      <CommonName>Willerby Kingston Road</CommonName>
    </AnnotatedStopPointRef>
    <AnnotatedStopPointRef>
      <StopPointRef>2200YEA01553</StopPointRef>
      <CommonName>Willerby Kingston Road</CommonName>
    </AnnotatedStopPointRef>
    <AnnotatedStopPointRef>
      <StopPointRef>2290YHA01182</StopPointRef>
      <CommonName>Hotham Road South</CommonName>
    </AnnotatedStopPointRef>
    <AnnotatedStopPointRef>
      <StopPointRef>2290YHA01183</StopPointRef>
      <CommonName>Reldene Drive</CommonName>
    </AnnotatedStopPointRef>
    <AnnotatedStopPointRef>
      <StopPointRef>2290YHA01184</StopPointRef>
      <CommonName>The Manor Farm PH</CommonName>
    </AnnotatedStopPointRef>
    <AnnotatedStopPointRef>
      <StopPointRef>2290YHA01185</StopPointRef>
      <CommonName>Ainthorpe Grove</CommonName>
    </AnnotatedStopPointRef>
    <AnnotatedStopPointRef>
      <StopPointRef>2290YHA01186</StopPointRef>
      <CommonName>Segrave Grove</CommonName>
    </AnnotatedStopPointRef>
    <AnnotatedStopPointRef>
      <StopPointRef>2290YHA01187</StopPointRef>
      <CommonName>Aylesbury Grove</CommonName>
    </AnnotatedStopPointRef>
    <AnnotatedStopPointRef>
      <StopPointRef>2290YHA01043</StopPointRef>
      <CommonName>Rosedale Grove</CommonName>
    </AnnotatedStopPointRef>
    <AnnotatedStopPointRef>
      <StopPointRef>2290YHA01046</StopPointRef>
      <CommonName>Kirklands Road</CommonName>
    </AnnotatedStopPointRef>
    <AnnotatedStopPointRef>
      <StopPointRef>2290YHA01047</StopPointRef>
      <CommonName>Luton Road</CommonName>
    </AnnotatedStopPointRef>
    <AnnotatedStopPointRef>
      <StopPointRef>2290YHA01050</StopPointRef>
      <CommonName>Alliance Avenue</CommonName>
    </AnnotatedStopPointRef>
    <AnnotatedStopPointRef>
      <StopPointRef>2290YHA01052</StopPointRef>
      <CommonName>Albert Avenue</CommonName>
    </AnnotatedStopPointRef>
    <AnnotatedStopPointRef>
      <StopPointRef>2290YHA01473</StopPointRef>
      <CommonName>Walton Street</CommonName>
    </AnnotatedStopPointRef>
    <AnnotatedStopPointRef>
      <StopPointRef>2290YHA01055</StopPointRef>
      <CommonName>Chanterlands Avenue</CommonName>
    </AnnotatedStopPointRef>
    <AnnotatedStopPointRef>
      <StopPointRef>2290YHA01057</StopPointRef>
      <CommonName>Brandesburton Street</CommonName>
    </AnnotatedStopPointRef>
    <AnnotatedStopPointRef>
      <StopPointRef>2290YHA01059</StopPointRef>
      <CommonName>Spring Bank West</CommonName>
    </AnnotatedStopPointRef>
    <AnnotatedStopPointRef>
      <StopPointRef>2290YHA01042</StopPointRef>
      <CommonName>Middleton Street</CommonName>
    </AnnotatedStopPointRef>
    <AnnotatedStopPointRef>
      <StopPointRef>2290YHA01034</StopPointRef>
      <CommonName>Albany Street</CommonName>
    </AnnotatedStopPointRef>
    <AnnotatedStopPointRef>
      <StopPointRef>2290YHA01038</StopPointRef>
      <CommonName>Morpeth Street</CommonName>
    </AnnotatedStopPointRef>
    <AnnotatedStopPointRef>
      <StopPointRef>2290YHA01041</StopPointRef>
      <CommonName>Vane Street</CommonName>
    </AnnotatedStopPointRef>
    <AnnotatedStopPointRef>
      <StopPointRef>2290YHA00963</StopPointRef>
      <CommonName>Prospect Street A</CommonName>
    </AnnotatedStopPointRef>
    <AnnotatedStopPointRef>
      <StopPointRef>2290YHA01638</StopPointRef>
      <CommonName>Bond Street A</CommonName>
    </AnnotatedStopPointRef>
    <AnnotatedStopPointRef>
      <StopPointRef>2290YHA01512</StopPointRef>
      <CommonName>Carr Lane A</CommonName>
    </AnnotatedStopPointRef>
    <AnnotatedStopPointRef>
      <StopPointRef>2290YHA01554</StopPointRef>
      <CommonName>Hull Interchange</CommonName>
    </AnnotatedStopPointRef>
    <AnnotatedStopPointRef>
      <StopPointRef>2290YHA01039</StopPointRef>
      <CommonName>Vane Street</CommonName>
    </AnnotatedStopPointRef>
    <AnnotatedStopPointRef>
      <StopPointRef>2290YHA01037</StopPointRef>
      <CommonName>Collingwood Street</CommonName>
    </AnnotatedStopPointRef>
    <AnnotatedStopPointRef>
      <StopPointRef>2290YHA01035</StopPointRef>
      <CommonName>West Parade</CommonName>
    </AnnotatedStopPointRef>
    <AnnotatedStopPointRef>
      <StopPointRef>2290YHA01032</StopPointRef>
      <CommonName>The Polar Bear PH</CommonName>
    </AnnotatedStopPointRef>
    <AnnotatedStopPointRef>
      <StopPointRef>2290YHA01058</StopPointRef>
      <CommonName>Hymers Avenue</CommonName>
    </AnnotatedStopPointRef>
    <AnnotatedStopPointRef>
      <StopPointRef>2290YHA01056</StopPointRef>
      <CommonName>Brandesburton Street</CommonName>
    </AnnotatedStopPointRef>
    <AnnotatedStopPointRef>
      <StopPointRef>2290YHA01054</StopPointRef>
      <CommonName>Walton Street</CommonName>
    </AnnotatedStopPointRef>
    <AnnotatedStopPointRef>
      <StopPointRef>2290YHA01051</StopPointRef>
      <CommonName>Pulman Street</CommonName>
    </AnnotatedStopPointRef>
    <AnnotatedStopPointRef>
      <StopPointRef>2290YHA01049</StopPointRef>
      <CommonName>Alliance Avenue</CommonName>
    </AnnotatedStopPointRef>
    <AnnotatedStopPointRef>
      <StopPointRef>2290YHA01048</StopPointRef>
      <CommonName>Rutland Road</CommonName>
    </AnnotatedStopPointRef>
    <AnnotatedStopPointRef>
      <StopPointRef>2290YHA01045</StopPointRef>
      <CommonName>Southburn Avenue</CommonName>
    </AnnotatedStopPointRef>
    <AnnotatedStopPointRef>
      <StopPointRef>2290YHA01044</StopPointRef>
      <CommonName>The Hastings PH</CommonName>
    </AnnotatedStopPointRef>
    <AnnotatedStopPointRef>
      <StopPointRef>2290YHA01176</StopPointRef>
      <CommonName>Aylesbury Grove</CommonName>
    </AnnotatedStopPointRef>
    <AnnotatedStopPointRef>
      <StopPointRef>2290YHA01177</StopPointRef>
      <CommonName>Speeton Grove</CommonName>
    </AnnotatedStopPointRef>
    <AnnotatedStopPointRef>
      <StopPointRef>2290YHA01178</StopPointRef>
      <CommonName>Ainthorpe Grove</CommonName>
    </AnnotatedStopPointRef>
    <AnnotatedStopPointRef>
      <StopPointRef>2290YHA01179</StopPointRef>
      <CommonName>Woodlands Road</CommonName>
    </AnnotatedStopPointRef>
    <AnnotatedStopPointRef>
      <StopPointRef>2290YHA01180</StopPointRef>
      <CommonName>Nelson Road</CommonName>
    </AnnotatedStopPointRef>
    <AnnotatedStopPointRef>
      <StopPointRef>2290YHA01181</StopPointRef>
      <CommonName>Springhead Avenue</CommonName>
    </AnnotatedStopPointRef>
    <AnnotatedStopPointRef>
      <StopPointRef>2200YEA00153</StopPointRef>
      <CommonName>Willerby Kingston Road</CommonName>
    </AnnotatedStopPointRef>
    <AnnotatedStopPointRef>
      <StopPointRef>2200YEA00151</StopPointRef>
      <CommonName>Willerby Kingston Road</CommonName>
    </AnnotatedStopPointRef>
    <AnnotatedStopPointRef>
      <StopPointRef>2200YEA00149</StopPointRef>
      <CommonName>Willerby Kingston Road</CommonName>
    </AnnotatedStopPointRef>
    <AnnotatedStopPointRef>
      <StopPointRef>2200YEA00148</StopPointRef>
      <CommonName>Willerby Kingston Road</CommonName>
    </AnnotatedStopPointRef>
    <AnnotatedStopPointRef>
      <StopPointRef>2200YEA00146</StopPointRef>
      <CommonName>Willerby Kingston Road</CommonName>
    </AnnotatedStopPointRef>
    <AnnotatedStopPointRef>
      <StopPointRef>2200YEA00144</StopPointRef>
      <CommonName>Willerby Kingston Road</CommonName>
    </AnnotatedStopPointRef>
    <AnnotatedStopPointRef>
      <StopPointRef>2200YEA00011</StopPointRef>
      <CommonName>Willerby Kingston Road</CommonName>
    </AnnotatedStopPointRef>
  </StopPoints>
  <RouteSections>
    <RouteSection id="YHCO044C010">
      <RouteLink id="YHCO044C010_23845">
        <From>
          <StopPointRef>2200YEA00010</StopPointRef>
        </From>
        <To>
          <StopPointRef>2200YEA00143</StopPointRef>
        </To>
        <Direction>inbound</Direction>
      </RouteLink>
      <RouteLink id="YHCO044C010_23846">
        <From>
          <StopPointRef>2200YEA00143</StopPointRef>
        </From>
        <To>
          <StopPointRef>2200YEA00145</StopPointRef>
        </To>
        <Direction>inbound</Direction>
      </RouteLink>
      <RouteLink id="YHCO044C010_23847">
        <From>
          <StopPointRef>2200YEA00145</StopPointRef>
        </From>
        <To>
          <StopPointRef>2200YEA00147</StopPointRef>
        </To>
        <Direction>inbound</Direction>
      </RouteLink>
      <RouteLink id="YHCO044C010_23848">
        <From>
          <StopPointRef>2200YEA00147</StopPointRef>
        </From>
        <To>
          <StopPointRef>2200YEA00656</StopPointRef>
        </To>
        <Direction>inbound</Direction>
      </RouteLink>
      <RouteLink id="YHCO044C010_23849">
        <From>
          <StopPointRef>2200YEA00656</StopPointRef>
        </From>
        <To>
          <StopPointRef>2200YEA00150</StopPointRef>
        </To>
        <Direction>inbound</Direction>
      </RouteLink>
      <RouteLink id="YHCO044C010_23850">
        <From>
          <StopPointRef>2200YEA00150</StopPointRef>
        </From>
        <To>
          <StopPointRef>2200YEA01553</StopPointRef>
        </To>
        <Direction>inbound</Direction>
      </RouteLink>
      <RouteLink id="YHCO044C010_23851">
        <From>
          <StopPointRef>2200YEA01553</StopPointRef>
        </From>
        <To>
          <StopPointRef>2290YHA01182</StopPointRef>
        </To>
        <Direction>inbound</Direction>
      </RouteLink>
      <RouteLink id="YHCO044C010_23852">
        <From>
          <StopPointRef>2290YHA01182</StopPointRef>
        </From>
        <To>
          <StopPointRef>2290YHA01183</StopPointRef>
        </To>
        <Direction>inbound</Direction>
      </RouteLink>
      <RouteLink id="YHCO044C010_23853">
        <From>
          <StopPointRef>2290YHA01183</StopPointRef>
        </From>
        <To>
          <StopPointRef>2290YHA01184</StopPointRef>
        </To>
        <Direction>inbound</Direction>
      </RouteLink>
      <RouteLink id="YHCO044C010_23854">
        <From>
          <StopPointRef>2290YHA01184</StopPointRef>
        </From>
        <To>
          <StopPointRef>2290YHA01185</StopPointRef>
        </To>
        <Direction>inbound</Direction>
      </RouteLink>
      <RouteLink id="YHCO044C010_23855">
        <From>
          <StopPointRef>2290YHA01185</StopPointRef>
        </From>
        <To>
          <StopPointRef>2290YHA01186</StopPointRef>
        </To>
        <Direction>inbound</Direction>
      </RouteLink>
      <RouteLink id="YHCO044C010_23856">
        <From>
          <StopPointRef>2290YHA01186</StopPointRef>
        </From>
        <To>
          <StopPointRef>2290YHA01187</StopPointRef>
        </To>
        <Direction>inbound</Direction>
      </RouteLink>
      <RouteLink id="YHCO044C010_23857">
        <From>
          <StopPointRef>2290YHA01187</StopPointRef>
        </From>
        <To>
          <StopPointRef>2290YHA01043</StopPointRef>
        </To>
        <Direction>inbound</Direction>
      </RouteLink>
      <RouteLink id="YHCO044C010_23858">
        <From>
          <StopPointRef>2290YHA01043</StopPointRef>
        </From>
        <To>
          <StopPointRef>2290YHA01046</StopPointRef>
        </To>
        <Direction>inbound</Direction>
      </RouteLink>
      <RouteLink id="YHCO044C010_23859">
        <From>
          <StopPointRef>2290YHA01046</StopPointRef>
        </From>
        <To>
          <StopPointRef>2290YHA01047</StopPointRef>
        </To>
        <Direction>inbound</Direction>
      </RouteLink>
      <RouteLink id="YHCO044C010_23860">
        <From>
          <StopPointRef>2290YHA01047</StopPointRef>
        </From>
        <To>
          <StopPointRef>2290YHA01050</StopPointRef>
        </To>
        <Direction>inbound</Direction>
      </RouteLink>
      <RouteLink id="YHCO044C010_23861">
        <From>
          <StopPointRef>2290YHA01050</StopPointRef>
        </From>
        <To>
          <StopPointRef>2290YHA01052</StopPointRef>
        </To>
        <Direction>inbound</Direction>
      </RouteLink>
      <RouteLink id="YHCO044C010_23862">
        <From>
          <StopPointRef>2290YHA01052</StopPointRef>
        </From>
        <To>
          <StopPointRef>2290YHA01473</StopPointRef>
        </To>
        <Direction>inbound</Direction>
      </RouteLink>
      <RouteLink id="YHCO044C010_23863">
        <From>
          <StopPointRef>2290YHA01473</StopPointRef>
        </From>
        <To>
          <StopPointRef>2290YHA01055</StopPointRef>
        </To>
        <Direction>inbound</Direction>
      </RouteLink>
      <RouteLink id="YHCO044C010_23864">
        <From>
          <StopPointRef>2290YHA01055</StopPointRef>
        </From>
        <To>
          <StopPointRef>2290YHA01057</StopPointRef>
        </To>
        <Direction>inbound</Direction>
      </RouteLink>
      <RouteLink id="YHCO044C010_23865">
        <From>
          <StopPointRef>2290YHA01057</StopPointRef>
        </From>
        <To>
          <StopPointRef>2290YHA01059</StopPointRef>
        </To>
        <Direction>inbound</Direction>
      </RouteLink>
      <RouteLink id="YHCO044C010_23866">
        <From>
          <StopPointRef>2290YHA01059</StopPointRef>
        </From>
        <To>
          <StopPointRef>2290YHA01042</StopPointRef>
        </To>
        <Direction>inbound</Direction>
      </RouteLink>
      <RouteLink id="YHCO044C010_23867">
        <From>
          <StopPointRef>2290YHA01042</StopPointRef>
        </From>
        <To>
          <StopPointRef>2290YHA01034</StopPointRef>
        </To>
        <Direction>inbound</Direction>
      </RouteLink>
      <RouteLink id="YHCO044C010_23868">
        <From>
          <StopPointRef>2290YHA01034</StopPointRef>
        </From>
        <To>
          <StopPointRef>2290YHA01038</StopPointRef>
        </To>
        <Direction>inbound</Direction>
      </RouteLink>
      <RouteLink id="YHCO044C010_23869">
        <From>
          <StopPointRef>2290YHA01038</StopPointRef>
        </From>
        <To>
          <StopPointRef>2290YHA01041</StopPointRef>
        </To>
        <Direction>inbound</Direction>
      </RouteLink>
      <RouteLink id="YHCO044C010_23870">
        <From>
          <StopPointRef>2290YHA01041</StopPointRef>
        </From>
        <To>
          <StopPointRef>2290YHA00963</StopPointRef>
        </To>
        <Direction>inbound</Direction>
      </RouteLink>
      <RouteLink id="YHCO044C010_23871">
        <From>
          <StopPointRef>2290YHA00963</StopPointRef>
        </From>
        <To>
          <StopPointRef>2290YHA01638</StopPointRef>
        </To>
        <Direction>inbound</Direction>
      </RouteLink>
      <RouteLink id="YHCO044C010_23872">
        <From>
          <StopPointRef>2290YHA01638</StopPointRef>
        </From>
        <To>
          <StopPointRef>2290YHA01512</StopPointRef>
        </To>
        <Direction>inbound</Direction>
      </RouteLink>
      <RouteLink id="YHCO044C010_23873">
        <From>
          <StopPointRef>2290YHA01512</StopPointRef>
        </From>
        <To>
          <StopPointRef>2290YHA01554</StopPointRef>
        </To>
        <Direction>inbound</Direction>
      </RouteLink>
    </RouteSection>
    <RouteSection id="YHCO044C009">
      <RouteLink id="YHCO044C009_23880">
        <From>
          <StopPointRef>2290YHA01554</StopPointRef>
        </From>
        <To>
          <StopPointRef>2290YHA01039</StopPointRef>
        </To>
        <Direction>outbound</Direction>
      </RouteLink>
      <RouteLink id="YHCO044C009_23881">
        <From>
          <StopPointRef>2290YHA01039</StopPointRef>
        </From>
        <To>
          <StopPointRef>2290YHA01037</StopPointRef>
        </To>
        <Direction>outbound</Direction>
      </RouteLink>
      <RouteLink id="YHCO044C009_23882">
        <From>
          <StopPointRef>2290YHA01037</StopPointRef>
        </From>
        <To>
          <StopPointRef>2290YHA01035</StopPointRef>
        </To>
        <Direction>outbound</Direction>
      </RouteLink>
      <RouteLink id="YHCO044C009_23883">
        <From>
          <StopPointRef>2290YHA01035</StopPointRef>
        </From>
        <To>
          <StopPointRef>2290YHA01032</StopPointRef>
        </To>
        <Direction>outbound</Direction>
      </RouteLink>
      <RouteLink id="YHCO044C009_23884">
        <From>
          <StopPointRef>2290YHA01032</StopPointRef>
        </From>
        <To>
          <StopPointRef>2290YHA01058</StopPointRef>
        </To>
        <Direction>outbound</Direction>
      </RouteLink>
      <RouteLink id="YHCO044C009_23885">
        <From>
          <StopPointRef>2290YHA01058</StopPointRef>
        </From>
        <To>
          <StopPointRef>2290YHA01056</StopPointRef>
        </To>
        <Direction>outbound</Direction>
      </RouteLink>
      <RouteLink id="YHCO044C009_23886">
        <From>
          <StopPointRef>2290YHA01056</StopPointRef>
        </From>
        <To>
          <StopPointRef>2290YHA01054</StopPointRef>
        </To>
        <Direction>outbound</Direction>
      </RouteLink>
      <RouteLink id="YHCO044C009_23887">
        <From>
          <StopPointRef>2290YHA01054</StopPointRef>
        </From>
        <To>
          <StopPointRef>2290YHA01051</StopPointRef>
        </To>
        <Direction>outbound</Direction>
      </RouteLink>
      <RouteLink id="YHCO044C009_23888">
        <From>
          <StopPointRef>2290YHA01051</StopPointRef>
        </From>
        <To>
          <StopPointRef>2290YHA01049</StopPointRef>
        </To>
        <Direction>outbound</Direction>
      </RouteLink>
      <RouteLink id="YHCO044C009_23889">
        <From>
          <StopPointRef>2290YHA01049</StopPointRef>
        </From>
        <To>
          <StopPointRef>2290YHA01048</StopPointRef>
        </To>
        <Direction>outbound</Direction>
      </RouteLink>
      <RouteLink id="YHCO044C009_23890">
        <From>
          <StopPointRef>2290YHA01048</StopPointRef>
        </From>
        <To>
          <StopPointRef>2290YHA01045</StopPointRef>
        </To>
        <Direction>outbound</Direction>
      </RouteLink>
      <RouteLink id="YHCO044C009_23891">
        <From>
          <StopPointRef>2290YHA01045</StopPointRef>
        </From>
        <To>
          <StopPointRef>2290YHA01044</StopPointRef>
        </To>
        <Direction>outbound</Direction>
      </RouteLink>
      <RouteLink id="YHCO044C009_23892">
        <From>
          <StopPointRef>2290YHA01044</StopPointRef>
        </From>
        <To>
          <StopPointRef>2290YHA01176</StopPointRef>
        </To>
        <Direction>outbound</Direction>
      </RouteLink>
      <RouteLink id="YHCO044C009_23893">
        <From>
          <StopPointRef>2290YHA01176</StopPointRef>
        </From>
        <To>
          <StopPointRef>2290YHA01177</StopPointRef>
        </To>
        <Direction>outbound</Direction>
      </RouteLink>
      <RouteLink id="YHCO044C009_23894">
        <From>
          <StopPointRef>2290YHA01177</StopPointRef>
        </From>
        <To>
          <StopPointRef>2290YHA01178</StopPointRef>
        </To>
        <Direction>outbound</Direction>
      </RouteLink>
      <RouteLink id="YHCO044C009_23895">
        <From>
          <StopPointRef>2290YHA01178</StopPointRef>
        </From>
        <To>
          <StopPointRef>2290YHA01179</StopPointRef>
        </To>
        <Direction>outbound</Direction>
      </RouteLink>
      <RouteLink id="YHCO044C009_23896">
        <From>
          <StopPointRef>2290YHA01179</StopPointRef>
        </From>
        <To>
          <StopPointRef>2290YHA01180</StopPointRef>
        </To>
        <Direction>outbound</Direction>
      </RouteLink>
      <RouteLink id="YHCO044C009_23897">
        <From>
          <StopPointRef>2290YHA01180</StopPointRef>
        </From>
        <To>
          <StopPointRef>2290YHA01181</StopPointRef>
        </To>
        <Direction>outbound</Direction>
      </RouteLink>
      <RouteLink id="YHCO044C009_23898">
        <From>
          <StopPointRef>2290YHA01181</StopPointRef>
        </From>
        <To>
          <StopPointRef>2200YEA00153</StopPointRef>
        </To>
        <Direction>outbound</Direction>
      </RouteLink>
      <RouteLink id="YHCO044C009_23899">
        <From>
          <StopPointRef>2200YEA00153</StopPointRef>
        </From>
        <To>
          <StopPointRef>2200YEA00151</StopPointRef>
        </To>
        <Direction>outbound</Direction>
      </RouteLink>
      <RouteLink id="YHCO044C009_23900">
        <From>
          <StopPointRef>2200YEA00151</StopPointRef>
        </From>
        <To>
          <StopPointRef>2200YEA00149</StopPointRef>
        </To>
        <Direction>outbound</Direction>
      </RouteLink>
      <RouteLink id="YHCO044C009_23901">
        <From>
          <StopPointRef>2200YEA00149</StopPointRef>
        </From>
        <To>
          <StopPointRef>2200YEA00148</StopPointRef>
        </To>
        <Direction>outbound</Direction>
      </RouteLink>
      <RouteLink id="YHCO044C009_23902">
        <From>
          <StopPointRef>2200YEA00148</StopPointRef>
        </From>
        <To>
          <StopPointRef>2200YEA00146</StopPointRef>
        </To>
        <Direction>outbound</Direction>
      </RouteLink>
      <RouteLink id="YHCO044C009_23903">
        <From>
          <StopPointRef>2200YEA00146</StopPointRef>
        </From>
        <To>
          <StopPointRef>2200YEA00144</StopPointRef>
        </To>
        <Direction>outbound</Direction>
      </RouteLink>
      <RouteLink id="YHCO044C009_23904">
        <From>
          <StopPointRef>2200YEA00144</StopPointRef>
        </From>
        <To>
          <StopPointRef>2200YEA00011</StopPointRef>
        </To>
        <Direction>outbound</Direction>
      </RouteLink>
    </RouteSection>
  </RouteSections>
  <Routes>
    <Route id="YHCO044C010">
      <Description>Willerby Square - Hull Interchange
</Description>
      <RouteSectionRef>YHCO044C010</RouteSectionRef>
    </Route>
    <Route id="YHCO044C009">
      <Description>Hull Interchange - Willerby Square
</Description>
      <RouteSectionRef>YHCO044C009</RouteSectionRef>
    </Route>
  </Routes>
  <JourneyPatternSections>
    <JourneyPatternSection id="JPS_YHCO044C-3">
      <JourneyPatternTimingLink id="JPS_YHCO044C-3_23845">
        <From>
          <StopPointRef>2200YEA00010</StopPointRef>
          <TimingStatus>PTP</TimingStatus>
        </From>
        <To>
          <StopPointRef>2200YEA00143</StopPointRef>
          <TimingStatus>OTH</TimingStatus>
        </To>
        <RouteLinkRef>YHCO044C010_23845</RouteLinkRef>
        <Direction>inbound</Direction>
        <RunTime>PT31S</RunTime>
      </JourneyPatternTimingLink>
      <JourneyPatternTimingLink id="JPS_YHCO044C-3_23846">
        <From>
          <StopPointRef>2200YEA00143</StopPointRef>
          <TimingStatus>OTH</TimingStatus>
        </From>
        <To>
          <StopPointRef>2200YEA00145</StopPointRef>
          <TimingStatus>OTH</TimingStatus>
        </To>
        <RouteLinkRef>YHCO044C010_23846</RouteLinkRef>
        <Direction>inbound</Direction>
        <RunTime>PT27S</RunTime>
      </JourneyPatternTimingLink>
      <JourneyPatternTimingLink id="JPS_YHCO044C-3_23847">
        <From>
          <StopPointRef>2200YEA00145</StopPointRef>
          <TimingStatus>OTH</TimingStatus>
        </From>
        <To>
          <StopPointRef>2200YEA00147</StopPointRef>
          <TimingStatus>OTH</TimingStatus>
        </To>
        <RouteLinkRef>YHCO044C010_23847</RouteLinkRef>
        <Direction>inbound</Direction>
        <RunTime>PT26S</RunTime>
      </JourneyPatternTimingLink>
      <JourneyPatternTimingLink id="JPS_YHCO044C-3_23848">
        <From>
          <StopPointRef>2200YEA00147</StopPointRef>
          <TimingStatus>OTH</TimingStatus>
        </From>
        <To>
          <StopPointRef>2200YEA00656</StopPointRef>
          <TimingStatus>OTH</TimingStatus>
        </To>
        <RouteLinkRef>YHCO044C010_23848</RouteLinkRef>
        <Direction>inbound</Direction>
        <RunTime>PT23S</RunTime>
      </JourneyPatternTimingLink>
      <JourneyPatternTimingLink id="JPS_YHCO044C-3_23849">
        <From>
          <StopPointRef>2200YEA00656</StopPointRef>
          <TimingStatus>OTH</TimingStatus>
        </From>
        <To>
          <StopPointRef>2200YEA00150</StopPointRef>
          <TimingStatus>OTH</TimingStatus>
        </To>
        <RouteLinkRef>YHCO044C010_23849</RouteLinkRef>
        <Direction>inbound</Direction>
        <RunTime>PT23S</RunTime>
      </JourneyPatternTimingLink>
      <JourneyPatternTimingLink id="JPS_YHCO044C-3_23850">
        <From>
          <StopPointRef>2200YEA00150</StopPointRef>
          <TimingStatus>OTH</TimingStatus>
        </From>
        <To>
          <StopPointRef>2200YEA01553</StopPointRef>
          <TimingStatus>OTH</TimingStatus>
        </To>
        <RouteLinkRef>YHCO044C010_23850</RouteLinkRef>
        <Direction>inbound</Direction>
        <RunTime>PT42S</RunTime>
      </JourneyPatternTimingLink>
      <JourneyPatternTimingLink id="JPS_YHCO044C-3_23851">
        <From>
          <StopPointRef>2200YEA01553</StopPointRef>
          <TimingStatus>OTH</TimingStatus>
        </From>
        <To>
          <StopPointRef>2290YHA01182</StopPointRef>
          <TimingStatus>OTH</TimingStatus>
        </To>
        <RouteLinkRef>YHCO044C010_23851</RouteLinkRef>
        <Direction>inbound</Direction>
        <RunTime>PT36S</RunTime>
      </JourneyPatternTimingLink>
      <JourneyPatternTimingLink id="JPS_YHCO044C-3_23852">
        <From>
          <StopPointRef>2290YHA01182</StopPointRef>
          <TimingStatus>OTH</TimingStatus>
        </From>
        <To>
          <StopPointRef>2290YHA01183</StopPointRef>
          <TimingStatus>OTH</TimingStatus>
        </To>
        <RouteLinkRef>YHCO044C010_23852</RouteLinkRef>
        <Direction>inbound</Direction>
        <RunTime>PT27S</RunTime>
      </JourneyPatternTimingLink>
      <JourneyPatternTimingLink id="JPS_YHCO044C-3_23853">
        <From>
          <StopPointRef>2290YHA01183</StopPointRef>
          <TimingStatus>OTH</TimingStatus>
        </From>
        <To>
          <StopPointRef>2290YHA01184</StopPointRef>
          <TimingStatus>OTH</TimingStatus>
        </To>
        <RouteLinkRef>YHCO044C010_23853</RouteLinkRef>
        <Direction>inbound</Direction>
        <RunTime>PT28S</RunTime>
      </JourneyPatternTimingLink>
      <JourneyPatternTimingLink id="JPS_YHCO044C-3_23854">
        <From>
          <StopPointRef>2290YHA01184</StopPointRef>
          <TimingStatus>OTH</TimingStatus>
        </From>
        <To>
          <StopPointRef>2290YHA01185</StopPointRef>
          <TimingStatus>PTP</TimingStatus>
        </To>
        <RouteLinkRef>YHCO044C010_23854</RouteLinkRef>
        <Direction>inbound</Direction>
        <RunTime>PT37S</RunTime>
      </JourneyPatternTimingLink>
      <JourneyPatternTimingLink id="JPS_YHCO044C-3_23855">
        <From>
          <StopPointRef>2290YHA01185</StopPointRef>
          <TimingStatus>PTP</TimingStatus>
        </From>
        <To>
          <StopPointRef>2290YHA01186</StopPointRef>
          <TimingStatus>OTH</TimingStatus>
        </To>
        <RouteLinkRef>YHCO044C010_23855</RouteLinkRef>
        <Direction>inbound</Direction>
        <RunTime>PT51S</RunTime>
      </JourneyPatternTimingLink>
      <JourneyPatternTimingLink id="JPS_YHCO044C-3_23856">
        <From>
          <StopPointRef>2290YHA01186</StopPointRef>
          <TimingStatus>OTH</TimingStatus>
        </From>
        <To>
          <StopPointRef>2290YHA01187</StopPointRef>
          <TimingStatus>OTH</TimingStatus>
        </To>
        <RouteLinkRef>YHCO044C010_23856</RouteLinkRef>
        <Direction>inbound</Direction>
        <RunTime>PT31S</RunTime>
      </JourneyPatternTimingLink>
      <JourneyPatternTimingLink id="JPS_YHCO044C-3_23857">
        <From>
          <StopPointRef>2290YHA01187</StopPointRef>
          <TimingStatus>OTH</TimingStatus>
        </From>
        <To>
          <StopPointRef>2290YHA01043</StopPointRef>
          <TimingStatus>OTH</TimingStatus>
        </To>
        <RouteLinkRef>YHCO044C010_23857</RouteLinkRef>
        <Direction>inbound</Direction>
        <RunTime>PT28S</RunTime>
      </JourneyPatternTimingLink>
      <JourneyPatternTimingLink id="JPS_YHCO044C-3_23858">
        <From>
          <StopPointRef>2290YHA01043</StopPointRef>
          <TimingStatus>OTH</TimingStatus>
        </From>
        <To>
          <StopPointRef>2290YHA01046</StopPointRef>
          <TimingStatus>OTH</TimingStatus>
        </To>
        <RouteLinkRef>YHCO044C010_23858</RouteLinkRef>
        <Direction>inbound</Direction>
        <RunTime>PT41S</RunTime>
      </JourneyPatternTimingLink>
      <JourneyPatternTimingLink id="JPS_YHCO044C-3_23859">
        <From>
          <StopPointRef>2290YHA01046</StopPointRef>
          <TimingStatus>OTH</TimingStatus>
        </From>
        <To>
          <StopPointRef>2290YHA01047</StopPointRef>
          <TimingStatus>OTH</TimingStatus>
        </To>
        <RouteLinkRef>YHCO044C010_23859</RouteLinkRef>
        <Direction>inbound</Direction>
        <RunTime>PT44S</RunTime>
      </JourneyPatternTimingLink>
      <JourneyPatternTimingLink id="JPS_YHCO044C-3_23860">
        <From>
          <StopPointRef>2290YHA01047</StopPointRef>
          <TimingStatus>OTH</TimingStatus>
        </From>
        <To>
          <StopPointRef>2290YHA01050</StopPointRef>
          <TimingStatus>OTH</TimingStatus>
        </To>
        <RouteLinkRef>YHCO044C010_23860</RouteLinkRef>
        <Direction>inbound</Direction>
        <RunTime>PT39S</RunTime>
      </JourneyPatternTimingLink>
      <JourneyPatternTimingLink id="JPS_YHCO044C-3_23861">
        <From>
          <StopPointRef>2290YHA01050</StopPointRef>
          <TimingStatus>OTH</TimingStatus>
        </From>
        <To>
          <StopPointRef>2290YHA01052</StopPointRef>
          <TimingStatus>OTH</TimingStatus>
        </To>
        <RouteLinkRef>YHCO044C010_23861</RouteLinkRef>
        <Direction>inbound</Direction>
        <RunTime>PT43S</RunTime>
      </JourneyPatternTimingLink>
      <JourneyPatternTimingLink id="JPS_YHCO044C-3_23862">
        <From>
          <StopPointRef>2290YHA01052</StopPointRef>
          <TimingStatus>OTH</TimingStatus>
        </From>
        <To>
          <StopPointRef>2290YHA01473</StopPointRef>
          <TimingStatus>OTH</TimingStatus>
        </To>
        <RouteLinkRef>YHCO044C010_23862</RouteLinkRef>
        <Direction>inbound</Direction>
        <RunTime>PT25S</RunTime>
      </JourneyPatternTimingLink>
      <JourneyPatternTimingLink id="JPS_YHCO044C-3_23863">
        <From>
          <StopPointRef>2290YHA01473</StopPointRef>
          <TimingStatus>OTH</TimingStatus>
        </From>
        <To>
          <StopPointRef>2290YHA01055</StopPointRef>
          <TimingStatus>PTP</TimingStatus>
        </To>
        <RouteLinkRef>YHCO044C010_23863</RouteLinkRef>
        <Direction>inbound</Direction>
        <RunTime>PT58S</RunTime>
      </JourneyPatternTimingLink>
      <JourneyPatternTimingLink id="JPS_YHCO044C-3_23864">
        <From>
          <StopPointRef>2290YHA01055</StopPointRef>
          <TimingStatus>PTP</TimingStatus>
        </From>
        <To>
          <StopPointRef>2290YHA01057</StopPointRef>
          <TimingStatus>OTH</TimingStatus>
        </To>
        <RouteLinkRef>YHCO044C010_23864</RouteLinkRef>
        <Direction>inbound</Direction>
        <RunTime>PT56S</RunTime>
      </JourneyPatternTimingLink>
      <JourneyPatternTimingLink id="JPS_YHCO044C-3_23865">
        <From>
          <StopPointRef>2290YHA01057</StopPointRef>
          <TimingStatus>OTH</TimingStatus>
        </From>
        <To>
          <StopPointRef>2290YHA01059</StopPointRef>
          <TimingStatus>OTH</TimingStatus>
        </To>
        <RouteLinkRef>YHCO044C010_23865</RouteLinkRef>
        <Direction>inbound</Direction>
        <RunTime>PT66S</RunTime>
      </JourneyPatternTimingLink>
      <JourneyPatternTimingLink id="JPS_YHCO044C-3_23866">
        <From>
          <StopPointRef>2290YHA01059</StopPointRef>
          <TimingStatus>OTH</TimingStatus>
        </From>
        <To>
          <StopPointRef>2290YHA01042</StopPointRef>
          <TimingStatus>OTH</TimingStatus>
        </To>
        <RouteLinkRef>YHCO044C010_23866</RouteLinkRef>
        <Direction>inbound</Direction>
        <RunTime>PT42S</RunTime>
      </JourneyPatternTimingLink>
      <JourneyPatternTimingLink id="JPS_YHCO044C-3_23867">
        <From>
          <StopPointRef>2290YHA01042</StopPointRef>
          <TimingStatus>OTH</TimingStatus>
        </From>
        <To>
          <StopPointRef>2290YHA01034</StopPointRef>
          <TimingStatus>OTH</TimingStatus>
        </To>
        <RouteLinkRef>YHCO044C010_23867</RouteLinkRef>
        <Direction>inbound</Direction>
        <RunTime>PT42S</RunTime>
      </JourneyPatternTimingLink>
      <JourneyPatternTimingLink id="JPS_YHCO044C-3_23868">
        <From>
          <StopPointRef>2290YHA01034</StopPointRef>
          <TimingStatus>OTH</TimingStatus>
        </From>
        <To>
          <StopPointRef>2290YHA01038</StopPointRef>
          <TimingStatus>OTH</TimingStatus>
        </To>
        <RouteLinkRef>YHCO044C010_23868</RouteLinkRef>
        <Direction>inbound</Direction>
        <RunTime>PT44S</RunTime>
      </JourneyPatternTimingLink>
      <JourneyPatternTimingLink id="JPS_YHCO044C-3_23869">
        <From>
          <StopPointRef>2290YHA01038</StopPointRef>
          <TimingStatus>OTH</TimingStatus>
        </From>
        <To>
          <StopPointRef>2290YHA01041</StopPointRef>
          <TimingStatus>OTH</TimingStatus>
        </To>
        <RouteLinkRef>YHCO044C010_23869</RouteLinkRef>
        <Direction>inbound</Direction>
        <RunTime>PT38S</RunTime>
      </JourneyPatternTimingLink>
      <JourneyPatternTimingLink id="JPS_YHCO044C-3_23870">
        <From>
          <StopPointRef>2290YHA01041</StopPointRef>
          <TimingStatus>OTH</TimingStatus>
        </From>
        <To>
          <StopPointRef>2290YHA00963</StopPointRef>
          <TimingStatus>OTH</TimingStatus>
        </To>
        <RouteLinkRef>YHCO044C010_23870</RouteLinkRef>
        <Direction>inbound</Direction>
        <RunTime>PT83S</RunTime>
      </JourneyPatternTimingLink>
      <JourneyPatternTimingLink id="JPS_YHCO044C-3_23871">
        <From>
          <StopPointRef>2290YHA00963</StopPointRef>
          <TimingStatus>OTH</TimingStatus>
        </From>
        <To>
          <StopPointRef>2290YHA01638</StopPointRef>
          <TimingStatus>OTH</TimingStatus>
        </To>
        <RouteLinkRef>YHCO044C010_23871</RouteLinkRef>
        <Direction>inbound</Direction>
        <RunTime>PT73S</RunTime>
      </JourneyPatternTimingLink>
      <JourneyPatternTimingLink id="JPS_YHCO044C-3_23872">
        <From>
          <StopPointRef>2290YHA01638</StopPointRef>
          <TimingStatus>OTH</TimingStatus>
        </From>
        <To>
          <StopPointRef>2290YHA01512</StopPointRef>
          <TimingStatus>PTP</TimingStatus>
        </To>
        <RouteLinkRef>YHCO044C010_23872</RouteLinkRef>
        <Direction>inbound</Direction>
        <RunTime>PT96S</RunTime>
      </JourneyPatternTimingLink>
      <JourneyPatternTimingLink id="JPS_YHCO044C-3_23873">
        <From>
          <StopPointRef>2290YHA01512</StopPointRef>
          <TimingStatus>PTP</TimingStatus>
        </From>
        <To>
          <StopPointRef>2290YHA01554</StopPointRef>
          <TimingStatus>PTP</TimingStatus>
        </To>
        <RouteLinkRef>YHCO044C010_23873</RouteLinkRef>
        <Direction>inbound</Direction>
        <RunTime>PT180S</RunTime>
      </JourneyPatternTimingLink>
    </JourneyPatternSection>
    <JourneyPatternSection id="JPS_YHCO044C-4">
      <JourneyPatternTimingLink id="JPS_YHCO044C-4_23880">
        <From>
          <StopPointRef>2290YHA01554</StopPointRef>
          <TimingStatus>PTP</TimingStatus>
        </From>
        <To>
          <StopPointRef>2290YHA01039</StopPointRef>
          <TimingStatus>OTH</TimingStatus>
        </To>
        <RouteLinkRef>YHCO044C009_23880</RouteLinkRef>
        <Direction>outbound</Direction>
        <RunTime>PT159S</RunTime>
      </JourneyPatternTimingLink>
      <JourneyPatternTimingLink id="JPS_YHCO044C-4_23881">
        <From>
          <StopPointRef>2290YHA01039</StopPointRef>
          <TimingStatus>OTH</TimingStatus>
        </From>
        <To>
          <StopPointRef>2290YHA01037</StopPointRef>
          <TimingStatus>OTH</TimingStatus>
        </To>
        <RouteLinkRef>YHCO044C009_23881</RouteLinkRef>
        <Direction>outbound</Direction>
        <RunTime>PT40S</RunTime>
      </JourneyPatternTimingLink>
      <JourneyPatternTimingLink id="JPS_YHCO044C-4_23882">
        <From>
          <StopPointRef>2290YHA01037</StopPointRef>
          <TimingStatus>OTH</TimingStatus>
        </From>
        <To>
          <StopPointRef>2290YHA01035</StopPointRef>
          <TimingStatus>OTH</TimingStatus>
        </To>
        <RouteLinkRef>YHCO044C009_23882</RouteLinkRef>
        <Direction>outbound</Direction>
        <RunTime>PT23S</RunTime>
      </JourneyPatternTimingLink>
      <JourneyPatternTimingLink id="JPS_YHCO044C-4_23883">
        <From>
          <StopPointRef>2290YHA01035</StopPointRef>
          <TimingStatus>OTH</TimingStatus>
        </From>
        <To>
          <StopPointRef>2290YHA01032</StopPointRef>
          <TimingStatus>OTH</TimingStatus>
        </To>
        <RouteLinkRef>YHCO044C009_23883</RouteLinkRef>
        <Direction>outbound</Direction>
        <RunTime>PT41S</RunTime>
      </JourneyPatternTimingLink>
      <JourneyPatternTimingLink id="JPS_YHCO044C-4_23884">
        <From>
          <StopPointRef>2290YHA01032</StopPointRef>
          <TimingStatus>OTH</TimingStatus>
        </From>
        <To>
          <StopPointRef>2290YHA01058</StopPointRef>
          <TimingStatus>OTH</TimingStatus>
        </To>
        <RouteLinkRef>YHCO044C009_23884</RouteLinkRef>
        <Direction>outbound</Direction>
        <RunTime>PT51S</RunTime>
      </JourneyPatternTimingLink>
      <JourneyPatternTimingLink id="JPS_YHCO044C-4_23885">
        <From>
          <StopPointRef>2290YHA01058</StopPointRef>
          <TimingStatus>OTH</TimingStatus>
        </From>
        <To>
          <StopPointRef>2290YHA01056</StopPointRef>
          <TimingStatus>OTH</TimingStatus>
        </To>
        <RouteLinkRef>YHCO044C009_23885</RouteLinkRef>
        <Direction>outbound</Direction>
        <RunTime>PT41S</RunTime>
      </JourneyPatternTimingLink>
      <JourneyPatternTimingLink id="JPS_YHCO044C-4_23886">
        <From>
          <StopPointRef>2290YHA01056</StopPointRef>
          <TimingStatus>OTH</TimingStatus>
        </From>
        <To>
          <StopPointRef>2290YHA01054</StopPointRef>
          <TimingStatus>PTP</TimingStatus>
        </To>
        <RouteLinkRef>YHCO044C009_23886</RouteLinkRef>
        <Direction>outbound</Direction>
        <RunTime>PT65S</RunTime>
      </JourneyPatternTimingLink>
      <JourneyPatternTimingLink id="JPS_YHCO044C-4_23887">
        <From>
          <StopPointRef>2290YHA01054</StopPointRef>
          <TimingStatus>PTP</TimingStatus>
        </From>
        <To>
          <StopPointRef>2290YHA01051</StopPointRef>
          <TimingStatus>OTH</TimingStatus>
        </To>
        <RouteLinkRef>YHCO044C009_23887</RouteLinkRef>
        <Direction>outbound</Direction>
        <RunTime>PT51S</RunTime>
      </JourneyPatternTimingLink>
      <JourneyPatternTimingLink id="JPS_YHCO044C-4_23888">
        <From>
          <StopPointRef>2290YHA01051</StopPointRef>
          <TimingStatus>OTH</TimingStatus>
        </From>
        <To>
          <StopPointRef>2290YHA01049</StopPointRef>
          <TimingStatus>OTH</TimingStatus>
        </To>
        <RouteLinkRef>YHCO044C009_23888</RouteLinkRef>
        <Direction>outbound</Direction>
        <RunTime>PT44S</RunTime>
      </JourneyPatternTimingLink>
      <JourneyPatternTimingLink id="JPS_YHCO044C-4_23889">
        <From>
          <StopPointRef>2290YHA01049</StopPointRef>
          <TimingStatus>OTH</TimingStatus>
        </From>
        <To>
          <StopPointRef>2290YHA01048</StopPointRef>
          <TimingStatus>OTH</TimingStatus>
        </To>
        <RouteLinkRef>YHCO044C009_23889</RouteLinkRef>
        <Direction>outbound</Direction>
        <RunTime>PT48S</RunTime>
      </JourneyPatternTimingLink>
      <JourneyPatternTimingLink id="JPS_YHCO044C-4_23890">
        <From>
          <StopPointRef>2290YHA01048</StopPointRef>
          <TimingStatus>OTH</TimingStatus>
        </From>
        <To>
          <StopPointRef>2290YHA01045</StopPointRef>
          <TimingStatus>OTH</TimingStatus>
        </To>
        <RouteLinkRef>YHCO044C009_23890</RouteLinkRef>
        <Direction>outbound</Direction>
        <RunTime>PT40S</RunTime>
      </JourneyPatternTimingLink>
      <JourneyPatternTimingLink id="JPS_YHCO044C-4_23891">
        <From>
          <StopPointRef>2290YHA01045</StopPointRef>
          <TimingStatus>OTH</TimingStatus>
        </From>
        <To>
          <StopPointRef>2290YHA01044</StopPointRef>
          <TimingStatus>OTH</TimingStatus>
        </To>
        <RouteLinkRef>YHCO044C009_23891</RouteLinkRef>
        <Direction>outbound</Direction>
        <RunTime>PT46S</RunTime>
      </JourneyPatternTimingLink>
      <JourneyPatternTimingLink id="JPS_YHCO044C-4_23892">
        <From>
          <StopPointRef>2290YHA01044</StopPointRef>
          <TimingStatus>OTH</TimingStatus>
        </From>
        <To>
          <StopPointRef>2290YHA01176</StopPointRef>
          <TimingStatus>OTH</TimingStatus>
        </To>
        <RouteLinkRef>YHCO044C009_23892</RouteLinkRef>
        <Direction>outbound</Direction>
        <RunTime>PT35S</RunTime>
      </JourneyPatternTimingLink>
      <JourneyPatternTimingLink id="JPS_YHCO044C-4_23893">
        <From>
          <StopPointRef>2290YHA01176</StopPointRef>
          <TimingStatus>OTH</TimingStatus>
        </From>
        <To>
          <StopPointRef>2290YHA01177</StopPointRef>
          <TimingStatus>OTH</TimingStatus>
        </To>
        <RouteLinkRef>YHCO044C009_23893</RouteLinkRef>
        <Direction>outbound</Direction>
        <RunTime>PT35S</RunTime>
      </JourneyPatternTimingLink>
      <JourneyPatternTimingLink id="JPS_YHCO044C-4_23894">
        <From>
          <StopPointRef>2290YHA01177</StopPointRef>
          <TimingStatus>OTH</TimingStatus>
        </From>
        <To>
          <StopPointRef>2290YHA01178</StopPointRef>
          <TimingStatus>PTP</TimingStatus>
        </To>
        <RouteLinkRef>YHCO044C009_23894</RouteLinkRef>
        <Direction>outbound</Direction>
        <RunTime>PT61S</RunTime>
      </JourneyPatternTimingLink>
      <JourneyPatternTimingLink id="JPS_YHCO044C-4_23895">
        <From>
          <StopPointRef>2290YHA01178</StopPointRef>
          <TimingStatus>PTP</TimingStatus>
        </From>
        <To>
          <StopPointRef>2290YHA01179</StopPointRef>
          <TimingStatus>OTH</TimingStatus>
        </To>
        <RouteLinkRef>YHCO044C009_23895</RouteLinkRef>
        <Direction>outbound</Direction>
        <RunTime>PT33S</RunTime>
      </JourneyPatternTimingLink>
      <JourneyPatternTimingLink id="JPS_YHCO044C-4_23896">
        <From>
          <StopPointRef>2290YHA01179</StopPointRef>
          <TimingStatus>OTH</TimingStatus>
        </From>
        <To>
          <StopPointRef>2290YHA01180</StopPointRef>
          <TimingStatus>OTH</TimingStatus>
        </To>
        <RouteLinkRef>YHCO044C009_23896</RouteLinkRef>
        <Direction>outbound</Direction>
        <RunTime>PT28S</RunTime>
      </JourneyPatternTimingLink>
      <JourneyPatternTimingLink id="JPS_YHCO044C-4_23897">
        <From>
          <StopPointRef>2290YHA01180</StopPointRef>
          <TimingStatus>OTH</TimingStatus>
        </From>
        <To>
          <StopPointRef>2290YHA01181</StopPointRef>
          <TimingStatus>OTH</TimingStatus>
        </To>
        <RouteLinkRef>YHCO044C009_23897</RouteLinkRef>
        <Direction>outbound</Direction>
        <RunTime>PT35S</RunTime>
      </JourneyPatternTimingLink>
      <JourneyPatternTimingLink id="JPS_YHCO044C-4_23898">
        <From>
          <StopPointRef>2290YHA01181</StopPointRef>
          <TimingStatus>OTH</TimingStatus>
        </From>
        <To>
          <StopPointRef>2200YEA00153</StopPointRef>
          <TimingStatus>OTH</TimingStatus>
        </To>
        <RouteLinkRef>YHCO044C009_23898</RouteLinkRef>
        <Direction>outbound</Direction>
        <RunTime>PT51S</RunTime>
      </JourneyPatternTimingLink>
      <JourneyPatternTimingLink id="JPS_YHCO044C-4_23899">
        <From>
          <StopPointRef>2200YEA00153</StopPointRef>
          <TimingStatus>OTH</TimingStatus>
        </From>
        <To>
          <StopPointRef>2200YEA00151</StopPointRef>
          <TimingStatus>OTH</TimingStatus>
        </To>
        <RouteLinkRef>YHCO044C009_23899</RouteLinkRef>
        <Direction>outbound</Direction>
        <RunTime>PT50S</RunTime>
      </JourneyPatternTimingLink>
      <JourneyPatternTimingLink id="JPS_YHCO044C-4_23900">
        <From>
          <StopPointRef>2200YEA00151</StopPointRef>
          <TimingStatus>OTH</TimingStatus>
        </From>
        <To>
          <StopPointRef>2200YEA00149</StopPointRef>
          <TimingStatus>OTH</TimingStatus>
        </To>
        <RouteLinkRef>YHCO044C009_23900</RouteLinkRef>
        <Direction>outbound</Direction>
        <RunTime>PT23S</RunTime>
      </JourneyPatternTimingLink>
      <JourneyPatternTimingLink id="JPS_YHCO044C-4_23901">
        <From>
          <StopPointRef>2200YEA00149</StopPointRef>
          <TimingStatus>OTH</TimingStatus>
        </From>
        <To>
          <StopPointRef>2200YEA00148</StopPointRef>
          <TimingStatus>OTH</TimingStatus>
        </To>
        <RouteLinkRef>YHCO044C009_23901</RouteLinkRef>
        <Direction>outbound</Direction>
        <RunTime>PT26S</RunTime>
      </JourneyPatternTimingLink>
      <JourneyPatternTimingLink id="JPS_YHCO044C-4_23902">
        <From>
          <StopPointRef>2200YEA00148</StopPointRef>
          <TimingStatus>OTH</TimingStatus>
        </From>
        <To>
          <StopPointRef>2200YEA00146</StopPointRef>
          <TimingStatus>OTH</TimingStatus>
        </To>
        <RouteLinkRef>YHCO044C009_23902</RouteLinkRef>
        <Direction>outbound</Direction>
        <RunTime>PT35S</RunTime>
      </JourneyPatternTimingLink>
      <JourneyPatternTimingLink id="JPS_YHCO044C-4_23903">
        <From>
          <StopPointRef>2200YEA00146</StopPointRef>
          <TimingStatus>OTH</TimingStatus>
        </From>
        <To>
          <StopPointRef>2200YEA00144</StopPointRef>
          <TimingStatus>OTH</TimingStatus>
        </To>
        <RouteLinkRef>YHCO044C009_23903</RouteLinkRef>
        <Direction>outbound</Direction>
        <RunTime>PT35S</RunTime>
      </JourneyPatternTimingLink>
      <JourneyPatternTimingLink id="JPS_YHCO044C-4_23904">
        <From>
          <StopPointRef>2200YEA00144</StopPointRef>
          <TimingStatus>OTH</TimingStatus>
        </From>
        <To>
          <StopPointRef>2200YEA00011</StopPointRef>
          <TimingStatus>PTP</TimingStatus>
        </To>
        <RouteLinkRef>YHCO044C009_23904</RouteLinkRef>
        <Direction>outbound</Direction>
        <RunTime>PT44S</RunTime>
      </JourneyPatternTimingLink>
    </JourneyPatternSection>
  </JourneyPatternSections>
  <Operators>
    <Operator id="EY">
      <NationalOperatorCode>EYMS</NationalOperatorCode>
      <OperatorCode>EY</OperatorCode>
      <OperatorShortName>EYMS</OperatorShortName>
    </Operator>
  </Operators>
  <Services>
    <Service>
      <ServiceCode>YHCO044C</ServiceCode>
      <Lines>
        <Line id="0">
          <LineName>44C</LineName>
        </Line>
      </Lines>
      <OperatingPeriod>
        <StartDate>2015-11-08</StartDate>
      </OperatingPeriod>
      <RegisteredOperatorRef>EY</RegisteredOperatorRef>
      <StopRequirements>
        <NoNewStopsRequired />
      </StopRequirements>
      <Mode>bus</Mode>
      <Description>Hull Interchange - Willerby Square</Description>
      <StandardService>
        <Origin>Hull Interchange</Origin>
        <Destination>Willerby Square</Destination>
        <JourneyPattern id="JPS_YHCO044C-3">
          <Direction>inbound</Direction>
          <JourneyPatternSectionRefs>JPS_YHCO044C-3</JourneyPatternSectionRefs>
        </JourneyPattern>
        <JourneyPattern id="JPS_YHCO044C-4">
          <Direction>outbound</Direction>
          <JourneyPatternSectionRefs>JPS_YHCO044C-4</JourneyPatternSectionRefs>
        </JourneyPattern>
      </StandardService>
    </Service>
  </Services>
  <VehicleJourneys>
    <VehicleJourney>
      <OperatorRef>EY</OperatorRef>
      <OperatingProfile>
        <RegularDayType>
          <DaysOfWeek>
            <Monday />
            <Tuesday />
            <Wednesday />
            <Thursday />
            <Friday />
          </DaysOfWeek>
        </RegularDayType>
        <BankHolidayOperation>
          <DaysOfNonOperation>
            <LateSummerBankHolidayNotScotland />
          </DaysOfNonOperation>
        </BankHolidayOperation>
      </OperatingProfile>
      <VehicleJourneyCode>7838</VehicleJourneyCode>
      <ServiceRef>YHCO044C</ServiceRef>
      <LineRef>0</LineRef>
      <JourneyPatternRef>JPS_YHCO044C-3</JourneyPatternRef>
      <DepartureTime>21:04:00</DepartureTime>
    </VehicleJourney>
    <VehicleJourney>
      <OperatorRef>EY</OperatorRef>
      <OperatingProfile>
        <RegularDayType>
          <DaysOfWeek>
            <Monday />
            <Tuesday />
            <Wednesday />
            <Thursday />
            <Friday />
          </DaysOfWeek>
        </RegularDayType>
        <BankHolidayOperation>
          <DaysOfNonOperation>
            <LateSummerBankHolidayNotScotland />
          </DaysOfNonOperation>
        </BankHolidayOperation>
      </OperatingProfile>
      <VehicleJourneyCode>7839</VehicleJourneyCode>
      <ServiceRef>YHCO044C</ServiceRef>
      <LineRef>0</LineRef>
      <JourneyPatternRef>JPS_YHCO044C-3</JourneyPatternRef>
      <DepartureTime>22:04:00</DepartureTime>
    </VehicleJourney>
    <VehicleJourney>
      <OperatorRef>EY</OperatorRef>
      <OperatingProfile>
        <RegularDayType>
          <DaysOfWeek>
            <Monday />
            <Tuesday />
            <Wednesday />
            <Thursday />
            <Friday />
          </DaysOfWeek>
        </RegularDayType>
        <BankHolidayOperation>
          <DaysOfNonOperation>
            <LateSummerBankHolidayNotScotland />
          </DaysOfNonOperation>
        </BankHolidayOperation>
      </OperatingProfile>
      <VehicleJourneyCode>7840</VehicleJourneyCode>
      <ServiceRef>YHCO044C</ServiceRef>
      <LineRef>0</LineRef>
      <JourneyPatternRef>JPS_YHCO044C-3</JourneyPatternRef>
      <DepartureTime>23:01:00</DepartureTime>
    </VehicleJourney>
    <VehicleJourney>
      <OperatorRef>EY</OperatorRef>
      <OperatingProfile>
        <RegularDayType>
          <DaysOfWeek>
            <Monday />
            <Tuesday />
            <Wednesday />
            <Thursday />
            <Friday />
          </DaysOfWeek>
        </RegularDayType>
        <BankHolidayOperation>
          <DaysOfNonOperation>
            <LateSummerBankHolidayNotScotland />
          </DaysOfNonOperation>
        </BankHolidayOperation>
      </OperatingProfile>
      <VehicleJourneyCode>7844</VehicleJourneyCode>
      <ServiceRef>YHCO044C</ServiceRef>
      <LineRef>0</LineRef>
      <JourneyPatternRef>JPS_YHCO044C-4</JourneyPatternRef>
      <DepartureTime>20:40:00</DepartureTime>
    </VehicleJourney>
    <VehicleJourney>
      <OperatorRef>EY</OperatorRef>
      <OperatingProfile>
        <RegularDayType>
          <DaysOfWeek>
            <Monday />
            <Tuesday />
            <Wednesday />
            <Thursday />
            <Friday />
          </DaysOfWeek>
        </RegularDayType>
        <BankHolidayOperation>
          <DaysOfNonOperation>
            <LateSummerBankHolidayNotScotland />
          </DaysOfNonOperation>
        </BankHolidayOperation>
      </OperatingProfile>
      <VehicleJourneyCode>7845</VehicleJourneyCode>
      <ServiceRef>YHCO044C</ServiceRef>
      <LineRef>0</LineRef>
      <JourneyPatternRef>JPS_YHCO044C-4</JourneyPatternRef>
      <DepartureTime>21:40:00</DepartureTime>
    </VehicleJourney>
    <VehicleJourney>
      <OperatorRef>EY</OperatorRef>
      <OperatingProfile>
        <RegularDayType>
          <DaysOfWeek>
            <Monday />
            <Tuesday />
            <Wednesday />
            <Thursday />
            <Friday />
          </DaysOfWeek>
        </RegularDayType>
        <BankHolidayOperation>
          <DaysOfNonOperation>
            <LateSummerBankHolidayNotScotland />
          </DaysOfNonOperation>
        </BankHolidayOperation>
      </OperatingProfile>
      <VehicleJourneyCode>7846</VehicleJourneyCode>
      <ServiceRef>YHCO044C</ServiceRef>
      <LineRef>0</LineRef>
      <JourneyPatternRef>JPS_YHCO044C-4</JourneyPatternRef>
      <DepartureTime>22:40:00</DepartureTime>
    </VehicleJourney>
    <VehicleJourney>
      <OperatorRef>EY</OperatorRef>
      <OperatingProfile>
        <RegularDayType>
          <DaysOfWeek>
            <Saturday />
          </DaysOfWeek>
        </RegularDayType>
      </OperatingProfile>
      <VehicleJourneyCode>7841</VehicleJourneyCode>
      <ServiceRef>YHCO044C</ServiceRef>
      <LineRef>0</LineRef>
      <JourneyPatternRef>JPS_YHCO044C-3</JourneyPatternRef>
      <DepartureTime>21:04:00</DepartureTime>
    </VehicleJourney>
    <VehicleJourney>
      <OperatorRef>EY</OperatorRef>
      <OperatingProfile>
        <RegularDayType>
          <DaysOfWeek>
            <Saturday />
          </DaysOfWeek>
        </RegularDayType>
      </OperatingProfile>
      <VehicleJourneyCode>7842</VehicleJourneyCode>
      <ServiceRef>YHCO044C</ServiceRef>
      <LineRef>0</LineRef>
      <JourneyPatternRef>JPS_YHCO044C-3</JourneyPatternRef>
      <DepartureTime>22:04:00</DepartureTime>
    </VehicleJourney>
    <VehicleJourney>
      <OperatorRef>EY</OperatorRef>
      <OperatingProfile>
        <RegularDayType>
          <DaysOfWeek>
            <Saturday />
          </DaysOfWeek>
        </RegularDayType>
      </OperatingProfile>
      <VehicleJourneyCode>7843</VehicleJourneyCode>
      <ServiceRef>YHCO044C</ServiceRef>
      <LineRef>0</LineRef>
      <JourneyPatternRef>JPS_YHCO044C-3</JourneyPatternRef>
      <DepartureTime>23:01:00</DepartureTime>
    </VehicleJourney>
    <VehicleJourney>
      <OperatorRef>EY</OperatorRef>
      <OperatingProfile>
        <RegularDayType>
          <DaysOfWeek>
            <Saturday />
          </DaysOfWeek>
        </RegularDayType>
      </OperatingProfile>
      <VehicleJourneyCode>7847</VehicleJourneyCode>
      <ServiceRef>YHCO044C</ServiceRef>
      <LineRef>0</LineRef>
      <JourneyPatternRef>JPS_YHCO044C-4</JourneyPatternRef>
      <DepartureTime>20:40:00</DepartureTime>
    </VehicleJourney>
    <VehicleJourney>
      <OperatorRef>EY</OperatorRef>
      <OperatingProfile>
        <RegularDayType>
          <DaysOfWeek>
            <Saturday />
          </DaysOfWeek>
        </RegularDayType>
      </OperatingProfile>
      <VehicleJourneyCode>7848</VehicleJourneyCode>
      <ServiceRef>YHCO044C</ServiceRef>
      <LineRef>0</LineRef>
      <JourneyPatternRef>JPS_YHCO044C-4</JourneyPatternRef>
      <DepartureTime>21:40:00</DepartureTime>
    </VehicleJourney>
    <VehicleJourney>
      <OperatorRef>EY</OperatorRef>
      <OperatingProfile>
        <RegularDayType>
          <DaysOfWeek>
            <Saturday />
          </DaysOfWeek>
        </RegularDayType>
      </OperatingProfile>
      <VehicleJourneyCode>7849</VehicleJourneyCode>
      <ServiceRef>YHCO044C</ServiceRef>
      <LineRef>0</LineRef>
      <JourneyPatternRef>JPS_YHCO044C-4</JourneyPatternRef>
      <DepartureTime>22:40:00</DepartureTime>
    </VehicleJourney>
  </VehicleJourneys>
</TransXChange>