<?xml version="1.0" encoding="utf-8"?>
<TransXChange xmlns:xsd="http://www.w3.org/2001/XMLSchema" xmlns:xsi="http://www.w3.org/2001/XMLSchema-instance" xsi:schemaLocation="http://www.transxchange.org.uk/ http://www.transxchange.org.uk/schema/2.1/TransXChange_general.xsd" CreationDateTime="2017-09-18T09:39:00-00:00" ModificationDateTime="2017-09-18T09:39:00-00:00" Modification="new" RevisionNumber="0" FileName="SVRYNBO181.xml" SchemaVersion="2.1" RegistrationDocument="false" xmlns="http://www.transxchange.org.uk/">
  <StopPoints>
    <AnnotatedStopPointRef>
      <StopPointRef>3290YYA00130</StopPointRef>
      <CommonName>Station Avenue</CommonName>
    </AnnotatedStopPointRef>
    <AnnotatedStopPointRef>
      <StopPointRef>3290YYA00094</StopPointRef>
      <CommonName>Rougier Street</CommonName>
    </AnnotatedStopPointRef>
    <AnnotatedStopPointRef>
      <StopPointRef>3290YYA00097</StopPointRef>
      <CommonName>Micklegate</CommonName>
    </AnnotatedStopPointRef>
    <AnnotatedStopPointRef>
      <StopPointRef>3290YYA00168</StopPointRef>
      <CommonName>Clifford Street</CommonName>
    </AnnotatedStopPointRef>
    <AnnotatedStopPointRef>
      <StopPointRef>3290YYA00103</StopPointRef>
      <CommonName>Piccadilly</CommonName>
    </AnnotatedStopPointRef>
    <AnnotatedStopPointRef>
      <StopPointRef>3290YYA00109</StopPointRef>
      <CommonName>Stonebow</CommonName>
    </AnnotatedStopPointRef>
    <AnnotatedStopPointRef>
      <StopPointRef>3290YYA00113</StopPointRef>
      <CommonName>Peasholme Green</CommonName>
    </AnnotatedStopPointRef>
    <AnnotatedStopPointRef>
      <StopPointRef>3290YYA00213</StopPointRef>
      <CommonName>Monk Bar</CommonName>
    </AnnotatedStopPointRef>
    <AnnotatedStopPointRef>
      <StopPointRef>3290YYA00214</StopPointRef>
      <CommonName>Trinity Methodist Church</CommonName>
    </AnnotatedStopPointRef>
    <AnnotatedStopPointRef>
      <StopPointRef>3290YYA00189</StopPointRef>
      <CommonName>Monk Bridge</CommonName>
    </AnnotatedStopPointRef>
    <AnnotatedStopPointRef>
      <StopPointRef>3290YYA01005</StopPointRef>
      <CommonName>Shoulder of Mutton</CommonName>
    </AnnotatedStopPointRef>
    <AnnotatedStopPointRef>
      <StopPointRef>3290YYA00452</StopPointRef>
      <CommonName>Heworth Golf Course</CommonName>
    </AnnotatedStopPointRef>
    <AnnotatedStopPointRef>
      <StopPointRef>3290YYA00450</StopPointRef>
      <CommonName>Monk Stray</CommonName>
    </AnnotatedStopPointRef>
    <AnnotatedStopPointRef>
      <StopPointRef>3290YYA00468</StopPointRef>
      <CommonName>Laburnum Garth</CommonName>
    </AnnotatedStopPointRef>
    <AnnotatedStopPointRef>
      <StopPointRef>3290YYA00470</StopPointRef>
      <CommonName>Malton Road Garage</CommonName>
    </AnnotatedStopPointRef>
    <AnnotatedStopPointRef>
      <StopPointRef>3290YYA00998</StopPointRef>
      <CommonName>The Hopgrove</CommonName>
    </AnnotatedStopPointRef>
    <AnnotatedStopPointRef>
      <StopPointRef>3290YYA01644</StopPointRef>
      <CommonName>The Four Alls</CommonName>
    </AnnotatedStopPointRef>
    <AnnotatedStopPointRef>
      <StopPointRef>3290YYA01615</StopPointRef>
      <CommonName>FERA</CommonName>
    </AnnotatedStopPointRef>
    <AnnotatedStopPointRef>
      <StopPointRef>3200YNE04376</StopPointRef>
      <CommonName>School</CommonName>
    </AnnotatedStopPointRef>
    <AnnotatedStopPointRef>
      <StopPointRef>3200YNE04378</StopPointRef>
      <CommonName>Whinny Lane</CommonName>
    </AnnotatedStopPointRef>
    <AnnotatedStopPointRef>
      <StopPointRef>3200YNE04380</StopPointRef>
      <CommonName>Bull Moor Lane</CommonName>
    </AnnotatedStopPointRef>
    <AnnotatedStopPointRef>
      <StopPointRef>3200YNE04382</StopPointRef>
      <CommonName>Goose Track Lane</CommonName>
    </AnnotatedStopPointRef>
    <AnnotatedStopPointRef>
      <StopPointRef>3200YNE04384</StopPointRef>
      <CommonName>Main Street</CommonName>
    </AnnotatedStopPointRef>
    <AnnotatedStopPointRef>
      <StopPointRef>3200YNE04393</StopPointRef>
      <CommonName>Post Office Row</CommonName>
    </AnnotatedStopPointRef>
    <AnnotatedStopPointRef>
      <StopPointRef>3200YNA05105</StopPointRef>
      <CommonName>Obelisk</CommonName>
    </AnnotatedStopPointRef>
    <AnnotatedStopPointRef>
      <StopPointRef>3200YNA05104</StopPointRef>
      <CommonName>The Grounds</CommonName>
    </AnnotatedStopPointRef>
    <AnnotatedStopPointRef>
      <StopPointRef>3200YNE04392</StopPointRef>
      <CommonName>Wandale Farm</CommonName>
    </AnnotatedStopPointRef>
    <AnnotatedStopPointRef>
      <StopPointRef>3200YNE04387</StopPointRef>
      <CommonName>Cobble Lane</CommonName>
    </AnnotatedStopPointRef>
    <AnnotatedStopPointRef>
      <StopPointRef>3200YNE04385</StopPointRef>
      <CommonName>Main Street</CommonName>
    </AnnotatedStopPointRef>
    <AnnotatedStopPointRef>
      <StopPointRef>3200YNE04383</StopPointRef>
      <CommonName>Goose Track Lane</CommonName>
    </AnnotatedStopPointRef>
    <AnnotatedStopPointRef>
      <StopPointRef>3200YNE04381</StopPointRef>
      <CommonName>Bull Moor Lane</CommonName>
    </AnnotatedStopPointRef>
    <AnnotatedStopPointRef>
      <StopPointRef>3200YNE04379</StopPointRef>
      <CommonName>Kirk Balk Lane</CommonName>
    </AnnotatedStopPointRef>
    <AnnotatedStopPointRef>
      <StopPointRef>3200YNE04377</StopPointRef>
      <CommonName>School</CommonName>
    </AnnotatedStopPointRef>
    <AnnotatedStopPointRef>
      <StopPointRef>3290YYA01616</StopPointRef>
      <CommonName>FERA</CommonName>
    </AnnotatedStopPointRef>
    <AnnotatedStopPointRef>
      <StopPointRef>3290YYA01645</StopPointRef>
      <CommonName>The Four Alls</CommonName>
    </AnnotatedStopPointRef>
    <AnnotatedStopPointRef>
      <StopPointRef>3290YYA00918</StopPointRef>
      <CommonName>Hopgrove Farm</CommonName>
    </AnnotatedStopPointRef>
    <AnnotatedStopPointRef>
      <StopPointRef>3290YYA00467</StopPointRef>
      <CommonName>Laburnum Garth</CommonName>
    </AnnotatedStopPointRef>
    <AnnotatedStopPointRef>
      <StopPointRef>3290YYA01579</StopPointRef>
      <CommonName>Monk Stray</CommonName>
    </AnnotatedStopPointRef>
    <AnnotatedStopPointRef>
      <StopPointRef>3290YYA00451</StopPointRef>
      <CommonName>Heworth Golf Course</CommonName>
    </AnnotatedStopPointRef>
    <AnnotatedStopPointRef>
      <StopPointRef>3290YYA00190</StopPointRef>
      <CommonName>Shoulder of Mutton</CommonName>
    </AnnotatedStopPointRef>
    <AnnotatedStopPointRef>
      <StopPointRef>3290YYA00191</StopPointRef>
      <CommonName>Eboracum Way</CommonName>
    </AnnotatedStopPointRef>
    <AnnotatedStopPointRef>
      <StopPointRef>3290YYA00856</StopPointRef>
      <CommonName>Foss Bank</CommonName>
    </AnnotatedStopPointRef>
    <AnnotatedStopPointRef>
      <StopPointRef>3290YYA00114</StopPointRef>
      <CommonName>Peasholme Green</CommonName>
    </AnnotatedStopPointRef>
    <AnnotatedStopPointRef>
      <StopPointRef>3290YYA00111</StopPointRef>
      <CommonName>Stonebow</CommonName>
    </AnnotatedStopPointRef>
    <AnnotatedStopPointRef>
      <StopPointRef>3290YYA00101</StopPointRef>
      <CommonName>Low Ousegate</CommonName>
    </AnnotatedStopPointRef>
    <AnnotatedStopPointRef>
      <StopPointRef>3290YYA00095</StopPointRef>
      <CommonName>Rougier Street</CommonName>
    </AnnotatedStopPointRef>
  </StopPoints>
  <RouteSections>
    <RouteSection id="YNBO181_001">
      <RouteLink id="YNBO181_001_39948">
        <From>
          <StopPointRef>3290YYA00130</StopPointRef>
        </From>
        <To>
          <StopPointRef>3290YYA00094</StopPointRef>
        </To>
        <Direction>outbound</Direction>
      </RouteLink>
      <RouteLink id="YNBO181_001_39949">
        <From>
          <StopPointRef>3290YYA00094</StopPointRef>
        </From>
        <To>
          <StopPointRef>3290YYA00097</StopPointRef>
        </To>
        <Direction>outbound</Direction>
      </RouteLink>
      <RouteLink id="YNBO181_001_39950">
        <From>
          <StopPointRef>3290YYA00097</StopPointRef>
        </From>
        <To>
          <StopPointRef>3290YYA00168</StopPointRef>
        </To>
        <Direction>outbound</Direction>
      </RouteLink>
      <RouteLink id="YNBO181_001_39951">
        <From>
          <StopPointRef>3290YYA00168</StopPointRef>
        </From>
        <To>
          <StopPointRef>3290YYA00103</StopPointRef>
        </To>
        <Direction>outbound</Direction>
      </RouteLink>
      <RouteLink id="YNBO181_001_39952">
        <From>
          <StopPointRef>3290YYA00103</StopPointRef>
        </From>
        <To>
          <StopPointRef>3290YYA00109</StopPointRef>
        </To>
        <Direction>outbound</Direction>
      </RouteLink>
      <RouteLink id="YNBO181_001_39953">
        <From>
          <StopPointRef>3290YYA00109</StopPointRef>
        </From>
        <To>
          <StopPointRef>3290YYA00113</StopPointRef>
        </To>
        <Direction>outbound</Direction>
      </RouteLink>
      <RouteLink id="YNBO181_001_39954">
        <From>
          <StopPointRef>3290YYA00113</StopPointRef>
        </From>
        <To>
          <StopPointRef>3290YYA00213</StopPointRef>
        </To>
        <Direction>outbound</Direction>
      </RouteLink>
      <RouteLink id="YNBO181_001_39955">
        <From>
          <StopPointRef>3290YYA00213</StopPointRef>
        </From>
        <To>
          <StopPointRef>3290YYA00214</StopPointRef>
        </To>
        <Direction>outbound</Direction>
      </RouteLink>
      <RouteLink id="YNBO181_001_39956">
        <From>
          <StopPointRef>3290YYA00214</StopPointRef>
        </From>
        <To>
          <StopPointRef>3290YYA00189</StopPointRef>
        </To>
        <Direction>outbound</Direction>
      </RouteLink>
      <RouteLink id="YNBO181_001_39957">
        <From>
          <StopPointRef>3290YYA00189</StopPointRef>
        </From>
        <To>
          <StopPointRef>3290YYA01005</StopPointRef>
        </To>
        <Direction>outbound</Direction>
      </RouteLink>
      <RouteLink id="YNBO181_001_39958">
        <From>
          <StopPointRef>3290YYA01005</StopPointRef>
        </From>
        <To>
          <StopPointRef>3290YYA00452</StopPointRef>
        </To>
        <Direction>outbound</Direction>
      </RouteLink>
      <RouteLink id="YNBO181_001_39959">
        <From>
          <StopPointRef>3290YYA00452</StopPointRef>
        </From>
        <To>
          <StopPointRef>3290YYA00450</StopPointRef>
        </To>
        <Direction>outbound</Direction>
      </RouteLink>
      <RouteLink id="YNBO181_001_39960">
        <From>
          <StopPointRef>3290YYA00450</StopPointRef>
        </From>
        <To>
          <StopPointRef>3290YYA00468</StopPointRef>
        </To>
        <Direction>outbound</Direction>
      </RouteLink>
      <RouteLink id="YNBO181_001_39961">
        <From>
          <StopPointRef>3290YYA00468</StopPointRef>
        </From>
        <To>
          <StopPointRef>3290YYA00470</StopPointRef>
        </To>
        <Direction>outbound</Direction>
      </RouteLink>
      <RouteLink id="YNBO181_001_39962">
        <From>
          <StopPointRef>3290YYA00470</StopPointRef>
        </From>
        <To>
          <StopPointRef>3290YYA00998</StopPointRef>
        </To>
        <Direction>outbound</Direction>
      </RouteLink>
      <RouteLink id="YNBO181_001_39963">
        <From>
          <StopPointRef>3290YYA00998</StopPointRef>
        </From>
        <To>
          <StopPointRef>3290YYA01644</StopPointRef>
        </To>
        <Direction>outbound</Direction>
      </RouteLink>
      <RouteLink id="YNBO181_001_39964">
        <From>
          <StopPointRef>3290YYA01644</StopPointRef>
        </From>
        <To>
          <StopPointRef>3290YYA01615</StopPointRef>
        </To>
        <Direction>outbound</Direction>
      </RouteLink>
      <RouteLink id="YNBO181_001_39965">
        <From>
          <StopPointRef>3290YYA01615</StopPointRef>
        </From>
        <To>
          <StopPointRef>3200YNE04376</StopPointRef>
        </To>
        <Direction>outbound</Direction>
      </RouteLink>
      <RouteLink id="YNBO181_001_39966">
        <From>
          <StopPointRef>3200YNE04376</StopPointRef>
        </From>
        <To>
          <StopPointRef>3200YNE04378</StopPointRef>
        </To>
        <Direction>outbound</Direction>
      </RouteLink>
      <RouteLink id="YNBO181_001_39967">
        <From>
          <StopPointRef>3200YNE04378</StopPointRef>
        </From>
        <To>
          <StopPointRef>3200YNE04380</StopPointRef>
        </To>
        <Direction>outbound</Direction>
      </RouteLink>
      <RouteLink id="YNBO181_001_39968">
        <From>
          <StopPointRef>3200YNE04380</StopPointRef>
        </From>
        <To>
          <StopPointRef>3200YNE04382</StopPointRef>
        </To>
        <Direction>outbound</Direction>
      </RouteLink>
      <RouteLink id="YNBO181_001_39969">
        <From>
          <StopPointRef>3200YNE04382</StopPointRef>
        </From>
        <To>
          <StopPointRef>3200YNE04384</StopPointRef>
        </To>
        <Direction>outbound</Direction>
      </RouteLink>
      <RouteLink id="YNBO181_001_39970">
        <From>
          <StopPointRef>3200YNE04384</StopPointRef>
        </From>
        <To>
          <StopPointRef>3200YNE04393</StopPointRef>
        </To>
        <Direction>outbound</Direction>
      </RouteLink>
      <RouteLink id="YNBO181_001_39971">
        <From>
          <StopPointRef>3200YNE04393</StopPointRef>
        </From>
        <To>
          <StopPointRef>3200YNA05105</StopPointRef>
        </To>
        <Direction>outbound</Direction>
      </RouteLink>
      <RouteLink id="YNBO181_001_39972">
        <From>
          <StopPointRef>3200YNA05105</StopPointRef>
        </From>
        <To>
          <StopPointRef>3200YNA05104</StopPointRef>
        </To>
        <Direction>outbound</Direction>
      </RouteLink>
    </RouteSection>
    <RouteSection id="YNBO181_002">
      <RouteLink id="YNBO181_002_39974">
        <From>
          <StopPointRef>3200YNA05104</StopPointRef>
        </From>
        <To>
          <StopPointRef>3200YNA05105</StopPointRef>
        </To>
        <Direction>inbound</Direction>
      </RouteLink>
      <RouteLink id="YNBO181_002_39975">
        <From>
          <StopPointRef>3200YNA05105</StopPointRef>
        </From>
        <To>
          <StopPointRef>3200YNE04392</StopPointRef>
        </To>
        <Direction>inbound</Direction>
      </RouteLink>
      <RouteLink id="YNBO181_002_39976">
        <From>
          <StopPointRef>3200YNE04392</StopPointRef>
        </From>
        <To>
          <StopPointRef>3200YNE04387</StopPointRef>
        </To>
        <Direction>inbound</Direction>
      </RouteLink>
      <RouteLink id="YNBO181_002_39977">
        <From>
          <StopPointRef>3200YNE04387</StopPointRef>
        </From>
        <To>
          <StopPointRef>3200YNE04385</StopPointRef>
        </To>
        <Direction>inbound</Direction>
      </RouteLink>
      <RouteLink id="YNBO181_002_39978">
        <From>
          <StopPointRef>3200YNE04385</StopPointRef>
        </From>
        <To>
          <StopPointRef>3200YNE04383</StopPointRef>
        </To>
        <Direction>inbound</Direction>
      </RouteLink>
      <RouteLink id="YNBO181_002_39979">
        <From>
          <StopPointRef>3200YNE04383</StopPointRef>
        </From>
        <To>
          <StopPointRef>3200YNE04381</StopPointRef>
        </To>
        <Direction>inbound</Direction>
      </RouteLink>
      <RouteLink id="YNBO181_002_39980">
        <From>
          <StopPointRef>3200YNE04381</StopPointRef>
        </From>
        <To>
          <StopPointRef>3200YNE04379</StopPointRef>
        </To>
        <Direction>inbound</Direction>
      </RouteLink>
      <RouteLink id="YNBO181_002_39981">
        <From>
          <StopPointRef>3200YNE04379</StopPointRef>
        </From>
        <To>
          <StopPointRef>3200YNE04377</StopPointRef>
        </To>
        <Direction>inbound</Direction>
      </RouteLink>
      <RouteLink id="YNBO181_002_39982">
        <From>
          <StopPointRef>3200YNE04377</StopPointRef>
        </From>
        <To>
          <StopPointRef>3290YYA01616</StopPointRef>
        </To>
        <Direction>inbound</Direction>
      </RouteLink>
      <RouteLink id="YNBO181_002_39983">
        <From>
          <StopPointRef>3290YYA01616</StopPointRef>
        </From>
        <To>
          <StopPointRef>3290YYA01645</StopPointRef>
        </To>
        <Direction>inbound</Direction>
      </RouteLink>
      <RouteLink id="YNBO181_002_39984">
        <From>
          <StopPointRef>3290YYA01645</StopPointRef>
        </From>
        <To>
          <StopPointRef>3290YYA00918</StopPointRef>
        </To>
        <Direction>inbound</Direction>
      </RouteLink>
      <RouteLink id="YNBO181_002_39985">
        <From>
          <StopPointRef>3290YYA00918</StopPointRef>
        </From>
        <To>
          <StopPointRef>3290YYA00467</StopPointRef>
        </To>
        <Direction>inbound</Direction>
      </RouteLink>
      <RouteLink id="YNBO181_002_39986">
        <From>
          <StopPointRef>3290YYA00467</StopPointRef>
        </From>
        <To>
          <StopPointRef>3290YYA01579</StopPointRef>
        </To>
        <Direction>inbound</Direction>
      </RouteLink>
      <RouteLink id="YNBO181_002_39987">
        <From>
          <StopPointRef>3290YYA01579</StopPointRef>
        </From>
        <To>
          <StopPointRef>3290YYA00451</StopPointRef>
        </To>
        <Direction>inbound</Direction>
      </RouteLink>
      <RouteLink id="YNBO181_002_39988">
        <From>
          <StopPointRef>3290YYA00451</StopPointRef>
        </From>
        <To>
          <StopPointRef>3290YYA00190</StopPointRef>
        </To>
        <Direction>inbound</Direction>
      </RouteLink>
      <RouteLink id="YNBO181_002_39989">
        <From>
          <StopPointRef>3290YYA00190</StopPointRef>
        </From>
        <To>
          <StopPointRef>3290YYA00191</StopPointRef>
        </To>
        <Direction>inbound</Direction>
      </RouteLink>
      <RouteLink id="YNBO181_002_39990">
        <From>
          <StopPointRef>3290YYA00191</StopPointRef>
        </From>
        <To>
          <StopPointRef>3290YYA00856</StopPointRef>
        </To>
        <Direction>inbound</Direction>
      </RouteLink>
      <RouteLink id="YNBO181_002_39991">
        <From>
          <StopPointRef>3290YYA00856</StopPointRef>
        </From>
        <To>
          <StopPointRef>3290YYA00114</StopPointRef>
        </To>
        <Direction>inbound</Direction>
      </RouteLink>
      <RouteLink id="YNBO181_002_39992">
        <From>
          <StopPointRef>3290YYA00114</StopPointRef>
        </From>
        <To>
          <StopPointRef>3290YYA00111</StopPointRef>
        </To>
        <Direction>inbound</Direction>
      </RouteLink>
      <RouteLink id="YNBO181_002_39993">
        <From>
          <StopPointRef>3290YYA00111</StopPointRef>
        </From>
        <To>
          <StopPointRef>3290YYA00101</StopPointRef>
        </To>
        <Direction>inbound</Direction>
      </RouteLink>
      <RouteLink id="YNBO181_002_39994">
        <From>
          <StopPointRef>3290YYA00101</StopPointRef>
        </From>
        <To>
          <StopPointRef>3290YYA00095</StopPointRef>
        </To>
        <Direction>inbound</Direction>
      </RouteLink>
      <RouteLink id="YNBO181_002_39995">
        <From>
          <StopPointRef>3290YYA00095</StopPointRef>
        </From>
        <To>
          <StopPointRef>3290YYA00130</StopPointRef>
        </To>
        <Direction>inbound</Direction>
      </RouteLink>
    </RouteSection>
  </RouteSections>
  <Routes>
    <Route id="YNBO181_001">
      <Description>York - Castle Howard
</Description>
      <RouteSectionRef>YNBO181_001</RouteSectionRef>
    </Route>
    <Route id="YNBO181_002">
      <Description>Castle Howard - York
</Description>
      <RouteSectionRef>YNBO181_002</RouteSectionRef>
    </Route>
  </Routes>
  <JourneyPatternSections>
    <JourneyPatternSection id="JPS_YNBO181-3">
      <JourneyPatternTimingLink id="JPS_YNBO181-3_39948">
        <From>
          <StopPointRef>3290YYA00130</StopPointRef>
          <TimingStatus>PTP</TimingStatus>
        </From>
        <To>
          <StopPointRef>3290YYA00094</StopPointRef>
          <TimingStatus>OTH</TimingStatus>
        </To>
        <RouteLinkRef>YNBO181_001_39948</RouteLinkRef>
        <Direction>outbound</Direction>
        <RunTime>PT60S</RunTime>
      </JourneyPatternTimingLink>
      <JourneyPatternTimingLink id="JPS_YNBO181-3_39949">
        <From>
          <StopPointRef>3290YYA00094</StopPointRef>
          <TimingStatus>OTH</TimingStatus>
        </From>
        <To>
          <StopPointRef>3290YYA00097</StopPointRef>
          <TimingStatus>OTH</TimingStatus>
        </To>
        <RouteLinkRef>YNBO181_001_39949</RouteLinkRef>
        <Direction>outbound</Direction>
        <RunTime>PT120S</RunTime>
      </JourneyPatternTimingLink>
      <JourneyPatternTimingLink id="JPS_YNBO181-3_39950">
        <From>
          <StopPointRef>3290YYA00097</StopPointRef>
          <TimingStatus>OTH</TimingStatus>
        </From>
        <To>
          <StopPointRef>3290YYA00168</StopPointRef>
          <TimingStatus>OTH</TimingStatus>
        </To>
        <RouteLinkRef>YNBO181_001_39950</RouteLinkRef>
        <Direction>outbound</Direction>
        <RunTime>PT180S</RunTime>
      </JourneyPatternTimingLink>
      <JourneyPatternTimingLink id="JPS_YNBO181-3_39951">
        <From>
          <StopPointRef>3290YYA00168</StopPointRef>
          <TimingStatus>OTH</TimingStatus>
        </From>
        <To>
          <StopPointRef>3290YYA00103</StopPointRef>
          <TimingStatus>OTH</TimingStatus>
        </To>
        <RouteLinkRef>YNBO181_001_39951</RouteLinkRef>
        <Direction>outbound</Direction>
        <RunTime>PT120S</RunTime>
      </JourneyPatternTimingLink>
      <JourneyPatternTimingLink id="JPS_YNBO181-3_39952">
        <From>
          <StopPointRef>3290YYA00103</StopPointRef>
          <TimingStatus>OTH</TimingStatus>
        </From>
        <To>
          <StopPointRef>3290YYA00109</StopPointRef>
          <TimingStatus>PTP</TimingStatus>
        </To>
        <RouteLinkRef>YNBO181_001_39952</RouteLinkRef>
        <Direction>outbound</Direction>
        <RunTime>PT120S</RunTime>
      </JourneyPatternTimingLink>
      <JourneyPatternTimingLink id="JPS_YNBO181-3_39953">
        <From>
          <StopPointRef>3290YYA00109</StopPointRef>
          <TimingStatus>PTP</TimingStatus>
        </From>
        <To>
          <StopPointRef>3290YYA00113</StopPointRef>
          <TimingStatus>OTH</TimingStatus>
        </To>
        <RouteLinkRef>YNBO181_001_39953</RouteLinkRef>
        <Direction>outbound</Direction>
        <RunTime>PT0S</RunTime>
      </JourneyPatternTimingLink>
      <JourneyPatternTimingLink id="JPS_YNBO181-3_39954">
        <From>
          <StopPointRef>3290YYA00113</StopPointRef>
          <TimingStatus>OTH</TimingStatus>
        </From>
        <To>
          <StopPointRef>3290YYA00213</StopPointRef>
          <TimingStatus>OTH</TimingStatus>
        </To>
        <RouteLinkRef>YNBO181_001_39954</RouteLinkRef>
        <Direction>outbound</Direction>
        <RunTime>PT120S</RunTime>
      </JourneyPatternTimingLink>
      <JourneyPatternTimingLink id="JPS_YNBO181-3_39955">
        <From>
          <StopPointRef>3290YYA00213</StopPointRef>
          <TimingStatus>OTH</TimingStatus>
        </From>
        <To>
          <StopPointRef>3290YYA00214</StopPointRef>
          <TimingStatus>OTH</TimingStatus>
        </To>
        <RouteLinkRef>YNBO181_001_39955</RouteLinkRef>
        <Direction>outbound</Direction>
        <RunTime>PT0S</RunTime>
      </JourneyPatternTimingLink>
      <JourneyPatternTimingLink id="JPS_YNBO181-3_39956">
        <From>
          <StopPointRef>3290YYA00214</StopPointRef>
          <TimingStatus>OTH</TimingStatus>
        </From>
        <To>
          <StopPointRef>3290YYA00189</StopPointRef>
          <TimingStatus>OTH</TimingStatus>
        </To>
        <RouteLinkRef>YNBO181_001_39956</RouteLinkRef>
        <Direction>outbound</Direction>
        <RunTime>PT60S</RunTime>
      </JourneyPatternTimingLink>
      <JourneyPatternTimingLink id="JPS_YNBO181-3_39957">
        <From>
          <StopPointRef>3290YYA00189</StopPointRef>
          <TimingStatus>OTH</TimingStatus>
        </From>
        <To>
          <StopPointRef>3290YYA01005</StopPointRef>
          <TimingStatus>PTP</TimingStatus>
        </To>
        <RouteLinkRef>YNBO181_001_39957</RouteLinkRef>
        <Direction>outbound</Direction>
        <RunTime>PT120S</RunTime>
      </JourneyPatternTimingLink>
      <JourneyPatternTimingLink id="JPS_YNBO181-3_39958">
        <From>
          <StopPointRef>3290YYA01005</StopPointRef>
          <TimingStatus>PTP</TimingStatus>
        </From>
        <To>
          <StopPointRef>3290YYA00452</StopPointRef>
          <TimingStatus>OTH</TimingStatus>
        </To>
        <RouteLinkRef>YNBO181_001_39958</RouteLinkRef>
        <Direction>outbound</Direction>
        <RunTime>PT0S</RunTime>
      </JourneyPatternTimingLink>
      <JourneyPatternTimingLink id="JPS_YNBO181-3_39959">
        <From>
          <StopPointRef>3290YYA00452</StopPointRef>
          <TimingStatus>OTH</TimingStatus>
        </From>
        <To>
          <StopPointRef>3290YYA00450</StopPointRef>
          <TimingStatus>OTH</TimingStatus>
        </To>
        <RouteLinkRef>YNBO181_001_39959</RouteLinkRef>
        <Direction>outbound</Direction>
        <RunTime>PT0S</RunTime>
      </JourneyPatternTimingLink>
      <JourneyPatternTimingLink id="JPS_YNBO181-3_39960">
        <From>
          <StopPointRef>3290YYA00450</StopPointRef>
          <TimingStatus>OTH</TimingStatus>
        </From>
        <To>
          <StopPointRef>3290YYA00468</StopPointRef>
          <TimingStatus>OTH</TimingStatus>
        </To>
        <RouteLinkRef>YNBO181_001_39960</RouteLinkRef>
        <Direction>outbound</Direction>
        <RunTime>PT60S</RunTime>
      </JourneyPatternTimingLink>
      <JourneyPatternTimingLink id="JPS_YNBO181-3_39961">
        <From>
          <StopPointRef>3290YYA00468</StopPointRef>
          <TimingStatus>OTH</TimingStatus>
        </From>
        <To>
          <StopPointRef>3290YYA00470</StopPointRef>
          <TimingStatus>OTH</TimingStatus>
        </To>
        <RouteLinkRef>YNBO181_001_39961</RouteLinkRef>
        <Direction>outbound</Direction>
        <RunTime>PT0S</RunTime>
      </JourneyPatternTimingLink>
      <JourneyPatternTimingLink id="JPS_YNBO181-3_39962">
        <From>
          <StopPointRef>3290YYA00470</StopPointRef>
          <TimingStatus>OTH</TimingStatus>
        </From>
        <To>
          <StopPointRef>3290YYA00998</StopPointRef>
          <TimingStatus>PTP</TimingStatus>
        </To>
        <RouteLinkRef>YNBO181_001_39962</RouteLinkRef>
        <Direction>outbound</Direction>
        <RunTime>PT180S</RunTime>
      </JourneyPatternTimingLink>
      <JourneyPatternTimingLink id="JPS_YNBO181-3_39963">
        <From>
          <StopPointRef>3290YYA00998</StopPointRef>
          <TimingStatus>PTP</TimingStatus>
        </From>
        <To>
          <StopPointRef>3290YYA01644</StopPointRef>
          <TimingStatus>OTH</TimingStatus>
        </To>
        <RouteLinkRef>YNBO181_001_39963</RouteLinkRef>
        <Direction>outbound</Direction>
        <RunTime>PT240S</RunTime>
      </JourneyPatternTimingLink>
      <JourneyPatternTimingLink id="JPS_YNBO181-3_39964">
        <From>
          <StopPointRef>3290YYA01644</StopPointRef>
          <TimingStatus>OTH</TimingStatus>
        </From>
        <To>
          <StopPointRef>3290YYA01615</StopPointRef>
          <TimingStatus>OTH</TimingStatus>
        </To>
        <RouteLinkRef>YNBO181_001_39964</RouteLinkRef>
        <Direction>outbound</Direction>
        <RunTime>PT60S</RunTime>
      </JourneyPatternTimingLink>
      <JourneyPatternTimingLink id="JPS_YNBO181-3_39965">
        <From>
          <StopPointRef>3290YYA01615</StopPointRef>
          <TimingStatus>OTH</TimingStatus>
        </From>
        <To>
          <StopPointRef>3200YNE04376</StopPointRef>
          <TimingStatus>PTP</TimingStatus>
        </To>
        <RouteLinkRef>YNBO181_001_39965</RouteLinkRef>
        <Direction>outbound</Direction>
        <RunTime>PT180S</RunTime>
      </JourneyPatternTimingLink>
      <JourneyPatternTimingLink id="JPS_YNBO181-3_39966">
        <From>
          <StopPointRef>3200YNE04376</StopPointRef>
          <TimingStatus>PTP</TimingStatus>
        </From>
        <To>
          <StopPointRef>3200YNE04378</StopPointRef>
          <TimingStatus>PTP</TimingStatus>
        </To>
        <RouteLinkRef>YNBO181_001_39966</RouteLinkRef>
        <Direction>outbound</Direction>
        <RunTime>PT180S</RunTime>
      </JourneyPatternTimingLink>
      <JourneyPatternTimingLink id="JPS_YNBO181-3_39967">
        <From>
          <StopPointRef>3200YNE04378</StopPointRef>
          <TimingStatus>PTP</TimingStatus>
        </From>
        <To>
          <StopPointRef>3200YNE04380</StopPointRef>
          <TimingStatus>PTP</TimingStatus>
        </To>
        <RouteLinkRef>YNBO181_001_39967</RouteLinkRef>
        <Direction>outbound</Direction>
        <RunTime>PT300S</RunTime>
      </JourneyPatternTimingLink>
      <JourneyPatternTimingLink id="JPS_YNBO181-3_39968">
        <From>
          <StopPointRef>3200YNE04380</StopPointRef>
          <TimingStatus>PTP</TimingStatus>
        </From>
        <To>
          <StopPointRef>3200YNE04382</StopPointRef>
          <TimingStatus>PTP</TimingStatus>
        </To>
        <RouteLinkRef>YNBO181_001_39968</RouteLinkRef>
        <Direction>outbound</Direction>
        <RunTime>PT360S</RunTime>
      </JourneyPatternTimingLink>
      <JourneyPatternTimingLink id="JPS_YNBO181-3_39969">
        <From>
          <StopPointRef>3200YNE04382</StopPointRef>
          <TimingStatus>PTP</TimingStatus>
        </From>
        <To>
          <StopPointRef>3200YNE04384</StopPointRef>
          <TimingStatus>PTP</TimingStatus>
        </To>
        <RouteLinkRef>YNBO181_001_39969</RouteLinkRef>
        <Direction>outbound</Direction>
        <RunTime>PT120S</RunTime>
      </JourneyPatternTimingLink>
      <JourneyPatternTimingLink id="JPS_YNBO181-3_39970">
        <From>
          <StopPointRef>3200YNE04384</StopPointRef>
          <TimingStatus>PTP</TimingStatus>
        </From>
        <To>
          <StopPointRef>3200YNE04393</StopPointRef>
          <TimingStatus>PTP</TimingStatus>
        </To>
        <RouteLinkRef>YNBO181_001_39970</RouteLinkRef>
        <Direction>outbound</Direction>
        <RunTime>PT420S</RunTime>
      </JourneyPatternTimingLink>
      <JourneyPatternTimingLink id="JPS_YNBO181-3_39971">
        <From>
          <StopPointRef>3200YNE04393</StopPointRef>
          <TimingStatus>PTP</TimingStatus>
        </From>
        <To>
          <StopPointRef>3200YNA05105</StopPointRef>
          <TimingStatus>OTH</TimingStatus>
        </To>
        <RouteLinkRef>YNBO181_001_39971</RouteLinkRef>
        <Direction>outbound</Direction>
        <RunTime>PT240S</RunTime>
      </JourneyPatternTimingLink>
      <JourneyPatternTimingLink id="JPS_YNBO181-3_39972">
        <From>
          <StopPointRef>3200YNA05105</StopPointRef>
          <TimingStatus>OTH</TimingStatus>
        </From>
        <To>
          <StopPointRef>3200YNA05104</StopPointRef>
          <TimingStatus>PTP</TimingStatus>
        </To>
        <RouteLinkRef>YNBO181_001_39972</RouteLinkRef>
        <Direction>outbound</Direction>
        <RunTime>PT120S</RunTime>
      </JourneyPatternTimingLink>
    </JourneyPatternSection>
    <JourneyPatternSection id="JPS_YNBO181-4">
      <JourneyPatternTimingLink id="JPS_YNBO181-4_39974">
        <From>
          <StopPointRef>3200YNA05104</StopPointRef>
          <TimingStatus>PTP</TimingStatus>
        </From>
        <To>
          <StopPointRef>3200YNA05105</StopPointRef>
          <TimingStatus>OTH</TimingStatus>
        </To>
        <RouteLinkRef>YNBO181_002_39974</RouteLinkRef>
        <Direction>inbound</Direction>
        <RunTime>PT60S</RunTime>
      </JourneyPatternTimingLink>
      <JourneyPatternTimingLink id="JPS_YNBO181-4_39975">
        <From>
          <StopPointRef>3200YNA05105</StopPointRef>
          <TimingStatus>OTH</TimingStatus>
        </From>
        <To>
          <StopPointRef>3200YNE04392</StopPointRef>
          <TimingStatus>PTP</TimingStatus>
        </To>
        <RouteLinkRef>YNBO181_002_39975</RouteLinkRef>
        <Direction>inbound</Direction>
        <RunTime>PT300S</RunTime>
      </JourneyPatternTimingLink>
      <JourneyPatternTimingLink id="JPS_YNBO181-4_39976">
        <From>
          <StopPointRef>3200YNE04392</StopPointRef>
          <TimingStatus>PTP</TimingStatus>
        </From>
        <To>
          <StopPointRef>3200YNE04387</StopPointRef>
          <TimingStatus>OTH</TimingStatus>
        </To>
        <RouteLinkRef>YNBO181_002_39976</RouteLinkRef>
        <Direction>inbound</Direction>
        <RunTime>PT360S</RunTime>
      </JourneyPatternTimingLink>
      <JourneyPatternTimingLink id="JPS_YNBO181-4_39977">
        <From>
          <StopPointRef>3200YNE04387</StopPointRef>
          <TimingStatus>OTH</TimingStatus>
        </From>
        <To>
          <StopPointRef>3200YNE04385</StopPointRef>
          <TimingStatus>PTP</TimingStatus>
        </To>
        <RouteLinkRef>YNBO181_002_39977</RouteLinkRef>
        <Direction>inbound</Direction>
        <RunTime>PT60S</RunTime>
      </JourneyPatternTimingLink>
      <JourneyPatternTimingLink id="JPS_YNBO181-4_39978">
        <From>
          <StopPointRef>3200YNE04385</StopPointRef>
          <TimingStatus>PTP</TimingStatus>
        </From>
        <To>
          <StopPointRef>3200YNE04383</StopPointRef>
          <TimingStatus>PTP</TimingStatus>
        </To>
        <RouteLinkRef>YNBO181_002_39978</RouteLinkRef>
        <Direction>inbound</Direction>
        <RunTime>PT120S</RunTime>
      </JourneyPatternTimingLink>
      <JourneyPatternTimingLink id="JPS_YNBO181-4_39979">
        <From>
          <StopPointRef>3200YNE04383</StopPointRef>
          <TimingStatus>PTP</TimingStatus>
        </From>
        <To>
          <StopPointRef>3200YNE04381</StopPointRef>
          <TimingStatus>PTP</TimingStatus>
        </To>
        <RouteLinkRef>YNBO181_002_39979</RouteLinkRef>
        <Direction>inbound</Direction>
        <RunTime>PT360S</RunTime>
      </JourneyPatternTimingLink>
      <JourneyPatternTimingLink id="JPS_YNBO181-4_39980">
        <From>
          <StopPointRef>3200YNE04381</StopPointRef>
          <TimingStatus>PTP</TimingStatus>
        </From>
        <To>
          <StopPointRef>3200YNE04379</StopPointRef>
          <TimingStatus>PTP</TimingStatus>
        </To>
        <RouteLinkRef>YNBO181_002_39980</RouteLinkRef>
        <Direction>inbound</Direction>
        <RunTime>PT300S</RunTime>
      </JourneyPatternTimingLink>
      <JourneyPatternTimingLink id="JPS_YNBO181-4_39981">
        <From>
          <StopPointRef>3200YNE04379</StopPointRef>
          <TimingStatus>PTP</TimingStatus>
        </From>
        <To>
          <StopPointRef>3200YNE04377</StopPointRef>
          <TimingStatus>PTP</TimingStatus>
        </To>
        <RouteLinkRef>YNBO181_002_39981</RouteLinkRef>
        <Direction>inbound</Direction>
        <RunTime>PT180S</RunTime>
      </JourneyPatternTimingLink>
      <JourneyPatternTimingLink id="JPS_YNBO181-4_39982">
        <From>
          <StopPointRef>3200YNE04377</StopPointRef>
          <TimingStatus>PTP</TimingStatus>
        </From>
        <To>
          <StopPointRef>3290YYA01616</StopPointRef>
          <TimingStatus>OTH</TimingStatus>
        </To>
        <RouteLinkRef>YNBO181_002_39982</RouteLinkRef>
        <Direction>inbound</Direction>
        <RunTime>PT120S</RunTime>
      </JourneyPatternTimingLink>
      <JourneyPatternTimingLink id="JPS_YNBO181-4_39983">
        <From>
          <StopPointRef>3290YYA01616</StopPointRef>
          <TimingStatus>OTH</TimingStatus>
        </From>
        <To>
          <StopPointRef>3290YYA01645</StopPointRef>
          <TimingStatus>OTH</TimingStatus>
        </To>
        <RouteLinkRef>YNBO181_002_39983</RouteLinkRef>
        <Direction>inbound</Direction>
        <RunTime>PT60S</RunTime>
      </JourneyPatternTimingLink>
      <JourneyPatternTimingLink id="JPS_YNBO181-4_39984">
        <From>
          <StopPointRef>3290YYA01645</StopPointRef>
          <TimingStatus>OTH</TimingStatus>
        </From>
        <To>
          <StopPointRef>3290YYA00918</StopPointRef>
          <TimingStatus>PTP</TimingStatus>
        </To>
        <RouteLinkRef>YNBO181_002_39984</RouteLinkRef>
        <Direction>inbound</Direction>
        <RunTime>PT300S</RunTime>
      </JourneyPatternTimingLink>
      <JourneyPatternTimingLink id="JPS_YNBO181-4_39985">
        <From>
          <StopPointRef>3290YYA00918</StopPointRef>
          <TimingStatus>PTP</TimingStatus>
        </From>
        <To>
          <StopPointRef>3290YYA00467</StopPointRef>
          <TimingStatus>OTH</TimingStatus>
        </To>
        <RouteLinkRef>YNBO181_002_39985</RouteLinkRef>
        <Direction>inbound</Direction>
        <RunTime>PT180S</RunTime>
      </JourneyPatternTimingLink>
      <JourneyPatternTimingLink id="JPS_YNBO181-4_39986">
        <From>
          <StopPointRef>3290YYA00467</StopPointRef>
          <TimingStatus>OTH</TimingStatus>
        </From>
        <To>
          <StopPointRef>3290YYA01579</StopPointRef>
          <TimingStatus>OTH</TimingStatus>
        </To>
        <RouteLinkRef>YNBO181_002_39986</RouteLinkRef>
        <Direction>inbound</Direction>
        <RunTime>PT0S</RunTime>
      </JourneyPatternTimingLink>
      <JourneyPatternTimingLink id="JPS_YNBO181-4_39987">
        <From>
          <StopPointRef>3290YYA01579</StopPointRef>
          <TimingStatus>OTH</TimingStatus>
        </From>
        <To>
          <StopPointRef>3290YYA00451</StopPointRef>
          <TimingStatus>OTH</TimingStatus>
        </To>
        <RouteLinkRef>YNBO181_002_39987</RouteLinkRef>
        <Direction>inbound</Direction>
        <RunTime>PT60S</RunTime>
      </JourneyPatternTimingLink>
      <JourneyPatternTimingLink id="JPS_YNBO181-4_39988">
        <From>
          <StopPointRef>3290YYA00451</StopPointRef>
          <TimingStatus>OTH</TimingStatus>
        </From>
        <To>
          <StopPointRef>3290YYA00190</StopPointRef>
          <TimingStatus>PTP</TimingStatus>
        </To>
        <RouteLinkRef>YNBO181_002_39988</RouteLinkRef>
        <Direction>inbound</Direction>
        <RunTime>PT60S</RunTime>
      </JourneyPatternTimingLink>
      <JourneyPatternTimingLink id="JPS_YNBO181-4_39989">
        <From>
          <StopPointRef>3290YYA00190</StopPointRef>
          <TimingStatus>PTP</TimingStatus>
        </From>
        <To>
          <StopPointRef>3290YYA00191</StopPointRef>
          <TimingStatus>OTH</TimingStatus>
        </To>
        <RouteLinkRef>YNBO181_002_39989</RouteLinkRef>
        <Direction>inbound</Direction>
        <RunTime>PT60S</RunTime>
      </JourneyPatternTimingLink>
      <JourneyPatternTimingLink id="JPS_YNBO181-4_39990">
        <From>
          <StopPointRef>3290YYA00191</StopPointRef>
          <TimingStatus>OTH</TimingStatus>
        </From>
        <To>
          <StopPointRef>3290YYA00856</StopPointRef>
          <TimingStatus>OTH</TimingStatus>
        </To>
        <RouteLinkRef>YNBO181_002_39990</RouteLinkRef>
        <Direction>inbound</Direction>
        <RunTime>PT60S</RunTime>
      </JourneyPatternTimingLink>
      <JourneyPatternTimingLink id="JPS_YNBO181-4_39991">
        <From>
          <StopPointRef>3290YYA00856</StopPointRef>
          <TimingStatus>OTH</TimingStatus>
        </From>
        <To>
          <StopPointRef>3290YYA00114</StopPointRef>
          <TimingStatus>OTH</TimingStatus>
        </To>
        <RouteLinkRef>YNBO181_002_39991</RouteLinkRef>
        <Direction>inbound</Direction>
        <RunTime>PT60S</RunTime>
      </JourneyPatternTimingLink>
      <JourneyPatternTimingLink id="JPS_YNBO181-4_39992">
        <From>
          <StopPointRef>3290YYA00114</StopPointRef>
          <TimingStatus>OTH</TimingStatus>
        </From>
        <To>
          <StopPointRef>3290YYA00111</StopPointRef>
          <TimingStatus>PTP</TimingStatus>
        </To>
        <RouteLinkRef>YNBO181_002_39992</RouteLinkRef>
        <Direction>inbound</Direction>
        <RunTime>PT120S</RunTime>
      </JourneyPatternTimingLink>
      <JourneyPatternTimingLink id="JPS_YNBO181-4_39993">
        <From>
          <StopPointRef>3290YYA00111</StopPointRef>
          <TimingStatus>PTP</TimingStatus>
        </From>
        <To>
          <StopPointRef>3290YYA00101</StopPointRef>
          <TimingStatus>OTH</TimingStatus>
        </To>
        <RouteLinkRef>YNBO181_002_39993</RouteLinkRef>
        <Direction>inbound</Direction>
        <RunTime>PT120S</RunTime>
      </JourneyPatternTimingLink>
      <JourneyPatternTimingLink id="JPS_YNBO181-4_39994">
        <From>
          <StopPointRef>3290YYA00101</StopPointRef>
          <TimingStatus>OTH</TimingStatus>
        </From>
        <To>
          <StopPointRef>3290YYA00095</StopPointRef>
          <TimingStatus>OTH</TimingStatus>
        </To>
        <RouteLinkRef>YNBO181_002_39994</RouteLinkRef>
        <Direction>inbound</Direction>
        <RunTime>PT180S</RunTime>
      </JourneyPatternTimingLink>
      <JourneyPatternTimingLink id="JPS_YNBO181-4_39995">
        <From>
          <StopPointRef>3290YYA00095</StopPointRef>
          <TimingStatus>OTH</TimingStatus>
        </From>
        <To>
          <StopPointRef>3290YYA00130</StopPointRef>
          <TimingStatus>PTP</TimingStatus>
        </To>
        <RouteLinkRef>YNBO181_002_39995</RouteLinkRef>
        <Direction>inbound</Direction>
        <RunTime>PT60S</RunTime>
      </JourneyPatternTimingLink>
    </JourneyPatternSection>
  </JourneyPatternSections>
  <Operators>
    <Operator id="STE">
      <NationalOperatorCode>STEP</NationalOperatorCode>
      <OperatorCode>STE</OperatorCode>
      <OperatorShortName>Stephensons - Easingwold</OperatorShortName>
    </Operator>
  </Operators>
  <Services>
    <Service>
      <ServiceCode>YNBO181</ServiceCode>
      <Lines>
        <Line id="0">
          <LineName>181</LineName>
        </Line>
      </Lines>
      <OperatingPeriod>
        <StartDate>2017-04-20</StartDate>
        <EndDate>2017-09-26</EndDate>
      </OperatingPeriod>
      <RegisteredOperatorRef>STE</RegisteredOperatorRef>
      <StopRequirements>
        <NoNewStopsRequired />
      </StopRequirements>
      <Mode>bus</Mode>
      <Description>York - Castle Howard</Description>
      <StandardService>
        <Origin>York</Origin>
        <Destination>Castle Howard</Destination>
        <JourneyPattern id="JPS_YNBO181-3">
          <Direction>outbound</Direction>
          <JourneyPatternSectionRefs>JPS_YNBO181-3</JourneyPatternSectionRefs>
        </JourneyPattern>
        <JourneyPattern id="JPS_YNBO181-4">
          <Direction>inbound</Direction>
          <JourneyPatternSectionRefs>JPS_YNBO181-4</JourneyPatternSectionRefs>
        </JourneyPattern>
      </StandardService>
    </Service>
  </Services>
  <VehicleJourneys>
    <VehicleJourney>
      <OperatorRef>STE</OperatorRef>
      <OperatingProfile>
        <RegularDayType>
          <DaysOfWeek>
            <Sunday />
          </DaysOfWeek>
        </RegularDayType>
      </OperatingProfile>
      <VehicleJourneyCode>67244</VehicleJourneyCode>
      <ServiceRef>YNBO181</ServiceRef>
      <LineRef>0</LineRef>
      <JourneyPatternRef>JPS_YNBO181-3</JourneyPatternRef>
      <DepartureTime>16:00:00</DepartureTime>
    </VehicleJourney>
    <VehicleJourney>
      <OperatorRef>STE</OperatorRef>
      <OperatingProfile>
        <RegularDayType>
          <DaysOfWeek>
            <Sunday />
          </DaysOfWeek>
        </RegularDayType>
      </OperatingProfile>
      <VehicleJourneyCode>67245</VehicleJourneyCode>
      <ServiceRef>YNBO181</ServiceRef>
      <LineRef>0</LineRef>
      <JourneyPatternRef>JPS_YNBO181-4</JourneyPatternRef>
      <DepartureTime>11:00:00</DepartureTime>
    </VehicleJourney>
  </VehicleJourneys>
</TransXChange>