<?xml version="1.0" encoding="utf-8"?>
<TransXChange xmlns:xsd="http://www.w3.org/2001/XMLSchema" xmlns:xsi="http://www.w3.org/2001/XMLSchema-instance" xsi:schemaLocation="http://www.transxchange.org.uk/ http://www.transxchange.org.uk/schema/2.1/TransXChange_general.xsd" CreationDateTime="2017-09-18T09:39:00-00:00" ModificationDateTime="2017-09-18T09:39:00-00:00" Modification="new" RevisionNumber="0" FileName="SVRYNBM008.xml" SchemaVersion="2.1" RegistrationDocument="false" xmlns="http://www.transxchange.org.uk/">
  <StopPoints>
    <AnnotatedStopPointRef>
      <StopPointRef>3290YYA00895</StopPointRef>
      <CommonName>Water End</CommonName>
    </AnnotatedStopPointRef>
    <AnnotatedStopPointRef>
      <StopPointRef>3290YYA01647</StopPointRef>
      <CommonName>Landing Lane</CommonName>
    </AnnotatedStopPointRef>
    <AnnotatedStopPointRef>
      <StopPointRef>3290YYA00014</StopPointRef>
      <CommonName>Seldon Road</CommonName>
    </AnnotatedStopPointRef>
    <AnnotatedStopPointRef>
      <StopPointRef>3290YYA00016</StopPointRef>
      <CommonName>Grantham Drive</CommonName>
    </AnnotatedStopPointRef>
    <AnnotatedStopPointRef>
      <StopPointRef>3290YYA00019</StopPointRef>
      <CommonName>Holgate Park</CommonName>
    </AnnotatedStopPointRef>
    <AnnotatedStopPointRef>
      <StopPointRef>3290YYA00021</StopPointRef>
      <CommonName>Fox Inn</CommonName>
    </AnnotatedStopPointRef>
    <AnnotatedStopPointRef>
      <StopPointRef>3290YYA00195</StopPointRef>
      <CommonName>Holgate Hill</CommonName>
    </AnnotatedStopPointRef>
    <AnnotatedStopPointRef>
      <StopPointRef>3290YYA00194</StopPointRef>
      <CommonName>Cambridge Street</CommonName>
    </AnnotatedStopPointRef>
    <AnnotatedStopPointRef>
      <StopPointRef>3290YYA00152</StopPointRef>
      <CommonName>Blossom Street</CommonName>
    </AnnotatedStopPointRef>
    <AnnotatedStopPointRef>
      <StopPointRef>3290YYA01578</StopPointRef>
      <CommonName>Queen Street</CommonName>
    </AnnotatedStopPointRef>
    <AnnotatedStopPointRef>
      <StopPointRef>3290YYA00140</StopPointRef>
      <CommonName>Rail Station</CommonName>
    </AnnotatedStopPointRef>
    <AnnotatedStopPointRef>
      <StopPointRef>3290YYA00130</StopPointRef>
      <CommonName>Station Avenue</CommonName>
    </AnnotatedStopPointRef>
    <AnnotatedStopPointRef>
      <StopPointRef>3290YYA00118</StopPointRef>
      <CommonName>Exhibition Square</CommonName>
    </AnnotatedStopPointRef>
    <AnnotatedStopPointRef>
      <StopPointRef>3290YYA00182</StopPointRef>
      <CommonName>Gillygate</CommonName>
    </AnnotatedStopPointRef>
    <AnnotatedStopPointRef>
      <StopPointRef>3290YYA00213</StopPointRef>
      <CommonName>Monk Bar</CommonName>
    </AnnotatedStopPointRef>
    <AnnotatedStopPointRef>
      <StopPointRef>3290YYA00214</StopPointRef>
      <CommonName>Trinity Methodist Church</CommonName>
    </AnnotatedStopPointRef>
    <AnnotatedStopPointRef>
      <StopPointRef>3290YYA00189</StopPointRef>
      <CommonName>Monk Bridge</CommonName>
    </AnnotatedStopPointRef>
    <AnnotatedStopPointRef>
      <StopPointRef>3290YYA01005</StopPointRef>
      <CommonName>Shoulder of Mutton</CommonName>
    </AnnotatedStopPointRef>
    <AnnotatedStopPointRef>
      <StopPointRef>3290YYA00452</StopPointRef>
      <CommonName>Heworth Golf Course</CommonName>
    </AnnotatedStopPointRef>
    <AnnotatedStopPointRef>
      <StopPointRef>3290YYA00450</StopPointRef>
      <CommonName>Monk Stray</CommonName>
    </AnnotatedStopPointRef>
    <AnnotatedStopPointRef>
      <StopPointRef>3290YYA00468</StopPointRef>
      <CommonName>Laburnum Garth</CommonName>
    </AnnotatedStopPointRef>
    <AnnotatedStopPointRef>
      <StopPointRef>3290YYA00470</StopPointRef>
      <CommonName>Malton Road Garage</CommonName>
    </AnnotatedStopPointRef>
    <AnnotatedStopPointRef>
      <StopPointRef>3290YYA00998</StopPointRef>
      <CommonName>The Hopgrove</CommonName>
    </AnnotatedStopPointRef>
    <AnnotatedStopPointRef>
      <StopPointRef>3290YYA01644</StopPointRef>
      <CommonName>The Four Alls</CommonName>
    </AnnotatedStopPointRef>
    <AnnotatedStopPointRef>
      <StopPointRef>3290YYA01615</StopPointRef>
      <CommonName>FERA</CommonName>
    </AnnotatedStopPointRef>
    <AnnotatedStopPointRef>
      <StopPointRef>3200YNF10378</StopPointRef>
      <CommonName>Claxton Lane End</CommonName>
    </AnnotatedStopPointRef>
    <AnnotatedStopPointRef>
      <StopPointRef>3200YNF10379</StopPointRef>
      <CommonName>Flaxton Lane End</CommonName>
    </AnnotatedStopPointRef>
    <AnnotatedStopPointRef>
      <StopPointRef>3200YNF10380</StopPointRef>
      <CommonName>Harton Lane End</CommonName>
    </AnnotatedStopPointRef>
    <AnnotatedStopPointRef>
      <StopPointRef>3200YNF10381</StopPointRef>
      <CommonName>Jinnah Restaurant</CommonName>
    </AnnotatedStopPointRef>
    <AnnotatedStopPointRef>
      <StopPointRef>3200YNF10382</StopPointRef>
      <CommonName>A64 Eastbound</CommonName>
    </AnnotatedStopPointRef>
    <AnnotatedStopPointRef>
      <StopPointRef>3200YNF10383</StopPointRef>
      <CommonName>Whitwell Hill</CommonName>
    </AnnotatedStopPointRef>
    <AnnotatedStopPointRef>
      <StopPointRef>3200YNF10384</StopPointRef>
      <CommonName>Welburn Lodge</CommonName>
    </AnnotatedStopPointRef>
    <AnnotatedStopPointRef>
      <StopPointRef>3200YNF10385</StopPointRef>
      <CommonName>Crambeck</CommonName>
    </AnnotatedStopPointRef>
    <AnnotatedStopPointRef>
      <StopPointRef>3200YNF10386</StopPointRef>
      <CommonName>Huttons Ambo Lane End</CommonName>
    </AnnotatedStopPointRef>
    <AnnotatedStopPointRef>
      <StopPointRef>3200YNF10387</StopPointRef>
      <CommonName>York Road Ind Estate</CommonName>
    </AnnotatedStopPointRef>
    <AnnotatedStopPointRef>
      <StopPointRef>3200YNF10388</StopPointRef>
      <CommonName>Rockingham Close</CommonName>
    </AnnotatedStopPointRef>
    <AnnotatedStopPointRef>
      <StopPointRef>3200YNF10389</StopPointRef>
      <CommonName>The Mount</CommonName>
    </AnnotatedStopPointRef>
    <AnnotatedStopPointRef>
      <StopPointRef>3200YNF10001</StopPointRef>
      <CommonName>Bus Station Stand 3</CommonName>
    </AnnotatedStopPointRef>
    <AnnotatedStopPointRef>
      <StopPointRef>3200YNF10003</StopPointRef>
      <CommonName>Wells Lane</CommonName>
    </AnnotatedStopPointRef>
    <AnnotatedStopPointRef>
      <StopPointRef>3200YNF10316</StopPointRef>
      <CommonName>The Mount</CommonName>
    </AnnotatedStopPointRef>
    <AnnotatedStopPointRef>
      <StopPointRef>3200YNF10318</StopPointRef>
      <CommonName>Rockingham Close</CommonName>
    </AnnotatedStopPointRef>
    <AnnotatedStopPointRef>
      <StopPointRef>3200YNF10320</StopPointRef>
      <CommonName>York Road Ind Estate</CommonName>
    </AnnotatedStopPointRef>
    <AnnotatedStopPointRef>
      <StopPointRef>3200YNF10322</StopPointRef>
      <CommonName>Huttons Ambo Lane End</CommonName>
    </AnnotatedStopPointRef>
    <AnnotatedStopPointRef>
      <StopPointRef>3200YNF10324</StopPointRef>
      <CommonName>Crambeck</CommonName>
    </AnnotatedStopPointRef>
    <AnnotatedStopPointRef>
      <StopPointRef>3200YNF10326</StopPointRef>
      <CommonName>Welburn Lodge</CommonName>
    </AnnotatedStopPointRef>
    <AnnotatedStopPointRef>
      <StopPointRef>3200YNF10328</StopPointRef>
      <CommonName>Whitwell Hill</CommonName>
    </AnnotatedStopPointRef>
    <AnnotatedStopPointRef>
      <StopPointRef>3200YNF10330</StopPointRef>
      <CommonName>A64 Westbound</CommonName>
    </AnnotatedStopPointRef>
    <AnnotatedStopPointRef>
      <StopPointRef>3200YNF10332</StopPointRef>
      <CommonName>Jinnah Restaurant</CommonName>
    </AnnotatedStopPointRef>
    <AnnotatedStopPointRef>
      <StopPointRef>3200YNF10334</StopPointRef>
      <CommonName>Harton Lane End</CommonName>
    </AnnotatedStopPointRef>
    <AnnotatedStopPointRef>
      <StopPointRef>3200YNF10336</StopPointRef>
      <CommonName>Flaxton Lane End</CommonName>
    </AnnotatedStopPointRef>
    <AnnotatedStopPointRef>
      <StopPointRef>3200YNF10337</StopPointRef>
      <CommonName>Claxton Lane End</CommonName>
    </AnnotatedStopPointRef>
    <AnnotatedStopPointRef>
      <StopPointRef>3290YYA01616</StopPointRef>
      <CommonName>FERA</CommonName>
    </AnnotatedStopPointRef>
    <AnnotatedStopPointRef>
      <StopPointRef>3290YYA01645</StopPointRef>
      <CommonName>The Four Alls</CommonName>
    </AnnotatedStopPointRef>
    <AnnotatedStopPointRef>
      <StopPointRef>3290YYA00918</StopPointRef>
      <CommonName>Hopgrove Farm</CommonName>
    </AnnotatedStopPointRef>
    <AnnotatedStopPointRef>
      <StopPointRef>3290YYA00467</StopPointRef>
      <CommonName>Laburnum Garth</CommonName>
    </AnnotatedStopPointRef>
    <AnnotatedStopPointRef>
      <StopPointRef>3290YYA01579</StopPointRef>
      <CommonName>Monk Stray</CommonName>
    </AnnotatedStopPointRef>
    <AnnotatedStopPointRef>
      <StopPointRef>3290YYA00451</StopPointRef>
      <CommonName>Heworth Golf Course</CommonName>
    </AnnotatedStopPointRef>
    <AnnotatedStopPointRef>
      <StopPointRef>3290YYA00190</StopPointRef>
      <CommonName>Shoulder of Mutton</CommonName>
    </AnnotatedStopPointRef>
    <AnnotatedStopPointRef>
      <StopPointRef>3290YYA00191</StopPointRef>
      <CommonName>Eboracum Way</CommonName>
    </AnnotatedStopPointRef>
    <AnnotatedStopPointRef>
      <StopPointRef>3290YYA00116</StopPointRef>
      <CommonName>Lord Mayor's Walk</CommonName>
    </AnnotatedStopPointRef>
    <AnnotatedStopPointRef>
      <StopPointRef>3290YYA00181</StopPointRef>
      <CommonName>Gillygate</CommonName>
    </AnnotatedStopPointRef>
    <AnnotatedStopPointRef>
      <StopPointRef>3290YYA00122</StopPointRef>
      <CommonName>Theatre Royal</CommonName>
    </AnnotatedStopPointRef>
    <AnnotatedStopPointRef>
      <StopPointRef>3290YYA00137</StopPointRef>
      <CommonName>Rail Station</CommonName>
    </AnnotatedStopPointRef>
    <AnnotatedStopPointRef>
      <StopPointRef>3290YYA00150</StopPointRef>
      <CommonName>Blossom Street</CommonName>
    </AnnotatedStopPointRef>
    <AnnotatedStopPointRef>
      <StopPointRef>3290YYA00193</StopPointRef>
      <CommonName>Cambridge Street</CommonName>
    </AnnotatedStopPointRef>
    <AnnotatedStopPointRef>
      <StopPointRef>3290YYA00192</StopPointRef>
      <CommonName>Holgate Hill</CommonName>
    </AnnotatedStopPointRef>
    <AnnotatedStopPointRef>
      <StopPointRef>3290YYA00020</StopPointRef>
      <CommonName>Fox Inn</CommonName>
    </AnnotatedStopPointRef>
    <AnnotatedStopPointRef>
      <StopPointRef>3290YYA00018</StopPointRef>
      <CommonName>Holgate Park</CommonName>
    </AnnotatedStopPointRef>
    <AnnotatedStopPointRef>
      <StopPointRef>3290YYA00017</StopPointRef>
      <CommonName>Grantham Drive</CommonName>
    </AnnotatedStopPointRef>
    <AnnotatedStopPointRef>
      <StopPointRef>3290YYA00015</StopPointRef>
      <CommonName>Seldon Road</CommonName>
    </AnnotatedStopPointRef>
    <AnnotatedStopPointRef>
      <StopPointRef>3290YYA00896</StopPointRef>
      <CommonName>Water End</CommonName>
    </AnnotatedStopPointRef>
  </StopPoints>
  <RouteSections>
    <RouteSection id="YNBM008_001">
      <RouteLink id="YNBM008_001_35372">
        <From>
          <StopPointRef>3290YYA00895</StopPointRef>
        </From>
        <To>
          <StopPointRef>3290YYA01647</StopPointRef>
        </To>
        <Direction>outbound</Direction>
      </RouteLink>
      <RouteLink id="YNBM008_001_35373">
        <From>
          <StopPointRef>3290YYA01647</StopPointRef>
        </From>
        <To>
          <StopPointRef>3290YYA00014</StopPointRef>
        </To>
        <Direction>outbound</Direction>
      </RouteLink>
      <RouteLink id="YNBM008_001_35374">
        <From>
          <StopPointRef>3290YYA00014</StopPointRef>
        </From>
        <To>
          <StopPointRef>3290YYA00016</StopPointRef>
        </To>
        <Direction>outbound</Direction>
      </RouteLink>
      <RouteLink id="YNBM008_001_35375">
        <From>
          <StopPointRef>3290YYA00016</StopPointRef>
        </From>
        <To>
          <StopPointRef>3290YYA00019</StopPointRef>
        </To>
        <Direction>outbound</Direction>
      </RouteLink>
      <RouteLink id="YNBM008_001_35376">
        <From>
          <StopPointRef>3290YYA00019</StopPointRef>
        </From>
        <To>
          <StopPointRef>3290YYA00021</StopPointRef>
        </To>
        <Direction>outbound</Direction>
      </RouteLink>
      <RouteLink id="YNBM008_001_35377">
        <From>
          <StopPointRef>3290YYA00021</StopPointRef>
        </From>
        <To>
          <StopPointRef>3290YYA00195</StopPointRef>
        </To>
        <Direction>outbound</Direction>
      </RouteLink>
      <RouteLink id="YNBM008_001_35378">
        <From>
          <StopPointRef>3290YYA00195</StopPointRef>
        </From>
        <To>
          <StopPointRef>3290YYA00194</StopPointRef>
        </To>
        <Direction>outbound</Direction>
      </RouteLink>
      <RouteLink id="YNBM008_001_35379">
        <From>
          <StopPointRef>3290YYA00194</StopPointRef>
        </From>
        <To>
          <StopPointRef>3290YYA00152</StopPointRef>
        </To>
        <Direction>outbound</Direction>
      </RouteLink>
      <RouteLink id="YNBM008_001_35380">
        <From>
          <StopPointRef>3290YYA00152</StopPointRef>
        </From>
        <To>
          <StopPointRef>3290YYA01578</StopPointRef>
        </To>
        <Direction>outbound</Direction>
      </RouteLink>
      <RouteLink id="YNBM008_001_35381">
        <From>
          <StopPointRef>3290YYA01578</StopPointRef>
        </From>
        <To>
          <StopPointRef>3290YYA00140</StopPointRef>
        </To>
        <Direction>outbound</Direction>
      </RouteLink>
      <RouteLink id="YNBM008_001_35382">
        <From>
          <StopPointRef>3290YYA00140</StopPointRef>
        </From>
        <To>
          <StopPointRef>3290YYA00130</StopPointRef>
        </To>
        <Direction>outbound</Direction>
      </RouteLink>
      <RouteLink id="YNBM008_001_35383">
        <From>
          <StopPointRef>3290YYA00130</StopPointRef>
        </From>
        <To>
          <StopPointRef>3290YYA00118</StopPointRef>
        </To>
        <Direction>outbound</Direction>
      </RouteLink>
      <RouteLink id="YNBM008_001_35384">
        <From>
          <StopPointRef>3290YYA00118</StopPointRef>
        </From>
        <To>
          <StopPointRef>3290YYA00182</StopPointRef>
        </To>
        <Direction>outbound</Direction>
      </RouteLink>
      <RouteLink id="YNBM008_001_35385">
        <From>
          <StopPointRef>3290YYA00182</StopPointRef>
        </From>
        <To>
          <StopPointRef>3290YYA00213</StopPointRef>
        </To>
        <Direction>outbound</Direction>
      </RouteLink>
      <RouteLink id="YNBM008_001_35386">
        <From>
          <StopPointRef>3290YYA00213</StopPointRef>
        </From>
        <To>
          <StopPointRef>3290YYA00214</StopPointRef>
        </To>
        <Direction>outbound</Direction>
      </RouteLink>
      <RouteLink id="YNBM008_001_35387">
        <From>
          <StopPointRef>3290YYA00214</StopPointRef>
        </From>
        <To>
          <StopPointRef>3290YYA00189</StopPointRef>
        </To>
        <Direction>outbound</Direction>
      </RouteLink>
      <RouteLink id="YNBM008_001_35388">
        <From>
          <StopPointRef>3290YYA00189</StopPointRef>
        </From>
        <To>
          <StopPointRef>3290YYA01005</StopPointRef>
        </To>
        <Direction>outbound</Direction>
      </RouteLink>
      <RouteLink id="YNBM008_001_35389">
        <From>
          <StopPointRef>3290YYA01005</StopPointRef>
        </From>
        <To>
          <StopPointRef>3290YYA00452</StopPointRef>
        </To>
        <Direction>outbound</Direction>
      </RouteLink>
      <RouteLink id="YNBM008_001_35390">
        <From>
          <StopPointRef>3290YYA00452</StopPointRef>
        </From>
        <To>
          <StopPointRef>3290YYA00450</StopPointRef>
        </To>
        <Direction>outbound</Direction>
      </RouteLink>
      <RouteLink id="YNBM008_001_35391">
        <From>
          <StopPointRef>3290YYA00450</StopPointRef>
        </From>
        <To>
          <StopPointRef>3290YYA00468</StopPointRef>
        </To>
        <Direction>outbound</Direction>
      </RouteLink>
      <RouteLink id="YNBM008_001_35392">
        <From>
          <StopPointRef>3290YYA00468</StopPointRef>
        </From>
        <To>
          <StopPointRef>3290YYA00470</StopPointRef>
        </To>
        <Direction>outbound</Direction>
      </RouteLink>
      <RouteLink id="YNBM008_001_35393">
        <From>
          <StopPointRef>3290YYA00470</StopPointRef>
        </From>
        <To>
          <StopPointRef>3290YYA00998</StopPointRef>
        </To>
        <Direction>outbound</Direction>
      </RouteLink>
      <RouteLink id="YNBM008_001_35394">
        <From>
          <StopPointRef>3290YYA00998</StopPointRef>
        </From>
        <To>
          <StopPointRef>3290YYA01644</StopPointRef>
        </To>
        <Direction>outbound</Direction>
      </RouteLink>
      <RouteLink id="YNBM008_001_35395">
        <From>
          <StopPointRef>3290YYA01644</StopPointRef>
        </From>
        <To>
          <StopPointRef>3290YYA01615</StopPointRef>
        </To>
        <Direction>outbound</Direction>
      </RouteLink>
      <RouteLink id="YNBM008_001_35396">
        <From>
          <StopPointRef>3290YYA01615</StopPointRef>
        </From>
        <To>
          <StopPointRef>3200YNF10378</StopPointRef>
        </To>
        <Direction>outbound</Direction>
      </RouteLink>
      <RouteLink id="YNBM008_001_35397">
        <From>
          <StopPointRef>3200YNF10378</StopPointRef>
        </From>
        <To>
          <StopPointRef>3200YNF10379</StopPointRef>
        </To>
        <Direction>outbound</Direction>
      </RouteLink>
      <RouteLink id="YNBM008_001_35398">
        <From>
          <StopPointRef>3200YNF10379</StopPointRef>
        </From>
        <To>
          <StopPointRef>3200YNF10380</StopPointRef>
        </To>
        <Direction>outbound</Direction>
      </RouteLink>
      <RouteLink id="YNBM008_001_35399">
        <From>
          <StopPointRef>3200YNF10380</StopPointRef>
        </From>
        <To>
          <StopPointRef>3200YNF10381</StopPointRef>
        </To>
        <Direction>outbound</Direction>
      </RouteLink>
      <RouteLink id="YNBM008_001_35400">
        <From>
          <StopPointRef>3200YNF10381</StopPointRef>
        </From>
        <To>
          <StopPointRef>3200YNF10382</StopPointRef>
        </To>
        <Direction>outbound</Direction>
      </RouteLink>
      <RouteLink id="YNBM008_001_35401">
        <From>
          <StopPointRef>3200YNF10382</StopPointRef>
        </From>
        <To>
          <StopPointRef>3200YNF10383</StopPointRef>
        </To>
        <Direction>outbound</Direction>
      </RouteLink>
      <RouteLink id="YNBM008_001_35402">
        <From>
          <StopPointRef>3200YNF10383</StopPointRef>
        </From>
        <To>
          <StopPointRef>3200YNF10384</StopPointRef>
        </To>
        <Direction>outbound</Direction>
      </RouteLink>
      <RouteLink id="YNBM008_001_35403">
        <From>
          <StopPointRef>3200YNF10384</StopPointRef>
        </From>
        <To>
          <StopPointRef>3200YNF10385</StopPointRef>
        </To>
        <Direction>outbound</Direction>
      </RouteLink>
      <RouteLink id="YNBM008_001_35404">
        <From>
          <StopPointRef>3200YNF10385</StopPointRef>
        </From>
        <To>
          <StopPointRef>3200YNF10386</StopPointRef>
        </To>
        <Direction>outbound</Direction>
      </RouteLink>
      <RouteLink id="YNBM008_001_35405">
        <From>
          <StopPointRef>3200YNF10386</StopPointRef>
        </From>
        <To>
          <StopPointRef>3200YNF10387</StopPointRef>
        </To>
        <Direction>outbound</Direction>
      </RouteLink>
      <RouteLink id="YNBM008_001_35406">
        <From>
          <StopPointRef>3200YNF10387</StopPointRef>
        </From>
        <To>
          <StopPointRef>3200YNF10388</StopPointRef>
        </To>
        <Direction>outbound</Direction>
      </RouteLink>
      <RouteLink id="YNBM008_001_35407">
        <From>
          <StopPointRef>3200YNF10388</StopPointRef>
        </From>
        <To>
          <StopPointRef>3200YNF10389</StopPointRef>
        </To>
        <Direction>outbound</Direction>
      </RouteLink>
      <RouteLink id="YNBM008_001_35408">
        <From>
          <StopPointRef>3200YNF10389</StopPointRef>
        </From>
        <To>
          <StopPointRef>3200YNF10001</StopPointRef>
        </To>
        <Direction>outbound</Direction>
      </RouteLink>
    </RouteSection>
    <RouteSection id="YNBM008_002">
      <RouteLink id="YNBM008_002_35410">
        <From>
          <StopPointRef>3200YNF10001</StopPointRef>
        </From>
        <To>
          <StopPointRef>3200YNF10003</StopPointRef>
        </To>
        <Direction>inbound</Direction>
      </RouteLink>
      <RouteLink id="YNBM008_002_35411">
        <From>
          <StopPointRef>3200YNF10003</StopPointRef>
        </From>
        <To>
          <StopPointRef>3200YNF10316</StopPointRef>
        </To>
        <Direction>inbound</Direction>
      </RouteLink>
      <RouteLink id="YNBM008_002_35412">
        <From>
          <StopPointRef>3200YNF10316</StopPointRef>
        </From>
        <To>
          <StopPointRef>3200YNF10318</StopPointRef>
        </To>
        <Direction>inbound</Direction>
      </RouteLink>
      <RouteLink id="YNBM008_002_35413">
        <From>
          <StopPointRef>3200YNF10318</StopPointRef>
        </From>
        <To>
          <StopPointRef>3200YNF10320</StopPointRef>
        </To>
        <Direction>inbound</Direction>
      </RouteLink>
      <RouteLink id="YNBM008_002_35414">
        <From>
          <StopPointRef>3200YNF10320</StopPointRef>
        </From>
        <To>
          <StopPointRef>3200YNF10322</StopPointRef>
        </To>
        <Direction>inbound</Direction>
      </RouteLink>
      <RouteLink id="YNBM008_002_35415">
        <From>
          <StopPointRef>3200YNF10322</StopPointRef>
        </From>
        <To>
          <StopPointRef>3200YNF10324</StopPointRef>
        </To>
        <Direction>inbound</Direction>
      </RouteLink>
      <RouteLink id="YNBM008_002_35416">
        <From>
          <StopPointRef>3200YNF10324</StopPointRef>
        </From>
        <To>
          <StopPointRef>3200YNF10326</StopPointRef>
        </To>
        <Direction>inbound</Direction>
      </RouteLink>
      <RouteLink id="YNBM008_002_35417">
        <From>
          <StopPointRef>3200YNF10326</StopPointRef>
        </From>
        <To>
          <StopPointRef>3200YNF10328</StopPointRef>
        </To>
        <Direction>inbound</Direction>
      </RouteLink>
      <RouteLink id="YNBM008_002_35418">
        <From>
          <StopPointRef>3200YNF10328</StopPointRef>
        </From>
        <To>
          <StopPointRef>3200YNF10330</StopPointRef>
        </To>
        <Direction>inbound</Direction>
      </RouteLink>
      <RouteLink id="YNBM008_002_35419">
        <From>
          <StopPointRef>3200YNF10330</StopPointRef>
        </From>
        <To>
          <StopPointRef>3200YNF10332</StopPointRef>
        </To>
        <Direction>inbound</Direction>
      </RouteLink>
      <RouteLink id="YNBM008_002_35420">
        <From>
          <StopPointRef>3200YNF10332</StopPointRef>
        </From>
        <To>
          <StopPointRef>3200YNF10334</StopPointRef>
        </To>
        <Direction>inbound</Direction>
      </RouteLink>
      <RouteLink id="YNBM008_002_35421">
        <From>
          <StopPointRef>3200YNF10334</StopPointRef>
        </From>
        <To>
          <StopPointRef>3200YNF10336</StopPointRef>
        </To>
        <Direction>inbound</Direction>
      </RouteLink>
      <RouteLink id="YNBM008_002_35422">
        <From>
          <StopPointRef>3200YNF10336</StopPointRef>
        </From>
        <To>
          <StopPointRef>3200YNF10337</StopPointRef>
        </To>
        <Direction>inbound</Direction>
      </RouteLink>
      <RouteLink id="YNBM008_002_35423">
        <From>
          <StopPointRef>3200YNF10337</StopPointRef>
        </From>
        <To>
          <StopPointRef>3290YYA01616</StopPointRef>
        </To>
        <Direction>inbound</Direction>
      </RouteLink>
      <RouteLink id="YNBM008_002_35424">
        <From>
          <StopPointRef>3290YYA01616</StopPointRef>
        </From>
        <To>
          <StopPointRef>3290YYA01645</StopPointRef>
        </To>
        <Direction>inbound</Direction>
      </RouteLink>
      <RouteLink id="YNBM008_002_35425">
        <From>
          <StopPointRef>3290YYA01645</StopPointRef>
        </From>
        <To>
          <StopPointRef>3290YYA00918</StopPointRef>
        </To>
        <Direction>inbound</Direction>
      </RouteLink>
      <RouteLink id="YNBM008_002_35426">
        <From>
          <StopPointRef>3290YYA00918</StopPointRef>
        </From>
        <To>
          <StopPointRef>3290YYA00467</StopPointRef>
        </To>
        <Direction>inbound</Direction>
      </RouteLink>
      <RouteLink id="YNBM008_002_35427">
        <From>
          <StopPointRef>3290YYA00467</StopPointRef>
        </From>
        <To>
          <StopPointRef>3290YYA01579</StopPointRef>
        </To>
        <Direction>inbound</Direction>
      </RouteLink>
      <RouteLink id="YNBM008_002_35428">
        <From>
          <StopPointRef>3290YYA01579</StopPointRef>
        </From>
        <To>
          <StopPointRef>3290YYA00451</StopPointRef>
        </To>
        <Direction>inbound</Direction>
      </RouteLink>
      <RouteLink id="YNBM008_002_35429">
        <From>
          <StopPointRef>3290YYA00451</StopPointRef>
        </From>
        <To>
          <StopPointRef>3290YYA00190</StopPointRef>
        </To>
        <Direction>inbound</Direction>
      </RouteLink>
      <RouteLink id="YNBM008_002_35430">
        <From>
          <StopPointRef>3290YYA00190</StopPointRef>
        </From>
        <To>
          <StopPointRef>3290YYA00191</StopPointRef>
        </To>
        <Direction>inbound</Direction>
      </RouteLink>
      <RouteLink id="YNBM008_002_35431">
        <From>
          <StopPointRef>3290YYA00191</StopPointRef>
        </From>
        <To>
          <StopPointRef>3290YYA00116</StopPointRef>
        </To>
        <Direction>inbound</Direction>
      </RouteLink>
      <RouteLink id="YNBM008_002_35432">
        <From>
          <StopPointRef>3290YYA00116</StopPointRef>
        </From>
        <To>
          <StopPointRef>3290YYA00181</StopPointRef>
        </To>
        <Direction>inbound</Direction>
      </RouteLink>
      <RouteLink id="YNBM008_002_35433">
        <From>
          <StopPointRef>3290YYA00181</StopPointRef>
        </From>
        <To>
          <StopPointRef>3290YYA00122</StopPointRef>
        </To>
        <Direction>inbound</Direction>
      </RouteLink>
      <RouteLink id="YNBM008_002_35434">
        <From>
          <StopPointRef>3290YYA00122</StopPointRef>
        </From>
        <To>
          <StopPointRef>3290YYA00137</StopPointRef>
        </To>
        <Direction>inbound</Direction>
      </RouteLink>
      <RouteLink id="YNBM008_002_35435">
        <From>
          <StopPointRef>3290YYA00137</StopPointRef>
        </From>
        <To>
          <StopPointRef>3290YYA00150</StopPointRef>
        </To>
        <Direction>inbound</Direction>
      </RouteLink>
      <RouteLink id="YNBM008_002_35436">
        <From>
          <StopPointRef>3290YYA00150</StopPointRef>
        </From>
        <To>
          <StopPointRef>3290YYA00193</StopPointRef>
        </To>
        <Direction>inbound</Direction>
      </RouteLink>
      <RouteLink id="YNBM008_002_35437">
        <From>
          <StopPointRef>3290YYA00193</StopPointRef>
        </From>
        <To>
          <StopPointRef>3290YYA00192</StopPointRef>
        </To>
        <Direction>inbound</Direction>
      </RouteLink>
      <RouteLink id="YNBM008_002_35438">
        <From>
          <StopPointRef>3290YYA00192</StopPointRef>
        </From>
        <To>
          <StopPointRef>3290YYA00020</StopPointRef>
        </To>
        <Direction>inbound</Direction>
      </RouteLink>
      <RouteLink id="YNBM008_002_35439">
        <From>
          <StopPointRef>3290YYA00020</StopPointRef>
        </From>
        <To>
          <StopPointRef>3290YYA00018</StopPointRef>
        </To>
        <Direction>inbound</Direction>
      </RouteLink>
      <RouteLink id="YNBM008_002_35440">
        <From>
          <StopPointRef>3290YYA00018</StopPointRef>
        </From>
        <To>
          <StopPointRef>3290YYA00017</StopPointRef>
        </To>
        <Direction>inbound</Direction>
      </RouteLink>
      <RouteLink id="YNBM008_002_35441">
        <From>
          <StopPointRef>3290YYA00017</StopPointRef>
        </From>
        <To>
          <StopPointRef>3290YYA00015</StopPointRef>
        </To>
        <Direction>inbound</Direction>
      </RouteLink>
      <RouteLink id="YNBM008_002_35442">
        <From>
          <StopPointRef>3290YYA00015</StopPointRef>
        </From>
        <To>
          <StopPointRef>3290YYA00896</StopPointRef>
        </To>
        <Direction>inbound</Direction>
      </RouteLink>
    </RouteSection>
  </RouteSections>
  <Routes>
    <Route id="YNBM008_001">
      <Description>York - Malton
</Description>
      <RouteSectionRef>YNBM008_001</RouteSectionRef>
    </Route>
    <Route id="YNBM008_002">
      <Description>Malton - York
</Description>
      <RouteSectionRef>YNBM008_002</RouteSectionRef>
    </Route>
  </Routes>
  <JourneyPatternSections>
    <JourneyPatternSection id="JPS_YNBM008-3">
      <JourneyPatternTimingLink id="JPS_YNBM008-3_35372">
        <From>
          <StopPointRef>3290YYA00895</StopPointRef>
          <TimingStatus>PTP</TimingStatus>
        </From>
        <To>
          <StopPointRef>3290YYA01647</StopPointRef>
          <TimingStatus>OTH</TimingStatus>
        </To>
        <RouteLinkRef>YNBM008_001_35372</RouteLinkRef>
        <Direction>outbound</Direction>
        <RunTime>PT180S</RunTime>
      </JourneyPatternTimingLink>
      <JourneyPatternTimingLink id="JPS_YNBM008-3_35373">
        <From>
          <StopPointRef>3290YYA01647</StopPointRef>
          <TimingStatus>OTH</TimingStatus>
        </From>
        <To>
          <StopPointRef>3290YYA00014</StopPointRef>
          <TimingStatus>OTH</TimingStatus>
        </To>
        <RouteLinkRef>YNBM008_001_35373</RouteLinkRef>
        <Direction>outbound</Direction>
        <RunTime>PT120S</RunTime>
      </JourneyPatternTimingLink>
      <JourneyPatternTimingLink id="JPS_YNBM008-3_35374">
        <From>
          <StopPointRef>3290YYA00014</StopPointRef>
          <TimingStatus>OTH</TimingStatus>
        </From>
        <To>
          <StopPointRef>3290YYA00016</StopPointRef>
          <TimingStatus>OTH</TimingStatus>
        </To>
        <RouteLinkRef>YNBM008_001_35374</RouteLinkRef>
        <Direction>outbound</Direction>
        <RunTime>PT120S</RunTime>
      </JourneyPatternTimingLink>
      <JourneyPatternTimingLink id="JPS_YNBM008-3_35375">
        <From>
          <StopPointRef>3290YYA00016</StopPointRef>
          <TimingStatus>OTH</TimingStatus>
        </From>
        <To>
          <StopPointRef>3290YYA00019</StopPointRef>
          <TimingStatus>OTH</TimingStatus>
        </To>
        <RouteLinkRef>YNBM008_001_35375</RouteLinkRef>
        <Direction>outbound</Direction>
        <RunTime>PT60S</RunTime>
      </JourneyPatternTimingLink>
      <JourneyPatternTimingLink id="JPS_YNBM008-3_35376">
        <From>
          <StopPointRef>3290YYA00019</StopPointRef>
          <TimingStatus>OTH</TimingStatus>
        </From>
        <To>
          <StopPointRef>3290YYA00021</StopPointRef>
          <TimingStatus>OTH</TimingStatus>
        </To>
        <RouteLinkRef>YNBM008_001_35376</RouteLinkRef>
        <Direction>outbound</Direction>
        <RunTime>PT60S</RunTime>
      </JourneyPatternTimingLink>
      <JourneyPatternTimingLink id="JPS_YNBM008-3_35377">
        <From>
          <StopPointRef>3290YYA00021</StopPointRef>
          <TimingStatus>OTH</TimingStatus>
        </From>
        <To>
          <StopPointRef>3290YYA00195</StopPointRef>
          <TimingStatus>OTH</TimingStatus>
        </To>
        <RouteLinkRef>YNBM008_001_35377</RouteLinkRef>
        <Direction>outbound</Direction>
        <RunTime>PT60S</RunTime>
      </JourneyPatternTimingLink>
      <JourneyPatternTimingLink id="JPS_YNBM008-3_35378">
        <From>
          <StopPointRef>3290YYA00195</StopPointRef>
          <TimingStatus>OTH</TimingStatus>
        </From>
        <To>
          <StopPointRef>3290YYA00194</StopPointRef>
          <TimingStatus>OTH</TimingStatus>
        </To>
        <RouteLinkRef>YNBM008_001_35378</RouteLinkRef>
        <Direction>outbound</Direction>
        <RunTime>PT120S</RunTime>
      </JourneyPatternTimingLink>
      <JourneyPatternTimingLink id="JPS_YNBM008-3_35379">
        <From>
          <StopPointRef>3290YYA00194</StopPointRef>
          <TimingStatus>OTH</TimingStatus>
        </From>
        <To>
          <StopPointRef>3290YYA00152</StopPointRef>
          <TimingStatus>OTH</TimingStatus>
        </To>
        <RouteLinkRef>YNBM008_001_35379</RouteLinkRef>
        <Direction>outbound</Direction>
        <RunTime>PT60S</RunTime>
      </JourneyPatternTimingLink>
      <JourneyPatternTimingLink id="JPS_YNBM008-3_35380">
        <From>
          <StopPointRef>3290YYA00152</StopPointRef>
          <TimingStatus>OTH</TimingStatus>
        </From>
        <To>
          <StopPointRef>3290YYA01578</StopPointRef>
          <TimingStatus>OTH</TimingStatus>
        </To>
        <RouteLinkRef>YNBM008_001_35380</RouteLinkRef>
        <Direction>outbound</Direction>
        <RunTime>PT60S</RunTime>
      </JourneyPatternTimingLink>
      <JourneyPatternTimingLink id="JPS_YNBM008-3_35381">
        <From>
          <StopPointRef>3290YYA01578</StopPointRef>
          <TimingStatus>OTH</TimingStatus>
        </From>
        <To>
          <StopPointRef>3290YYA00140</StopPointRef>
          <TimingStatus>PTP</TimingStatus>
        </To>
        <RouteLinkRef>YNBM008_001_35381</RouteLinkRef>
        <Direction>outbound</Direction>
        <RunTime>PT60S</RunTime>
      </JourneyPatternTimingLink>
      <JourneyPatternTimingLink id="JPS_YNBM008-3_35382">
        <From>
          <StopPointRef>3290YYA00140</StopPointRef>
          <TimingStatus>PTP</TimingStatus>
        </From>
        <To>
          <StopPointRef>3290YYA00130</StopPointRef>
          <TimingStatus>OTH</TimingStatus>
        </To>
        <RouteLinkRef>YNBM008_001_35382</RouteLinkRef>
        <Direction>outbound</Direction>
        <RunTime>PT60S</RunTime>
      </JourneyPatternTimingLink>
      <JourneyPatternTimingLink id="JPS_YNBM008-3_35383">
        <From>
          <StopPointRef>3290YYA00130</StopPointRef>
          <TimingStatus>OTH</TimingStatus>
        </From>
        <To>
          <StopPointRef>3290YYA00118</StopPointRef>
          <TimingStatus>PTP</TimingStatus>
        </To>
        <RouteLinkRef>YNBM008_001_35383</RouteLinkRef>
        <Direction>outbound</Direction>
        <RunTime>PT240S</RunTime>
      </JourneyPatternTimingLink>
      <JourneyPatternTimingLink id="JPS_YNBM008-3_35384">
        <From>
          <StopPointRef>3290YYA00118</StopPointRef>
          <TimingStatus>PTP</TimingStatus>
        </From>
        <To>
          <StopPointRef>3290YYA00182</StopPointRef>
          <TimingStatus>OTH</TimingStatus>
        </To>
        <RouteLinkRef>YNBM008_001_35384</RouteLinkRef>
        <Direction>outbound</Direction>
        <RunTime>PT120S</RunTime>
      </JourneyPatternTimingLink>
      <JourneyPatternTimingLink id="JPS_YNBM008-3_35385">
        <From>
          <StopPointRef>3290YYA00182</StopPointRef>
          <TimingStatus>OTH</TimingStatus>
        </From>
        <To>
          <StopPointRef>3290YYA00213</StopPointRef>
          <TimingStatus>PTP</TimingStatus>
        </To>
        <RouteLinkRef>YNBM008_001_35385</RouteLinkRef>
        <Direction>outbound</Direction>
        <RunTime>PT180S</RunTime>
      </JourneyPatternTimingLink>
      <JourneyPatternTimingLink id="JPS_YNBM008-3_35386">
        <From>
          <StopPointRef>3290YYA00213</StopPointRef>
          <TimingStatus>PTP</TimingStatus>
        </From>
        <To>
          <StopPointRef>3290YYA00214</StopPointRef>
          <TimingStatus>OTH</TimingStatus>
        </To>
        <RouteLinkRef>YNBM008_001_35386</RouteLinkRef>
        <Direction>outbound</Direction>
        <RunTime>PT0S</RunTime>
      </JourneyPatternTimingLink>
      <JourneyPatternTimingLink id="JPS_YNBM008-3_35387">
        <From>
          <StopPointRef>3290YYA00214</StopPointRef>
          <TimingStatus>OTH</TimingStatus>
        </From>
        <To>
          <StopPointRef>3290YYA00189</StopPointRef>
          <TimingStatus>OTH</TimingStatus>
        </To>
        <RouteLinkRef>YNBM008_001_35387</RouteLinkRef>
        <Direction>outbound</Direction>
        <RunTime>PT0S</RunTime>
      </JourneyPatternTimingLink>
      <JourneyPatternTimingLink id="JPS_YNBM008-3_35388">
        <From>
          <StopPointRef>3290YYA00189</StopPointRef>
          <TimingStatus>OTH</TimingStatus>
        </From>
        <To>
          <StopPointRef>3290YYA01005</StopPointRef>
          <TimingStatus>OTH</TimingStatus>
        </To>
        <RouteLinkRef>YNBM008_001_35388</RouteLinkRef>
        <Direction>outbound</Direction>
        <RunTime>PT60S</RunTime>
      </JourneyPatternTimingLink>
      <JourneyPatternTimingLink id="JPS_YNBM008-3_35389">
        <From>
          <StopPointRef>3290YYA01005</StopPointRef>
          <TimingStatus>OTH</TimingStatus>
        </From>
        <To>
          <StopPointRef>3290YYA00452</StopPointRef>
          <TimingStatus>OTH</TimingStatus>
        </To>
        <RouteLinkRef>YNBM008_001_35389</RouteLinkRef>
        <Direction>outbound</Direction>
        <RunTime>PT0S</RunTime>
      </JourneyPatternTimingLink>
      <JourneyPatternTimingLink id="JPS_YNBM008-3_35390">
        <From>
          <StopPointRef>3290YYA00452</StopPointRef>
          <TimingStatus>OTH</TimingStatus>
        </From>
        <To>
          <StopPointRef>3290YYA00450</StopPointRef>
          <TimingStatus>OTH</TimingStatus>
        </To>
        <RouteLinkRef>YNBM008_001_35390</RouteLinkRef>
        <Direction>outbound</Direction>
        <RunTime>PT60S</RunTime>
      </JourneyPatternTimingLink>
      <JourneyPatternTimingLink id="JPS_YNBM008-3_35391">
        <From>
          <StopPointRef>3290YYA00450</StopPointRef>
          <TimingStatus>OTH</TimingStatus>
        </From>
        <To>
          <StopPointRef>3290YYA00468</StopPointRef>
          <TimingStatus>OTH</TimingStatus>
        </To>
        <RouteLinkRef>YNBM008_001_35391</RouteLinkRef>
        <Direction>outbound</Direction>
        <RunTime>PT0S</RunTime>
      </JourneyPatternTimingLink>
      <JourneyPatternTimingLink id="JPS_YNBM008-3_35392">
        <From>
          <StopPointRef>3290YYA00468</StopPointRef>
          <TimingStatus>OTH</TimingStatus>
        </From>
        <To>
          <StopPointRef>3290YYA00470</StopPointRef>
          <TimingStatus>OTH</TimingStatus>
        </To>
        <RouteLinkRef>YNBM008_001_35392</RouteLinkRef>
        <Direction>outbound</Direction>
        <RunTime>PT60S</RunTime>
      </JourneyPatternTimingLink>
      <JourneyPatternTimingLink id="JPS_YNBM008-3_35393">
        <From>
          <StopPointRef>3290YYA00470</StopPointRef>
          <TimingStatus>OTH</TimingStatus>
        </From>
        <To>
          <StopPointRef>3290YYA00998</StopPointRef>
          <TimingStatus>OTH</TimingStatus>
        </To>
        <RouteLinkRef>YNBM008_001_35393</RouteLinkRef>
        <Direction>outbound</Direction>
        <RunTime>PT120S</RunTime>
      </JourneyPatternTimingLink>
      <JourneyPatternTimingLink id="JPS_YNBM008-3_35394">
        <From>
          <StopPointRef>3290YYA00998</StopPointRef>
          <TimingStatus>OTH</TimingStatus>
        </From>
        <To>
          <StopPointRef>3290YYA01644</StopPointRef>
          <TimingStatus>OTH</TimingStatus>
        </To>
        <RouteLinkRef>YNBM008_001_35394</RouteLinkRef>
        <Direction>outbound</Direction>
        <RunTime>PT420S</RunTime>
      </JourneyPatternTimingLink>
      <JourneyPatternTimingLink id="JPS_YNBM008-3_35395">
        <From>
          <StopPointRef>3290YYA01644</StopPointRef>
          <TimingStatus>OTH</TimingStatus>
        </From>
        <To>
          <StopPointRef>3290YYA01615</StopPointRef>
          <TimingStatus>OTH</TimingStatus>
        </To>
        <RouteLinkRef>YNBM008_001_35395</RouteLinkRef>
        <Direction>outbound</Direction>
        <RunTime>PT60S</RunTime>
      </JourneyPatternTimingLink>
      <JourneyPatternTimingLink id="JPS_YNBM008-3_35396">
        <From>
          <StopPointRef>3290YYA01615</StopPointRef>
          <TimingStatus>OTH</TimingStatus>
        </From>
        <To>
          <StopPointRef>3200YNF10378</StopPointRef>
          <TimingStatus>PTP</TimingStatus>
        </To>
        <RouteLinkRef>YNBM008_001_35396</RouteLinkRef>
        <Direction>outbound</Direction>
        <RunTime>PT120S</RunTime>
      </JourneyPatternTimingLink>
      <JourneyPatternTimingLink id="JPS_YNBM008-3_35397">
        <From>
          <StopPointRef>3200YNF10378</StopPointRef>
          <TimingStatus>PTP</TimingStatus>
        </From>
        <To>
          <StopPointRef>3200YNF10379</StopPointRef>
          <TimingStatus>OTH</TimingStatus>
        </To>
        <RouteLinkRef>YNBM008_001_35397</RouteLinkRef>
        <Direction>outbound</Direction>
        <RunTime>PT60S</RunTime>
      </JourneyPatternTimingLink>
      <JourneyPatternTimingLink id="JPS_YNBM008-3_35398">
        <From>
          <StopPointRef>3200YNF10379</StopPointRef>
          <TimingStatus>OTH</TimingStatus>
        </From>
        <To>
          <StopPointRef>3200YNF10380</StopPointRef>
          <TimingStatus>OTH</TimingStatus>
        </To>
        <RouteLinkRef>YNBM008_001_35398</RouteLinkRef>
        <Direction>outbound</Direction>
        <RunTime>PT60S</RunTime>
      </JourneyPatternTimingLink>
      <JourneyPatternTimingLink id="JPS_YNBM008-3_35399">
        <From>
          <StopPointRef>3200YNF10380</StopPointRef>
          <TimingStatus>OTH</TimingStatus>
        </From>
        <To>
          <StopPointRef>3200YNF10381</StopPointRef>
          <TimingStatus>OTH</TimingStatus>
        </To>
        <RouteLinkRef>YNBM008_001_35399</RouteLinkRef>
        <Direction>outbound</Direction>
        <RunTime>PT120S</RunTime>
      </JourneyPatternTimingLink>
      <JourneyPatternTimingLink id="JPS_YNBM008-3_35400">
        <From>
          <StopPointRef>3200YNF10381</StopPointRef>
          <TimingStatus>OTH</TimingStatus>
        </From>
        <To>
          <StopPointRef>3200YNF10382</StopPointRef>
          <TimingStatus>OTH</TimingStatus>
        </To>
        <RouteLinkRef>YNBM008_001_35400</RouteLinkRef>
        <Direction>outbound</Direction>
        <RunTime>PT120S</RunTime>
      </JourneyPatternTimingLink>
      <JourneyPatternTimingLink id="JPS_YNBM008-3_35401">
        <From>
          <StopPointRef>3200YNF10382</StopPointRef>
          <TimingStatus>OTH</TimingStatus>
        </From>
        <To>
          <StopPointRef>3200YNF10383</StopPointRef>
          <TimingStatus>OTH</TimingStatus>
        </To>
        <RouteLinkRef>YNBM008_001_35401</RouteLinkRef>
        <Direction>outbound</Direction>
        <RunTime>PT180S</RunTime>
      </JourneyPatternTimingLink>
      <JourneyPatternTimingLink id="JPS_YNBM008-3_35402">
        <From>
          <StopPointRef>3200YNF10383</StopPointRef>
          <TimingStatus>OTH</TimingStatus>
        </From>
        <To>
          <StopPointRef>3200YNF10384</StopPointRef>
          <TimingStatus>OTH</TimingStatus>
        </To>
        <RouteLinkRef>YNBM008_001_35402</RouteLinkRef>
        <Direction>outbound</Direction>
        <RunTime>PT60S</RunTime>
      </JourneyPatternTimingLink>
      <JourneyPatternTimingLink id="JPS_YNBM008-3_35403">
        <From>
          <StopPointRef>3200YNF10384</StopPointRef>
          <TimingStatus>OTH</TimingStatus>
        </From>
        <To>
          <StopPointRef>3200YNF10385</StopPointRef>
          <TimingStatus>OTH</TimingStatus>
        </To>
        <RouteLinkRef>YNBM008_001_35403</RouteLinkRef>
        <Direction>outbound</Direction>
        <RunTime>PT60S</RunTime>
      </JourneyPatternTimingLink>
      <JourneyPatternTimingLink id="JPS_YNBM008-3_35404">
        <From>
          <StopPointRef>3200YNF10385</StopPointRef>
          <TimingStatus>OTH</TimingStatus>
        </From>
        <To>
          <StopPointRef>3200YNF10386</StopPointRef>
          <TimingStatus>OTH</TimingStatus>
        </To>
        <RouteLinkRef>YNBM008_001_35404</RouteLinkRef>
        <Direction>outbound</Direction>
        <RunTime>PT180S</RunTime>
      </JourneyPatternTimingLink>
      <JourneyPatternTimingLink id="JPS_YNBM008-3_35405">
        <From>
          <StopPointRef>3200YNF10386</StopPointRef>
          <TimingStatus>OTH</TimingStatus>
        </From>
        <To>
          <StopPointRef>3200YNF10387</StopPointRef>
          <TimingStatus>OTH</TimingStatus>
        </To>
        <RouteLinkRef>YNBM008_001_35405</RouteLinkRef>
        <Direction>outbound</Direction>
        <RunTime>PT180S</RunTime>
      </JourneyPatternTimingLink>
      <JourneyPatternTimingLink id="JPS_YNBM008-3_35406">
        <From>
          <StopPointRef>3200YNF10387</StopPointRef>
          <TimingStatus>OTH</TimingStatus>
        </From>
        <To>
          <StopPointRef>3200YNF10388</StopPointRef>
          <TimingStatus>OTH</TimingStatus>
        </To>
        <RouteLinkRef>YNBM008_001_35406</RouteLinkRef>
        <Direction>outbound</Direction>
        <RunTime>PT120S</RunTime>
      </JourneyPatternTimingLink>
      <JourneyPatternTimingLink id="JPS_YNBM008-3_35407">
        <From>
          <StopPointRef>3200YNF10388</StopPointRef>
          <TimingStatus>OTH</TimingStatus>
        </From>
        <To>
          <StopPointRef>3200YNF10389</StopPointRef>
          <TimingStatus>OTH</TimingStatus>
        </To>
        <RouteLinkRef>YNBM008_001_35407</RouteLinkRef>
        <Direction>outbound</Direction>
        <RunTime>PT0S</RunTime>
      </JourneyPatternTimingLink>
      <JourneyPatternTimingLink id="JPS_YNBM008-3_35408">
        <From>
          <StopPointRef>3200YNF10389</StopPointRef>
          <TimingStatus>OTH</TimingStatus>
        </From>
        <To>
          <StopPointRef>3200YNF10001</StopPointRef>
          <TimingStatus>PTP</TimingStatus>
        </To>
        <RouteLinkRef>YNBM008_001_35408</RouteLinkRef>
        <Direction>outbound</Direction>
        <RunTime>PT60S</RunTime>
      </JourneyPatternTimingLink>
    </JourneyPatternSection>
    <JourneyPatternSection id="JPS_YNBM008-4">
      <JourneyPatternTimingLink id="JPS_YNBM008-4_35410">
        <From>
          <StopPointRef>3200YNF10001</StopPointRef>
          <TimingStatus>PTP</TimingStatus>
        </From>
        <To>
          <StopPointRef>3200YNF10003</StopPointRef>
          <TimingStatus>OTH</TimingStatus>
        </To>
        <RouteLinkRef>YNBM008_002_35410</RouteLinkRef>
        <Direction>inbound</Direction>
        <RunTime>PT0S</RunTime>
      </JourneyPatternTimingLink>
      <JourneyPatternTimingLink id="JPS_YNBM008-4_35411">
        <From>
          <StopPointRef>3200YNF10003</StopPointRef>
          <TimingStatus>OTH</TimingStatus>
        </From>
        <To>
          <StopPointRef>3200YNF10316</StopPointRef>
          <TimingStatus>OTH</TimingStatus>
        </To>
        <RouteLinkRef>YNBM008_002_35411</RouteLinkRef>
        <Direction>inbound</Direction>
        <RunTime>PT0S</RunTime>
      </JourneyPatternTimingLink>
      <JourneyPatternTimingLink id="JPS_YNBM008-4_35412">
        <From>
          <StopPointRef>3200YNF10316</StopPointRef>
          <TimingStatus>OTH</TimingStatus>
        </From>
        <To>
          <StopPointRef>3200YNF10318</StopPointRef>
          <TimingStatus>OTH</TimingStatus>
        </To>
        <RouteLinkRef>YNBM008_002_35412</RouteLinkRef>
        <Direction>inbound</Direction>
        <RunTime>PT0S</RunTime>
      </JourneyPatternTimingLink>
      <JourneyPatternTimingLink id="JPS_YNBM008-4_35413">
        <From>
          <StopPointRef>3200YNF10318</StopPointRef>
          <TimingStatus>OTH</TimingStatus>
        </From>
        <To>
          <StopPointRef>3200YNF10320</StopPointRef>
          <TimingStatus>OTH</TimingStatus>
        </To>
        <RouteLinkRef>YNBM008_002_35413</RouteLinkRef>
        <Direction>inbound</Direction>
        <RunTime>PT60S</RunTime>
      </JourneyPatternTimingLink>
      <JourneyPatternTimingLink id="JPS_YNBM008-4_35414">
        <From>
          <StopPointRef>3200YNF10320</StopPointRef>
          <TimingStatus>OTH</TimingStatus>
        </From>
        <To>
          <StopPointRef>3200YNF10322</StopPointRef>
          <TimingStatus>OTH</TimingStatus>
        </To>
        <RouteLinkRef>YNBM008_002_35414</RouteLinkRef>
        <Direction>inbound</Direction>
        <RunTime>PT180S</RunTime>
      </JourneyPatternTimingLink>
      <JourneyPatternTimingLink id="JPS_YNBM008-4_35415">
        <From>
          <StopPointRef>3200YNF10322</StopPointRef>
          <TimingStatus>OTH</TimingStatus>
        </From>
        <To>
          <StopPointRef>3200YNF10324</StopPointRef>
          <TimingStatus>OTH</TimingStatus>
        </To>
        <RouteLinkRef>YNBM008_002_35415</RouteLinkRef>
        <Direction>inbound</Direction>
        <RunTime>PT120S</RunTime>
      </JourneyPatternTimingLink>
      <JourneyPatternTimingLink id="JPS_YNBM008-4_35416">
        <From>
          <StopPointRef>3200YNF10324</StopPointRef>
          <TimingStatus>OTH</TimingStatus>
        </From>
        <To>
          <StopPointRef>3200YNF10326</StopPointRef>
          <TimingStatus>OTH</TimingStatus>
        </To>
        <RouteLinkRef>YNBM008_002_35416</RouteLinkRef>
        <Direction>inbound</Direction>
        <RunTime>PT0S</RunTime>
      </JourneyPatternTimingLink>
      <JourneyPatternTimingLink id="JPS_YNBM008-4_35417">
        <From>
          <StopPointRef>3200YNF10326</StopPointRef>
          <TimingStatus>OTH</TimingStatus>
        </From>
        <To>
          <StopPointRef>3200YNF10328</StopPointRef>
          <TimingStatus>OTH</TimingStatus>
        </To>
        <RouteLinkRef>YNBM008_002_35417</RouteLinkRef>
        <Direction>inbound</Direction>
        <RunTime>PT120S</RunTime>
      </JourneyPatternTimingLink>
      <JourneyPatternTimingLink id="JPS_YNBM008-4_35418">
        <From>
          <StopPointRef>3200YNF10328</StopPointRef>
          <TimingStatus>OTH</TimingStatus>
        </From>
        <To>
          <StopPointRef>3200YNF10330</StopPointRef>
          <TimingStatus>OTH</TimingStatus>
        </To>
        <RouteLinkRef>YNBM008_002_35418</RouteLinkRef>
        <Direction>inbound</Direction>
        <RunTime>PT60S</RunTime>
      </JourneyPatternTimingLink>
      <JourneyPatternTimingLink id="JPS_YNBM008-4_35419">
        <From>
          <StopPointRef>3200YNF10330</StopPointRef>
          <TimingStatus>OTH</TimingStatus>
        </From>
        <To>
          <StopPointRef>3200YNF10332</StopPointRef>
          <TimingStatus>OTH</TimingStatus>
        </To>
        <RouteLinkRef>YNBM008_002_35419</RouteLinkRef>
        <Direction>inbound</Direction>
        <RunTime>PT120S</RunTime>
      </JourneyPatternTimingLink>
      <JourneyPatternTimingLink id="JPS_YNBM008-4_35420">
        <From>
          <StopPointRef>3200YNF10332</StopPointRef>
          <TimingStatus>OTH</TimingStatus>
        </From>
        <To>
          <StopPointRef>3200YNF10334</StopPointRef>
          <TimingStatus>OTH</TimingStatus>
        </To>
        <RouteLinkRef>YNBM008_002_35420</RouteLinkRef>
        <Direction>inbound</Direction>
        <RunTime>PT120S</RunTime>
      </JourneyPatternTimingLink>
      <JourneyPatternTimingLink id="JPS_YNBM008-4_35421">
        <From>
          <StopPointRef>3200YNF10334</StopPointRef>
          <TimingStatus>OTH</TimingStatus>
        </From>
        <To>
          <StopPointRef>3200YNF10336</StopPointRef>
          <TimingStatus>OTH</TimingStatus>
        </To>
        <RouteLinkRef>YNBM008_002_35421</RouteLinkRef>
        <Direction>inbound</Direction>
        <RunTime>PT60S</RunTime>
      </JourneyPatternTimingLink>
      <JourneyPatternTimingLink id="JPS_YNBM008-4_35422">
        <From>
          <StopPointRef>3200YNF10336</StopPointRef>
          <TimingStatus>OTH</TimingStatus>
        </From>
        <To>
          <StopPointRef>3200YNF10337</StopPointRef>
          <TimingStatus>PTP</TimingStatus>
        </To>
        <RouteLinkRef>YNBM008_002_35422</RouteLinkRef>
        <Direction>inbound</Direction>
        <RunTime>PT60S</RunTime>
      </JourneyPatternTimingLink>
      <JourneyPatternTimingLink id="JPS_YNBM008-4_35423">
        <From>
          <StopPointRef>3200YNF10337</StopPointRef>
          <TimingStatus>PTP</TimingStatus>
        </From>
        <To>
          <StopPointRef>3290YYA01616</StopPointRef>
          <TimingStatus>OTH</TimingStatus>
        </To>
        <RouteLinkRef>YNBM008_002_35423</RouteLinkRef>
        <Direction>inbound</Direction>
        <RunTime>PT120S</RunTime>
      </JourneyPatternTimingLink>
      <JourneyPatternTimingLink id="JPS_YNBM008-4_35424">
        <From>
          <StopPointRef>3290YYA01616</StopPointRef>
          <TimingStatus>OTH</TimingStatus>
        </From>
        <To>
          <StopPointRef>3290YYA01645</StopPointRef>
          <TimingStatus>OTH</TimingStatus>
        </To>
        <RouteLinkRef>YNBM008_002_35424</RouteLinkRef>
        <Direction>inbound</Direction>
        <RunTime>PT0S</RunTime>
      </JourneyPatternTimingLink>
      <JourneyPatternTimingLink id="JPS_YNBM008-4_35425">
        <From>
          <StopPointRef>3290YYA01645</StopPointRef>
          <TimingStatus>OTH</TimingStatus>
        </From>
        <To>
          <StopPointRef>3290YYA00918</StopPointRef>
          <TimingStatus>OTH</TimingStatus>
        </To>
        <RouteLinkRef>YNBM008_002_35425</RouteLinkRef>
        <Direction>inbound</Direction>
        <RunTime>PT420S</RunTime>
      </JourneyPatternTimingLink>
      <JourneyPatternTimingLink id="JPS_YNBM008-4_35426">
        <From>
          <StopPointRef>3290YYA00918</StopPointRef>
          <TimingStatus>OTH</TimingStatus>
        </From>
        <To>
          <StopPointRef>3290YYA00467</StopPointRef>
          <TimingStatus>OTH</TimingStatus>
        </To>
        <RouteLinkRef>YNBM008_002_35426</RouteLinkRef>
        <Direction>inbound</Direction>
        <RunTime>PT180S</RunTime>
      </JourneyPatternTimingLink>
      <JourneyPatternTimingLink id="JPS_YNBM008-4_35427">
        <From>
          <StopPointRef>3290YYA00467</StopPointRef>
          <TimingStatus>OTH</TimingStatus>
        </From>
        <To>
          <StopPointRef>3290YYA01579</StopPointRef>
          <TimingStatus>OTH</TimingStatus>
        </To>
        <RouteLinkRef>YNBM008_002_35427</RouteLinkRef>
        <Direction>inbound</Direction>
        <RunTime>PT60S</RunTime>
      </JourneyPatternTimingLink>
      <JourneyPatternTimingLink id="JPS_YNBM008-4_35428">
        <From>
          <StopPointRef>3290YYA01579</StopPointRef>
          <TimingStatus>OTH</TimingStatus>
        </From>
        <To>
          <StopPointRef>3290YYA00451</StopPointRef>
          <TimingStatus>OTH</TimingStatus>
        </To>
        <RouteLinkRef>YNBM008_002_35428</RouteLinkRef>
        <Direction>inbound</Direction>
        <RunTime>PT0S</RunTime>
      </JourneyPatternTimingLink>
      <JourneyPatternTimingLink id="JPS_YNBM008-4_35429">
        <From>
          <StopPointRef>3290YYA00451</StopPointRef>
          <TimingStatus>OTH</TimingStatus>
        </From>
        <To>
          <StopPointRef>3290YYA00190</StopPointRef>
          <TimingStatus>OTH</TimingStatus>
        </To>
        <RouteLinkRef>YNBM008_002_35429</RouteLinkRef>
        <Direction>inbound</Direction>
        <RunTime>PT60S</RunTime>
      </JourneyPatternTimingLink>
      <JourneyPatternTimingLink id="JPS_YNBM008-4_35430">
        <From>
          <StopPointRef>3290YYA00190</StopPointRef>
          <TimingStatus>OTH</TimingStatus>
        </From>
        <To>
          <StopPointRef>3290YYA00191</StopPointRef>
          <TimingStatus>PTP</TimingStatus>
        </To>
        <RouteLinkRef>YNBM008_002_35430</RouteLinkRef>
        <Direction>inbound</Direction>
        <RunTime>PT60S</RunTime>
      </JourneyPatternTimingLink>
      <JourneyPatternTimingLink id="JPS_YNBM008-4_35431">
        <From>
          <StopPointRef>3290YYA00191</StopPointRef>
          <TimingStatus>PTP</TimingStatus>
        </From>
        <To>
          <StopPointRef>3290YYA00116</StopPointRef>
          <TimingStatus>OTH</TimingStatus>
        </To>
        <RouteLinkRef>YNBM008_002_35431</RouteLinkRef>
        <Direction>inbound</Direction>
        <RunTime>PT120S</RunTime>
      </JourneyPatternTimingLink>
      <JourneyPatternTimingLink id="JPS_YNBM008-4_35432">
        <From>
          <StopPointRef>3290YYA00116</StopPointRef>
          <TimingStatus>OTH</TimingStatus>
        </From>
        <To>
          <StopPointRef>3290YYA00181</StopPointRef>
          <TimingStatus>OTH</TimingStatus>
        </To>
        <RouteLinkRef>YNBM008_002_35432</RouteLinkRef>
        <Direction>inbound</Direction>
        <RunTime>PT60S</RunTime>
      </JourneyPatternTimingLink>
      <JourneyPatternTimingLink id="JPS_YNBM008-4_35433">
        <From>
          <StopPointRef>3290YYA00181</StopPointRef>
          <TimingStatus>OTH</TimingStatus>
        </From>
        <To>
          <StopPointRef>3290YYA00122</StopPointRef>
          <TimingStatus>PTP</TimingStatus>
        </To>
        <RouteLinkRef>YNBM008_002_35433</RouteLinkRef>
        <Direction>inbound</Direction>
        <RunTime>PT120S</RunTime>
      </JourneyPatternTimingLink>
      <JourneyPatternTimingLink id="JPS_YNBM008-4_35434">
        <From>
          <StopPointRef>3290YYA00122</StopPointRef>
          <TimingStatus>PTP</TimingStatus>
        </From>
        <To>
          <StopPointRef>3290YYA00137</StopPointRef>
          <TimingStatus>PTP</TimingStatus>
        </To>
        <RouteLinkRef>YNBM008_002_35434</RouteLinkRef>
        <Direction>inbound</Direction>
        <RunTime>PT300S</RunTime>
      </JourneyPatternTimingLink>
      <JourneyPatternTimingLink id="JPS_YNBM008-4_35435">
        <From>
          <StopPointRef>3290YYA00137</StopPointRef>
          <TimingStatus>PTP</TimingStatus>
        </From>
        <To>
          <StopPointRef>3290YYA00150</StopPointRef>
          <TimingStatus>OTH</TimingStatus>
        </To>
        <RouteLinkRef>YNBM008_002_35435</RouteLinkRef>
        <Direction>inbound</Direction>
        <RunTime>PT0S</RunTime>
      </JourneyPatternTimingLink>
      <JourneyPatternTimingLink id="JPS_YNBM008-4_35436">
        <From>
          <StopPointRef>3290YYA00150</StopPointRef>
          <TimingStatus>OTH</TimingStatus>
        </From>
        <To>
          <StopPointRef>3290YYA00193</StopPointRef>
          <TimingStatus>OTH</TimingStatus>
        </To>
        <RouteLinkRef>YNBM008_002_35436</RouteLinkRef>
        <Direction>inbound</Direction>
        <RunTime>PT60S</RunTime>
      </JourneyPatternTimingLink>
      <JourneyPatternTimingLink id="JPS_YNBM008-4_35437">
        <From>
          <StopPointRef>3290YYA00193</StopPointRef>
          <TimingStatus>OTH</TimingStatus>
        </From>
        <To>
          <StopPointRef>3290YYA00192</StopPointRef>
          <TimingStatus>OTH</TimingStatus>
        </To>
        <RouteLinkRef>YNBM008_002_35437</RouteLinkRef>
        <Direction>inbound</Direction>
        <RunTime>PT60S</RunTime>
      </JourneyPatternTimingLink>
      <JourneyPatternTimingLink id="JPS_YNBM008-4_35438">
        <From>
          <StopPointRef>3290YYA00192</StopPointRef>
          <TimingStatus>OTH</TimingStatus>
        </From>
        <To>
          <StopPointRef>3290YYA00020</StopPointRef>
          <TimingStatus>OTH</TimingStatus>
        </To>
        <RouteLinkRef>YNBM008_002_35438</RouteLinkRef>
        <Direction>inbound</Direction>
        <RunTime>PT60S</RunTime>
      </JourneyPatternTimingLink>
      <JourneyPatternTimingLink id="JPS_YNBM008-4_35439">
        <From>
          <StopPointRef>3290YYA00020</StopPointRef>
          <TimingStatus>OTH</TimingStatus>
        </From>
        <To>
          <StopPointRef>3290YYA00018</StopPointRef>
          <TimingStatus>OTH</TimingStatus>
        </To>
        <RouteLinkRef>YNBM008_002_35439</RouteLinkRef>
        <Direction>inbound</Direction>
        <RunTime>PT60S</RunTime>
      </JourneyPatternTimingLink>
      <JourneyPatternTimingLink id="JPS_YNBM008-4_35440">
        <From>
          <StopPointRef>3290YYA00018</StopPointRef>
          <TimingStatus>OTH</TimingStatus>
        </From>
        <To>
          <StopPointRef>3290YYA00017</StopPointRef>
          <TimingStatus>OTH</TimingStatus>
        </To>
        <RouteLinkRef>YNBM008_002_35440</RouteLinkRef>
        <Direction>inbound</Direction>
        <RunTime>PT60S</RunTime>
      </JourneyPatternTimingLink>
      <JourneyPatternTimingLink id="JPS_YNBM008-4_35441">
        <From>
          <StopPointRef>3290YYA00017</StopPointRef>
          <TimingStatus>OTH</TimingStatus>
        </From>
        <To>
          <StopPointRef>3290YYA00015</StopPointRef>
          <TimingStatus>OTH</TimingStatus>
        </To>
        <RouteLinkRef>YNBM008_002_35441</RouteLinkRef>
        <Direction>inbound</Direction>
        <RunTime>PT60S</RunTime>
      </JourneyPatternTimingLink>
      <JourneyPatternTimingLink id="JPS_YNBM008-4_35442">
        <From>
          <StopPointRef>3290YYA00015</StopPointRef>
          <TimingStatus>OTH</TimingStatus>
        </From>
        <To>
          <StopPointRef>3290YYA00896</StopPointRef>
          <TimingStatus>PTP</TimingStatus>
        </To>
        <RouteLinkRef>YNBM008_002_35442</RouteLinkRef>
        <Direction>inbound</Direction>
        <RunTime>PT240S</RunTime>
      </JourneyPatternTimingLink>
    </JourneyPatternSection>
  </JourneyPatternSections>
  <Operators>
    <Operator id="RMS">
      <NationalOperatorCode>RELD</NationalOperatorCode>
      <OperatorCode>RMS</OperatorCode>
      <OperatorShortName>Reliance Motor Services </OperatorShortName>
    </Operator>
  </Operators>
  <Services>
    <Service>
      <ServiceCode>YNBM008</ServiceCode>
      <Lines>
        <Line id="0">
          <LineName>M8</LineName>
        </Line>
      </Lines>
      <OperatingPeriod>
        <StartDate>2017-04-30</StartDate>
        <EndDate>2017-09-24</EndDate>
      </OperatingPeriod>
      <RegisteredOperatorRef>RMS</RegisteredOperatorRef>
      <StopRequirements>
        <NoNewStopsRequired />
      </StopRequirements>
      <Mode>bus</Mode>
      <Description>York - Malton</Description>
      <StandardService>
        <Origin>York</Origin>
        <Destination>Malton</Destination>
        <JourneyPattern id="JPS_YNBM008-3">
          <Direction>outbound</Direction>
          <JourneyPatternSectionRefs>JPS_YNBM008-3</JourneyPatternSectionRefs>
        </JourneyPattern>
        <JourneyPattern id="JPS_YNBM008-4">
          <Direction>inbound</Direction>
          <JourneyPatternSectionRefs>JPS_YNBM008-4</JourneyPatternSectionRefs>
        </JourneyPattern>
      </StandardService>
    </Service>
  </Services>
  <VehicleJourneys>
    <VehicleJourney>
      <OperatorRef>RMS</OperatorRef>
      <OperatingProfile>
        <RegularDayType>
          <DaysOfWeek>
            <Monday />
          </DaysOfWeek>
        </RegularDayType>
        <BankHolidayOperation>
          <DaysOfNonOperation>
            <LateSummerBankHolidayNotScotland />
          </DaysOfNonOperation>
        </BankHolidayOperation>
      </OperatingProfile>
      <VehicleJourneyCode>72136</VehicleJourneyCode>
      <ServiceRef>YNBM008</ServiceRef>
      <LineRef>0</LineRef>
      <JourneyPatternRef>JPS_YNBM008-3</JourneyPatternRef>
      <DepartureTime>09:00:00</DepartureTime>
    </VehicleJourney>
    <VehicleJourney>
      <OperatorRef>RMS</OperatorRef>
      <OperatingProfile>
        <RegularDayType>
          <DaysOfWeek>
            <Saturday />
          </DaysOfWeek>
        </RegularDayType>
      </OperatingProfile>
      <VehicleJourneyCode>72137</VehicleJourneyCode>
      <ServiceRef>YNBM008</ServiceRef>
      <LineRef>0</LineRef>
      <JourneyPatternRef>JPS_YNBM008-3</JourneyPatternRef>
      <DepartureTime>09:00:00</DepartureTime>
    </VehicleJourney>
    <VehicleJourney>
      <OperatorRef>RMS</OperatorRef>
      <OperatingProfile>
        <RegularDayType>
          <DaysOfWeek>
            <Monday />
          </DaysOfWeek>
        </RegularDayType>
        <BankHolidayOperation>
          <DaysOfNonOperation>
            <LateSummerBankHolidayNotScotland />
          </DaysOfNonOperation>
        </BankHolidayOperation>
      </OperatingProfile>
      <VehicleJourneyCode>72138</VehicleJourneyCode>
      <ServiceRef>YNBM008</ServiceRef>
      <LineRef>0</LineRef>
      <JourneyPatternRef>JPS_YNBM008-4</JourneyPatternRef>
      <DepartureTime>18:00:00</DepartureTime>
    </VehicleJourney>
    <VehicleJourney>
      <OperatorRef>RMS</OperatorRef>
      <OperatingProfile>
        <RegularDayType>
          <DaysOfWeek>
            <Saturday />
          </DaysOfWeek>
        </RegularDayType>
      </OperatingProfile>
      <VehicleJourneyCode>72139</VehicleJourneyCode>
      <ServiceRef>YNBM008</ServiceRef>
      <LineRef>0</LineRef>
      <JourneyPatternRef>JPS_YNBM008-4</JourneyPatternRef>
      <DepartureTime>18:00:00</DepartureTime>
    </VehicleJourney>
  </VehicleJourneys>
</TransXChange>