<?xml version="1.0" encoding="utf-8"?>
<TransXChange xmlns:xsd="http://www.w3.org/2001/XMLSchema" xmlns:xsi="http://www.w3.org/2001/XMLSchema-instance" xsi:schemaLocation="http://www.transxchange.org.uk/ http://www.transxchange.org.uk/schema/2.1/TransXChange_general.xsd" CreationDateTime="2017-09-18T09:34:00-00:00" ModificationDateTime="2017-09-18T09:34:00-00:00" Modification="new" RevisionNumber="0" FileName="SVRYEAO243.xml" SchemaVersion="2.1" RegistrationDocument="false" xmlns="http://www.transxchange.org.uk/">
  <StopPoints>
    <AnnotatedStopPointRef>
      <StopPointRef>2200YEZ01250</StopPointRef>
      <CommonName>Beverley Bus Station</CommonName>
    </AnnotatedStopPointRef>
    <AnnotatedStopPointRef>
      <StopPointRef>2200YEA00075</StopPointRef>
      <CommonName>Beverley Norwood</CommonName>
    </AnnotatedStopPointRef>
    <AnnotatedStopPointRef>
      <StopPointRef>2200YEA00074</StopPointRef>
      <CommonName>Beverley Norwood</CommonName>
    </AnnotatedStopPointRef>
    <AnnotatedStopPointRef>
      <StopPointRef>2200YEA00623</StopPointRef>
      <CommonName>Beverley Hull Bridge Road</CommonName>
    </AnnotatedStopPointRef>
    <AnnotatedStopPointRef>
      <StopPointRef>2200YEA00621</StopPointRef>
      <CommonName>Beverley Hull Bridge Road</CommonName>
    </AnnotatedStopPointRef>
    <AnnotatedStopPointRef>
      <StopPointRef>2200YEA00619</StopPointRef>
      <CommonName>Beverley Hull Bridge Road</CommonName>
    </AnnotatedStopPointRef>
    <AnnotatedStopPointRef>
      <StopPointRef>2200YEA00866</StopPointRef>
      <CommonName>Tickton Hull Bridge Road</CommonName>
    </AnnotatedStopPointRef>
    <AnnotatedStopPointRef>
      <StopPointRef>2200YEA11818</StopPointRef>
      <CommonName>Routh Meaux Lane</CommonName>
    </AnnotatedStopPointRef>
    <AnnotatedStopPointRef>
      <StopPointRef>2200YEA00751</StopPointRef>
      <CommonName>Skirlaugh Main Road</CommonName>
    </AnnotatedStopPointRef>
    <AnnotatedStopPointRef>
      <StopPointRef>2200YEA00753</StopPointRef>
      <CommonName>Skirlaugh Main Road</CommonName>
    </AnnotatedStopPointRef>
    <AnnotatedStopPointRef>
      <StopPointRef>2200YEA00206</StopPointRef>
      <CommonName>Skirlaugh Belle View Terrace</CommonName>
    </AnnotatedStopPointRef>
    <AnnotatedStopPointRef>
      <StopPointRef>2200YEA00747</StopPointRef>
      <CommonName>Skirlaugh Hull Road</CommonName>
    </AnnotatedStopPointRef>
    <AnnotatedStopPointRef>
      <StopPointRef>2200YEA00412</StopPointRef>
      <CommonName>Coniston Hull Road</CommonName>
    </AnnotatedStopPointRef>
    <AnnotatedStopPointRef>
      <StopPointRef>2200YEA00978</StopPointRef>
      <CommonName>Coniston Hull Road</CommonName>
    </AnnotatedStopPointRef>
    <AnnotatedStopPointRef>
      <StopPointRef>2200YEA00955</StopPointRef>
      <CommonName>Bilton Main Road</CommonName>
    </AnnotatedStopPointRef>
    <AnnotatedStopPointRef>
      <StopPointRef>2200YEA11698</StopPointRef>
      <CommonName>Wyton B1238</CommonName>
    </AnnotatedStopPointRef>
    <AnnotatedStopPointRef>
      <StopPointRef>2200YEA00959</StopPointRef>
      <CommonName>Sproatley B1238</CommonName>
    </AnnotatedStopPointRef>
    <AnnotatedStopPointRef>
      <StopPointRef>2200YEA00951</StopPointRef>
      <CommonName>Sproatley Main Road</CommonName>
    </AnnotatedStopPointRef>
    <AnnotatedStopPointRef>
      <StopPointRef>2200YEA11876</StopPointRef>
      <CommonName>Humbleton Moor</CommonName>
    </AnnotatedStopPointRef>
    <AnnotatedStopPointRef>
      <StopPointRef>2200YEA11819</StopPointRef>
      <CommonName>Humbleton New Lane</CommonName>
    </AnnotatedStopPointRef>
    <AnnotatedStopPointRef>
      <StopPointRef>2200YEA00705</StopPointRef>
      <CommonName>Burton Pidsea Main Road</CommonName>
    </AnnotatedStopPointRef>
    <AnnotatedStopPointRef>
      <StopPointRef>2200YEZ01320</StopPointRef>
      <CommonName>Owstwick Lane End</CommonName>
    </AnnotatedStopPointRef>
    <AnnotatedStopPointRef>
      <StopPointRef>2200YEA00708</StopPointRef>
      <CommonName>Roos Main Street</CommonName>
    </AnnotatedStopPointRef>
    <AnnotatedStopPointRef>
      <StopPointRef>2200YEZ01331</StopPointRef>
      <CommonName>Roos Thirtle Bridge</CommonName>
    </AnnotatedStopPointRef>
    <AnnotatedStopPointRef>
      <StopPointRef>2200YEA00903</StopPointRef>
      <CommonName>Withernsea Waxholme Road</CommonName>
    </AnnotatedStopPointRef>
    <AnnotatedStopPointRef>
      <StopPointRef>2200YEA01672</StopPointRef>
      <CommonName>Withernsea North Road</CommonName>
    </AnnotatedStopPointRef>
    <AnnotatedStopPointRef>
      <StopPointRef>2200YEA00905</StopPointRef>
      <CommonName>Withernsea North Road</CommonName>
    </AnnotatedStopPointRef>
    <AnnotatedStopPointRef>
      <StopPointRef>2200YEA00335</StopPointRef>
      <CommonName>Withernsea North Road</CommonName>
    </AnnotatedStopPointRef>
    <AnnotatedStopPointRef>
      <StopPointRef>2200YEA00336</StopPointRef>
      <CommonName>Withernsea Arthur Street</CommonName>
    </AnnotatedStopPointRef>
    <AnnotatedStopPointRef>
      <StopPointRef>2200YEA00024</StopPointRef>
      <CommonName>Withernsea Memorial Ave</CommonName>
    </AnnotatedStopPointRef>
    <AnnotatedStopPointRef>
      <StopPointRef>2200YEA00337</StopPointRef>
      <CommonName>Withernsea Arthur Street</CommonName>
    </AnnotatedStopPointRef>
    <AnnotatedStopPointRef>
      <StopPointRef>2200YEA00906</StopPointRef>
      <CommonName>Withernsea North Road</CommonName>
    </AnnotatedStopPointRef>
    <AnnotatedStopPointRef>
      <StopPointRef>2200YEA01671</StopPointRef>
      <CommonName>Withernsea North Road</CommonName>
    </AnnotatedStopPointRef>
    <AnnotatedStopPointRef>
      <StopPointRef>2200YEA00904</StopPointRef>
      <CommonName>Withernsea Waxholme Rd</CommonName>
    </AnnotatedStopPointRef>
    <AnnotatedStopPointRef>
      <StopPointRef>2200YEZ01330</StopPointRef>
      <CommonName>Roos Thirtle Bridge</CommonName>
    </AnnotatedStopPointRef>
    <AnnotatedStopPointRef>
      <StopPointRef>2200YEA00709</StopPointRef>
      <CommonName>Roos Main Street</CommonName>
    </AnnotatedStopPointRef>
    <AnnotatedStopPointRef>
      <StopPointRef>2200YEZ01321</StopPointRef>
      <CommonName>Owstwick Lane End</CommonName>
    </AnnotatedStopPointRef>
    <AnnotatedStopPointRef>
      <StopPointRef>2200YEA00707</StopPointRef>
      <CommonName>Burton Pidsea Main Road</CommonName>
    </AnnotatedStopPointRef>
    <AnnotatedStopPointRef>
      <StopPointRef>2200YEA00706</StopPointRef>
      <CommonName>Burton Pidsea Main Road</CommonName>
    </AnnotatedStopPointRef>
    <AnnotatedStopPointRef>
      <StopPointRef>2200YEA00948</StopPointRef>
      <CommonName>Humbleton New Lane</CommonName>
    </AnnotatedStopPointRef>
    <AnnotatedStopPointRef>
      <StopPointRef>2200YEA00949</StopPointRef>
      <CommonName>Humbleton Moor Corner</CommonName>
    </AnnotatedStopPointRef>
    <AnnotatedStopPointRef>
      <StopPointRef>2200YEA00950</StopPointRef>
      <CommonName>Sproatley Main Road</CommonName>
    </AnnotatedStopPointRef>
    <AnnotatedStopPointRef>
      <StopPointRef>2200YEA00958</StopPointRef>
      <CommonName>Sproatley B1238</CommonName>
    </AnnotatedStopPointRef>
    <AnnotatedStopPointRef>
      <StopPointRef>2200YEA00957</StopPointRef>
      <CommonName>Wyton B1238</CommonName>
    </AnnotatedStopPointRef>
    <AnnotatedStopPointRef>
      <StopPointRef>2200YEA00956</StopPointRef>
      <CommonName>Wyton Main Road</CommonName>
    </AnnotatedStopPointRef>
    <AnnotatedStopPointRef>
      <StopPointRef>2200YEA00967</StopPointRef>
      <CommonName>Bilton Main Road</CommonName>
    </AnnotatedStopPointRef>
    <AnnotatedStopPointRef>
      <StopPointRef>2200YEA00748</StopPointRef>
      <CommonName>Skirlaugh Hull Road</CommonName>
    </AnnotatedStopPointRef>
    <AnnotatedStopPointRef>
      <StopPointRef>2200YEA00207</StopPointRef>
      <CommonName>Skirlaugh Main Road</CommonName>
    </AnnotatedStopPointRef>
    <AnnotatedStopPointRef>
      <StopPointRef>2200YEA00754</StopPointRef>
      <CommonName>Skirlaugh Main Road</CommonName>
    </AnnotatedStopPointRef>
    <AnnotatedStopPointRef>
      <StopPointRef>2200YEA00752</StopPointRef>
      <CommonName>Skirlaugh Main Road</CommonName>
    </AnnotatedStopPointRef>
    <AnnotatedStopPointRef>
      <StopPointRef>2200YEA11661</StopPointRef>
      <CommonName>Arnold A165</CommonName>
    </AnnotatedStopPointRef>
    <AnnotatedStopPointRef>
      <StopPointRef>2200YEA00868</StopPointRef>
      <CommonName>Routh A1035</CommonName>
    </AnnotatedStopPointRef>
    <AnnotatedStopPointRef>
      <StopPointRef>2200YEA00867</StopPointRef>
      <CommonName>Tickton Hull Bridge Road</CommonName>
    </AnnotatedStopPointRef>
    <AnnotatedStopPointRef>
      <StopPointRef>2200YEA00620</StopPointRef>
      <CommonName>Beverley Hull Bridge Road</CommonName>
    </AnnotatedStopPointRef>
    <AnnotatedStopPointRef>
      <StopPointRef>2200YEA00622</StopPointRef>
      <CommonName>Beverley Highfield Road</CommonName>
    </AnnotatedStopPointRef>
    <AnnotatedStopPointRef>
      <StopPointRef>2200YEA00073</StopPointRef>
      <CommonName>Beverley Norwood</CommonName>
    </AnnotatedStopPointRef>
    <AnnotatedStopPointRef>
      <StopPointRef>2200YEA00076</StopPointRef>
      <CommonName>Beverley Norwood</CommonName>
    </AnnotatedStopPointRef>
    <AnnotatedStopPointRef>
      <StopPointRef>2200YEA01631</StopPointRef>
      <CommonName>Beverley Norwood</CommonName>
    </AnnotatedStopPointRef>
  </StopPoints>
  <RouteSections>
    <RouteSection id="YEAO243_003">
      <RouteLink id="YEAO243_003_5565">
        <From>
          <StopPointRef>2200YEZ01250</StopPointRef>
        </From>
        <To>
          <StopPointRef>2200YEA00075</StopPointRef>
        </To>
        <Direction>inbound</Direction>
      </RouteLink>
      <RouteLink id="YEAO243_003_5566">
        <From>
          <StopPointRef>2200YEA00075</StopPointRef>
        </From>
        <To>
          <StopPointRef>2200YEA00074</StopPointRef>
        </To>
        <Direction>inbound</Direction>
      </RouteLink>
      <RouteLink id="YEAO243_003_5567">
        <From>
          <StopPointRef>2200YEA00074</StopPointRef>
        </From>
        <To>
          <StopPointRef>2200YEA00623</StopPointRef>
        </To>
        <Direction>inbound</Direction>
      </RouteLink>
      <RouteLink id="YEAO243_003_5568">
        <From>
          <StopPointRef>2200YEA00623</StopPointRef>
        </From>
        <To>
          <StopPointRef>2200YEA00621</StopPointRef>
        </To>
        <Direction>inbound</Direction>
      </RouteLink>
      <RouteLink id="YEAO243_003_5569">
        <From>
          <StopPointRef>2200YEA00621</StopPointRef>
        </From>
        <To>
          <StopPointRef>2200YEA00619</StopPointRef>
        </To>
        <Direction>inbound</Direction>
      </RouteLink>
      <RouteLink id="YEAO243_003_5570">
        <From>
          <StopPointRef>2200YEA00619</StopPointRef>
        </From>
        <To>
          <StopPointRef>2200YEA00866</StopPointRef>
        </To>
        <Direction>inbound</Direction>
      </RouteLink>
      <RouteLink id="YEAO243_003_5571">
        <From>
          <StopPointRef>2200YEA00866</StopPointRef>
        </From>
        <To>
          <StopPointRef>2200YEA11818</StopPointRef>
        </To>
        <Direction>inbound</Direction>
      </RouteLink>
      <RouteLink id="YEAO243_003_5572">
        <From>
          <StopPointRef>2200YEA11818</StopPointRef>
        </From>
        <To>
          <StopPointRef>2200YEA00751</StopPointRef>
        </To>
        <Direction>inbound</Direction>
      </RouteLink>
      <RouteLink id="YEAO243_003_5573">
        <From>
          <StopPointRef>2200YEA00751</StopPointRef>
        </From>
        <To>
          <StopPointRef>2200YEA00753</StopPointRef>
        </To>
        <Direction>inbound</Direction>
      </RouteLink>
      <RouteLink id="YEAO243_003_5574">
        <From>
          <StopPointRef>2200YEA00753</StopPointRef>
        </From>
        <To>
          <StopPointRef>2200YEA00206</StopPointRef>
        </To>
        <Direction>inbound</Direction>
      </RouteLink>
      <RouteLink id="YEAO243_003_5575">
        <From>
          <StopPointRef>2200YEA00206</StopPointRef>
        </From>
        <To>
          <StopPointRef>2200YEA00747</StopPointRef>
        </To>
        <Direction>inbound</Direction>
      </RouteLink>
      <RouteLink id="YEAO243_003_5576">
        <From>
          <StopPointRef>2200YEA00747</StopPointRef>
        </From>
        <To>
          <StopPointRef>2200YEA00412</StopPointRef>
        </To>
        <Direction>inbound</Direction>
      </RouteLink>
      <RouteLink id="YEAO243_003_5577">
        <From>
          <StopPointRef>2200YEA00412</StopPointRef>
        </From>
        <To>
          <StopPointRef>2200YEA00978</StopPointRef>
        </To>
        <Direction>inbound</Direction>
      </RouteLink>
      <RouteLink id="YEAO243_003_5578">
        <From>
          <StopPointRef>2200YEA00978</StopPointRef>
        </From>
        <To>
          <StopPointRef>2200YEA00955</StopPointRef>
        </To>
        <Direction>inbound</Direction>
      </RouteLink>
      <RouteLink id="YEAO243_003_5579">
        <From>
          <StopPointRef>2200YEA00955</StopPointRef>
        </From>
        <To>
          <StopPointRef>2200YEA11698</StopPointRef>
        </To>
        <Direction>inbound</Direction>
      </RouteLink>
      <RouteLink id="YEAO243_003_5580">
        <From>
          <StopPointRef>2200YEA11698</StopPointRef>
        </From>
        <To>
          <StopPointRef>2200YEA00959</StopPointRef>
        </To>
        <Direction>inbound</Direction>
      </RouteLink>
      <RouteLink id="YEAO243_003_5581">
        <From>
          <StopPointRef>2200YEA00959</StopPointRef>
        </From>
        <To>
          <StopPointRef>2200YEA00951</StopPointRef>
        </To>
        <Direction>inbound</Direction>
      </RouteLink>
      <RouteLink id="YEAO243_003_5582">
        <From>
          <StopPointRef>2200YEA00951</StopPointRef>
        </From>
        <To>
          <StopPointRef>2200YEA11876</StopPointRef>
        </To>
        <Direction>inbound</Direction>
      </RouteLink>
      <RouteLink id="YEAO243_003_5583">
        <From>
          <StopPointRef>2200YEA11876</StopPointRef>
        </From>
        <To>
          <StopPointRef>2200YEA11819</StopPointRef>
        </To>
        <Direction>inbound</Direction>
      </RouteLink>
      <RouteLink id="YEAO243_003_5584">
        <From>
          <StopPointRef>2200YEA11819</StopPointRef>
        </From>
        <To>
          <StopPointRef>2200YEA00705</StopPointRef>
        </To>
        <Direction>inbound</Direction>
      </RouteLink>
      <RouteLink id="YEAO243_003_5585">
        <From>
          <StopPointRef>2200YEA00705</StopPointRef>
        </From>
        <To>
          <StopPointRef>2200YEZ01320</StopPointRef>
        </To>
        <Direction>inbound</Direction>
      </RouteLink>
      <RouteLink id="YEAO243_003_5586">
        <From>
          <StopPointRef>2200YEZ01320</StopPointRef>
        </From>
        <To>
          <StopPointRef>2200YEA00708</StopPointRef>
        </To>
        <Direction>inbound</Direction>
      </RouteLink>
      <RouteLink id="YEAO243_003_5587">
        <From>
          <StopPointRef>2200YEA00708</StopPointRef>
        </From>
        <To>
          <StopPointRef>2200YEZ01331</StopPointRef>
        </To>
        <Direction>inbound</Direction>
      </RouteLink>
      <RouteLink id="YEAO243_003_5588">
        <From>
          <StopPointRef>2200YEZ01331</StopPointRef>
        </From>
        <To>
          <StopPointRef>2200YEA00903</StopPointRef>
        </To>
        <Direction>inbound</Direction>
      </RouteLink>
      <RouteLink id="YEAO243_003_5589">
        <From>
          <StopPointRef>2200YEA00903</StopPointRef>
        </From>
        <To>
          <StopPointRef>2200YEA01672</StopPointRef>
        </To>
        <Direction>inbound</Direction>
      </RouteLink>
      <RouteLink id="YEAO243_003_5590">
        <From>
          <StopPointRef>2200YEA01672</StopPointRef>
        </From>
        <To>
          <StopPointRef>2200YEA00905</StopPointRef>
        </To>
        <Direction>inbound</Direction>
      </RouteLink>
      <RouteLink id="YEAO243_003_5591">
        <From>
          <StopPointRef>2200YEA00905</StopPointRef>
        </From>
        <To>
          <StopPointRef>2200YEA00335</StopPointRef>
        </To>
        <Direction>inbound</Direction>
      </RouteLink>
      <RouteLink id="YEAO243_003_5592">
        <From>
          <StopPointRef>2200YEA00335</StopPointRef>
        </From>
        <To>
          <StopPointRef>2200YEA00336</StopPointRef>
        </To>
        <Direction>inbound</Direction>
      </RouteLink>
      <RouteLink id="YEAO243_003_5593">
        <From>
          <StopPointRef>2200YEA00336</StopPointRef>
        </From>
        <To>
          <StopPointRef>2200YEA00024</StopPointRef>
        </To>
        <Direction>inbound</Direction>
      </RouteLink>
    </RouteSection>
    <RouteSection id="YEAO243_001">
      <RouteLink id="YEAO243_001_5605">
        <From>
          <StopPointRef>2200YEA00024</StopPointRef>
        </From>
        <To>
          <StopPointRef>2200YEA00337</StopPointRef>
        </To>
        <Direction>outbound</Direction>
      </RouteLink>
      <RouteLink id="YEAO243_001_5606">
        <From>
          <StopPointRef>2200YEA00337</StopPointRef>
        </From>
        <To>
          <StopPointRef>2200YEA00906</StopPointRef>
        </To>
        <Direction>outbound</Direction>
      </RouteLink>
      <RouteLink id="YEAO243_001_5607">
        <From>
          <StopPointRef>2200YEA00906</StopPointRef>
        </From>
        <To>
          <StopPointRef>2200YEA01671</StopPointRef>
        </To>
        <Direction>outbound</Direction>
      </RouteLink>
      <RouteLink id="YEAO243_001_5608">
        <From>
          <StopPointRef>2200YEA01671</StopPointRef>
        </From>
        <To>
          <StopPointRef>2200YEA00904</StopPointRef>
        </To>
        <Direction>outbound</Direction>
      </RouteLink>
      <RouteLink id="YEAO243_001_5609">
        <From>
          <StopPointRef>2200YEA00904</StopPointRef>
        </From>
        <To>
          <StopPointRef>2200YEZ01330</StopPointRef>
        </To>
        <Direction>outbound</Direction>
      </RouteLink>
      <RouteLink id="YEAO243_001_5610">
        <From>
          <StopPointRef>2200YEZ01330</StopPointRef>
        </From>
        <To>
          <StopPointRef>2200YEA00709</StopPointRef>
        </To>
        <Direction>outbound</Direction>
      </RouteLink>
      <RouteLink id="YEAO243_001_5611">
        <From>
          <StopPointRef>2200YEA00709</StopPointRef>
        </From>
        <To>
          <StopPointRef>2200YEZ01321</StopPointRef>
        </To>
        <Direction>outbound</Direction>
      </RouteLink>
      <RouteLink id="YEAO243_001_5612">
        <From>
          <StopPointRef>2200YEZ01321</StopPointRef>
        </From>
        <To>
          <StopPointRef>2200YEA00707</StopPointRef>
        </To>
        <Direction>outbound</Direction>
      </RouteLink>
      <RouteLink id="YEAO243_001_5613">
        <From>
          <StopPointRef>2200YEA00707</StopPointRef>
        </From>
        <To>
          <StopPointRef>2200YEA00706</StopPointRef>
        </To>
        <Direction>outbound</Direction>
      </RouteLink>
      <RouteLink id="YEAO243_001_5614">
        <From>
          <StopPointRef>2200YEA00706</StopPointRef>
        </From>
        <To>
          <StopPointRef>2200YEA00948</StopPointRef>
        </To>
        <Direction>outbound</Direction>
      </RouteLink>
      <RouteLink id="YEAO243_001_5615">
        <From>
          <StopPointRef>2200YEA00948</StopPointRef>
        </From>
        <To>
          <StopPointRef>2200YEA00949</StopPointRef>
        </To>
        <Direction>outbound</Direction>
      </RouteLink>
      <RouteLink id="YEAO243_001_5616">
        <From>
          <StopPointRef>2200YEA00949</StopPointRef>
        </From>
        <To>
          <StopPointRef>2200YEA00950</StopPointRef>
        </To>
        <Direction>outbound</Direction>
      </RouteLink>
      <RouteLink id="YEAO243_001_5617">
        <From>
          <StopPointRef>2200YEA00950</StopPointRef>
        </From>
        <To>
          <StopPointRef>2200YEA00958</StopPointRef>
        </To>
        <Direction>outbound</Direction>
      </RouteLink>
      <RouteLink id="YEAO243_001_5618">
        <From>
          <StopPointRef>2200YEA00958</StopPointRef>
        </From>
        <To>
          <StopPointRef>2200YEA00957</StopPointRef>
        </To>
        <Direction>outbound</Direction>
      </RouteLink>
      <RouteLink id="YEAO243_001_5619">
        <From>
          <StopPointRef>2200YEA00957</StopPointRef>
        </From>
        <To>
          <StopPointRef>2200YEA00956</StopPointRef>
        </To>
        <Direction>outbound</Direction>
      </RouteLink>
      <RouteLink id="YEAO243_001_5620">
        <From>
          <StopPointRef>2200YEA00956</StopPointRef>
        </From>
        <To>
          <StopPointRef>2200YEA00967</StopPointRef>
        </To>
        <Direction>outbound</Direction>
      </RouteLink>
      <RouteLink id="YEAO243_001_5621">
        <From>
          <StopPointRef>2200YEA00967</StopPointRef>
        </From>
        <To>
          <StopPointRef>2200YEA00748</StopPointRef>
        </To>
        <Direction>outbound</Direction>
      </RouteLink>
      <RouteLink id="YEAO243_001_5622">
        <From>
          <StopPointRef>2200YEA00748</StopPointRef>
        </From>
        <To>
          <StopPointRef>2200YEA00207</StopPointRef>
        </To>
        <Direction>outbound</Direction>
      </RouteLink>
      <RouteLink id="YEAO243_001_5623">
        <From>
          <StopPointRef>2200YEA00207</StopPointRef>
        </From>
        <To>
          <StopPointRef>2200YEA00754</StopPointRef>
        </To>
        <Direction>outbound</Direction>
      </RouteLink>
      <RouteLink id="YEAO243_001_5624">
        <From>
          <StopPointRef>2200YEA00754</StopPointRef>
        </From>
        <To>
          <StopPointRef>2200YEA00752</StopPointRef>
        </To>
        <Direction>outbound</Direction>
      </RouteLink>
      <RouteLink id="YEAO243_001_5625">
        <From>
          <StopPointRef>2200YEA00752</StopPointRef>
        </From>
        <To>
          <StopPointRef>2200YEA11661</StopPointRef>
        </To>
        <Direction>outbound</Direction>
      </RouteLink>
      <RouteLink id="YEAO243_001_5626">
        <From>
          <StopPointRef>2200YEA11661</StopPointRef>
        </From>
        <To>
          <StopPointRef>2200YEA00868</StopPointRef>
        </To>
        <Direction>outbound</Direction>
      </RouteLink>
      <RouteLink id="YEAO243_001_5627">
        <From>
          <StopPointRef>2200YEA00868</StopPointRef>
        </From>
        <To>
          <StopPointRef>2200YEA00867</StopPointRef>
        </To>
        <Direction>outbound</Direction>
      </RouteLink>
      <RouteLink id="YEAO243_001_5628">
        <From>
          <StopPointRef>2200YEA00867</StopPointRef>
        </From>
        <To>
          <StopPointRef>2200YEA00620</StopPointRef>
        </To>
        <Direction>outbound</Direction>
      </RouteLink>
      <RouteLink id="YEAO243_001_5629">
        <From>
          <StopPointRef>2200YEA00620</StopPointRef>
        </From>
        <To>
          <StopPointRef>2200YEA00622</StopPointRef>
        </To>
        <Direction>outbound</Direction>
      </RouteLink>
      <RouteLink id="YEAO243_001_5630">
        <From>
          <StopPointRef>2200YEA00622</StopPointRef>
        </From>
        <To>
          <StopPointRef>2200YEA00073</StopPointRef>
        </To>
        <Direction>outbound</Direction>
      </RouteLink>
      <RouteLink id="YEAO243_001_5631">
        <From>
          <StopPointRef>2200YEA00073</StopPointRef>
        </From>
        <To>
          <StopPointRef>2200YEA00076</StopPointRef>
        </To>
        <Direction>outbound</Direction>
      </RouteLink>
      <RouteLink id="YEAO243_001_5632">
        <From>
          <StopPointRef>2200YEA00076</StopPointRef>
        </From>
        <To>
          <StopPointRef>2200YEA01631</StopPointRef>
        </To>
        <Direction>outbound</Direction>
      </RouteLink>
      <RouteLink id="YEAO243_001_5633">
        <From>
          <StopPointRef>2200YEA01631</StopPointRef>
        </From>
        <To>
          <StopPointRef>2200YEZ01250</StopPointRef>
        </To>
        <Direction>outbound</Direction>
      </RouteLink>
    </RouteSection>
  </RouteSections>
  <Routes>
    <Route id="YEAO243_003">
      <Description>Beverley - Withernsea
</Description>
      <RouteSectionRef>YEAO243_003</RouteSectionRef>
    </Route>
    <Route id="YEAO243_001">
      <Description>Withernsea - Beverley
</Description>
      <RouteSectionRef>YEAO243_001</RouteSectionRef>
    </Route>
  </Routes>
  <JourneyPatternSections>
    <JourneyPatternSection id="JPS_YEAO243-3">
      <JourneyPatternTimingLink id="JPS_YEAO243-3_5565">
        <From>
          <StopPointRef>2200YEZ01250</StopPointRef>
          <TimingStatus>PTP</TimingStatus>
        </From>
        <To>
          <StopPointRef>2200YEA00075</StopPointRef>
          <TimingStatus>OTH</TimingStatus>
        </To>
        <RouteLinkRef>YEAO243_003_5565</RouteLinkRef>
        <Direction>inbound</Direction>
        <RunTime>PT47S</RunTime>
      </JourneyPatternTimingLink>
      <JourneyPatternTimingLink id="JPS_YEAO243-3_5566">
        <From>
          <StopPointRef>2200YEA00075</StopPointRef>
          <TimingStatus>OTH</TimingStatus>
        </From>
        <To>
          <StopPointRef>2200YEA00074</StopPointRef>
          <TimingStatus>OTH</TimingStatus>
        </To>
        <RouteLinkRef>YEAO243_003_5566</RouteLinkRef>
        <Direction>inbound</Direction>
        <RunTime>PT24S</RunTime>
      </JourneyPatternTimingLink>
      <JourneyPatternTimingLink id="JPS_YEAO243-3_5567">
        <From>
          <StopPointRef>2200YEA00074</StopPointRef>
          <TimingStatus>OTH</TimingStatus>
        </From>
        <To>
          <StopPointRef>2200YEA00623</StopPointRef>
          <TimingStatus>OTH</TimingStatus>
        </To>
        <RouteLinkRef>YEAO243_003_5567</RouteLinkRef>
        <Direction>inbound</Direction>
        <RunTime>PT32S</RunTime>
      </JourneyPatternTimingLink>
      <JourneyPatternTimingLink id="JPS_YEAO243-3_5568">
        <From>
          <StopPointRef>2200YEA00623</StopPointRef>
          <TimingStatus>OTH</TimingStatus>
        </From>
        <To>
          <StopPointRef>2200YEA00621</StopPointRef>
          <TimingStatus>OTH</TimingStatus>
        </To>
        <RouteLinkRef>YEAO243_003_5568</RouteLinkRef>
        <Direction>inbound</Direction>
        <RunTime>PT18S</RunTime>
      </JourneyPatternTimingLink>
      <JourneyPatternTimingLink id="JPS_YEAO243-3_5569">
        <From>
          <StopPointRef>2200YEA00621</StopPointRef>
          <TimingStatus>OTH</TimingStatus>
        </From>
        <To>
          <StopPointRef>2200YEA00619</StopPointRef>
          <TimingStatus>OTH</TimingStatus>
        </To>
        <RouteLinkRef>YEAO243_003_5569</RouteLinkRef>
        <Direction>inbound</Direction>
        <RunTime>PT89S</RunTime>
      </JourneyPatternTimingLink>
      <JourneyPatternTimingLink id="JPS_YEAO243-3_5570">
        <From>
          <StopPointRef>2200YEA00619</StopPointRef>
          <TimingStatus>OTH</TimingStatus>
        </From>
        <To>
          <StopPointRef>2200YEA00866</StopPointRef>
          <TimingStatus>OTH</TimingStatus>
        </To>
        <RouteLinkRef>YEAO243_003_5570</RouteLinkRef>
        <Direction>inbound</Direction>
        <RunTime>PT215S</RunTime>
      </JourneyPatternTimingLink>
      <JourneyPatternTimingLink id="JPS_YEAO243-3_5571">
        <From>
          <StopPointRef>2200YEA00866</StopPointRef>
          <TimingStatus>OTH</TimingStatus>
        </From>
        <To>
          <StopPointRef>2200YEA11818</StopPointRef>
          <TimingStatus>PTP</TimingStatus>
        </To>
        <RouteLinkRef>YEAO243_003_5571</RouteLinkRef>
        <Direction>inbound</Direction>
        <RunTime>PT175S</RunTime>
      </JourneyPatternTimingLink>
      <JourneyPatternTimingLink id="JPS_YEAO243-3_5572">
        <From>
          <StopPointRef>2200YEA11818</StopPointRef>
          <TimingStatus>PTP</TimingStatus>
        </From>
        <To>
          <StopPointRef>2200YEA00751</StopPointRef>
          <TimingStatus>OTH</TimingStatus>
        </To>
        <RouteLinkRef>YEAO243_003_5572</RouteLinkRef>
        <Direction>inbound</Direction>
        <RunTime>PT586S</RunTime>
      </JourneyPatternTimingLink>
      <JourneyPatternTimingLink id="JPS_YEAO243-3_5573">
        <From>
          <StopPointRef>2200YEA00751</StopPointRef>
          <TimingStatus>OTH</TimingStatus>
        </From>
        <To>
          <StopPointRef>2200YEA00753</StopPointRef>
          <TimingStatus>PTP</TimingStatus>
        </To>
        <RouteLinkRef>YEAO243_003_5573</RouteLinkRef>
        <Direction>inbound</Direction>
        <RunTime>PT14S</RunTime>
      </JourneyPatternTimingLink>
      <JourneyPatternTimingLink id="JPS_YEAO243-3_5574">
        <From>
          <StopPointRef>2200YEA00753</StopPointRef>
          <TimingStatus>PTP</TimingStatus>
        </From>
        <To>
          <StopPointRef>2200YEA00206</StopPointRef>
          <TimingStatus>OTH</TimingStatus>
        </To>
        <RouteLinkRef>YEAO243_003_5574</RouteLinkRef>
        <Direction>inbound</Direction>
        <RunTime>PT24S</RunTime>
      </JourneyPatternTimingLink>
      <JourneyPatternTimingLink id="JPS_YEAO243-3_5575">
        <From>
          <StopPointRef>2200YEA00206</StopPointRef>
          <TimingStatus>OTH</TimingStatus>
        </From>
        <To>
          <StopPointRef>2200YEA00747</StopPointRef>
          <TimingStatus>OTH</TimingStatus>
        </To>
        <RouteLinkRef>YEAO243_003_5575</RouteLinkRef>
        <Direction>inbound</Direction>
        <RunTime>PT27S</RunTime>
      </JourneyPatternTimingLink>
      <JourneyPatternTimingLink id="JPS_YEAO243-3_5576">
        <From>
          <StopPointRef>2200YEA00747</StopPointRef>
          <TimingStatus>OTH</TimingStatus>
        </From>
        <To>
          <StopPointRef>2200YEA00412</StopPointRef>
          <TimingStatus>OTH</TimingStatus>
        </To>
        <RouteLinkRef>YEAO243_003_5576</RouteLinkRef>
        <Direction>inbound</Direction>
        <RunTime>PT405S</RunTime>
      </JourneyPatternTimingLink>
      <JourneyPatternTimingLink id="JPS_YEAO243-3_5577">
        <From>
          <StopPointRef>2200YEA00412</StopPointRef>
          <TimingStatus>OTH</TimingStatus>
        </From>
        <To>
          <StopPointRef>2200YEA00978</StopPointRef>
          <TimingStatus>OTH</TimingStatus>
        </To>
        <RouteLinkRef>YEAO243_003_5577</RouteLinkRef>
        <Direction>inbound</Direction>
        <RunTime>PT54S</RunTime>
      </JourneyPatternTimingLink>
      <JourneyPatternTimingLink id="JPS_YEAO243-3_5578">
        <From>
          <StopPointRef>2200YEA00978</StopPointRef>
          <TimingStatus>OTH</TimingStatus>
        </From>
        <To>
          <StopPointRef>2200YEA00955</StopPointRef>
          <TimingStatus>PTP</TimingStatus>
        </To>
        <RouteLinkRef>YEAO243_003_5578</RouteLinkRef>
        <Direction>inbound</Direction>
        <RunTime>PT210S</RunTime>
      </JourneyPatternTimingLink>
      <JourneyPatternTimingLink id="JPS_YEAO243-3_5579">
        <From>
          <StopPointRef>2200YEA00955</StopPointRef>
          <TimingStatus>PTP</TimingStatus>
        </From>
        <To>
          <StopPointRef>2200YEA11698</StopPointRef>
          <TimingStatus>PTP</TimingStatus>
        </To>
        <RouteLinkRef>YEAO243_003_5579</RouteLinkRef>
        <Direction>inbound</Direction>
        <RunTime>PT180S</RunTime>
      </JourneyPatternTimingLink>
      <JourneyPatternTimingLink id="JPS_YEAO243-3_5580">
        <From>
          <StopPointRef>2200YEA11698</StopPointRef>
          <TimingStatus>PTP</TimingStatus>
        </From>
        <To>
          <StopPointRef>2200YEA00959</StopPointRef>
          <TimingStatus>PTP</TimingStatus>
        </To>
        <RouteLinkRef>YEAO243_003_5580</RouteLinkRef>
        <Direction>inbound</Direction>
        <RunTime>PT240S</RunTime>
      </JourneyPatternTimingLink>
      <JourneyPatternTimingLink id="JPS_YEAO243-3_5581">
        <From>
          <StopPointRef>2200YEA00959</StopPointRef>
          <TimingStatus>PTP</TimingStatus>
        </From>
        <To>
          <StopPointRef>2200YEA00951</StopPointRef>
          <TimingStatus>OTH</TimingStatus>
        </To>
        <RouteLinkRef>YEAO243_003_5581</RouteLinkRef>
        <Direction>inbound</Direction>
        <RunTime>PT53S</RunTime>
      </JourneyPatternTimingLink>
      <JourneyPatternTimingLink id="JPS_YEAO243-3_5582">
        <From>
          <StopPointRef>2200YEA00951</StopPointRef>
          <TimingStatus>OTH</TimingStatus>
        </From>
        <To>
          <StopPointRef>2200YEA11876</StopPointRef>
          <TimingStatus>PTP</TimingStatus>
        </To>
        <RouteLinkRef>YEAO243_003_5582</RouteLinkRef>
        <Direction>inbound</Direction>
        <RunTime>PT247S</RunTime>
      </JourneyPatternTimingLink>
      <JourneyPatternTimingLink id="JPS_YEAO243-3_5583">
        <From>
          <StopPointRef>2200YEA11876</StopPointRef>
          <TimingStatus>PTP</TimingStatus>
        </From>
        <To>
          <StopPointRef>2200YEA11819</StopPointRef>
          <TimingStatus>OTH</TimingStatus>
        </To>
        <RouteLinkRef>YEAO243_003_5583</RouteLinkRef>
        <Direction>inbound</Direction>
        <RunTime>PT124S</RunTime>
      </JourneyPatternTimingLink>
      <JourneyPatternTimingLink id="JPS_YEAO243-3_5584">
        <From>
          <StopPointRef>2200YEA11819</StopPointRef>
          <TimingStatus>OTH</TimingStatus>
        </From>
        <To>
          <StopPointRef>2200YEA00705</StopPointRef>
          <TimingStatus>PTP</TimingStatus>
        </To>
        <RouteLinkRef>YEAO243_003_5584</RouteLinkRef>
        <Direction>inbound</Direction>
        <RunTime>PT236S</RunTime>
      </JourneyPatternTimingLink>
      <JourneyPatternTimingLink id="JPS_YEAO243-3_5585">
        <From>
          <StopPointRef>2200YEA00705</StopPointRef>
          <TimingStatus>PTP</TimingStatus>
        </From>
        <To>
          <StopPointRef>2200YEZ01320</StopPointRef>
          <TimingStatus>OTH</TimingStatus>
        </To>
        <RouteLinkRef>YEAO243_003_5585</RouteLinkRef>
        <Direction>inbound</Direction>
        <RunTime>PT157S</RunTime>
      </JourneyPatternTimingLink>
      <JourneyPatternTimingLink id="JPS_YEAO243-3_5586">
        <From>
          <StopPointRef>2200YEZ01320</StopPointRef>
          <TimingStatus>OTH</TimingStatus>
        </From>
        <To>
          <StopPointRef>2200YEA00708</StopPointRef>
          <TimingStatus>PTP</TimingStatus>
        </To>
        <RouteLinkRef>YEAO243_003_5586</RouteLinkRef>
        <Direction>inbound</Direction>
        <RunTime>PT143S</RunTime>
      </JourneyPatternTimingLink>
      <JourneyPatternTimingLink id="JPS_YEAO243-3_5587">
        <From>
          <StopPointRef>2200YEA00708</StopPointRef>
          <TimingStatus>PTP</TimingStatus>
        </From>
        <To>
          <StopPointRef>2200YEZ01331</StopPointRef>
          <TimingStatus>OTH</TimingStatus>
        </To>
        <RouteLinkRef>YEAO243_003_5587</RouteLinkRef>
        <Direction>inbound</Direction>
        <RunTime>PT199S</RunTime>
      </JourneyPatternTimingLink>
      <JourneyPatternTimingLink id="JPS_YEAO243-3_5588">
        <From>
          <StopPointRef>2200YEZ01331</StopPointRef>
          <TimingStatus>OTH</TimingStatus>
        </From>
        <To>
          <StopPointRef>2200YEA00903</StopPointRef>
          <TimingStatus>OTH</TimingStatus>
        </To>
        <RouteLinkRef>YEAO243_003_5588</RouteLinkRef>
        <Direction>inbound</Direction>
        <RunTime>PT274S</RunTime>
      </JourneyPatternTimingLink>
      <JourneyPatternTimingLink id="JPS_YEAO243-3_5589">
        <From>
          <StopPointRef>2200YEA00903</StopPointRef>
          <TimingStatus>OTH</TimingStatus>
        </From>
        <To>
          <StopPointRef>2200YEA01672</StopPointRef>
          <TimingStatus>OTH</TimingStatus>
        </To>
        <RouteLinkRef>YEAO243_003_5589</RouteLinkRef>
        <Direction>inbound</Direction>
        <RunTime>PT13S</RunTime>
      </JourneyPatternTimingLink>
      <JourneyPatternTimingLink id="JPS_YEAO243-3_5590">
        <From>
          <StopPointRef>2200YEA01672</StopPointRef>
          <TimingStatus>OTH</TimingStatus>
        </From>
        <To>
          <StopPointRef>2200YEA00905</StopPointRef>
          <TimingStatus>OTH</TimingStatus>
        </To>
        <RouteLinkRef>YEAO243_003_5590</RouteLinkRef>
        <Direction>inbound</Direction>
        <RunTime>PT13S</RunTime>
      </JourneyPatternTimingLink>
      <JourneyPatternTimingLink id="JPS_YEAO243-3_5591">
        <From>
          <StopPointRef>2200YEA00905</StopPointRef>
          <TimingStatus>OTH</TimingStatus>
        </From>
        <To>
          <StopPointRef>2200YEA00335</StopPointRef>
          <TimingStatus>OTH</TimingStatus>
        </To>
        <RouteLinkRef>YEAO243_003_5591</RouteLinkRef>
        <Direction>inbound</Direction>
        <RunTime>PT11S</RunTime>
      </JourneyPatternTimingLink>
      <JourneyPatternTimingLink id="JPS_YEAO243-3_5592">
        <From>
          <StopPointRef>2200YEA00335</StopPointRef>
          <TimingStatus>OTH</TimingStatus>
        </From>
        <To>
          <StopPointRef>2200YEA00336</StopPointRef>
          <TimingStatus>OTH</TimingStatus>
        </To>
        <RouteLinkRef>YEAO243_003_5592</RouteLinkRef>
        <Direction>inbound</Direction>
        <RunTime>PT28S</RunTime>
      </JourneyPatternTimingLink>
      <JourneyPatternTimingLink id="JPS_YEAO243-3_5593">
        <From>
          <StopPointRef>2200YEA00336</StopPointRef>
          <TimingStatus>OTH</TimingStatus>
        </From>
        <To>
          <StopPointRef>2200YEA00024</StopPointRef>
          <TimingStatus>PTP</TimingStatus>
        </To>
        <RouteLinkRef>YEAO243_003_5593</RouteLinkRef>
        <Direction>inbound</Direction>
        <RunTime>PT62S</RunTime>
      </JourneyPatternTimingLink>
    </JourneyPatternSection>
    <JourneyPatternSection id="JPS_YEAO243-4">
      <JourneyPatternTimingLink id="JPS_YEAO243-4_5605">
        <From>
          <StopPointRef>2200YEA00024</StopPointRef>
          <TimingStatus>PTP</TimingStatus>
        </From>
        <To>
          <StopPointRef>2200YEA00337</StopPointRef>
          <TimingStatus>OTH</TimingStatus>
        </To>
        <RouteLinkRef>YEAO243_001_5605</RouteLinkRef>
        <Direction>outbound</Direction>
        <RunTime>PT45S</RunTime>
      </JourneyPatternTimingLink>
      <JourneyPatternTimingLink id="JPS_YEAO243-4_5606">
        <From>
          <StopPointRef>2200YEA00337</StopPointRef>
          <TimingStatus>OTH</TimingStatus>
        </From>
        <To>
          <StopPointRef>2200YEA00906</StopPointRef>
          <TimingStatus>OTH</TimingStatus>
        </To>
        <RouteLinkRef>YEAO243_001_5606</RouteLinkRef>
        <Direction>outbound</Direction>
        <RunTime>PT39S</RunTime>
      </JourneyPatternTimingLink>
      <JourneyPatternTimingLink id="JPS_YEAO243-4_5607">
        <From>
          <StopPointRef>2200YEA00906</StopPointRef>
          <TimingStatus>OTH</TimingStatus>
        </From>
        <To>
          <StopPointRef>2200YEA01671</StopPointRef>
          <TimingStatus>OTH</TimingStatus>
        </To>
        <RouteLinkRef>YEAO243_001_5607</RouteLinkRef>
        <Direction>outbound</Direction>
        <RunTime>PT13S</RunTime>
      </JourneyPatternTimingLink>
      <JourneyPatternTimingLink id="JPS_YEAO243-4_5608">
        <From>
          <StopPointRef>2200YEA01671</StopPointRef>
          <TimingStatus>OTH</TimingStatus>
        </From>
        <To>
          <StopPointRef>2200YEA00904</StopPointRef>
          <TimingStatus>OTH</TimingStatus>
        </To>
        <RouteLinkRef>YEAO243_001_5608</RouteLinkRef>
        <Direction>outbound</Direction>
        <RunTime>PT26S</RunTime>
      </JourneyPatternTimingLink>
      <JourneyPatternTimingLink id="JPS_YEAO243-4_5609">
        <From>
          <StopPointRef>2200YEA00904</StopPointRef>
          <TimingStatus>OTH</TimingStatus>
        </From>
        <To>
          <StopPointRef>2200YEZ01330</StopPointRef>
          <TimingStatus>OTH</TimingStatus>
        </To>
        <RouteLinkRef>YEAO243_001_5609</RouteLinkRef>
        <Direction>outbound</Direction>
        <RunTime>PT272S</RunTime>
      </JourneyPatternTimingLink>
      <JourneyPatternTimingLink id="JPS_YEAO243-4_5610">
        <From>
          <StopPointRef>2200YEZ01330</StopPointRef>
          <TimingStatus>OTH</TimingStatus>
        </From>
        <To>
          <StopPointRef>2200YEA00709</StopPointRef>
          <TimingStatus>PTP</TimingStatus>
        </To>
        <RouteLinkRef>YEAO243_001_5610</RouteLinkRef>
        <Direction>outbound</Direction>
        <RunTime>PT205S</RunTime>
      </JourneyPatternTimingLink>
      <JourneyPatternTimingLink id="JPS_YEAO243-4_5611">
        <From>
          <StopPointRef>2200YEA00709</StopPointRef>
          <TimingStatus>PTP</TimingStatus>
        </From>
        <To>
          <StopPointRef>2200YEZ01321</StopPointRef>
          <TimingStatus>OTH</TimingStatus>
        </To>
        <RouteLinkRef>YEAO243_001_5611</RouteLinkRef>
        <Direction>outbound</Direction>
        <RunTime>PT141S</RunTime>
      </JourneyPatternTimingLink>
      <JourneyPatternTimingLink id="JPS_YEAO243-4_5612">
        <From>
          <StopPointRef>2200YEZ01321</StopPointRef>
          <TimingStatus>OTH</TimingStatus>
        </From>
        <To>
          <StopPointRef>2200YEA00707</StopPointRef>
          <TimingStatus>OTH</TimingStatus>
        </To>
        <RouteLinkRef>YEAO243_001_5612</RouteLinkRef>
        <Direction>outbound</Direction>
        <RunTime>PT136S</RunTime>
      </JourneyPatternTimingLink>
      <JourneyPatternTimingLink id="JPS_YEAO243-4_5613">
        <From>
          <StopPointRef>2200YEA00707</StopPointRef>
          <TimingStatus>OTH</TimingStatus>
        </From>
        <To>
          <StopPointRef>2200YEA00706</StopPointRef>
          <TimingStatus>PTP</TimingStatus>
        </To>
        <RouteLinkRef>YEAO243_001_5613</RouteLinkRef>
        <Direction>outbound</Direction>
        <RunTime>PT23S</RunTime>
      </JourneyPatternTimingLink>
      <JourneyPatternTimingLink id="JPS_YEAO243-4_5614">
        <From>
          <StopPointRef>2200YEA00706</StopPointRef>
          <TimingStatus>PTP</TimingStatus>
        </From>
        <To>
          <StopPointRef>2200YEA00948</StopPointRef>
          <TimingStatus>PTP</TimingStatus>
        </To>
        <RouteLinkRef>YEAO243_001_5614</RouteLinkRef>
        <Direction>outbound</Direction>
        <RunTime>PT360S</RunTime>
      </JourneyPatternTimingLink>
      <JourneyPatternTimingLink id="JPS_YEAO243-4_5615">
        <From>
          <StopPointRef>2200YEA00948</StopPointRef>
          <TimingStatus>PTP</TimingStatus>
        </From>
        <To>
          <StopPointRef>2200YEA00949</StopPointRef>
          <TimingStatus>OTH</TimingStatus>
        </To>
        <RouteLinkRef>YEAO243_001_5615</RouteLinkRef>
        <Direction>outbound</Direction>
        <RunTime>PT146S</RunTime>
      </JourneyPatternTimingLink>
      <JourneyPatternTimingLink id="JPS_YEAO243-4_5616">
        <From>
          <StopPointRef>2200YEA00949</StopPointRef>
          <TimingStatus>OTH</TimingStatus>
        </From>
        <To>
          <StopPointRef>2200YEA00950</StopPointRef>
          <TimingStatus>OTH</TimingStatus>
        </To>
        <RouteLinkRef>YEAO243_001_5616</RouteLinkRef>
        <Direction>outbound</Direction>
        <RunTime>PT133S</RunTime>
      </JourneyPatternTimingLink>
      <JourneyPatternTimingLink id="JPS_YEAO243-4_5617">
        <From>
          <StopPointRef>2200YEA00950</StopPointRef>
          <TimingStatus>OTH</TimingStatus>
        </From>
        <To>
          <StopPointRef>2200YEA00958</StopPointRef>
          <TimingStatus>PTP</TimingStatus>
        </To>
        <RouteLinkRef>YEAO243_001_5617</RouteLinkRef>
        <Direction>outbound</Direction>
        <RunTime>PT21S</RunTime>
      </JourneyPatternTimingLink>
      <JourneyPatternTimingLink id="JPS_YEAO243-4_5618">
        <From>
          <StopPointRef>2200YEA00958</StopPointRef>
          <TimingStatus>PTP</TimingStatus>
        </From>
        <To>
          <StopPointRef>2200YEA00957</StopPointRef>
          <TimingStatus>OTH</TimingStatus>
        </To>
        <RouteLinkRef>YEAO243_001_5618</RouteLinkRef>
        <Direction>outbound</Direction>
        <RunTime>PT196S</RunTime>
      </JourneyPatternTimingLink>
      <JourneyPatternTimingLink id="JPS_YEAO243-4_5619">
        <From>
          <StopPointRef>2200YEA00957</StopPointRef>
          <TimingStatus>OTH</TimingStatus>
        </From>
        <To>
          <StopPointRef>2200YEA00956</StopPointRef>
          <TimingStatus>PTP</TimingStatus>
        </To>
        <RouteLinkRef>YEAO243_001_5619</RouteLinkRef>
        <Direction>outbound</Direction>
        <RunTime>PT44S</RunTime>
      </JourneyPatternTimingLink>
      <JourneyPatternTimingLink id="JPS_YEAO243-4_5620">
        <From>
          <StopPointRef>2200YEA00956</StopPointRef>
          <TimingStatus>PTP</TimingStatus>
        </From>
        <To>
          <StopPointRef>2200YEA00967</StopPointRef>
          <TimingStatus>PTP</TimingStatus>
        </To>
        <RouteLinkRef>YEAO243_001_5620</RouteLinkRef>
        <Direction>outbound</Direction>
        <RunTime>PT180S</RunTime>
      </JourneyPatternTimingLink>
      <JourneyPatternTimingLink id="JPS_YEAO243-4_5621">
        <From>
          <StopPointRef>2200YEA00967</StopPointRef>
          <TimingStatus>PTP</TimingStatus>
        </From>
        <To>
          <StopPointRef>2200YEA00748</StopPointRef>
          <TimingStatus>OTH</TimingStatus>
        </To>
        <RouteLinkRef>YEAO243_001_5621</RouteLinkRef>
        <Direction>outbound</Direction>
        <RunTime>PT694S</RunTime>
      </JourneyPatternTimingLink>
      <JourneyPatternTimingLink id="JPS_YEAO243-4_5622">
        <From>
          <StopPointRef>2200YEA00748</StopPointRef>
          <TimingStatus>OTH</TimingStatus>
        </From>
        <To>
          <StopPointRef>2200YEA00207</StopPointRef>
          <TimingStatus>PTP</TimingStatus>
        </To>
        <RouteLinkRef>YEAO243_001_5622</RouteLinkRef>
        <Direction>outbound</Direction>
        <RunTime>PT26S</RunTime>
      </JourneyPatternTimingLink>
      <JourneyPatternTimingLink id="JPS_YEAO243-4_5623">
        <From>
          <StopPointRef>2200YEA00207</StopPointRef>
          <TimingStatus>PTP</TimingStatus>
        </From>
        <To>
          <StopPointRef>2200YEA00754</StopPointRef>
          <TimingStatus>OTH</TimingStatus>
        </To>
        <RouteLinkRef>YEAO243_001_5623</RouteLinkRef>
        <Direction>outbound</Direction>
        <RunTime>PT13S</RunTime>
      </JourneyPatternTimingLink>
      <JourneyPatternTimingLink id="JPS_YEAO243-4_5624">
        <From>
          <StopPointRef>2200YEA00754</StopPointRef>
          <TimingStatus>OTH</TimingStatus>
        </From>
        <To>
          <StopPointRef>2200YEA00752</StopPointRef>
          <TimingStatus>OTH</TimingStatus>
        </To>
        <RouteLinkRef>YEAO243_001_5624</RouteLinkRef>
        <Direction>outbound</Direction>
        <RunTime>PT18S</RunTime>
      </JourneyPatternTimingLink>
      <JourneyPatternTimingLink id="JPS_YEAO243-4_5625">
        <From>
          <StopPointRef>2200YEA00752</StopPointRef>
          <TimingStatus>OTH</TimingStatus>
        </From>
        <To>
          <StopPointRef>2200YEA11661</StopPointRef>
          <TimingStatus>OTH</TimingStatus>
        </To>
        <RouteLinkRef>YEAO243_001_5625</RouteLinkRef>
        <Direction>outbound</Direction>
        <RunTime>PT125S</RunTime>
      </JourneyPatternTimingLink>
      <JourneyPatternTimingLink id="JPS_YEAO243-4_5626">
        <From>
          <StopPointRef>2200YEA11661</StopPointRef>
          <TimingStatus>OTH</TimingStatus>
        </From>
        <To>
          <StopPointRef>2200YEA00868</StopPointRef>
          <TimingStatus>PTP</TimingStatus>
        </To>
        <RouteLinkRef>YEAO243_001_5626</RouteLinkRef>
        <Direction>outbound</Direction>
        <RunTime>PT444S</RunTime>
      </JourneyPatternTimingLink>
      <JourneyPatternTimingLink id="JPS_YEAO243-4_5627">
        <From>
          <StopPointRef>2200YEA00868</StopPointRef>
          <TimingStatus>PTP</TimingStatus>
        </From>
        <To>
          <StopPointRef>2200YEA00867</StopPointRef>
          <TimingStatus>OTH</TimingStatus>
        </To>
        <RouteLinkRef>YEAO243_001_5627</RouteLinkRef>
        <Direction>outbound</Direction>
        <RunTime>PT185S</RunTime>
      </JourneyPatternTimingLink>
      <JourneyPatternTimingLink id="JPS_YEAO243-4_5628">
        <From>
          <StopPointRef>2200YEA00867</StopPointRef>
          <TimingStatus>OTH</TimingStatus>
        </From>
        <To>
          <StopPointRef>2200YEA00620</StopPointRef>
          <TimingStatus>OTH</TimingStatus>
        </To>
        <RouteLinkRef>YEAO243_001_5628</RouteLinkRef>
        <Direction>outbound</Direction>
        <RunTime>PT193S</RunTime>
      </JourneyPatternTimingLink>
      <JourneyPatternTimingLink id="JPS_YEAO243-4_5629">
        <From>
          <StopPointRef>2200YEA00620</StopPointRef>
          <TimingStatus>OTH</TimingStatus>
        </From>
        <To>
          <StopPointRef>2200YEA00622</StopPointRef>
          <TimingStatus>OTH</TimingStatus>
        </To>
        <RouteLinkRef>YEAO243_001_5629</RouteLinkRef>
        <Direction>outbound</Direction>
        <RunTime>PT107S</RunTime>
      </JourneyPatternTimingLink>
      <JourneyPatternTimingLink id="JPS_YEAO243-4_5630">
        <From>
          <StopPointRef>2200YEA00622</StopPointRef>
          <TimingStatus>OTH</TimingStatus>
        </From>
        <To>
          <StopPointRef>2200YEA00073</StopPointRef>
          <TimingStatus>OTH</TimingStatus>
        </To>
        <RouteLinkRef>YEAO243_001_5630</RouteLinkRef>
        <Direction>outbound</Direction>
        <RunTime>PT41S</RunTime>
      </JourneyPatternTimingLink>
      <JourneyPatternTimingLink id="JPS_YEAO243-4_5631">
        <From>
          <StopPointRef>2200YEA00073</StopPointRef>
          <TimingStatus>OTH</TimingStatus>
        </From>
        <To>
          <StopPointRef>2200YEA00076</StopPointRef>
          <TimingStatus>OTH</TimingStatus>
        </To>
        <RouteLinkRef>YEAO243_001_5631</RouteLinkRef>
        <Direction>outbound</Direction>
        <RunTime>PT24S</RunTime>
      </JourneyPatternTimingLink>
      <JourneyPatternTimingLink id="JPS_YEAO243-4_5632">
        <From>
          <StopPointRef>2200YEA00076</StopPointRef>
          <TimingStatus>OTH</TimingStatus>
        </From>
        <To>
          <StopPointRef>2200YEA01631</StopPointRef>
          <TimingStatus>OTH</TimingStatus>
        </To>
        <RouteLinkRef>YEAO243_001_5632</RouteLinkRef>
        <Direction>outbound</Direction>
        <RunTime>PT31S</RunTime>
      </JourneyPatternTimingLink>
      <JourneyPatternTimingLink id="JPS_YEAO243-4_5633">
        <From>
          <StopPointRef>2200YEA01631</StopPointRef>
          <TimingStatus>OTH</TimingStatus>
        </From>
        <To>
          <StopPointRef>2200YEZ01250</StopPointRef>
          <TimingStatus>PTP</TimingStatus>
        </To>
        <RouteLinkRef>YEAO243_001_5633</RouteLinkRef>
        <Direction>outbound</Direction>
        <RunTime>PT19S</RunTime>
      </JourneyPatternTimingLink>
    </JourneyPatternSection>
  </JourneyPatternSections>
  <Operators>
    <Operator id="ERYC">
      <NationalOperatorCode>ERDG</NationalOperatorCode>
      <OperatorCode>ERYC</OperatorCode>
      <OperatorShortName>East Riding of Yorkshire</OperatorShortName>
    </Operator>
  </Operators>
  <Services>
    <Service>
      <ServiceCode>YEAO243</ServiceCode>
      <Lines>
        <Line id="0">
          <LineName>243</LineName>
        </Line>
      </Lines>
      <OperatingPeriod>
        <StartDate>2016-09-27</StartDate>
      </OperatingPeriod>
      <RegisteredOperatorRef>ERYC</RegisteredOperatorRef>
      <StopRequirements>
        <NoNewStopsRequired />
      </StopRequirements>
      <Mode>bus</Mode>
      <Description>Withernsea - Beverley</Description>
      <StandardService>
        <Origin>Withernsea</Origin>
        <Destination>Beverley</Destination>
        <JourneyPattern id="JPS_YEAO243-3">
          <Direction>inbound</Direction>
          <JourneyPatternSectionRefs>JPS_YEAO243-3</JourneyPatternSectionRefs>
        </JourneyPattern>
        <JourneyPattern id="JPS_YEAO243-4">
          <Direction>outbound</Direction>
          <JourneyPatternSectionRefs>JPS_YEAO243-4</JourneyPatternSectionRefs>
        </JourneyPattern>
      </StandardService>
    </Service>
  </Services>
  <VehicleJourneys>
    <VehicleJourney>
      <OperatorRef>ERYC</OperatorRef>
      <OperatingProfile>
        <RegularDayType>
          <DaysOfWeek>
            <Monday />
            <Tuesday />
            <Wednesday />
            <Thursday />
            <Friday />
          </DaysOfWeek>
        </RegularDayType>
        <BankHolidayOperation>
          <DaysOfNonOperation>
            <LateSummerBankHolidayNotScotland />
          </DaysOfNonOperation>
        </BankHolidayOperation>
      </OperatingProfile>
      <VehicleJourneyCode>731</VehicleJourneyCode>
      <ServiceRef>YEAO243</ServiceRef>
      <LineRef>0</LineRef>
      <JourneyPatternRef>JPS_YEAO243-3</JourneyPatternRef>
      <DepartureTime>13:25:00</DepartureTime>
    </VehicleJourney>
    <VehicleJourney>
      <OperatorRef>ERYC</OperatorRef>
      <OperatingProfile>
        <RegularDayType>
          <DaysOfWeek>
            <Monday />
            <Tuesday />
            <Wednesday />
            <Thursday />
            <Friday />
          </DaysOfWeek>
        </RegularDayType>
        <BankHolidayOperation>
          <DaysOfNonOperation>
            <LateSummerBankHolidayNotScotland />
          </DaysOfNonOperation>
        </BankHolidayOperation>
      </OperatingProfile>
      <VehicleJourneyCode>732</VehicleJourneyCode>
      <ServiceRef>YEAO243</ServiceRef>
      <LineRef>0</LineRef>
      <JourneyPatternRef>JPS_YEAO243-4</JourneyPatternRef>
      <DepartureTime>10:30:00</DepartureTime>
    </VehicleJourney>
  </VehicleJourneys>
</TransXChange>