<?xml version="1.0" encoding="utf-8"?>
<TransXChange xmlns:xsd="http://www.w3.org/2001/XMLSchema" xmlns:xsi="http://www.w3.org/2001/XMLSchema-instance" xsi:schemaLocation="http://www.transxchange.org.uk/ http://www.transxchange.org.uk/schema/2.1/TransXChange_general.xsd" CreationDateTime="2017-09-18T09:39:00-00:00" ModificationDateTime="2017-09-18T09:39:00-00:00" Modification="new" RevisionNumber="0" FileName="SVRYNCO014.xml" SchemaVersion="2.1" RegistrationDocument="false" xmlns="http://www.transxchange.org.uk/">
  <StopPoints>
    <AnnotatedStopPointRef>
      <StopPointRef>3200YNA01953</StopPointRef>
      <CommonName>Bus Station Stand 1</CommonName>
    </AnnotatedStopPointRef>
    <AnnotatedStopPointRef>
      <StopPointRef>3200YNA01788</StopPointRef>
      <CommonName>Market Place</CommonName>
    </AnnotatedStopPointRef>
    <AnnotatedStopPointRef>
      <StopPointRef>3200YNA96779</StopPointRef>
      <CommonName>The Bailey</CommonName>
    </AnnotatedStopPointRef>
    <AnnotatedStopPointRef>
      <StopPointRef>3200YNA01994</StopPointRef>
      <CommonName>Embsay Road Junction</CommonName>
    </AnnotatedStopPointRef>
    <AnnotatedStopPointRef>
      <StopPointRef>3200YNA01997</StopPointRef>
      <CommonName>Megsons Court</CommonName>
    </AnnotatedStopPointRef>
    <AnnotatedStopPointRef>
      <StopPointRef>3200YNA01998</StopPointRef>
      <CommonName>Brackenly Lane</CommonName>
    </AnnotatedStopPointRef>
    <AnnotatedStopPointRef>
      <StopPointRef>3200YNA02000</StopPointRef>
      <CommonName>Dalacres Drive</CommonName>
    </AnnotatedStopPointRef>
    <AnnotatedStopPointRef>
      <StopPointRef>3200YNA02003</StopPointRef>
      <CommonName>Laurel Croft</CommonName>
    </AnnotatedStopPointRef>
    <AnnotatedStopPointRef>
      <StopPointRef>3200YNA02001</StopPointRef>
      <CommonName>Dalacres Drive</CommonName>
    </AnnotatedStopPointRef>
    <AnnotatedStopPointRef>
      <StopPointRef>3200YNA01999</StopPointRef>
      <CommonName>Brackenly Lane</CommonName>
    </AnnotatedStopPointRef>
    <AnnotatedStopPointRef>
      <StopPointRef>3200YNA01996</StopPointRef>
      <CommonName>Megsons Court</CommonName>
    </AnnotatedStopPointRef>
    <AnnotatedStopPointRef>
      <StopPointRef>3200YNA01995</StopPointRef>
      <CommonName>Embsay Road Junction</CommonName>
    </AnnotatedStopPointRef>
    <AnnotatedStopPointRef>
      <StopPointRef>3200YNA96780</StopPointRef>
      <CommonName>The Bailey</CommonName>
    </AnnotatedStopPointRef>
    <AnnotatedStopPointRef>
      <StopPointRef>3200YNA01787</StopPointRef>
      <CommonName>Market Place</CommonName>
    </AnnotatedStopPointRef>
  </StopPoints>
  <RouteSections>
    <RouteSection id="YNCO014_001">
      <RouteLink id="YNCO014_001_41699">
        <From>
          <StopPointRef>3200YNA01953</StopPointRef>
        </From>
        <To>
          <StopPointRef>3200YNA01788</StopPointRef>
        </To>
        <Direction>outbound</Direction>
      </RouteLink>
      <RouteLink id="YNCO014_001_41700">
        <From>
          <StopPointRef>3200YNA01788</StopPointRef>
        </From>
        <To>
          <StopPointRef>3200YNA96779</StopPointRef>
        </To>
        <Direction>outbound</Direction>
      </RouteLink>
      <RouteLink id="YNCO014_001_41701">
        <From>
          <StopPointRef>3200YNA96779</StopPointRef>
        </From>
        <To>
          <StopPointRef>3200YNA01994</StopPointRef>
        </To>
        <Direction>outbound</Direction>
      </RouteLink>
      <RouteLink id="YNCO014_001_41702">
        <From>
          <StopPointRef>3200YNA01994</StopPointRef>
        </From>
        <To>
          <StopPointRef>3200YNA01997</StopPointRef>
        </To>
        <Direction>outbound</Direction>
      </RouteLink>
      <RouteLink id="YNCO014_001_41703">
        <From>
          <StopPointRef>3200YNA01997</StopPointRef>
        </From>
        <To>
          <StopPointRef>3200YNA01998</StopPointRef>
        </To>
        <Direction>outbound</Direction>
      </RouteLink>
      <RouteLink id="YNCO014_001_41704">
        <From>
          <StopPointRef>3200YNA01998</StopPointRef>
        </From>
        <To>
          <StopPointRef>3200YNA02000</StopPointRef>
        </To>
        <Direction>outbound</Direction>
      </RouteLink>
      <RouteLink id="YNCO014_001_41705">
        <From>
          <StopPointRef>3200YNA02000</StopPointRef>
        </From>
        <To>
          <StopPointRef>3200YNA02003</StopPointRef>
        </To>
        <Direction>outbound</Direction>
      </RouteLink>
      <RouteLink id="YNCO014_001_41706">
        <From>
          <StopPointRef>3200YNA02003</StopPointRef>
        </From>
        <To>
          <StopPointRef>3200YNA02001</StopPointRef>
        </To>
        <Direction>outbound</Direction>
      </RouteLink>
      <RouteLink id="YNCO014_001_41707">
        <From>
          <StopPointRef>3200YNA02001</StopPointRef>
        </From>
        <To>
          <StopPointRef>3200YNA01999</StopPointRef>
        </To>
        <Direction>outbound</Direction>
      </RouteLink>
      <RouteLink id="YNCO014_001_41708">
        <From>
          <StopPointRef>3200YNA01999</StopPointRef>
        </From>
        <To>
          <StopPointRef>3200YNA01996</StopPointRef>
        </To>
        <Direction>outbound</Direction>
      </RouteLink>
      <RouteLink id="YNCO014_001_41709">
        <From>
          <StopPointRef>3200YNA01996</StopPointRef>
        </From>
        <To>
          <StopPointRef>3200YNA01995</StopPointRef>
        </To>
        <Direction>outbound</Direction>
      </RouteLink>
      <RouteLink id="YNCO014_001_41710">
        <From>
          <StopPointRef>3200YNA01995</StopPointRef>
        </From>
        <To>
          <StopPointRef>3200YNA96780</StopPointRef>
        </To>
        <Direction>outbound</Direction>
      </RouteLink>
      <RouteLink id="YNCO014_001_41711">
        <From>
          <StopPointRef>3200YNA96780</StopPointRef>
        </From>
        <To>
          <StopPointRef>3200YNA01787</StopPointRef>
        </To>
        <Direction>outbound</Direction>
      </RouteLink>
      <RouteLink id="YNCO014_001_41712">
        <From>
          <StopPointRef>3200YNA01787</StopPointRef>
        </From>
        <To>
          <StopPointRef>3200YNA01953</StopPointRef>
        </To>
        <Direction>outbound</Direction>
      </RouteLink>
    </RouteSection>
  </RouteSections>
  <Routes>
    <Route id="YNCO014_001">
      <Description>Skipton - Embsay Circular
</Description>
      <RouteSectionRef>YNCO014_001</RouteSectionRef>
    </Route>
  </Routes>
  <JourneyPatternSections>
    <JourneyPatternSection id="JPS_YNCO014-2">
      <JourneyPatternTimingLink id="JPS_YNCO014-2_41699">
        <From>
          <StopPointRef>3200YNA01953</StopPointRef>
          <TimingStatus>PTP</TimingStatus>
        </From>
        <To>
          <StopPointRef>3200YNA01788</StopPointRef>
          <TimingStatus>OTH</TimingStatus>
        </To>
        <RouteLinkRef>YNCO014_001_41699</RouteLinkRef>
        <Direction>outbound</Direction>
        <RunTime>PT60S</RunTime>
      </JourneyPatternTimingLink>
      <JourneyPatternTimingLink id="JPS_YNCO014-2_41700">
        <From>
          <StopPointRef>3200YNA01788</StopPointRef>
          <TimingStatus>OTH</TimingStatus>
        </From>
        <To>
          <StopPointRef>3200YNA96779</StopPointRef>
          <TimingStatus>OTH</TimingStatus>
        </To>
        <RouteLinkRef>YNCO014_001_41700</RouteLinkRef>
        <Direction>outbound</Direction>
        <RunTime>PT60S</RunTime>
      </JourneyPatternTimingLink>
      <JourneyPatternTimingLink id="JPS_YNCO014-2_41701">
        <From>
          <StopPointRef>3200YNA96779</StopPointRef>
          <TimingStatus>OTH</TimingStatus>
        </From>
        <To>
          <StopPointRef>3200YNA01994</StopPointRef>
          <TimingStatus>OTH</TimingStatus>
        </To>
        <RouteLinkRef>YNCO014_001_41701</RouteLinkRef>
        <Direction>outbound</Direction>
        <RunTime>PT60S</RunTime>
      </JourneyPatternTimingLink>
      <JourneyPatternTimingLink id="JPS_YNCO014-2_41702">
        <From>
          <StopPointRef>3200YNA01994</StopPointRef>
          <TimingStatus>OTH</TimingStatus>
        </From>
        <To>
          <StopPointRef>3200YNA01997</StopPointRef>
          <TimingStatus>OTH</TimingStatus>
        </To>
        <RouteLinkRef>YNCO014_001_41702</RouteLinkRef>
        <Direction>outbound</Direction>
        <RunTime>PT180S</RunTime>
      </JourneyPatternTimingLink>
      <JourneyPatternTimingLink id="JPS_YNCO014-2_41703">
        <From>
          <StopPointRef>3200YNA01997</StopPointRef>
          <TimingStatus>OTH</TimingStatus>
        </From>
        <To>
          <StopPointRef>3200YNA01998</StopPointRef>
          <TimingStatus>OTH</TimingStatus>
        </To>
        <RouteLinkRef>YNCO014_001_41703</RouteLinkRef>
        <Direction>outbound</Direction>
        <RunTime>PT60S</RunTime>
      </JourneyPatternTimingLink>
      <JourneyPatternTimingLink id="JPS_YNCO014-2_41704">
        <From>
          <StopPointRef>3200YNA01998</StopPointRef>
          <TimingStatus>OTH</TimingStatus>
        </From>
        <To>
          <StopPointRef>3200YNA02000</StopPointRef>
          <TimingStatus>OTH</TimingStatus>
        </To>
        <RouteLinkRef>YNCO014_001_41704</RouteLinkRef>
        <Direction>outbound</Direction>
        <RunTime>PT60S</RunTime>
      </JourneyPatternTimingLink>
      <JourneyPatternTimingLink id="JPS_YNCO014-2_41705">
        <From>
          <StopPointRef>3200YNA02000</StopPointRef>
          <TimingStatus>OTH</TimingStatus>
        </From>
        <To>
          <StopPointRef>3200YNA02003</StopPointRef>
          <TimingStatus>PTP</TimingStatus>
        </To>
        <RouteLinkRef>YNCO014_001_41705</RouteLinkRef>
        <Direction>outbound</Direction>
        <RunTime>PT120S</RunTime>
      </JourneyPatternTimingLink>
      <JourneyPatternTimingLink id="JPS_YNCO014-2_41706">
        <From>
          <StopPointRef>3200YNA02003</StopPointRef>
          <TimingStatus>PTP</TimingStatus>
        </From>
        <To>
          <StopPointRef>3200YNA02001</StopPointRef>
          <TimingStatus>OTH</TimingStatus>
        </To>
        <RouteLinkRef>YNCO014_001_41706</RouteLinkRef>
        <Direction>outbound</Direction>
        <RunTime>PT60S</RunTime>
      </JourneyPatternTimingLink>
      <JourneyPatternTimingLink id="JPS_YNCO014-2_41707">
        <From>
          <StopPointRef>3200YNA02001</StopPointRef>
          <TimingStatus>OTH</TimingStatus>
        </From>
        <To>
          <StopPointRef>3200YNA01999</StopPointRef>
          <TimingStatus>OTH</TimingStatus>
        </To>
        <RouteLinkRef>YNCO014_001_41707</RouteLinkRef>
        <Direction>outbound</Direction>
        <RunTime>PT120S</RunTime>
      </JourneyPatternTimingLink>
      <JourneyPatternTimingLink id="JPS_YNCO014-2_41708">
        <From>
          <StopPointRef>3200YNA01999</StopPointRef>
          <TimingStatus>OTH</TimingStatus>
        </From>
        <To>
          <StopPointRef>3200YNA01996</StopPointRef>
          <TimingStatus>OTH</TimingStatus>
        </To>
        <RouteLinkRef>YNCO014_001_41708</RouteLinkRef>
        <Direction>outbound</Direction>
        <RunTime>PT60S</RunTime>
      </JourneyPatternTimingLink>
      <JourneyPatternTimingLink id="JPS_YNCO014-2_41709">
        <From>
          <StopPointRef>3200YNA01996</StopPointRef>
          <TimingStatus>OTH</TimingStatus>
        </From>
        <To>
          <StopPointRef>3200YNA01995</StopPointRef>
          <TimingStatus>OTH</TimingStatus>
        </To>
        <RouteLinkRef>YNCO014_001_41709</RouteLinkRef>
        <Direction>outbound</Direction>
        <RunTime>PT360S</RunTime>
      </JourneyPatternTimingLink>
      <JourneyPatternTimingLink id="JPS_YNCO014-2_41710">
        <From>
          <StopPointRef>3200YNA01995</StopPointRef>
          <TimingStatus>OTH</TimingStatus>
        </From>
        <To>
          <StopPointRef>3200YNA96780</StopPointRef>
          <TimingStatus>OTH</TimingStatus>
        </To>
        <RouteLinkRef>YNCO014_001_41710</RouteLinkRef>
        <Direction>outbound</Direction>
        <RunTime>PT60S</RunTime>
      </JourneyPatternTimingLink>
      <JourneyPatternTimingLink id="JPS_YNCO014-2_41711">
        <From>
          <StopPointRef>3200YNA96780</StopPointRef>
          <TimingStatus>OTH</TimingStatus>
        </From>
        <To>
          <StopPointRef>3200YNA01787</StopPointRef>
          <TimingStatus>OTH</TimingStatus>
        </To>
        <RouteLinkRef>YNCO014_001_41711</RouteLinkRef>
        <Direction>outbound</Direction>
        <RunTime>PT120S</RunTime>
      </JourneyPatternTimingLink>
      <JourneyPatternTimingLink id="JPS_YNCO014-2_41712">
        <From>
          <StopPointRef>3200YNA01787</StopPointRef>
          <TimingStatus>OTH</TimingStatus>
        </From>
        <To>
          <StopPointRef>3200YNA01953</StopPointRef>
          <TimingStatus>PTP</TimingStatus>
        </To>
        <RouteLinkRef>YNCO014_001_41712</RouteLinkRef>
        <Direction>outbound</Direction>
        <RunTime>PT120S</RunTime>
      </JourneyPatternTimingLink>
    </JourneyPatternSection>
  </JourneyPatternSections>
  <Operators>
    <Operator id="NYC">
      <NationalOperatorCode>NYCC</NationalOperatorCode>
      <OperatorCode>NYC</OperatorCode>
      <OperatorShortName>North Yorkshire County C</OperatorShortName>
    </Operator>
  </Operators>
  <Services>
    <Service>
      <ServiceCode>YNCO014</ServiceCode>
      <Lines>
        <Line id="0">
          <LineName>14</LineName>
        </Line>
      </Lines>
      <OperatingPeriod>
        <StartDate>2014-10-27</StartDate>
        <EndDate>2038-01-17</EndDate>
      </OperatingPeriod>
      <RegisteredOperatorRef>NYC</RegisteredOperatorRef>
      <StopRequirements>
        <NoNewStopsRequired />
      </StopRequirements>
      <Mode>bus</Mode>
      <Description>Skipton - Embsay Circular</Description>
      <StandardService>
        <Origin>Skipton</Origin>
        <Destination>Embsay Circular</Destination>
        <JourneyPattern id="JPS_YNCO014-2">
          <Direction>outbound</Direction>
          <JourneyPatternSectionRefs>JPS_YNCO014-2</JourneyPatternSectionRefs>
        </JourneyPattern>
      </StandardService>
    </Service>
  </Services>
  <VehicleJourneys>
    <VehicleJourney>
      <OperatorRef>NYC</OperatorRef>
      <OperatingProfile>
        <RegularDayType>
          <DaysOfWeek>
            <Monday />
            <Tuesday />
            <Wednesday />
            <Thursday />
            <Friday />
          </DaysOfWeek>
        </RegularDayType>
        <BankHolidayOperation>
          <DaysOfNonOperation>
            <ChristmasDay />
            <BoxingDay />
            <GoodFriday />
            <NewYearsDay />
            <LateSummerBankHolidayNotScotland />
            <MayDay />
            <EasterMonday />
            <SpringBank />
          </DaysOfNonOperation>
        </BankHolidayOperation>
      </OperatingProfile>
      <VehicleJourneyCode>66586</VehicleJourneyCode>
      <ServiceRef>YNCO014</ServiceRef>
      <LineRef>0</LineRef>
      <JourneyPatternRef>JPS_YNCO014-2</JourneyPatternRef>
      <DepartureTime>09:00:00</DepartureTime>
    </VehicleJourney>
    <VehicleJourney>
      <OperatorRef>NYC</OperatorRef>
      <OperatingProfile>
        <RegularDayType>
          <DaysOfWeek>
            <Monday />
            <Tuesday />
            <Wednesday />
            <Thursday />
            <Friday />
          </DaysOfWeek>
        </RegularDayType>
        <BankHolidayOperation>
          <DaysOfNonOperation>
            <ChristmasDay />
            <BoxingDay />
            <GoodFriday />
            <NewYearsDay />
            <LateSummerBankHolidayNotScotland />
            <MayDay />
            <EasterMonday />
            <SpringBank />
          </DaysOfNonOperation>
        </BankHolidayOperation>
      </OperatingProfile>
      <VehicleJourneyCode>66587</VehicleJourneyCode>
      <ServiceRef>YNCO014</ServiceRef>
      <LineRef>0</LineRef>
      <JourneyPatternRef>JPS_YNCO014-2</JourneyPatternRef>
      <DepartureTime>10:00:00</DepartureTime>
    </VehicleJourney>
    <VehicleJourney>
      <OperatorRef>NYC</OperatorRef>
      <OperatingProfile>
        <RegularDayType>
          <DaysOfWeek>
            <Monday />
            <Tuesday />
            <Wednesday />
            <Thursday />
            <Friday />
          </DaysOfWeek>
        </RegularDayType>
        <BankHolidayOperation>
          <DaysOfNonOperation>
            <ChristmasDay />
            <BoxingDay />
            <GoodFriday />
            <NewYearsDay />
            <LateSummerBankHolidayNotScotland />
            <MayDay />
            <EasterMonday />
            <SpringBank />
          </DaysOfNonOperation>
        </BankHolidayOperation>
      </OperatingProfile>
      <VehicleJourneyCode>66588</VehicleJourneyCode>
      <ServiceRef>YNCO014</ServiceRef>
      <LineRef>0</LineRef>
      <JourneyPatternRef>JPS_YNCO014-2</JourneyPatternRef>
      <DepartureTime>11:00:00</DepartureTime>
    </VehicleJourney>
    <VehicleJourney>
      <OperatorRef>NYC</OperatorRef>
      <OperatingProfile>
        <RegularDayType>
          <DaysOfWeek>
            <Monday />
            <Tuesday />
            <Wednesday />
            <Thursday />
            <Friday />
          </DaysOfWeek>
        </RegularDayType>
        <BankHolidayOperation>
          <DaysOfNonOperation>
            <ChristmasDay />
            <BoxingDay />
            <GoodFriday />
            <NewYearsDay />
            <LateSummerBankHolidayNotScotland />
            <MayDay />
            <EasterMonday />
            <SpringBank />
          </DaysOfNonOperation>
        </BankHolidayOperation>
      </OperatingProfile>
      <VehicleJourneyCode>66589</VehicleJourneyCode>
      <ServiceRef>YNCO014</ServiceRef>
      <LineRef>0</LineRef>
      <JourneyPatternRef>JPS_YNCO014-2</JourneyPatternRef>
      <DepartureTime>12:00:00</DepartureTime>
    </VehicleJourney>
    <VehicleJourney>
      <OperatorRef>NYC</OperatorRef>
      <OperatingProfile>
        <RegularDayType>
          <DaysOfWeek>
            <Monday />
            <Tuesday />
            <Wednesday />
            <Thursday />
            <Friday />
          </DaysOfWeek>
        </RegularDayType>
        <BankHolidayOperation>
          <DaysOfNonOperation>
            <ChristmasDay />
            <BoxingDay />
            <GoodFriday />
            <NewYearsDay />
            <LateSummerBankHolidayNotScotland />
            <MayDay />
            <EasterMonday />
            <SpringBank />
          </DaysOfNonOperation>
        </BankHolidayOperation>
      </OperatingProfile>
      <VehicleJourneyCode>66590</VehicleJourneyCode>
      <ServiceRef>YNCO014</ServiceRef>
      <LineRef>0</LineRef>
      <JourneyPatternRef>JPS_YNCO014-2</JourneyPatternRef>
      <DepartureTime>13:00:00</DepartureTime>
    </VehicleJourney>
    <VehicleJourney>
      <OperatorRef>NYC</OperatorRef>
      <OperatingProfile>
        <RegularDayType>
          <DaysOfWeek>
            <Monday />
            <Tuesday />
            <Wednesday />
            <Thursday />
            <Friday />
          </DaysOfWeek>
        </RegularDayType>
        <BankHolidayOperation>
          <DaysOfNonOperation>
            <ChristmasDay />
            <BoxingDay />
            <GoodFriday />
            <NewYearsDay />
            <LateSummerBankHolidayNotScotland />
            <MayDay />
            <EasterMonday />
            <SpringBank />
          </DaysOfNonOperation>
        </BankHolidayOperation>
      </OperatingProfile>
      <VehicleJourneyCode>66591</VehicleJourneyCode>
      <ServiceRef>YNCO014</ServiceRef>
      <LineRef>0</LineRef>
      <JourneyPatternRef>JPS_YNCO014-2</JourneyPatternRef>
      <DepartureTime>14:00:00</DepartureTime>
    </VehicleJourney>
    <VehicleJourney>
      <OperatorRef>NYC</OperatorRef>
      <OperatingProfile>
        <RegularDayType>
          <DaysOfWeek>
            <Monday />
            <Tuesday />
            <Wednesday />
            <Thursday />
            <Friday />
          </DaysOfWeek>
        </RegularDayType>
        <BankHolidayOperation>
          <DaysOfNonOperation>
            <ChristmasDay />
            <BoxingDay />
            <GoodFriday />
            <NewYearsDay />
            <LateSummerBankHolidayNotScotland />
            <MayDay />
            <EasterMonday />
            <SpringBank />
          </DaysOfNonOperation>
        </BankHolidayOperation>
      </OperatingProfile>
      <VehicleJourneyCode>66592</VehicleJourneyCode>
      <ServiceRef>YNCO014</ServiceRef>
      <LineRef>0</LineRef>
      <JourneyPatternRef>JPS_YNCO014-2</JourneyPatternRef>
      <DepartureTime>15:00:00</DepartureTime>
    </VehicleJourney>
    <VehicleJourney>
      <OperatorRef>NYC</OperatorRef>
      <OperatingProfile>
        <RegularDayType>
          <DaysOfWeek>
            <Monday />
            <Tuesday />
            <Wednesday />
            <Thursday />
            <Friday />
          </DaysOfWeek>
        </RegularDayType>
        <BankHolidayOperation>
          <DaysOfNonOperation>
            <ChristmasDay />
            <BoxingDay />
            <GoodFriday />
            <NewYearsDay />
            <LateSummerBankHolidayNotScotland />
            <MayDay />
            <EasterMonday />
            <SpringBank />
          </DaysOfNonOperation>
        </BankHolidayOperation>
      </OperatingProfile>
      <VehicleJourneyCode>66593</VehicleJourneyCode>
      <ServiceRef>YNCO014</ServiceRef>
      <LineRef>0</LineRef>
      <JourneyPatternRef>JPS_YNCO014-2</JourneyPatternRef>
      <DepartureTime>16:20:00</DepartureTime>
    </VehicleJourney>
  </VehicleJourneys>
</TransXChange>