<?xml version="1.0" encoding="utf-8"?>
<TransXChange xmlns:xsd="http://www.w3.org/2001/XMLSchema" xmlns:xsi="http://www.w3.org/2001/XMLSchema-instance" xsi:schemaLocation="http://www.transxchange.org.uk/ http://www.transxchange.org.uk/schema/2.1/TransXChange_general.xsd" CreationDateTime="2017-09-18T09:33:00-00:00" ModificationDateTime="2017-09-18T09:33:00-00:00" Modification="new" RevisionNumber="0" FileName="SVRYEAO510.xml" SchemaVersion="2.1" RegistrationDocument="false" xmlns="http://www.transxchange.org.uk/">
  <StopPoints>
    <AnnotatedStopPointRef>
      <StopPointRef>2200YEA11674</StopPointRef>
      <CommonName>North Landing</CommonName>
    </AnnotatedStopPointRef>
    <AnnotatedStopPointRef>
      <StopPointRef>2200YEA00589</StopPointRef>
      <CommonName>Flamborough North Marine Road</CommonName>
    </AnnotatedStopPointRef>
    <AnnotatedStopPointRef>
      <StopPointRef>2200YEA00588</StopPointRef>
      <CommonName>Flamborough North Marine Road</CommonName>
    </AnnotatedStopPointRef>
    <AnnotatedStopPointRef>
      <StopPointRef>2200YEA00587</StopPointRef>
      <CommonName>Flamborough Woodcock Rd</CommonName>
    </AnnotatedStopPointRef>
    <AnnotatedStopPointRef>
      <StopPointRef>2200YEA01622</StopPointRef>
      <CommonName>Flamborough Tower Street</CommonName>
    </AnnotatedStopPointRef>
    <AnnotatedStopPointRef>
      <StopPointRef>2200YEA01625</StopPointRef>
      <CommonName>Flamborough Church Street</CommonName>
    </AnnotatedStopPointRef>
    <AnnotatedStopPointRef>
      <StopPointRef>2200YEA00592</StopPointRef>
      <CommonName>Flamborough Road</CommonName>
    </AnnotatedStopPointRef>
    <AnnotatedStopPointRef>
      <StopPointRef>2200YEA00594</StopPointRef>
      <CommonName>Flamborough B1255</CommonName>
    </AnnotatedStopPointRef>
    <AnnotatedStopPointRef>
      <StopPointRef>2200YEA11853</StopPointRef>
      <CommonName>Bridlington Flamborough Rd</CommonName>
    </AnnotatedStopPointRef>
    <AnnotatedStopPointRef>
      <StopPointRef>2200YEA00596</StopPointRef>
      <CommonName>Marton Flamborough Road</CommonName>
    </AnnotatedStopPointRef>
    <AnnotatedStopPointRef>
      <StopPointRef>2200YEA00455</StopPointRef>
      <CommonName>Sewerby Church Lane</CommonName>
    </AnnotatedStopPointRef>
    <AnnotatedStopPointRef>
      <StopPointRef>2200YEA00456</StopPointRef>
      <CommonName>Sewerby Main Street</CommonName>
    </AnnotatedStopPointRef>
    <AnnotatedStopPointRef>
      <StopPointRef>2200YEA00458</StopPointRef>
      <CommonName>Bridlington Sewerby Road</CommonName>
    </AnnotatedStopPointRef>
    <AnnotatedStopPointRef>
      <StopPointRef>2200YEA11778</StopPointRef>
      <CommonName>Bridlington Sewerby Road</CommonName>
    </AnnotatedStopPointRef>
    <AnnotatedStopPointRef>
      <StopPointRef>2200YEA00461</StopPointRef>
      <CommonName>Bridlington Sewerby Road</CommonName>
    </AnnotatedStopPointRef>
    <AnnotatedStopPointRef>
      <StopPointRef>2200YEA00475</StopPointRef>
      <CommonName>Bridlington E R College</CommonName>
    </AnnotatedStopPointRef>
    <AnnotatedStopPointRef>
      <StopPointRef>2200YEA11677</StopPointRef>
      <CommonName>Bridlington Queensgate</CommonName>
    </AnnotatedStopPointRef>
    <AnnotatedStopPointRef>
      <StopPointRef>2200YEA00496</StopPointRef>
      <CommonName>Bridlington Quay Road</CommonName>
    </AnnotatedStopPointRef>
    <AnnotatedStopPointRef>
      <StopPointRef>2200YEA00494</StopPointRef>
      <CommonName>Bridlington Quay Road</CommonName>
    </AnnotatedStopPointRef>
    <AnnotatedStopPointRef>
      <StopPointRef>2200YEA00492</StopPointRef>
      <CommonName>Bridlington Quay Road</CommonName>
    </AnnotatedStopPointRef>
    <AnnotatedStopPointRef>
      <StopPointRef>2200YEA01628</StopPointRef>
      <CommonName>Bridlington Prospect Street</CommonName>
    </AnnotatedStopPointRef>
    <AnnotatedStopPointRef>
      <StopPointRef>2200YEZ01251</StopPointRef>
      <CommonName>Bridlington Bus Station</CommonName>
    </AnnotatedStopPointRef>
    <AnnotatedStopPointRef>
      <StopPointRef>2200YEA00491</StopPointRef>
      <CommonName>Bridlington Promenade</CommonName>
    </AnnotatedStopPointRef>
    <AnnotatedStopPointRef>
      <StopPointRef>2200YEA00489</StopPointRef>
      <CommonName>Bridlington Promenade</CommonName>
    </AnnotatedStopPointRef>
    <AnnotatedStopPointRef>
      <StopPointRef>2200YEA00487</StopPointRef>
      <CommonName>Bridlington Flamborough Rd</CommonName>
    </AnnotatedStopPointRef>
    <AnnotatedStopPointRef>
      <StopPointRef>2200YEA00486</StopPointRef>
      <CommonName>Bridlington Flamborough Rd</CommonName>
    </AnnotatedStopPointRef>
    <AnnotatedStopPointRef>
      <StopPointRef>2200YEA00479</StopPointRef>
      <CommonName>Bridlington Fortyfoot</CommonName>
    </AnnotatedStopPointRef>
    <AnnotatedStopPointRef>
      <StopPointRef>2200YEA00477</StopPointRef>
      <CommonName>Bridlington Fortyfoot</CommonName>
    </AnnotatedStopPointRef>
    <AnnotatedStopPointRef>
      <StopPointRef>2200YEA00459</StopPointRef>
      <CommonName>Bridlington Sewerby Road</CommonName>
    </AnnotatedStopPointRef>
    <AnnotatedStopPointRef>
      <StopPointRef>2200YEA11685</StopPointRef>
      <CommonName>Bridlington Sewerby Road</CommonName>
    </AnnotatedStopPointRef>
    <AnnotatedStopPointRef>
      <StopPointRef>2200YEA00457</StopPointRef>
      <CommonName>Bridlington Sewerby Road</CommonName>
    </AnnotatedStopPointRef>
    <AnnotatedStopPointRef>
      <StopPointRef>2200YEA00454</StopPointRef>
      <CommonName>Sewerby Church Lane</CommonName>
    </AnnotatedStopPointRef>
    <AnnotatedStopPointRef>
      <StopPointRef>2200YEA01664</StopPointRef>
      <CommonName>Marton Flamborough Road</CommonName>
    </AnnotatedStopPointRef>
    <AnnotatedStopPointRef>
      <StopPointRef>2200YEA11852</StopPointRef>
      <CommonName>Bridlington Flamborough Rd</CommonName>
    </AnnotatedStopPointRef>
    <AnnotatedStopPointRef>
      <StopPointRef>2200YEA00593</StopPointRef>
      <CommonName>Flamborough B1255</CommonName>
    </AnnotatedStopPointRef>
    <AnnotatedStopPointRef>
      <StopPointRef>2200YEA11854</StopPointRef>
      <CommonName>Flamborough South Sea Rd</CommonName>
    </AnnotatedStopPointRef>
    <AnnotatedStopPointRef>
      <StopPointRef>2200YEA01623</StopPointRef>
      <CommonName>Flamborough South Sea Rd</CommonName>
    </AnnotatedStopPointRef>
    <AnnotatedStopPointRef>
      <StopPointRef>2200YEA01624</StopPointRef>
      <CommonName>Flamborough Mereside</CommonName>
    </AnnotatedStopPointRef>
  </StopPoints>
  <RouteSections>
    <RouteSection id="YEAO510_030">
      <RouteLink id="YEAO510_030_6541">
        <From>
          <StopPointRef>2200YEA11674</StopPointRef>
        </From>
        <To>
          <StopPointRef>2200YEA00589</StopPointRef>
        </To>
        <Direction>inbound</Direction>
      </RouteLink>
      <RouteLink id="YEAO510_030_6542">
        <From>
          <StopPointRef>2200YEA00589</StopPointRef>
        </From>
        <To>
          <StopPointRef>2200YEA00588</StopPointRef>
        </To>
        <Direction>inbound</Direction>
      </RouteLink>
      <RouteLink id="YEAO510_030_6543">
        <From>
          <StopPointRef>2200YEA00588</StopPointRef>
        </From>
        <To>
          <StopPointRef>2200YEA00587</StopPointRef>
        </To>
        <Direction>inbound</Direction>
      </RouteLink>
      <RouteLink id="YEAO510_030_6544">
        <From>
          <StopPointRef>2200YEA00587</StopPointRef>
        </From>
        <To>
          <StopPointRef>2200YEA01622</StopPointRef>
        </To>
        <Direction>inbound</Direction>
      </RouteLink>
      <RouteLink id="YEAO510_030_6545">
        <From>
          <StopPointRef>2200YEA01622</StopPointRef>
        </From>
        <To>
          <StopPointRef>2200YEA01625</StopPointRef>
        </To>
        <Direction>inbound</Direction>
      </RouteLink>
      <RouteLink id="YEAO510_030_6546">
        <From>
          <StopPointRef>2200YEA01625</StopPointRef>
        </From>
        <To>
          <StopPointRef>2200YEA00592</StopPointRef>
        </To>
        <Direction>inbound</Direction>
      </RouteLink>
      <RouteLink id="YEAO510_030_6547">
        <From>
          <StopPointRef>2200YEA00592</StopPointRef>
        </From>
        <To>
          <StopPointRef>2200YEA00594</StopPointRef>
        </To>
        <Direction>inbound</Direction>
      </RouteLink>
      <RouteLink id="YEAO510_030_6548">
        <From>
          <StopPointRef>2200YEA00594</StopPointRef>
        </From>
        <To>
          <StopPointRef>2200YEA11853</StopPointRef>
        </To>
        <Direction>inbound</Direction>
      </RouteLink>
      <RouteLink id="YEAO510_030_6549">
        <From>
          <StopPointRef>2200YEA11853</StopPointRef>
        </From>
        <To>
          <StopPointRef>2200YEA00596</StopPointRef>
        </To>
        <Direction>inbound</Direction>
      </RouteLink>
      <RouteLink id="YEAO510_030_6550">
        <From>
          <StopPointRef>2200YEA00596</StopPointRef>
        </From>
        <To>
          <StopPointRef>2200YEA00455</StopPointRef>
        </To>
        <Direction>inbound</Direction>
      </RouteLink>
      <RouteLink id="YEAO510_030_6551">
        <From>
          <StopPointRef>2200YEA00455</StopPointRef>
        </From>
        <To>
          <StopPointRef>2200YEA00456</StopPointRef>
        </To>
        <Direction>inbound</Direction>
      </RouteLink>
      <RouteLink id="YEAO510_030_6552">
        <From>
          <StopPointRef>2200YEA00456</StopPointRef>
        </From>
        <To>
          <StopPointRef>2200YEA00458</StopPointRef>
        </To>
        <Direction>inbound</Direction>
      </RouteLink>
      <RouteLink id="YEAO510_030_6553">
        <From>
          <StopPointRef>2200YEA00458</StopPointRef>
        </From>
        <To>
          <StopPointRef>2200YEA11778</StopPointRef>
        </To>
        <Direction>inbound</Direction>
      </RouteLink>
      <RouteLink id="YEAO510_030_6554">
        <From>
          <StopPointRef>2200YEA11778</StopPointRef>
        </From>
        <To>
          <StopPointRef>2200YEA00461</StopPointRef>
        </To>
        <Direction>inbound</Direction>
      </RouteLink>
      <RouteLink id="YEAO510_030_6555">
        <From>
          <StopPointRef>2200YEA00461</StopPointRef>
        </From>
        <To>
          <StopPointRef>2200YEA00475</StopPointRef>
        </To>
        <Direction>inbound</Direction>
      </RouteLink>
      <RouteLink id="YEAO510_030_6556">
        <From>
          <StopPointRef>2200YEA00475</StopPointRef>
        </From>
        <To>
          <StopPointRef>2200YEA11677</StopPointRef>
        </To>
        <Direction>inbound</Direction>
      </RouteLink>
      <RouteLink id="YEAO510_030_6557">
        <From>
          <StopPointRef>2200YEA11677</StopPointRef>
        </From>
        <To>
          <StopPointRef>2200YEA00496</StopPointRef>
        </To>
        <Direction>inbound</Direction>
      </RouteLink>
      <RouteLink id="YEAO510_030_6558">
        <From>
          <StopPointRef>2200YEA00496</StopPointRef>
        </From>
        <To>
          <StopPointRef>2200YEA00494</StopPointRef>
        </To>
        <Direction>inbound</Direction>
      </RouteLink>
      <RouteLink id="YEAO510_030_6559">
        <From>
          <StopPointRef>2200YEA00494</StopPointRef>
        </From>
        <To>
          <StopPointRef>2200YEA00492</StopPointRef>
        </To>
        <Direction>inbound</Direction>
      </RouteLink>
      <RouteLink id="YEAO510_030_6560">
        <From>
          <StopPointRef>2200YEA00492</StopPointRef>
        </From>
        <To>
          <StopPointRef>2200YEA01628</StopPointRef>
        </To>
        <Direction>inbound</Direction>
      </RouteLink>
      <RouteLink id="YEAO510_030_6561">
        <From>
          <StopPointRef>2200YEA01628</StopPointRef>
        </From>
        <To>
          <StopPointRef>2200YEZ01251</StopPointRef>
        </To>
        <Direction>inbound</Direction>
      </RouteLink>
    </RouteSection>
    <RouteSection id="YEAO510_032">
      <RouteLink id="YEAO510_032_6571">
        <From>
          <StopPointRef>2200YEA00494</StopPointRef>
        </From>
        <To>
          <StopPointRef>2200YEA00492</StopPointRef>
        </To>
        <Direction>outbound</Direction>
      </RouteLink>
      <RouteLink id="YEAO510_032_6572">
        <From>
          <StopPointRef>2200YEA00492</StopPointRef>
        </From>
        <To>
          <StopPointRef>2200YEA01628</StopPointRef>
        </To>
        <Direction>outbound</Direction>
      </RouteLink>
      <RouteLink id="YEAO510_032_6573">
        <From>
          <StopPointRef>2200YEA01628</StopPointRef>
        </From>
        <To>
          <StopPointRef>2200YEZ01251</StopPointRef>
        </To>
        <Direction>outbound</Direction>
      </RouteLink>
      <RouteLink id="YEAO510_032_6574">
        <From>
          <StopPointRef>2200YEZ01251</StopPointRef>
        </From>
        <To>
          <StopPointRef>2200YEA00491</StopPointRef>
        </To>
        <Direction>outbound</Direction>
      </RouteLink>
      <RouteLink id="YEAO510_032_6575">
        <From>
          <StopPointRef>2200YEA00491</StopPointRef>
        </From>
        <To>
          <StopPointRef>2200YEA00489</StopPointRef>
        </To>
        <Direction>outbound</Direction>
      </RouteLink>
      <RouteLink id="YEAO510_032_6576">
        <From>
          <StopPointRef>2200YEA00489</StopPointRef>
        </From>
        <To>
          <StopPointRef>2200YEA00487</StopPointRef>
        </To>
        <Direction>outbound</Direction>
      </RouteLink>
      <RouteLink id="YEAO510_032_6577">
        <From>
          <StopPointRef>2200YEA00487</StopPointRef>
        </From>
        <To>
          <StopPointRef>2200YEA00486</StopPointRef>
        </To>
        <Direction>outbound</Direction>
      </RouteLink>
      <RouteLink id="YEAO510_032_6578">
        <From>
          <StopPointRef>2200YEA00486</StopPointRef>
        </From>
        <To>
          <StopPointRef>2200YEA00479</StopPointRef>
        </To>
        <Direction>outbound</Direction>
      </RouteLink>
      <RouteLink id="YEAO510_032_6579">
        <From>
          <StopPointRef>2200YEA00479</StopPointRef>
        </From>
        <To>
          <StopPointRef>2200YEA00477</StopPointRef>
        </To>
        <Direction>outbound</Direction>
      </RouteLink>
      <RouteLink id="YEAO510_032_6580">
        <From>
          <StopPointRef>2200YEA00477</StopPointRef>
        </From>
        <To>
          <StopPointRef>2200YEA00459</StopPointRef>
        </To>
        <Direction>outbound</Direction>
      </RouteLink>
      <RouteLink id="YEAO510_032_6581">
        <From>
          <StopPointRef>2200YEA00459</StopPointRef>
        </From>
        <To>
          <StopPointRef>2200YEA11685</StopPointRef>
        </To>
        <Direction>outbound</Direction>
      </RouteLink>
      <RouteLink id="YEAO510_032_6582">
        <From>
          <StopPointRef>2200YEA11685</StopPointRef>
        </From>
        <To>
          <StopPointRef>2200YEA00457</StopPointRef>
        </To>
        <Direction>outbound</Direction>
      </RouteLink>
      <RouteLink id="YEAO510_032_6583">
        <From>
          <StopPointRef>2200YEA00457</StopPointRef>
        </From>
        <To>
          <StopPointRef>2200YEA00454</StopPointRef>
        </To>
        <Direction>outbound</Direction>
      </RouteLink>
      <RouteLink id="YEAO510_032_6584">
        <From>
          <StopPointRef>2200YEA00454</StopPointRef>
        </From>
        <To>
          <StopPointRef>2200YEA01664</StopPointRef>
        </To>
        <Direction>outbound</Direction>
      </RouteLink>
      <RouteLink id="YEAO510_032_6585">
        <From>
          <StopPointRef>2200YEA01664</StopPointRef>
        </From>
        <To>
          <StopPointRef>2200YEA11852</StopPointRef>
        </To>
        <Direction>outbound</Direction>
      </RouteLink>
      <RouteLink id="YEAO510_032_6586">
        <From>
          <StopPointRef>2200YEA11852</StopPointRef>
        </From>
        <To>
          <StopPointRef>2200YEA00593</StopPointRef>
        </To>
        <Direction>outbound</Direction>
      </RouteLink>
      <RouteLink id="YEAO510_032_6587">
        <From>
          <StopPointRef>2200YEA00593</StopPointRef>
        </From>
        <To>
          <StopPointRef>2200YEA11854</StopPointRef>
        </To>
        <Direction>outbound</Direction>
      </RouteLink>
      <RouteLink id="YEAO510_032_6588">
        <From>
          <StopPointRef>2200YEA11854</StopPointRef>
        </From>
        <To>
          <StopPointRef>2200YEA01623</StopPointRef>
        </To>
        <Direction>outbound</Direction>
      </RouteLink>
      <RouteLink id="YEAO510_032_6589">
        <From>
          <StopPointRef>2200YEA01623</StopPointRef>
        </From>
        <To>
          <StopPointRef>2200YEA01624</StopPointRef>
        </To>
        <Direction>outbound</Direction>
      </RouteLink>
      <RouteLink id="YEAO510_032_6590">
        <From>
          <StopPointRef>2200YEA01624</StopPointRef>
        </From>
        <To>
          <StopPointRef>2200YEA11674</StopPointRef>
        </To>
        <Direction>outbound</Direction>
      </RouteLink>
    </RouteSection>
  </RouteSections>
  <Routes>
    <Route id="YEAO510_030">
      <Description>Flamborough - Bridlington
</Description>
      <RouteSectionRef>YEAO510_030</RouteSectionRef>
    </Route>
    <Route id="YEAO510_032">
      <Description>Bridlington - Flamborough
</Description>
      <RouteSectionRef>YEAO510_032</RouteSectionRef>
    </Route>
  </Routes>
  <JourneyPatternSections>
    <JourneyPatternSection id="JPS_YEAO510-3">
      <JourneyPatternTimingLink id="JPS_YEAO510-3_6541">
        <From>
          <StopPointRef>2200YEA11674</StopPointRef>
          <TimingStatus>PTP</TimingStatus>
        </From>
        <To>
          <StopPointRef>2200YEA00589</StopPointRef>
          <TimingStatus>OTH</TimingStatus>
        </To>
        <RouteLinkRef>YEAO510_030_6541</RouteLinkRef>
        <Direction>inbound</Direction>
        <RunTime>PT49S</RunTime>
      </JourneyPatternTimingLink>
      <JourneyPatternTimingLink id="JPS_YEAO510-3_6542">
        <From>
          <StopPointRef>2200YEA00589</StopPointRef>
          <TimingStatus>OTH</TimingStatus>
        </From>
        <To>
          <StopPointRef>2200YEA00588</StopPointRef>
          <TimingStatus>OTH</TimingStatus>
        </To>
        <RouteLinkRef>YEAO510_030_6542</RouteLinkRef>
        <Direction>inbound</Direction>
        <RunTime>PT31S</RunTime>
      </JourneyPatternTimingLink>
      <JourneyPatternTimingLink id="JPS_YEAO510-3_6543">
        <From>
          <StopPointRef>2200YEA00588</StopPointRef>
          <TimingStatus>OTH</TimingStatus>
        </From>
        <To>
          <StopPointRef>2200YEA00587</StopPointRef>
          <TimingStatus>PTP</TimingStatus>
        </To>
        <RouteLinkRef>YEAO510_030_6543</RouteLinkRef>
        <Direction>inbound</Direction>
        <RunTime>PT40S</RunTime>
      </JourneyPatternTimingLink>
      <JourneyPatternTimingLink id="JPS_YEAO510-3_6544">
        <From>
          <StopPointRef>2200YEA00587</StopPointRef>
          <TimingStatus>PTP</TimingStatus>
        </From>
        <To>
          <StopPointRef>2200YEA01622</StopPointRef>
          <TimingStatus>PTP</TimingStatus>
        </To>
        <RouteLinkRef>YEAO510_030_6544</RouteLinkRef>
        <Direction>inbound</Direction>
        <RunTime>PT180S</RunTime>
      </JourneyPatternTimingLink>
      <JourneyPatternTimingLink id="JPS_YEAO510-3_6545">
        <From>
          <StopPointRef>2200YEA01622</StopPointRef>
          <TimingStatus>PTP</TimingStatus>
        </From>
        <To>
          <StopPointRef>2200YEA01625</StopPointRef>
          <TimingStatus>OTH</TimingStatus>
        </To>
        <RouteLinkRef>YEAO510_030_6545</RouteLinkRef>
        <Direction>inbound</Direction>
        <RunTime>PT40S</RunTime>
      </JourneyPatternTimingLink>
      <JourneyPatternTimingLink id="JPS_YEAO510-3_6546">
        <From>
          <StopPointRef>2200YEA01625</StopPointRef>
          <TimingStatus>OTH</TimingStatus>
        </From>
        <To>
          <StopPointRef>2200YEA00592</StopPointRef>
          <TimingStatus>OTH</TimingStatus>
        </To>
        <RouteLinkRef>YEAO510_030_6546</RouteLinkRef>
        <Direction>inbound</Direction>
        <RunTime>PT51S</RunTime>
      </JourneyPatternTimingLink>
      <JourneyPatternTimingLink id="JPS_YEAO510-3_6547">
        <From>
          <StopPointRef>2200YEA00592</StopPointRef>
          <TimingStatus>OTH</TimingStatus>
        </From>
        <To>
          <StopPointRef>2200YEA00594</StopPointRef>
          <TimingStatus>OTH</TimingStatus>
        </To>
        <RouteLinkRef>YEAO510_030_6547</RouteLinkRef>
        <Direction>inbound</Direction>
        <RunTime>PT54S</RunTime>
      </JourneyPatternTimingLink>
      <JourneyPatternTimingLink id="JPS_YEAO510-3_6548">
        <From>
          <StopPointRef>2200YEA00594</StopPointRef>
          <TimingStatus>OTH</TimingStatus>
        </From>
        <To>
          <StopPointRef>2200YEA11853</StopPointRef>
          <TimingStatus>OTH</TimingStatus>
        </To>
        <RouteLinkRef>YEAO510_030_6548</RouteLinkRef>
        <Direction>inbound</Direction>
        <RunTime>PT76S</RunTime>
      </JourneyPatternTimingLink>
      <JourneyPatternTimingLink id="JPS_YEAO510-3_6549">
        <From>
          <StopPointRef>2200YEA11853</StopPointRef>
          <TimingStatus>OTH</TimingStatus>
        </From>
        <To>
          <StopPointRef>2200YEA00596</StopPointRef>
          <TimingStatus>OTH</TimingStatus>
        </To>
        <RouteLinkRef>YEAO510_030_6549</RouteLinkRef>
        <Direction>inbound</Direction>
        <RunTime>PT49S</RunTime>
      </JourneyPatternTimingLink>
      <JourneyPatternTimingLink id="JPS_YEAO510-3_6550">
        <From>
          <StopPointRef>2200YEA00596</StopPointRef>
          <TimingStatus>OTH</TimingStatus>
        </From>
        <To>
          <StopPointRef>2200YEA00455</StopPointRef>
          <TimingStatus>PTP</TimingStatus>
        </To>
        <RouteLinkRef>YEAO510_030_6550</RouteLinkRef>
        <Direction>inbound</Direction>
        <RunTime>PT90S</RunTime>
      </JourneyPatternTimingLink>
      <JourneyPatternTimingLink id="JPS_YEAO510-3_6551">
        <From>
          <StopPointRef>2200YEA00455</StopPointRef>
          <TimingStatus>PTP</TimingStatus>
        </From>
        <To>
          <StopPointRef>2200YEA00456</StopPointRef>
          <TimingStatus>OTH</TimingStatus>
        </To>
        <RouteLinkRef>YEAO510_030_6551</RouteLinkRef>
        <Direction>inbound</Direction>
        <RunTime>PT41S</RunTime>
      </JourneyPatternTimingLink>
      <JourneyPatternTimingLink id="JPS_YEAO510-3_6552">
        <From>
          <StopPointRef>2200YEA00456</StopPointRef>
          <TimingStatus>OTH</TimingStatus>
        </From>
        <To>
          <StopPointRef>2200YEA00458</StopPointRef>
          <TimingStatus>OTH</TimingStatus>
        </To>
        <RouteLinkRef>YEAO510_030_6552</RouteLinkRef>
        <Direction>inbound</Direction>
        <RunTime>PT74S</RunTime>
      </JourneyPatternTimingLink>
      <JourneyPatternTimingLink id="JPS_YEAO510-3_6553">
        <From>
          <StopPointRef>2200YEA00458</StopPointRef>
          <TimingStatus>OTH</TimingStatus>
        </From>
        <To>
          <StopPointRef>2200YEA11778</StopPointRef>
          <TimingStatus>OTH</TimingStatus>
        </To>
        <RouteLinkRef>YEAO510_030_6553</RouteLinkRef>
        <Direction>inbound</Direction>
        <RunTime>PT74S</RunTime>
      </JourneyPatternTimingLink>
      <JourneyPatternTimingLink id="JPS_YEAO510-3_6554">
        <From>
          <StopPointRef>2200YEA11778</StopPointRef>
          <TimingStatus>OTH</TimingStatus>
        </From>
        <To>
          <StopPointRef>2200YEA00461</StopPointRef>
          <TimingStatus>PTP</TimingStatus>
        </To>
        <RouteLinkRef>YEAO510_030_6554</RouteLinkRef>
        <Direction>inbound</Direction>
        <RunTime>PT51S</RunTime>
      </JourneyPatternTimingLink>
      <JourneyPatternTimingLink id="JPS_YEAO510-3_6555">
        <From>
          <StopPointRef>2200YEA00461</StopPointRef>
          <TimingStatus>PTP</TimingStatus>
        </From>
        <To>
          <StopPointRef>2200YEA00475</StopPointRef>
          <TimingStatus>PTP</TimingStatus>
        </To>
        <RouteLinkRef>YEAO510_030_6555</RouteLinkRef>
        <Direction>inbound</Direction>
        <RunTime>PT240S</RunTime>
      </JourneyPatternTimingLink>
      <JourneyPatternTimingLink id="JPS_YEAO510-3_6556">
        <From>
          <StopPointRef>2200YEA00475</StopPointRef>
          <TimingStatus>PTP</TimingStatus>
        </From>
        <To>
          <StopPointRef>2200YEA11677</StopPointRef>
          <TimingStatus>PTP</TimingStatus>
        </To>
        <RouteLinkRef>YEAO510_030_6556</RouteLinkRef>
        <Direction>inbound</Direction>
        <RunTime>PT240S</RunTime>
      </JourneyPatternTimingLink>
      <JourneyPatternTimingLink id="JPS_YEAO510-3_6557">
        <From>
          <StopPointRef>2200YEA11677</StopPointRef>
          <TimingStatus>PTP</TimingStatus>
        </From>
        <To>
          <StopPointRef>2200YEA00496</StopPointRef>
          <TimingStatus>OTH</TimingStatus>
        </To>
        <RouteLinkRef>YEAO510_030_6557</RouteLinkRef>
        <Direction>inbound</Direction>
        <RunTime>PT0M</RunTime>
      </JourneyPatternTimingLink>
      <JourneyPatternTimingLink id="JPS_YEAO510-3_6558">
        <From>
          <StopPointRef>2200YEA00496</StopPointRef>
          <TimingStatus>OTH</TimingStatus>
        </From>
        <To>
          <StopPointRef>2200YEA00494</StopPointRef>
          <TimingStatus>OTH</TimingStatus>
        </To>
        <RouteLinkRef>YEAO510_030_6558</RouteLinkRef>
        <Direction>inbound</Direction>
        <RunTime>PT0M</RunTime>
      </JourneyPatternTimingLink>
      <JourneyPatternTimingLink id="JPS_YEAO510-3_6559">
        <From>
          <StopPointRef>2200YEA00494</StopPointRef>
          <TimingStatus>OTH</TimingStatus>
        </From>
        <To>
          <StopPointRef>2200YEA00492</StopPointRef>
          <TimingStatus>OTH</TimingStatus>
        </To>
        <RouteLinkRef>YEAO510_030_6559</RouteLinkRef>
        <Direction>inbound</Direction>
        <RunTime>PT0M</RunTime>
      </JourneyPatternTimingLink>
      <JourneyPatternTimingLink id="JPS_YEAO510-3_6560">
        <From>
          <StopPointRef>2200YEA00492</StopPointRef>
          <TimingStatus>OTH</TimingStatus>
        </From>
        <To>
          <StopPointRef>2200YEA01628</StopPointRef>
          <TimingStatus>OTH</TimingStatus>
        </To>
        <RouteLinkRef>YEAO510_030_6560</RouteLinkRef>
        <Direction>inbound</Direction>
        <RunTime>PT0M</RunTime>
      </JourneyPatternTimingLink>
      <JourneyPatternTimingLink id="JPS_YEAO510-3_6561">
        <From>
          <StopPointRef>2200YEA01628</StopPointRef>
          <TimingStatus>OTH</TimingStatus>
        </From>
        <To>
          <StopPointRef>2200YEZ01251</StopPointRef>
          <TimingStatus>PTP</TimingStatus>
        </To>
        <RouteLinkRef>YEAO510_030_6561</RouteLinkRef>
        <Direction>inbound</Direction>
        <RunTime>PT0M</RunTime>
      </JourneyPatternTimingLink>
    </JourneyPatternSection>
    <JourneyPatternSection id="JPS_YEAO510-4">
      <JourneyPatternTimingLink id="JPS_YEAO510-4_6541">
        <From>
          <StopPointRef>2200YEA11674</StopPointRef>
          <TimingStatus>PTP</TimingStatus>
        </From>
        <To>
          <StopPointRef>2200YEA00589</StopPointRef>
          <TimingStatus>OTH</TimingStatus>
        </To>
        <RouteLinkRef>YEAO510_030_6541</RouteLinkRef>
        <Direction>inbound</Direction>
        <RunTime>PT49S</RunTime>
      </JourneyPatternTimingLink>
      <JourneyPatternTimingLink id="JPS_YEAO510-4_6542">
        <From>
          <StopPointRef>2200YEA00589</StopPointRef>
          <TimingStatus>OTH</TimingStatus>
        </From>
        <To>
          <StopPointRef>2200YEA00588</StopPointRef>
          <TimingStatus>OTH</TimingStatus>
        </To>
        <RouteLinkRef>YEAO510_030_6542</RouteLinkRef>
        <Direction>inbound</Direction>
        <RunTime>PT31S</RunTime>
      </JourneyPatternTimingLink>
      <JourneyPatternTimingLink id="JPS_YEAO510-4_6543">
        <From>
          <StopPointRef>2200YEA00588</StopPointRef>
          <TimingStatus>OTH</TimingStatus>
        </From>
        <To>
          <StopPointRef>2200YEA00587</StopPointRef>
          <TimingStatus>PTP</TimingStatus>
        </To>
        <RouteLinkRef>YEAO510_030_6543</RouteLinkRef>
        <Direction>inbound</Direction>
        <RunTime>PT40S</RunTime>
      </JourneyPatternTimingLink>
      <JourneyPatternTimingLink id="JPS_YEAO510-4_6544">
        <From>
          <StopPointRef>2200YEA00587</StopPointRef>
          <TimingStatus>PTP</TimingStatus>
        </From>
        <To>
          <StopPointRef>2200YEA01622</StopPointRef>
          <TimingStatus>PTP</TimingStatus>
        </To>
        <RouteLinkRef>YEAO510_030_6544</RouteLinkRef>
        <Direction>inbound</Direction>
        <RunTime>PT180S</RunTime>
      </JourneyPatternTimingLink>
      <JourneyPatternTimingLink id="JPS_YEAO510-4_6545">
        <From>
          <StopPointRef>2200YEA01622</StopPointRef>
          <TimingStatus>PTP</TimingStatus>
        </From>
        <To>
          <StopPointRef>2200YEA01625</StopPointRef>
          <TimingStatus>OTH</TimingStatus>
        </To>
        <RouteLinkRef>YEAO510_030_6545</RouteLinkRef>
        <Direction>inbound</Direction>
        <RunTime>PT40S</RunTime>
      </JourneyPatternTimingLink>
      <JourneyPatternTimingLink id="JPS_YEAO510-4_6546">
        <From>
          <StopPointRef>2200YEA01625</StopPointRef>
          <TimingStatus>OTH</TimingStatus>
        </From>
        <To>
          <StopPointRef>2200YEA00592</StopPointRef>
          <TimingStatus>OTH</TimingStatus>
        </To>
        <RouteLinkRef>YEAO510_030_6546</RouteLinkRef>
        <Direction>inbound</Direction>
        <RunTime>PT51S</RunTime>
      </JourneyPatternTimingLink>
      <JourneyPatternTimingLink id="JPS_YEAO510-4_6547">
        <From>
          <StopPointRef>2200YEA00592</StopPointRef>
          <TimingStatus>OTH</TimingStatus>
        </From>
        <To>
          <StopPointRef>2200YEA00594</StopPointRef>
          <TimingStatus>OTH</TimingStatus>
        </To>
        <RouteLinkRef>YEAO510_030_6547</RouteLinkRef>
        <Direction>inbound</Direction>
        <RunTime>PT54S</RunTime>
      </JourneyPatternTimingLink>
      <JourneyPatternTimingLink id="JPS_YEAO510-4_6548">
        <From>
          <StopPointRef>2200YEA00594</StopPointRef>
          <TimingStatus>OTH</TimingStatus>
        </From>
        <To>
          <StopPointRef>2200YEA11853</StopPointRef>
          <TimingStatus>OTH</TimingStatus>
        </To>
        <RouteLinkRef>YEAO510_030_6548</RouteLinkRef>
        <Direction>inbound</Direction>
        <RunTime>PT76S</RunTime>
      </JourneyPatternTimingLink>
      <JourneyPatternTimingLink id="JPS_YEAO510-4_6549">
        <From>
          <StopPointRef>2200YEA11853</StopPointRef>
          <TimingStatus>OTH</TimingStatus>
        </From>
        <To>
          <StopPointRef>2200YEA00596</StopPointRef>
          <TimingStatus>OTH</TimingStatus>
        </To>
        <RouteLinkRef>YEAO510_030_6549</RouteLinkRef>
        <Direction>inbound</Direction>
        <RunTime>PT49S</RunTime>
      </JourneyPatternTimingLink>
      <JourneyPatternTimingLink id="JPS_YEAO510-4_6550">
        <From>
          <StopPointRef>2200YEA00596</StopPointRef>
          <TimingStatus>OTH</TimingStatus>
        </From>
        <To>
          <StopPointRef>2200YEA00455</StopPointRef>
          <TimingStatus>PTP</TimingStatus>
        </To>
        <RouteLinkRef>YEAO510_030_6550</RouteLinkRef>
        <Direction>inbound</Direction>
        <RunTime>PT90S</RunTime>
      </JourneyPatternTimingLink>
      <JourneyPatternTimingLink id="JPS_YEAO510-4_6551">
        <From>
          <StopPointRef>2200YEA00455</StopPointRef>
          <TimingStatus>PTP</TimingStatus>
        </From>
        <To>
          <StopPointRef>2200YEA00456</StopPointRef>
          <TimingStatus>OTH</TimingStatus>
        </To>
        <RouteLinkRef>YEAO510_030_6551</RouteLinkRef>
        <Direction>inbound</Direction>
        <RunTime>PT41S</RunTime>
      </JourneyPatternTimingLink>
      <JourneyPatternTimingLink id="JPS_YEAO510-4_6552">
        <From>
          <StopPointRef>2200YEA00456</StopPointRef>
          <TimingStatus>OTH</TimingStatus>
        </From>
        <To>
          <StopPointRef>2200YEA00458</StopPointRef>
          <TimingStatus>OTH</TimingStatus>
        </To>
        <RouteLinkRef>YEAO510_030_6552</RouteLinkRef>
        <Direction>inbound</Direction>
        <RunTime>PT74S</RunTime>
      </JourneyPatternTimingLink>
      <JourneyPatternTimingLink id="JPS_YEAO510-4_6553">
        <From>
          <StopPointRef>2200YEA00458</StopPointRef>
          <TimingStatus>OTH</TimingStatus>
        </From>
        <To>
          <StopPointRef>2200YEA11778</StopPointRef>
          <TimingStatus>OTH</TimingStatus>
        </To>
        <RouteLinkRef>YEAO510_030_6553</RouteLinkRef>
        <Direction>inbound</Direction>
        <RunTime>PT74S</RunTime>
      </JourneyPatternTimingLink>
      <JourneyPatternTimingLink id="JPS_YEAO510-4_6554">
        <From>
          <StopPointRef>2200YEA11778</StopPointRef>
          <TimingStatus>OTH</TimingStatus>
        </From>
        <To>
          <StopPointRef>2200YEA00461</StopPointRef>
          <TimingStatus>PTP</TimingStatus>
        </To>
        <RouteLinkRef>YEAO510_030_6554</RouteLinkRef>
        <Direction>inbound</Direction>
        <RunTime>PT51S</RunTime>
      </JourneyPatternTimingLink>
      <JourneyPatternTimingLink id="JPS_YEAO510-4_6555">
        <From>
          <StopPointRef>2200YEA00461</StopPointRef>
          <TimingStatus>PTP</TimingStatus>
        </From>
        <To>
          <StopPointRef>2200YEA00475</StopPointRef>
          <TimingStatus>PTP</TimingStatus>
        </To>
        <RouteLinkRef>YEAO510_030_6555</RouteLinkRef>
        <Direction>inbound</Direction>
        <RunTime>PT240S</RunTime>
      </JourneyPatternTimingLink>
      <JourneyPatternTimingLink id="JPS_YEAO510-4_6556">
        <From>
          <StopPointRef>2200YEA00475</StopPointRef>
          <TimingStatus>PTP</TimingStatus>
        </From>
        <To>
          <StopPointRef>2200YEA11677</StopPointRef>
          <TimingStatus>PTP</TimingStatus>
        </To>
        <RouteLinkRef>YEAO510_030_6556</RouteLinkRef>
        <Direction>inbound</Direction>
        <RunTime>PT240S</RunTime>
      </JourneyPatternTimingLink>
      <JourneyPatternTimingLink id="JPS_YEAO510-4_6557">
        <From>
          <StopPointRef>2200YEA11677</StopPointRef>
          <TimingStatus>PTP</TimingStatus>
        </From>
        <To>
          <StopPointRef>2200YEA00496</StopPointRef>
          <TimingStatus>OTH</TimingStatus>
        </To>
        <RouteLinkRef>YEAO510_030_6557</RouteLinkRef>
        <Direction>inbound</Direction>
        <RunTime>PT84S</RunTime>
      </JourneyPatternTimingLink>
      <JourneyPatternTimingLink id="JPS_YEAO510-4_6558">
        <From>
          <StopPointRef>2200YEA00496</StopPointRef>
          <TimingStatus>OTH</TimingStatus>
        </From>
        <To>
          <StopPointRef>2200YEA00494</StopPointRef>
          <TimingStatus>OTH</TimingStatus>
        </To>
        <RouteLinkRef>YEAO510_030_6558</RouteLinkRef>
        <Direction>inbound</Direction>
        <RunTime>PT62S</RunTime>
      </JourneyPatternTimingLink>
      <JourneyPatternTimingLink id="JPS_YEAO510-4_6559">
        <From>
          <StopPointRef>2200YEA00494</StopPointRef>
          <TimingStatus>OTH</TimingStatus>
        </From>
        <To>
          <StopPointRef>2200YEA00492</StopPointRef>
          <TimingStatus>OTH</TimingStatus>
        </To>
        <RouteLinkRef>YEAO510_030_6559</RouteLinkRef>
        <Direction>inbound</Direction>
        <RunTime>PT63S</RunTime>
      </JourneyPatternTimingLink>
      <JourneyPatternTimingLink id="JPS_YEAO510-4_6560">
        <From>
          <StopPointRef>2200YEA00492</StopPointRef>
          <TimingStatus>OTH</TimingStatus>
        </From>
        <To>
          <StopPointRef>2200YEA01628</StopPointRef>
          <TimingStatus>OTH</TimingStatus>
        </To>
        <RouteLinkRef>YEAO510_030_6560</RouteLinkRef>
        <Direction>inbound</Direction>
        <RunTime>PT46S</RunTime>
      </JourneyPatternTimingLink>
      <JourneyPatternTimingLink id="JPS_YEAO510-4_6561">
        <From>
          <StopPointRef>2200YEA01628</StopPointRef>
          <TimingStatus>OTH</TimingStatus>
        </From>
        <To>
          <StopPointRef>2200YEZ01251</StopPointRef>
          <TimingStatus>PTP</TimingStatus>
        </To>
        <RouteLinkRef>YEAO510_030_6561</RouteLinkRef>
        <Direction>inbound</Direction>
        <RunTime>PT105S</RunTime>
      </JourneyPatternTimingLink>
    </JourneyPatternSection>
    <JourneyPatternSection id="JPS_YEAO510-5">
      <JourneyPatternTimingLink id="JPS_YEAO510-5_6571">
        <From>
          <StopPointRef>2200YEA00494</StopPointRef>
          <TimingStatus>PTP</TimingStatus>
        </From>
        <To>
          <StopPointRef>2200YEA00492</StopPointRef>
          <TimingStatus>OTH</TimingStatus>
        </To>
        <RouteLinkRef>YEAO510_032_6571</RouteLinkRef>
        <Direction>outbound</Direction>
        <RunTime>PT0M</RunTime>
      </JourneyPatternTimingLink>
      <JourneyPatternTimingLink id="JPS_YEAO510-5_6572">
        <From>
          <StopPointRef>2200YEA00492</StopPointRef>
          <TimingStatus>OTH</TimingStatus>
        </From>
        <To>
          <StopPointRef>2200YEA01628</StopPointRef>
          <TimingStatus>OTH</TimingStatus>
        </To>
        <RouteLinkRef>YEAO510_032_6572</RouteLinkRef>
        <Direction>outbound</Direction>
        <RunTime>PT0M</RunTime>
      </JourneyPatternTimingLink>
      <JourneyPatternTimingLink id="JPS_YEAO510-5_6573">
        <From>
          <StopPointRef>2200YEA01628</StopPointRef>
          <TimingStatus>OTH</TimingStatus>
        </From>
        <To>
          <StopPointRef>2200YEZ01251</StopPointRef>
          <TimingStatus>PTP</TimingStatus>
        </To>
        <RouteLinkRef>YEAO510_032_6573</RouteLinkRef>
        <Direction>outbound</Direction>
        <RunTime>PT0M</RunTime>
      </JourneyPatternTimingLink>
      <JourneyPatternTimingLink id="JPS_YEAO510-5_6574">
        <From>
          <StopPointRef>2200YEZ01251</StopPointRef>
          <TimingStatus>PTP</TimingStatus>
        </From>
        <To>
          <StopPointRef>2200YEA00491</StopPointRef>
          <TimingStatus>OTH</TimingStatus>
        </To>
        <RouteLinkRef>YEAO510_032_6574</RouteLinkRef>
        <Direction>outbound</Direction>
        <RunTime>PT18S</RunTime>
      </JourneyPatternTimingLink>
      <JourneyPatternTimingLink id="JPS_YEAO510-5_6575">
        <From>
          <StopPointRef>2200YEA00491</StopPointRef>
          <TimingStatus>OTH</TimingStatus>
        </From>
        <To>
          <StopPointRef>2200YEA00489</StopPointRef>
          <TimingStatus>OTH</TimingStatus>
        </To>
        <RouteLinkRef>YEAO510_032_6575</RouteLinkRef>
        <Direction>outbound</Direction>
        <RunTime>PT24S</RunTime>
      </JourneyPatternTimingLink>
      <JourneyPatternTimingLink id="JPS_YEAO510-5_6576">
        <From>
          <StopPointRef>2200YEA00489</StopPointRef>
          <TimingStatus>OTH</TimingStatus>
        </From>
        <To>
          <StopPointRef>2200YEA00487</StopPointRef>
          <TimingStatus>OTH</TimingStatus>
        </To>
        <RouteLinkRef>YEAO510_032_6576</RouteLinkRef>
        <Direction>outbound</Direction>
        <RunTime>PT35S</RunTime>
      </JourneyPatternTimingLink>
      <JourneyPatternTimingLink id="JPS_YEAO510-5_6577">
        <From>
          <StopPointRef>2200YEA00487</StopPointRef>
          <TimingStatus>OTH</TimingStatus>
        </From>
        <To>
          <StopPointRef>2200YEA00486</StopPointRef>
          <TimingStatus>PTP</TimingStatus>
        </To>
        <RouteLinkRef>YEAO510_032_6577</RouteLinkRef>
        <Direction>outbound</Direction>
        <RunTime>PT43S</RunTime>
      </JourneyPatternTimingLink>
      <JourneyPatternTimingLink id="JPS_YEAO510-5_6578">
        <From>
          <StopPointRef>2200YEA00486</StopPointRef>
          <TimingStatus>PTP</TimingStatus>
        </From>
        <To>
          <StopPointRef>2200YEA00479</StopPointRef>
          <TimingStatus>OTH</TimingStatus>
        </To>
        <RouteLinkRef>YEAO510_032_6578</RouteLinkRef>
        <Direction>outbound</Direction>
        <RunTime>PT38S</RunTime>
      </JourneyPatternTimingLink>
      <JourneyPatternTimingLink id="JPS_YEAO510-5_6579">
        <From>
          <StopPointRef>2200YEA00479</StopPointRef>
          <TimingStatus>OTH</TimingStatus>
        </From>
        <To>
          <StopPointRef>2200YEA00477</StopPointRef>
          <TimingStatus>OTH</TimingStatus>
        </To>
        <RouteLinkRef>YEAO510_032_6579</RouteLinkRef>
        <Direction>outbound</Direction>
        <RunTime>PT24S</RunTime>
      </JourneyPatternTimingLink>
      <JourneyPatternTimingLink id="JPS_YEAO510-5_6580">
        <From>
          <StopPointRef>2200YEA00477</StopPointRef>
          <TimingStatus>OTH</TimingStatus>
        </From>
        <To>
          <StopPointRef>2200YEA00459</StopPointRef>
          <TimingStatus>OTH</TimingStatus>
        </To>
        <RouteLinkRef>YEAO510_032_6580</RouteLinkRef>
        <Direction>outbound</Direction>
        <RunTime>PT30S</RunTime>
      </JourneyPatternTimingLink>
      <JourneyPatternTimingLink id="JPS_YEAO510-5_6581">
        <From>
          <StopPointRef>2200YEA00459</StopPointRef>
          <TimingStatus>OTH</TimingStatus>
        </From>
        <To>
          <StopPointRef>2200YEA11685</StopPointRef>
          <TimingStatus>PTP</TimingStatus>
        </To>
        <RouteLinkRef>YEAO510_032_6581</RouteLinkRef>
        <Direction>outbound</Direction>
        <RunTime>PT28S</RunTime>
      </JourneyPatternTimingLink>
      <JourneyPatternTimingLink id="JPS_YEAO510-5_6582">
        <From>
          <StopPointRef>2200YEA11685</StopPointRef>
          <TimingStatus>PTP</TimingStatus>
        </From>
        <To>
          <StopPointRef>2200YEA00457</StopPointRef>
          <TimingStatus>OTH</TimingStatus>
        </To>
        <RouteLinkRef>YEAO510_032_6582</RouteLinkRef>
        <Direction>outbound</Direction>
        <RunTime>PT13S</RunTime>
      </JourneyPatternTimingLink>
      <JourneyPatternTimingLink id="JPS_YEAO510-5_6583">
        <From>
          <StopPointRef>2200YEA00457</StopPointRef>
          <TimingStatus>OTH</TimingStatus>
        </From>
        <To>
          <StopPointRef>2200YEA00454</StopPointRef>
          <TimingStatus>OTH</TimingStatus>
        </To>
        <RouteLinkRef>YEAO510_032_6583</RouteLinkRef>
        <Direction>outbound</Direction>
        <RunTime>PT58S</RunTime>
      </JourneyPatternTimingLink>
      <JourneyPatternTimingLink id="JPS_YEAO510-5_6584">
        <From>
          <StopPointRef>2200YEA00454</StopPointRef>
          <TimingStatus>OTH</TimingStatus>
        </From>
        <To>
          <StopPointRef>2200YEA01664</StopPointRef>
          <TimingStatus>OTH</TimingStatus>
        </To>
        <RouteLinkRef>YEAO510_032_6584</RouteLinkRef>
        <Direction>outbound</Direction>
        <RunTime>PT73S</RunTime>
      </JourneyPatternTimingLink>
      <JourneyPatternTimingLink id="JPS_YEAO510-5_6585">
        <From>
          <StopPointRef>2200YEA01664</StopPointRef>
          <TimingStatus>OTH</TimingStatus>
        </From>
        <To>
          <StopPointRef>2200YEA11852</StopPointRef>
          <TimingStatus>OTH</TimingStatus>
        </To>
        <RouteLinkRef>YEAO510_032_6585</RouteLinkRef>
        <Direction>outbound</Direction>
        <RunTime>PT36S</RunTime>
      </JourneyPatternTimingLink>
      <JourneyPatternTimingLink id="JPS_YEAO510-5_6586">
        <From>
          <StopPointRef>2200YEA11852</StopPointRef>
          <TimingStatus>OTH</TimingStatus>
        </From>
        <To>
          <StopPointRef>2200YEA00593</StopPointRef>
          <TimingStatus>PTP</TimingStatus>
        </To>
        <RouteLinkRef>YEAO510_032_6586</RouteLinkRef>
        <Direction>outbound</Direction>
        <RunTime>PT60S</RunTime>
      </JourneyPatternTimingLink>
      <JourneyPatternTimingLink id="JPS_YEAO510-5_6587">
        <From>
          <StopPointRef>2200YEA00593</StopPointRef>
          <TimingStatus>PTP</TimingStatus>
        </From>
        <To>
          <StopPointRef>2200YEA11854</StopPointRef>
          <TimingStatus>OTH</TimingStatus>
        </To>
        <RouteLinkRef>YEAO510_032_6587</RouteLinkRef>
        <Direction>outbound</Direction>
        <RunTime>PT411S</RunTime>
      </JourneyPatternTimingLink>
      <JourneyPatternTimingLink id="JPS_YEAO510-5_6588">
        <From>
          <StopPointRef>2200YEA11854</StopPointRef>
          <TimingStatus>OTH</TimingStatus>
        </From>
        <To>
          <StopPointRef>2200YEA01623</StopPointRef>
          <TimingStatus>OTH</TimingStatus>
        </To>
        <RouteLinkRef>YEAO510_032_6588</RouteLinkRef>
        <Direction>outbound</Direction>
        <RunTime>PT63S</RunTime>
      </JourneyPatternTimingLink>
      <JourneyPatternTimingLink id="JPS_YEAO510-5_6589">
        <From>
          <StopPointRef>2200YEA01623</StopPointRef>
          <TimingStatus>OTH</TimingStatus>
        </From>
        <To>
          <StopPointRef>2200YEA01624</StopPointRef>
          <TimingStatus>PTP</TimingStatus>
        </To>
        <RouteLinkRef>YEAO510_032_6589</RouteLinkRef>
        <Direction>outbound</Direction>
        <RunTime>PT66S</RunTime>
      </JourneyPatternTimingLink>
      <JourneyPatternTimingLink id="JPS_YEAO510-5_6590">
        <From>
          <StopPointRef>2200YEA01624</StopPointRef>
          <TimingStatus>PTP</TimingStatus>
        </From>
        <To>
          <StopPointRef>2200YEA11674</StopPointRef>
          <TimingStatus>PTP</TimingStatus>
        </To>
        <RouteLinkRef>YEAO510_032_6590</RouteLinkRef>
        <Direction>outbound</Direction>
        <RunTime>PT360S</RunTime>
      </JourneyPatternTimingLink>
    </JourneyPatternSection>
    <JourneyPatternSection id="JPS_YEAO510-6">
      <JourneyPatternTimingLink id="JPS_YEAO510-6_6571">
        <From>
          <StopPointRef>2200YEA00494</StopPointRef>
          <TimingStatus>PTP</TimingStatus>
        </From>
        <To>
          <StopPointRef>2200YEA00492</StopPointRef>
          <TimingStatus>OTH</TimingStatus>
        </To>
        <RouteLinkRef>YEAO510_032_6571</RouteLinkRef>
        <Direction>outbound</Direction>
        <RunTime>PT195S</RunTime>
      </JourneyPatternTimingLink>
      <JourneyPatternTimingLink id="JPS_YEAO510-6_6572">
        <From>
          <StopPointRef>2200YEA00492</StopPointRef>
          <TimingStatus>OTH</TimingStatus>
        </From>
        <To>
          <StopPointRef>2200YEA01628</StopPointRef>
          <TimingStatus>OTH</TimingStatus>
        </To>
        <RouteLinkRef>YEAO510_032_6572</RouteLinkRef>
        <Direction>outbound</Direction>
        <RunTime>PT142S</RunTime>
      </JourneyPatternTimingLink>
      <JourneyPatternTimingLink id="JPS_YEAO510-6_6573">
        <From>
          <StopPointRef>2200YEA01628</StopPointRef>
          <TimingStatus>OTH</TimingStatus>
        </From>
        <To>
          <StopPointRef>2200YEZ01251</StopPointRef>
          <TimingStatus>PTP</TimingStatus>
        </To>
        <RouteLinkRef>YEAO510_032_6573</RouteLinkRef>
        <Direction>outbound</Direction>
        <RunTime>PT323S</RunTime>
      </JourneyPatternTimingLink>
      <JourneyPatternTimingLink id="JPS_YEAO510-6_6574">
        <From>
          <StopPointRef>2200YEZ01251</StopPointRef>
          <TimingStatus>PTP</TimingStatus>
        </From>
        <To>
          <StopPointRef>2200YEA00491</StopPointRef>
          <TimingStatus>OTH</TimingStatus>
        </To>
        <RouteLinkRef>YEAO510_032_6574</RouteLinkRef>
        <Direction>outbound</Direction>
        <RunTime>PT18S</RunTime>
      </JourneyPatternTimingLink>
      <JourneyPatternTimingLink id="JPS_YEAO510-6_6575">
        <From>
          <StopPointRef>2200YEA00491</StopPointRef>
          <TimingStatus>OTH</TimingStatus>
        </From>
        <To>
          <StopPointRef>2200YEA00489</StopPointRef>
          <TimingStatus>OTH</TimingStatus>
        </To>
        <RouteLinkRef>YEAO510_032_6575</RouteLinkRef>
        <Direction>outbound</Direction>
        <RunTime>PT24S</RunTime>
      </JourneyPatternTimingLink>
      <JourneyPatternTimingLink id="JPS_YEAO510-6_6576">
        <From>
          <StopPointRef>2200YEA00489</StopPointRef>
          <TimingStatus>OTH</TimingStatus>
        </From>
        <To>
          <StopPointRef>2200YEA00487</StopPointRef>
          <TimingStatus>OTH</TimingStatus>
        </To>
        <RouteLinkRef>YEAO510_032_6576</RouteLinkRef>
        <Direction>outbound</Direction>
        <RunTime>PT35S</RunTime>
      </JourneyPatternTimingLink>
      <JourneyPatternTimingLink id="JPS_YEAO510-6_6577">
        <From>
          <StopPointRef>2200YEA00487</StopPointRef>
          <TimingStatus>OTH</TimingStatus>
        </From>
        <To>
          <StopPointRef>2200YEA00486</StopPointRef>
          <TimingStatus>PTP</TimingStatus>
        </To>
        <RouteLinkRef>YEAO510_032_6577</RouteLinkRef>
        <Direction>outbound</Direction>
        <RunTime>PT43S</RunTime>
      </JourneyPatternTimingLink>
      <JourneyPatternTimingLink id="JPS_YEAO510-6_6578">
        <From>
          <StopPointRef>2200YEA00486</StopPointRef>
          <TimingStatus>PTP</TimingStatus>
        </From>
        <To>
          <StopPointRef>2200YEA00479</StopPointRef>
          <TimingStatus>OTH</TimingStatus>
        </To>
        <RouteLinkRef>YEAO510_032_6578</RouteLinkRef>
        <Direction>outbound</Direction>
        <RunTime>PT38S</RunTime>
      </JourneyPatternTimingLink>
      <JourneyPatternTimingLink id="JPS_YEAO510-6_6579">
        <From>
          <StopPointRef>2200YEA00479</StopPointRef>
          <TimingStatus>OTH</TimingStatus>
        </From>
        <To>
          <StopPointRef>2200YEA00477</StopPointRef>
          <TimingStatus>OTH</TimingStatus>
        </To>
        <RouteLinkRef>YEAO510_032_6579</RouteLinkRef>
        <Direction>outbound</Direction>
        <RunTime>PT24S</RunTime>
      </JourneyPatternTimingLink>
      <JourneyPatternTimingLink id="JPS_YEAO510-6_6580">
        <From>
          <StopPointRef>2200YEA00477</StopPointRef>
          <TimingStatus>OTH</TimingStatus>
        </From>
        <To>
          <StopPointRef>2200YEA00459</StopPointRef>
          <TimingStatus>OTH</TimingStatus>
        </To>
        <RouteLinkRef>YEAO510_032_6580</RouteLinkRef>
        <Direction>outbound</Direction>
        <RunTime>PT30S</RunTime>
      </JourneyPatternTimingLink>
      <JourneyPatternTimingLink id="JPS_YEAO510-6_6581">
        <From>
          <StopPointRef>2200YEA00459</StopPointRef>
          <TimingStatus>OTH</TimingStatus>
        </From>
        <To>
          <StopPointRef>2200YEA11685</StopPointRef>
          <TimingStatus>PTP</TimingStatus>
        </To>
        <RouteLinkRef>YEAO510_032_6581</RouteLinkRef>
        <Direction>outbound</Direction>
        <RunTime>PT28S</RunTime>
      </JourneyPatternTimingLink>
      <JourneyPatternTimingLink id="JPS_YEAO510-6_6582">
        <From>
          <StopPointRef>2200YEA11685</StopPointRef>
          <TimingStatus>PTP</TimingStatus>
        </From>
        <To>
          <StopPointRef>2200YEA00457</StopPointRef>
          <TimingStatus>OTH</TimingStatus>
        </To>
        <RouteLinkRef>YEAO510_032_6582</RouteLinkRef>
        <Direction>outbound</Direction>
        <RunTime>PT13S</RunTime>
      </JourneyPatternTimingLink>
      <JourneyPatternTimingLink id="JPS_YEAO510-6_6583">
        <From>
          <StopPointRef>2200YEA00457</StopPointRef>
          <TimingStatus>OTH</TimingStatus>
        </From>
        <To>
          <StopPointRef>2200YEA00454</StopPointRef>
          <TimingStatus>OTH</TimingStatus>
        </To>
        <RouteLinkRef>YEAO510_032_6583</RouteLinkRef>
        <Direction>outbound</Direction>
        <RunTime>PT58S</RunTime>
      </JourneyPatternTimingLink>
      <JourneyPatternTimingLink id="JPS_YEAO510-6_6584">
        <From>
          <StopPointRef>2200YEA00454</StopPointRef>
          <TimingStatus>OTH</TimingStatus>
        </From>
        <To>
          <StopPointRef>2200YEA01664</StopPointRef>
          <TimingStatus>OTH</TimingStatus>
        </To>
        <RouteLinkRef>YEAO510_032_6584</RouteLinkRef>
        <Direction>outbound</Direction>
        <RunTime>PT73S</RunTime>
      </JourneyPatternTimingLink>
      <JourneyPatternTimingLink id="JPS_YEAO510-6_6585">
        <From>
          <StopPointRef>2200YEA01664</StopPointRef>
          <TimingStatus>OTH</TimingStatus>
        </From>
        <To>
          <StopPointRef>2200YEA11852</StopPointRef>
          <TimingStatus>OTH</TimingStatus>
        </To>
        <RouteLinkRef>YEAO510_032_6585</RouteLinkRef>
        <Direction>outbound</Direction>
        <RunTime>PT36S</RunTime>
      </JourneyPatternTimingLink>
      <JourneyPatternTimingLink id="JPS_YEAO510-6_6586">
        <From>
          <StopPointRef>2200YEA11852</StopPointRef>
          <TimingStatus>OTH</TimingStatus>
        </From>
        <To>
          <StopPointRef>2200YEA00593</StopPointRef>
          <TimingStatus>PTP</TimingStatus>
        </To>
        <RouteLinkRef>YEAO510_032_6586</RouteLinkRef>
        <Direction>outbound</Direction>
        <RunTime>PT60S</RunTime>
      </JourneyPatternTimingLink>
      <JourneyPatternTimingLink id="JPS_YEAO510-6_6587">
        <From>
          <StopPointRef>2200YEA00593</StopPointRef>
          <TimingStatus>PTP</TimingStatus>
        </From>
        <To>
          <StopPointRef>2200YEA11854</StopPointRef>
          <TimingStatus>OTH</TimingStatus>
        </To>
        <RouteLinkRef>YEAO510_032_6587</RouteLinkRef>
        <Direction>outbound</Direction>
        <RunTime>PT411S</RunTime>
      </JourneyPatternTimingLink>
      <JourneyPatternTimingLink id="JPS_YEAO510-6_6588">
        <From>
          <StopPointRef>2200YEA11854</StopPointRef>
          <TimingStatus>OTH</TimingStatus>
        </From>
        <To>
          <StopPointRef>2200YEA01623</StopPointRef>
          <TimingStatus>OTH</TimingStatus>
        </To>
        <RouteLinkRef>YEAO510_032_6588</RouteLinkRef>
        <Direction>outbound</Direction>
        <RunTime>PT63S</RunTime>
      </JourneyPatternTimingLink>
      <JourneyPatternTimingLink id="JPS_YEAO510-6_6589">
        <From>
          <StopPointRef>2200YEA01623</StopPointRef>
          <TimingStatus>OTH</TimingStatus>
        </From>
        <To>
          <StopPointRef>2200YEA01624</StopPointRef>
          <TimingStatus>PTP</TimingStatus>
        </To>
        <RouteLinkRef>YEAO510_032_6589</RouteLinkRef>
        <Direction>outbound</Direction>
        <RunTime>PT66S</RunTime>
      </JourneyPatternTimingLink>
      <JourneyPatternTimingLink id="JPS_YEAO510-6_6590">
        <From>
          <StopPointRef>2200YEA01624</StopPointRef>
          <TimingStatus>PTP</TimingStatus>
        </From>
        <To>
          <StopPointRef>2200YEA11674</StopPointRef>
          <TimingStatus>PTP</TimingStatus>
        </To>
        <RouteLinkRef>YEAO510_032_6590</RouteLinkRef>
        <Direction>outbound</Direction>
        <RunTime>PT360S</RunTime>
      </JourneyPatternTimingLink>
    </JourneyPatternSection>
  </JourneyPatternSections>
  <Operators>
    <Operator id="EY">
      <NationalOperatorCode>EYMS</NationalOperatorCode>
      <OperatorCode>EY</OperatorCode>
      <OperatorShortName>EYMS</OperatorShortName>
    </Operator>
  </Operators>
  <Services>
    <Service>
      <ServiceCode>YEAO510</ServiceCode>
      <Lines>
        <Line id="0">
          <LineName>510</LineName>
        </Line>
      </Lines>
      <OperatingPeriod>
        <StartDate>2016-04-11</StartDate>
      </OperatingPeriod>
      <RegisteredOperatorRef>EY</RegisteredOperatorRef>
      <StopRequirements>
        <NoNewStopsRequired />
      </StopRequirements>
      <Mode>bus</Mode>
      <Description>Bridlington - Flamborough</Description>
      <StandardService>
        <Origin>Bridlington</Origin>
        <Destination>Flamborough</Destination>
        <JourneyPattern id="JPS_YEAO510-3">
          <Direction>inbound</Direction>
          <JourneyPatternSectionRefs>JPS_YEAO510-3</JourneyPatternSectionRefs>
        </JourneyPattern>
        <JourneyPattern id="JPS_YEAO510-4">
          <Direction>inbound</Direction>
          <JourneyPatternSectionRefs>JPS_YEAO510-4</JourneyPatternSectionRefs>
        </JourneyPattern>
        <JourneyPattern id="JPS_YEAO510-5">
          <Direction>outbound</Direction>
          <JourneyPatternSectionRefs>JPS_YEAO510-5</JourneyPatternSectionRefs>
        </JourneyPattern>
        <JourneyPattern id="JPS_YEAO510-6">
          <Direction>outbound</Direction>
          <JourneyPatternSectionRefs>JPS_YEAO510-6</JourneyPatternSectionRefs>
        </JourneyPattern>
      </StandardService>
    </Service>
  </Services>
  <VehicleJourneys>
    <VehicleJourney>
      <OperatorRef>EY</OperatorRef>
      <OperatingProfile>
        <RegularDayType>
          <DaysOfWeek>
            <Monday />
            <Tuesday />
            <Wednesday />
            <Thursday />
            <Friday />
          </DaysOfWeek>
        </RegularDayType>
        <BankHolidayOperation>
          <DaysOfNonOperation>
            <LateSummerBankHolidayNotScotland />
          </DaysOfNonOperation>
        </BankHolidayOperation>
      </OperatingProfile>
      <VehicleJourneyCode>941</VehicleJourneyCode>
      <ServiceRef>YEAO510</ServiceRef>
      <LineRef>0</LineRef>
      <JourneyPatternRef>JPS_YEAO510-3</JourneyPatternRef>
      <EndDeadRun>
        <ShortWorking>
          <JourneyPatternTimingLinkRef>JPS_YEAO510-3_6556</JourneyPatternTimingLinkRef>
        </ShortWorking>
      </EndDeadRun>
      <DepartureTime>08:20:00</DepartureTime>
    </VehicleJourney>
    <VehicleJourney>
      <OperatorRef>EY</OperatorRef>
      <OperatingProfile>
        <RegularDayType>
          <DaysOfWeek>
            <Monday />
            <Tuesday />
            <Wednesday />
            <Thursday />
            <Friday />
          </DaysOfWeek>
        </RegularDayType>
        <BankHolidayOperation>
          <DaysOfNonOperation>
            <LateSummerBankHolidayNotScotland />
          </DaysOfNonOperation>
        </BankHolidayOperation>
      </OperatingProfile>
      <VehicleJourneyCode>942</VehicleJourneyCode>
      <ServiceRef>YEAO510</ServiceRef>
      <LineRef>0</LineRef>
      <JourneyPatternRef>JPS_YEAO510-3</JourneyPatternRef>
      <EndDeadRun>
        <ShortWorking>
          <JourneyPatternTimingLinkRef>JPS_YEAO510-3_6556</JourneyPatternTimingLinkRef>
        </ShortWorking>
      </EndDeadRun>
      <DepartureTime>09:20:00</DepartureTime>
    </VehicleJourney>
    <VehicleJourney>
      <OperatorRef>EY</OperatorRef>
      <OperatingProfile>
        <RegularDayType>
          <DaysOfWeek>
            <Monday />
            <Tuesday />
            <Wednesday />
            <Thursday />
            <Friday />
          </DaysOfWeek>
        </RegularDayType>
        <BankHolidayOperation>
          <DaysOfNonOperation>
            <LateSummerBankHolidayNotScotland />
          </DaysOfNonOperation>
        </BankHolidayOperation>
      </OperatingProfile>
      <VehicleJourneyCode>943</VehicleJourneyCode>
      <ServiceRef>YEAO510</ServiceRef>
      <LineRef>0</LineRef>
      <JourneyPatternRef>JPS_YEAO510-3</JourneyPatternRef>
      <EndDeadRun>
        <ShortWorking>
          <JourneyPatternTimingLinkRef>JPS_YEAO510-3_6556</JourneyPatternTimingLinkRef>
        </ShortWorking>
      </EndDeadRun>
      <DepartureTime>10:20:00</DepartureTime>
    </VehicleJourney>
    <VehicleJourney>
      <OperatorRef>EY</OperatorRef>
      <OperatingProfile>
        <RegularDayType>
          <DaysOfWeek>
            <Monday />
            <Tuesday />
            <Wednesday />
            <Thursday />
            <Friday />
          </DaysOfWeek>
        </RegularDayType>
        <BankHolidayOperation>
          <DaysOfNonOperation>
            <LateSummerBankHolidayNotScotland />
          </DaysOfNonOperation>
        </BankHolidayOperation>
      </OperatingProfile>
      <VehicleJourneyCode>944</VehicleJourneyCode>
      <ServiceRef>YEAO510</ServiceRef>
      <LineRef>0</LineRef>
      <JourneyPatternRef>JPS_YEAO510-3</JourneyPatternRef>
      <EndDeadRun>
        <ShortWorking>
          <JourneyPatternTimingLinkRef>JPS_YEAO510-3_6556</JourneyPatternTimingLinkRef>
        </ShortWorking>
      </EndDeadRun>
      <DepartureTime>11:20:00</DepartureTime>
    </VehicleJourney>
    <VehicleJourney>
      <OperatorRef>EY</OperatorRef>
      <OperatingProfile>
        <RegularDayType>
          <DaysOfWeek>
            <Monday />
            <Tuesday />
            <Wednesday />
            <Thursday />
            <Friday />
          </DaysOfWeek>
        </RegularDayType>
        <BankHolidayOperation>
          <DaysOfNonOperation>
            <LateSummerBankHolidayNotScotland />
          </DaysOfNonOperation>
        </BankHolidayOperation>
      </OperatingProfile>
      <VehicleJourneyCode>945</VehicleJourneyCode>
      <ServiceRef>YEAO510</ServiceRef>
      <LineRef>0</LineRef>
      <JourneyPatternRef>JPS_YEAO510-3</JourneyPatternRef>
      <EndDeadRun>
        <ShortWorking>
          <JourneyPatternTimingLinkRef>JPS_YEAO510-3_6556</JourneyPatternTimingLinkRef>
        </ShortWorking>
      </EndDeadRun>
      <DepartureTime>12:20:00</DepartureTime>
    </VehicleJourney>
    <VehicleJourney>
      <OperatorRef>EY</OperatorRef>
      <OperatingProfile>
        <RegularDayType>
          <DaysOfWeek>
            <Monday />
            <Tuesday />
            <Wednesday />
            <Thursday />
            <Friday />
          </DaysOfWeek>
        </RegularDayType>
        <BankHolidayOperation>
          <DaysOfNonOperation>
            <LateSummerBankHolidayNotScotland />
          </DaysOfNonOperation>
        </BankHolidayOperation>
      </OperatingProfile>
      <VehicleJourneyCode>946</VehicleJourneyCode>
      <ServiceRef>YEAO510</ServiceRef>
      <LineRef>0</LineRef>
      <JourneyPatternRef>JPS_YEAO510-3</JourneyPatternRef>
      <EndDeadRun>
        <ShortWorking>
          <JourneyPatternTimingLinkRef>JPS_YEAO510-3_6556</JourneyPatternTimingLinkRef>
        </ShortWorking>
      </EndDeadRun>
      <DepartureTime>13:20:00</DepartureTime>
    </VehicleJourney>
    <VehicleJourney>
      <OperatorRef>EY</OperatorRef>
      <OperatingProfile>
        <RegularDayType>
          <DaysOfWeek>
            <Monday />
            <Tuesday />
            <Wednesday />
            <Thursday />
            <Friday />
          </DaysOfWeek>
        </RegularDayType>
        <BankHolidayOperation>
          <DaysOfNonOperation>
            <LateSummerBankHolidayNotScotland />
          </DaysOfNonOperation>
        </BankHolidayOperation>
      </OperatingProfile>
      <VehicleJourneyCode>947</VehicleJourneyCode>
      <ServiceRef>YEAO510</ServiceRef>
      <LineRef>0</LineRef>
      <JourneyPatternRef>JPS_YEAO510-3</JourneyPatternRef>
      <EndDeadRun>
        <ShortWorking>
          <JourneyPatternTimingLinkRef>JPS_YEAO510-3_6556</JourneyPatternTimingLinkRef>
        </ShortWorking>
      </EndDeadRun>
      <DepartureTime>14:20:00</DepartureTime>
    </VehicleJourney>
    <VehicleJourney>
      <OperatorRef>EY</OperatorRef>
      <OperatingProfile>
        <RegularDayType>
          <DaysOfWeek>
            <Monday />
            <Tuesday />
            <Wednesday />
            <Thursday />
            <Friday />
          </DaysOfWeek>
        </RegularDayType>
        <BankHolidayOperation>
          <DaysOfNonOperation>
            <LateSummerBankHolidayNotScotland />
          </DaysOfNonOperation>
        </BankHolidayOperation>
      </OperatingProfile>
      <VehicleJourneyCode>948</VehicleJourneyCode>
      <ServiceRef>YEAO510</ServiceRef>
      <LineRef>0</LineRef>
      <JourneyPatternRef>JPS_YEAO510-3</JourneyPatternRef>
      <EndDeadRun>
        <ShortWorking>
          <JourneyPatternTimingLinkRef>JPS_YEAO510-3_6556</JourneyPatternTimingLinkRef>
        </ShortWorking>
      </EndDeadRun>
      <DepartureTime>15:20:00</DepartureTime>
    </VehicleJourney>
    <VehicleJourney>
      <OperatorRef>EY</OperatorRef>
      <OperatingProfile>
        <RegularDayType>
          <DaysOfWeek>
            <Monday />
            <Tuesday />
            <Wednesday />
            <Thursday />
            <Friday />
          </DaysOfWeek>
        </RegularDayType>
        <BankHolidayOperation>
          <DaysOfNonOperation>
            <LateSummerBankHolidayNotScotland />
          </DaysOfNonOperation>
        </BankHolidayOperation>
      </OperatingProfile>
      <VehicleJourneyCode>949</VehicleJourneyCode>
      <ServiceRef>YEAO510</ServiceRef>
      <LineRef>0</LineRef>
      <JourneyPatternRef>JPS_YEAO510-3</JourneyPatternRef>
      <EndDeadRun>
        <ShortWorking>
          <JourneyPatternTimingLinkRef>JPS_YEAO510-3_6556</JourneyPatternTimingLinkRef>
        </ShortWorking>
      </EndDeadRun>
      <DepartureTime>16:20:00</DepartureTime>
    </VehicleJourney>
    <VehicleJourney>
      <OperatorRef>EY</OperatorRef>
      <OperatingProfile>
        <RegularDayType>
          <DaysOfWeek>
            <Monday />
            <Tuesday />
            <Wednesday />
            <Thursday />
            <Friday />
          </DaysOfWeek>
        </RegularDayType>
        <BankHolidayOperation>
          <DaysOfNonOperation>
            <LateSummerBankHolidayNotScotland />
          </DaysOfNonOperation>
        </BankHolidayOperation>
      </OperatingProfile>
      <VehicleJourneyCode>950</VehicleJourneyCode>
      <ServiceRef>YEAO510</ServiceRef>
      <LineRef>0</LineRef>
      <JourneyPatternRef>JPS_YEAO510-3</JourneyPatternRef>
      <EndDeadRun>
        <ShortWorking>
          <JourneyPatternTimingLinkRef>JPS_YEAO510-3_6556</JourneyPatternTimingLinkRef>
        </ShortWorking>
      </EndDeadRun>
      <DepartureTime>17:20:00</DepartureTime>
    </VehicleJourney>
    <VehicleJourney>
      <OperatorRef>EY</OperatorRef>
      <OperatingProfile>
        <RegularDayType>
          <DaysOfWeek>
            <Monday />
            <Tuesday />
            <Wednesday />
            <Thursday />
            <Friday />
          </DaysOfWeek>
        </RegularDayType>
        <BankHolidayOperation>
          <DaysOfNonOperation>
            <LateSummerBankHolidayNotScotland />
          </DaysOfNonOperation>
        </BankHolidayOperation>
      </OperatingProfile>
      <VehicleJourneyCode>951</VehicleJourneyCode>
      <ServiceRef>YEAO510</ServiceRef>
      <LineRef>0</LineRef>
      <JourneyPatternRef>JPS_YEAO510-4</JourneyPatternRef>
      <DepartureTime>18:20:00</DepartureTime>
    </VehicleJourney>
    <VehicleJourney>
      <OperatorRef>EY</OperatorRef>
      <OperatingProfile>
        <RegularDayType>
          <DaysOfWeek>
            <Saturday />
          </DaysOfWeek>
        </RegularDayType>
      </OperatingProfile>
      <VehicleJourneyCode>952</VehicleJourneyCode>
      <ServiceRef>YEAO510</ServiceRef>
      <LineRef>0</LineRef>
      <JourneyPatternRef>JPS_YEAO510-3</JourneyPatternRef>
      <EndDeadRun>
        <ShortWorking>
          <JourneyPatternTimingLinkRef>JPS_YEAO510-3_6556</JourneyPatternTimingLinkRef>
        </ShortWorking>
      </EndDeadRun>
      <DepartureTime>08:20:00</DepartureTime>
    </VehicleJourney>
    <VehicleJourney>
      <OperatorRef>EY</OperatorRef>
      <OperatingProfile>
        <RegularDayType>
          <DaysOfWeek>
            <Saturday />
          </DaysOfWeek>
        </RegularDayType>
      </OperatingProfile>
      <VehicleJourneyCode>953</VehicleJourneyCode>
      <ServiceRef>YEAO510</ServiceRef>
      <LineRef>0</LineRef>
      <JourneyPatternRef>JPS_YEAO510-3</JourneyPatternRef>
      <EndDeadRun>
        <ShortWorking>
          <JourneyPatternTimingLinkRef>JPS_YEAO510-3_6556</JourneyPatternTimingLinkRef>
        </ShortWorking>
      </EndDeadRun>
      <DepartureTime>09:20:00</DepartureTime>
    </VehicleJourney>
    <VehicleJourney>
      <OperatorRef>EY</OperatorRef>
      <OperatingProfile>
        <RegularDayType>
          <DaysOfWeek>
            <Saturday />
          </DaysOfWeek>
        </RegularDayType>
      </OperatingProfile>
      <VehicleJourneyCode>954</VehicleJourneyCode>
      <ServiceRef>YEAO510</ServiceRef>
      <LineRef>0</LineRef>
      <JourneyPatternRef>JPS_YEAO510-3</JourneyPatternRef>
      <EndDeadRun>
        <ShortWorking>
          <JourneyPatternTimingLinkRef>JPS_YEAO510-3_6556</JourneyPatternTimingLinkRef>
        </ShortWorking>
      </EndDeadRun>
      <DepartureTime>10:20:00</DepartureTime>
    </VehicleJourney>
    <VehicleJourney>
      <OperatorRef>EY</OperatorRef>
      <OperatingProfile>
        <RegularDayType>
          <DaysOfWeek>
            <Saturday />
          </DaysOfWeek>
        </RegularDayType>
      </OperatingProfile>
      <VehicleJourneyCode>955</VehicleJourneyCode>
      <ServiceRef>YEAO510</ServiceRef>
      <LineRef>0</LineRef>
      <JourneyPatternRef>JPS_YEAO510-3</JourneyPatternRef>
      <EndDeadRun>
        <ShortWorking>
          <JourneyPatternTimingLinkRef>JPS_YEAO510-3_6556</JourneyPatternTimingLinkRef>
        </ShortWorking>
      </EndDeadRun>
      <DepartureTime>11:20:00</DepartureTime>
    </VehicleJourney>
    <VehicleJourney>
      <OperatorRef>EY</OperatorRef>
      <OperatingProfile>
        <RegularDayType>
          <DaysOfWeek>
            <Saturday />
          </DaysOfWeek>
        </RegularDayType>
      </OperatingProfile>
      <VehicleJourneyCode>956</VehicleJourneyCode>
      <ServiceRef>YEAO510</ServiceRef>
      <LineRef>0</LineRef>
      <JourneyPatternRef>JPS_YEAO510-3</JourneyPatternRef>
      <EndDeadRun>
        <ShortWorking>
          <JourneyPatternTimingLinkRef>JPS_YEAO510-3_6556</JourneyPatternTimingLinkRef>
        </ShortWorking>
      </EndDeadRun>
      <DepartureTime>12:20:00</DepartureTime>
    </VehicleJourney>
    <VehicleJourney>
      <OperatorRef>EY</OperatorRef>
      <OperatingProfile>
        <RegularDayType>
          <DaysOfWeek>
            <Saturday />
          </DaysOfWeek>
        </RegularDayType>
      </OperatingProfile>
      <VehicleJourneyCode>957</VehicleJourneyCode>
      <ServiceRef>YEAO510</ServiceRef>
      <LineRef>0</LineRef>
      <JourneyPatternRef>JPS_YEAO510-3</JourneyPatternRef>
      <EndDeadRun>
        <ShortWorking>
          <JourneyPatternTimingLinkRef>JPS_YEAO510-3_6556</JourneyPatternTimingLinkRef>
        </ShortWorking>
      </EndDeadRun>
      <DepartureTime>13:20:00</DepartureTime>
    </VehicleJourney>
    <VehicleJourney>
      <OperatorRef>EY</OperatorRef>
      <OperatingProfile>
        <RegularDayType>
          <DaysOfWeek>
            <Saturday />
          </DaysOfWeek>
        </RegularDayType>
      </OperatingProfile>
      <VehicleJourneyCode>958</VehicleJourneyCode>
      <ServiceRef>YEAO510</ServiceRef>
      <LineRef>0</LineRef>
      <JourneyPatternRef>JPS_YEAO510-3</JourneyPatternRef>
      <EndDeadRun>
        <ShortWorking>
          <JourneyPatternTimingLinkRef>JPS_YEAO510-3_6556</JourneyPatternTimingLinkRef>
        </ShortWorking>
      </EndDeadRun>
      <DepartureTime>14:20:00</DepartureTime>
    </VehicleJourney>
    <VehicleJourney>
      <OperatorRef>EY</OperatorRef>
      <OperatingProfile>
        <RegularDayType>
          <DaysOfWeek>
            <Saturday />
          </DaysOfWeek>
        </RegularDayType>
      </OperatingProfile>
      <VehicleJourneyCode>959</VehicleJourneyCode>
      <ServiceRef>YEAO510</ServiceRef>
      <LineRef>0</LineRef>
      <JourneyPatternRef>JPS_YEAO510-3</JourneyPatternRef>
      <EndDeadRun>
        <ShortWorking>
          <JourneyPatternTimingLinkRef>JPS_YEAO510-3_6556</JourneyPatternTimingLinkRef>
        </ShortWorking>
      </EndDeadRun>
      <DepartureTime>15:20:00</DepartureTime>
    </VehicleJourney>
    <VehicleJourney>
      <OperatorRef>EY</OperatorRef>
      <OperatingProfile>
        <RegularDayType>
          <DaysOfWeek>
            <Saturday />
          </DaysOfWeek>
        </RegularDayType>
      </OperatingProfile>
      <VehicleJourneyCode>960</VehicleJourneyCode>
      <ServiceRef>YEAO510</ServiceRef>
      <LineRef>0</LineRef>
      <JourneyPatternRef>JPS_YEAO510-3</JourneyPatternRef>
      <EndDeadRun>
        <ShortWorking>
          <JourneyPatternTimingLinkRef>JPS_YEAO510-3_6556</JourneyPatternTimingLinkRef>
        </ShortWorking>
      </EndDeadRun>
      <DepartureTime>16:20:00</DepartureTime>
    </VehicleJourney>
    <VehicleJourney>
      <OperatorRef>EY</OperatorRef>
      <OperatingProfile>
        <RegularDayType>
          <DaysOfWeek>
            <Saturday />
          </DaysOfWeek>
        </RegularDayType>
      </OperatingProfile>
      <VehicleJourneyCode>961</VehicleJourneyCode>
      <ServiceRef>YEAO510</ServiceRef>
      <LineRef>0</LineRef>
      <JourneyPatternRef>JPS_YEAO510-3</JourneyPatternRef>
      <EndDeadRun>
        <ShortWorking>
          <JourneyPatternTimingLinkRef>JPS_YEAO510-3_6556</JourneyPatternTimingLinkRef>
        </ShortWorking>
      </EndDeadRun>
      <DepartureTime>17:20:00</DepartureTime>
    </VehicleJourney>
    <VehicleJourney>
      <OperatorRef>EY</OperatorRef>
      <OperatingProfile>
        <RegularDayType>
          <DaysOfWeek>
            <Saturday />
          </DaysOfWeek>
        </RegularDayType>
      </OperatingProfile>
      <VehicleJourneyCode>962</VehicleJourneyCode>
      <ServiceRef>YEAO510</ServiceRef>
      <LineRef>0</LineRef>
      <JourneyPatternRef>JPS_YEAO510-4</JourneyPatternRef>
      <DepartureTime>18:20:00</DepartureTime>
    </VehicleJourney>
    <VehicleJourney>
      <OperatorRef>EY</OperatorRef>
      <OperatingProfile>
        <RegularDayType>
          <DaysOfWeek>
            <Monday />
            <Tuesday />
            <Wednesday />
            <Thursday />
            <Friday />
          </DaysOfWeek>
        </RegularDayType>
        <BankHolidayOperation>
          <DaysOfNonOperation>
            <LateSummerBankHolidayNotScotland />
          </DaysOfNonOperation>
        </BankHolidayOperation>
      </OperatingProfile>
      <VehicleJourneyCode>963</VehicleJourneyCode>
      <ServiceRef>YEAO510</ServiceRef>
      <LineRef>0</LineRef>
      <JourneyPatternRef>JPS_YEAO510-5</JourneyPatternRef>
      <StartDeadRun>
        <ShortWorking>
          <JourneyPatternTimingLinkRef>JPS_YEAO510-5_6574</JourneyPatternTimingLinkRef>
        </ShortWorking>
      </StartDeadRun>
      <Note>
        <NoteCode>TC</NoteCode>
        <NoteText>Operates via Thornwick Bay Holiday Camp when open</NoteText>
      </Note>
      <DepartureTime>07:55:00</DepartureTime>
    </VehicleJourney>
    <VehicleJourney>
      <OperatorRef>EY</OperatorRef>
      <OperatingProfile>
        <RegularDayType>
          <DaysOfWeek>
            <Monday />
            <Tuesday />
            <Wednesday />
            <Thursday />
            <Friday />
          </DaysOfWeek>
        </RegularDayType>
        <BankHolidayOperation>
          <DaysOfNonOperation>
            <LateSummerBankHolidayNotScotland />
          </DaysOfNonOperation>
        </BankHolidayOperation>
      </OperatingProfile>
      <VehicleJourneyCode>964</VehicleJourneyCode>
      <ServiceRef>YEAO510</ServiceRef>
      <LineRef>0</LineRef>
      <JourneyPatternRef>JPS_YEAO510-6</JourneyPatternRef>
      <Note>
        <NoteCode>TC</NoteCode>
        <NoteText>Operates via Thornwick Bay Holiday Camp when open</NoteText>
      </Note>
      <DepartureTime>08:44:00</DepartureTime>
    </VehicleJourney>
    <VehicleJourney>
      <OperatorRef>EY</OperatorRef>
      <OperatingProfile>
        <RegularDayType>
          <DaysOfWeek>
            <Monday />
            <Tuesday />
            <Wednesday />
            <Thursday />
            <Friday />
          </DaysOfWeek>
        </RegularDayType>
        <BankHolidayOperation>
          <DaysOfNonOperation>
            <LateSummerBankHolidayNotScotland />
          </DaysOfNonOperation>
        </BankHolidayOperation>
      </OperatingProfile>
      <VehicleJourneyCode>965</VehicleJourneyCode>
      <ServiceRef>YEAO510</ServiceRef>
      <LineRef>0</LineRef>
      <JourneyPatternRef>JPS_YEAO510-6</JourneyPatternRef>
      <Note>
        <NoteCode>TC</NoteCode>
        <NoteText>Operates via Thornwick Bay Holiday Camp when open</NoteText>
      </Note>
      <DepartureTime>09:44:00</DepartureTime>
    </VehicleJourney>
    <VehicleJourney>
      <OperatorRef>EY</OperatorRef>
      <OperatingProfile>
        <RegularDayType>
          <DaysOfWeek>
            <Monday />
            <Tuesday />
            <Wednesday />
            <Thursday />
            <Friday />
          </DaysOfWeek>
        </RegularDayType>
        <BankHolidayOperation>
          <DaysOfNonOperation>
            <LateSummerBankHolidayNotScotland />
          </DaysOfNonOperation>
        </BankHolidayOperation>
      </OperatingProfile>
      <VehicleJourneyCode>966</VehicleJourneyCode>
      <ServiceRef>YEAO510</ServiceRef>
      <LineRef>0</LineRef>
      <JourneyPatternRef>JPS_YEAO510-6</JourneyPatternRef>
      <Note>
        <NoteCode>TC</NoteCode>
        <NoteText>Operates via Thornwick Bay Holiday Camp when open</NoteText>
      </Note>
      <DepartureTime>10:44:00</DepartureTime>
    </VehicleJourney>
    <VehicleJourney>
      <OperatorRef>EY</OperatorRef>
      <OperatingProfile>
        <RegularDayType>
          <DaysOfWeek>
            <Monday />
            <Tuesday />
            <Wednesday />
            <Thursday />
            <Friday />
          </DaysOfWeek>
        </RegularDayType>
        <BankHolidayOperation>
          <DaysOfNonOperation>
            <LateSummerBankHolidayNotScotland />
          </DaysOfNonOperation>
        </BankHolidayOperation>
      </OperatingProfile>
      <VehicleJourneyCode>967</VehicleJourneyCode>
      <ServiceRef>YEAO510</ServiceRef>
      <LineRef>0</LineRef>
      <JourneyPatternRef>JPS_YEAO510-6</JourneyPatternRef>
      <Note>
        <NoteCode>TC</NoteCode>
        <NoteText>Operates via Thornwick Bay Holiday Camp when open</NoteText>
      </Note>
      <DepartureTime>11:44:00</DepartureTime>
    </VehicleJourney>
    <VehicleJourney>
      <OperatorRef>EY</OperatorRef>
      <OperatingProfile>
        <RegularDayType>
          <DaysOfWeek>
            <Monday />
            <Tuesday />
            <Wednesday />
            <Thursday />
            <Friday />
          </DaysOfWeek>
        </RegularDayType>
        <BankHolidayOperation>
          <DaysOfNonOperation>
            <LateSummerBankHolidayNotScotland />
          </DaysOfNonOperation>
        </BankHolidayOperation>
      </OperatingProfile>
      <VehicleJourneyCode>968</VehicleJourneyCode>
      <ServiceRef>YEAO510</ServiceRef>
      <LineRef>0</LineRef>
      <JourneyPatternRef>JPS_YEAO510-6</JourneyPatternRef>
      <Note>
        <NoteCode>TC</NoteCode>
        <NoteText>Operates via Thornwick Bay Holiday Camp when open</NoteText>
      </Note>
      <DepartureTime>12:44:00</DepartureTime>
    </VehicleJourney>
    <VehicleJourney>
      <OperatorRef>EY</OperatorRef>
      <OperatingProfile>
        <RegularDayType>
          <DaysOfWeek>
            <Monday />
            <Tuesday />
            <Wednesday />
            <Thursday />
            <Friday />
          </DaysOfWeek>
        </RegularDayType>
        <BankHolidayOperation>
          <DaysOfNonOperation>
            <LateSummerBankHolidayNotScotland />
          </DaysOfNonOperation>
        </BankHolidayOperation>
      </OperatingProfile>
      <VehicleJourneyCode>969</VehicleJourneyCode>
      <ServiceRef>YEAO510</ServiceRef>
      <LineRef>0</LineRef>
      <JourneyPatternRef>JPS_YEAO510-6</JourneyPatternRef>
      <Note>
        <NoteCode>TC</NoteCode>
        <NoteText>Operates via Thornwick Bay Holiday Camp when open</NoteText>
      </Note>
      <DepartureTime>13:44:00</DepartureTime>
    </VehicleJourney>
    <VehicleJourney>
      <OperatorRef>EY</OperatorRef>
      <OperatingProfile>
        <RegularDayType>
          <DaysOfWeek>
            <Monday />
            <Tuesday />
            <Wednesday />
            <Thursday />
            <Friday />
          </DaysOfWeek>
        </RegularDayType>
        <BankHolidayOperation>
          <DaysOfNonOperation>
            <LateSummerBankHolidayNotScotland />
          </DaysOfNonOperation>
        </BankHolidayOperation>
      </OperatingProfile>
      <VehicleJourneyCode>970</VehicleJourneyCode>
      <ServiceRef>YEAO510</ServiceRef>
      <LineRef>0</LineRef>
      <JourneyPatternRef>JPS_YEAO510-6</JourneyPatternRef>
      <Note>
        <NoteCode>TC</NoteCode>
        <NoteText>Operates via Thornwick Bay Holiday Camp when open</NoteText>
      </Note>
      <DepartureTime>14:44:00</DepartureTime>
    </VehicleJourney>
    <VehicleJourney>
      <OperatorRef>EY</OperatorRef>
      <OperatingProfile>
        <RegularDayType>
          <DaysOfWeek>
            <Monday />
            <Tuesday />
            <Wednesday />
            <Thursday />
            <Friday />
          </DaysOfWeek>
        </RegularDayType>
        <BankHolidayOperation>
          <DaysOfNonOperation>
            <LateSummerBankHolidayNotScotland />
          </DaysOfNonOperation>
        </BankHolidayOperation>
      </OperatingProfile>
      <VehicleJourneyCode>971</VehicleJourneyCode>
      <ServiceRef>YEAO510</ServiceRef>
      <LineRef>0</LineRef>
      <JourneyPatternRef>JPS_YEAO510-6</JourneyPatternRef>
      <Note>
        <NoteCode>TC</NoteCode>
        <NoteText>Operates via Thornwick Bay Holiday Camp when open</NoteText>
      </Note>
      <DepartureTime>15:44:00</DepartureTime>
    </VehicleJourney>
    <VehicleJourney>
      <OperatorRef>EY</OperatorRef>
      <OperatingProfile>
        <RegularDayType>
          <DaysOfWeek>
            <Monday />
            <Tuesday />
            <Wednesday />
            <Thursday />
            <Friday />
          </DaysOfWeek>
        </RegularDayType>
        <BankHolidayOperation>
          <DaysOfNonOperation>
            <LateSummerBankHolidayNotScotland />
          </DaysOfNonOperation>
        </BankHolidayOperation>
      </OperatingProfile>
      <VehicleJourneyCode>972</VehicleJourneyCode>
      <ServiceRef>YEAO510</ServiceRef>
      <LineRef>0</LineRef>
      <JourneyPatternRef>JPS_YEAO510-6</JourneyPatternRef>
      <Note>
        <NoteCode>TC</NoteCode>
        <NoteText>Operates via Thornwick Bay Holiday Camp when open</NoteText>
      </Note>
      <DepartureTime>16:44:00</DepartureTime>
    </VehicleJourney>
    <VehicleJourney>
      <OperatorRef>EY</OperatorRef>
      <OperatingProfile>
        <RegularDayType>
          <DaysOfWeek>
            <Monday />
            <Tuesday />
            <Wednesday />
            <Thursday />
            <Friday />
          </DaysOfWeek>
        </RegularDayType>
        <BankHolidayOperation>
          <DaysOfNonOperation>
            <LateSummerBankHolidayNotScotland />
          </DaysOfNonOperation>
        </BankHolidayOperation>
      </OperatingProfile>
      <VehicleJourneyCode>973</VehicleJourneyCode>
      <ServiceRef>YEAO510</ServiceRef>
      <LineRef>0</LineRef>
      <JourneyPatternRef>JPS_YEAO510-6</JourneyPatternRef>
      <Note>
        <NoteCode>TC</NoteCode>
        <NoteText>Operates via Thornwick Bay Holiday Camp when open</NoteText>
      </Note>
      <DepartureTime>17:44:00</DepartureTime>
    </VehicleJourney>
    <VehicleJourney>
      <OperatorRef>EY</OperatorRef>
      <OperatingProfile>
        <RegularDayType>
          <DaysOfWeek>
            <Saturday />
          </DaysOfWeek>
        </RegularDayType>
      </OperatingProfile>
      <VehicleJourneyCode>974</VehicleJourneyCode>
      <ServiceRef>YEAO510</ServiceRef>
      <LineRef>0</LineRef>
      <JourneyPatternRef>JPS_YEAO510-5</JourneyPatternRef>
      <StartDeadRun>
        <ShortWorking>
          <JourneyPatternTimingLinkRef>JPS_YEAO510-5_6574</JourneyPatternTimingLinkRef>
        </ShortWorking>
      </StartDeadRun>
      <Note>
        <NoteCode>TC</NoteCode>
        <NoteText>Operates via Thornwick Bay Holiday Camp when open</NoteText>
      </Note>
      <DepartureTime>07:55:00</DepartureTime>
    </VehicleJourney>
    <VehicleJourney>
      <OperatorRef>EY</OperatorRef>
      <OperatingProfile>
        <RegularDayType>
          <DaysOfWeek>
            <Saturday />
          </DaysOfWeek>
        </RegularDayType>
      </OperatingProfile>
      <VehicleJourneyCode>975</VehicleJourneyCode>
      <ServiceRef>YEAO510</ServiceRef>
      <LineRef>0</LineRef>
      <JourneyPatternRef>JPS_YEAO510-6</JourneyPatternRef>
      <Note>
        <NoteCode>TC</NoteCode>
        <NoteText>Operates via Thornwick Bay Holiday Camp when open</NoteText>
      </Note>
      <DepartureTime>08:44:00</DepartureTime>
    </VehicleJourney>
    <VehicleJourney>
      <OperatorRef>EY</OperatorRef>
      <OperatingProfile>
        <RegularDayType>
          <DaysOfWeek>
            <Saturday />
          </DaysOfWeek>
        </RegularDayType>
      </OperatingProfile>
      <VehicleJourneyCode>976</VehicleJourneyCode>
      <ServiceRef>YEAO510</ServiceRef>
      <LineRef>0</LineRef>
      <JourneyPatternRef>JPS_YEAO510-6</JourneyPatternRef>
      <Note>
        <NoteCode>TC</NoteCode>
        <NoteText>Operates via Thornwick Bay Holiday Camp when open</NoteText>
      </Note>
      <DepartureTime>09:44:00</DepartureTime>
    </VehicleJourney>
    <VehicleJourney>
      <OperatorRef>EY</OperatorRef>
      <OperatingProfile>
        <RegularDayType>
          <DaysOfWeek>
            <Saturday />
          </DaysOfWeek>
        </RegularDayType>
      </OperatingProfile>
      <VehicleJourneyCode>977</VehicleJourneyCode>
      <ServiceRef>YEAO510</ServiceRef>
      <LineRef>0</LineRef>
      <JourneyPatternRef>JPS_YEAO510-6</JourneyPatternRef>
      <Note>
        <NoteCode>TC</NoteCode>
        <NoteText>Operates via Thornwick Bay Holiday Camp when open</NoteText>
      </Note>
      <DepartureTime>10:44:00</DepartureTime>
    </VehicleJourney>
    <VehicleJourney>
      <OperatorRef>EY</OperatorRef>
      <OperatingProfile>
        <RegularDayType>
          <DaysOfWeek>
            <Saturday />
          </DaysOfWeek>
        </RegularDayType>
      </OperatingProfile>
      <VehicleJourneyCode>978</VehicleJourneyCode>
      <ServiceRef>YEAO510</ServiceRef>
      <LineRef>0</LineRef>
      <JourneyPatternRef>JPS_YEAO510-6</JourneyPatternRef>
      <Note>
        <NoteCode>TC</NoteCode>
        <NoteText>Operates via Thornwick Bay Holiday Camp when open</NoteText>
      </Note>
      <DepartureTime>11:44:00</DepartureTime>
    </VehicleJourney>
    <VehicleJourney>
      <OperatorRef>EY</OperatorRef>
      <OperatingProfile>
        <RegularDayType>
          <DaysOfWeek>
            <Saturday />
          </DaysOfWeek>
        </RegularDayType>
      </OperatingProfile>
      <VehicleJourneyCode>979</VehicleJourneyCode>
      <ServiceRef>YEAO510</ServiceRef>
      <LineRef>0</LineRef>
      <JourneyPatternRef>JPS_YEAO510-6</JourneyPatternRef>
      <Note>
        <NoteCode>TC</NoteCode>
        <NoteText>Operates via Thornwick Bay Holiday Camp when open</NoteText>
      </Note>
      <DepartureTime>12:44:00</DepartureTime>
    </VehicleJourney>
    <VehicleJourney>
      <OperatorRef>EY</OperatorRef>
      <OperatingProfile>
        <RegularDayType>
          <DaysOfWeek>
            <Saturday />
          </DaysOfWeek>
        </RegularDayType>
      </OperatingProfile>
      <VehicleJourneyCode>980</VehicleJourneyCode>
      <ServiceRef>YEAO510</ServiceRef>
      <LineRef>0</LineRef>
      <JourneyPatternRef>JPS_YEAO510-6</JourneyPatternRef>
      <Note>
        <NoteCode>TC</NoteCode>
        <NoteText>Operates via Thornwick Bay Holiday Camp when open</NoteText>
      </Note>
      <DepartureTime>13:44:00</DepartureTime>
    </VehicleJourney>
    <VehicleJourney>
      <OperatorRef>EY</OperatorRef>
      <OperatingProfile>
        <RegularDayType>
          <DaysOfWeek>
            <Saturday />
          </DaysOfWeek>
        </RegularDayType>
      </OperatingProfile>
      <VehicleJourneyCode>981</VehicleJourneyCode>
      <ServiceRef>YEAO510</ServiceRef>
      <LineRef>0</LineRef>
      <JourneyPatternRef>JPS_YEAO510-6</JourneyPatternRef>
      <Note>
        <NoteCode>TC</NoteCode>
        <NoteText>Operates via Thornwick Bay Holiday Camp when open</NoteText>
      </Note>
      <DepartureTime>14:44:00</DepartureTime>
    </VehicleJourney>
    <VehicleJourney>
      <OperatorRef>EY</OperatorRef>
      <OperatingProfile>
        <RegularDayType>
          <DaysOfWeek>
            <Saturday />
          </DaysOfWeek>
        </RegularDayType>
      </OperatingProfile>
      <VehicleJourneyCode>982</VehicleJourneyCode>
      <ServiceRef>YEAO510</ServiceRef>
      <LineRef>0</LineRef>
      <JourneyPatternRef>JPS_YEAO510-6</JourneyPatternRef>
      <Note>
        <NoteCode>TC</NoteCode>
        <NoteText>Operates via Thornwick Bay Holiday Camp when open</NoteText>
      </Note>
      <DepartureTime>15:44:00</DepartureTime>
    </VehicleJourney>
    <VehicleJourney>
      <OperatorRef>EY</OperatorRef>
      <OperatingProfile>
        <RegularDayType>
          <DaysOfWeek>
            <Saturday />
          </DaysOfWeek>
        </RegularDayType>
      </OperatingProfile>
      <VehicleJourneyCode>983</VehicleJourneyCode>
      <ServiceRef>YEAO510</ServiceRef>
      <LineRef>0</LineRef>
      <JourneyPatternRef>JPS_YEAO510-6</JourneyPatternRef>
      <Note>
        <NoteCode>TC</NoteCode>
        <NoteText>Operates via Thornwick Bay Holiday Camp when open</NoteText>
      </Note>
      <DepartureTime>16:44:00</DepartureTime>
    </VehicleJourney>
    <VehicleJourney>
      <OperatorRef>EY</OperatorRef>
      <OperatingProfile>
        <RegularDayType>
          <DaysOfWeek>
            <Saturday />
          </DaysOfWeek>
        </RegularDayType>
      </OperatingProfile>
      <VehicleJourneyCode>984</VehicleJourneyCode>
      <ServiceRef>YEAO510</ServiceRef>
      <LineRef>0</LineRef>
      <JourneyPatternRef>JPS_YEAO510-6</JourneyPatternRef>
      <Note>
        <NoteCode>TC</NoteCode>
        <NoteText>Operates via Thornwick Bay Holiday Camp when open</NoteText>
      </Note>
      <DepartureTime>17:44:00</DepartureTime>
    </VehicleJourney>
  </VehicleJourneys>
</TransXChange>