<?xml version="1.0" encoding="utf-8"?>
<TransXChange xmlns:xsd="http://www.w3.org/2001/XMLSchema" xmlns:xsi="http://www.w3.org/2001/XMLSchema-instance" xsi:schemaLocation="http://www.transxchange.org.uk/ http://www.transxchange.org.uk/schema/2.1/TransXChange_general.xsd" CreationDateTime="2017-09-18T09:38:00-00:00" ModificationDateTime="2017-09-18T09:38:00-00:00" Modification="new" RevisionNumber="0" FileName="SVRYNAO170.xml" SchemaVersion="2.1" RegistrationDocument="false" xmlns="http://www.transxchange.org.uk/">
  <StopPoints>
    <AnnotatedStopPointRef>
      <StopPointRef>3200YNE04445</StopPointRef>
      <CommonName>Ripon Schools</CommonName>
    </AnnotatedStopPointRef>
    <AnnotatedStopPointRef>
      <StopPointRef>3200YNA96535</StopPointRef>
      <CommonName>Bus Station Stand 4</CommonName>
    </AnnotatedStopPointRef>
    <AnnotatedStopPointRef>
      <StopPointRef>3200YNA91065</StopPointRef>
      <CommonName>The White Horse</CommonName>
    </AnnotatedStopPointRef>
    <AnnotatedStopPointRef>
      <StopPointRef>3200YNA91064</StopPointRef>
      <CommonName>The Clock Tower</CommonName>
    </AnnotatedStopPointRef>
    <AnnotatedStopPointRef>
      <StopPointRef>3200YNA01301</StopPointRef>
      <CommonName>Station Hotel</CommonName>
    </AnnotatedStopPointRef>
    <AnnotatedStopPointRef>
      <StopPointRef>3200YNA91061</StopPointRef>
      <CommonName>North Bridge</CommonName>
    </AnnotatedStopPointRef>
    <AnnotatedStopPointRef>
      <StopPointRef>3200YNA01302</StopPointRef>
      <CommonName>North Bridge</CommonName>
    </AnnotatedStopPointRef>
    <AnnotatedStopPointRef>
      <StopPointRef>3200YNA91042</StopPointRef>
      <CommonName>Old Post Office</CommonName>
    </AnnotatedStopPointRef>
    <AnnotatedStopPointRef>
      <StopPointRef>3200YNA91043</StopPointRef>
      <CommonName>The Smithy</CommonName>
    </AnnotatedStopPointRef>
    <AnnotatedStopPointRef>
      <StopPointRef>3200YNB00094</StopPointRef>
      <CommonName>Busby Stoop Inn</CommonName>
    </AnnotatedStopPointRef>
    <AnnotatedStopPointRef>
      <StopPointRef>3200YNA90793</StopPointRef>
      <CommonName>Topcliffe cp School</CommonName>
    </AnnotatedStopPointRef>
    <AnnotatedStopPointRef>
      <StopPointRef>3200YNA90794</StopPointRef>
      <CommonName>St Columba's Church</CommonName>
    </AnnotatedStopPointRef>
    <AnnotatedStopPointRef>
      <StopPointRef>3200YNB01041</StopPointRef>
      <CommonName>Thorpefield</CommonName>
    </AnnotatedStopPointRef>
    <AnnotatedStopPointRef>
      <StopPointRef>3200YNA90977</StopPointRef>
      <CommonName>Gravel Hole Lane</CommonName>
    </AnnotatedStopPointRef>
    <AnnotatedStopPointRef>
      <StopPointRef>3200YNB01046</StopPointRef>
      <CommonName>Gravel Hole Lane</CommonName>
    </AnnotatedStopPointRef>
    <AnnotatedStopPointRef>
      <StopPointRef>3200YNE04368</StopPointRef>
      <CommonName>York Road</CommonName>
    </AnnotatedStopPointRef>
    <AnnotatedStopPointRef>
      <StopPointRef>3200YNA90161</StopPointRef>
      <CommonName>Market Place</CommonName>
    </AnnotatedStopPointRef>
    <AnnotatedStopPointRef>
      <StopPointRef>3200YNA90994</StopPointRef>
      <CommonName>Kirkgate</CommonName>
    </AnnotatedStopPointRef>
    <AnnotatedStopPointRef>
      <StopPointRef>3200YNE04366</StopPointRef>
      <CommonName>Thornton-Le-Street</CommonName>
    </AnnotatedStopPointRef>
    <AnnotatedStopPointRef>
      <StopPointRef>3200YNE04364</StopPointRef>
      <CommonName>Thornton-le-Moor Lane End</CommonName>
    </AnnotatedStopPointRef>
    <AnnotatedStopPointRef>
      <StopPointRef>3200YNA06553</StopPointRef>
      <CommonName>Black Swan</CommonName>
    </AnnotatedStopPointRef>
    <AnnotatedStopPointRef>
      <StopPointRef>3200YNA91046</StopPointRef>
      <CommonName>Otterington Shorthorn</CommonName>
    </AnnotatedStopPointRef>
    <AnnotatedStopPointRef>
      <StopPointRef>3200YNA90147</StopPointRef>
      <CommonName>Boroughbridge Road Surgery</CommonName>
    </AnnotatedStopPointRef>
    <AnnotatedStopPointRef>
      <StopPointRef>3200YNB00064</StopPointRef>
      <CommonName>The Fairway</CommonName>
    </AnnotatedStopPointRef>
    <AnnotatedStopPointRef>
      <StopPointRef>3200YNA90144</StopPointRef>
      <CommonName>Northallerton Station</CommonName>
    </AnnotatedStopPointRef>
    <AnnotatedStopPointRef>
      <StopPointRef>3200YNE04308</StopPointRef>
      <CommonName>Court House</CommonName>
    </AnnotatedStopPointRef>
    <AnnotatedStopPointRef>
      <StopPointRef>3200YNA90142</StopPointRef>
      <CommonName>Post Office</CommonName>
    </AnnotatedStopPointRef>
    <AnnotatedStopPointRef>
      <StopPointRef>3200YNA01581</StopPointRef>
      <CommonName>The Buck Inn</CommonName>
    </AnnotatedStopPointRef>
    <AnnotatedStopPointRef>
      <StopPointRef>3200YNA90141</StopPointRef>
      <CommonName>Town Hall</CommonName>
    </AnnotatedStopPointRef>
    <AnnotatedStopPointRef>
      <StopPointRef>3200YNA01580</StopPointRef>
      <CommonName>Nags Head</CommonName>
    </AnnotatedStopPointRef>
    <AnnotatedStopPointRef>
      <StopPointRef>3200YNA90143</StopPointRef>
      <CommonName>County Hall</CommonName>
    </AnnotatedStopPointRef>
    <AnnotatedStopPointRef>
      <StopPointRef>3200YNA90145</StopPointRef>
      <CommonName>Farndale Avenue</CommonName>
    </AnnotatedStopPointRef>
    <AnnotatedStopPointRef>
      <StopPointRef>3200YNA90146</StopPointRef>
      <CommonName>Boroughbridge Road Surgery</CommonName>
    </AnnotatedStopPointRef>
    <AnnotatedStopPointRef>
      <StopPointRef>3200YNA91045</StopPointRef>
      <CommonName>Otterington Shorthorn</CommonName>
    </AnnotatedStopPointRef>
    <AnnotatedStopPointRef>
      <StopPointRef>3200YNE04365</StopPointRef>
      <CommonName>Thornton-le-Moor Lane End</CommonName>
    </AnnotatedStopPointRef>
    <AnnotatedStopPointRef>
      <StopPointRef>3200YNE04367</StopPointRef>
      <CommonName>Thornton-Le-Street</CommonName>
    </AnnotatedStopPointRef>
    <AnnotatedStopPointRef>
      <StopPointRef>3200YNA90993</StopPointRef>
      <CommonName>Kirkgate</CommonName>
    </AnnotatedStopPointRef>
    <AnnotatedStopPointRef>
      <StopPointRef>3200YNA90995</StopPointRef>
      <CommonName>The Green</CommonName>
    </AnnotatedStopPointRef>
    <AnnotatedStopPointRef>
      <StopPointRef>3200YNA91003</StopPointRef>
      <CommonName>Hambleton Drive</CommonName>
    </AnnotatedStopPointRef>
    <AnnotatedStopPointRef>
      <StopPointRef>3200YNE04369</StopPointRef>
      <CommonName>York Road</CommonName>
    </AnnotatedStopPointRef>
    <AnnotatedStopPointRef>
      <StopPointRef>3200YNB01045</StopPointRef>
      <CommonName>Gravel Hole Lane</CommonName>
    </AnnotatedStopPointRef>
    <AnnotatedStopPointRef>
      <StopPointRef>3200YNB01044</StopPointRef>
      <CommonName>Gravel Hole Lane</CommonName>
    </AnnotatedStopPointRef>
    <AnnotatedStopPointRef>
      <StopPointRef>3200YNB01042</StopPointRef>
      <CommonName>Thorpefield</CommonName>
    </AnnotatedStopPointRef>
    <AnnotatedStopPointRef>
      <StopPointRef>3200YNA90795</StopPointRef>
      <CommonName>Post Office</CommonName>
    </AnnotatedStopPointRef>
    <AnnotatedStopPointRef>
      <StopPointRef>3200YNA90792</StopPointRef>
      <CommonName>Topcliffe cp School</CommonName>
    </AnnotatedStopPointRef>
    <AnnotatedStopPointRef>
      <StopPointRef>3200YNA06564</StopPointRef>
      <CommonName>Busby Stoop Inn</CommonName>
    </AnnotatedStopPointRef>
    <AnnotatedStopPointRef>
      <StopPointRef>3200YNA91044</StopPointRef>
      <CommonName>Hill Farm</CommonName>
    </AnnotatedStopPointRef>
    <AnnotatedStopPointRef>
      <StopPointRef>3200YNA91041</StopPointRef>
      <CommonName>The Smithy</CommonName>
    </AnnotatedStopPointRef>
    <AnnotatedStopPointRef>
      <StopPointRef>3200YNB01120</StopPointRef>
      <CommonName>Wards Corner</CommonName>
    </AnnotatedStopPointRef>
    <AnnotatedStopPointRef>
      <StopPointRef>3200YNA01303</StopPointRef>
      <CommonName>North Bridge</CommonName>
    </AnnotatedStopPointRef>
    <AnnotatedStopPointRef>
      <StopPointRef>3200YNA91060</StopPointRef>
      <CommonName>North Bridge</CommonName>
    </AnnotatedStopPointRef>
    <AnnotatedStopPointRef>
      <StopPointRef>3200YNA91062</StopPointRef>
      <CommonName>North Road</CommonName>
    </AnnotatedStopPointRef>
    <AnnotatedStopPointRef>
      <StopPointRef>3200YNA91063</StopPointRef>
      <CommonName>The Clock Tower</CommonName>
    </AnnotatedStopPointRef>
    <AnnotatedStopPointRef>
      <StopPointRef>3200YNA01298</StopPointRef>
      <CommonName>White Horse</CommonName>
    </AnnotatedStopPointRef>
    <AnnotatedStopPointRef>
      <StopPointRef>3200YNA91136</StopPointRef>
      <CommonName>Clotherholme Road</CommonName>
    </AnnotatedStopPointRef>
    <AnnotatedStopPointRef>
      <StopPointRef>3200YNE04444</StopPointRef>
      <CommonName>Ripon School</CommonName>
    </AnnotatedStopPointRef>
  </StopPoints>
  <RouteSections>
    <RouteSection id="YNAO170_001">
      <RouteLink id="YNAO170_001_32324">
        <From>
          <StopPointRef>3200YNE04445</StopPointRef>
        </From>
        <To>
          <StopPointRef>3200YNA96535</StopPointRef>
        </To>
        <Direction>outbound</Direction>
      </RouteLink>
      <RouteLink id="YNAO170_001_32325">
        <From>
          <StopPointRef>3200YNA96535</StopPointRef>
        </From>
        <To>
          <StopPointRef>3200YNA91065</StopPointRef>
        </To>
        <Direction>outbound</Direction>
      </RouteLink>
      <RouteLink id="YNAO170_001_32326">
        <From>
          <StopPointRef>3200YNA91065</StopPointRef>
        </From>
        <To>
          <StopPointRef>3200YNA91064</StopPointRef>
        </To>
        <Direction>outbound</Direction>
      </RouteLink>
      <RouteLink id="YNAO170_001_32327">
        <From>
          <StopPointRef>3200YNA91064</StopPointRef>
        </From>
        <To>
          <StopPointRef>3200YNA01301</StopPointRef>
        </To>
        <Direction>outbound</Direction>
      </RouteLink>
      <RouteLink id="YNAO170_001_32328">
        <From>
          <StopPointRef>3200YNA01301</StopPointRef>
        </From>
        <To>
          <StopPointRef>3200YNA91061</StopPointRef>
        </To>
        <Direction>outbound</Direction>
      </RouteLink>
      <RouteLink id="YNAO170_001_32329">
        <From>
          <StopPointRef>3200YNA91061</StopPointRef>
        </From>
        <To>
          <StopPointRef>3200YNA01302</StopPointRef>
        </To>
        <Direction>outbound</Direction>
      </RouteLink>
      <RouteLink id="YNAO170_001_32330">
        <From>
          <StopPointRef>3200YNA01302</StopPointRef>
        </From>
        <To>
          <StopPointRef>3200YNA91042</StopPointRef>
        </To>
        <Direction>outbound</Direction>
      </RouteLink>
      <RouteLink id="YNAO170_001_32331">
        <From>
          <StopPointRef>3200YNA91042</StopPointRef>
        </From>
        <To>
          <StopPointRef>3200YNA91043</StopPointRef>
        </To>
        <Direction>outbound</Direction>
      </RouteLink>
      <RouteLink id="YNAO170_001_32332">
        <From>
          <StopPointRef>3200YNA91043</StopPointRef>
        </From>
        <To>
          <StopPointRef>3200YNB00094</StopPointRef>
        </To>
        <Direction>outbound</Direction>
      </RouteLink>
      <RouteLink id="YNAO170_001_32333">
        <From>
          <StopPointRef>3200YNB00094</StopPointRef>
        </From>
        <To>
          <StopPointRef>3200YNA90793</StopPointRef>
        </To>
        <Direction>outbound</Direction>
      </RouteLink>
      <RouteLink id="YNAO170_001_32334">
        <From>
          <StopPointRef>3200YNA90793</StopPointRef>
        </From>
        <To>
          <StopPointRef>3200YNA90794</StopPointRef>
        </To>
        <Direction>outbound</Direction>
      </RouteLink>
      <RouteLink id="YNAO170_001_32335">
        <From>
          <StopPointRef>3200YNA90794</StopPointRef>
        </From>
        <To>
          <StopPointRef>3200YNB01041</StopPointRef>
        </To>
        <Direction>outbound</Direction>
      </RouteLink>
      <RouteLink id="YNAO170_001_32336">
        <From>
          <StopPointRef>3200YNB01041</StopPointRef>
        </From>
        <To>
          <StopPointRef>3200YNA90977</StopPointRef>
        </To>
        <Direction>outbound</Direction>
      </RouteLink>
      <RouteLink id="YNAO170_001_32337">
        <From>
          <StopPointRef>3200YNA90977</StopPointRef>
        </From>
        <To>
          <StopPointRef>3200YNB01046</StopPointRef>
        </To>
        <Direction>outbound</Direction>
      </RouteLink>
      <RouteLink id="YNAO170_001_32338">
        <From>
          <StopPointRef>3200YNB01046</StopPointRef>
        </From>
        <To>
          <StopPointRef>3200YNE04368</StopPointRef>
        </To>
        <Direction>outbound</Direction>
      </RouteLink>
      <RouteLink id="YNAO170_001_32339">
        <From>
          <StopPointRef>3200YNE04368</StopPointRef>
        </From>
        <To>
          <StopPointRef>3200YNA90161</StopPointRef>
        </To>
        <Direction>outbound</Direction>
      </RouteLink>
      <RouteLink id="YNAO170_001_32340">
        <From>
          <StopPointRef>3200YNA90161</StopPointRef>
        </From>
        <To>
          <StopPointRef>3200YNA90994</StopPointRef>
        </To>
        <Direction>outbound</Direction>
      </RouteLink>
      <RouteLink id="YNAO170_001_32341">
        <From>
          <StopPointRef>3200YNA90994</StopPointRef>
        </From>
        <To>
          <StopPointRef>3200YNE04366</StopPointRef>
        </To>
        <Direction>outbound</Direction>
      </RouteLink>
      <RouteLink id="YNAO170_001_32342">
        <From>
          <StopPointRef>3200YNE04366</StopPointRef>
        </From>
        <To>
          <StopPointRef>3200YNE04364</StopPointRef>
        </To>
        <Direction>outbound</Direction>
      </RouteLink>
      <RouteLink id="YNAO170_001_32343">
        <From>
          <StopPointRef>3200YNE04364</StopPointRef>
        </From>
        <To>
          <StopPointRef>3200YNA06553</StopPointRef>
        </To>
        <Direction>outbound</Direction>
      </RouteLink>
      <RouteLink id="YNAO170_001_32344">
        <From>
          <StopPointRef>3200YNA06553</StopPointRef>
        </From>
        <To>
          <StopPointRef>3200YNA91046</StopPointRef>
        </To>
        <Direction>outbound</Direction>
      </RouteLink>
      <RouteLink id="YNAO170_001_32345">
        <From>
          <StopPointRef>3200YNA91046</StopPointRef>
        </From>
        <To>
          <StopPointRef>3200YNA90147</StopPointRef>
        </To>
        <Direction>outbound</Direction>
      </RouteLink>
      <RouteLink id="YNAO170_001_32346">
        <From>
          <StopPointRef>3200YNA90147</StopPointRef>
        </From>
        <To>
          <StopPointRef>3200YNB00064</StopPointRef>
        </To>
        <Direction>outbound</Direction>
      </RouteLink>
      <RouteLink id="YNAO170_001_32347">
        <From>
          <StopPointRef>3200YNB00064</StopPointRef>
        </From>
        <To>
          <StopPointRef>3200YNA90144</StopPointRef>
        </To>
        <Direction>outbound</Direction>
      </RouteLink>
      <RouteLink id="YNAO170_001_32348">
        <From>
          <StopPointRef>3200YNA90144</StopPointRef>
        </From>
        <To>
          <StopPointRef>3200YNE04308</StopPointRef>
        </To>
        <Direction>outbound</Direction>
      </RouteLink>
      <RouteLink id="YNAO170_001_32349">
        <From>
          <StopPointRef>3200YNE04308</StopPointRef>
        </From>
        <To>
          <StopPointRef>3200YNA90142</StopPointRef>
        </To>
        <Direction>outbound</Direction>
      </RouteLink>
      <RouteLink id="YNAO170_001_32350">
        <From>
          <StopPointRef>3200YNA90142</StopPointRef>
        </From>
        <To>
          <StopPointRef>3200YNA01581</StopPointRef>
        </To>
        <Direction>outbound</Direction>
      </RouteLink>
    </RouteSection>
    <RouteSection id="YNAO170_002">
      <RouteLink id="YNAO170_002_32352">
        <From>
          <StopPointRef>3200YNA01581</StopPointRef>
        </From>
        <To>
          <StopPointRef>3200YNA90141</StopPointRef>
        </To>
        <Direction>inbound</Direction>
      </RouteLink>
      <RouteLink id="YNAO170_002_32353">
        <From>
          <StopPointRef>3200YNA90141</StopPointRef>
        </From>
        <To>
          <StopPointRef>3200YNA01580</StopPointRef>
        </To>
        <Direction>inbound</Direction>
      </RouteLink>
      <RouteLink id="YNAO170_002_32354">
        <From>
          <StopPointRef>3200YNA01580</StopPointRef>
        </From>
        <To>
          <StopPointRef>3200YNA90143</StopPointRef>
        </To>
        <Direction>inbound</Direction>
      </RouteLink>
      <RouteLink id="YNAO170_002_32355">
        <From>
          <StopPointRef>3200YNA90143</StopPointRef>
        </From>
        <To>
          <StopPointRef>3200YNA90145</StopPointRef>
        </To>
        <Direction>inbound</Direction>
      </RouteLink>
      <RouteLink id="YNAO170_002_32356">
        <From>
          <StopPointRef>3200YNA90145</StopPointRef>
        </From>
        <To>
          <StopPointRef>3200YNA90146</StopPointRef>
        </To>
        <Direction>inbound</Direction>
      </RouteLink>
      <RouteLink id="YNAO170_002_32357">
        <From>
          <StopPointRef>3200YNA90146</StopPointRef>
        </From>
        <To>
          <StopPointRef>3200YNA91045</StopPointRef>
        </To>
        <Direction>inbound</Direction>
      </RouteLink>
      <RouteLink id="YNAO170_002_32358">
        <From>
          <StopPointRef>3200YNA91045</StopPointRef>
        </From>
        <To>
          <StopPointRef>3200YNA06553</StopPointRef>
        </To>
        <Direction>inbound</Direction>
      </RouteLink>
      <RouteLink id="YNAO170_002_32359">
        <From>
          <StopPointRef>3200YNA06553</StopPointRef>
        </From>
        <To>
          <StopPointRef>3200YNE04365</StopPointRef>
        </To>
        <Direction>inbound</Direction>
      </RouteLink>
      <RouteLink id="YNAO170_002_32360">
        <From>
          <StopPointRef>3200YNE04365</StopPointRef>
        </From>
        <To>
          <StopPointRef>3200YNE04367</StopPointRef>
        </To>
        <Direction>inbound</Direction>
      </RouteLink>
      <RouteLink id="YNAO170_002_32361">
        <From>
          <StopPointRef>3200YNE04367</StopPointRef>
        </From>
        <To>
          <StopPointRef>3200YNA90993</StopPointRef>
        </To>
        <Direction>inbound</Direction>
      </RouteLink>
      <RouteLink id="YNAO170_002_32362">
        <From>
          <StopPointRef>3200YNA90993</StopPointRef>
        </From>
        <To>
          <StopPointRef>3200YNA90161</StopPointRef>
        </To>
        <Direction>inbound</Direction>
      </RouteLink>
      <RouteLink id="YNAO170_002_32363">
        <From>
          <StopPointRef>3200YNA90161</StopPointRef>
        </From>
        <To>
          <StopPointRef>3200YNA90995</StopPointRef>
        </To>
        <Direction>inbound</Direction>
      </RouteLink>
      <RouteLink id="YNAO170_002_32364">
        <From>
          <StopPointRef>3200YNA90995</StopPointRef>
        </From>
        <To>
          <StopPointRef>3200YNA91003</StopPointRef>
        </To>
        <Direction>inbound</Direction>
      </RouteLink>
      <RouteLink id="YNAO170_002_32365">
        <From>
          <StopPointRef>3200YNA91003</StopPointRef>
        </From>
        <To>
          <StopPointRef>3200YNE04369</StopPointRef>
        </To>
        <Direction>inbound</Direction>
      </RouteLink>
      <RouteLink id="YNAO170_002_32366">
        <From>
          <StopPointRef>3200YNE04369</StopPointRef>
        </From>
        <To>
          <StopPointRef>3200YNB01045</StopPointRef>
        </To>
        <Direction>inbound</Direction>
      </RouteLink>
      <RouteLink id="YNAO170_002_32367">
        <From>
          <StopPointRef>3200YNB01045</StopPointRef>
        </From>
        <To>
          <StopPointRef>3200YNB01044</StopPointRef>
        </To>
        <Direction>inbound</Direction>
      </RouteLink>
      <RouteLink id="YNAO170_002_32368">
        <From>
          <StopPointRef>3200YNB01044</StopPointRef>
        </From>
        <To>
          <StopPointRef>3200YNB01042</StopPointRef>
        </To>
        <Direction>inbound</Direction>
      </RouteLink>
      <RouteLink id="YNAO170_002_32369">
        <From>
          <StopPointRef>3200YNB01042</StopPointRef>
        </From>
        <To>
          <StopPointRef>3200YNA90795</StopPointRef>
        </To>
        <Direction>inbound</Direction>
      </RouteLink>
      <RouteLink id="YNAO170_002_32370">
        <From>
          <StopPointRef>3200YNA90795</StopPointRef>
        </From>
        <To>
          <StopPointRef>3200YNA90792</StopPointRef>
        </To>
        <Direction>inbound</Direction>
      </RouteLink>
      <RouteLink id="YNAO170_002_32371">
        <From>
          <StopPointRef>3200YNA90792</StopPointRef>
        </From>
        <To>
          <StopPointRef>3200YNA06564</StopPointRef>
        </To>
        <Direction>inbound</Direction>
      </RouteLink>
      <RouteLink id="YNAO170_002_32372">
        <From>
          <StopPointRef>3200YNA06564</StopPointRef>
        </From>
        <To>
          <StopPointRef>3200YNA91044</StopPointRef>
        </To>
        <Direction>inbound</Direction>
      </RouteLink>
      <RouteLink id="YNAO170_002_32373">
        <From>
          <StopPointRef>3200YNA91044</StopPointRef>
        </From>
        <To>
          <StopPointRef>3200YNA91041</StopPointRef>
        </To>
        <Direction>inbound</Direction>
      </RouteLink>
      <RouteLink id="YNAO170_002_32374">
        <From>
          <StopPointRef>3200YNA91041</StopPointRef>
        </From>
        <To>
          <StopPointRef>3200YNB01120</StopPointRef>
        </To>
        <Direction>inbound</Direction>
      </RouteLink>
      <RouteLink id="YNAO170_002_32375">
        <From>
          <StopPointRef>3200YNB01120</StopPointRef>
        </From>
        <To>
          <StopPointRef>3200YNA01303</StopPointRef>
        </To>
        <Direction>inbound</Direction>
      </RouteLink>
      <RouteLink id="YNAO170_002_32376">
        <From>
          <StopPointRef>3200YNA01303</StopPointRef>
        </From>
        <To>
          <StopPointRef>3200YNA91060</StopPointRef>
        </To>
        <Direction>inbound</Direction>
      </RouteLink>
      <RouteLink id="YNAO170_002_32377">
        <From>
          <StopPointRef>3200YNA91060</StopPointRef>
        </From>
        <To>
          <StopPointRef>3200YNA91062</StopPointRef>
        </To>
        <Direction>inbound</Direction>
      </RouteLink>
      <RouteLink id="YNAO170_002_32378">
        <From>
          <StopPointRef>3200YNA91062</StopPointRef>
        </From>
        <To>
          <StopPointRef>3200YNA91063</StopPointRef>
        </To>
        <Direction>inbound</Direction>
      </RouteLink>
      <RouteLink id="YNAO170_002_32379">
        <From>
          <StopPointRef>3200YNA91063</StopPointRef>
        </From>
        <To>
          <StopPointRef>3200YNA01298</StopPointRef>
        </To>
        <Direction>inbound</Direction>
      </RouteLink>
      <RouteLink id="YNAO170_002_32380">
        <From>
          <StopPointRef>3200YNA01298</StopPointRef>
        </From>
        <To>
          <StopPointRef>3200YNA96535</StopPointRef>
        </To>
        <Direction>inbound</Direction>
      </RouteLink>
      <RouteLink id="YNAO170_002_32381">
        <From>
          <StopPointRef>3200YNA96535</StopPointRef>
        </From>
        <To>
          <StopPointRef>3200YNA91136</StopPointRef>
        </To>
        <Direction>inbound</Direction>
      </RouteLink>
      <RouteLink id="YNAO170_002_32382">
        <From>
          <StopPointRef>3200YNA91136</StopPointRef>
        </From>
        <To>
          <StopPointRef>3200YNE04444</StopPointRef>
        </To>
        <Direction>inbound</Direction>
      </RouteLink>
    </RouteSection>
  </RouteSections>
  <Routes>
    <Route id="YNAO170_001">
      <Description>Ripon - Northallerton
</Description>
      <RouteSectionRef>YNAO170_001</RouteSectionRef>
    </Route>
    <Route id="YNAO170_002">
      <Description>Northallerton - Ripon
</Description>
      <RouteSectionRef>YNAO170_002</RouteSectionRef>
    </Route>
  </Routes>
  <JourneyPatternSections>
    <JourneyPatternSection id="JPS_YNAO170-3">
      <JourneyPatternTimingLink id="JPS_YNAO170-3_32324">
        <From>
          <StopPointRef>3200YNE04445</StopPointRef>
          <TimingStatus>PTP</TimingStatus>
        </From>
        <To>
          <StopPointRef>3200YNA96535</StopPointRef>
          <TimingStatus>PTP</TimingStatus>
        </To>
        <RouteLinkRef>YNAO170_001_32324</RouteLinkRef>
        <Direction>outbound</Direction>
        <RunTime>PT300S</RunTime>
      </JourneyPatternTimingLink>
      <JourneyPatternTimingLink id="JPS_YNAO170-3_32325">
        <From>
          <StopPointRef>3200YNA96535</StopPointRef>
          <TimingStatus>PTP</TimingStatus>
        </From>
        <To>
          <StopPointRef>3200YNA91065</StopPointRef>
          <TimingStatus>OTH</TimingStatus>
        </To>
        <RouteLinkRef>YNAO170_001_32325</RouteLinkRef>
        <Direction>outbound</Direction>
        <RunTime>PT0S</RunTime>
      </JourneyPatternTimingLink>
      <JourneyPatternTimingLink id="JPS_YNAO170-3_32326">
        <From>
          <StopPointRef>3200YNA91065</StopPointRef>
          <TimingStatus>OTH</TimingStatus>
        </From>
        <To>
          <StopPointRef>3200YNA91064</StopPointRef>
          <TimingStatus>OTH</TimingStatus>
        </To>
        <RouteLinkRef>YNAO170_001_32326</RouteLinkRef>
        <Direction>outbound</Direction>
        <RunTime>PT0S</RunTime>
      </JourneyPatternTimingLink>
      <JourneyPatternTimingLink id="JPS_YNAO170-3_32327">
        <From>
          <StopPointRef>3200YNA91064</StopPointRef>
          <TimingStatus>OTH</TimingStatus>
        </From>
        <To>
          <StopPointRef>3200YNA01301</StopPointRef>
          <TimingStatus>OTH</TimingStatus>
        </To>
        <RouteLinkRef>YNAO170_001_32327</RouteLinkRef>
        <Direction>outbound</Direction>
        <RunTime>PT60S</RunTime>
      </JourneyPatternTimingLink>
      <JourneyPatternTimingLink id="JPS_YNAO170-3_32328">
        <From>
          <StopPointRef>3200YNA01301</StopPointRef>
          <TimingStatus>OTH</TimingStatus>
        </From>
        <To>
          <StopPointRef>3200YNA91061</StopPointRef>
          <TimingStatus>OTH</TimingStatus>
        </To>
        <RouteLinkRef>YNAO170_001_32328</RouteLinkRef>
        <Direction>outbound</Direction>
        <RunTime>PT0S</RunTime>
      </JourneyPatternTimingLink>
      <JourneyPatternTimingLink id="JPS_YNAO170-3_32329">
        <From>
          <StopPointRef>3200YNA91061</StopPointRef>
          <TimingStatus>OTH</TimingStatus>
        </From>
        <To>
          <StopPointRef>3200YNA01302</StopPointRef>
          <TimingStatus>OTH</TimingStatus>
        </To>
        <RouteLinkRef>YNAO170_001_32329</RouteLinkRef>
        <Direction>outbound</Direction>
        <RunTime>PT0S</RunTime>
      </JourneyPatternTimingLink>
      <JourneyPatternTimingLink id="JPS_YNAO170-3_32330">
        <From>
          <StopPointRef>3200YNA01302</StopPointRef>
          <TimingStatus>OTH</TimingStatus>
        </From>
        <To>
          <StopPointRef>3200YNA91042</StopPointRef>
          <TimingStatus>PTP</TimingStatus>
        </To>
        <RouteLinkRef>YNAO170_001_32330</RouteLinkRef>
        <Direction>outbound</Direction>
        <RunTime>PT540S</RunTime>
      </JourneyPatternTimingLink>
      <JourneyPatternTimingLink id="JPS_YNAO170-3_32331">
        <From>
          <StopPointRef>3200YNA91042</StopPointRef>
          <TimingStatus>PTP</TimingStatus>
        </From>
        <To>
          <StopPointRef>3200YNA91043</StopPointRef>
          <TimingStatus>PTP</TimingStatus>
        </To>
        <RouteLinkRef>YNAO170_001_32331</RouteLinkRef>
        <Direction>outbound</Direction>
        <RunTime>PT120S</RunTime>
      </JourneyPatternTimingLink>
      <JourneyPatternTimingLink id="JPS_YNAO170-3_32332">
        <From>
          <StopPointRef>3200YNA91043</StopPointRef>
          <TimingStatus>PTP</TimingStatus>
        </From>
        <To>
          <StopPointRef>3200YNB00094</StopPointRef>
          <TimingStatus>PTP</TimingStatus>
        </To>
        <RouteLinkRef>YNAO170_001_32332</RouteLinkRef>
        <Direction>outbound</Direction>
        <RunTime>PT180S</RunTime>
      </JourneyPatternTimingLink>
      <JourneyPatternTimingLink id="JPS_YNAO170-3_32333">
        <From>
          <StopPointRef>3200YNB00094</StopPointRef>
          <TimingStatus>PTP</TimingStatus>
        </From>
        <To>
          <StopPointRef>3200YNA90793</StopPointRef>
          <TimingStatus>OTH</TimingStatus>
        </To>
        <RouteLinkRef>YNAO170_001_32333</RouteLinkRef>
        <Direction>outbound</Direction>
        <RunTime>PT120S</RunTime>
      </JourneyPatternTimingLink>
      <JourneyPatternTimingLink id="JPS_YNAO170-3_32334">
        <From>
          <StopPointRef>3200YNA90793</StopPointRef>
          <TimingStatus>OTH</TimingStatus>
        </From>
        <To>
          <StopPointRef>3200YNA90794</StopPointRef>
          <TimingStatus>PTP</TimingStatus>
        </To>
        <RouteLinkRef>YNAO170_001_32334</RouteLinkRef>
        <Direction>outbound</Direction>
        <RunTime>PT180S</RunTime>
      </JourneyPatternTimingLink>
      <JourneyPatternTimingLink id="JPS_YNAO170-3_32335">
        <From>
          <StopPointRef>3200YNA90794</StopPointRef>
          <TimingStatus>PTP</TimingStatus>
        </From>
        <To>
          <StopPointRef>3200YNB01041</StopPointRef>
          <TimingStatus>OTH</TimingStatus>
        </To>
        <RouteLinkRef>YNAO170_001_32335</RouteLinkRef>
        <Direction>outbound</Direction>
        <RunTime>PT180S</RunTime>
      </JourneyPatternTimingLink>
      <JourneyPatternTimingLink id="JPS_YNAO170-3_32336">
        <From>
          <StopPointRef>3200YNB01041</StopPointRef>
          <TimingStatus>OTH</TimingStatus>
        </From>
        <To>
          <StopPointRef>3200YNA90977</StopPointRef>
          <TimingStatus>PTP</TimingStatus>
        </To>
        <RouteLinkRef>YNAO170_001_32336</RouteLinkRef>
        <Direction>outbound</Direction>
        <RunTime>PT120S</RunTime>
      </JourneyPatternTimingLink>
      <JourneyPatternTimingLink id="JPS_YNAO170-3_32337">
        <From>
          <StopPointRef>3200YNA90977</StopPointRef>
          <TimingStatus>PTP</TimingStatus>
        </From>
        <To>
          <StopPointRef>3200YNB01046</StopPointRef>
          <TimingStatus>OTH</TimingStatus>
        </To>
        <RouteLinkRef>YNAO170_001_32337</RouteLinkRef>
        <Direction>outbound</Direction>
        <RunTime>PT0S</RunTime>
      </JourneyPatternTimingLink>
      <JourneyPatternTimingLink id="JPS_YNAO170-3_32338">
        <From>
          <StopPointRef>3200YNB01046</StopPointRef>
          <TimingStatus>OTH</TimingStatus>
        </From>
        <To>
          <StopPointRef>3200YNE04368</StopPointRef>
          <TimingStatus>OTH</TimingStatus>
        </To>
        <RouteLinkRef>YNAO170_001_32338</RouteLinkRef>
        <Direction>outbound</Direction>
        <RunTime>PT180S</RunTime>
      </JourneyPatternTimingLink>
      <JourneyPatternTimingLink id="JPS_YNAO170-3_32339">
        <From>
          <StopPointRef>3200YNE04368</StopPointRef>
          <TimingStatus>OTH</TimingStatus>
        </From>
        <To>
          <StopPointRef>3200YNA90161</StopPointRef>
          <TimingStatus>PTP</TimingStatus>
        </To>
        <RouteLinkRef>YNAO170_001_32339</RouteLinkRef>
        <Direction>outbound</Direction>
        <RunTime>PT120S</RunTime>
      </JourneyPatternTimingLink>
      <JourneyPatternTimingLink id="JPS_YNAO170-3_32340">
        <From>
          <StopPointRef>3200YNA90161</StopPointRef>
          <TimingStatus>PTP</TimingStatus>
        </From>
        <To>
          <StopPointRef>3200YNA90994</StopPointRef>
          <TimingStatus>OTH</TimingStatus>
        </To>
        <RouteLinkRef>YNAO170_001_32340</RouteLinkRef>
        <Direction>outbound</Direction>
        <RunTime>PT0S</RunTime>
      </JourneyPatternTimingLink>
      <JourneyPatternTimingLink id="JPS_YNAO170-3_32341">
        <From>
          <StopPointRef>3200YNA90994</StopPointRef>
          <TimingStatus>OTH</TimingStatus>
        </From>
        <To>
          <StopPointRef>3200YNE04366</StopPointRef>
          <TimingStatus>PTP</TimingStatus>
        </To>
        <RouteLinkRef>YNAO170_001_32341</RouteLinkRef>
        <Direction>outbound</Direction>
        <RunTime>PT300S</RunTime>
      </JourneyPatternTimingLink>
      <JourneyPatternTimingLink id="JPS_YNAO170-3_32342">
        <From>
          <StopPointRef>3200YNE04366</StopPointRef>
          <TimingStatus>PTP</TimingStatus>
        </From>
        <To>
          <StopPointRef>3200YNE04364</StopPointRef>
          <TimingStatus>OTH</TimingStatus>
        </To>
        <RouteLinkRef>YNAO170_001_32342</RouteLinkRef>
        <Direction>outbound</Direction>
        <RunTime>PT180S</RunTime>
      </JourneyPatternTimingLink>
      <JourneyPatternTimingLink id="JPS_YNAO170-3_32343">
        <From>
          <StopPointRef>3200YNE04364</StopPointRef>
          <TimingStatus>OTH</TimingStatus>
        </From>
        <To>
          <StopPointRef>3200YNA06553</StopPointRef>
          <TimingStatus>PTP</TimingStatus>
        </To>
        <RouteLinkRef>YNAO170_001_32343</RouteLinkRef>
        <Direction>outbound</Direction>
        <RunTime>PT120S</RunTime>
      </JourneyPatternTimingLink>
      <JourneyPatternTimingLink id="JPS_YNAO170-3_32344">
        <From>
          <StopPointRef>3200YNA06553</StopPointRef>
          <TimingStatus>PTP</TimingStatus>
        </From>
        <To>
          <StopPointRef>3200YNA91046</StopPointRef>
          <TimingStatus>PTP</TimingStatus>
        </To>
        <RouteLinkRef>YNAO170_001_32344</RouteLinkRef>
        <Direction>outbound</Direction>
        <RunTime>PT300S</RunTime>
      </JourneyPatternTimingLink>
      <JourneyPatternTimingLink id="JPS_YNAO170-3_32345">
        <From>
          <StopPointRef>3200YNA91046</StopPointRef>
          <TimingStatus>PTP</TimingStatus>
        </From>
        <To>
          <StopPointRef>3200YNA90147</StopPointRef>
          <TimingStatus>OTH</TimingStatus>
        </To>
        <RouteLinkRef>YNAO170_001_32345</RouteLinkRef>
        <Direction>outbound</Direction>
        <RunTime>PT480S</RunTime>
      </JourneyPatternTimingLink>
      <JourneyPatternTimingLink id="JPS_YNAO170-3_32346">
        <From>
          <StopPointRef>3200YNA90147</StopPointRef>
          <TimingStatus>OTH</TimingStatus>
        </From>
        <To>
          <StopPointRef>3200YNB00064</StopPointRef>
          <TimingStatus>OTH</TimingStatus>
        </To>
        <RouteLinkRef>YNAO170_001_32346</RouteLinkRef>
        <Direction>outbound</Direction>
        <RunTime>PT0S</RunTime>
      </JourneyPatternTimingLink>
      <JourneyPatternTimingLink id="JPS_YNAO170-3_32347">
        <From>
          <StopPointRef>3200YNB00064</StopPointRef>
          <TimingStatus>OTH</TimingStatus>
        </From>
        <To>
          <StopPointRef>3200YNA90144</StopPointRef>
          <TimingStatus>OTH</TimingStatus>
        </To>
        <RouteLinkRef>YNAO170_001_32347</RouteLinkRef>
        <Direction>outbound</Direction>
        <RunTime>PT60S</RunTime>
      </JourneyPatternTimingLink>
      <JourneyPatternTimingLink id="JPS_YNAO170-3_32348">
        <From>
          <StopPointRef>3200YNA90144</StopPointRef>
          <TimingStatus>OTH</TimingStatus>
        </From>
        <To>
          <StopPointRef>3200YNE04308</StopPointRef>
          <TimingStatus>OTH</TimingStatus>
        </To>
        <RouteLinkRef>YNAO170_001_32348</RouteLinkRef>
        <Direction>outbound</Direction>
        <RunTime>PT0S</RunTime>
      </JourneyPatternTimingLink>
      <JourneyPatternTimingLink id="JPS_YNAO170-3_32349">
        <From>
          <StopPointRef>3200YNE04308</StopPointRef>
          <TimingStatus>OTH</TimingStatus>
        </From>
        <To>
          <StopPointRef>3200YNA90142</StopPointRef>
          <TimingStatus>PTP</TimingStatus>
        </To>
        <RouteLinkRef>YNAO170_001_32349</RouteLinkRef>
        <Direction>outbound</Direction>
        <RunTime>PT60S</RunTime>
      </JourneyPatternTimingLink>
      <JourneyPatternTimingLink id="JPS_YNAO170-3_32350">
        <From>
          <StopPointRef>3200YNA90142</StopPointRef>
          <TimingStatus>PTP</TimingStatus>
        </From>
        <To>
          <StopPointRef>3200YNA01581</StopPointRef>
          <TimingStatus>PTP</TimingStatus>
        </To>
        <RouteLinkRef>YNAO170_001_32350</RouteLinkRef>
        <Direction>outbound</Direction>
        <RunTime>PT300S</RunTime>
      </JourneyPatternTimingLink>
    </JourneyPatternSection>
    <JourneyPatternSection id="JPS_YNAO170-4">
      <JourneyPatternTimingLink id="JPS_YNAO170-4_32352">
        <From>
          <StopPointRef>3200YNA01581</StopPointRef>
          <TimingStatus>PTP</TimingStatus>
        </From>
        <To>
          <StopPointRef>3200YNA90141</StopPointRef>
          <TimingStatus>OTH</TimingStatus>
        </To>
        <RouteLinkRef>YNAO170_002_32352</RouteLinkRef>
        <Direction>inbound</Direction>
        <RunTime>PT60S</RunTime>
      </JourneyPatternTimingLink>
      <JourneyPatternTimingLink id="JPS_YNAO170-4_32353">
        <From>
          <StopPointRef>3200YNA90141</StopPointRef>
          <TimingStatus>OTH</TimingStatus>
        </From>
        <To>
          <StopPointRef>3200YNA01580</StopPointRef>
          <TimingStatus>PTP</TimingStatus>
        </To>
        <RouteLinkRef>YNAO170_002_32353</RouteLinkRef>
        <Direction>inbound</Direction>
        <RunTime>PT240S</RunTime>
      </JourneyPatternTimingLink>
      <JourneyPatternTimingLink id="JPS_YNAO170-4_32354">
        <From>
          <StopPointRef>3200YNA01580</StopPointRef>
          <TimingStatus>PTP</TimingStatus>
        </From>
        <To>
          <StopPointRef>3200YNA90143</StopPointRef>
          <TimingStatus>OTH</TimingStatus>
        </To>
        <RouteLinkRef>YNAO170_002_32354</RouteLinkRef>
        <Direction>inbound</Direction>
        <RunTime>PT0S</RunTime>
      </JourneyPatternTimingLink>
      <JourneyPatternTimingLink id="JPS_YNAO170-4_32355">
        <From>
          <StopPointRef>3200YNA90143</StopPointRef>
          <TimingStatus>OTH</TimingStatus>
        </From>
        <To>
          <StopPointRef>3200YNA90145</StopPointRef>
          <TimingStatus>OTH</TimingStatus>
        </To>
        <RouteLinkRef>YNAO170_002_32355</RouteLinkRef>
        <Direction>inbound</Direction>
        <RunTime>PT60S</RunTime>
      </JourneyPatternTimingLink>
      <JourneyPatternTimingLink id="JPS_YNAO170-4_32356">
        <From>
          <StopPointRef>3200YNA90145</StopPointRef>
          <TimingStatus>OTH</TimingStatus>
        </From>
        <To>
          <StopPointRef>3200YNA90146</StopPointRef>
          <TimingStatus>OTH</TimingStatus>
        </To>
        <RouteLinkRef>YNAO170_002_32356</RouteLinkRef>
        <Direction>inbound</Direction>
        <RunTime>PT0S</RunTime>
      </JourneyPatternTimingLink>
      <JourneyPatternTimingLink id="JPS_YNAO170-4_32357">
        <From>
          <StopPointRef>3200YNA90146</StopPointRef>
          <TimingStatus>OTH</TimingStatus>
        </From>
        <To>
          <StopPointRef>3200YNA91045</StopPointRef>
          <TimingStatus>PTP</TimingStatus>
        </To>
        <RouteLinkRef>YNAO170_002_32357</RouteLinkRef>
        <Direction>inbound</Direction>
        <RunTime>PT540S</RunTime>
      </JourneyPatternTimingLink>
      <JourneyPatternTimingLink id="JPS_YNAO170-4_32358">
        <From>
          <StopPointRef>3200YNA91045</StopPointRef>
          <TimingStatus>PTP</TimingStatus>
        </From>
        <To>
          <StopPointRef>3200YNA06553</StopPointRef>
          <TimingStatus>PTP</TimingStatus>
        </To>
        <RouteLinkRef>YNAO170_002_32358</RouteLinkRef>
        <Direction>inbound</Direction>
        <RunTime>PT300S</RunTime>
      </JourneyPatternTimingLink>
      <JourneyPatternTimingLink id="JPS_YNAO170-4_32359">
        <From>
          <StopPointRef>3200YNA06553</StopPointRef>
          <TimingStatus>PTP</TimingStatus>
        </From>
        <To>
          <StopPointRef>3200YNE04365</StopPointRef>
          <TimingStatus>OTH</TimingStatus>
        </To>
        <RouteLinkRef>YNAO170_002_32359</RouteLinkRef>
        <Direction>inbound</Direction>
        <RunTime>PT60S</RunTime>
      </JourneyPatternTimingLink>
      <JourneyPatternTimingLink id="JPS_YNAO170-4_32360">
        <From>
          <StopPointRef>3200YNE04365</StopPointRef>
          <TimingStatus>OTH</TimingStatus>
        </From>
        <To>
          <StopPointRef>3200YNE04367</StopPointRef>
          <TimingStatus>PTP</TimingStatus>
        </To>
        <RouteLinkRef>YNAO170_002_32360</RouteLinkRef>
        <Direction>inbound</Direction>
        <RunTime>PT240S</RunTime>
      </JourneyPatternTimingLink>
      <JourneyPatternTimingLink id="JPS_YNAO170-4_32361">
        <From>
          <StopPointRef>3200YNE04367</StopPointRef>
          <TimingStatus>PTP</TimingStatus>
        </From>
        <To>
          <StopPointRef>3200YNA90993</StopPointRef>
          <TimingStatus>OTH</TimingStatus>
        </To>
        <RouteLinkRef>YNAO170_002_32361</RouteLinkRef>
        <Direction>inbound</Direction>
        <RunTime>PT240S</RunTime>
      </JourneyPatternTimingLink>
      <JourneyPatternTimingLink id="JPS_YNAO170-4_32362">
        <From>
          <StopPointRef>3200YNA90993</StopPointRef>
          <TimingStatus>OTH</TimingStatus>
        </From>
        <To>
          <StopPointRef>3200YNA90161</StopPointRef>
          <TimingStatus>PTP</TimingStatus>
        </To>
        <RouteLinkRef>YNAO170_002_32362</RouteLinkRef>
        <Direction>inbound</Direction>
        <RunTime>PT60S</RunTime>
      </JourneyPatternTimingLink>
      <JourneyPatternTimingLink id="JPS_YNAO170-4_32363">
        <From>
          <StopPointRef>3200YNA90161</StopPointRef>
          <TimingStatus>PTP</TimingStatus>
        </From>
        <To>
          <StopPointRef>3200YNA90995</StopPointRef>
          <TimingStatus>OTH</TimingStatus>
        </To>
        <RouteLinkRef>YNAO170_002_32363</RouteLinkRef>
        <Direction>inbound</Direction>
        <RunTime>PT0S</RunTime>
      </JourneyPatternTimingLink>
      <JourneyPatternTimingLink id="JPS_YNAO170-4_32364">
        <From>
          <StopPointRef>3200YNA90995</StopPointRef>
          <TimingStatus>OTH</TimingStatus>
        </From>
        <To>
          <StopPointRef>3200YNA91003</StopPointRef>
          <TimingStatus>OTH</TimingStatus>
        </To>
        <RouteLinkRef>YNAO170_002_32364</RouteLinkRef>
        <Direction>inbound</Direction>
        <RunTime>PT0S</RunTime>
      </JourneyPatternTimingLink>
      <JourneyPatternTimingLink id="JPS_YNAO170-4_32365">
        <From>
          <StopPointRef>3200YNA91003</StopPointRef>
          <TimingStatus>OTH</TimingStatus>
        </From>
        <To>
          <StopPointRef>3200YNE04369</StopPointRef>
          <TimingStatus>OTH</TimingStatus>
        </To>
        <RouteLinkRef>YNAO170_002_32365</RouteLinkRef>
        <Direction>inbound</Direction>
        <RunTime>PT0S</RunTime>
      </JourneyPatternTimingLink>
      <JourneyPatternTimingLink id="JPS_YNAO170-4_32366">
        <From>
          <StopPointRef>3200YNE04369</StopPointRef>
          <TimingStatus>OTH</TimingStatus>
        </From>
        <To>
          <StopPointRef>3200YNB01045</StopPointRef>
          <TimingStatus>OTH</TimingStatus>
        </To>
        <RouteLinkRef>YNAO170_002_32366</RouteLinkRef>
        <Direction>inbound</Direction>
        <RunTime>PT60S</RunTime>
      </JourneyPatternTimingLink>
      <JourneyPatternTimingLink id="JPS_YNAO170-4_32367">
        <From>
          <StopPointRef>3200YNB01045</StopPointRef>
          <TimingStatus>OTH</TimingStatus>
        </From>
        <To>
          <StopPointRef>3200YNB01044</StopPointRef>
          <TimingStatus>PTP</TimingStatus>
        </To>
        <RouteLinkRef>YNAO170_002_32367</RouteLinkRef>
        <Direction>inbound</Direction>
        <RunTime>PT60S</RunTime>
      </JourneyPatternTimingLink>
      <JourneyPatternTimingLink id="JPS_YNAO170-4_32368">
        <From>
          <StopPointRef>3200YNB01044</StopPointRef>
          <TimingStatus>PTP</TimingStatus>
        </From>
        <To>
          <StopPointRef>3200YNB01042</StopPointRef>
          <TimingStatus>OTH</TimingStatus>
        </To>
        <RouteLinkRef>YNAO170_002_32368</RouteLinkRef>
        <Direction>inbound</Direction>
        <RunTime>PT120S</RunTime>
      </JourneyPatternTimingLink>
      <JourneyPatternTimingLink id="JPS_YNAO170-4_32369">
        <From>
          <StopPointRef>3200YNB01042</StopPointRef>
          <TimingStatus>OTH</TimingStatus>
        </From>
        <To>
          <StopPointRef>3200YNA90795</StopPointRef>
          <TimingStatus>PTP</TimingStatus>
        </To>
        <RouteLinkRef>YNAO170_002_32369</RouteLinkRef>
        <Direction>inbound</Direction>
        <RunTime>PT360S</RunTime>
      </JourneyPatternTimingLink>
      <JourneyPatternTimingLink id="JPS_YNAO170-4_32370">
        <From>
          <StopPointRef>3200YNA90795</StopPointRef>
          <TimingStatus>PTP</TimingStatus>
        </From>
        <To>
          <StopPointRef>3200YNA90792</StopPointRef>
          <TimingStatus>OTH</TimingStatus>
        </To>
        <RouteLinkRef>YNAO170_002_32370</RouteLinkRef>
        <Direction>inbound</Direction>
        <RunTime>PT120S</RunTime>
      </JourneyPatternTimingLink>
      <JourneyPatternTimingLink id="JPS_YNAO170-4_32371">
        <From>
          <StopPointRef>3200YNA90792</StopPointRef>
          <TimingStatus>OTH</TimingStatus>
        </From>
        <To>
          <StopPointRef>3200YNA06564</StopPointRef>
          <TimingStatus>PTP</TimingStatus>
        </To>
        <RouteLinkRef>YNAO170_002_32371</RouteLinkRef>
        <Direction>inbound</Direction>
        <RunTime>PT180S</RunTime>
      </JourneyPatternTimingLink>
      <JourneyPatternTimingLink id="JPS_YNAO170-4_32372">
        <From>
          <StopPointRef>3200YNA06564</StopPointRef>
          <TimingStatus>PTP</TimingStatus>
        </From>
        <To>
          <StopPointRef>3200YNA91044</StopPointRef>
          <TimingStatus>PTP</TimingStatus>
        </To>
        <RouteLinkRef>YNAO170_002_32372</RouteLinkRef>
        <Direction>inbound</Direction>
        <RunTime>PT120S</RunTime>
      </JourneyPatternTimingLink>
      <JourneyPatternTimingLink id="JPS_YNAO170-4_32373">
        <From>
          <StopPointRef>3200YNA91044</StopPointRef>
          <TimingStatus>PTP</TimingStatus>
        </From>
        <To>
          <StopPointRef>3200YNA91041</StopPointRef>
          <TimingStatus>PTP</TimingStatus>
        </To>
        <RouteLinkRef>YNAO170_002_32373</RouteLinkRef>
        <Direction>inbound</Direction>
        <RunTime>PT180S</RunTime>
      </JourneyPatternTimingLink>
      <JourneyPatternTimingLink id="JPS_YNAO170-4_32374">
        <From>
          <StopPointRef>3200YNA91041</StopPointRef>
          <TimingStatus>PTP</TimingStatus>
        </From>
        <To>
          <StopPointRef>3200YNB01120</StopPointRef>
          <TimingStatus>OTH</TimingStatus>
        </To>
        <RouteLinkRef>YNAO170_002_32374</RouteLinkRef>
        <Direction>inbound</Direction>
        <RunTime>PT0S</RunTime>
      </JourneyPatternTimingLink>
      <JourneyPatternTimingLink id="JPS_YNAO170-4_32375">
        <From>
          <StopPointRef>3200YNB01120</StopPointRef>
          <TimingStatus>OTH</TimingStatus>
        </From>
        <To>
          <StopPointRef>3200YNA01303</StopPointRef>
          <TimingStatus>OTH</TimingStatus>
        </To>
        <RouteLinkRef>YNAO170_002_32375</RouteLinkRef>
        <Direction>inbound</Direction>
        <RunTime>PT240S</RunTime>
      </JourneyPatternTimingLink>
      <JourneyPatternTimingLink id="JPS_YNAO170-4_32376">
        <From>
          <StopPointRef>3200YNA01303</StopPointRef>
          <TimingStatus>OTH</TimingStatus>
        </From>
        <To>
          <StopPointRef>3200YNA91060</StopPointRef>
          <TimingStatus>OTH</TimingStatus>
        </To>
        <RouteLinkRef>YNAO170_002_32376</RouteLinkRef>
        <Direction>inbound</Direction>
        <RunTime>PT0S</RunTime>
      </JourneyPatternTimingLink>
      <JourneyPatternTimingLink id="JPS_YNAO170-4_32377">
        <From>
          <StopPointRef>3200YNA91060</StopPointRef>
          <TimingStatus>OTH</TimingStatus>
        </From>
        <To>
          <StopPointRef>3200YNA91062</StopPointRef>
          <TimingStatus>OTH</TimingStatus>
        </To>
        <RouteLinkRef>YNAO170_002_32377</RouteLinkRef>
        <Direction>inbound</Direction>
        <RunTime>PT0S</RunTime>
      </JourneyPatternTimingLink>
      <JourneyPatternTimingLink id="JPS_YNAO170-4_32378">
        <From>
          <StopPointRef>3200YNA91062</StopPointRef>
          <TimingStatus>OTH</TimingStatus>
        </From>
        <To>
          <StopPointRef>3200YNA91063</StopPointRef>
          <TimingStatus>OTH</TimingStatus>
        </To>
        <RouteLinkRef>YNAO170_002_32378</RouteLinkRef>
        <Direction>inbound</Direction>
        <RunTime>PT0S</RunTime>
      </JourneyPatternTimingLink>
      <JourneyPatternTimingLink id="JPS_YNAO170-4_32379">
        <From>
          <StopPointRef>3200YNA91063</StopPointRef>
          <TimingStatus>OTH</TimingStatus>
        </From>
        <To>
          <StopPointRef>3200YNA01298</StopPointRef>
          <TimingStatus>OTH</TimingStatus>
        </To>
        <RouteLinkRef>YNAO170_002_32379</RouteLinkRef>
        <Direction>inbound</Direction>
        <RunTime>PT0S</RunTime>
      </JourneyPatternTimingLink>
      <JourneyPatternTimingLink id="JPS_YNAO170-4_32380">
        <From>
          <StopPointRef>3200YNA01298</StopPointRef>
          <TimingStatus>OTH</TimingStatus>
        </From>
        <To>
          <StopPointRef>3200YNA96535</StopPointRef>
          <TimingStatus>PTP</TimingStatus>
        </To>
        <RouteLinkRef>YNAO170_002_32380</RouteLinkRef>
        <Direction>inbound</Direction>
        <RunTime>PT60S</RunTime>
      </JourneyPatternTimingLink>
      <JourneyPatternTimingLink id="JPS_YNAO170-4_32381">
        <From>
          <StopPointRef>3200YNA96535</StopPointRef>
          <TimingStatus>PTP</TimingStatus>
        </From>
        <To>
          <StopPointRef>3200YNA91136</StopPointRef>
          <TimingStatus>OTH</TimingStatus>
        </To>
        <RouteLinkRef>YNAO170_002_32381</RouteLinkRef>
        <Direction>inbound</Direction>
        <RunTime>PT180S</RunTime>
      </JourneyPatternTimingLink>
      <JourneyPatternTimingLink id="JPS_YNAO170-4_32382">
        <From>
          <StopPointRef>3200YNA91136</StopPointRef>
          <TimingStatus>OTH</TimingStatus>
        </From>
        <To>
          <StopPointRef>3200YNE04444</StopPointRef>
          <TimingStatus>PTP</TimingStatus>
        </To>
        <RouteLinkRef>YNAO170_002_32382</RouteLinkRef>
        <Direction>inbound</Direction>
        <RunTime>PT120S</RunTime>
      </JourneyPatternTimingLink>
    </JourneyPatternSection>
  </JourneyPatternSections>
  <Operators>
    <Operator id="JSS">
      <NationalOperatorCode>JSSN</NationalOperatorCode>
      <OperatorCode>JSS</OperatorCode>
      <OperatorShortName>Silverline</OperatorShortName>
    </Operator>
    <Operator id="DD">
      <NationalOperatorCode>DDIS</NationalOperatorCode>
      <OperatorCode>DD</OperatorCode>
      <OperatorShortName>Dales and District</OperatorShortName>
    </Operator>
  </Operators>
  <Services>
    <Service>
      <ServiceCode>YNAO170</ServiceCode>
      <Lines>
        <Line id="0">
          <LineName>170</LineName>
        </Line>
      </Lines>
      <OperatingPeriod>
        <StartDate>2015-04-13</StartDate>
        <EndDate>2038-01-17</EndDate>
      </OperatingPeriod>
      <RegisteredOperatorRef>JSS</RegisteredOperatorRef>
      <StopRequirements>
        <NoNewStopsRequired />
      </StopRequirements>
      <Mode>bus</Mode>
      <Description>Ripon - Northallerton</Description>
      <StandardService>
        <Origin>Ripon</Origin>
        <Destination>Northallerton</Destination>
        <JourneyPattern id="JPS_YNAO170-3">
          <Direction>outbound</Direction>
          <JourneyPatternSectionRefs>JPS_YNAO170-3</JourneyPatternSectionRefs>
        </JourneyPattern>
        <JourneyPattern id="JPS_YNAO170-4">
          <Direction>inbound</Direction>
          <JourneyPatternSectionRefs>JPS_YNAO170-4</JourneyPatternSectionRefs>
        </JourneyPattern>
      </StandardService>
    </Service>
  </Services>
  <VehicleJourneys>
    <VehicleJourney>
      <OperatorRef>JSS</OperatorRef>
      <OperatingProfile>
        <RegularDayType>
          <DaysOfWeek>
            <Monday />
            <Tuesday />
            <Wednesday />
            <Thursday />
            <Friday />
          </DaysOfWeek>
        </RegularDayType>
        <SpecialDaysOperation>
          <DaysOfNonOperation>
            <DateRange>
              <StartDate>2015-04-13</StartDate>
              <EndDate>2015-09-07</EndDate>
            </DateRange>
          </DaysOfNonOperation>
        </SpecialDaysOperation>
        <BankHolidayOperation>
          <DaysOfNonOperation>
            <ChristmasDay />
            <BoxingDay />
            <GoodFriday />
            <NewYearsDay />
            <LateSummerBankHolidayNotScotland />
            <MayDay />
            <EasterMonday />
            <SpringBank />
          </DaysOfNonOperation>
        </BankHolidayOperation>
      </OperatingProfile>
      <VehicleJourneyCode>67097</VehicleJourneyCode>
      <ServiceRef>YNAO170</ServiceRef>
      <LineRef>0</LineRef>
      <JourneyPatternRef>JPS_YNAO170-3</JourneyPatternRef>
      <Note>
        <NoteCode>SCHD</NoteCode>
        <NoteText>School Days Only</NoteText>
      </Note>
      <DepartureTime>16:05:00</DepartureTime>
    </VehicleJourney>
    <VehicleJourney>
      <OperatorRef>JSS</OperatorRef>
      <OperatingProfile>
        <RegularDayType>
          <DaysOfWeek>
            <Monday />
            <Tuesday />
            <Wednesday />
            <Thursday />
            <Friday />
          </DaysOfWeek>
        </RegularDayType>
        <SpecialDaysOperation>
          <DaysOfNonOperation>
            <DateRange>
              <StartDate>2015-04-13</StartDate>
              <EndDate>2015-09-07</EndDate>
            </DateRange>
          </DaysOfNonOperation>
        </SpecialDaysOperation>
        <BankHolidayOperation>
          <DaysOfNonOperation>
            <ChristmasDay />
            <BoxingDay />
            <GoodFriday />
            <NewYearsDay />
            <LateSummerBankHolidayNotScotland />
            <MayDay />
            <EasterMonday />
            <SpringBank />
          </DaysOfNonOperation>
        </BankHolidayOperation>
      </OperatingProfile>
      <VehicleJourneyCode>67098</VehicleJourneyCode>
      <ServiceRef>YNAO170</ServiceRef>
      <LineRef>0</LineRef>
      <JourneyPatternRef>JPS_YNAO170-4</JourneyPatternRef>
      <Note>
        <NoteCode>SCHD</NoteCode>
        <NoteText>School Days Only</NoteText>
      </Note>
      <DepartureTime>07:30:00</DepartureTime>
    </VehicleJourney>
  </VehicleJourneys>
</TransXChange>