<?xml version="1.0" encoding="utf-8"?>
<TransXChange xmlns:xsd="http://www.w3.org/2001/XMLSchema" xmlns:xsi="http://www.w3.org/2001/XMLSchema-instance" xsi:schemaLocation="http://www.transxchange.org.uk/ http://www.transxchange.org.uk/schema/2.1/TransXChange_general.xsd" CreationDateTime="2017-09-18T09:39:00-00:00" ModificationDateTime="2017-09-18T09:39:00-00:00" Modification="new" RevisionNumber="0" FileName="SVRYNAO042.xml" SchemaVersion="2.1" RegistrationDocument="false" xmlns="http://www.transxchange.org.uk/">
  <StopPoints>
    <AnnotatedStopPointRef>
      <StopPointRef>3200YNA00004</StopPointRef>
      <CommonName>Bus Stn Stand 4</CommonName>
    </AnnotatedStopPointRef>
    <AnnotatedStopPointRef>
      <StopPointRef>3200YNA00570</StopPointRef>
      <CommonName>Leisure Centre</CommonName>
    </AnnotatedStopPointRef>
    <AnnotatedStopPointRef>
      <StopPointRef>3200YNA00573</StopPointRef>
      <CommonName>Flaxley Shops</CommonName>
    </AnnotatedStopPointRef>
    <AnnotatedStopPointRef>
      <StopPointRef>3200YNA00575</StopPointRef>
      <CommonName>Mormon Church</CommonName>
    </AnnotatedStopPointRef>
    <AnnotatedStopPointRef>
      <StopPointRef>3200YNA00577</StopPointRef>
      <CommonName>Hutchinson Street</CommonName>
    </AnnotatedStopPointRef>
    <AnnotatedStopPointRef>
      <StopPointRef>3200YNA00580</StopPointRef>
      <CommonName>Haig Street</CommonName>
    </AnnotatedStopPointRef>
    <AnnotatedStopPointRef>
      <StopPointRef>3200YNA00582</StopPointRef>
      <CommonName>Cockret Road</CommonName>
    </AnnotatedStopPointRef>
    <AnnotatedStopPointRef>
      <StopPointRef>3200YNA00583</StopPointRef>
      <CommonName>Coultish Centre</CommonName>
    </AnnotatedStopPointRef>
    <AnnotatedStopPointRef>
      <StopPointRef>3200YNA00586</StopPointRef>
      <CommonName>Carentan Close</CommonName>
    </AnnotatedStopPointRef>
    <AnnotatedStopPointRef>
      <StopPointRef>3200YNA00587</StopPointRef>
      <CommonName>Yew Tree Close</CommonName>
    </AnnotatedStopPointRef>
    <AnnotatedStopPointRef>
      <StopPointRef>3200YNA00590</StopPointRef>
      <CommonName>Monk Lane</CommonName>
    </AnnotatedStopPointRef>
    <AnnotatedStopPointRef>
      <StopPointRef>3200YNA00591</StopPointRef>
      <CommonName>The Bungalow</CommonName>
    </AnnotatedStopPointRef>
    <AnnotatedStopPointRef>
      <StopPointRef>3200YNA00594</StopPointRef>
      <CommonName>Wesleyan Chapel</CommonName>
    </AnnotatedStopPointRef>
    <AnnotatedStopPointRef>
      <StopPointRef>3200YNA00595</StopPointRef>
      <CommonName>Greenways Court</CommonName>
    </AnnotatedStopPointRef>
    <AnnotatedStopPointRef>
      <StopPointRef>3200YNA00601</StopPointRef>
      <CommonName>Lincroft House</CommonName>
    </AnnotatedStopPointRef>
    <AnnotatedStopPointRef>
      <StopPointRef>3200YNA00598</StopPointRef>
      <CommonName>Nickey Nackey Lane</CommonName>
    </AnnotatedStopPointRef>
    <AnnotatedStopPointRef>
      <StopPointRef>3200YNA00599</StopPointRef>
      <CommonName>The Castle Inn</CommonName>
    </AnnotatedStopPointRef>
    <AnnotatedStopPointRef>
      <StopPointRef>3200YNA00610</StopPointRef>
      <CommonName>Cornmill Close</CommonName>
    </AnnotatedStopPointRef>
    <AnnotatedStopPointRef>
      <StopPointRef>3200YNA00603</StopPointRef>
      <CommonName>Castle Gatehouse</CommonName>
    </AnnotatedStopPointRef>
    <AnnotatedStopPointRef>
      <StopPointRef>3200YNA00604</StopPointRef>
      <CommonName>Chapel</CommonName>
    </AnnotatedStopPointRef>
    <AnnotatedStopPointRef>
      <StopPointRef>3200YNA00600</StopPointRef>
      <CommonName>The Castle Inn</CommonName>
    </AnnotatedStopPointRef>
    <AnnotatedStopPointRef>
      <StopPointRef>3200YNA00597</StopPointRef>
      <CommonName>Nickey Nackey Lane</CommonName>
    </AnnotatedStopPointRef>
    <AnnotatedStopPointRef>
      <StopPointRef>3200YNA00602</StopPointRef>
      <CommonName>Wistowgate House</CommonName>
    </AnnotatedStopPointRef>
    <AnnotatedStopPointRef>
      <StopPointRef>3200YNA00596</StopPointRef>
      <CommonName>Greenways Court</CommonName>
    </AnnotatedStopPointRef>
    <AnnotatedStopPointRef>
      <StopPointRef>3200YNA00593</StopPointRef>
      <CommonName>All Saints Church</CommonName>
    </AnnotatedStopPointRef>
    <AnnotatedStopPointRef>
      <StopPointRef>3200YNA00592</StopPointRef>
      <CommonName>The Bungalow</CommonName>
    </AnnotatedStopPointRef>
    <AnnotatedStopPointRef>
      <StopPointRef>3200YNA00589</StopPointRef>
      <CommonName>Monk Lane</CommonName>
    </AnnotatedStopPointRef>
    <AnnotatedStopPointRef>
      <StopPointRef>3200YNA00588</StopPointRef>
      <CommonName>High Meadow</CommonName>
    </AnnotatedStopPointRef>
    <AnnotatedStopPointRef>
      <StopPointRef>3200YNA00585</StopPointRef>
      <CommonName>Carentan Close</CommonName>
    </AnnotatedStopPointRef>
    <AnnotatedStopPointRef>
      <StopPointRef>3200YNA00584</StopPointRef>
      <CommonName>Coultish Centre</CommonName>
    </AnnotatedStopPointRef>
    <AnnotatedStopPointRef>
      <StopPointRef>3200YNA00581</StopPointRef>
      <CommonName>Cockret Road</CommonName>
    </AnnotatedStopPointRef>
    <AnnotatedStopPointRef>
      <StopPointRef>3200YNA00579</StopPointRef>
      <CommonName>Haig Street</CommonName>
    </AnnotatedStopPointRef>
    <AnnotatedStopPointRef>
      <StopPointRef>3200YNA00578</StopPointRef>
      <CommonName>Hutchinson Street</CommonName>
    </AnnotatedStopPointRef>
    <AnnotatedStopPointRef>
      <StopPointRef>3200YNA00608</StopPointRef>
      <CommonName>494 hail and ride end</CommonName>
    </AnnotatedStopPointRef>
    <AnnotatedStopPointRef>
      <StopPointRef>3200YNA00576</StopPointRef>
      <CommonName>Mormon Church</CommonName>
    </AnnotatedStopPointRef>
    <AnnotatedStopPointRef>
      <StopPointRef>3200YNA00574</StopPointRef>
      <CommonName>Post Office</CommonName>
    </AnnotatedStopPointRef>
    <AnnotatedStopPointRef>
      <StopPointRef>3200YNA00569</StopPointRef>
      <CommonName>Leisure Centre</CommonName>
    </AnnotatedStopPointRef>
    <AnnotatedStopPointRef>
      <StopPointRef>3200YNA00041</StopPointRef>
      <CommonName>Audus Street</CommonName>
    </AnnotatedStopPointRef>
    <AnnotatedStopPointRef>
      <StopPointRef>3200YNA00006</StopPointRef>
      <CommonName>Reginald Terrace</CommonName>
    </AnnotatedStopPointRef>
    <AnnotatedStopPointRef>
      <StopPointRef>3200YNA00007</StopPointRef>
      <CommonName>Canal Bridge</CommonName>
    </AnnotatedStopPointRef>
    <AnnotatedStopPointRef>
      <StopPointRef>3200YNA00009</StopPointRef>
      <CommonName>Abbots Road Bawtry Rd End</CommonName>
    </AnnotatedStopPointRef>
    <AnnotatedStopPointRef>
      <StopPointRef>3200YNA00011</StopPointRef>
      <CommonName>Eden Avenue</CommonName>
    </AnnotatedStopPointRef>
    <AnnotatedStopPointRef>
      <StopPointRef>3200YNA00013</StopPointRef>
      <CommonName>Abbot's Road</CommonName>
    </AnnotatedStopPointRef>
    <AnnotatedStopPointRef>
      <StopPointRef>3200YNA00015</StopPointRef>
      <CommonName>Abbot's Road</CommonName>
    </AnnotatedStopPointRef>
    <AnnotatedStopPointRef>
      <StopPointRef>3200YNA00017</StopPointRef>
      <CommonName>Barwic Parade</CommonName>
    </AnnotatedStopPointRef>
    <AnnotatedStopPointRef>
      <StopPointRef>3200YNA00033</StopPointRef>
      <CommonName>Selby College</CommonName>
    </AnnotatedStopPointRef>
  </StopPoints>
  <RouteSections>
    <RouteSection id="YNAO042_001">
      <RouteLink id="YNAO042_001_29739">
        <From>
          <StopPointRef>3200YNA00004</StopPointRef>
        </From>
        <To>
          <StopPointRef>3200YNA00570</StopPointRef>
        </To>
        <Direction>outbound</Direction>
      </RouteLink>
      <RouteLink id="YNAO042_001_29740">
        <From>
          <StopPointRef>3200YNA00570</StopPointRef>
        </From>
        <To>
          <StopPointRef>3200YNA00573</StopPointRef>
        </To>
        <Direction>outbound</Direction>
      </RouteLink>
      <RouteLink id="YNAO042_001_29741">
        <From>
          <StopPointRef>3200YNA00573</StopPointRef>
        </From>
        <To>
          <StopPointRef>3200YNA00575</StopPointRef>
        </To>
        <Direction>outbound</Direction>
      </RouteLink>
      <RouteLink id="YNAO042_001_29742">
        <From>
          <StopPointRef>3200YNA00575</StopPointRef>
        </From>
        <To>
          <StopPointRef>3200YNA00577</StopPointRef>
        </To>
        <Direction>outbound</Direction>
      </RouteLink>
      <RouteLink id="YNAO042_001_29743">
        <From>
          <StopPointRef>3200YNA00577</StopPointRef>
        </From>
        <To>
          <StopPointRef>3200YNA00580</StopPointRef>
        </To>
        <Direction>outbound</Direction>
      </RouteLink>
      <RouteLink id="YNAO042_001_29744">
        <From>
          <StopPointRef>3200YNA00580</StopPointRef>
        </From>
        <To>
          <StopPointRef>3200YNA00582</StopPointRef>
        </To>
        <Direction>outbound</Direction>
      </RouteLink>
      <RouteLink id="YNAO042_001_29745">
        <From>
          <StopPointRef>3200YNA00582</StopPointRef>
        </From>
        <To>
          <StopPointRef>3200YNA00583</StopPointRef>
        </To>
        <Direction>outbound</Direction>
      </RouteLink>
      <RouteLink id="YNAO042_001_29746">
        <From>
          <StopPointRef>3200YNA00583</StopPointRef>
        </From>
        <To>
          <StopPointRef>3200YNA00586</StopPointRef>
        </To>
        <Direction>outbound</Direction>
      </RouteLink>
      <RouteLink id="YNAO042_001_29747">
        <From>
          <StopPointRef>3200YNA00586</StopPointRef>
        </From>
        <To>
          <StopPointRef>3200YNA00587</StopPointRef>
        </To>
        <Direction>outbound</Direction>
      </RouteLink>
      <RouteLink id="YNAO042_001_29748">
        <From>
          <StopPointRef>3200YNA00587</StopPointRef>
        </From>
        <To>
          <StopPointRef>3200YNA00590</StopPointRef>
        </To>
        <Direction>outbound</Direction>
      </RouteLink>
      <RouteLink id="YNAO042_001_29749">
        <From>
          <StopPointRef>3200YNA00590</StopPointRef>
        </From>
        <To>
          <StopPointRef>3200YNA00591</StopPointRef>
        </To>
        <Direction>outbound</Direction>
      </RouteLink>
      <RouteLink id="YNAO042_001_29750">
        <From>
          <StopPointRef>3200YNA00591</StopPointRef>
        </From>
        <To>
          <StopPointRef>3200YNA00594</StopPointRef>
        </To>
        <Direction>outbound</Direction>
      </RouteLink>
      <RouteLink id="YNAO042_001_29751">
        <From>
          <StopPointRef>3200YNA00594</StopPointRef>
        </From>
        <To>
          <StopPointRef>3200YNA00595</StopPointRef>
        </To>
        <Direction>outbound</Direction>
      </RouteLink>
      <RouteLink id="YNAO042_001_29752">
        <From>
          <StopPointRef>3200YNA00595</StopPointRef>
        </From>
        <To>
          <StopPointRef>3200YNA00601</StopPointRef>
        </To>
        <Direction>outbound</Direction>
      </RouteLink>
      <RouteLink id="YNAO042_001_29753">
        <From>
          <StopPointRef>3200YNA00601</StopPointRef>
        </From>
        <To>
          <StopPointRef>3200YNA00598</StopPointRef>
        </To>
        <Direction>outbound</Direction>
      </RouteLink>
      <RouteLink id="YNAO042_001_29754">
        <From>
          <StopPointRef>3200YNA00598</StopPointRef>
        </From>
        <To>
          <StopPointRef>3200YNA00599</StopPointRef>
        </To>
        <Direction>outbound</Direction>
      </RouteLink>
      <RouteLink id="YNAO042_001_29755">
        <From>
          <StopPointRef>3200YNA00599</StopPointRef>
        </From>
        <To>
          <StopPointRef>3200YNA00610</StopPointRef>
        </To>
        <Direction>outbound</Direction>
      </RouteLink>
      <RouteLink id="YNAO042_001_29756">
        <From>
          <StopPointRef>3200YNA00610</StopPointRef>
        </From>
        <To>
          <StopPointRef>3200YNA00603</StopPointRef>
        </To>
        <Direction>outbound</Direction>
      </RouteLink>
    </RouteSection>
    <RouteSection id="YNAO042_002">
      <RouteLink id="YNAO042_002_29758">
        <From>
          <StopPointRef>3200YNA00604</StopPointRef>
        </From>
        <To>
          <StopPointRef>3200YNA00600</StopPointRef>
        </To>
        <Direction>inbound</Direction>
      </RouteLink>
      <RouteLink id="YNAO042_002_29759">
        <From>
          <StopPointRef>3200YNA00600</StopPointRef>
        </From>
        <To>
          <StopPointRef>3200YNA00597</StopPointRef>
        </To>
        <Direction>inbound</Direction>
      </RouteLink>
      <RouteLink id="YNAO042_002_29760">
        <From>
          <StopPointRef>3200YNA00597</StopPointRef>
        </From>
        <To>
          <StopPointRef>3200YNA00602</StopPointRef>
        </To>
        <Direction>inbound</Direction>
      </RouteLink>
      <RouteLink id="YNAO042_002_29761">
        <From>
          <StopPointRef>3200YNA00602</StopPointRef>
        </From>
        <To>
          <StopPointRef>3200YNA00596</StopPointRef>
        </To>
        <Direction>inbound</Direction>
      </RouteLink>
      <RouteLink id="YNAO042_002_29762">
        <From>
          <StopPointRef>3200YNA00596</StopPointRef>
        </From>
        <To>
          <StopPointRef>3200YNA00593</StopPointRef>
        </To>
        <Direction>inbound</Direction>
      </RouteLink>
      <RouteLink id="YNAO042_002_29763">
        <From>
          <StopPointRef>3200YNA00593</StopPointRef>
        </From>
        <To>
          <StopPointRef>3200YNA00592</StopPointRef>
        </To>
        <Direction>inbound</Direction>
      </RouteLink>
      <RouteLink id="YNAO042_002_29764">
        <From>
          <StopPointRef>3200YNA00592</StopPointRef>
        </From>
        <To>
          <StopPointRef>3200YNA00589</StopPointRef>
        </To>
        <Direction>inbound</Direction>
      </RouteLink>
      <RouteLink id="YNAO042_002_29765">
        <From>
          <StopPointRef>3200YNA00589</StopPointRef>
        </From>
        <To>
          <StopPointRef>3200YNA00588</StopPointRef>
        </To>
        <Direction>inbound</Direction>
      </RouteLink>
      <RouteLink id="YNAO042_002_29766">
        <From>
          <StopPointRef>3200YNA00588</StopPointRef>
        </From>
        <To>
          <StopPointRef>3200YNA00585</StopPointRef>
        </To>
        <Direction>inbound</Direction>
      </RouteLink>
      <RouteLink id="YNAO042_002_29767">
        <From>
          <StopPointRef>3200YNA00585</StopPointRef>
        </From>
        <To>
          <StopPointRef>3200YNA00584</StopPointRef>
        </To>
        <Direction>inbound</Direction>
      </RouteLink>
      <RouteLink id="YNAO042_002_29768">
        <From>
          <StopPointRef>3200YNA00584</StopPointRef>
        </From>
        <To>
          <StopPointRef>3200YNA00581</StopPointRef>
        </To>
        <Direction>inbound</Direction>
      </RouteLink>
      <RouteLink id="YNAO042_002_29769">
        <From>
          <StopPointRef>3200YNA00581</StopPointRef>
        </From>
        <To>
          <StopPointRef>3200YNA00579</StopPointRef>
        </To>
        <Direction>inbound</Direction>
      </RouteLink>
      <RouteLink id="YNAO042_002_29770">
        <From>
          <StopPointRef>3200YNA00579</StopPointRef>
        </From>
        <To>
          <StopPointRef>3200YNA00578</StopPointRef>
        </To>
        <Direction>inbound</Direction>
      </RouteLink>
      <RouteLink id="YNAO042_002_29771">
        <From>
          <StopPointRef>3200YNA00578</StopPointRef>
        </From>
        <To>
          <StopPointRef>3200YNA00608</StopPointRef>
        </To>
        <Direction>inbound</Direction>
      </RouteLink>
      <RouteLink id="YNAO042_002_29772">
        <From>
          <StopPointRef>3200YNA00608</StopPointRef>
        </From>
        <To>
          <StopPointRef>3200YNA00576</StopPointRef>
        </To>
        <Direction>inbound</Direction>
      </RouteLink>
      <RouteLink id="YNAO042_002_29773">
        <From>
          <StopPointRef>3200YNA00576</StopPointRef>
        </From>
        <To>
          <StopPointRef>3200YNA00574</StopPointRef>
        </To>
        <Direction>inbound</Direction>
      </RouteLink>
      <RouteLink id="YNAO042_002_29774">
        <From>
          <StopPointRef>3200YNA00574</StopPointRef>
        </From>
        <To>
          <StopPointRef>3200YNA00569</StopPointRef>
        </To>
        <Direction>inbound</Direction>
      </RouteLink>
      <RouteLink id="YNAO042_002_29775">
        <From>
          <StopPointRef>3200YNA00569</StopPointRef>
        </From>
        <To>
          <StopPointRef>3200YNA00041</StopPointRef>
        </To>
        <Direction>inbound</Direction>
      </RouteLink>
      <RouteLink id="YNAO042_002_29776">
        <From>
          <StopPointRef>3200YNA00041</StopPointRef>
        </From>
        <To>
          <StopPointRef>3200YNA00004</StopPointRef>
        </To>
        <Direction>inbound</Direction>
      </RouteLink>
      <RouteLink id="YNAO042_002_29777">
        <From>
          <StopPointRef>3200YNA00004</StopPointRef>
        </From>
        <To>
          <StopPointRef>3200YNA00006</StopPointRef>
        </To>
        <Direction>inbound</Direction>
      </RouteLink>
      <RouteLink id="YNAO042_002_29778">
        <From>
          <StopPointRef>3200YNA00006</StopPointRef>
        </From>
        <To>
          <StopPointRef>3200YNA00007</StopPointRef>
        </To>
        <Direction>inbound</Direction>
      </RouteLink>
      <RouteLink id="YNAO042_002_29779">
        <From>
          <StopPointRef>3200YNA00007</StopPointRef>
        </From>
        <To>
          <StopPointRef>3200YNA00009</StopPointRef>
        </To>
        <Direction>inbound</Direction>
      </RouteLink>
      <RouteLink id="YNAO042_002_29780">
        <From>
          <StopPointRef>3200YNA00009</StopPointRef>
        </From>
        <To>
          <StopPointRef>3200YNA00011</StopPointRef>
        </To>
        <Direction>inbound</Direction>
      </RouteLink>
      <RouteLink id="YNAO042_002_29781">
        <From>
          <StopPointRef>3200YNA00011</StopPointRef>
        </From>
        <To>
          <StopPointRef>3200YNA00013</StopPointRef>
        </To>
        <Direction>inbound</Direction>
      </RouteLink>
      <RouteLink id="YNAO042_002_29782">
        <From>
          <StopPointRef>3200YNA00013</StopPointRef>
        </From>
        <To>
          <StopPointRef>3200YNA00015</StopPointRef>
        </To>
        <Direction>inbound</Direction>
      </RouteLink>
      <RouteLink id="YNAO042_002_29783">
        <From>
          <StopPointRef>3200YNA00015</StopPointRef>
        </From>
        <To>
          <StopPointRef>3200YNA00017</StopPointRef>
        </To>
        <Direction>inbound</Direction>
      </RouteLink>
      <RouteLink id="YNAO042_002_29784">
        <From>
          <StopPointRef>3200YNA00017</StopPointRef>
        </From>
        <To>
          <StopPointRef>3200YNA00033</StopPointRef>
        </To>
        <Direction>inbound</Direction>
      </RouteLink>
    </RouteSection>
    <RouteSection id="YNAO042_003">
      <RouteLink id="YNAO042_003_29786">
        <From>
          <StopPointRef>3200YNA00604</StopPointRef>
        </From>
        <To>
          <StopPointRef>3200YNA00600</StopPointRef>
        </To>
        <Direction>inbound</Direction>
      </RouteLink>
      <RouteLink id="YNAO042_003_29787">
        <From>
          <StopPointRef>3200YNA00600</StopPointRef>
        </From>
        <To>
          <StopPointRef>3200YNA00597</StopPointRef>
        </To>
        <Direction>inbound</Direction>
      </RouteLink>
      <RouteLink id="YNAO042_003_29788">
        <From>
          <StopPointRef>3200YNA00597</StopPointRef>
        </From>
        <To>
          <StopPointRef>3200YNA00602</StopPointRef>
        </To>
        <Direction>inbound</Direction>
      </RouteLink>
      <RouteLink id="YNAO042_003_29789">
        <From>
          <StopPointRef>3200YNA00602</StopPointRef>
        </From>
        <To>
          <StopPointRef>3200YNA00596</StopPointRef>
        </To>
        <Direction>inbound</Direction>
      </RouteLink>
      <RouteLink id="YNAO042_003_29790">
        <From>
          <StopPointRef>3200YNA00596</StopPointRef>
        </From>
        <To>
          <StopPointRef>3200YNA00593</StopPointRef>
        </To>
        <Direction>inbound</Direction>
      </RouteLink>
      <RouteLink id="YNAO042_003_29791">
        <From>
          <StopPointRef>3200YNA00593</StopPointRef>
        </From>
        <To>
          <StopPointRef>3200YNA00592</StopPointRef>
        </To>
        <Direction>inbound</Direction>
      </RouteLink>
      <RouteLink id="YNAO042_003_29792">
        <From>
          <StopPointRef>3200YNA00592</StopPointRef>
        </From>
        <To>
          <StopPointRef>3200YNA00589</StopPointRef>
        </To>
        <Direction>inbound</Direction>
      </RouteLink>
      <RouteLink id="YNAO042_003_29793">
        <From>
          <StopPointRef>3200YNA00589</StopPointRef>
        </From>
        <To>
          <StopPointRef>3200YNA00588</StopPointRef>
        </To>
        <Direction>inbound</Direction>
      </RouteLink>
      <RouteLink id="YNAO042_003_29794">
        <From>
          <StopPointRef>3200YNA00588</StopPointRef>
        </From>
        <To>
          <StopPointRef>3200YNA00585</StopPointRef>
        </To>
        <Direction>inbound</Direction>
      </RouteLink>
      <RouteLink id="YNAO042_003_29795">
        <From>
          <StopPointRef>3200YNA00585</StopPointRef>
        </From>
        <To>
          <StopPointRef>3200YNA00584</StopPointRef>
        </To>
        <Direction>inbound</Direction>
      </RouteLink>
      <RouteLink id="YNAO042_003_29796">
        <From>
          <StopPointRef>3200YNA00584</StopPointRef>
        </From>
        <To>
          <StopPointRef>3200YNA00581</StopPointRef>
        </To>
        <Direction>inbound</Direction>
      </RouteLink>
      <RouteLink id="YNAO042_003_29797">
        <From>
          <StopPointRef>3200YNA00581</StopPointRef>
        </From>
        <To>
          <StopPointRef>3200YNA00579</StopPointRef>
        </To>
        <Direction>inbound</Direction>
      </RouteLink>
      <RouteLink id="YNAO042_003_29798">
        <From>
          <StopPointRef>3200YNA00579</StopPointRef>
        </From>
        <To>
          <StopPointRef>3200YNA00578</StopPointRef>
        </To>
        <Direction>inbound</Direction>
      </RouteLink>
      <RouteLink id="YNAO042_003_29799">
        <From>
          <StopPointRef>3200YNA00578</StopPointRef>
        </From>
        <To>
          <StopPointRef>3200YNA00608</StopPointRef>
        </To>
        <Direction>inbound</Direction>
      </RouteLink>
      <RouteLink id="YNAO042_003_29800">
        <From>
          <StopPointRef>3200YNA00608</StopPointRef>
        </From>
        <To>
          <StopPointRef>3200YNA00576</StopPointRef>
        </To>
        <Direction>inbound</Direction>
      </RouteLink>
      <RouteLink id="YNAO042_003_29801">
        <From>
          <StopPointRef>3200YNA00576</StopPointRef>
        </From>
        <To>
          <StopPointRef>3200YNA00574</StopPointRef>
        </To>
        <Direction>inbound</Direction>
      </RouteLink>
      <RouteLink id="YNAO042_003_29802">
        <From>
          <StopPointRef>3200YNA00574</StopPointRef>
        </From>
        <To>
          <StopPointRef>3200YNA00569</StopPointRef>
        </To>
        <Direction>inbound</Direction>
      </RouteLink>
      <RouteLink id="YNAO042_003_29803">
        <From>
          <StopPointRef>3200YNA00569</StopPointRef>
        </From>
        <To>
          <StopPointRef>3200YNA00041</StopPointRef>
        </To>
        <Direction>inbound</Direction>
      </RouteLink>
      <RouteLink id="YNAO042_003_29804">
        <From>
          <StopPointRef>3200YNA00041</StopPointRef>
        </From>
        <To>
          <StopPointRef>3200YNA00004</StopPointRef>
        </To>
        <Direction>inbound</Direction>
      </RouteLink>
    </RouteSection>
  </RouteSections>
  <Routes>
    <Route id="YNAO042_001">
      <Description>Cawood - Selby College
</Description>
      <RouteSectionRef>YNAO042_001</RouteSectionRef>
    </Route>
    <Route id="YNAO042_002">
      <Description>Selby College - Cawood
</Description>
      <RouteSectionRef>YNAO042_002</RouteSectionRef>
    </Route>
    <Route id="YNAO042_003">
      <Description>Selby College - Cawood
</Description>
      <RouteSectionRef>YNAO042_003</RouteSectionRef>
    </Route>
  </Routes>
  <JourneyPatternSections>
    <JourneyPatternSection id="JPS_YNAO042-4">
      <JourneyPatternTimingLink id="JPS_YNAO042-4_29739">
        <From>
          <StopPointRef>3200YNA00004</StopPointRef>
          <TimingStatus>PTP</TimingStatus>
        </From>
        <To>
          <StopPointRef>3200YNA00570</StopPointRef>
          <TimingStatus>OTH</TimingStatus>
        </To>
        <RouteLinkRef>YNAO042_001_29739</RouteLinkRef>
        <Direction>outbound</Direction>
        <RunTime>PT120S</RunTime>
      </JourneyPatternTimingLink>
      <JourneyPatternTimingLink id="JPS_YNAO042-4_29740">
        <From>
          <StopPointRef>3200YNA00570</StopPointRef>
          <TimingStatus>OTH</TimingStatus>
        </From>
        <To>
          <StopPointRef>3200YNA00573</StopPointRef>
          <TimingStatus>OTH</TimingStatus>
        </To>
        <RouteLinkRef>YNAO042_001_29740</RouteLinkRef>
        <Direction>outbound</Direction>
        <RunTime>PT60S</RunTime>
      </JourneyPatternTimingLink>
      <JourneyPatternTimingLink id="JPS_YNAO042-4_29741">
        <From>
          <StopPointRef>3200YNA00573</StopPointRef>
          <TimingStatus>OTH</TimingStatus>
        </From>
        <To>
          <StopPointRef>3200YNA00575</StopPointRef>
          <TimingStatus>OTH</TimingStatus>
        </To>
        <RouteLinkRef>YNAO042_001_29741</RouteLinkRef>
        <Direction>outbound</Direction>
        <RunTime>PT60S</RunTime>
      </JourneyPatternTimingLink>
      <JourneyPatternTimingLink id="JPS_YNAO042-4_29742">
        <From>
          <StopPointRef>3200YNA00575</StopPointRef>
          <TimingStatus>OTH</TimingStatus>
        </From>
        <To>
          <StopPointRef>3200YNA00577</StopPointRef>
          <TimingStatus>OTH</TimingStatus>
        </To>
        <RouteLinkRef>YNAO042_001_29742</RouteLinkRef>
        <Direction>outbound</Direction>
        <RunTime>PT60S</RunTime>
      </JourneyPatternTimingLink>
      <JourneyPatternTimingLink id="JPS_YNAO042-4_29743">
        <From>
          <StopPointRef>3200YNA00577</StopPointRef>
          <TimingStatus>OTH</TimingStatus>
        </From>
        <To>
          <StopPointRef>3200YNA00580</StopPointRef>
          <TimingStatus>OTH</TimingStatus>
        </To>
        <RouteLinkRef>YNAO042_001_29743</RouteLinkRef>
        <Direction>outbound</Direction>
        <RunTime>PT60S</RunTime>
      </JourneyPatternTimingLink>
      <JourneyPatternTimingLink id="JPS_YNAO042-4_29744">
        <From>
          <StopPointRef>3200YNA00580</StopPointRef>
          <TimingStatus>OTH</TimingStatus>
        </From>
        <To>
          <StopPointRef>3200YNA00582</StopPointRef>
          <TimingStatus>OTH</TimingStatus>
        </To>
        <RouteLinkRef>YNAO042_001_29744</RouteLinkRef>
        <Direction>outbound</Direction>
        <RunTime>PT60S</RunTime>
      </JourneyPatternTimingLink>
      <JourneyPatternTimingLink id="JPS_YNAO042-4_29745">
        <From>
          <StopPointRef>3200YNA00582</StopPointRef>
          <TimingStatus>OTH</TimingStatus>
        </From>
        <To>
          <StopPointRef>3200YNA00583</StopPointRef>
          <TimingStatus>PTP</TimingStatus>
        </To>
        <RouteLinkRef>YNAO042_001_29745</RouteLinkRef>
        <Direction>outbound</Direction>
        <RunTime>PT60S</RunTime>
      </JourneyPatternTimingLink>
      <JourneyPatternTimingLink id="JPS_YNAO042-4_29746">
        <From>
          <StopPointRef>3200YNA00583</StopPointRef>
          <TimingStatus>PTP</TimingStatus>
        </From>
        <To>
          <StopPointRef>3200YNA00586</StopPointRef>
          <TimingStatus>OTH</TimingStatus>
        </To>
        <RouteLinkRef>YNAO042_001_29746</RouteLinkRef>
        <Direction>outbound</Direction>
        <RunTime>PT0S</RunTime>
      </JourneyPatternTimingLink>
      <JourneyPatternTimingLink id="JPS_YNAO042-4_29747">
        <From>
          <StopPointRef>3200YNA00586</StopPointRef>
          <TimingStatus>OTH</TimingStatus>
        </From>
        <To>
          <StopPointRef>3200YNA00587</StopPointRef>
          <TimingStatus>OTH</TimingStatus>
        </To>
        <RouteLinkRef>YNAO042_001_29747</RouteLinkRef>
        <Direction>outbound</Direction>
        <RunTime>PT0S</RunTime>
      </JourneyPatternTimingLink>
      <JourneyPatternTimingLink id="JPS_YNAO042-4_29748">
        <From>
          <StopPointRef>3200YNA00587</StopPointRef>
          <TimingStatus>OTH</TimingStatus>
        </From>
        <To>
          <StopPointRef>3200YNA00590</StopPointRef>
          <TimingStatus>OTH</TimingStatus>
        </To>
        <RouteLinkRef>YNAO042_001_29748</RouteLinkRef>
        <Direction>outbound</Direction>
        <RunTime>PT60S</RunTime>
      </JourneyPatternTimingLink>
      <JourneyPatternTimingLink id="JPS_YNAO042-4_29749">
        <From>
          <StopPointRef>3200YNA00590</StopPointRef>
          <TimingStatus>OTH</TimingStatus>
        </From>
        <To>
          <StopPointRef>3200YNA00591</StopPointRef>
          <TimingStatus>OTH</TimingStatus>
        </To>
        <RouteLinkRef>YNAO042_001_29749</RouteLinkRef>
        <Direction>outbound</Direction>
        <RunTime>PT60S</RunTime>
      </JourneyPatternTimingLink>
      <JourneyPatternTimingLink id="JPS_YNAO042-4_29750">
        <From>
          <StopPointRef>3200YNA00591</StopPointRef>
          <TimingStatus>OTH</TimingStatus>
        </From>
        <To>
          <StopPointRef>3200YNA00594</StopPointRef>
          <TimingStatus>PTP</TimingStatus>
        </To>
        <RouteLinkRef>YNAO042_001_29750</RouteLinkRef>
        <Direction>outbound</Direction>
        <RunTime>PT240S</RunTime>
      </JourneyPatternTimingLink>
      <JourneyPatternTimingLink id="JPS_YNAO042-4_29751">
        <From>
          <StopPointRef>3200YNA00594</StopPointRef>
          <TimingStatus>PTP</TimingStatus>
        </From>
        <To>
          <StopPointRef>3200YNA00595</StopPointRef>
          <TimingStatus>OTH</TimingStatus>
        </To>
        <RouteLinkRef>YNAO042_001_29751</RouteLinkRef>
        <Direction>outbound</Direction>
        <RunTime>PT0S</RunTime>
      </JourneyPatternTimingLink>
      <JourneyPatternTimingLink id="JPS_YNAO042-4_29752">
        <From>
          <StopPointRef>3200YNA00595</StopPointRef>
          <TimingStatus>OTH</TimingStatus>
        </From>
        <To>
          <StopPointRef>3200YNA00601</StopPointRef>
          <TimingStatus>OTH</TimingStatus>
        </To>
        <RouteLinkRef>YNAO042_001_29752</RouteLinkRef>
        <Direction>outbound</Direction>
        <RunTime>PT240S</RunTime>
      </JourneyPatternTimingLink>
      <JourneyPatternTimingLink id="JPS_YNAO042-4_29753">
        <From>
          <StopPointRef>3200YNA00601</StopPointRef>
          <TimingStatus>OTH</TimingStatus>
        </From>
        <To>
          <StopPointRef>3200YNA00598</StopPointRef>
          <TimingStatus>OTH</TimingStatus>
        </To>
        <RouteLinkRef>YNAO042_001_29753</RouteLinkRef>
        <Direction>outbound</Direction>
        <RunTime>PT0S</RunTime>
      </JourneyPatternTimingLink>
      <JourneyPatternTimingLink id="JPS_YNAO042-4_29754">
        <From>
          <StopPointRef>3200YNA00598</StopPointRef>
          <TimingStatus>OTH</TimingStatus>
        </From>
        <To>
          <StopPointRef>3200YNA00599</StopPointRef>
          <TimingStatus>OTH</TimingStatus>
        </To>
        <RouteLinkRef>YNAO042_001_29754</RouteLinkRef>
        <Direction>outbound</Direction>
        <RunTime>PT60S</RunTime>
      </JourneyPatternTimingLink>
      <JourneyPatternTimingLink id="JPS_YNAO042-4_29755">
        <From>
          <StopPointRef>3200YNA00599</StopPointRef>
          <TimingStatus>OTH</TimingStatus>
        </From>
        <To>
          <StopPointRef>3200YNA00610</StopPointRef>
          <TimingStatus>OTH</TimingStatus>
        </To>
        <RouteLinkRef>YNAO042_001_29755</RouteLinkRef>
        <Direction>outbound</Direction>
        <RunTime>PT0S</RunTime>
      </JourneyPatternTimingLink>
      <JourneyPatternTimingLink id="JPS_YNAO042-4_29756">
        <From>
          <StopPointRef>3200YNA00610</StopPointRef>
          <TimingStatus>OTH</TimingStatus>
        </From>
        <To>
          <StopPointRef>3200YNA00603</StopPointRef>
          <TimingStatus>PTP</TimingStatus>
        </To>
        <RouteLinkRef>YNAO042_001_29756</RouteLinkRef>
        <Direction>outbound</Direction>
        <RunTime>PT60S</RunTime>
      </JourneyPatternTimingLink>
    </JourneyPatternSection>
    <JourneyPatternSection id="JPS_YNAO042-5">
      <JourneyPatternTimingLink id="JPS_YNAO042-5_29758">
        <From>
          <StopPointRef>3200YNA00604</StopPointRef>
          <TimingStatus>PTP</TimingStatus>
        </From>
        <To>
          <StopPointRef>3200YNA00600</StopPointRef>
          <TimingStatus>OTH</TimingStatus>
        </To>
        <RouteLinkRef>YNAO042_002_29758</RouteLinkRef>
        <Direction>inbound</Direction>
        <RunTime>PT0S</RunTime>
      </JourneyPatternTimingLink>
      <JourneyPatternTimingLink id="JPS_YNAO042-5_29759">
        <From>
          <StopPointRef>3200YNA00600</StopPointRef>
          <TimingStatus>OTH</TimingStatus>
        </From>
        <To>
          <StopPointRef>3200YNA00597</StopPointRef>
          <TimingStatus>OTH</TimingStatus>
        </To>
        <RouteLinkRef>YNAO042_002_29759</RouteLinkRef>
        <Direction>inbound</Direction>
        <RunTime>PT60S</RunTime>
      </JourneyPatternTimingLink>
      <JourneyPatternTimingLink id="JPS_YNAO042-5_29760">
        <From>
          <StopPointRef>3200YNA00597</StopPointRef>
          <TimingStatus>OTH</TimingStatus>
        </From>
        <To>
          <StopPointRef>3200YNA00602</StopPointRef>
          <TimingStatus>OTH</TimingStatus>
        </To>
        <RouteLinkRef>YNAO042_002_29760</RouteLinkRef>
        <Direction>inbound</Direction>
        <RunTime>PT0S</RunTime>
      </JourneyPatternTimingLink>
      <JourneyPatternTimingLink id="JPS_YNAO042-5_29761">
        <From>
          <StopPointRef>3200YNA00602</StopPointRef>
          <TimingStatus>OTH</TimingStatus>
        </From>
        <To>
          <StopPointRef>3200YNA00596</StopPointRef>
          <TimingStatus>OTH</TimingStatus>
        </To>
        <RouteLinkRef>YNAO042_002_29761</RouteLinkRef>
        <Direction>inbound</Direction>
        <RunTime>PT240S</RunTime>
      </JourneyPatternTimingLink>
      <JourneyPatternTimingLink id="JPS_YNAO042-5_29762">
        <From>
          <StopPointRef>3200YNA00596</StopPointRef>
          <TimingStatus>OTH</TimingStatus>
        </From>
        <To>
          <StopPointRef>3200YNA00593</StopPointRef>
          <TimingStatus>PTP</TimingStatus>
        </To>
        <RouteLinkRef>YNAO042_002_29762</RouteLinkRef>
        <Direction>inbound</Direction>
        <RunTime>PT60S</RunTime>
      </JourneyPatternTimingLink>
      <JourneyPatternTimingLink id="JPS_YNAO042-5_29763">
        <From>
          <StopPointRef>3200YNA00593</StopPointRef>
          <TimingStatus>PTP</TimingStatus>
        </From>
        <To>
          <StopPointRef>3200YNA00592</StopPointRef>
          <TimingStatus>OTH</TimingStatus>
        </To>
        <RouteLinkRef>YNAO042_002_29763</RouteLinkRef>
        <Direction>inbound</Direction>
        <RunTime>PT240S</RunTime>
      </JourneyPatternTimingLink>
      <JourneyPatternTimingLink id="JPS_YNAO042-5_29764">
        <From>
          <StopPointRef>3200YNA00592</StopPointRef>
          <TimingStatus>OTH</TimingStatus>
        </From>
        <To>
          <StopPointRef>3200YNA00589</StopPointRef>
          <TimingStatus>OTH</TimingStatus>
        </To>
        <RouteLinkRef>YNAO042_002_29764</RouteLinkRef>
        <Direction>inbound</Direction>
        <RunTime>PT0S</RunTime>
      </JourneyPatternTimingLink>
      <JourneyPatternTimingLink id="JPS_YNAO042-5_29765">
        <From>
          <StopPointRef>3200YNA00589</StopPointRef>
          <TimingStatus>OTH</TimingStatus>
        </From>
        <To>
          <StopPointRef>3200YNA00588</StopPointRef>
          <TimingStatus>OTH</TimingStatus>
        </To>
        <RouteLinkRef>YNAO042_002_29765</RouteLinkRef>
        <Direction>inbound</Direction>
        <RunTime>PT60S</RunTime>
      </JourneyPatternTimingLink>
      <JourneyPatternTimingLink id="JPS_YNAO042-5_29766">
        <From>
          <StopPointRef>3200YNA00588</StopPointRef>
          <TimingStatus>OTH</TimingStatus>
        </From>
        <To>
          <StopPointRef>3200YNA00585</StopPointRef>
          <TimingStatus>OTH</TimingStatus>
        </To>
        <RouteLinkRef>YNAO042_002_29766</RouteLinkRef>
        <Direction>inbound</Direction>
        <RunTime>PT0S</RunTime>
      </JourneyPatternTimingLink>
      <JourneyPatternTimingLink id="JPS_YNAO042-5_29767">
        <From>
          <StopPointRef>3200YNA00585</StopPointRef>
          <TimingStatus>OTH</TimingStatus>
        </From>
        <To>
          <StopPointRef>3200YNA00584</StopPointRef>
          <TimingStatus>PTP</TimingStatus>
        </To>
        <RouteLinkRef>YNAO042_002_29767</RouteLinkRef>
        <Direction>inbound</Direction>
        <RunTime>PT60S</RunTime>
      </JourneyPatternTimingLink>
      <JourneyPatternTimingLink id="JPS_YNAO042-5_29768">
        <From>
          <StopPointRef>3200YNA00584</StopPointRef>
          <TimingStatus>PTP</TimingStatus>
        </From>
        <To>
          <StopPointRef>3200YNA00581</StopPointRef>
          <TimingStatus>OTH</TimingStatus>
        </To>
        <RouteLinkRef>YNAO042_002_29768</RouteLinkRef>
        <Direction>inbound</Direction>
        <RunTime>PT0S</RunTime>
      </JourneyPatternTimingLink>
      <JourneyPatternTimingLink id="JPS_YNAO042-5_29769">
        <From>
          <StopPointRef>3200YNA00581</StopPointRef>
          <TimingStatus>OTH</TimingStatus>
        </From>
        <To>
          <StopPointRef>3200YNA00579</StopPointRef>
          <TimingStatus>OTH</TimingStatus>
        </To>
        <RouteLinkRef>YNAO042_002_29769</RouteLinkRef>
        <Direction>inbound</Direction>
        <RunTime>PT60S</RunTime>
      </JourneyPatternTimingLink>
      <JourneyPatternTimingLink id="JPS_YNAO042-5_29770">
        <From>
          <StopPointRef>3200YNA00579</StopPointRef>
          <TimingStatus>OTH</TimingStatus>
        </From>
        <To>
          <StopPointRef>3200YNA00578</StopPointRef>
          <TimingStatus>OTH</TimingStatus>
        </To>
        <RouteLinkRef>YNAO042_002_29770</RouteLinkRef>
        <Direction>inbound</Direction>
        <RunTime>PT60S</RunTime>
      </JourneyPatternTimingLink>
      <JourneyPatternTimingLink id="JPS_YNAO042-5_29771">
        <From>
          <StopPointRef>3200YNA00578</StopPointRef>
          <TimingStatus>OTH</TimingStatus>
        </From>
        <To>
          <StopPointRef>3200YNA00608</StopPointRef>
          <TimingStatus>OTH</TimingStatus>
        </To>
        <RouteLinkRef>YNAO042_002_29771</RouteLinkRef>
        <Direction>inbound</Direction>
        <RunTime>PT0S</RunTime>
      </JourneyPatternTimingLink>
      <JourneyPatternTimingLink id="JPS_YNAO042-5_29772">
        <From>
          <StopPointRef>3200YNA00608</StopPointRef>
          <TimingStatus>OTH</TimingStatus>
        </From>
        <To>
          <StopPointRef>3200YNA00576</StopPointRef>
          <TimingStatus>OTH</TimingStatus>
        </To>
        <RouteLinkRef>YNAO042_002_29772</RouteLinkRef>
        <Direction>inbound</Direction>
        <RunTime>PT60S</RunTime>
      </JourneyPatternTimingLink>
      <JourneyPatternTimingLink id="JPS_YNAO042-5_29773">
        <From>
          <StopPointRef>3200YNA00576</StopPointRef>
          <TimingStatus>OTH</TimingStatus>
        </From>
        <To>
          <StopPointRef>3200YNA00574</StopPointRef>
          <TimingStatus>OTH</TimingStatus>
        </To>
        <RouteLinkRef>YNAO042_002_29773</RouteLinkRef>
        <Direction>inbound</Direction>
        <RunTime>PT60S</RunTime>
      </JourneyPatternTimingLink>
      <JourneyPatternTimingLink id="JPS_YNAO042-5_29774">
        <From>
          <StopPointRef>3200YNA00574</StopPointRef>
          <TimingStatus>OTH</TimingStatus>
        </From>
        <To>
          <StopPointRef>3200YNA00569</StopPointRef>
          <TimingStatus>OTH</TimingStatus>
        </To>
        <RouteLinkRef>YNAO042_002_29774</RouteLinkRef>
        <Direction>inbound</Direction>
        <RunTime>PT60S</RunTime>
      </JourneyPatternTimingLink>
      <JourneyPatternTimingLink id="JPS_YNAO042-5_29775">
        <From>
          <StopPointRef>3200YNA00569</StopPointRef>
          <TimingStatus>OTH</TimingStatus>
        </From>
        <To>
          <StopPointRef>3200YNA00041</StopPointRef>
          <TimingStatus>OTH</TimingStatus>
        </To>
        <RouteLinkRef>YNAO042_002_29775</RouteLinkRef>
        <Direction>inbound</Direction>
        <RunTime>PT60S</RunTime>
      </JourneyPatternTimingLink>
      <JourneyPatternTimingLink id="JPS_YNAO042-5_29776">
        <From>
          <StopPointRef>3200YNA00041</StopPointRef>
          <TimingStatus>OTH</TimingStatus>
        </From>
        <To>
          <StopPointRef>3200YNA00004</StopPointRef>
          <TimingStatus>PTP</TimingStatus>
        </To>
        <RouteLinkRef>YNAO042_002_29776</RouteLinkRef>
        <Direction>inbound</Direction>
        <RunTime>PT120S</RunTime>
      </JourneyPatternTimingLink>
      <JourneyPatternTimingLink id="JPS_YNAO042-5_29777">
        <From>
          <StopPointRef>3200YNA00004</StopPointRef>
          <TimingStatus>PTP</TimingStatus>
        </From>
        <To>
          <StopPointRef>3200YNA00006</StopPointRef>
          <TimingStatus>OTH</TimingStatus>
        </To>
        <RouteLinkRef>YNAO042_002_29777</RouteLinkRef>
        <Direction>inbound</Direction>
        <RunTime>PT60S</RunTime>
      </JourneyPatternTimingLink>
      <JourneyPatternTimingLink id="JPS_YNAO042-5_29778">
        <From>
          <StopPointRef>3200YNA00006</StopPointRef>
          <TimingStatus>OTH</TimingStatus>
        </From>
        <To>
          <StopPointRef>3200YNA00007</StopPointRef>
          <TimingStatus>OTH</TimingStatus>
        </To>
        <RouteLinkRef>YNAO042_002_29778</RouteLinkRef>
        <Direction>inbound</Direction>
        <RunTime>PT60S</RunTime>
      </JourneyPatternTimingLink>
      <JourneyPatternTimingLink id="JPS_YNAO042-5_29779">
        <From>
          <StopPointRef>3200YNA00007</StopPointRef>
          <TimingStatus>OTH</TimingStatus>
        </From>
        <To>
          <StopPointRef>3200YNA00009</StopPointRef>
          <TimingStatus>OTH</TimingStatus>
        </To>
        <RouteLinkRef>YNAO042_002_29779</RouteLinkRef>
        <Direction>inbound</Direction>
        <RunTime>PT0S</RunTime>
      </JourneyPatternTimingLink>
      <JourneyPatternTimingLink id="JPS_YNAO042-5_29780">
        <From>
          <StopPointRef>3200YNA00009</StopPointRef>
          <TimingStatus>OTH</TimingStatus>
        </From>
        <To>
          <StopPointRef>3200YNA00011</StopPointRef>
          <TimingStatus>OTH</TimingStatus>
        </To>
        <RouteLinkRef>YNAO042_002_29780</RouteLinkRef>
        <Direction>inbound</Direction>
        <RunTime>PT60S</RunTime>
      </JourneyPatternTimingLink>
      <JourneyPatternTimingLink id="JPS_YNAO042-5_29781">
        <From>
          <StopPointRef>3200YNA00011</StopPointRef>
          <TimingStatus>OTH</TimingStatus>
        </From>
        <To>
          <StopPointRef>3200YNA00013</StopPointRef>
          <TimingStatus>OTH</TimingStatus>
        </To>
        <RouteLinkRef>YNAO042_002_29781</RouteLinkRef>
        <Direction>inbound</Direction>
        <RunTime>PT0S</RunTime>
      </JourneyPatternTimingLink>
      <JourneyPatternTimingLink id="JPS_YNAO042-5_29782">
        <From>
          <StopPointRef>3200YNA00013</StopPointRef>
          <TimingStatus>OTH</TimingStatus>
        </From>
        <To>
          <StopPointRef>3200YNA00015</StopPointRef>
          <TimingStatus>OTH</TimingStatus>
        </To>
        <RouteLinkRef>YNAO042_002_29782</RouteLinkRef>
        <Direction>inbound</Direction>
        <RunTime>PT60S</RunTime>
      </JourneyPatternTimingLink>
      <JourneyPatternTimingLink id="JPS_YNAO042-5_29783">
        <From>
          <StopPointRef>3200YNA00015</StopPointRef>
          <TimingStatus>OTH</TimingStatus>
        </From>
        <To>
          <StopPointRef>3200YNA00017</StopPointRef>
          <TimingStatus>OTH</TimingStatus>
        </To>
        <RouteLinkRef>YNAO042_002_29783</RouteLinkRef>
        <Direction>inbound</Direction>
        <RunTime>PT0S</RunTime>
      </JourneyPatternTimingLink>
      <JourneyPatternTimingLink id="JPS_YNAO042-5_29784">
        <From>
          <StopPointRef>3200YNA00017</StopPointRef>
          <TimingStatus>OTH</TimingStatus>
        </From>
        <To>
          <StopPointRef>3200YNA00033</StopPointRef>
          <TimingStatus>PTP</TimingStatus>
        </To>
        <RouteLinkRef>YNAO042_002_29784</RouteLinkRef>
        <Direction>inbound</Direction>
        <RunTime>PT60S</RunTime>
      </JourneyPatternTimingLink>
    </JourneyPatternSection>
    <JourneyPatternSection id="JPS_YNAO042-6">
      <JourneyPatternTimingLink id="JPS_YNAO042-6_29786">
        <From>
          <StopPointRef>3200YNA00604</StopPointRef>
          <TimingStatus>PTP</TimingStatus>
        </From>
        <To>
          <StopPointRef>3200YNA00600</StopPointRef>
          <TimingStatus>OTH</TimingStatus>
        </To>
        <RouteLinkRef>YNAO042_003_29786</RouteLinkRef>
        <Direction>inbound</Direction>
        <RunTime>PT0S</RunTime>
      </JourneyPatternTimingLink>
      <JourneyPatternTimingLink id="JPS_YNAO042-6_29787">
        <From>
          <StopPointRef>3200YNA00600</StopPointRef>
          <TimingStatus>OTH</TimingStatus>
        </From>
        <To>
          <StopPointRef>3200YNA00597</StopPointRef>
          <TimingStatus>OTH</TimingStatus>
        </To>
        <RouteLinkRef>YNAO042_003_29787</RouteLinkRef>
        <Direction>inbound</Direction>
        <RunTime>PT60S</RunTime>
      </JourneyPatternTimingLink>
      <JourneyPatternTimingLink id="JPS_YNAO042-6_29788">
        <From>
          <StopPointRef>3200YNA00597</StopPointRef>
          <TimingStatus>OTH</TimingStatus>
        </From>
        <To>
          <StopPointRef>3200YNA00602</StopPointRef>
          <TimingStatus>OTH</TimingStatus>
        </To>
        <RouteLinkRef>YNAO042_003_29788</RouteLinkRef>
        <Direction>inbound</Direction>
        <RunTime>PT0S</RunTime>
      </JourneyPatternTimingLink>
      <JourneyPatternTimingLink id="JPS_YNAO042-6_29789">
        <From>
          <StopPointRef>3200YNA00602</StopPointRef>
          <TimingStatus>OTH</TimingStatus>
        </From>
        <To>
          <StopPointRef>3200YNA00596</StopPointRef>
          <TimingStatus>OTH</TimingStatus>
        </To>
        <RouteLinkRef>YNAO042_003_29789</RouteLinkRef>
        <Direction>inbound</Direction>
        <RunTime>PT240S</RunTime>
      </JourneyPatternTimingLink>
      <JourneyPatternTimingLink id="JPS_YNAO042-6_29790">
        <From>
          <StopPointRef>3200YNA00596</StopPointRef>
          <TimingStatus>OTH</TimingStatus>
        </From>
        <To>
          <StopPointRef>3200YNA00593</StopPointRef>
          <TimingStatus>PTP</TimingStatus>
        </To>
        <RouteLinkRef>YNAO042_003_29790</RouteLinkRef>
        <Direction>inbound</Direction>
        <RunTime>PT60S</RunTime>
      </JourneyPatternTimingLink>
      <JourneyPatternTimingLink id="JPS_YNAO042-6_29791">
        <From>
          <StopPointRef>3200YNA00593</StopPointRef>
          <TimingStatus>PTP</TimingStatus>
        </From>
        <To>
          <StopPointRef>3200YNA00592</StopPointRef>
          <TimingStatus>OTH</TimingStatus>
        </To>
        <RouteLinkRef>YNAO042_003_29791</RouteLinkRef>
        <Direction>inbound</Direction>
        <RunTime>PT240S</RunTime>
      </JourneyPatternTimingLink>
      <JourneyPatternTimingLink id="JPS_YNAO042-6_29792">
        <From>
          <StopPointRef>3200YNA00592</StopPointRef>
          <TimingStatus>OTH</TimingStatus>
        </From>
        <To>
          <StopPointRef>3200YNA00589</StopPointRef>
          <TimingStatus>OTH</TimingStatus>
        </To>
        <RouteLinkRef>YNAO042_003_29792</RouteLinkRef>
        <Direction>inbound</Direction>
        <RunTime>PT0S</RunTime>
      </JourneyPatternTimingLink>
      <JourneyPatternTimingLink id="JPS_YNAO042-6_29793">
        <From>
          <StopPointRef>3200YNA00589</StopPointRef>
          <TimingStatus>OTH</TimingStatus>
        </From>
        <To>
          <StopPointRef>3200YNA00588</StopPointRef>
          <TimingStatus>OTH</TimingStatus>
        </To>
        <RouteLinkRef>YNAO042_003_29793</RouteLinkRef>
        <Direction>inbound</Direction>
        <RunTime>PT60S</RunTime>
      </JourneyPatternTimingLink>
      <JourneyPatternTimingLink id="JPS_YNAO042-6_29794">
        <From>
          <StopPointRef>3200YNA00588</StopPointRef>
          <TimingStatus>OTH</TimingStatus>
        </From>
        <To>
          <StopPointRef>3200YNA00585</StopPointRef>
          <TimingStatus>OTH</TimingStatus>
        </To>
        <RouteLinkRef>YNAO042_003_29794</RouteLinkRef>
        <Direction>inbound</Direction>
        <RunTime>PT0S</RunTime>
      </JourneyPatternTimingLink>
      <JourneyPatternTimingLink id="JPS_YNAO042-6_29795">
        <From>
          <StopPointRef>3200YNA00585</StopPointRef>
          <TimingStatus>OTH</TimingStatus>
        </From>
        <To>
          <StopPointRef>3200YNA00584</StopPointRef>
          <TimingStatus>PTP</TimingStatus>
        </To>
        <RouteLinkRef>YNAO042_003_29795</RouteLinkRef>
        <Direction>inbound</Direction>
        <RunTime>PT60S</RunTime>
      </JourneyPatternTimingLink>
      <JourneyPatternTimingLink id="JPS_YNAO042-6_29796">
        <From>
          <StopPointRef>3200YNA00584</StopPointRef>
          <TimingStatus>PTP</TimingStatus>
        </From>
        <To>
          <StopPointRef>3200YNA00581</StopPointRef>
          <TimingStatus>OTH</TimingStatus>
        </To>
        <RouteLinkRef>YNAO042_003_29796</RouteLinkRef>
        <Direction>inbound</Direction>
        <RunTime>PT0S</RunTime>
      </JourneyPatternTimingLink>
      <JourneyPatternTimingLink id="JPS_YNAO042-6_29797">
        <From>
          <StopPointRef>3200YNA00581</StopPointRef>
          <TimingStatus>OTH</TimingStatus>
        </From>
        <To>
          <StopPointRef>3200YNA00579</StopPointRef>
          <TimingStatus>OTH</TimingStatus>
        </To>
        <RouteLinkRef>YNAO042_003_29797</RouteLinkRef>
        <Direction>inbound</Direction>
        <RunTime>PT60S</RunTime>
      </JourneyPatternTimingLink>
      <JourneyPatternTimingLink id="JPS_YNAO042-6_29798">
        <From>
          <StopPointRef>3200YNA00579</StopPointRef>
          <TimingStatus>OTH</TimingStatus>
        </From>
        <To>
          <StopPointRef>3200YNA00578</StopPointRef>
          <TimingStatus>OTH</TimingStatus>
        </To>
        <RouteLinkRef>YNAO042_003_29798</RouteLinkRef>
        <Direction>inbound</Direction>
        <RunTime>PT60S</RunTime>
      </JourneyPatternTimingLink>
      <JourneyPatternTimingLink id="JPS_YNAO042-6_29799">
        <From>
          <StopPointRef>3200YNA00578</StopPointRef>
          <TimingStatus>OTH</TimingStatus>
        </From>
        <To>
          <StopPointRef>3200YNA00608</StopPointRef>
          <TimingStatus>OTH</TimingStatus>
        </To>
        <RouteLinkRef>YNAO042_003_29799</RouteLinkRef>
        <Direction>inbound</Direction>
        <RunTime>PT0S</RunTime>
      </JourneyPatternTimingLink>
      <JourneyPatternTimingLink id="JPS_YNAO042-6_29800">
        <From>
          <StopPointRef>3200YNA00608</StopPointRef>
          <TimingStatus>OTH</TimingStatus>
        </From>
        <To>
          <StopPointRef>3200YNA00576</StopPointRef>
          <TimingStatus>OTH</TimingStatus>
        </To>
        <RouteLinkRef>YNAO042_003_29800</RouteLinkRef>
        <Direction>inbound</Direction>
        <RunTime>PT60S</RunTime>
      </JourneyPatternTimingLink>
      <JourneyPatternTimingLink id="JPS_YNAO042-6_29801">
        <From>
          <StopPointRef>3200YNA00576</StopPointRef>
          <TimingStatus>OTH</TimingStatus>
        </From>
        <To>
          <StopPointRef>3200YNA00574</StopPointRef>
          <TimingStatus>OTH</TimingStatus>
        </To>
        <RouteLinkRef>YNAO042_003_29801</RouteLinkRef>
        <Direction>inbound</Direction>
        <RunTime>PT60S</RunTime>
      </JourneyPatternTimingLink>
      <JourneyPatternTimingLink id="JPS_YNAO042-6_29802">
        <From>
          <StopPointRef>3200YNA00574</StopPointRef>
          <TimingStatus>OTH</TimingStatus>
        </From>
        <To>
          <StopPointRef>3200YNA00569</StopPointRef>
          <TimingStatus>OTH</TimingStatus>
        </To>
        <RouteLinkRef>YNAO042_003_29802</RouteLinkRef>
        <Direction>inbound</Direction>
        <RunTime>PT60S</RunTime>
      </JourneyPatternTimingLink>
      <JourneyPatternTimingLink id="JPS_YNAO042-6_29803">
        <From>
          <StopPointRef>3200YNA00569</StopPointRef>
          <TimingStatus>OTH</TimingStatus>
        </From>
        <To>
          <StopPointRef>3200YNA00041</StopPointRef>
          <TimingStatus>OTH</TimingStatus>
        </To>
        <RouteLinkRef>YNAO042_003_29803</RouteLinkRef>
        <Direction>inbound</Direction>
        <RunTime>PT60S</RunTime>
      </JourneyPatternTimingLink>
      <JourneyPatternTimingLink id="JPS_YNAO042-6_29804">
        <From>
          <StopPointRef>3200YNA00041</StopPointRef>
          <TimingStatus>OTH</TimingStatus>
        </From>
        <To>
          <StopPointRef>3200YNA00004</StopPointRef>
          <TimingStatus>PTP</TimingStatus>
        </To>
        <RouteLinkRef>YNAO042_003_29804</RouteLinkRef>
        <Direction>inbound</Direction>
        <RunTime>PT120S</RunTime>
      </JourneyPatternTimingLink>
    </JourneyPatternSection>
  </JourneyPatternSections>
  <Operators>
    <Operator id="WRAY">
      <NationalOperatorCode>WRAY</NationalOperatorCode>
      <OperatorCode>WRAY</OperatorCode>
      <OperatorShortName>Arriva Yorkshire</OperatorShortName>
    </Operator>
  </Operators>
  <Services>
    <Service>
      <ServiceCode>YNAO042</ServiceCode>
      <Lines>
        <Line id="0">
          <LineName>42</LineName>
        </Line>
      </Lines>
      <OperatingPeriod>
        <StartDate>2017-04-10</StartDate>
        <EndDate>2038-01-17</EndDate>
      </OperatingPeriod>
      <RegisteredOperatorRef>WRAY</RegisteredOperatorRef>
      <StopRequirements>
        <NoNewStopsRequired />
      </StopRequirements>
      <Mode>bus</Mode>
      <Description>Cawood - Selby College</Description>
      <StandardService>
        <Origin>Cawood</Origin>
        <Destination>Selby College</Destination>
        <JourneyPattern id="JPS_YNAO042-4">
          <Direction>outbound</Direction>
          <JourneyPatternSectionRefs>JPS_YNAO042-4</JourneyPatternSectionRefs>
        </JourneyPattern>
        <JourneyPattern id="JPS_YNAO042-5">
          <Direction>inbound</Direction>
          <JourneyPatternSectionRefs>JPS_YNAO042-5</JourneyPatternSectionRefs>
        </JourneyPattern>
        <JourneyPattern id="JPS_YNAO042-6">
          <Direction>inbound</Direction>
          <JourneyPatternSectionRefs>JPS_YNAO042-6</JourneyPatternSectionRefs>
        </JourneyPattern>
      </StandardService>
    </Service>
  </Services>
  <VehicleJourneys>
    <VehicleJourney>
      <OperatorRef>WRAY</OperatorRef>
      <OperatingProfile>
        <RegularDayType>
          <DaysOfWeek>
            <Monday />
            <Tuesday />
            <Wednesday />
            <Thursday />
            <Friday />
          </DaysOfWeek>
        </RegularDayType>
        <BankHolidayOperation>
          <DaysOfNonOperation>
            <ChristmasDay />
            <BoxingDay />
            <GoodFriday />
            <NewYearsDay />
            <LateSummerBankHolidayNotScotland />
            <MayDay />
            <EasterMonday />
            <SpringBank />
          </DaysOfNonOperation>
        </BankHolidayOperation>
      </OperatingProfile>
      <VehicleJourneyCode>70560</VehicleJourneyCode>
      <ServiceRef>YNAO042</ServiceRef>
      <LineRef>0</LineRef>
      <JourneyPatternRef>JPS_YNAO042-4</JourneyPatternRef>
      <DepartureTime>16:50:00</DepartureTime>
    </VehicleJourney>
    <VehicleJourney>
      <OperatorRef>WRAY</OperatorRef>
      <OperatingProfile>
        <RegularDayType>
          <DaysOfWeek>
            <Monday />
            <Tuesday />
            <Wednesday />
            <Thursday />
            <Friday />
          </DaysOfWeek>
        </RegularDayType>
        <BankHolidayOperation>
          <DaysOfNonOperation>
            <ChristmasDay />
            <BoxingDay />
            <GoodFriday />
            <NewYearsDay />
            <LateSummerBankHolidayNotScotland />
            <MayDay />
            <EasterMonday />
            <SpringBank />
          </DaysOfNonOperation>
        </BankHolidayOperation>
      </OperatingProfile>
      <VehicleJourneyCode>70561</VehicleJourneyCode>
      <ServiceRef>YNAO042</ServiceRef>
      <LineRef>0</LineRef>
      <JourneyPatternRef>JPS_YNAO042-5</JourneyPatternRef>
      <DepartureTime>08:30:00</DepartureTime>
    </VehicleJourney>
    <VehicleJourney>
      <OperatorRef>WRAY</OperatorRef>
      <OperatingProfile>
        <RegularDayType>
          <DaysOfWeek>
            <Monday />
            <Tuesday />
            <Wednesday />
            <Thursday />
            <Friday />
          </DaysOfWeek>
        </RegularDayType>
        <BankHolidayOperation>
          <DaysOfNonOperation>
            <ChristmasDay />
            <BoxingDay />
            <GoodFriday />
            <NewYearsDay />
            <LateSummerBankHolidayNotScotland />
            <MayDay />
            <EasterMonday />
            <SpringBank />
          </DaysOfNonOperation>
        </BankHolidayOperation>
      </OperatingProfile>
      <VehicleJourneyCode>70562</VehicleJourneyCode>
      <ServiceRef>YNAO042</ServiceRef>
      <LineRef>0</LineRef>
      <JourneyPatternRef>JPS_YNAO042-6</JourneyPatternRef>
      <DepartureTime>07:40:00</DepartureTime>
    </VehicleJourney>
  </VehicleJourneys>
</TransXChange>