<?xml version="1.0" encoding="utf-8"?>
<TransXChange xmlns:xsd="http://www.w3.org/2001/XMLSchema" xmlns:xsi="http://www.w3.org/2001/XMLSchema-instance" xsi:schemaLocation="http://www.transxchange.org.uk/ http://www.transxchange.org.uk/schema/2.1/TransXChange_general.xsd" CreationDateTime="2017-09-18T09:37:00-00:00" ModificationDateTime="2017-09-18T09:37:00-00:00" Modification="new" RevisionNumber="0" FileName="SVRYHAU005.xml" SchemaVersion="2.1" RegistrationDocument="false" xmlns="http://www.transxchange.org.uk/">
  <StopPoints>
    <AnnotatedStopPointRef>
      <StopPointRef>2290YHA01499</StopPointRef>
      <CommonName>Kingswood Retail Park</CommonName>
    </AnnotatedStopPointRef>
    <AnnotatedStopPointRef>
      <StopPointRef>2290YHA01283</StopPointRef>
      <CommonName>Kingswood Leisure Park</CommonName>
    </AnnotatedStopPointRef>
    <AnnotatedStopPointRef>
      <StopPointRef>2290YHA00132</StopPointRef>
      <CommonName>Evergreen Drive</CommonName>
    </AnnotatedStopPointRef>
    <AnnotatedStopPointRef>
      <StopPointRef>2290YHA01130</StopPointRef>
      <CommonName>Orchard Park Tesco Car Park</CommonName>
    </AnnotatedStopPointRef>
    <AnnotatedStopPointRef>
      <StopPointRef>2290YHA00515</StopPointRef>
      <CommonName>Hall Road</CommonName>
    </AnnotatedStopPointRef>
    <AnnotatedStopPointRef>
      <StopPointRef>2290YHA00516</StopPointRef>
      <CommonName>St Michaels Church</CommonName>
    </AnnotatedStopPointRef>
    <AnnotatedStopPointRef>
      <StopPointRef>2290YHA00517</StopPointRef>
      <CommonName>The Pint And Pot PH</CommonName>
    </AnnotatedStopPointRef>
    <AnnotatedStopPointRef>
      <StopPointRef>2290YHA00518</StopPointRef>
      <CommonName>Hall Road</CommonName>
    </AnnotatedStopPointRef>
    <AnnotatedStopPointRef>
      <StopPointRef>2290YHA00519</StopPointRef>
      <CommonName>The Rampant Horse PH</CommonName>
    </AnnotatedStopPointRef>
    <AnnotatedStopPointRef>
      <StopPointRef>2290YHA00525</StopPointRef>
      <CommonName>Saxcourt</CommonName>
    </AnnotatedStopPointRef>
    <AnnotatedStopPointRef>
      <StopPointRef>2290YHA00526</StopPointRef>
      <CommonName>Highcourt</CommonName>
    </AnnotatedStopPointRef>
    <AnnotatedStopPointRef>
      <StopPointRef>2290YHA00520</StopPointRef>
      <CommonName>37th Avenue</CommonName>
    </AnnotatedStopPointRef>
    <AnnotatedStopPointRef>
      <StopPointRef>2290YHA00521</StopPointRef>
      <CommonName>Endike Lane</CommonName>
    </AnnotatedStopPointRef>
    <AnnotatedStopPointRef>
      <StopPointRef>2290YHA00681</StopPointRef>
      <CommonName>Newbald Grove</CommonName>
    </AnnotatedStopPointRef>
    <AnnotatedStopPointRef>
      <StopPointRef>2290YHA00682</StopPointRef>
      <CommonName>Sylvia Close</CommonName>
    </AnnotatedStopPointRef>
    <AnnotatedStopPointRef>
      <StopPointRef>2290YHA01650</StopPointRef>
      <CommonName>Newland School For Girls</CommonName>
    </AnnotatedStopPointRef>
    <AnnotatedStopPointRef>
      <StopPointRef>2290YHA01649</StopPointRef>
      <CommonName>University Sports Ground</CommonName>
    </AnnotatedStopPointRef>
    <AnnotatedStopPointRef>
      <StopPointRef>2290YHA01647</StopPointRef>
      <CommonName>Inglemire Lane</CommonName>
    </AnnotatedStopPointRef>
    <AnnotatedStopPointRef>
      <StopPointRef>2290YHA00343</StopPointRef>
      <CommonName>Newlands Science Park</CommonName>
    </AnnotatedStopPointRef>
    <AnnotatedStopPointRef>
      <StopPointRef>2290YHA00341</StopPointRef>
      <CommonName>Salmon Grove</CommonName>
    </AnnotatedStopPointRef>
    <AnnotatedStopPointRef>
      <StopPointRef>2290YHA00320</StopPointRef>
      <CommonName>Cranbrook Avenue</CommonName>
    </AnnotatedStopPointRef>
    <AnnotatedStopPointRef>
      <StopPointRef>2290YHA00834</StopPointRef>
      <CommonName>Hull Community Church</CommonName>
    </AnnotatedStopPointRef>
    <AnnotatedStopPointRef>
      <StopPointRef>2290YHA00835</StopPointRef>
      <CommonName>Walters Terrace</CommonName>
    </AnnotatedStopPointRef>
    <AnnotatedStopPointRef>
      <StopPointRef>2290YHA00836</StopPointRef>
      <CommonName>Alexandra Road</CommonName>
    </AnnotatedStopPointRef>
    <AnnotatedStopPointRef>
      <StopPointRef>2290YHA00837</StopPointRef>
      <CommonName>De Grey Street</CommonName>
    </AnnotatedStopPointRef>
    <AnnotatedStopPointRef>
      <StopPointRef>2290YHA00838</StopPointRef>
      <CommonName>Ella Street</CommonName>
    </AnnotatedStopPointRef>
    <AnnotatedStopPointRef>
      <StopPointRef>2290YHA00951</StopPointRef>
      <CommonName>Pearson Park</CommonName>
    </AnnotatedStopPointRef>
    <AnnotatedStopPointRef>
      <StopPointRef>2290YHA00952</StopPointRef>
      <CommonName>Park Avenue</CommonName>
    </AnnotatedStopPointRef>
    <AnnotatedStopPointRef>
      <StopPointRef>2290YHA00953</StopPointRef>
      <CommonName>Park Grove</CommonName>
    </AnnotatedStopPointRef>
    <AnnotatedStopPointRef>
      <StopPointRef>2290YHA00954</StopPointRef>
      <CommonName>Welbeck Street</CommonName>
    </AnnotatedStopPointRef>
    <AnnotatedStopPointRef>
      <StopPointRef>2290YHA01042</StopPointRef>
      <CommonName>Middleton Street</CommonName>
    </AnnotatedStopPointRef>
    <AnnotatedStopPointRef>
      <StopPointRef>2290YHA01034</StopPointRef>
      <CommonName>Albany Street</CommonName>
    </AnnotatedStopPointRef>
    <AnnotatedStopPointRef>
      <StopPointRef>2290YHA01038</StopPointRef>
      <CommonName>Morpeth Street</CommonName>
    </AnnotatedStopPointRef>
    <AnnotatedStopPointRef>
      <StopPointRef>2290YHA01041</StopPointRef>
      <CommonName>Vane Street</CommonName>
    </AnnotatedStopPointRef>
    <AnnotatedStopPointRef>
      <StopPointRef>2290YHA00432</StopPointRef>
      <CommonName>Ferensway</CommonName>
    </AnnotatedStopPointRef>
    <AnnotatedStopPointRef>
      <StopPointRef>2290YHA00431</StopPointRef>
      <CommonName>Ferensway</CommonName>
    </AnnotatedStopPointRef>
    <AnnotatedStopPointRef>
      <StopPointRef>2290YHA00798</StopPointRef>
      <CommonName>Holy Trinity Church</CommonName>
    </AnnotatedStopPointRef>
    <AnnotatedStopPointRef>
      <StopPointRef>2290YHA00775</StopPointRef>
      <CommonName>Bowlalley Lane</CommonName>
    </AnnotatedStopPointRef>
    <AnnotatedStopPointRef>
      <StopPointRef>2290YHA00006</StopPointRef>
      <CommonName>Alfred Gelder Street F</CommonName>
    </AnnotatedStopPointRef>
    <AnnotatedStopPointRef>
      <StopPointRef>2290YHA00970</StopPointRef>
      <CommonName>Alfred Gelder Street G</CommonName>
    </AnnotatedStopPointRef>
    <AnnotatedStopPointRef>
      <StopPointRef>2290YHA01512</StopPointRef>
      <CommonName>Carr Lane A</CommonName>
    </AnnotatedStopPointRef>
    <AnnotatedStopPointRef>
      <StopPointRef>2290YHA01556</StopPointRef>
      <CommonName>Hull Interchange</CommonName>
    </AnnotatedStopPointRef>
    <AnnotatedStopPointRef>
      <StopPointRef>2290YHA01040</StopPointRef>
      <CommonName>Hall Street</CommonName>
    </AnnotatedStopPointRef>
    <AnnotatedStopPointRef>
      <StopPointRef>2290YHA01037</StopPointRef>
      <CommonName>Collingwood Street</CommonName>
    </AnnotatedStopPointRef>
    <AnnotatedStopPointRef>
      <StopPointRef>2290YHA01036</StopPointRef>
      <CommonName>Sutton Street</CommonName>
    </AnnotatedStopPointRef>
    <AnnotatedStopPointRef>
      <StopPointRef>2290YHA01033</StopPointRef>
      <CommonName>Stanley Street</CommonName>
    </AnnotatedStopPointRef>
    <AnnotatedStopPointRef>
      <StopPointRef>2290YHA00946</StopPointRef>
      <CommonName>Princes Avenue</CommonName>
    </AnnotatedStopPointRef>
    <AnnotatedStopPointRef>
      <StopPointRef>2290YHA00947</StopPointRef>
      <CommonName>Clumber Street</CommonName>
    </AnnotatedStopPointRef>
    <AnnotatedStopPointRef>
      <StopPointRef>2290YHA00948</StopPointRef>
      <CommonName>Blenheim Street</CommonName>
    </AnnotatedStopPointRef>
    <AnnotatedStopPointRef>
      <StopPointRef>2290YHA00949</StopPointRef>
      <CommonName>Westbourne Avenue</CommonName>
    </AnnotatedStopPointRef>
    <AnnotatedStopPointRef>
      <StopPointRef>2290YHA00950</StopPointRef>
      <CommonName>Victoria Avenue</CommonName>
    </AnnotatedStopPointRef>
    <AnnotatedStopPointRef>
      <StopPointRef>2290YHA00829</StopPointRef>
      <CommonName>Ella Street</CommonName>
    </AnnotatedStopPointRef>
    <AnnotatedStopPointRef>
      <StopPointRef>2290YHA00830</StopPointRef>
      <CommonName>Goddard Avenue</CommonName>
    </AnnotatedStopPointRef>
    <AnnotatedStopPointRef>
      <StopPointRef>2290YHA00831</StopPointRef>
      <CommonName>Lambton Street</CommonName>
    </AnnotatedStopPointRef>
    <AnnotatedStopPointRef>
      <StopPointRef>2290YHA00832</StopPointRef>
      <CommonName>Torrington Street</CommonName>
    </AnnotatedStopPointRef>
    <AnnotatedStopPointRef>
      <StopPointRef>2290YHA00319</StopPointRef>
      <CommonName>Newland Avenue</CommonName>
    </AnnotatedStopPointRef>
    <AnnotatedStopPointRef>
      <StopPointRef>2290YHA00340</StopPointRef>
      <CommonName>Salmon Grove</CommonName>
    </AnnotatedStopPointRef>
    <AnnotatedStopPointRef>
      <StopPointRef>2290YHA01646</StopPointRef>
      <CommonName>Inglemire Lane</CommonName>
    </AnnotatedStopPointRef>
    <AnnotatedStopPointRef>
      <StopPointRef>2290YHA01648</StopPointRef>
      <CommonName>University Sports &amp; Fitness Centre</CommonName>
    </AnnotatedStopPointRef>
    <AnnotatedStopPointRef>
      <StopPointRef>2290YHA01600</StopPointRef>
      <CommonName>Newlands School For Girls</CommonName>
    </AnnotatedStopPointRef>
    <AnnotatedStopPointRef>
      <StopPointRef>2290YHA00683</StopPointRef>
      <CommonName>Skidby Grove</CommonName>
    </AnnotatedStopPointRef>
    <AnnotatedStopPointRef>
      <StopPointRef>2290YHA00505</StopPointRef>
      <CommonName>Hall Road</CommonName>
    </AnnotatedStopPointRef>
    <AnnotatedStopPointRef>
      <StopPointRef>2290YHA00506</StopPointRef>
      <CommonName>Hall Road</CommonName>
    </AnnotatedStopPointRef>
    <AnnotatedStopPointRef>
      <StopPointRef>2290YHA00507</StopPointRef>
      <CommonName>Glencourt</CommonName>
    </AnnotatedStopPointRef>
    <AnnotatedStopPointRef>
      <StopPointRef>2290YHA00508</StopPointRef>
      <CommonName>Courtland Road</CommonName>
    </AnnotatedStopPointRef>
    <AnnotatedStopPointRef>
      <StopPointRef>2290YHA00509</StopPointRef>
      <CommonName>Danepark Road</CommonName>
    </AnnotatedStopPointRef>
    <AnnotatedStopPointRef>
      <StopPointRef>2290YHA00510</StopPointRef>
      <CommonName>Riby Court</CommonName>
    </AnnotatedStopPointRef>
    <AnnotatedStopPointRef>
      <StopPointRef>2290YHA00511</StopPointRef>
      <CommonName>Hall Road</CommonName>
    </AnnotatedStopPointRef>
    <AnnotatedStopPointRef>
      <StopPointRef>2290YHA00512</StopPointRef>
      <CommonName>The Pint And Pot PH</CommonName>
    </AnnotatedStopPointRef>
    <AnnotatedStopPointRef>
      <StopPointRef>2290YHA00513</StopPointRef>
      <CommonName>Thorpepark Road</CommonName>
    </AnnotatedStopPointRef>
    <AnnotatedStopPointRef>
      <StopPointRef>2290YHA00514</StopPointRef>
      <CommonName>The Queensway</CommonName>
    </AnnotatedStopPointRef>
    <AnnotatedStopPointRef>
      <StopPointRef>2290YHA00130</StopPointRef>
      <CommonName>Orchard Park Beverley Road</CommonName>
    </AnnotatedStopPointRef>
    <AnnotatedStopPointRef>
      <StopPointRef>2290YHA00131</StopPointRef>
      <CommonName>Downfield Avenue</CommonName>
    </AnnotatedStopPointRef>
    <AnnotatedStopPointRef>
      <StopPointRef>2290YHA01623</StopPointRef>
      <CommonName>Barnes Way</CommonName>
    </AnnotatedStopPointRef>
    <AnnotatedStopPointRef>
      <StopPointRef>2290YHA01597</StopPointRef>
      <CommonName>Staunton Park</CommonName>
    </AnnotatedStopPointRef>
    <AnnotatedStopPointRef>
      <StopPointRef>2290YHA01544</StopPointRef>
      <CommonName>Hornscroft Park</CommonName>
    </AnnotatedStopPointRef>
    <AnnotatedStopPointRef>
      <StopPointRef>2290YHA01543</StopPointRef>
      <CommonName>Bushey Park</CommonName>
    </AnnotatedStopPointRef>
    <AnnotatedStopPointRef>
      <StopPointRef>2290YHA01541</StopPointRef>
      <CommonName>Runnymede Way</CommonName>
    </AnnotatedStopPointRef>
  </StopPoints>
  <RouteSections>
    <RouteSection id="YHAU005_011">
      <RouteLink id="YHAU005_011_22143">
        <From>
          <StopPointRef>2290YHA01499</StopPointRef>
        </From>
        <To>
          <StopPointRef>2290YHA01283</StopPointRef>
        </To>
        <Direction>inbound</Direction>
      </RouteLink>
      <RouteLink id="YHAU005_011_22144">
        <From>
          <StopPointRef>2290YHA01283</StopPointRef>
        </From>
        <To>
          <StopPointRef>2290YHA00132</StopPointRef>
        </To>
        <Direction>inbound</Direction>
      </RouteLink>
      <RouteLink id="YHAU005_011_22145">
        <From>
          <StopPointRef>2290YHA00132</StopPointRef>
        </From>
        <To>
          <StopPointRef>2290YHA01130</StopPointRef>
        </To>
        <Direction>inbound</Direction>
      </RouteLink>
      <RouteLink id="YHAU005_011_22146">
        <From>
          <StopPointRef>2290YHA01130</StopPointRef>
        </From>
        <To>
          <StopPointRef>2290YHA00515</StopPointRef>
        </To>
        <Direction>inbound</Direction>
      </RouteLink>
      <RouteLink id="YHAU005_011_22147">
        <From>
          <StopPointRef>2290YHA00515</StopPointRef>
        </From>
        <To>
          <StopPointRef>2290YHA00516</StopPointRef>
        </To>
        <Direction>inbound</Direction>
      </RouteLink>
      <RouteLink id="YHAU005_011_22148">
        <From>
          <StopPointRef>2290YHA00516</StopPointRef>
        </From>
        <To>
          <StopPointRef>2290YHA00517</StopPointRef>
        </To>
        <Direction>inbound</Direction>
      </RouteLink>
      <RouteLink id="YHAU005_011_22149">
        <From>
          <StopPointRef>2290YHA00517</StopPointRef>
        </From>
        <To>
          <StopPointRef>2290YHA00518</StopPointRef>
        </To>
        <Direction>inbound</Direction>
      </RouteLink>
      <RouteLink id="YHAU005_011_22150">
        <From>
          <StopPointRef>2290YHA00518</StopPointRef>
        </From>
        <To>
          <StopPointRef>2290YHA00519</StopPointRef>
        </To>
        <Direction>inbound</Direction>
      </RouteLink>
      <RouteLink id="YHAU005_011_22151">
        <From>
          <StopPointRef>2290YHA00519</StopPointRef>
        </From>
        <To>
          <StopPointRef>2290YHA00525</StopPointRef>
        </To>
        <Direction>inbound</Direction>
      </RouteLink>
      <RouteLink id="YHAU005_011_22152">
        <From>
          <StopPointRef>2290YHA00525</StopPointRef>
        </From>
        <To>
          <StopPointRef>2290YHA00526</StopPointRef>
        </To>
        <Direction>inbound</Direction>
      </RouteLink>
      <RouteLink id="YHAU005_011_22153">
        <From>
          <StopPointRef>2290YHA00526</StopPointRef>
        </From>
        <To>
          <StopPointRef>2290YHA00520</StopPointRef>
        </To>
        <Direction>inbound</Direction>
      </RouteLink>
      <RouteLink id="YHAU005_011_22154">
        <From>
          <StopPointRef>2290YHA00520</StopPointRef>
        </From>
        <To>
          <StopPointRef>2290YHA00521</StopPointRef>
        </To>
        <Direction>inbound</Direction>
      </RouteLink>
      <RouteLink id="YHAU005_011_22155">
        <From>
          <StopPointRef>2290YHA00521</StopPointRef>
        </From>
        <To>
          <StopPointRef>2290YHA00681</StopPointRef>
        </To>
        <Direction>inbound</Direction>
      </RouteLink>
      <RouteLink id="YHAU005_011_22156">
        <From>
          <StopPointRef>2290YHA00681</StopPointRef>
        </From>
        <To>
          <StopPointRef>2290YHA00682</StopPointRef>
        </To>
        <Direction>inbound</Direction>
      </RouteLink>
      <RouteLink id="YHAU005_011_22157">
        <From>
          <StopPointRef>2290YHA00682</StopPointRef>
        </From>
        <To>
          <StopPointRef>2290YHA01650</StopPointRef>
        </To>
        <Direction>inbound</Direction>
      </RouteLink>
      <RouteLink id="YHAU005_011_22158">
        <From>
          <StopPointRef>2290YHA01650</StopPointRef>
        </From>
        <To>
          <StopPointRef>2290YHA01649</StopPointRef>
        </To>
        <Direction>inbound</Direction>
      </RouteLink>
      <RouteLink id="YHAU005_011_22159">
        <From>
          <StopPointRef>2290YHA01649</StopPointRef>
        </From>
        <To>
          <StopPointRef>2290YHA01647</StopPointRef>
        </To>
        <Direction>inbound</Direction>
      </RouteLink>
      <RouteLink id="YHAU005_011_22160">
        <From>
          <StopPointRef>2290YHA01647</StopPointRef>
        </From>
        <To>
          <StopPointRef>2290YHA00343</StopPointRef>
        </To>
        <Direction>inbound</Direction>
      </RouteLink>
      <RouteLink id="YHAU005_011_22161">
        <From>
          <StopPointRef>2290YHA00343</StopPointRef>
        </From>
        <To>
          <StopPointRef>2290YHA00341</StopPointRef>
        </To>
        <Direction>inbound</Direction>
      </RouteLink>
      <RouteLink id="YHAU005_011_22162">
        <From>
          <StopPointRef>2290YHA00341</StopPointRef>
        </From>
        <To>
          <StopPointRef>2290YHA00320</StopPointRef>
        </To>
        <Direction>inbound</Direction>
      </RouteLink>
      <RouteLink id="YHAU005_011_22163">
        <From>
          <StopPointRef>2290YHA00320</StopPointRef>
        </From>
        <To>
          <StopPointRef>2290YHA00834</StopPointRef>
        </To>
        <Direction>inbound</Direction>
      </RouteLink>
      <RouteLink id="YHAU005_011_22164">
        <From>
          <StopPointRef>2290YHA00834</StopPointRef>
        </From>
        <To>
          <StopPointRef>2290YHA00835</StopPointRef>
        </To>
        <Direction>inbound</Direction>
      </RouteLink>
      <RouteLink id="YHAU005_011_22165">
        <From>
          <StopPointRef>2290YHA00835</StopPointRef>
        </From>
        <To>
          <StopPointRef>2290YHA00836</StopPointRef>
        </To>
        <Direction>inbound</Direction>
      </RouteLink>
      <RouteLink id="YHAU005_011_22166">
        <From>
          <StopPointRef>2290YHA00836</StopPointRef>
        </From>
        <To>
          <StopPointRef>2290YHA00837</StopPointRef>
        </To>
        <Direction>inbound</Direction>
      </RouteLink>
      <RouteLink id="YHAU005_011_22167">
        <From>
          <StopPointRef>2290YHA00837</StopPointRef>
        </From>
        <To>
          <StopPointRef>2290YHA00838</StopPointRef>
        </To>
        <Direction>inbound</Direction>
      </RouteLink>
      <RouteLink id="YHAU005_011_22168">
        <From>
          <StopPointRef>2290YHA00838</StopPointRef>
        </From>
        <To>
          <StopPointRef>2290YHA00951</StopPointRef>
        </To>
        <Direction>inbound</Direction>
      </RouteLink>
      <RouteLink id="YHAU005_011_22169">
        <From>
          <StopPointRef>2290YHA00951</StopPointRef>
        </From>
        <To>
          <StopPointRef>2290YHA00952</StopPointRef>
        </To>
        <Direction>inbound</Direction>
      </RouteLink>
      <RouteLink id="YHAU005_011_22170">
        <From>
          <StopPointRef>2290YHA00952</StopPointRef>
        </From>
        <To>
          <StopPointRef>2290YHA00953</StopPointRef>
        </To>
        <Direction>inbound</Direction>
      </RouteLink>
      <RouteLink id="YHAU005_011_22171">
        <From>
          <StopPointRef>2290YHA00953</StopPointRef>
        </From>
        <To>
          <StopPointRef>2290YHA00954</StopPointRef>
        </To>
        <Direction>inbound</Direction>
      </RouteLink>
      <RouteLink id="YHAU005_011_22172">
        <From>
          <StopPointRef>2290YHA00954</StopPointRef>
        </From>
        <To>
          <StopPointRef>2290YHA01042</StopPointRef>
        </To>
        <Direction>inbound</Direction>
      </RouteLink>
      <RouteLink id="YHAU005_011_22173">
        <From>
          <StopPointRef>2290YHA01042</StopPointRef>
        </From>
        <To>
          <StopPointRef>2290YHA01034</StopPointRef>
        </To>
        <Direction>inbound</Direction>
      </RouteLink>
      <RouteLink id="YHAU005_011_22174">
        <From>
          <StopPointRef>2290YHA01034</StopPointRef>
        </From>
        <To>
          <StopPointRef>2290YHA01038</StopPointRef>
        </To>
        <Direction>inbound</Direction>
      </RouteLink>
      <RouteLink id="YHAU005_011_22175">
        <From>
          <StopPointRef>2290YHA01038</StopPointRef>
        </From>
        <To>
          <StopPointRef>2290YHA01041</StopPointRef>
        </To>
        <Direction>inbound</Direction>
      </RouteLink>
      <RouteLink id="YHAU005_011_22176">
        <From>
          <StopPointRef>2290YHA01041</StopPointRef>
        </From>
        <To>
          <StopPointRef>2290YHA00432</StopPointRef>
        </To>
        <Direction>inbound</Direction>
      </RouteLink>
      <RouteLink id="YHAU005_011_22177">
        <From>
          <StopPointRef>2290YHA00432</StopPointRef>
        </From>
        <To>
          <StopPointRef>2290YHA00431</StopPointRef>
        </To>
        <Direction>inbound</Direction>
      </RouteLink>
      <RouteLink id="YHAU005_011_22178">
        <From>
          <StopPointRef>2290YHA00431</StopPointRef>
        </From>
        <To>
          <StopPointRef>2290YHA00798</StopPointRef>
        </To>
        <Direction>inbound</Direction>
      </RouteLink>
    </RouteSection>
    <RouteSection id="YHAU005_005">
      <RouteLink id="YHAU005_005_22187">
        <From>
          <StopPointRef>2290YHA00798</StopPointRef>
        </From>
        <To>
          <StopPointRef>2290YHA00775</StopPointRef>
        </To>
        <Direction>outbound</Direction>
      </RouteLink>
      <RouteLink id="YHAU005_005_22188">
        <From>
          <StopPointRef>2290YHA00775</StopPointRef>
        </From>
        <To>
          <StopPointRef>2290YHA00006</StopPointRef>
        </To>
        <Direction>outbound</Direction>
      </RouteLink>
      <RouteLink id="YHAU005_005_22189">
        <From>
          <StopPointRef>2290YHA00006</StopPointRef>
        </From>
        <To>
          <StopPointRef>2290YHA00970</StopPointRef>
        </To>
        <Direction>outbound</Direction>
      </RouteLink>
      <RouteLink id="YHAU005_005_22190">
        <From>
          <StopPointRef>2290YHA00970</StopPointRef>
        </From>
        <To>
          <StopPointRef>2290YHA01512</StopPointRef>
        </To>
        <Direction>outbound</Direction>
      </RouteLink>
      <RouteLink id="YHAU005_005_22191">
        <From>
          <StopPointRef>2290YHA01512</StopPointRef>
        </From>
        <To>
          <StopPointRef>2290YHA01556</StopPointRef>
        </To>
        <Direction>outbound</Direction>
      </RouteLink>
      <RouteLink id="YHAU005_005_22192">
        <From>
          <StopPointRef>2290YHA01556</StopPointRef>
        </From>
        <To>
          <StopPointRef>2290YHA01040</StopPointRef>
        </To>
        <Direction>outbound</Direction>
      </RouteLink>
      <RouteLink id="YHAU005_005_22193">
        <From>
          <StopPointRef>2290YHA01040</StopPointRef>
        </From>
        <To>
          <StopPointRef>2290YHA01037</StopPointRef>
        </To>
        <Direction>outbound</Direction>
      </RouteLink>
      <RouteLink id="YHAU005_005_22194">
        <From>
          <StopPointRef>2290YHA01037</StopPointRef>
        </From>
        <To>
          <StopPointRef>2290YHA01036</StopPointRef>
        </To>
        <Direction>outbound</Direction>
      </RouteLink>
      <RouteLink id="YHAU005_005_22195">
        <From>
          <StopPointRef>2290YHA01036</StopPointRef>
        </From>
        <To>
          <StopPointRef>2290YHA01033</StopPointRef>
        </To>
        <Direction>outbound</Direction>
      </RouteLink>
      <RouteLink id="YHAU005_005_22196">
        <From>
          <StopPointRef>2290YHA01033</StopPointRef>
        </From>
        <To>
          <StopPointRef>2290YHA00946</StopPointRef>
        </To>
        <Direction>outbound</Direction>
      </RouteLink>
      <RouteLink id="YHAU005_005_22197">
        <From>
          <StopPointRef>2290YHA00946</StopPointRef>
        </From>
        <To>
          <StopPointRef>2290YHA00947</StopPointRef>
        </To>
        <Direction>outbound</Direction>
      </RouteLink>
      <RouteLink id="YHAU005_005_22198">
        <From>
          <StopPointRef>2290YHA00947</StopPointRef>
        </From>
        <To>
          <StopPointRef>2290YHA00948</StopPointRef>
        </To>
        <Direction>outbound</Direction>
      </RouteLink>
      <RouteLink id="YHAU005_005_22199">
        <From>
          <StopPointRef>2290YHA00948</StopPointRef>
        </From>
        <To>
          <StopPointRef>2290YHA00949</StopPointRef>
        </To>
        <Direction>outbound</Direction>
      </RouteLink>
      <RouteLink id="YHAU005_005_22200">
        <From>
          <StopPointRef>2290YHA00949</StopPointRef>
        </From>
        <To>
          <StopPointRef>2290YHA00950</StopPointRef>
        </To>
        <Direction>outbound</Direction>
      </RouteLink>
      <RouteLink id="YHAU005_005_22201">
        <From>
          <StopPointRef>2290YHA00950</StopPointRef>
        </From>
        <To>
          <StopPointRef>2290YHA00829</StopPointRef>
        </To>
        <Direction>outbound</Direction>
      </RouteLink>
      <RouteLink id="YHAU005_005_22202">
        <From>
          <StopPointRef>2290YHA00829</StopPointRef>
        </From>
        <To>
          <StopPointRef>2290YHA00830</StopPointRef>
        </To>
        <Direction>outbound</Direction>
      </RouteLink>
      <RouteLink id="YHAU005_005_22203">
        <From>
          <StopPointRef>2290YHA00830</StopPointRef>
        </From>
        <To>
          <StopPointRef>2290YHA00831</StopPointRef>
        </To>
        <Direction>outbound</Direction>
      </RouteLink>
      <RouteLink id="YHAU005_005_22204">
        <From>
          <StopPointRef>2290YHA00831</StopPointRef>
        </From>
        <To>
          <StopPointRef>2290YHA00832</StopPointRef>
        </To>
        <Direction>outbound</Direction>
      </RouteLink>
      <RouteLink id="YHAU005_005_22205">
        <From>
          <StopPointRef>2290YHA00832</StopPointRef>
        </From>
        <To>
          <StopPointRef>2290YHA00319</StopPointRef>
        </To>
        <Direction>outbound</Direction>
      </RouteLink>
      <RouteLink id="YHAU005_005_22206">
        <From>
          <StopPointRef>2290YHA00319</StopPointRef>
        </From>
        <To>
          <StopPointRef>2290YHA00340</StopPointRef>
        </To>
        <Direction>outbound</Direction>
      </RouteLink>
      <RouteLink id="YHAU005_005_22207">
        <From>
          <StopPointRef>2290YHA00340</StopPointRef>
        </From>
        <To>
          <StopPointRef>2290YHA01646</StopPointRef>
        </To>
        <Direction>outbound</Direction>
      </RouteLink>
      <RouteLink id="YHAU005_005_22208">
        <From>
          <StopPointRef>2290YHA01646</StopPointRef>
        </From>
        <To>
          <StopPointRef>2290YHA01648</StopPointRef>
        </To>
        <Direction>outbound</Direction>
      </RouteLink>
      <RouteLink id="YHAU005_005_22209">
        <From>
          <StopPointRef>2290YHA01648</StopPointRef>
        </From>
        <To>
          <StopPointRef>2290YHA01600</StopPointRef>
        </To>
        <Direction>outbound</Direction>
      </RouteLink>
      <RouteLink id="YHAU005_005_22210">
        <From>
          <StopPointRef>2290YHA01600</StopPointRef>
        </From>
        <To>
          <StopPointRef>2290YHA00683</StopPointRef>
        </To>
        <Direction>outbound</Direction>
      </RouteLink>
      <RouteLink id="YHAU005_005_22211">
        <From>
          <StopPointRef>2290YHA00683</StopPointRef>
        </From>
        <To>
          <StopPointRef>2290YHA00505</StopPointRef>
        </To>
        <Direction>outbound</Direction>
      </RouteLink>
      <RouteLink id="YHAU005_005_22212">
        <From>
          <StopPointRef>2290YHA00505</StopPointRef>
        </From>
        <To>
          <StopPointRef>2290YHA00506</StopPointRef>
        </To>
        <Direction>outbound</Direction>
      </RouteLink>
      <RouteLink id="YHAU005_005_22213">
        <From>
          <StopPointRef>2290YHA00506</StopPointRef>
        </From>
        <To>
          <StopPointRef>2290YHA00507</StopPointRef>
        </To>
        <Direction>outbound</Direction>
      </RouteLink>
      <RouteLink id="YHAU005_005_22214">
        <From>
          <StopPointRef>2290YHA00507</StopPointRef>
        </From>
        <To>
          <StopPointRef>2290YHA00508</StopPointRef>
        </To>
        <Direction>outbound</Direction>
      </RouteLink>
      <RouteLink id="YHAU005_005_22215">
        <From>
          <StopPointRef>2290YHA00508</StopPointRef>
        </From>
        <To>
          <StopPointRef>2290YHA00509</StopPointRef>
        </To>
        <Direction>outbound</Direction>
      </RouteLink>
      <RouteLink id="YHAU005_005_22216">
        <From>
          <StopPointRef>2290YHA00509</StopPointRef>
        </From>
        <To>
          <StopPointRef>2290YHA00510</StopPointRef>
        </To>
        <Direction>outbound</Direction>
      </RouteLink>
      <RouteLink id="YHAU005_005_22217">
        <From>
          <StopPointRef>2290YHA00510</StopPointRef>
        </From>
        <To>
          <StopPointRef>2290YHA00511</StopPointRef>
        </To>
        <Direction>outbound</Direction>
      </RouteLink>
      <RouteLink id="YHAU005_005_22218">
        <From>
          <StopPointRef>2290YHA00511</StopPointRef>
        </From>
        <To>
          <StopPointRef>2290YHA00512</StopPointRef>
        </To>
        <Direction>outbound</Direction>
      </RouteLink>
      <RouteLink id="YHAU005_005_22219">
        <From>
          <StopPointRef>2290YHA00512</StopPointRef>
        </From>
        <To>
          <StopPointRef>2290YHA00513</StopPointRef>
        </To>
        <Direction>outbound</Direction>
      </RouteLink>
      <RouteLink id="YHAU005_005_22220">
        <From>
          <StopPointRef>2290YHA00513</StopPointRef>
        </From>
        <To>
          <StopPointRef>2290YHA00514</StopPointRef>
        </To>
        <Direction>outbound</Direction>
      </RouteLink>
      <RouteLink id="YHAU005_005_22221">
        <From>
          <StopPointRef>2290YHA00514</StopPointRef>
        </From>
        <To>
          <StopPointRef>2290YHA00130</StopPointRef>
        </To>
        <Direction>outbound</Direction>
      </RouteLink>
      <RouteLink id="YHAU005_005_22222">
        <From>
          <StopPointRef>2290YHA00130</StopPointRef>
        </From>
        <To>
          <StopPointRef>2290YHA00131</StopPointRef>
        </To>
        <Direction>outbound</Direction>
      </RouteLink>
      <RouteLink id="YHAU005_005_22223">
        <From>
          <StopPointRef>2290YHA00131</StopPointRef>
        </From>
        <To>
          <StopPointRef>2290YHA01283</StopPointRef>
        </To>
        <Direction>outbound</Direction>
      </RouteLink>
      <RouteLink id="YHAU005_005_22224">
        <From>
          <StopPointRef>2290YHA01283</StopPointRef>
        </From>
        <To>
          <StopPointRef>2290YHA01623</StopPointRef>
        </To>
        <Direction>outbound</Direction>
      </RouteLink>
      <RouteLink id="YHAU005_005_22225">
        <From>
          <StopPointRef>2290YHA01623</StopPointRef>
        </From>
        <To>
          <StopPointRef>2290YHA01597</StopPointRef>
        </To>
        <Direction>outbound</Direction>
      </RouteLink>
      <RouteLink id="YHAU005_005_22226">
        <From>
          <StopPointRef>2290YHA01597</StopPointRef>
        </From>
        <To>
          <StopPointRef>2290YHA01544</StopPointRef>
        </To>
        <Direction>outbound</Direction>
      </RouteLink>
      <RouteLink id="YHAU005_005_22227">
        <From>
          <StopPointRef>2290YHA01544</StopPointRef>
        </From>
        <To>
          <StopPointRef>2290YHA01543</StopPointRef>
        </To>
        <Direction>outbound</Direction>
      </RouteLink>
      <RouteLink id="YHAU005_005_22228">
        <From>
          <StopPointRef>2290YHA01543</StopPointRef>
        </From>
        <To>
          <StopPointRef>2290YHA01541</StopPointRef>
        </To>
        <Direction>outbound</Direction>
      </RouteLink>
      <RouteLink id="YHAU005_005_22229">
        <From>
          <StopPointRef>2290YHA01541</StopPointRef>
        </From>
        <To>
          <StopPointRef>2290YHA01499</StopPointRef>
        </To>
        <Direction>outbound</Direction>
      </RouteLink>
    </RouteSection>
  </RouteSections>
  <Routes>
    <Route id="YHAU005_011">
      <Description>Kingswood Retail Park - Holy Trinity Church
</Description>
      <RouteSectionRef>YHAU005_011</RouteSectionRef>
    </Route>
    <Route id="YHAU005_005">
      <Description>Holy Trinity Church - Kingswood Retail Park
</Description>
      <RouteSectionRef>YHAU005_005</RouteSectionRef>
    </Route>
  </Routes>
  <JourneyPatternSections>
    <JourneyPatternSection id="JPS_YHAU005-3">
      <JourneyPatternTimingLink id="JPS_YHAU005-3_22143">
        <From>
          <StopPointRef>2290YHA01499</StopPointRef>
          <TimingStatus>PTP</TimingStatus>
        </From>
        <To>
          <StopPointRef>2290YHA01283</StopPointRef>
          <TimingStatus>PTP</TimingStatus>
        </To>
        <RouteLinkRef>YHAU005_011_22143</RouteLinkRef>
        <Direction>inbound</Direction>
        <RunTime>PT180S</RunTime>
      </JourneyPatternTimingLink>
      <JourneyPatternTimingLink id="JPS_YHAU005-3_22144">
        <From>
          <StopPointRef>2290YHA01283</StopPointRef>
          <TimingStatus>PTP</TimingStatus>
        </From>
        <To>
          <StopPointRef>2290YHA00132</StopPointRef>
          <TimingStatus>OTH</TimingStatus>
        </To>
        <RouteLinkRef>YHAU005_011_22144</RouteLinkRef>
        <Direction>inbound</Direction>
        <RunTime>PT215S</RunTime>
      </JourneyPatternTimingLink>
      <JourneyPatternTimingLink id="JPS_YHAU005-3_22145">
        <From>
          <StopPointRef>2290YHA00132</StopPointRef>
          <TimingStatus>OTH</TimingStatus>
        </From>
        <To>
          <StopPointRef>2290YHA01130</StopPointRef>
          <TimingStatus>PTP</TimingStatus>
        </To>
        <RouteLinkRef>YHAU005_011_22145</RouteLinkRef>
        <Direction>inbound</Direction>
        <RunTime>PT85S</RunTime>
      </JourneyPatternTimingLink>
      <JourneyPatternTimingLink id="JPS_YHAU005-3_22146">
        <From>
          <StopPointRef>2290YHA01130</StopPointRef>
          <TimingStatus>PTP</TimingStatus>
        </From>
        <To>
          <StopPointRef>2290YHA00515</StopPointRef>
          <TimingStatus>OTH</TimingStatus>
        </To>
        <RouteLinkRef>YHAU005_011_22146</RouteLinkRef>
        <Direction>inbound</Direction>
        <RunTime>PT44S</RunTime>
      </JourneyPatternTimingLink>
      <JourneyPatternTimingLink id="JPS_YHAU005-3_22147">
        <From>
          <StopPointRef>2290YHA00515</StopPointRef>
          <TimingStatus>OTH</TimingStatus>
        </From>
        <To>
          <StopPointRef>2290YHA00516</StopPointRef>
          <TimingStatus>OTH</TimingStatus>
        </To>
        <RouteLinkRef>YHAU005_011_22147</RouteLinkRef>
        <Direction>inbound</Direction>
        <RunTime>PT75S</RunTime>
      </JourneyPatternTimingLink>
      <JourneyPatternTimingLink id="JPS_YHAU005-3_22148">
        <From>
          <StopPointRef>2290YHA00516</StopPointRef>
          <TimingStatus>OTH</TimingStatus>
        </From>
        <To>
          <StopPointRef>2290YHA00517</StopPointRef>
          <TimingStatus>OTH</TimingStatus>
        </To>
        <RouteLinkRef>YHAU005_011_22148</RouteLinkRef>
        <Direction>inbound</Direction>
        <RunTime>PT60S</RunTime>
      </JourneyPatternTimingLink>
      <JourneyPatternTimingLink id="JPS_YHAU005-3_22149">
        <From>
          <StopPointRef>2290YHA00517</StopPointRef>
          <TimingStatus>OTH</TimingStatus>
        </From>
        <To>
          <StopPointRef>2290YHA00518</StopPointRef>
          <TimingStatus>OTH</TimingStatus>
        </To>
        <RouteLinkRef>YHAU005_011_22149</RouteLinkRef>
        <Direction>inbound</Direction>
        <RunTime>PT77S</RunTime>
      </JourneyPatternTimingLink>
      <JourneyPatternTimingLink id="JPS_YHAU005-3_22150">
        <From>
          <StopPointRef>2290YHA00518</StopPointRef>
          <TimingStatus>OTH</TimingStatus>
        </From>
        <To>
          <StopPointRef>2290YHA00519</StopPointRef>
          <TimingStatus>OTH</TimingStatus>
        </To>
        <RouteLinkRef>YHAU005_011_22150</RouteLinkRef>
        <Direction>inbound</Direction>
        <RunTime>PT103S</RunTime>
      </JourneyPatternTimingLink>
      <JourneyPatternTimingLink id="JPS_YHAU005-3_22151">
        <From>
          <StopPointRef>2290YHA00519</StopPointRef>
          <TimingStatus>OTH</TimingStatus>
        </From>
        <To>
          <StopPointRef>2290YHA00525</StopPointRef>
          <TimingStatus>OTH</TimingStatus>
        </To>
        <RouteLinkRef>YHAU005_011_22151</RouteLinkRef>
        <Direction>inbound</Direction>
        <RunTime>PT61S</RunTime>
      </JourneyPatternTimingLink>
      <JourneyPatternTimingLink id="JPS_YHAU005-3_22152">
        <From>
          <StopPointRef>2290YHA00525</StopPointRef>
          <TimingStatus>OTH</TimingStatus>
        </From>
        <To>
          <StopPointRef>2290YHA00526</StopPointRef>
          <TimingStatus>OTH</TimingStatus>
        </To>
        <RouteLinkRef>YHAU005_011_22152</RouteLinkRef>
        <Direction>inbound</Direction>
        <RunTime>PT60S</RunTime>
      </JourneyPatternTimingLink>
      <JourneyPatternTimingLink id="JPS_YHAU005-3_22153">
        <From>
          <StopPointRef>2290YHA00526</StopPointRef>
          <TimingStatus>OTH</TimingStatus>
        </From>
        <To>
          <StopPointRef>2290YHA00520</StopPointRef>
          <TimingStatus>OTH</TimingStatus>
        </To>
        <RouteLinkRef>YHAU005_011_22153</RouteLinkRef>
        <Direction>inbound</Direction>
        <RunTime>PT58S</RunTime>
      </JourneyPatternTimingLink>
      <JourneyPatternTimingLink id="JPS_YHAU005-3_22154">
        <From>
          <StopPointRef>2290YHA00520</StopPointRef>
          <TimingStatus>OTH</TimingStatus>
        </From>
        <To>
          <StopPointRef>2290YHA00521</StopPointRef>
          <TimingStatus>PTP</TimingStatus>
        </To>
        <RouteLinkRef>YHAU005_011_22154</RouteLinkRef>
        <Direction>inbound</Direction>
        <RunTime>PT62S</RunTime>
      </JourneyPatternTimingLink>
      <JourneyPatternTimingLink id="JPS_YHAU005-3_22155">
        <From>
          <StopPointRef>2290YHA00521</StopPointRef>
          <TimingStatus>PTP</TimingStatus>
        </From>
        <To>
          <StopPointRef>2290YHA00681</StopPointRef>
          <TimingStatus>OTH</TimingStatus>
        </To>
        <RouteLinkRef>YHAU005_011_22155</RouteLinkRef>
        <Direction>inbound</Direction>
        <RunTime>PT72S</RunTime>
      </JourneyPatternTimingLink>
      <JourneyPatternTimingLink id="JPS_YHAU005-3_22156">
        <From>
          <StopPointRef>2290YHA00681</StopPointRef>
          <TimingStatus>OTH</TimingStatus>
        </From>
        <To>
          <StopPointRef>2290YHA00682</StopPointRef>
          <TimingStatus>OTH</TimingStatus>
        </To>
        <RouteLinkRef>YHAU005_011_22156</RouteLinkRef>
        <Direction>inbound</Direction>
        <RunTime>PT39S</RunTime>
      </JourneyPatternTimingLink>
      <JourneyPatternTimingLink id="JPS_YHAU005-3_22157">
        <From>
          <StopPointRef>2290YHA00682</StopPointRef>
          <TimingStatus>OTH</TimingStatus>
        </From>
        <To>
          <StopPointRef>2290YHA01650</StopPointRef>
          <TimingStatus>OTH</TimingStatus>
        </To>
        <RouteLinkRef>YHAU005_011_22157</RouteLinkRef>
        <Direction>inbound</Direction>
        <RunTime>PT111S</RunTime>
      </JourneyPatternTimingLink>
      <JourneyPatternTimingLink id="JPS_YHAU005-3_22158">
        <From>
          <StopPointRef>2290YHA01650</StopPointRef>
          <TimingStatus>OTH</TimingStatus>
        </From>
        <To>
          <StopPointRef>2290YHA01649</StopPointRef>
          <TimingStatus>OTH</TimingStatus>
        </To>
        <RouteLinkRef>YHAU005_011_22158</RouteLinkRef>
        <Direction>inbound</Direction>
        <RunTime>PT43S</RunTime>
      </JourneyPatternTimingLink>
      <JourneyPatternTimingLink id="JPS_YHAU005-3_22159">
        <From>
          <StopPointRef>2290YHA01649</StopPointRef>
          <TimingStatus>OTH</TimingStatus>
        </From>
        <To>
          <StopPointRef>2290YHA01647</StopPointRef>
          <TimingStatus>OTH</TimingStatus>
        </To>
        <RouteLinkRef>YHAU005_011_22159</RouteLinkRef>
        <Direction>inbound</Direction>
        <RunTime>PT44S</RunTime>
      </JourneyPatternTimingLink>
      <JourneyPatternTimingLink id="JPS_YHAU005-3_22160">
        <From>
          <StopPointRef>2290YHA01647</StopPointRef>
          <TimingStatus>OTH</TimingStatus>
        </From>
        <To>
          <StopPointRef>2290YHA00343</StopPointRef>
          <TimingStatus>OTH</TimingStatus>
        </To>
        <RouteLinkRef>YHAU005_011_22160</RouteLinkRef>
        <Direction>inbound</Direction>
        <RunTime>PT32S</RunTime>
      </JourneyPatternTimingLink>
      <JourneyPatternTimingLink id="JPS_YHAU005-3_22161">
        <From>
          <StopPointRef>2290YHA00343</StopPointRef>
          <TimingStatus>OTH</TimingStatus>
        </From>
        <To>
          <StopPointRef>2290YHA00341</StopPointRef>
          <TimingStatus>OTH</TimingStatus>
        </To>
        <RouteLinkRef>YHAU005_011_22161</RouteLinkRef>
        <Direction>inbound</Direction>
        <RunTime>PT50S</RunTime>
      </JourneyPatternTimingLink>
      <JourneyPatternTimingLink id="JPS_YHAU005-3_22162">
        <From>
          <StopPointRef>2290YHA00341</StopPointRef>
          <TimingStatus>OTH</TimingStatus>
        </From>
        <To>
          <StopPointRef>2290YHA00320</StopPointRef>
          <TimingStatus>OTH</TimingStatus>
        </To>
        <RouteLinkRef>YHAU005_011_22162</RouteLinkRef>
        <Direction>inbound</Direction>
        <RunTime>PT57S</RunTime>
      </JourneyPatternTimingLink>
      <JourneyPatternTimingLink id="JPS_YHAU005-3_22163">
        <From>
          <StopPointRef>2290YHA00320</StopPointRef>
          <TimingStatus>OTH</TimingStatus>
        </From>
        <To>
          <StopPointRef>2290YHA00834</StopPointRef>
          <TimingStatus>OTH</TimingStatus>
        </To>
        <RouteLinkRef>YHAU005_011_22163</RouteLinkRef>
        <Direction>inbound</Direction>
        <RunTime>PT41S</RunTime>
      </JourneyPatternTimingLink>
      <JourneyPatternTimingLink id="JPS_YHAU005-3_22164">
        <From>
          <StopPointRef>2290YHA00834</StopPointRef>
          <TimingStatus>OTH</TimingStatus>
        </From>
        <To>
          <StopPointRef>2290YHA00835</StopPointRef>
          <TimingStatus>OTH</TimingStatus>
        </To>
        <RouteLinkRef>YHAU005_011_22164</RouteLinkRef>
        <Direction>inbound</Direction>
        <RunTime>PT42S</RunTime>
      </JourneyPatternTimingLink>
      <JourneyPatternTimingLink id="JPS_YHAU005-3_22165">
        <From>
          <StopPointRef>2290YHA00835</StopPointRef>
          <TimingStatus>OTH</TimingStatus>
        </From>
        <To>
          <StopPointRef>2290YHA00836</StopPointRef>
          <TimingStatus>OTH</TimingStatus>
        </To>
        <RouteLinkRef>YHAU005_011_22165</RouteLinkRef>
        <Direction>inbound</Direction>
        <RunTime>PT34S</RunTime>
      </JourneyPatternTimingLink>
      <JourneyPatternTimingLink id="JPS_YHAU005-3_22166">
        <From>
          <StopPointRef>2290YHA00836</StopPointRef>
          <TimingStatus>OTH</TimingStatus>
        </From>
        <To>
          <StopPointRef>2290YHA00837</StopPointRef>
          <TimingStatus>OTH</TimingStatus>
        </To>
        <RouteLinkRef>YHAU005_011_22166</RouteLinkRef>
        <Direction>inbound</Direction>
        <RunTime>PT52S</RunTime>
      </JourneyPatternTimingLink>
      <JourneyPatternTimingLink id="JPS_YHAU005-3_22167">
        <From>
          <StopPointRef>2290YHA00837</StopPointRef>
          <TimingStatus>OTH</TimingStatus>
        </From>
        <To>
          <StopPointRef>2290YHA00838</StopPointRef>
          <TimingStatus>OTH</TimingStatus>
        </To>
        <RouteLinkRef>YHAU005_011_22167</RouteLinkRef>
        <Direction>inbound</Direction>
        <RunTime>PT29S</RunTime>
      </JourneyPatternTimingLink>
      <JourneyPatternTimingLink id="JPS_YHAU005-3_22168">
        <From>
          <StopPointRef>2290YHA00838</StopPointRef>
          <TimingStatus>OTH</TimingStatus>
        </From>
        <To>
          <StopPointRef>2290YHA00951</StopPointRef>
          <TimingStatus>PTP</TimingStatus>
        </To>
        <RouteLinkRef>YHAU005_011_22168</RouteLinkRef>
        <Direction>inbound</Direction>
        <RunTime>PT74S</RunTime>
      </JourneyPatternTimingLink>
      <JourneyPatternTimingLink id="JPS_YHAU005-3_22169">
        <From>
          <StopPointRef>2290YHA00951</StopPointRef>
          <TimingStatus>PTP</TimingStatus>
        </From>
        <To>
          <StopPointRef>2290YHA00952</StopPointRef>
          <TimingStatus>OTH</TimingStatus>
        </To>
        <RouteLinkRef>YHAU005_011_22169</RouteLinkRef>
        <Direction>inbound</Direction>
        <RunTime>PT25S</RunTime>
      </JourneyPatternTimingLink>
      <JourneyPatternTimingLink id="JPS_YHAU005-3_22170">
        <From>
          <StopPointRef>2290YHA00952</StopPointRef>
          <TimingStatus>OTH</TimingStatus>
        </From>
        <To>
          <StopPointRef>2290YHA00953</StopPointRef>
          <TimingStatus>OTH</TimingStatus>
        </To>
        <RouteLinkRef>YHAU005_011_22170</RouteLinkRef>
        <Direction>inbound</Direction>
        <RunTime>PT74S</RunTime>
      </JourneyPatternTimingLink>
      <JourneyPatternTimingLink id="JPS_YHAU005-3_22171">
        <From>
          <StopPointRef>2290YHA00953</StopPointRef>
          <TimingStatus>OTH</TimingStatus>
        </From>
        <To>
          <StopPointRef>2290YHA00954</StopPointRef>
          <TimingStatus>OTH</TimingStatus>
        </To>
        <RouteLinkRef>YHAU005_011_22171</RouteLinkRef>
        <Direction>inbound</Direction>
        <RunTime>PT85S</RunTime>
      </JourneyPatternTimingLink>
      <JourneyPatternTimingLink id="JPS_YHAU005-3_22172">
        <From>
          <StopPointRef>2290YHA00954</StopPointRef>
          <TimingStatus>OTH</TimingStatus>
        </From>
        <To>
          <StopPointRef>2290YHA01042</StopPointRef>
          <TimingStatus>OTH</TimingStatus>
        </To>
        <RouteLinkRef>YHAU005_011_22172</RouteLinkRef>
        <Direction>inbound</Direction>
        <RunTime>PT63S</RunTime>
      </JourneyPatternTimingLink>
      <JourneyPatternTimingLink id="JPS_YHAU005-3_22173">
        <From>
          <StopPointRef>2290YHA01042</StopPointRef>
          <TimingStatus>OTH</TimingStatus>
        </From>
        <To>
          <StopPointRef>2290YHA01034</StopPointRef>
          <TimingStatus>OTH</TimingStatus>
        </To>
        <RouteLinkRef>YHAU005_011_22173</RouteLinkRef>
        <Direction>inbound</Direction>
        <RunTime>PT58S</RunTime>
      </JourneyPatternTimingLink>
      <JourneyPatternTimingLink id="JPS_YHAU005-3_22174">
        <From>
          <StopPointRef>2290YHA01034</StopPointRef>
          <TimingStatus>OTH</TimingStatus>
        </From>
        <To>
          <StopPointRef>2290YHA01038</StopPointRef>
          <TimingStatus>OTH</TimingStatus>
        </To>
        <RouteLinkRef>YHAU005_011_22174</RouteLinkRef>
        <Direction>inbound</Direction>
        <RunTime>PT59S</RunTime>
      </JourneyPatternTimingLink>
      <JourneyPatternTimingLink id="JPS_YHAU005-3_22175">
        <From>
          <StopPointRef>2290YHA01038</StopPointRef>
          <TimingStatus>OTH</TimingStatus>
        </From>
        <To>
          <StopPointRef>2290YHA01041</StopPointRef>
          <TimingStatus>OTH</TimingStatus>
        </To>
        <RouteLinkRef>YHAU005_011_22175</RouteLinkRef>
        <Direction>inbound</Direction>
        <RunTime>PT52S</RunTime>
      </JourneyPatternTimingLink>
      <JourneyPatternTimingLink id="JPS_YHAU005-3_22176">
        <From>
          <StopPointRef>2290YHA01041</StopPointRef>
          <TimingStatus>OTH</TimingStatus>
        </From>
        <To>
          <StopPointRef>2290YHA00432</StopPointRef>
          <TimingStatus>OTH</TimingStatus>
        </To>
        <RouteLinkRef>YHAU005_011_22176</RouteLinkRef>
        <Direction>inbound</Direction>
        <RunTime>PT124S</RunTime>
      </JourneyPatternTimingLink>
      <JourneyPatternTimingLink id="JPS_YHAU005-3_22177">
        <From>
          <StopPointRef>2290YHA00432</StopPointRef>
          <TimingStatus>OTH</TimingStatus>
        </From>
        <To>
          <StopPointRef>2290YHA00431</StopPointRef>
          <TimingStatus>PTP</TimingStatus>
        </To>
        <RouteLinkRef>YHAU005_011_22177</RouteLinkRef>
        <Direction>inbound</Direction>
        <RunTime>PT60S</RunTime>
      </JourneyPatternTimingLink>
      <JourneyPatternTimingLink id="JPS_YHAU005-3_22178">
        <From>
          <StopPointRef>2290YHA00431</StopPointRef>
          <TimingStatus>PTP</TimingStatus>
        </From>
        <To>
          <StopPointRef>2290YHA00798</StopPointRef>
          <TimingStatus>PTP</TimingStatus>
        </To>
        <RouteLinkRef>YHAU005_011_22178</RouteLinkRef>
        <Direction>inbound</Direction>
        <RunTime>PT300S</RunTime>
      </JourneyPatternTimingLink>
    </JourneyPatternSection>
    <JourneyPatternSection id="JPS_YHAU005-4">
      <JourneyPatternTimingLink id="JPS_YHAU005-4_22187">
        <From>
          <StopPointRef>2290YHA00798</StopPointRef>
          <TimingStatus>PTP</TimingStatus>
        </From>
        <To>
          <StopPointRef>2290YHA00775</StopPointRef>
          <TimingStatus>OTH</TimingStatus>
        </To>
        <RouteLinkRef>YHAU005_005_22187</RouteLinkRef>
        <Direction>outbound</Direction>
        <RunTime>PT89S</RunTime>
      </JourneyPatternTimingLink>
      <JourneyPatternTimingLink id="JPS_YHAU005-4_22188">
        <From>
          <StopPointRef>2290YHA00775</StopPointRef>
          <TimingStatus>OTH</TimingStatus>
        </From>
        <To>
          <StopPointRef>2290YHA00006</StopPointRef>
          <TimingStatus>OTH</TimingStatus>
        </To>
        <RouteLinkRef>YHAU005_005_22188</RouteLinkRef>
        <Direction>outbound</Direction>
        <RunTime>PT103S</RunTime>
      </JourneyPatternTimingLink>
      <JourneyPatternTimingLink id="JPS_YHAU005-4_22189">
        <From>
          <StopPointRef>2290YHA00006</StopPointRef>
          <TimingStatus>OTH</TimingStatus>
        </From>
        <To>
          <StopPointRef>2290YHA00970</StopPointRef>
          <TimingStatus>OTH</TimingStatus>
        </To>
        <RouteLinkRef>YHAU005_005_22189</RouteLinkRef>
        <Direction>outbound</Direction>
        <RunTime>PT80S</RunTime>
      </JourneyPatternTimingLink>
      <JourneyPatternTimingLink id="JPS_YHAU005-4_22190">
        <From>
          <StopPointRef>2290YHA00970</StopPointRef>
          <TimingStatus>OTH</TimingStatus>
        </From>
        <To>
          <StopPointRef>2290YHA01512</StopPointRef>
          <TimingStatus>OTH</TimingStatus>
        </To>
        <RouteLinkRef>YHAU005_005_22190</RouteLinkRef>
        <Direction>outbound</Direction>
        <RunTime>PT83S</RunTime>
      </JourneyPatternTimingLink>
      <JourneyPatternTimingLink id="JPS_YHAU005-4_22191">
        <From>
          <StopPointRef>2290YHA01512</StopPointRef>
          <TimingStatus>OTH</TimingStatus>
        </From>
        <To>
          <StopPointRef>2290YHA01556</StopPointRef>
          <TimingStatus>PTP</TimingStatus>
        </To>
        <RouteLinkRef>YHAU005_005_22191</RouteLinkRef>
        <Direction>outbound</Direction>
        <RunTime>PT245S</RunTime>
      </JourneyPatternTimingLink>
      <JourneyPatternTimingLink id="JPS_YHAU005-4_22192">
        <From>
          <StopPointRef>2290YHA01556</StopPointRef>
          <TimingStatus>PTP</TimingStatus>
        </From>
        <To>
          <StopPointRef>2290YHA01040</StopPointRef>
          <TimingStatus>OTH</TimingStatus>
        </To>
        <RouteLinkRef>YHAU005_005_22192</RouteLinkRef>
        <Direction>outbound</Direction>
        <RunTime>PT154S</RunTime>
      </JourneyPatternTimingLink>
      <JourneyPatternTimingLink id="JPS_YHAU005-4_22193">
        <From>
          <StopPointRef>2290YHA01040</StopPointRef>
          <TimingStatus>OTH</TimingStatus>
        </From>
        <To>
          <StopPointRef>2290YHA01037</StopPointRef>
          <TimingStatus>OTH</TimingStatus>
        </To>
        <RouteLinkRef>YHAU005_005_22193</RouteLinkRef>
        <Direction>outbound</Direction>
        <RunTime>PT57S</RunTime>
      </JourneyPatternTimingLink>
      <JourneyPatternTimingLink id="JPS_YHAU005-4_22194">
        <From>
          <StopPointRef>2290YHA01037</StopPointRef>
          <TimingStatus>OTH</TimingStatus>
        </From>
        <To>
          <StopPointRef>2290YHA01036</StopPointRef>
          <TimingStatus>OTH</TimingStatus>
        </To>
        <RouteLinkRef>YHAU005_005_22194</RouteLinkRef>
        <Direction>outbound</Direction>
        <RunTime>PT24S</RunTime>
      </JourneyPatternTimingLink>
      <JourneyPatternTimingLink id="JPS_YHAU005-4_22195">
        <From>
          <StopPointRef>2290YHA01036</StopPointRef>
          <TimingStatus>OTH</TimingStatus>
        </From>
        <To>
          <StopPointRef>2290YHA01033</StopPointRef>
          <TimingStatus>OTH</TimingStatus>
        </To>
        <RouteLinkRef>YHAU005_005_22195</RouteLinkRef>
        <Direction>outbound</Direction>
        <RunTime>PT57S</RunTime>
      </JourneyPatternTimingLink>
      <JourneyPatternTimingLink id="JPS_YHAU005-4_22196">
        <From>
          <StopPointRef>2290YHA01033</StopPointRef>
          <TimingStatus>OTH</TimingStatus>
        </From>
        <To>
          <StopPointRef>2290YHA00946</StopPointRef>
          <TimingStatus>OTH</TimingStatus>
        </To>
        <RouteLinkRef>YHAU005_005_22196</RouteLinkRef>
        <Direction>outbound</Direction>
        <RunTime>PT42S</RunTime>
      </JourneyPatternTimingLink>
      <JourneyPatternTimingLink id="JPS_YHAU005-4_22197">
        <From>
          <StopPointRef>2290YHA00946</StopPointRef>
          <TimingStatus>OTH</TimingStatus>
        </From>
        <To>
          <StopPointRef>2290YHA00947</StopPointRef>
          <TimingStatus>OTH</TimingStatus>
        </To>
        <RouteLinkRef>YHAU005_005_22197</RouteLinkRef>
        <Direction>outbound</Direction>
        <RunTime>PT45S</RunTime>
      </JourneyPatternTimingLink>
      <JourneyPatternTimingLink id="JPS_YHAU005-4_22198">
        <From>
          <StopPointRef>2290YHA00947</StopPointRef>
          <TimingStatus>OTH</TimingStatus>
        </From>
        <To>
          <StopPointRef>2290YHA00948</StopPointRef>
          <TimingStatus>OTH</TimingStatus>
        </To>
        <RouteLinkRef>YHAU005_005_22198</RouteLinkRef>
        <Direction>outbound</Direction>
        <RunTime>PT35S</RunTime>
      </JourneyPatternTimingLink>
      <JourneyPatternTimingLink id="JPS_YHAU005-4_22199">
        <From>
          <StopPointRef>2290YHA00948</StopPointRef>
          <TimingStatus>OTH</TimingStatus>
        </From>
        <To>
          <StopPointRef>2290YHA00949</StopPointRef>
          <TimingStatus>OTH</TimingStatus>
        </To>
        <RouteLinkRef>YHAU005_005_22199</RouteLinkRef>
        <Direction>outbound</Direction>
        <RunTime>PT52S</RunTime>
      </JourneyPatternTimingLink>
      <JourneyPatternTimingLink id="JPS_YHAU005-4_22200">
        <From>
          <StopPointRef>2290YHA00949</StopPointRef>
          <TimingStatus>OTH</TimingStatus>
        </From>
        <To>
          <StopPointRef>2290YHA00950</StopPointRef>
          <TimingStatus>OTH</TimingStatus>
        </To>
        <RouteLinkRef>YHAU005_005_22200</RouteLinkRef>
        <Direction>outbound</Direction>
        <RunTime>PT41S</RunTime>
      </JourneyPatternTimingLink>
      <JourneyPatternTimingLink id="JPS_YHAU005-4_22201">
        <From>
          <StopPointRef>2290YHA00950</StopPointRef>
          <TimingStatus>OTH</TimingStatus>
        </From>
        <To>
          <StopPointRef>2290YHA00829</StopPointRef>
          <TimingStatus>OTH</TimingStatus>
        </To>
        <RouteLinkRef>YHAU005_005_22201</RouteLinkRef>
        <Direction>outbound</Direction>
        <RunTime>PT81S</RunTime>
      </JourneyPatternTimingLink>
      <JourneyPatternTimingLink id="JPS_YHAU005-4_22202">
        <From>
          <StopPointRef>2290YHA00829</StopPointRef>
          <TimingStatus>OTH</TimingStatus>
        </From>
        <To>
          <StopPointRef>2290YHA00830</StopPointRef>
          <TimingStatus>OTH</TimingStatus>
        </To>
        <RouteLinkRef>YHAU005_005_22202</RouteLinkRef>
        <Direction>outbound</Direction>
        <RunTime>PT40S</RunTime>
      </JourneyPatternTimingLink>
      <JourneyPatternTimingLink id="JPS_YHAU005-4_22203">
        <From>
          <StopPointRef>2290YHA00830</StopPointRef>
          <TimingStatus>OTH</TimingStatus>
        </From>
        <To>
          <StopPointRef>2290YHA00831</StopPointRef>
          <TimingStatus>OTH</TimingStatus>
        </To>
        <RouteLinkRef>YHAU005_005_22203</RouteLinkRef>
        <Direction>outbound</Direction>
        <RunTime>PT56S</RunTime>
      </JourneyPatternTimingLink>
      <JourneyPatternTimingLink id="JPS_YHAU005-4_22204">
        <From>
          <StopPointRef>2290YHA00831</StopPointRef>
          <TimingStatus>OTH</TimingStatus>
        </From>
        <To>
          <StopPointRef>2290YHA00832</StopPointRef>
          <TimingStatus>OTH</TimingStatus>
        </To>
        <RouteLinkRef>YHAU005_005_22204</RouteLinkRef>
        <Direction>outbound</Direction>
        <RunTime>PT38S</RunTime>
      </JourneyPatternTimingLink>
      <JourneyPatternTimingLink id="JPS_YHAU005-4_22205">
        <From>
          <StopPointRef>2290YHA00832</StopPointRef>
          <TimingStatus>OTH</TimingStatus>
        </From>
        <To>
          <StopPointRef>2290YHA00319</StopPointRef>
          <TimingStatus>PTP</TimingStatus>
        </To>
        <RouteLinkRef>YHAU005_005_22205</RouteLinkRef>
        <Direction>outbound</Direction>
        <RunTime>PT58S</RunTime>
      </JourneyPatternTimingLink>
      <JourneyPatternTimingLink id="JPS_YHAU005-4_22206">
        <From>
          <StopPointRef>2290YHA00319</StopPointRef>
          <TimingStatus>PTP</TimingStatus>
        </From>
        <To>
          <StopPointRef>2290YHA00340</StopPointRef>
          <TimingStatus>OTH</TimingStatus>
        </To>
        <RouteLinkRef>YHAU005_005_22206</RouteLinkRef>
        <Direction>outbound</Direction>
        <RunTime>PT53S</RunTime>
      </JourneyPatternTimingLink>
      <JourneyPatternTimingLink id="JPS_YHAU005-4_22207">
        <From>
          <StopPointRef>2290YHA00340</StopPointRef>
          <TimingStatus>OTH</TimingStatus>
        </From>
        <To>
          <StopPointRef>2290YHA01646</StopPointRef>
          <TimingStatus>OTH</TimingStatus>
        </To>
        <RouteLinkRef>YHAU005_005_22207</RouteLinkRef>
        <Direction>outbound</Direction>
        <RunTime>PT54S</RunTime>
      </JourneyPatternTimingLink>
      <JourneyPatternTimingLink id="JPS_YHAU005-4_22208">
        <From>
          <StopPointRef>2290YHA01646</StopPointRef>
          <TimingStatus>OTH</TimingStatus>
        </From>
        <To>
          <StopPointRef>2290YHA01648</StopPointRef>
          <TimingStatus>OTH</TimingStatus>
        </To>
        <RouteLinkRef>YHAU005_005_22208</RouteLinkRef>
        <Direction>outbound</Direction>
        <RunTime>PT26S</RunTime>
      </JourneyPatternTimingLink>
      <JourneyPatternTimingLink id="JPS_YHAU005-4_22209">
        <From>
          <StopPointRef>2290YHA01648</StopPointRef>
          <TimingStatus>OTH</TimingStatus>
        </From>
        <To>
          <StopPointRef>2290YHA01600</StopPointRef>
          <TimingStatus>OTH</TimingStatus>
        </To>
        <RouteLinkRef>YHAU005_005_22209</RouteLinkRef>
        <Direction>outbound</Direction>
        <RunTime>PT31S</RunTime>
      </JourneyPatternTimingLink>
      <JourneyPatternTimingLink id="JPS_YHAU005-4_22210">
        <From>
          <StopPointRef>2290YHA01600</StopPointRef>
          <TimingStatus>OTH</TimingStatus>
        </From>
        <To>
          <StopPointRef>2290YHA00683</StopPointRef>
          <TimingStatus>OTH</TimingStatus>
        </To>
        <RouteLinkRef>YHAU005_005_22210</RouteLinkRef>
        <Direction>outbound</Direction>
        <RunTime>PT62S</RunTime>
      </JourneyPatternTimingLink>
      <JourneyPatternTimingLink id="JPS_YHAU005-4_22211">
        <From>
          <StopPointRef>2290YHA00683</StopPointRef>
          <TimingStatus>OTH</TimingStatus>
        </From>
        <To>
          <StopPointRef>2290YHA00505</StopPointRef>
          <TimingStatus>OTH</TimingStatus>
        </To>
        <RouteLinkRef>YHAU005_005_22211</RouteLinkRef>
        <Direction>outbound</Direction>
        <RunTime>PT51S</RunTime>
      </JourneyPatternTimingLink>
      <JourneyPatternTimingLink id="JPS_YHAU005-4_22212">
        <From>
          <StopPointRef>2290YHA00505</StopPointRef>
          <TimingStatus>OTH</TimingStatus>
        </From>
        <To>
          <StopPointRef>2290YHA00506</StopPointRef>
          <TimingStatus>PTP</TimingStatus>
        </To>
        <RouteLinkRef>YHAU005_005_22212</RouteLinkRef>
        <Direction>outbound</Direction>
        <RunTime>PT23S</RunTime>
      </JourneyPatternTimingLink>
      <JourneyPatternTimingLink id="JPS_YHAU005-4_22213">
        <From>
          <StopPointRef>2290YHA00506</StopPointRef>
          <TimingStatus>PTP</TimingStatus>
        </From>
        <To>
          <StopPointRef>2290YHA00507</StopPointRef>
          <TimingStatus>OTH</TimingStatus>
        </To>
        <RouteLinkRef>YHAU005_005_22213</RouteLinkRef>
        <Direction>outbound</Direction>
        <RunTime>PT56S</RunTime>
      </JourneyPatternTimingLink>
      <JourneyPatternTimingLink id="JPS_YHAU005-4_22214">
        <From>
          <StopPointRef>2290YHA00507</StopPointRef>
          <TimingStatus>OTH</TimingStatus>
        </From>
        <To>
          <StopPointRef>2290YHA00508</StopPointRef>
          <TimingStatus>OTH</TimingStatus>
        </To>
        <RouteLinkRef>YHAU005_005_22214</RouteLinkRef>
        <Direction>outbound</Direction>
        <RunTime>PT24S</RunTime>
      </JourneyPatternTimingLink>
      <JourneyPatternTimingLink id="JPS_YHAU005-4_22215">
        <From>
          <StopPointRef>2290YHA00508</StopPointRef>
          <TimingStatus>OTH</TimingStatus>
        </From>
        <To>
          <StopPointRef>2290YHA00509</StopPointRef>
          <TimingStatus>OTH</TimingStatus>
        </To>
        <RouteLinkRef>YHAU005_005_22215</RouteLinkRef>
        <Direction>outbound</Direction>
        <RunTime>PT32S</RunTime>
      </JourneyPatternTimingLink>
      <JourneyPatternTimingLink id="JPS_YHAU005-4_22216">
        <From>
          <StopPointRef>2290YHA00509</StopPointRef>
          <TimingStatus>OTH</TimingStatus>
        </From>
        <To>
          <StopPointRef>2290YHA00510</StopPointRef>
          <TimingStatus>OTH</TimingStatus>
        </To>
        <RouteLinkRef>YHAU005_005_22216</RouteLinkRef>
        <Direction>outbound</Direction>
        <RunTime>PT34S</RunTime>
      </JourneyPatternTimingLink>
      <JourneyPatternTimingLink id="JPS_YHAU005-4_22217">
        <From>
          <StopPointRef>2290YHA00510</StopPointRef>
          <TimingStatus>OTH</TimingStatus>
        </From>
        <To>
          <StopPointRef>2290YHA00511</StopPointRef>
          <TimingStatus>OTH</TimingStatus>
        </To>
        <RouteLinkRef>YHAU005_005_22217</RouteLinkRef>
        <Direction>outbound</Direction>
        <RunTime>PT68S</RunTime>
      </JourneyPatternTimingLink>
      <JourneyPatternTimingLink id="JPS_YHAU005-4_22218">
        <From>
          <StopPointRef>2290YHA00511</StopPointRef>
          <TimingStatus>OTH</TimingStatus>
        </From>
        <To>
          <StopPointRef>2290YHA00512</StopPointRef>
          <TimingStatus>OTH</TimingStatus>
        </To>
        <RouteLinkRef>YHAU005_005_22218</RouteLinkRef>
        <Direction>outbound</Direction>
        <RunTime>PT50S</RunTime>
      </JourneyPatternTimingLink>
      <JourneyPatternTimingLink id="JPS_YHAU005-4_22219">
        <From>
          <StopPointRef>2290YHA00512</StopPointRef>
          <TimingStatus>OTH</TimingStatus>
        </From>
        <To>
          <StopPointRef>2290YHA00513</StopPointRef>
          <TimingStatus>OTH</TimingStatus>
        </To>
        <RouteLinkRef>YHAU005_005_22219</RouteLinkRef>
        <Direction>outbound</Direction>
        <RunTime>PT65S</RunTime>
      </JourneyPatternTimingLink>
      <JourneyPatternTimingLink id="JPS_YHAU005-4_22220">
        <From>
          <StopPointRef>2290YHA00513</StopPointRef>
          <TimingStatus>OTH</TimingStatus>
        </From>
        <To>
          <StopPointRef>2290YHA00514</StopPointRef>
          <TimingStatus>OTH</TimingStatus>
        </To>
        <RouteLinkRef>YHAU005_005_22220</RouteLinkRef>
        <Direction>outbound</Direction>
        <RunTime>PT21S</RunTime>
      </JourneyPatternTimingLink>
      <JourneyPatternTimingLink id="JPS_YHAU005-4_22221">
        <From>
          <StopPointRef>2290YHA00514</StopPointRef>
          <TimingStatus>OTH</TimingStatus>
        </From>
        <To>
          <StopPointRef>2290YHA00130</StopPointRef>
          <TimingStatus>PTP</TimingStatus>
        </To>
        <RouteLinkRef>YHAU005_005_22221</RouteLinkRef>
        <Direction>outbound</Direction>
        <RunTime>PT70S</RunTime>
      </JourneyPatternTimingLink>
      <JourneyPatternTimingLink id="JPS_YHAU005-4_22222">
        <From>
          <StopPointRef>2290YHA00130</StopPointRef>
          <TimingStatus>PTP</TimingStatus>
        </From>
        <To>
          <StopPointRef>2290YHA00131</StopPointRef>
          <TimingStatus>OTH</TimingStatus>
        </To>
        <RouteLinkRef>YHAU005_005_22222</RouteLinkRef>
        <Direction>outbound</Direction>
        <RunTime>PT44S</RunTime>
      </JourneyPatternTimingLink>
      <JourneyPatternTimingLink id="JPS_YHAU005-4_22223">
        <From>
          <StopPointRef>2290YHA00131</StopPointRef>
          <TimingStatus>OTH</TimingStatus>
        </From>
        <To>
          <StopPointRef>2290YHA01283</StopPointRef>
          <TimingStatus>PTP</TimingStatus>
        </To>
        <RouteLinkRef>YHAU005_005_22223</RouteLinkRef>
        <Direction>outbound</Direction>
        <RunTime>PT196S</RunTime>
      </JourneyPatternTimingLink>
      <JourneyPatternTimingLink id="JPS_YHAU005-4_22224">
        <From>
          <StopPointRef>2290YHA01283</StopPointRef>
          <TimingStatus>PTP</TimingStatus>
        </From>
        <To>
          <StopPointRef>2290YHA01623</StopPointRef>
          <TimingStatus>OTH</TimingStatus>
        </To>
        <RouteLinkRef>YHAU005_005_22224</RouteLinkRef>
        <Direction>outbound</Direction>
        <RunTime>PT50S</RunTime>
      </JourneyPatternTimingLink>
      <JourneyPatternTimingLink id="JPS_YHAU005-4_22225">
        <From>
          <StopPointRef>2290YHA01623</StopPointRef>
          <TimingStatus>OTH</TimingStatus>
        </From>
        <To>
          <StopPointRef>2290YHA01597</StopPointRef>
          <TimingStatus>OTH</TimingStatus>
        </To>
        <RouteLinkRef>YHAU005_005_22225</RouteLinkRef>
        <Direction>outbound</Direction>
        <RunTime>PT28S</RunTime>
      </JourneyPatternTimingLink>
      <JourneyPatternTimingLink id="JPS_YHAU005-4_22226">
        <From>
          <StopPointRef>2290YHA01597</StopPointRef>
          <TimingStatus>OTH</TimingStatus>
        </From>
        <To>
          <StopPointRef>2290YHA01544</StopPointRef>
          <TimingStatus>OTH</TimingStatus>
        </To>
        <RouteLinkRef>YHAU005_005_22226</RouteLinkRef>
        <Direction>outbound</Direction>
        <RunTime>PT29S</RunTime>
      </JourneyPatternTimingLink>
      <JourneyPatternTimingLink id="JPS_YHAU005-4_22227">
        <From>
          <StopPointRef>2290YHA01544</StopPointRef>
          <TimingStatus>OTH</TimingStatus>
        </From>
        <To>
          <StopPointRef>2290YHA01543</StopPointRef>
          <TimingStatus>OTH</TimingStatus>
        </To>
        <RouteLinkRef>YHAU005_005_22227</RouteLinkRef>
        <Direction>outbound</Direction>
        <RunTime>PT35S</RunTime>
      </JourneyPatternTimingLink>
      <JourneyPatternTimingLink id="JPS_YHAU005-4_22228">
        <From>
          <StopPointRef>2290YHA01543</StopPointRef>
          <TimingStatus>OTH</TimingStatus>
        </From>
        <To>
          <StopPointRef>2290YHA01541</StopPointRef>
          <TimingStatus>OTH</TimingStatus>
        </To>
        <RouteLinkRef>YHAU005_005_22228</RouteLinkRef>
        <Direction>outbound</Direction>
        <RunTime>PT11S</RunTime>
      </JourneyPatternTimingLink>
      <JourneyPatternTimingLink id="JPS_YHAU005-4_22229">
        <From>
          <StopPointRef>2290YHA01541</StopPointRef>
          <TimingStatus>OTH</TimingStatus>
        </From>
        <To>
          <StopPointRef>2290YHA01499</StopPointRef>
          <TimingStatus>PTP</TimingStatus>
        </To>
        <RouteLinkRef>YHAU005_005_22229</RouteLinkRef>
        <Direction>outbound</Direction>
        <RunTime>PT27S</RunTime>
      </JourneyPatternTimingLink>
    </JourneyPatternSection>
  </JourneyPatternSections>
  <Operators>
    <Operator id="SCH">
      <NationalOperatorCode>CLTL</NationalOperatorCode>
      <OperatorCode>SCH</OperatorCode>
      <OperatorShortName>Stagecoach in Hull</OperatorShortName>
    </Operator>
    <Operator id="UNKWN">
      <OperatorCode>UNKWN</OperatorCode>
      <OperatorShortName>UNKWN</OperatorShortName>
    </Operator>
  </Operators>
  <Services>
    <Service>
      <ServiceCode>YHAU005</ServiceCode>
      <Lines>
        <Line id="0">
          <LineName>U5</LineName>
        </Line>
      </Lines>
      <OperatingPeriod>
        <StartDate>2017-09-04</StartDate>
      </OperatingPeriod>
      <RegisteredOperatorRef>SCH</RegisteredOperatorRef>
      <StopRequirements>
        <NoNewStopsRequired />
      </StopRequirements>
      <Mode>bus</Mode>
      <Description>Holy Trinity Church - Kingswood Retail Park</Description>
      <StandardService>
        <Origin>Holy Trinity Church</Origin>
        <Destination>Kingswood Retail Park</Destination>
        <JourneyPattern id="JPS_YHAU005-3">
          <Direction>inbound</Direction>
          <JourneyPatternSectionRefs>JPS_YHAU005-3</JourneyPatternSectionRefs>
        </JourneyPattern>
        <JourneyPattern id="JPS_YHAU005-4">
          <Direction>outbound</Direction>
          <JourneyPatternSectionRefs>JPS_YHAU005-4</JourneyPatternSectionRefs>
        </JourneyPattern>
      </StandardService>
    </Service>
  </Services>
  <VehicleJourneys>
    <VehicleJourney>
      <OperatorRef>SCH</OperatorRef>
      <OperatingProfile>
        <RegularDayType>
          <DaysOfWeek>
            <Monday />
            <Tuesday />
            <Wednesday />
            <Thursday />
            <Friday />
          </DaysOfWeek>
        </RegularDayType>
      </OperatingProfile>
      <VehicleJourneyCode>7367</VehicleJourneyCode>
      <ServiceRef>YHAU005</ServiceRef>
      <LineRef>0</LineRef>
      <JourneyPatternRef>JPS_YHAU005-3</JourneyPatternRef>
      <DepartureTime>18:15:00</DepartureTime>
    </VehicleJourney>
    <VehicleJourney>
      <OperatorRef>SCH</OperatorRef>
      <OperatingProfile>
        <RegularDayType>
          <DaysOfWeek>
            <Monday />
            <Tuesday />
            <Wednesday />
            <Thursday />
            <Friday />
          </DaysOfWeek>
        </RegularDayType>
      </OperatingProfile>
      <VehicleJourneyCode>7368</VehicleJourneyCode>
      <ServiceRef>YHAU005</ServiceRef>
      <LineRef>0</LineRef>
      <JourneyPatternRef>JPS_YHAU005-3</JourneyPatternRef>
      <DepartureTime>18:45:00</DepartureTime>
    </VehicleJourney>
    <VehicleJourney>
      <OperatorRef>SCH</OperatorRef>
      <OperatingProfile>
        <RegularDayType>
          <DaysOfWeek>
            <Monday />
            <Tuesday />
            <Wednesday />
            <Thursday />
            <Friday />
          </DaysOfWeek>
        </RegularDayType>
      </OperatingProfile>
      <VehicleJourneyCode>7369</VehicleJourneyCode>
      <ServiceRef>YHAU005</ServiceRef>
      <LineRef>0</LineRef>
      <JourneyPatternRef>JPS_YHAU005-3</JourneyPatternRef>
      <DepartureTime>19:15:00</DepartureTime>
    </VehicleJourney>
    <VehicleJourney>
      <OperatorRef>SCH</OperatorRef>
      <OperatingProfile>
        <RegularDayType>
          <DaysOfWeek>
            <Monday />
            <Tuesday />
            <Wednesday />
            <Thursday />
            <Friday />
          </DaysOfWeek>
        </RegularDayType>
      </OperatingProfile>
      <VehicleJourneyCode>7370</VehicleJourneyCode>
      <ServiceRef>YHAU005</ServiceRef>
      <LineRef>0</LineRef>
      <JourneyPatternRef>JPS_YHAU005-3</JourneyPatternRef>
      <DepartureTime>19:45:00</DepartureTime>
    </VehicleJourney>
    <VehicleJourney>
      <OperatorRef>SCH</OperatorRef>
      <OperatingProfile>
        <RegularDayType>
          <DaysOfWeek>
            <Monday />
            <Tuesday />
            <Wednesday />
            <Thursday />
            <Friday />
          </DaysOfWeek>
        </RegularDayType>
      </OperatingProfile>
      <VehicleJourneyCode>7371</VehicleJourneyCode>
      <ServiceRef>YHAU005</ServiceRef>
      <LineRef>0</LineRef>
      <JourneyPatternRef>JPS_YHAU005-3</JourneyPatternRef>
      <DepartureTime>20:15:00</DepartureTime>
    </VehicleJourney>
    <VehicleJourney>
      <OperatorRef>SCH</OperatorRef>
      <OperatingProfile>
        <RegularDayType>
          <DaysOfWeek>
            <Monday />
            <Tuesday />
            <Wednesday />
            <Thursday />
            <Friday />
          </DaysOfWeek>
        </RegularDayType>
      </OperatingProfile>
      <VehicleJourneyCode>7382</VehicleJourneyCode>
      <ServiceRef>YHAU005</ServiceRef>
      <LineRef>0</LineRef>
      <JourneyPatternRef>JPS_YHAU005-4</JourneyPatternRef>
      <DepartureTime>19:00:00</DepartureTime>
    </VehicleJourney>
    <VehicleJourney>
      <OperatorRef>SCH</OperatorRef>
      <OperatingProfile>
        <RegularDayType>
          <DaysOfWeek>
            <Monday />
            <Tuesday />
            <Wednesday />
            <Thursday />
            <Friday />
          </DaysOfWeek>
        </RegularDayType>
      </OperatingProfile>
      <VehicleJourneyCode>7383</VehicleJourneyCode>
      <ServiceRef>YHAU005</ServiceRef>
      <LineRef>0</LineRef>
      <JourneyPatternRef>JPS_YHAU005-4</JourneyPatternRef>
      <DepartureTime>19:30:00</DepartureTime>
    </VehicleJourney>
    <VehicleJourney>
      <OperatorRef>SCH</OperatorRef>
      <OperatingProfile>
        <RegularDayType>
          <DaysOfWeek>
            <Monday />
            <Tuesday />
            <Wednesday />
            <Thursday />
            <Friday />
          </DaysOfWeek>
        </RegularDayType>
      </OperatingProfile>
      <VehicleJourneyCode>7384</VehicleJourneyCode>
      <ServiceRef>YHAU005</ServiceRef>
      <LineRef>0</LineRef>
      <JourneyPatternRef>JPS_YHAU005-4</JourneyPatternRef>
      <DepartureTime>20:00:00</DepartureTime>
    </VehicleJourney>
    <VehicleJourney>
      <OperatorRef>SCH</OperatorRef>
      <OperatingProfile>
        <RegularDayType>
          <DaysOfWeek>
            <Monday />
            <Tuesday />
            <Wednesday />
            <Thursday />
            <Friday />
          </DaysOfWeek>
        </RegularDayType>
      </OperatingProfile>
      <VehicleJourneyCode>7385</VehicleJourneyCode>
      <ServiceRef>YHAU005</ServiceRef>
      <LineRef>0</LineRef>
      <JourneyPatternRef>JPS_YHAU005-4</JourneyPatternRef>
      <DepartureTime>20:30:00</DepartureTime>
    </VehicleJourney>
    <VehicleJourney>
      <OperatorRef>SCH</OperatorRef>
      <OperatingProfile>
        <RegularDayType>
          <DaysOfWeek>
            <Saturday />
          </DaysOfWeek>
        </RegularDayType>
      </OperatingProfile>
      <VehicleJourneyCode>7372</VehicleJourneyCode>
      <ServiceRef>YHAU005</ServiceRef>
      <LineRef>0</LineRef>
      <JourneyPatternRef>JPS_YHAU005-3</JourneyPatternRef>
      <DepartureTime>18:15:00</DepartureTime>
    </VehicleJourney>
    <VehicleJourney>
      <OperatorRef>SCH</OperatorRef>
      <OperatingProfile>
        <RegularDayType>
          <DaysOfWeek>
            <Saturday />
          </DaysOfWeek>
        </RegularDayType>
      </OperatingProfile>
      <VehicleJourneyCode>7373</VehicleJourneyCode>
      <ServiceRef>YHAU005</ServiceRef>
      <LineRef>0</LineRef>
      <JourneyPatternRef>JPS_YHAU005-3</JourneyPatternRef>
      <DepartureTime>18:45:00</DepartureTime>
    </VehicleJourney>
    <VehicleJourney>
      <OperatorRef>SCH</OperatorRef>
      <OperatingProfile>
        <RegularDayType>
          <DaysOfWeek>
            <Saturday />
          </DaysOfWeek>
        </RegularDayType>
      </OperatingProfile>
      <VehicleJourneyCode>7374</VehicleJourneyCode>
      <ServiceRef>YHAU005</ServiceRef>
      <LineRef>0</LineRef>
      <JourneyPatternRef>JPS_YHAU005-3</JourneyPatternRef>
      <DepartureTime>19:15:00</DepartureTime>
    </VehicleJourney>
    <VehicleJourney>
      <OperatorRef>SCH</OperatorRef>
      <OperatingProfile>
        <RegularDayType>
          <DaysOfWeek>
            <Saturday />
          </DaysOfWeek>
        </RegularDayType>
      </OperatingProfile>
      <VehicleJourneyCode>7375</VehicleJourneyCode>
      <ServiceRef>YHAU005</ServiceRef>
      <LineRef>0</LineRef>
      <JourneyPatternRef>JPS_YHAU005-3</JourneyPatternRef>
      <DepartureTime>19:45:00</DepartureTime>
    </VehicleJourney>
    <VehicleJourney>
      <OperatorRef>SCH</OperatorRef>
      <OperatingProfile>
        <RegularDayType>
          <DaysOfWeek>
            <Saturday />
          </DaysOfWeek>
        </RegularDayType>
      </OperatingProfile>
      <VehicleJourneyCode>7376</VehicleJourneyCode>
      <ServiceRef>YHAU005</ServiceRef>
      <LineRef>0</LineRef>
      <JourneyPatternRef>JPS_YHAU005-3</JourneyPatternRef>
      <DepartureTime>20:15:00</DepartureTime>
    </VehicleJourney>
    <VehicleJourney>
      <OperatorRef>SCH</OperatorRef>
      <OperatingProfile>
        <RegularDayType>
          <DaysOfWeek>
            <Saturday />
          </DaysOfWeek>
        </RegularDayType>
      </OperatingProfile>
      <VehicleJourneyCode>7377</VehicleJourneyCode>
      <ServiceRef>YHAU005</ServiceRef>
      <LineRef>0</LineRef>
      <JourneyPatternRef>JPS_YHAU005-3</JourneyPatternRef>
      <DepartureTime>20:45:00</DepartureTime>
    </VehicleJourney>
    <VehicleJourney>
      <OperatorRef>SCH</OperatorRef>
      <OperatingProfile>
        <RegularDayType>
          <DaysOfWeek>
            <Saturday />
          </DaysOfWeek>
        </RegularDayType>
      </OperatingProfile>
      <VehicleJourneyCode>7378</VehicleJourneyCode>
      <ServiceRef>YHAU005</ServiceRef>
      <LineRef>0</LineRef>
      <JourneyPatternRef>JPS_YHAU005-3</JourneyPatternRef>
      <DepartureTime>21:15:00</DepartureTime>
    </VehicleJourney>
    <VehicleJourney>
      <OperatorRef>SCH</OperatorRef>
      <OperatingProfile>
        <RegularDayType>
          <DaysOfWeek>
            <Saturday />
          </DaysOfWeek>
        </RegularDayType>
      </OperatingProfile>
      <VehicleJourneyCode>7379</VehicleJourneyCode>
      <ServiceRef>YHAU005</ServiceRef>
      <LineRef>0</LineRef>
      <JourneyPatternRef>JPS_YHAU005-3</JourneyPatternRef>
      <DepartureTime>21:45:00</DepartureTime>
    </VehicleJourney>
    <VehicleJourney>
      <OperatorRef>SCH</OperatorRef>
      <OperatingProfile>
        <RegularDayType>
          <DaysOfWeek>
            <Saturday />
          </DaysOfWeek>
        </RegularDayType>
      </OperatingProfile>
      <VehicleJourneyCode>7380</VehicleJourneyCode>
      <ServiceRef>YHAU005</ServiceRef>
      <LineRef>0</LineRef>
      <JourneyPatternRef>JPS_YHAU005-3</JourneyPatternRef>
      <DepartureTime>22:15:00</DepartureTime>
    </VehicleJourney>
    <VehicleJourney>
      <OperatorRef>SCH</OperatorRef>
      <OperatingProfile>
        <RegularDayType>
          <DaysOfWeek>
            <Saturday />
          </DaysOfWeek>
        </RegularDayType>
      </OperatingProfile>
      <VehicleJourneyCode>7381</VehicleJourneyCode>
      <ServiceRef>YHAU005</ServiceRef>
      <LineRef>0</LineRef>
      <JourneyPatternRef>JPS_YHAU005-3</JourneyPatternRef>
      <DepartureTime>22:45:00</DepartureTime>
    </VehicleJourney>
    <VehicleJourney>
      <OperatorRef>SCH</OperatorRef>
      <OperatingProfile>
        <RegularDayType>
          <DaysOfWeek>
            <Saturday />
          </DaysOfWeek>
        </RegularDayType>
      </OperatingProfile>
      <VehicleJourneyCode>7386</VehicleJourneyCode>
      <ServiceRef>YHAU005</ServiceRef>
      <LineRef>0</LineRef>
      <JourneyPatternRef>JPS_YHAU005-4</JourneyPatternRef>
      <DepartureTime>19:00:00</DepartureTime>
    </VehicleJourney>
    <VehicleJourney>
      <OperatorRef>SCH</OperatorRef>
      <OperatingProfile>
        <RegularDayType>
          <DaysOfWeek>
            <Saturday />
          </DaysOfWeek>
        </RegularDayType>
      </OperatingProfile>
      <VehicleJourneyCode>7387</VehicleJourneyCode>
      <ServiceRef>YHAU005</ServiceRef>
      <LineRef>0</LineRef>
      <JourneyPatternRef>JPS_YHAU005-4</JourneyPatternRef>
      <DepartureTime>19:30:00</DepartureTime>
    </VehicleJourney>
    <VehicleJourney>
      <OperatorRef>SCH</OperatorRef>
      <OperatingProfile>
        <RegularDayType>
          <DaysOfWeek>
            <Saturday />
          </DaysOfWeek>
        </RegularDayType>
      </OperatingProfile>
      <VehicleJourneyCode>7388</VehicleJourneyCode>
      <ServiceRef>YHAU005</ServiceRef>
      <LineRef>0</LineRef>
      <JourneyPatternRef>JPS_YHAU005-4</JourneyPatternRef>
      <DepartureTime>20:00:00</DepartureTime>
    </VehicleJourney>
    <VehicleJourney>
      <OperatorRef>SCH</OperatorRef>
      <OperatingProfile>
        <RegularDayType>
          <DaysOfWeek>
            <Saturday />
          </DaysOfWeek>
        </RegularDayType>
      </OperatingProfile>
      <VehicleJourneyCode>7389</VehicleJourneyCode>
      <ServiceRef>YHAU005</ServiceRef>
      <LineRef>0</LineRef>
      <JourneyPatternRef>JPS_YHAU005-4</JourneyPatternRef>
      <DepartureTime>20:30:00</DepartureTime>
    </VehicleJourney>
    <VehicleJourney>
      <OperatorRef>SCH</OperatorRef>
      <OperatingProfile>
        <RegularDayType>
          <DaysOfWeek>
            <Saturday />
          </DaysOfWeek>
        </RegularDayType>
      </OperatingProfile>
      <VehicleJourneyCode>7390</VehicleJourneyCode>
      <ServiceRef>YHAU005</ServiceRef>
      <LineRef>0</LineRef>
      <JourneyPatternRef>JPS_YHAU005-4</JourneyPatternRef>
      <DepartureTime>21:00:00</DepartureTime>
    </VehicleJourney>
    <VehicleJourney>
      <OperatorRef>SCH</OperatorRef>
      <OperatingProfile>
        <RegularDayType>
          <DaysOfWeek>
            <Saturday />
          </DaysOfWeek>
        </RegularDayType>
      </OperatingProfile>
      <VehicleJourneyCode>7391</VehicleJourneyCode>
      <ServiceRef>YHAU005</ServiceRef>
      <LineRef>0</LineRef>
      <JourneyPatternRef>JPS_YHAU005-4</JourneyPatternRef>
      <DepartureTime>21:30:00</DepartureTime>
    </VehicleJourney>
    <VehicleJourney>
      <OperatorRef>SCH</OperatorRef>
      <OperatingProfile>
        <RegularDayType>
          <DaysOfWeek>
            <Saturday />
          </DaysOfWeek>
        </RegularDayType>
      </OperatingProfile>
      <VehicleJourneyCode>7392</VehicleJourneyCode>
      <ServiceRef>YHAU005</ServiceRef>
      <LineRef>0</LineRef>
      <JourneyPatternRef>JPS_YHAU005-4</JourneyPatternRef>
      <DepartureTime>22:00:00</DepartureTime>
    </VehicleJourney>
    <VehicleJourney>
      <OperatorRef>SCH</OperatorRef>
      <OperatingProfile>
        <RegularDayType>
          <DaysOfWeek>
            <Saturday />
          </DaysOfWeek>
        </RegularDayType>
      </OperatingProfile>
      <VehicleJourneyCode>7393</VehicleJourneyCode>
      <ServiceRef>YHAU005</ServiceRef>
      <LineRef>0</LineRef>
      <JourneyPatternRef>JPS_YHAU005-4</JourneyPatternRef>
      <DepartureTime>22:30:00</DepartureTime>
    </VehicleJourney>
    <VehicleJourney>
      <OperatorRef>SCH</OperatorRef>
      <OperatingProfile>
        <RegularDayType>
          <DaysOfWeek>
            <Saturday />
          </DaysOfWeek>
        </RegularDayType>
      </OperatingProfile>
      <VehicleJourneyCode>7394</VehicleJourneyCode>
      <ServiceRef>YHAU005</ServiceRef>
      <LineRef>0</LineRef>
      <JourneyPatternRef>JPS_YHAU005-4</JourneyPatternRef>
      <DepartureTime>23:00:00</DepartureTime>
    </VehicleJourney>
  </VehicleJourneys>
</TransXChange>