<?xml version="1.0" encoding="utf-8"?>
<TransXChange xmlns:xsd="http://www.w3.org/2001/XMLSchema" xmlns:xsi="http://www.w3.org/2001/XMLSchema-instance" xsi:schemaLocation="http://www.transxchange.org.uk/ http://www.transxchange.org.uk/schema/2.1/TransXChange_general.xsd" CreationDateTime="2017-09-18T09:34:00-00:00" ModificationDateTime="2017-09-18T09:34:00-00:00" Modification="new" RevisionNumber="0" FileName="SVRYECO045.xml" SchemaVersion="2.1" RegistrationDocument="false" xmlns="http://www.transxchange.org.uk/">
  <StopPoints>
    <AnnotatedStopPointRef>
      <StopPointRef>2200YEA00036</StopPointRef>
      <CommonName>Pocklington Eyms Depot</CommonName>
    </AnnotatedStopPointRef>
    <AnnotatedStopPointRef>
      <StopPointRef>2200YEA01494</StopPointRef>
      <CommonName>Pocklington The Balk</CommonName>
    </AnnotatedStopPointRef>
    <AnnotatedStopPointRef>
      <StopPointRef>2200YEA00518</StopPointRef>
      <CommonName>Hayton A1079</CommonName>
    </AnnotatedStopPointRef>
    <AnnotatedStopPointRef>
      <StopPointRef>2200YEA00519</StopPointRef>
      <CommonName>Shiptonthorpe A1079</CommonName>
    </AnnotatedStopPointRef>
    <AnnotatedStopPointRef>
      <StopPointRef>2200YEA01652</StopPointRef>
      <CommonName>Market Weighton York Rd</CommonName>
    </AnnotatedStopPointRef>
    <AnnotatedStopPointRef>
      <StopPointRef>2200YEA01044</StopPointRef>
      <CommonName>Market Weighton York Rd</CommonName>
    </AnnotatedStopPointRef>
    <AnnotatedStopPointRef>
      <StopPointRef>2200YEA00039</StopPointRef>
      <CommonName>Market Weighton Market Pl</CommonName>
    </AnnotatedStopPointRef>
    <AnnotatedStopPointRef>
      <StopPointRef>2200YEA01007</StopPointRef>
      <CommonName>Middleton Front Street</CommonName>
    </AnnotatedStopPointRef>
    <AnnotatedStopPointRef>
      <StopPointRef>2200YEA01003</StopPointRef>
      <CommonName>Bainton South Lane</CommonName>
    </AnnotatedStopPointRef>
    <AnnotatedStopPointRef>
      <StopPointRef>2200YEA00999</StopPointRef>
      <CommonName>Driffield A614</CommonName>
    </AnnotatedStopPointRef>
    <AnnotatedStopPointRef>
      <StopPointRef>2200YEA01637</StopPointRef>
      <CommonName>Driffield Beverley Road</CommonName>
    </AnnotatedStopPointRef>
    <AnnotatedStopPointRef>
      <StopPointRef>2200YEA00385</StopPointRef>
      <CommonName>Driffield Beverley Road</CommonName>
    </AnnotatedStopPointRef>
    <AnnotatedStopPointRef>
      <StopPointRef>2200YEA00030</StopPointRef>
      <CommonName>Driffield Middle St South</CommonName>
    </AnnotatedStopPointRef>
    <AnnotatedStopPointRef>
      <StopPointRef>2200YEA01418</StopPointRef>
      <CommonName>North Dalton Station Lane</CommonName>
    </AnnotatedStopPointRef>
    <AnnotatedStopPointRef>
      <StopPointRef>2200YEA01005</StopPointRef>
      <CommonName>North Dalton Main Street</CommonName>
    </AnnotatedStopPointRef>
    <AnnotatedStopPointRef>
      <StopPointRef>2200YEA01004</StopPointRef>
      <CommonName>North Dalton Main Street</CommonName>
    </AnnotatedStopPointRef>
    <AnnotatedStopPointRef>
      <StopPointRef>2200YEA01655</StopPointRef>
      <CommonName>Pocklington Chapmangate</CommonName>
    </AnnotatedStopPointRef>
    <AnnotatedStopPointRef>
      <StopPointRef>2200YEA01654</StopPointRef>
      <CommonName>Pocklington London Street</CommonName>
    </AnnotatedStopPointRef>
    <AnnotatedStopPointRef>
      <StopPointRef>2200YEA01039</StopPointRef>
      <CommonName>Pocklington Kilnwick Road</CommonName>
    </AnnotatedStopPointRef>
    <AnnotatedStopPointRef>
      <StopPointRef>2200YEA11725</StopPointRef>
      <CommonName>Warter Pond</CommonName>
    </AnnotatedStopPointRef>
    <AnnotatedStopPointRef>
      <StopPointRef>2200YEA00029</StopPointRef>
      <CommonName>Driffield Middle Street South</CommonName>
    </AnnotatedStopPointRef>
    <AnnotatedStopPointRef>
      <StopPointRef>2200YEA00386</StopPointRef>
      <CommonName>Driffield Beverley Road</CommonName>
    </AnnotatedStopPointRef>
    <AnnotatedStopPointRef>
      <StopPointRef>2200YEA00387</StopPointRef>
      <CommonName>Driffield Beverley Road</CommonName>
    </AnnotatedStopPointRef>
    <AnnotatedStopPointRef>
      <StopPointRef>2200YEA00998</StopPointRef>
      <CommonName>Driffield A614</CommonName>
    </AnnotatedStopPointRef>
    <AnnotatedStopPointRef>
      <StopPointRef>2200YEA01006</StopPointRef>
      <CommonName>North Dalton Main Street</CommonName>
    </AnnotatedStopPointRef>
    <AnnotatedStopPointRef>
      <StopPointRef>2200YEA11667</StopPointRef>
      <CommonName>North Dalton Station Road</CommonName>
    </AnnotatedStopPointRef>
    <AnnotatedStopPointRef>
      <StopPointRef>2200YEA00038</StopPointRef>
      <CommonName>Market Weighton York Rd</CommonName>
    </AnnotatedStopPointRef>
    <AnnotatedStopPointRef>
      <StopPointRef>2200YEA01452</StopPointRef>
      <CommonName>Market Weighton York Road</CommonName>
    </AnnotatedStopPointRef>
    <AnnotatedStopPointRef>
      <StopPointRef>2200YEA01651</StopPointRef>
      <CommonName>Market Weighton York Rd</CommonName>
    </AnnotatedStopPointRef>
    <AnnotatedStopPointRef>
      <StopPointRef>2200YEA00520</StopPointRef>
      <CommonName>Shiptonthorpe A1079</CommonName>
    </AnnotatedStopPointRef>
    <AnnotatedStopPointRef>
      <StopPointRef>2200YEA00517</StopPointRef>
      <CommonName>Hayton A1079</CommonName>
    </AnnotatedStopPointRef>
    <AnnotatedStopPointRef>
      <StopPointRef>2200YEA01493</StopPointRef>
      <CommonName>Pocklington The Balk</CommonName>
    </AnnotatedStopPointRef>
    <AnnotatedStopPointRef>
      <StopPointRef>2200YEA00037</StopPointRef>
      <CommonName>Pocklington Opp EYMS</CommonName>
    </AnnotatedStopPointRef>
    <AnnotatedStopPointRef>
      <StopPointRef>2200YEA01569</StopPointRef>
      <CommonName>Bainton Main Street</CommonName>
    </AnnotatedStopPointRef>
    <AnnotatedStopPointRef>
      <StopPointRef>2200YEA11726</StopPointRef>
      <CommonName>Warter Pond</CommonName>
    </AnnotatedStopPointRef>
    <AnnotatedStopPointRef>
      <StopPointRef>2200YEA01036</StopPointRef>
      <CommonName>Warter B1246</CommonName>
    </AnnotatedStopPointRef>
    <AnnotatedStopPointRef>
      <StopPointRef>2200YEA01037</StopPointRef>
      <CommonName>Kilnwick House</CommonName>
    </AnnotatedStopPointRef>
    <AnnotatedStopPointRef>
      <StopPointRef>2200YEA01038</StopPointRef>
      <CommonName>Pocklington Kilnwick Road</CommonName>
    </AnnotatedStopPointRef>
    <AnnotatedStopPointRef>
      <StopPointRef>2200YEA11693</StopPointRef>
      <CommonName>Pocklington London Street</CommonName>
    </AnnotatedStopPointRef>
    <AnnotatedStopPointRef>
      <StopPointRef>2200YEA00516</StopPointRef>
      <CommonName>Pocklington Chapmangate</CommonName>
    </AnnotatedStopPointRef>
  </StopPoints>
  <RouteSections>
    <RouteSection id="YECO045_007">
      <RouteLink id="YECO045_007_9972">
        <From>
          <StopPointRef>2200YEA00036</StopPointRef>
        </From>
        <To>
          <StopPointRef>2200YEA01494</StopPointRef>
        </To>
        <Direction>inbound</Direction>
      </RouteLink>
      <RouteLink id="YECO045_007_9973">
        <From>
          <StopPointRef>2200YEA01494</StopPointRef>
        </From>
        <To>
          <StopPointRef>2200YEA00518</StopPointRef>
        </To>
        <Direction>inbound</Direction>
      </RouteLink>
      <RouteLink id="YECO045_007_9974">
        <From>
          <StopPointRef>2200YEA00518</StopPointRef>
        </From>
        <To>
          <StopPointRef>2200YEA00519</StopPointRef>
        </To>
        <Direction>inbound</Direction>
      </RouteLink>
      <RouteLink id="YECO045_007_9975">
        <From>
          <StopPointRef>2200YEA00519</StopPointRef>
        </From>
        <To>
          <StopPointRef>2200YEA01652</StopPointRef>
        </To>
        <Direction>inbound</Direction>
      </RouteLink>
      <RouteLink id="YECO045_007_9976">
        <From>
          <StopPointRef>2200YEA01652</StopPointRef>
        </From>
        <To>
          <StopPointRef>2200YEA01044</StopPointRef>
        </To>
        <Direction>inbound</Direction>
      </RouteLink>
      <RouteLink id="YECO045_007_9977">
        <From>
          <StopPointRef>2200YEA01044</StopPointRef>
        </From>
        <To>
          <StopPointRef>2200YEA00039</StopPointRef>
        </To>
        <Direction>inbound</Direction>
      </RouteLink>
      <RouteLink id="YECO045_007_9978">
        <From>
          <StopPointRef>2200YEA00039</StopPointRef>
        </From>
        <To>
          <StopPointRef>2200YEA01007</StopPointRef>
        </To>
        <Direction>inbound</Direction>
      </RouteLink>
      <RouteLink id="YECO045_007_9979">
        <From>
          <StopPointRef>2200YEA01007</StopPointRef>
        </From>
        <To>
          <StopPointRef>2200YEA01003</StopPointRef>
        </To>
        <Direction>inbound</Direction>
      </RouteLink>
      <RouteLink id="YECO045_007_9980">
        <From>
          <StopPointRef>2200YEA01003</StopPointRef>
        </From>
        <To>
          <StopPointRef>2200YEA00999</StopPointRef>
        </To>
        <Direction>inbound</Direction>
      </RouteLink>
      <RouteLink id="YECO045_007_9981">
        <From>
          <StopPointRef>2200YEA00999</StopPointRef>
        </From>
        <To>
          <StopPointRef>2200YEA01637</StopPointRef>
        </To>
        <Direction>inbound</Direction>
      </RouteLink>
      <RouteLink id="YECO045_007_9982">
        <From>
          <StopPointRef>2200YEA01637</StopPointRef>
        </From>
        <To>
          <StopPointRef>2200YEA00385</StopPointRef>
        </To>
        <Direction>inbound</Direction>
      </RouteLink>
      <RouteLink id="YECO045_007_9983">
        <From>
          <StopPointRef>2200YEA00385</StopPointRef>
        </From>
        <To>
          <StopPointRef>2200YEA00030</StopPointRef>
        </To>
        <Direction>inbound</Direction>
      </RouteLink>
    </RouteSection>
    <RouteSection id="YECO045_008">
      <RouteLink id="YECO045_008_9985">
        <From>
          <StopPointRef>2200YEA00036</StopPointRef>
        </From>
        <To>
          <StopPointRef>2200YEA01494</StopPointRef>
        </To>
        <Direction>inbound</Direction>
      </RouteLink>
      <RouteLink id="YECO045_008_9986">
        <From>
          <StopPointRef>2200YEA01494</StopPointRef>
        </From>
        <To>
          <StopPointRef>2200YEA00518</StopPointRef>
        </To>
        <Direction>inbound</Direction>
      </RouteLink>
      <RouteLink id="YECO045_008_9987">
        <From>
          <StopPointRef>2200YEA00518</StopPointRef>
        </From>
        <To>
          <StopPointRef>2200YEA00519</StopPointRef>
        </To>
        <Direction>inbound</Direction>
      </RouteLink>
      <RouteLink id="YECO045_008_9988">
        <From>
          <StopPointRef>2200YEA00519</StopPointRef>
        </From>
        <To>
          <StopPointRef>2200YEA01652</StopPointRef>
        </To>
        <Direction>inbound</Direction>
      </RouteLink>
      <RouteLink id="YECO045_008_9989">
        <From>
          <StopPointRef>2200YEA01652</StopPointRef>
        </From>
        <To>
          <StopPointRef>2200YEA01044</StopPointRef>
        </To>
        <Direction>inbound</Direction>
      </RouteLink>
      <RouteLink id="YECO045_008_9990">
        <From>
          <StopPointRef>2200YEA01044</StopPointRef>
        </From>
        <To>
          <StopPointRef>2200YEA00039</StopPointRef>
        </To>
        <Direction>inbound</Direction>
      </RouteLink>
      <RouteLink id="YECO045_008_9991">
        <From>
          <StopPointRef>2200YEA00039</StopPointRef>
        </From>
        <To>
          <StopPointRef>2200YEA01007</StopPointRef>
        </To>
        <Direction>inbound</Direction>
      </RouteLink>
      <RouteLink id="YECO045_008_9992">
        <From>
          <StopPointRef>2200YEA01007</StopPointRef>
        </From>
        <To>
          <StopPointRef>2200YEA01418</StopPointRef>
        </To>
        <Direction>inbound</Direction>
      </RouteLink>
      <RouteLink id="YECO045_008_9993">
        <From>
          <StopPointRef>2200YEA01418</StopPointRef>
        </From>
        <To>
          <StopPointRef>2200YEA01005</StopPointRef>
        </To>
        <Direction>inbound</Direction>
      </RouteLink>
      <RouteLink id="YECO045_008_9994">
        <From>
          <StopPointRef>2200YEA01005</StopPointRef>
        </From>
        <To>
          <StopPointRef>2200YEA01004</StopPointRef>
        </To>
        <Direction>inbound</Direction>
      </RouteLink>
      <RouteLink id="YECO045_008_9995">
        <From>
          <StopPointRef>2200YEA01004</StopPointRef>
        </From>
        <To>
          <StopPointRef>2200YEA00999</StopPointRef>
        </To>
        <Direction>inbound</Direction>
      </RouteLink>
      <RouteLink id="YECO045_008_9996">
        <From>
          <StopPointRef>2200YEA00999</StopPointRef>
        </From>
        <To>
          <StopPointRef>2200YEA01637</StopPointRef>
        </To>
        <Direction>inbound</Direction>
      </RouteLink>
      <RouteLink id="YECO045_008_9997">
        <From>
          <StopPointRef>2200YEA01637</StopPointRef>
        </From>
        <To>
          <StopPointRef>2200YEA00385</StopPointRef>
        </To>
        <Direction>inbound</Direction>
      </RouteLink>
      <RouteLink id="YECO045_008_9998">
        <From>
          <StopPointRef>2200YEA00385</StopPointRef>
        </From>
        <To>
          <StopPointRef>2200YEA00030</StopPointRef>
        </To>
        <Direction>inbound</Direction>
      </RouteLink>
    </RouteSection>
    <RouteSection id="YECO045_009">
      <RouteLink id="YECO045_009_10032">
        <From>
          <StopPointRef>2200YEA00029</StopPointRef>
        </From>
        <To>
          <StopPointRef>2200YEA00386</StopPointRef>
        </To>
        <Direction>outbound</Direction>
      </RouteLink>
      <RouteLink id="YECO045_009_10033">
        <From>
          <StopPointRef>2200YEA00386</StopPointRef>
        </From>
        <To>
          <StopPointRef>2200YEA00387</StopPointRef>
        </To>
        <Direction>outbound</Direction>
      </RouteLink>
      <RouteLink id="YECO045_009_10034">
        <From>
          <StopPointRef>2200YEA00387</StopPointRef>
        </From>
        <To>
          <StopPointRef>2200YEA00998</StopPointRef>
        </To>
        <Direction>outbound</Direction>
      </RouteLink>
      <RouteLink id="YECO045_009_10035">
        <From>
          <StopPointRef>2200YEA00998</StopPointRef>
        </From>
        <To>
          <StopPointRef>2200YEA01006</StopPointRef>
        </To>
        <Direction>outbound</Direction>
      </RouteLink>
      <RouteLink id="YECO045_009_10036">
        <From>
          <StopPointRef>2200YEA01006</StopPointRef>
        </From>
        <To>
          <StopPointRef>2200YEA11667</StopPointRef>
        </To>
        <Direction>outbound</Direction>
      </RouteLink>
      <RouteLink id="YECO045_009_10037">
        <From>
          <StopPointRef>2200YEA11667</StopPointRef>
        </From>
        <To>
          <StopPointRef>2200YEA01007</StopPointRef>
        </To>
        <Direction>outbound</Direction>
      </RouteLink>
      <RouteLink id="YECO045_009_10038">
        <From>
          <StopPointRef>2200YEA01007</StopPointRef>
        </From>
        <To>
          <StopPointRef>2200YEA00038</StopPointRef>
        </To>
        <Direction>outbound</Direction>
      </RouteLink>
      <RouteLink id="YECO045_009_10039">
        <From>
          <StopPointRef>2200YEA00038</StopPointRef>
        </From>
        <To>
          <StopPointRef>2200YEA01452</StopPointRef>
        </To>
        <Direction>outbound</Direction>
      </RouteLink>
      <RouteLink id="YECO045_009_10040">
        <From>
          <StopPointRef>2200YEA01452</StopPointRef>
        </From>
        <To>
          <StopPointRef>2200YEA01651</StopPointRef>
        </To>
        <Direction>outbound</Direction>
      </RouteLink>
      <RouteLink id="YECO045_009_10041">
        <From>
          <StopPointRef>2200YEA01651</StopPointRef>
        </From>
        <To>
          <StopPointRef>2200YEA00520</StopPointRef>
        </To>
        <Direction>outbound</Direction>
      </RouteLink>
      <RouteLink id="YECO045_009_10042">
        <From>
          <StopPointRef>2200YEA00520</StopPointRef>
        </From>
        <To>
          <StopPointRef>2200YEA00517</StopPointRef>
        </To>
        <Direction>outbound</Direction>
      </RouteLink>
      <RouteLink id="YECO045_009_10043">
        <From>
          <StopPointRef>2200YEA00517</StopPointRef>
        </From>
        <To>
          <StopPointRef>2200YEA01493</StopPointRef>
        </To>
        <Direction>outbound</Direction>
      </RouteLink>
      <RouteLink id="YECO045_009_10044">
        <From>
          <StopPointRef>2200YEA01493</StopPointRef>
        </From>
        <To>
          <StopPointRef>2200YEA00037</StopPointRef>
        </To>
        <Direction>outbound</Direction>
      </RouteLink>
    </RouteSection>
    <RouteSection id="YECO045_010">
      <RouteLink id="YECO045_010_10046">
        <From>
          <StopPointRef>2200YEA00029</StopPointRef>
        </From>
        <To>
          <StopPointRef>2200YEA00386</StopPointRef>
        </To>
        <Direction>outbound</Direction>
      </RouteLink>
      <RouteLink id="YECO045_010_10047">
        <From>
          <StopPointRef>2200YEA00386</StopPointRef>
        </From>
        <To>
          <StopPointRef>2200YEA00387</StopPointRef>
        </To>
        <Direction>outbound</Direction>
      </RouteLink>
      <RouteLink id="YECO045_010_10048">
        <From>
          <StopPointRef>2200YEA00387</StopPointRef>
        </From>
        <To>
          <StopPointRef>2200YEA00998</StopPointRef>
        </To>
        <Direction>outbound</Direction>
      </RouteLink>
      <RouteLink id="YECO045_010_10049">
        <From>
          <StopPointRef>2200YEA00998</StopPointRef>
        </From>
        <To>
          <StopPointRef>2200YEA01569</StopPointRef>
        </To>
        <Direction>outbound</Direction>
      </RouteLink>
      <RouteLink id="YECO045_010_10050">
        <From>
          <StopPointRef>2200YEA01569</StopPointRef>
        </From>
        <To>
          <StopPointRef>2200YEA01007</StopPointRef>
        </To>
        <Direction>outbound</Direction>
      </RouteLink>
      <RouteLink id="YECO045_010_10051">
        <From>
          <StopPointRef>2200YEA01007</StopPointRef>
        </From>
        <To>
          <StopPointRef>2200YEA00038</StopPointRef>
        </To>
        <Direction>outbound</Direction>
      </RouteLink>
      <RouteLink id="YECO045_010_10052">
        <From>
          <StopPointRef>2200YEA00038</StopPointRef>
        </From>
        <To>
          <StopPointRef>2200YEA01452</StopPointRef>
        </To>
        <Direction>outbound</Direction>
      </RouteLink>
      <RouteLink id="YECO045_010_10053">
        <From>
          <StopPointRef>2200YEA01452</StopPointRef>
        </From>
        <To>
          <StopPointRef>2200YEA01651</StopPointRef>
        </To>
        <Direction>outbound</Direction>
      </RouteLink>
      <RouteLink id="YECO045_010_10054">
        <From>
          <StopPointRef>2200YEA01651</StopPointRef>
        </From>
        <To>
          <StopPointRef>2200YEA00520</StopPointRef>
        </To>
        <Direction>outbound</Direction>
      </RouteLink>
      <RouteLink id="YECO045_010_10055">
        <From>
          <StopPointRef>2200YEA00520</StopPointRef>
        </From>
        <To>
          <StopPointRef>2200YEA00517</StopPointRef>
        </To>
        <Direction>outbound</Direction>
      </RouteLink>
      <RouteLink id="YECO045_010_10056">
        <From>
          <StopPointRef>2200YEA00517</StopPointRef>
        </From>
        <To>
          <StopPointRef>2200YEA01493</StopPointRef>
        </To>
        <Direction>outbound</Direction>
      </RouteLink>
      <RouteLink id="YECO045_010_10057">
        <From>
          <StopPointRef>2200YEA01493</StopPointRef>
        </From>
        <To>
          <StopPointRef>2200YEA00037</StopPointRef>
        </To>
        <Direction>outbound</Direction>
      </RouteLink>
    </RouteSection>
  </RouteSections>
  <Routes>
    <Route id="YECO045_007">
      <Description>Pocklington - Driffield
</Description>
      <RouteSectionRef>YECO045_007</RouteSectionRef>
    </Route>
    <Route id="YECO045_008">
      <Description>Pocklington - Driffield
</Description>
      <RouteSectionRef>YECO045_008</RouteSectionRef>
    </Route>
    <Route id="YECO045_009">
      <Description>Driffield - Pocklington
</Description>
      <RouteSectionRef>YECO045_009</RouteSectionRef>
    </Route>
    <Route id="YECO045_010">
      <Description>Driffield - Pocklington
</Description>
      <RouteSectionRef>YECO045_010</RouteSectionRef>
    </Route>
  </Routes>
  <JourneyPatternSections>
    <JourneyPatternSection id="JPS_YECO045-5">
      <JourneyPatternTimingLink id="JPS_YECO045-5_9972">
        <From>
          <StopPointRef>2200YEA00036</StopPointRef>
          <TimingStatus>PTP</TimingStatus>
        </From>
        <To>
          <StopPointRef>2200YEA01494</StopPointRef>
          <TimingStatus>OTH</TimingStatus>
        </To>
        <RouteLinkRef>YECO045_007_9972</RouteLinkRef>
        <Direction>inbound</Direction>
        <RunTime>PT39S</RunTime>
      </JourneyPatternTimingLink>
      <JourneyPatternTimingLink id="JPS_YECO045-5_9973">
        <From>
          <StopPointRef>2200YEA01494</StopPointRef>
          <TimingStatus>OTH</TimingStatus>
        </From>
        <To>
          <StopPointRef>2200YEA00518</StopPointRef>
          <TimingStatus>PTP</TimingStatus>
        </To>
        <RouteLinkRef>YECO045_007_9973</RouteLinkRef>
        <Direction>inbound</Direction>
        <RunTime>PT261S</RunTime>
      </JourneyPatternTimingLink>
      <JourneyPatternTimingLink id="JPS_YECO045-5_9974">
        <From>
          <StopPointRef>2200YEA00518</StopPointRef>
          <TimingStatus>PTP</TimingStatus>
        </From>
        <To>
          <StopPointRef>2200YEA00519</StopPointRef>
          <TimingStatus>PTP</TimingStatus>
        </To>
        <RouteLinkRef>YECO045_007_9974</RouteLinkRef>
        <Direction>inbound</Direction>
        <RunTime>PT180S</RunTime>
      </JourneyPatternTimingLink>
      <JourneyPatternTimingLink id="JPS_YECO045-5_9975">
        <From>
          <StopPointRef>2200YEA00519</StopPointRef>
          <TimingStatus>PTP</TimingStatus>
        </From>
        <To>
          <StopPointRef>2200YEA01652</StopPointRef>
          <TimingStatus>OTH</TimingStatus>
        </To>
        <RouteLinkRef>YECO045_007_9975</RouteLinkRef>
        <Direction>inbound</Direction>
        <RunTime>PT183S</RunTime>
      </JourneyPatternTimingLink>
      <JourneyPatternTimingLink id="JPS_YECO045-5_9976">
        <From>
          <StopPointRef>2200YEA01652</StopPointRef>
          <TimingStatus>OTH</TimingStatus>
        </From>
        <To>
          <StopPointRef>2200YEA01044</StopPointRef>
          <TimingStatus>OTH</TimingStatus>
        </To>
        <RouteLinkRef>YECO045_007_9976</RouteLinkRef>
        <Direction>inbound</Direction>
        <RunTime>PT74S</RunTime>
      </JourneyPatternTimingLink>
      <JourneyPatternTimingLink id="JPS_YECO045-5_9977">
        <From>
          <StopPointRef>2200YEA01044</StopPointRef>
          <TimingStatus>OTH</TimingStatus>
        </From>
        <To>
          <StopPointRef>2200YEA00039</StopPointRef>
          <TimingStatus>PTP</TimingStatus>
        </To>
        <RouteLinkRef>YECO045_007_9977</RouteLinkRef>
        <Direction>inbound</Direction>
        <RunTime>PT43S</RunTime>
      </JourneyPatternTimingLink>
      <JourneyPatternTimingLink id="JPS_YECO045-5_9978">
        <From>
          <StopPointRef>2200YEA00039</StopPointRef>
          <TimingStatus>PTP</TimingStatus>
        </From>
        <To>
          <StopPointRef>2200YEA01007</StopPointRef>
          <TimingStatus>PTP</TimingStatus>
        </To>
        <RouteLinkRef>YECO045_007_9978</RouteLinkRef>
        <Direction>inbound</Direction>
        <RunTime>PT720S</RunTime>
      </JourneyPatternTimingLink>
      <JourneyPatternTimingLink id="JPS_YECO045-5_9979">
        <From>
          <StopPointRef>2200YEA01007</StopPointRef>
          <TimingStatus>PTP</TimingStatus>
        </From>
        <To>
          <StopPointRef>2200YEA01003</StopPointRef>
          <TimingStatus>PTP</TimingStatus>
        </To>
        <RouteLinkRef>YECO045_007_9979</RouteLinkRef>
        <Direction>inbound</Direction>
        <RunTime>PT240S</RunTime>
      </JourneyPatternTimingLink>
      <JourneyPatternTimingLink id="JPS_YECO045-5_9980">
        <From>
          <StopPointRef>2200YEA01003</StopPointRef>
          <TimingStatus>PTP</TimingStatus>
        </From>
        <To>
          <StopPointRef>2200YEA00999</StopPointRef>
          <TimingStatus>OTH</TimingStatus>
        </To>
        <RouteLinkRef>YECO045_007_9980</RouteLinkRef>
        <Direction>inbound</Direction>
        <RunTime>PT596S</RunTime>
      </JourneyPatternTimingLink>
      <JourneyPatternTimingLink id="JPS_YECO045-5_9981">
        <From>
          <StopPointRef>2200YEA00999</StopPointRef>
          <TimingStatus>OTH</TimingStatus>
        </From>
        <To>
          <StopPointRef>2200YEA01637</StopPointRef>
          <TimingStatus>OTH</TimingStatus>
        </To>
        <RouteLinkRef>YECO045_007_9981</RouteLinkRef>
        <Direction>inbound</Direction>
        <RunTime>PT149S</RunTime>
      </JourneyPatternTimingLink>
      <JourneyPatternTimingLink id="JPS_YECO045-5_9982">
        <From>
          <StopPointRef>2200YEA01637</StopPointRef>
          <TimingStatus>OTH</TimingStatus>
        </From>
        <To>
          <StopPointRef>2200YEA00385</StopPointRef>
          <TimingStatus>OTH</TimingStatus>
        </To>
        <RouteLinkRef>YECO045_007_9982</RouteLinkRef>
        <Direction>inbound</Direction>
        <RunTime>PT63S</RunTime>
      </JourneyPatternTimingLink>
      <JourneyPatternTimingLink id="JPS_YECO045-5_9983">
        <From>
          <StopPointRef>2200YEA00385</StopPointRef>
          <TimingStatus>OTH</TimingStatus>
        </From>
        <To>
          <StopPointRef>2200YEA00030</StopPointRef>
          <TimingStatus>PTP</TimingStatus>
        </To>
        <RouteLinkRef>YECO045_007_9983</RouteLinkRef>
        <Direction>inbound</Direction>
        <RunTime>PT32S</RunTime>
      </JourneyPatternTimingLink>
    </JourneyPatternSection>
    <JourneyPatternSection id="JPS_YECO045-6">
      <JourneyPatternTimingLink id="JPS_YECO045-6_9985">
        <From>
          <StopPointRef>2200YEA00036</StopPointRef>
          <TimingStatus>PTP</TimingStatus>
        </From>
        <To>
          <StopPointRef>2200YEA01494</StopPointRef>
          <TimingStatus>OTH</TimingStatus>
        </To>
        <RouteLinkRef>YECO045_008_9985</RouteLinkRef>
        <Direction>inbound</Direction>
        <RunTime>PT39S</RunTime>
      </JourneyPatternTimingLink>
      <JourneyPatternTimingLink id="JPS_YECO045-6_9986">
        <From>
          <StopPointRef>2200YEA01494</StopPointRef>
          <TimingStatus>OTH</TimingStatus>
        </From>
        <To>
          <StopPointRef>2200YEA00518</StopPointRef>
          <TimingStatus>PTP</TimingStatus>
        </To>
        <RouteLinkRef>YECO045_008_9986</RouteLinkRef>
        <Direction>inbound</Direction>
        <RunTime>PT261S</RunTime>
      </JourneyPatternTimingLink>
      <JourneyPatternTimingLink id="JPS_YECO045-6_9987">
        <From>
          <StopPointRef>2200YEA00518</StopPointRef>
          <TimingStatus>PTP</TimingStatus>
        </From>
        <To>
          <StopPointRef>2200YEA00519</StopPointRef>
          <TimingStatus>PTP</TimingStatus>
        </To>
        <RouteLinkRef>YECO045_008_9987</RouteLinkRef>
        <Direction>inbound</Direction>
        <RunTime>PT180S</RunTime>
      </JourneyPatternTimingLink>
      <JourneyPatternTimingLink id="JPS_YECO045-6_9988">
        <From>
          <StopPointRef>2200YEA00519</StopPointRef>
          <TimingStatus>PTP</TimingStatus>
        </From>
        <To>
          <StopPointRef>2200YEA01652</StopPointRef>
          <TimingStatus>OTH</TimingStatus>
        </To>
        <RouteLinkRef>YECO045_008_9988</RouteLinkRef>
        <Direction>inbound</Direction>
        <RunTime>PT183S</RunTime>
      </JourneyPatternTimingLink>
      <JourneyPatternTimingLink id="JPS_YECO045-6_9989">
        <From>
          <StopPointRef>2200YEA01652</StopPointRef>
          <TimingStatus>OTH</TimingStatus>
        </From>
        <To>
          <StopPointRef>2200YEA01044</StopPointRef>
          <TimingStatus>OTH</TimingStatus>
        </To>
        <RouteLinkRef>YECO045_008_9989</RouteLinkRef>
        <Direction>inbound</Direction>
        <RunTime>PT74S</RunTime>
      </JourneyPatternTimingLink>
      <JourneyPatternTimingLink id="JPS_YECO045-6_9990">
        <From>
          <StopPointRef>2200YEA01044</StopPointRef>
          <TimingStatus>OTH</TimingStatus>
        </From>
        <To>
          <StopPointRef>2200YEA00039</StopPointRef>
          <TimingStatus>PTP</TimingStatus>
        </To>
        <RouteLinkRef>YECO045_008_9990</RouteLinkRef>
        <Direction>inbound</Direction>
        <RunTime>PT43S</RunTime>
      </JourneyPatternTimingLink>
      <JourneyPatternTimingLink id="JPS_YECO045-6_9991">
        <From>
          <StopPointRef>2200YEA00039</StopPointRef>
          <TimingStatus>PTP</TimingStatus>
        </From>
        <To>
          <StopPointRef>2200YEA01007</StopPointRef>
          <TimingStatus>PTP</TimingStatus>
        </To>
        <RouteLinkRef>YECO045_008_9991</RouteLinkRef>
        <Direction>inbound</Direction>
        <RunTime>PT720S</RunTime>
      </JourneyPatternTimingLink>
      <JourneyPatternTimingLink id="JPS_YECO045-6_9992">
        <From>
          <StopPointRef>2200YEA01007</StopPointRef>
          <TimingStatus>PTP</TimingStatus>
        </From>
        <To>
          <StopPointRef>2200YEA01418</StopPointRef>
          <TimingStatus>OTH</TimingStatus>
        </To>
        <RouteLinkRef>YECO045_008_9992</RouteLinkRef>
        <Direction>inbound</Direction>
        <RunTime>PT225S</RunTime>
      </JourneyPatternTimingLink>
      <JourneyPatternTimingLink id="JPS_YECO045-6_9993">
        <From>
          <StopPointRef>2200YEA01418</StopPointRef>
          <TimingStatus>OTH</TimingStatus>
        </From>
        <To>
          <StopPointRef>2200YEA01005</StopPointRef>
          <TimingStatus>PTP</TimingStatus>
        </To>
        <RouteLinkRef>YECO045_008_9993</RouteLinkRef>
        <Direction>inbound</Direction>
        <RunTime>PT15S</RunTime>
      </JourneyPatternTimingLink>
      <JourneyPatternTimingLink id="JPS_YECO045-6_9994">
        <From>
          <StopPointRef>2200YEA01005</StopPointRef>
          <TimingStatus>PTP</TimingStatus>
        </From>
        <To>
          <StopPointRef>2200YEA01004</StopPointRef>
          <TimingStatus>OTH</TimingStatus>
        </To>
        <RouteLinkRef>YECO045_008_9994</RouteLinkRef>
        <Direction>inbound</Direction>
        <RunTime>PT15S</RunTime>
      </JourneyPatternTimingLink>
      <JourneyPatternTimingLink id="JPS_YECO045-6_9995">
        <From>
          <StopPointRef>2200YEA01004</StopPointRef>
          <TimingStatus>OTH</TimingStatus>
        </From>
        <To>
          <StopPointRef>2200YEA00999</StopPointRef>
          <TimingStatus>OTH</TimingStatus>
        </To>
        <RouteLinkRef>YECO045_008_9995</RouteLinkRef>
        <Direction>inbound</Direction>
        <RunTime>PT625S</RunTime>
      </JourneyPatternTimingLink>
      <JourneyPatternTimingLink id="JPS_YECO045-6_9996">
        <From>
          <StopPointRef>2200YEA00999</StopPointRef>
          <TimingStatus>OTH</TimingStatus>
        </From>
        <To>
          <StopPointRef>2200YEA01637</StopPointRef>
          <TimingStatus>OTH</TimingStatus>
        </To>
        <RouteLinkRef>YECO045_008_9996</RouteLinkRef>
        <Direction>inbound</Direction>
        <RunTime>PT122S</RunTime>
      </JourneyPatternTimingLink>
      <JourneyPatternTimingLink id="JPS_YECO045-6_9997">
        <From>
          <StopPointRef>2200YEA01637</StopPointRef>
          <TimingStatus>OTH</TimingStatus>
        </From>
        <To>
          <StopPointRef>2200YEA00385</StopPointRef>
          <TimingStatus>OTH</TimingStatus>
        </To>
        <RouteLinkRef>YECO045_008_9997</RouteLinkRef>
        <Direction>inbound</Direction>
        <RunTime>PT51S</RunTime>
      </JourneyPatternTimingLink>
      <JourneyPatternTimingLink id="JPS_YECO045-6_9998">
        <From>
          <StopPointRef>2200YEA00385</StopPointRef>
          <TimingStatus>OTH</TimingStatus>
        </From>
        <To>
          <StopPointRef>2200YEA00030</StopPointRef>
          <TimingStatus>PTP</TimingStatus>
        </To>
        <RouteLinkRef>YECO045_008_9998</RouteLinkRef>
        <Direction>inbound</Direction>
        <RunTime>PT27S</RunTime>
      </JourneyPatternTimingLink>
    </JourneyPatternSection>
    <JourneyPatternSection id="JPS_YECO045-7">
      <JourneyPatternTimingLink id="JPS_YECO045-7_10032">
        <From>
          <StopPointRef>2200YEA00029</StopPointRef>
          <TimingStatus>PTP</TimingStatus>
        </From>
        <To>
          <StopPointRef>2200YEA00386</StopPointRef>
          <TimingStatus>OTH</TimingStatus>
        </To>
        <RouteLinkRef>YECO045_009_10032</RouteLinkRef>
        <Direction>outbound</Direction>
        <RunTime>PT17S</RunTime>
      </JourneyPatternTimingLink>
      <JourneyPatternTimingLink id="JPS_YECO045-7_10033">
        <From>
          <StopPointRef>2200YEA00386</StopPointRef>
          <TimingStatus>OTH</TimingStatus>
        </From>
        <To>
          <StopPointRef>2200YEA00387</StopPointRef>
          <TimingStatus>OTH</TimingStatus>
        </To>
        <RouteLinkRef>YECO045_009_10033</RouteLinkRef>
        <Direction>outbound</Direction>
        <RunTime>PT18S</RunTime>
      </JourneyPatternTimingLink>
      <JourneyPatternTimingLink id="JPS_YECO045-7_10034">
        <From>
          <StopPointRef>2200YEA00387</StopPointRef>
          <TimingStatus>OTH</TimingStatus>
        </From>
        <To>
          <StopPointRef>2200YEA00998</StopPointRef>
          <TimingStatus>OTH</TimingStatus>
        </To>
        <RouteLinkRef>YECO045_009_10034</RouteLinkRef>
        <Direction>outbound</Direction>
        <RunTime>PT138S</RunTime>
      </JourneyPatternTimingLink>
      <JourneyPatternTimingLink id="JPS_YECO045-7_10035">
        <From>
          <StopPointRef>2200YEA00998</StopPointRef>
          <TimingStatus>OTH</TimingStatus>
        </From>
        <To>
          <StopPointRef>2200YEA01006</StopPointRef>
          <TimingStatus>PTP</TimingStatus>
        </To>
        <RouteLinkRef>YECO045_009_10035</RouteLinkRef>
        <Direction>outbound</Direction>
        <RunTime>PT607S</RunTime>
      </JourneyPatternTimingLink>
      <JourneyPatternTimingLink id="JPS_YECO045-7_10036">
        <From>
          <StopPointRef>2200YEA01006</StopPointRef>
          <TimingStatus>PTP</TimingStatus>
        </From>
        <To>
          <StopPointRef>2200YEA11667</StopPointRef>
          <TimingStatus>OTH</TimingStatus>
        </To>
        <RouteLinkRef>YECO045_009_10036</RouteLinkRef>
        <Direction>outbound</Direction>
        <RunTime>PT14S</RunTime>
      </JourneyPatternTimingLink>
      <JourneyPatternTimingLink id="JPS_YECO045-7_10037">
        <From>
          <StopPointRef>2200YEA11667</StopPointRef>
          <TimingStatus>OTH</TimingStatus>
        </From>
        <To>
          <StopPointRef>2200YEA01007</StopPointRef>
          <TimingStatus>PTP</TimingStatus>
        </To>
        <RouteLinkRef>YECO045_009_10037</RouteLinkRef>
        <Direction>outbound</Direction>
        <RunTime>PT226S</RunTime>
      </JourneyPatternTimingLink>
      <JourneyPatternTimingLink id="JPS_YECO045-7_10038">
        <From>
          <StopPointRef>2200YEA01007</StopPointRef>
          <TimingStatus>PTP</TimingStatus>
        </From>
        <To>
          <StopPointRef>2200YEA00038</StopPointRef>
          <TimingStatus>PTP</TimingStatus>
        </To>
        <RouteLinkRef>YECO045_009_10038</RouteLinkRef>
        <Direction>outbound</Direction>
        <RunTime>PT780S</RunTime>
      </JourneyPatternTimingLink>
      <JourneyPatternTimingLink id="JPS_YECO045-7_10039">
        <From>
          <StopPointRef>2200YEA00038</StopPointRef>
          <TimingStatus>PTP</TimingStatus>
        </From>
        <To>
          <StopPointRef>2200YEA01452</StopPointRef>
          <TimingStatus>OTH</TimingStatus>
        </To>
        <RouteLinkRef>YECO045_009_10039</RouteLinkRef>
        <Direction>outbound</Direction>
        <RunTime>PT43S</RunTime>
      </JourneyPatternTimingLink>
      <JourneyPatternTimingLink id="JPS_YECO045-7_10040">
        <From>
          <StopPointRef>2200YEA01452</StopPointRef>
          <TimingStatus>OTH</TimingStatus>
        </From>
        <To>
          <StopPointRef>2200YEA01651</StopPointRef>
          <TimingStatus>OTH</TimingStatus>
        </To>
        <RouteLinkRef>YECO045_009_10040</RouteLinkRef>
        <Direction>outbound</Direction>
        <RunTime>PT79S</RunTime>
      </JourneyPatternTimingLink>
      <JourneyPatternTimingLink id="JPS_YECO045-7_10041">
        <From>
          <StopPointRef>2200YEA01651</StopPointRef>
          <TimingStatus>OTH</TimingStatus>
        </From>
        <To>
          <StopPointRef>2200YEA00520</StopPointRef>
          <TimingStatus>PTP</TimingStatus>
        </To>
        <RouteLinkRef>YECO045_009_10041</RouteLinkRef>
        <Direction>outbound</Direction>
        <RunTime>PT178S</RunTime>
      </JourneyPatternTimingLink>
      <JourneyPatternTimingLink id="JPS_YECO045-7_10042">
        <From>
          <StopPointRef>2200YEA00520</StopPointRef>
          <TimingStatus>PTP</TimingStatus>
        </From>
        <To>
          <StopPointRef>2200YEA00517</StopPointRef>
          <TimingStatus>PTP</TimingStatus>
        </To>
        <RouteLinkRef>YECO045_009_10042</RouteLinkRef>
        <Direction>outbound</Direction>
        <RunTime>PT180S</RunTime>
      </JourneyPatternTimingLink>
      <JourneyPatternTimingLink id="JPS_YECO045-7_10043">
        <From>
          <StopPointRef>2200YEA00517</StopPointRef>
          <TimingStatus>PTP</TimingStatus>
        </From>
        <To>
          <StopPointRef>2200YEA01493</StopPointRef>
          <TimingStatus>OTH</TimingStatus>
        </To>
        <RouteLinkRef>YECO045_009_10043</RouteLinkRef>
        <Direction>outbound</Direction>
        <RunTime>PT263S</RunTime>
      </JourneyPatternTimingLink>
      <JourneyPatternTimingLink id="JPS_YECO045-7_10044">
        <From>
          <StopPointRef>2200YEA01493</StopPointRef>
          <TimingStatus>OTH</TimingStatus>
        </From>
        <To>
          <StopPointRef>2200YEA00037</StopPointRef>
          <TimingStatus>PTP</TimingStatus>
        </To>
        <RouteLinkRef>YECO045_009_10044</RouteLinkRef>
        <Direction>outbound</Direction>
        <RunTime>PT37S</RunTime>
      </JourneyPatternTimingLink>
    </JourneyPatternSection>
    <JourneyPatternSection id="JPS_YECO045-8">
      <JourneyPatternTimingLink id="JPS_YECO045-8_10046">
        <From>
          <StopPointRef>2200YEA00029</StopPointRef>
          <TimingStatus>PTP</TimingStatus>
        </From>
        <To>
          <StopPointRef>2200YEA00386</StopPointRef>
          <TimingStatus>OTH</TimingStatus>
        </To>
        <RouteLinkRef>YECO045_010_10046</RouteLinkRef>
        <Direction>outbound</Direction>
        <RunTime>PT21S</RunTime>
      </JourneyPatternTimingLink>
      <JourneyPatternTimingLink id="JPS_YECO045-8_10047">
        <From>
          <StopPointRef>2200YEA00386</StopPointRef>
          <TimingStatus>OTH</TimingStatus>
        </From>
        <To>
          <StopPointRef>2200YEA00387</StopPointRef>
          <TimingStatus>OTH</TimingStatus>
        </To>
        <RouteLinkRef>YECO045_010_10047</RouteLinkRef>
        <Direction>outbound</Direction>
        <RunTime>PT24S</RunTime>
      </JourneyPatternTimingLink>
      <JourneyPatternTimingLink id="JPS_YECO045-8_10048">
        <From>
          <StopPointRef>2200YEA00387</StopPointRef>
          <TimingStatus>OTH</TimingStatus>
        </From>
        <To>
          <StopPointRef>2200YEA00998</StopPointRef>
          <TimingStatus>OTH</TimingStatus>
        </To>
        <RouteLinkRef>YECO045_010_10048</RouteLinkRef>
        <Direction>outbound</Direction>
        <RunTime>PT174S</RunTime>
      </JourneyPatternTimingLink>
      <JourneyPatternTimingLink id="JPS_YECO045-8_10049">
        <From>
          <StopPointRef>2200YEA00998</StopPointRef>
          <TimingStatus>OTH</TimingStatus>
        </From>
        <To>
          <StopPointRef>2200YEA01569</StopPointRef>
          <TimingStatus>PTP</TimingStatus>
        </To>
        <RouteLinkRef>YECO045_010_10049</RouteLinkRef>
        <Direction>outbound</Direction>
        <RunTime>PT561S</RunTime>
      </JourneyPatternTimingLink>
      <JourneyPatternTimingLink id="JPS_YECO045-8_10050">
        <From>
          <StopPointRef>2200YEA01569</StopPointRef>
          <TimingStatus>PTP</TimingStatus>
        </From>
        <To>
          <StopPointRef>2200YEA01007</StopPointRef>
          <TimingStatus>PTP</TimingStatus>
        </To>
        <RouteLinkRef>YECO045_010_10050</RouteLinkRef>
        <Direction>outbound</Direction>
        <RunTime>PT240S</RunTime>
      </JourneyPatternTimingLink>
      <JourneyPatternTimingLink id="JPS_YECO045-8_10051">
        <From>
          <StopPointRef>2200YEA01007</StopPointRef>
          <TimingStatus>PTP</TimingStatus>
        </From>
        <To>
          <StopPointRef>2200YEA00038</StopPointRef>
          <TimingStatus>PTP</TimingStatus>
        </To>
        <RouteLinkRef>YECO045_010_10051</RouteLinkRef>
        <Direction>outbound</Direction>
        <RunTime>PT780S</RunTime>
      </JourneyPatternTimingLink>
      <JourneyPatternTimingLink id="JPS_YECO045-8_10052">
        <From>
          <StopPointRef>2200YEA00038</StopPointRef>
          <TimingStatus>PTP</TimingStatus>
        </From>
        <To>
          <StopPointRef>2200YEA01452</StopPointRef>
          <TimingStatus>OTH</TimingStatus>
        </To>
        <RouteLinkRef>YECO045_010_10052</RouteLinkRef>
        <Direction>outbound</Direction>
        <RunTime>PT43S</RunTime>
      </JourneyPatternTimingLink>
      <JourneyPatternTimingLink id="JPS_YECO045-8_10053">
        <From>
          <StopPointRef>2200YEA01452</StopPointRef>
          <TimingStatus>OTH</TimingStatus>
        </From>
        <To>
          <StopPointRef>2200YEA01651</StopPointRef>
          <TimingStatus>OTH</TimingStatus>
        </To>
        <RouteLinkRef>YECO045_010_10053</RouteLinkRef>
        <Direction>outbound</Direction>
        <RunTime>PT79S</RunTime>
      </JourneyPatternTimingLink>
      <JourneyPatternTimingLink id="JPS_YECO045-8_10054">
        <From>
          <StopPointRef>2200YEA01651</StopPointRef>
          <TimingStatus>OTH</TimingStatus>
        </From>
        <To>
          <StopPointRef>2200YEA00520</StopPointRef>
          <TimingStatus>PTP</TimingStatus>
        </To>
        <RouteLinkRef>YECO045_010_10054</RouteLinkRef>
        <Direction>outbound</Direction>
        <RunTime>PT178S</RunTime>
      </JourneyPatternTimingLink>
      <JourneyPatternTimingLink id="JPS_YECO045-8_10055">
        <From>
          <StopPointRef>2200YEA00520</StopPointRef>
          <TimingStatus>PTP</TimingStatus>
        </From>
        <To>
          <StopPointRef>2200YEA00517</StopPointRef>
          <TimingStatus>PTP</TimingStatus>
        </To>
        <RouteLinkRef>YECO045_010_10055</RouteLinkRef>
        <Direction>outbound</Direction>
        <RunTime>PT180S</RunTime>
      </JourneyPatternTimingLink>
      <JourneyPatternTimingLink id="JPS_YECO045-8_10056">
        <From>
          <StopPointRef>2200YEA00517</StopPointRef>
          <TimingStatus>PTP</TimingStatus>
        </From>
        <To>
          <StopPointRef>2200YEA01493</StopPointRef>
          <TimingStatus>OTH</TimingStatus>
        </To>
        <RouteLinkRef>YECO045_010_10056</RouteLinkRef>
        <Direction>outbound</Direction>
        <RunTime>PT263S</RunTime>
      </JourneyPatternTimingLink>
      <JourneyPatternTimingLink id="JPS_YECO045-8_10057">
        <From>
          <StopPointRef>2200YEA01493</StopPointRef>
          <TimingStatus>OTH</TimingStatus>
        </From>
        <To>
          <StopPointRef>2200YEA00037</StopPointRef>
          <TimingStatus>PTP</TimingStatus>
        </To>
        <RouteLinkRef>YECO045_010_10057</RouteLinkRef>
        <Direction>outbound</Direction>
        <RunTime>PT37S</RunTime>
      </JourneyPatternTimingLink>
    </JourneyPatternSection>
  </JourneyPatternSections>
  <Operators>
    <Operator id="EY">
      <NationalOperatorCode>EYMS</NationalOperatorCode>
      <OperatorCode>EY</OperatorCode>
      <OperatorShortName>EYMS</OperatorShortName>
    </Operator>
    <Operator id="UNKWN">
      <OperatorCode>UNKWN</OperatorCode>
      <OperatorShortName>UNKWN</OperatorShortName>
    </Operator>
  </Operators>
  <Services>
    <Service>
      <ServiceCode>YECO045</ServiceCode>
      <Lines>
        <Line id="0">
          <LineName>45</LineName>
        </Line>
      </Lines>
      <OperatingPeriod>
        <StartDate>2017-05-21</StartDate>
      </OperatingPeriod>
      <RegisteredOperatorRef>EY</RegisteredOperatorRef>
      <StopRequirements>
        <NoNewStopsRequired />
      </StopRequirements>
      <Mode>bus</Mode>
      <Description>Driffield - Pocklington</Description>
      <StandardService>
        <Origin>Driffield</Origin>
        <Destination>Pocklington</Destination>
        <JourneyPattern id="JPS_YECO045-5">
          <Direction>inbound</Direction>
          <JourneyPatternSectionRefs>JPS_YECO045-5</JourneyPatternSectionRefs>
        </JourneyPattern>
        <JourneyPattern id="JPS_YECO045-6">
          <Direction>inbound</Direction>
          <JourneyPatternSectionRefs>JPS_YECO045-6</JourneyPatternSectionRefs>
        </JourneyPattern>
        <JourneyPattern id="JPS_YECO045-7">
          <Direction>outbound</Direction>
          <JourneyPatternSectionRefs>JPS_YECO045-7</JourneyPatternSectionRefs>
        </JourneyPattern>
        <JourneyPattern id="JPS_YECO045-8">
          <Direction>outbound</Direction>
          <JourneyPatternSectionRefs>JPS_YECO045-8</JourneyPatternSectionRefs>
        </JourneyPattern>
      </StandardService>
    </Service>
  </Services>
  <VehicleJourneys>
    <VehicleJourney>
      <OperatorRef>EY</OperatorRef>
      <OperatingProfile>
        <RegularDayType>
          <DaysOfWeek>
            <Monday />
            <Tuesday />
            <Wednesday />
            <Thursday />
            <Friday />
          </DaysOfWeek>
        </RegularDayType>
        <BankHolidayOperation>
          <DaysOfNonOperation>
            <LateSummerBankHolidayNotScotland />
          </DaysOfNonOperation>
        </BankHolidayOperation>
      </OperatingProfile>
      <VehicleJourneyCode>1852</VehicleJourneyCode>
      <ServiceRef>YECO045</ServiceRef>
      <LineRef>0</LineRef>
      <JourneyPatternRef>JPS_YECO045-5</JourneyPatternRef>
      <DepartureTime>10:35:00</DepartureTime>
    </VehicleJourney>
    <VehicleJourney>
      <OperatorRef>EY</OperatorRef>
      <OperatingProfile>
        <RegularDayType>
          <DaysOfWeek>
            <Monday />
            <Tuesday />
            <Wednesday />
            <Thursday />
            <Friday />
          </DaysOfWeek>
        </RegularDayType>
        <BankHolidayOperation>
          <DaysOfNonOperation>
            <LateSummerBankHolidayNotScotland />
          </DaysOfNonOperation>
        </BankHolidayOperation>
      </OperatingProfile>
      <VehicleJourneyCode>1853</VehicleJourneyCode>
      <ServiceRef>YECO045</ServiceRef>
      <LineRef>0</LineRef>
      <JourneyPatternRef>JPS_YECO045-6</JourneyPatternRef>
      <DepartureTime>12:35:00</DepartureTime>
    </VehicleJourney>
    <VehicleJourney>
      <OperatorRef>EY</OperatorRef>
      <OperatingProfile>
        <RegularDayType>
          <DaysOfWeek>
            <Monday />
            <Tuesday />
            <Wednesday />
            <Thursday />
            <Friday />
          </DaysOfWeek>
        </RegularDayType>
        <BankHolidayOperation>
          <DaysOfNonOperation>
            <LateSummerBankHolidayNotScotland />
          </DaysOfNonOperation>
        </BankHolidayOperation>
      </OperatingProfile>
      <VehicleJourneyCode>1855</VehicleJourneyCode>
      <ServiceRef>YECO045</ServiceRef>
      <LineRef>0</LineRef>
      <JourneyPatternRef>JPS_YECO045-6</JourneyPatternRef>
      <DepartureTime>16:35:00</DepartureTime>
    </VehicleJourney>
    <VehicleJourney>
      <OperatorRef>EY</OperatorRef>
      <OperatingProfile>
        <RegularDayType>
          <DaysOfWeek>
            <Monday />
            <Tuesday />
            <Wednesday />
            <Thursday />
            <Friday />
          </DaysOfWeek>
        </RegularDayType>
        <BankHolidayOperation>
          <DaysOfNonOperation>
            <LateSummerBankHolidayNotScotland />
          </DaysOfNonOperation>
        </BankHolidayOperation>
      </OperatingProfile>
      <VehicleJourneyCode>1863</VehicleJourneyCode>
      <ServiceRef>YECO045</ServiceRef>
      <LineRef>0</LineRef>
      <JourneyPatternRef>JPS_YECO045-7</JourneyPatternRef>
      <DepartureTime>10:15:00</DepartureTime>
    </VehicleJourney>
    <VehicleJourney>
      <OperatorRef>EY</OperatorRef>
      <OperatingProfile>
        <RegularDayType>
          <DaysOfWeek>
            <Monday />
            <Tuesday />
            <Wednesday />
            <Thursday />
            <Friday />
          </DaysOfWeek>
        </RegularDayType>
        <BankHolidayOperation>
          <DaysOfNonOperation>
            <LateSummerBankHolidayNotScotland />
          </DaysOfNonOperation>
        </BankHolidayOperation>
      </OperatingProfile>
      <VehicleJourneyCode>1864</VehicleJourneyCode>
      <ServiceRef>YECO045</ServiceRef>
      <LineRef>0</LineRef>
      <JourneyPatternRef>JPS_YECO045-7</JourneyPatternRef>
      <DepartureTime>12:15:00</DepartureTime>
    </VehicleJourney>
    <VehicleJourney>
      <OperatorRef>EY</OperatorRef>
      <OperatingProfile>
        <RegularDayType>
          <DaysOfWeek>
            <Monday />
            <Tuesday />
            <Wednesday />
            <Thursday />
            <Friday />
          </DaysOfWeek>
        </RegularDayType>
        <BankHolidayOperation>
          <DaysOfNonOperation>
            <LateSummerBankHolidayNotScotland />
          </DaysOfNonOperation>
        </BankHolidayOperation>
      </OperatingProfile>
      <VehicleJourneyCode>1865</VehicleJourneyCode>
      <ServiceRef>YECO045</ServiceRef>
      <LineRef>0</LineRef>
      <JourneyPatternRef>JPS_YECO045-8</JourneyPatternRef>
      <DepartureTime>14:15:00</DepartureTime>
    </VehicleJourney>
    <VehicleJourney>
      <OperatorRef>EY</OperatorRef>
      <OperatingProfile>
        <RegularDayType>
          <DaysOfWeek>
            <Saturday />
          </DaysOfWeek>
        </RegularDayType>
        <SpecialDaysOperation>
          <DaysOfNonOperation>
            <DateRange>
              <StartDate>2017-05-21</StartDate>
              <EndDate>2017-05-23</EndDate>
            </DateRange>
          </DaysOfNonOperation>
        </SpecialDaysOperation>
      </OperatingProfile>
      <VehicleJourneyCode>1857</VehicleJourneyCode>
      <ServiceRef>YECO045</ServiceRef>
      <LineRef>0</LineRef>
      <JourneyPatternRef>JPS_YECO045-5</JourneyPatternRef>
      <DepartureTime>10:35:00</DepartureTime>
    </VehicleJourney>
    <VehicleJourney>
      <OperatorRef>EY</OperatorRef>
      <OperatingProfile>
        <RegularDayType>
          <DaysOfWeek>
            <Saturday />
          </DaysOfWeek>
        </RegularDayType>
        <SpecialDaysOperation>
          <DaysOfNonOperation>
            <DateRange>
              <StartDate>2017-05-21</StartDate>
              <EndDate>2017-05-23</EndDate>
            </DateRange>
          </DaysOfNonOperation>
        </SpecialDaysOperation>
      </OperatingProfile>
      <VehicleJourneyCode>1858</VehicleJourneyCode>
      <ServiceRef>YECO045</ServiceRef>
      <LineRef>0</LineRef>
      <JourneyPatternRef>JPS_YECO045-6</JourneyPatternRef>
      <DepartureTime>12:35:00</DepartureTime>
    </VehicleJourney>
    <VehicleJourney>
      <OperatorRef>EY</OperatorRef>
      <OperatingProfile>
        <RegularDayType>
          <DaysOfWeek>
            <Saturday />
          </DaysOfWeek>
        </RegularDayType>
        <SpecialDaysOperation>
          <DaysOfNonOperation>
            <DateRange>
              <StartDate>2017-05-21</StartDate>
              <EndDate>2017-05-23</EndDate>
            </DateRange>
          </DaysOfNonOperation>
        </SpecialDaysOperation>
      </OperatingProfile>
      <VehicleJourneyCode>1860</VehicleJourneyCode>
      <ServiceRef>YECO045</ServiceRef>
      <LineRef>0</LineRef>
      <JourneyPatternRef>JPS_YECO045-6</JourneyPatternRef>
      <DepartureTime>16:35:00</DepartureTime>
    </VehicleJourney>
    <VehicleJourney>
      <OperatorRef>EY</OperatorRef>
      <OperatingProfile>
        <RegularDayType>
          <DaysOfWeek>
            <Saturday />
          </DaysOfWeek>
        </RegularDayType>
        <SpecialDaysOperation>
          <DaysOfNonOperation>
            <DateRange>
              <StartDate>2017-05-21</StartDate>
              <EndDate>2017-05-23</EndDate>
            </DateRange>
          </DaysOfNonOperation>
        </SpecialDaysOperation>
      </OperatingProfile>
      <VehicleJourneyCode>1868</VehicleJourneyCode>
      <ServiceRef>YECO045</ServiceRef>
      <LineRef>0</LineRef>
      <JourneyPatternRef>JPS_YECO045-7</JourneyPatternRef>
      <DepartureTime>10:15:00</DepartureTime>
    </VehicleJourney>
    <VehicleJourney>
      <OperatorRef>EY</OperatorRef>
      <OperatingProfile>
        <RegularDayType>
          <DaysOfWeek>
            <Saturday />
          </DaysOfWeek>
        </RegularDayType>
        <SpecialDaysOperation>
          <DaysOfNonOperation>
            <DateRange>
              <StartDate>2017-05-21</StartDate>
              <EndDate>2017-05-23</EndDate>
            </DateRange>
          </DaysOfNonOperation>
        </SpecialDaysOperation>
      </OperatingProfile>
      <VehicleJourneyCode>1869</VehicleJourneyCode>
      <ServiceRef>YECO045</ServiceRef>
      <LineRef>0</LineRef>
      <JourneyPatternRef>JPS_YECO045-7</JourneyPatternRef>
      <DepartureTime>12:15:00</DepartureTime>
    </VehicleJourney>
    <VehicleJourney>
      <OperatorRef>EY</OperatorRef>
      <OperatingProfile>
        <RegularDayType>
          <DaysOfWeek>
            <Saturday />
          </DaysOfWeek>
        </RegularDayType>
        <SpecialDaysOperation>
          <DaysOfNonOperation>
            <DateRange>
              <StartDate>2017-05-21</StartDate>
              <EndDate>2017-05-23</EndDate>
            </DateRange>
          </DaysOfNonOperation>
        </SpecialDaysOperation>
      </OperatingProfile>
      <VehicleJourneyCode>1870</VehicleJourneyCode>
      <ServiceRef>YECO045</ServiceRef>
      <LineRef>0</LineRef>
      <JourneyPatternRef>JPS_YECO045-8</JourneyPatternRef>
      <DepartureTime>14:15:00</DepartureTime>
    </VehicleJourney>
  </VehicleJourneys>
</TransXChange>