<?xml version="1.0" encoding="utf-8"?>
<TransXChange xmlns:xsd="http://www.w3.org/2001/XMLSchema" xmlns:xsi="http://www.w3.org/2001/XMLSchema-instance" xsi:schemaLocation="http://www.transxchange.org.uk/ http://www.transxchange.org.uk/schema/2.1/TransXChange_general.xsd" CreationDateTime="2017-09-18T09:33:00-00:00" ModificationDateTime="2017-09-18T09:33:00-00:00" Modification="new" RevisionNumber="0" FileName="SVRYEAO512.xml" SchemaVersion="2.1" RegistrationDocument="false" xmlns="http://www.transxchange.org.uk/">
  <ServicedOrganisations>
    <ServicedOrganisation>
      <OrganisationCode>1</OrganisationCode>
      <Name>
.
</Name>
      <WorkingDays>
        <DateRange>
          <StartDate>2017-06-05</StartDate>
          <EndDate>2017-07-25</EndDate>
        </DateRange>
        <DateRange>
          <StartDate>2017-09-04</StartDate>
          <EndDate>2017-10-27</EndDate>
        </DateRange>
        <DateRange>
          <StartDate>2017-11-06</StartDate>
          <EndDate>2017-12-22</EndDate>
        </DateRange>
        <DateRange>
          <StartDate>2018-01-08</StartDate>
          <EndDate>2018-02-09</EndDate>
        </DateRange>
        <DateRange>
          <StartDate>2018-02-19</StartDate>
          <EndDate>2018-03-23</EndDate>
        </DateRange>
      </WorkingDays>
    </ServicedOrganisation>
  </ServicedOrganisations>
  <StopPoints>
    <AnnotatedStopPointRef>
      <StopPointRef>2200YEZ01251</StopPointRef>
      <CommonName>Bridlington Bus Station</CommonName>
    </AnnotatedStopPointRef>
    <AnnotatedStopPointRef>
      <StopPointRef>2200YEA00491</StopPointRef>
      <CommonName>Bridlington Promenade</CommonName>
    </AnnotatedStopPointRef>
    <AnnotatedStopPointRef>
      <StopPointRef>2200YEA00489</StopPointRef>
      <CommonName>Bridlington Promenade</CommonName>
    </AnnotatedStopPointRef>
    <AnnotatedStopPointRef>
      <StopPointRef>2200YEA00487</StopPointRef>
      <CommonName>Bridlington Flamborough Rd</CommonName>
    </AnnotatedStopPointRef>
    <AnnotatedStopPointRef>
      <StopPointRef>2200YEA00486</StopPointRef>
      <CommonName>Bridlington Flamborough Rd</CommonName>
    </AnnotatedStopPointRef>
    <AnnotatedStopPointRef>
      <StopPointRef>2200YEA00483</StopPointRef>
      <CommonName>Bridlington Eighth Avenue</CommonName>
    </AnnotatedStopPointRef>
    <AnnotatedStopPointRef>
      <StopPointRef>2200YEA00480</StopPointRef>
      <CommonName>Bridlington Limekiln Lane</CommonName>
    </AnnotatedStopPointRef>
    <AnnotatedStopPointRef>
      <StopPointRef>2200YEA01639</StopPointRef>
      <CommonName>Bridlington Limekiln Lane</CommonName>
    </AnnotatedStopPointRef>
    <AnnotatedStopPointRef>
      <StopPointRef>2200YEA00453</StopPointRef>
      <CommonName>Bridlington Viking Road</CommonName>
    </AnnotatedStopPointRef>
    <AnnotatedStopPointRef>
      <StopPointRef>2200YEA00452</StopPointRef>
      <CommonName>Bridlington Viking Road</CommonName>
    </AnnotatedStopPointRef>
    <AnnotatedStopPointRef>
      <StopPointRef>2200YEA01579</StopPointRef>
      <CommonName>Bridlington Viking Road</CommonName>
    </AnnotatedStopPointRef>
    <AnnotatedStopPointRef>
      <StopPointRef>2200YEZ01274</StopPointRef>
      <CommonName>Bridlington Thorntondale</CommonName>
    </AnnotatedStopPointRef>
    <AnnotatedStopPointRef>
      <StopPointRef>2200YEA00450</StopPointRef>
      <CommonName>Bridlington Marton Gate</CommonName>
    </AnnotatedStopPointRef>
    <AnnotatedStopPointRef>
      <StopPointRef>2200YEA00448</StopPointRef>
      <CommonName>Bridlington Marton Road</CommonName>
    </AnnotatedStopPointRef>
    <AnnotatedStopPointRef>
      <StopPointRef>2200YEA01574</StopPointRef>
      <CommonName>Bridlington Bempton Lane</CommonName>
    </AnnotatedStopPointRef>
    <AnnotatedStopPointRef>
      <StopPointRef>2200YEA01109</StopPointRef>
      <CommonName>Bridlington Bempton Lane</CommonName>
    </AnnotatedStopPointRef>
    <AnnotatedStopPointRef>
      <StopPointRef>2200YEA01573</StopPointRef>
      <CommonName>Bridlington Trentham Drive</CommonName>
    </AnnotatedStopPointRef>
    <AnnotatedStopPointRef>
      <StopPointRef>2200YEA00462</StopPointRef>
      <CommonName>Bridlington Sewerby Road</CommonName>
    </AnnotatedStopPointRef>
    <AnnotatedStopPointRef>
      <StopPointRef>2200YEA00465</StopPointRef>
      <CommonName>Bridlington Kirkgate</CommonName>
    </AnnotatedStopPointRef>
    <AnnotatedStopPointRef>
      <StopPointRef>2200YEA11682</StopPointRef>
      <CommonName>Bridlington St John's Street</CommonName>
    </AnnotatedStopPointRef>
    <AnnotatedStopPointRef>
      <StopPointRef>2200YEA01659</StopPointRef>
      <CommonName>Bridlington St John's Street</CommonName>
    </AnnotatedStopPointRef>
    <AnnotatedStopPointRef>
      <StopPointRef>2200YEA00496</StopPointRef>
      <CommonName>Bridlington Quay Road</CommonName>
    </AnnotatedStopPointRef>
    <AnnotatedStopPointRef>
      <StopPointRef>2200YEA00494</StopPointRef>
      <CommonName>Bridlington Quay Road</CommonName>
    </AnnotatedStopPointRef>
    <AnnotatedStopPointRef>
      <StopPointRef>2200YEA00492</StopPointRef>
      <CommonName>Bridlington Quay Road</CommonName>
    </AnnotatedStopPointRef>
    <AnnotatedStopPointRef>
      <StopPointRef>2200YEA01628</StopPointRef>
      <CommonName>Bridlington Prospect Street</CommonName>
    </AnnotatedStopPointRef>
  </StopPoints>
  <RouteSections>
    <RouteSection id="YEAO512_007">
      <RouteLink id="YEAO512_007_6599">
        <From>
          <StopPointRef>2200YEZ01251</StopPointRef>
        </From>
        <To>
          <StopPointRef>2200YEA00491</StopPointRef>
        </To>
        <Direction>outbound</Direction>
      </RouteLink>
      <RouteLink id="YEAO512_007_6600">
        <From>
          <StopPointRef>2200YEA00491</StopPointRef>
        </From>
        <To>
          <StopPointRef>2200YEA00489</StopPointRef>
        </To>
        <Direction>outbound</Direction>
      </RouteLink>
      <RouteLink id="YEAO512_007_6601">
        <From>
          <StopPointRef>2200YEA00489</StopPointRef>
        </From>
        <To>
          <StopPointRef>2200YEA00487</StopPointRef>
        </To>
        <Direction>outbound</Direction>
      </RouteLink>
      <RouteLink id="YEAO512_007_6602">
        <From>
          <StopPointRef>2200YEA00487</StopPointRef>
        </From>
        <To>
          <StopPointRef>2200YEA00486</StopPointRef>
        </To>
        <Direction>outbound</Direction>
      </RouteLink>
      <RouteLink id="YEAO512_007_6603">
        <From>
          <StopPointRef>2200YEA00486</StopPointRef>
        </From>
        <To>
          <StopPointRef>2200YEA00483</StopPointRef>
        </To>
        <Direction>outbound</Direction>
      </RouteLink>
      <RouteLink id="YEAO512_007_6604">
        <From>
          <StopPointRef>2200YEA00483</StopPointRef>
        </From>
        <To>
          <StopPointRef>2200YEA00480</StopPointRef>
        </To>
        <Direction>outbound</Direction>
      </RouteLink>
      <RouteLink id="YEAO512_007_6605">
        <From>
          <StopPointRef>2200YEA00480</StopPointRef>
        </From>
        <To>
          <StopPointRef>2200YEA01639</StopPointRef>
        </To>
        <Direction>outbound</Direction>
      </RouteLink>
      <RouteLink id="YEAO512_007_6606">
        <From>
          <StopPointRef>2200YEA01639</StopPointRef>
        </From>
        <To>
          <StopPointRef>2200YEA00453</StopPointRef>
        </To>
        <Direction>outbound</Direction>
      </RouteLink>
      <RouteLink id="YEAO512_007_6607">
        <From>
          <StopPointRef>2200YEA00453</StopPointRef>
        </From>
        <To>
          <StopPointRef>2200YEA00452</StopPointRef>
        </To>
        <Direction>outbound</Direction>
      </RouteLink>
      <RouteLink id="YEAO512_007_6608">
        <From>
          <StopPointRef>2200YEA00452</StopPointRef>
        </From>
        <To>
          <StopPointRef>2200YEA01579</StopPointRef>
        </To>
        <Direction>outbound</Direction>
      </RouteLink>
      <RouteLink id="YEAO512_007_6609">
        <From>
          <StopPointRef>2200YEA01579</StopPointRef>
        </From>
        <To>
          <StopPointRef>2200YEZ01274</StopPointRef>
        </To>
        <Direction>outbound</Direction>
      </RouteLink>
      <RouteLink id="YEAO512_007_6610">
        <From>
          <StopPointRef>2200YEZ01274</StopPointRef>
        </From>
        <To>
          <StopPointRef>2200YEA00450</StopPointRef>
        </To>
        <Direction>outbound</Direction>
      </RouteLink>
      <RouteLink id="YEAO512_007_6611">
        <From>
          <StopPointRef>2200YEA00450</StopPointRef>
        </From>
        <To>
          <StopPointRef>2200YEA00448</StopPointRef>
        </To>
        <Direction>outbound</Direction>
      </RouteLink>
      <RouteLink id="YEAO512_007_6612">
        <From>
          <StopPointRef>2200YEA00448</StopPointRef>
        </From>
        <To>
          <StopPointRef>2200YEA01574</StopPointRef>
        </To>
        <Direction>outbound</Direction>
      </RouteLink>
      <RouteLink id="YEAO512_007_6613">
        <From>
          <StopPointRef>2200YEA01574</StopPointRef>
        </From>
        <To>
          <StopPointRef>2200YEA01109</StopPointRef>
        </To>
        <Direction>outbound</Direction>
      </RouteLink>
      <RouteLink id="YEAO512_007_6614">
        <From>
          <StopPointRef>2200YEA01109</StopPointRef>
        </From>
        <To>
          <StopPointRef>2200YEA01573</StopPointRef>
        </To>
        <Direction>outbound</Direction>
      </RouteLink>
      <RouteLink id="YEAO512_007_6615">
        <From>
          <StopPointRef>2200YEA01573</StopPointRef>
        </From>
        <To>
          <StopPointRef>2200YEA00462</StopPointRef>
        </To>
        <Direction>outbound</Direction>
      </RouteLink>
      <RouteLink id="YEAO512_007_6616">
        <From>
          <StopPointRef>2200YEA00462</StopPointRef>
        </From>
        <To>
          <StopPointRef>2200YEA00465</StopPointRef>
        </To>
        <Direction>outbound</Direction>
      </RouteLink>
      <RouteLink id="YEAO512_007_6617">
        <From>
          <StopPointRef>2200YEA00465</StopPointRef>
        </From>
        <To>
          <StopPointRef>2200YEA11682</StopPointRef>
        </To>
        <Direction>outbound</Direction>
      </RouteLink>
      <RouteLink id="YEAO512_007_6618">
        <From>
          <StopPointRef>2200YEA11682</StopPointRef>
        </From>
        <To>
          <StopPointRef>2200YEA01659</StopPointRef>
        </To>
        <Direction>outbound</Direction>
      </RouteLink>
      <RouteLink id="YEAO512_007_6619">
        <From>
          <StopPointRef>2200YEA01659</StopPointRef>
        </From>
        <To>
          <StopPointRef>2200YEA00496</StopPointRef>
        </To>
        <Direction>outbound</Direction>
      </RouteLink>
      <RouteLink id="YEAO512_007_6620">
        <From>
          <StopPointRef>2200YEA00496</StopPointRef>
        </From>
        <To>
          <StopPointRef>2200YEA00494</StopPointRef>
        </To>
        <Direction>outbound</Direction>
      </RouteLink>
      <RouteLink id="YEAO512_007_6621">
        <From>
          <StopPointRef>2200YEA00494</StopPointRef>
        </From>
        <To>
          <StopPointRef>2200YEA00492</StopPointRef>
        </To>
        <Direction>outbound</Direction>
      </RouteLink>
      <RouteLink id="YEAO512_007_6622">
        <From>
          <StopPointRef>2200YEA00492</StopPointRef>
        </From>
        <To>
          <StopPointRef>2200YEA01628</StopPointRef>
        </To>
        <Direction>outbound</Direction>
      </RouteLink>
      <RouteLink id="YEAO512_007_6623">
        <From>
          <StopPointRef>2200YEA01628</StopPointRef>
        </From>
        <To>
          <StopPointRef>2200YEZ01251</StopPointRef>
        </To>
        <Direction>outbound</Direction>
      </RouteLink>
    </RouteSection>
  </RouteSections>
  <Routes>
    <Route id="YEAO512_007">
      <Description>Bridlington - Bempton Lane - Bridlington (Circular Service)
</Description>
      <RouteSectionRef>YEAO512_007</RouteSectionRef>
    </Route>
  </Routes>
  <JourneyPatternSections>
    <JourneyPatternSection id="JPS_YEAO512-2">
      <JourneyPatternTimingLink id="JPS_YEAO512-2_6599">
        <From>
          <StopPointRef>2200YEZ01251</StopPointRef>
          <TimingStatus>PTP</TimingStatus>
        </From>
        <To>
          <StopPointRef>2200YEA00491</StopPointRef>
          <TimingStatus>OTH</TimingStatus>
        </To>
        <RouteLinkRef>YEAO512_007_6599</RouteLinkRef>
        <Direction>outbound</Direction>
        <RunTime>PT17S</RunTime>
      </JourneyPatternTimingLink>
      <JourneyPatternTimingLink id="JPS_YEAO512-2_6600">
        <From>
          <StopPointRef>2200YEA00491</StopPointRef>
          <TimingStatus>OTH</TimingStatus>
        </From>
        <To>
          <StopPointRef>2200YEA00489</StopPointRef>
          <TimingStatus>OTH</TimingStatus>
        </To>
        <RouteLinkRef>YEAO512_007_6600</RouteLinkRef>
        <Direction>outbound</Direction>
        <RunTime>PT23S</RunTime>
      </JourneyPatternTimingLink>
      <JourneyPatternTimingLink id="JPS_YEAO512-2_6601">
        <From>
          <StopPointRef>2200YEA00489</StopPointRef>
          <TimingStatus>OTH</TimingStatus>
        </From>
        <To>
          <StopPointRef>2200YEA00487</StopPointRef>
          <TimingStatus>OTH</TimingStatus>
        </To>
        <RouteLinkRef>YEAO512_007_6601</RouteLinkRef>
        <Direction>outbound</Direction>
        <RunTime>PT33S</RunTime>
      </JourneyPatternTimingLink>
      <JourneyPatternTimingLink id="JPS_YEAO512-2_6602">
        <From>
          <StopPointRef>2200YEA00487</StopPointRef>
          <TimingStatus>OTH</TimingStatus>
        </From>
        <To>
          <StopPointRef>2200YEA00486</StopPointRef>
          <TimingStatus>OTH</TimingStatus>
        </To>
        <RouteLinkRef>YEAO512_007_6602</RouteLinkRef>
        <Direction>outbound</Direction>
        <RunTime>PT34S</RunTime>
      </JourneyPatternTimingLink>
      <JourneyPatternTimingLink id="JPS_YEAO512-2_6603">
        <From>
          <StopPointRef>2200YEA00486</StopPointRef>
          <TimingStatus>OTH</TimingStatus>
        </From>
        <To>
          <StopPointRef>2200YEA00483</StopPointRef>
          <TimingStatus>OTH</TimingStatus>
        </To>
        <RouteLinkRef>YEAO512_007_6603</RouteLinkRef>
        <Direction>outbound</Direction>
        <RunTime>PT90S</RunTime>
      </JourneyPatternTimingLink>
      <JourneyPatternTimingLink id="JPS_YEAO512-2_6604">
        <From>
          <StopPointRef>2200YEA00483</StopPointRef>
          <TimingStatus>OTH</TimingStatus>
        </From>
        <To>
          <StopPointRef>2200YEA00480</StopPointRef>
          <TimingStatus>OTH</TimingStatus>
        </To>
        <RouteLinkRef>YEAO512_007_6604</RouteLinkRef>
        <Direction>outbound</Direction>
        <RunTime>PT58S</RunTime>
      </JourneyPatternTimingLink>
      <JourneyPatternTimingLink id="JPS_YEAO512-2_6605">
        <From>
          <StopPointRef>2200YEA00480</StopPointRef>
          <TimingStatus>OTH</TimingStatus>
        </From>
        <To>
          <StopPointRef>2200YEA01639</StopPointRef>
          <TimingStatus>OTH</TimingStatus>
        </To>
        <RouteLinkRef>YEAO512_007_6605</RouteLinkRef>
        <Direction>outbound</Direction>
        <RunTime>PT26S</RunTime>
      </JourneyPatternTimingLink>
      <JourneyPatternTimingLink id="JPS_YEAO512-2_6606">
        <From>
          <StopPointRef>2200YEA01639</StopPointRef>
          <TimingStatus>OTH</TimingStatus>
        </From>
        <To>
          <StopPointRef>2200YEA00453</StopPointRef>
          <TimingStatus>OTH</TimingStatus>
        </To>
        <RouteLinkRef>YEAO512_007_6606</RouteLinkRef>
        <Direction>outbound</Direction>
        <RunTime>PT42S</RunTime>
      </JourneyPatternTimingLink>
      <JourneyPatternTimingLink id="JPS_YEAO512-2_6607">
        <From>
          <StopPointRef>2200YEA00453</StopPointRef>
          <TimingStatus>OTH</TimingStatus>
        </From>
        <To>
          <StopPointRef>2200YEA00452</StopPointRef>
          <TimingStatus>OTH</TimingStatus>
        </To>
        <RouteLinkRef>YEAO512_007_6607</RouteLinkRef>
        <Direction>outbound</Direction>
        <RunTime>PT27S</RunTime>
      </JourneyPatternTimingLink>
      <JourneyPatternTimingLink id="JPS_YEAO512-2_6608">
        <From>
          <StopPointRef>2200YEA00452</StopPointRef>
          <TimingStatus>OTH</TimingStatus>
        </From>
        <To>
          <StopPointRef>2200YEA01579</StopPointRef>
          <TimingStatus>OTH</TimingStatus>
        </To>
        <RouteLinkRef>YEAO512_007_6608</RouteLinkRef>
        <Direction>outbound</Direction>
        <RunTime>PT37S</RunTime>
      </JourneyPatternTimingLink>
      <JourneyPatternTimingLink id="JPS_YEAO512-2_6609">
        <From>
          <StopPointRef>2200YEA01579</StopPointRef>
          <TimingStatus>OTH</TimingStatus>
        </From>
        <To>
          <StopPointRef>2200YEZ01274</StopPointRef>
          <TimingStatus>PTP</TimingStatus>
        </To>
        <RouteLinkRef>YEAO512_007_6609</RouteLinkRef>
        <Direction>outbound</Direction>
        <RunTime>PT213S</RunTime>
      </JourneyPatternTimingLink>
      <JourneyPatternTimingLink id="JPS_YEAO512-2_6610">
        <From>
          <StopPointRef>2200YEZ01274</StopPointRef>
          <TimingStatus>PTP</TimingStatus>
        </From>
        <To>
          <StopPointRef>2200YEA00450</StopPointRef>
          <TimingStatus>OTH</TimingStatus>
        </To>
        <RouteLinkRef>YEAO512_007_6610</RouteLinkRef>
        <Direction>outbound</Direction>
        <RunTime>PT247S</RunTime>
      </JourneyPatternTimingLink>
      <JourneyPatternTimingLink id="JPS_YEAO512-2_6611">
        <From>
          <StopPointRef>2200YEA00450</StopPointRef>
          <TimingStatus>OTH</TimingStatus>
        </From>
        <To>
          <StopPointRef>2200YEA00448</StopPointRef>
          <TimingStatus>OTH</TimingStatus>
        </To>
        <RouteLinkRef>YEAO512_007_6611</RouteLinkRef>
        <Direction>outbound</Direction>
        <RunTime>PT59S</RunTime>
      </JourneyPatternTimingLink>
      <JourneyPatternTimingLink id="JPS_YEAO512-2_6612">
        <From>
          <StopPointRef>2200YEA00448</StopPointRef>
          <TimingStatus>OTH</TimingStatus>
        </From>
        <To>
          <StopPointRef>2200YEA01574</StopPointRef>
          <TimingStatus>OTH</TimingStatus>
        </To>
        <RouteLinkRef>YEAO512_007_6612</RouteLinkRef>
        <Direction>outbound</Direction>
        <RunTime>PT54S</RunTime>
      </JourneyPatternTimingLink>
      <JourneyPatternTimingLink id="JPS_YEAO512-2_6613">
        <From>
          <StopPointRef>2200YEA01574</StopPointRef>
          <TimingStatus>OTH</TimingStatus>
        </From>
        <To>
          <StopPointRef>2200YEA01109</StopPointRef>
          <TimingStatus>PTP</TimingStatus>
        </To>
        <RouteLinkRef>YEAO512_007_6613</RouteLinkRef>
        <Direction>outbound</Direction>
        <RunTime>PT60S</RunTime>
      </JourneyPatternTimingLink>
      <JourneyPatternTimingLink id="JPS_YEAO512-2_6614">
        <From>
          <StopPointRef>2200YEA01109</StopPointRef>
          <TimingStatus>PTP</TimingStatus>
        </From>
        <To>
          <StopPointRef>2200YEA01573</StopPointRef>
          <TimingStatus>OTH</TimingStatus>
        </To>
        <RouteLinkRef>YEAO512_007_6614</RouteLinkRef>
        <Direction>outbound</Direction>
        <RunTime>PT156S</RunTime>
      </JourneyPatternTimingLink>
      <JourneyPatternTimingLink id="JPS_YEAO512-2_6615">
        <From>
          <StopPointRef>2200YEA01573</StopPointRef>
          <TimingStatus>OTH</TimingStatus>
        </From>
        <To>
          <StopPointRef>2200YEA00462</StopPointRef>
          <TimingStatus>OTH</TimingStatus>
        </To>
        <RouteLinkRef>YEAO512_007_6615</RouteLinkRef>
        <Direction>outbound</Direction>
        <RunTime>PT195S</RunTime>
      </JourneyPatternTimingLink>
      <JourneyPatternTimingLink id="JPS_YEAO512-2_6616">
        <From>
          <StopPointRef>2200YEA00462</StopPointRef>
          <TimingStatus>OTH</TimingStatus>
        </From>
        <To>
          <StopPointRef>2200YEA00465</StopPointRef>
          <TimingStatus>PTP</TimingStatus>
        </To>
        <RouteLinkRef>YEAO512_007_6616</RouteLinkRef>
        <Direction>outbound</Direction>
        <RunTime>PT69S</RunTime>
      </JourneyPatternTimingLink>
      <JourneyPatternTimingLink id="JPS_YEAO512-2_6617">
        <From>
          <StopPointRef>2200YEA00465</StopPointRef>
          <TimingStatus>PTP</TimingStatus>
        </From>
        <To>
          <StopPointRef>2200YEA11682</StopPointRef>
          <TimingStatus>OTH</TimingStatus>
        </To>
        <RouteLinkRef>YEAO512_007_6617</RouteLinkRef>
        <Direction>outbound</Direction>
        <RunTime>PT100S</RunTime>
      </JourneyPatternTimingLink>
      <JourneyPatternTimingLink id="JPS_YEAO512-2_6618">
        <From>
          <StopPointRef>2200YEA11682</StopPointRef>
          <TimingStatus>OTH</TimingStatus>
        </From>
        <To>
          <StopPointRef>2200YEA01659</StopPointRef>
          <TimingStatus>OTH</TimingStatus>
        </To>
        <RouteLinkRef>YEAO512_007_6618</RouteLinkRef>
        <Direction>outbound</Direction>
        <RunTime>PT137S</RunTime>
      </JourneyPatternTimingLink>
      <JourneyPatternTimingLink id="JPS_YEAO512-2_6619">
        <From>
          <StopPointRef>2200YEA01659</StopPointRef>
          <TimingStatus>OTH</TimingStatus>
        </From>
        <To>
          <StopPointRef>2200YEA00496</StopPointRef>
          <TimingStatus>OTH</TimingStatus>
        </To>
        <RouteLinkRef>YEAO512_007_6619</RouteLinkRef>
        <Direction>outbound</Direction>
        <RunTime>PT154S</RunTime>
      </JourneyPatternTimingLink>
      <JourneyPatternTimingLink id="JPS_YEAO512-2_6620">
        <From>
          <StopPointRef>2200YEA00496</StopPointRef>
          <TimingStatus>OTH</TimingStatus>
        </From>
        <To>
          <StopPointRef>2200YEA00494</StopPointRef>
          <TimingStatus>OTH</TimingStatus>
        </To>
        <RouteLinkRef>YEAO512_007_6620</RouteLinkRef>
        <Direction>outbound</Direction>
        <RunTime>PT115S</RunTime>
      </JourneyPatternTimingLink>
      <JourneyPatternTimingLink id="JPS_YEAO512-2_6621">
        <From>
          <StopPointRef>2200YEA00494</StopPointRef>
          <TimingStatus>OTH</TimingStatus>
        </From>
        <To>
          <StopPointRef>2200YEA00492</StopPointRef>
          <TimingStatus>OTH</TimingStatus>
        </To>
        <RouteLinkRef>YEAO512_007_6621</RouteLinkRef>
        <Direction>outbound</Direction>
        <RunTime>PT116S</RunTime>
      </JourneyPatternTimingLink>
      <JourneyPatternTimingLink id="JPS_YEAO512-2_6622">
        <From>
          <StopPointRef>2200YEA00492</StopPointRef>
          <TimingStatus>OTH</TimingStatus>
        </From>
        <To>
          <StopPointRef>2200YEA01628</StopPointRef>
          <TimingStatus>OTH</TimingStatus>
        </To>
        <RouteLinkRef>YEAO512_007_6622</RouteLinkRef>
        <Direction>outbound</Direction>
        <RunTime>PT85S</RunTime>
      </JourneyPatternTimingLink>
      <JourneyPatternTimingLink id="JPS_YEAO512-2_6623">
        <From>
          <StopPointRef>2200YEA01628</StopPointRef>
          <TimingStatus>OTH</TimingStatus>
        </From>
        <To>
          <StopPointRef>2200YEZ01251</StopPointRef>
          <TimingStatus>PTP</TimingStatus>
        </To>
        <RouteLinkRef>YEAO512_007_6623</RouteLinkRef>
        <Direction>outbound</Direction>
        <RunTime>PT193S</RunTime>
      </JourneyPatternTimingLink>
    </JourneyPatternSection>
  </JourneyPatternSections>
  <Operators>
    <Operator id="EY">
      <NationalOperatorCode>EYMS</NationalOperatorCode>
      <OperatorCode>EY</OperatorCode>
      <OperatorShortName>EYMS</OperatorShortName>
    </Operator>
  </Operators>
  <Services>
    <Service>
      <ServiceCode>YEAO512</ServiceCode>
      <Lines>
        <Line id="0">
          <LineName>512</LineName>
        </Line>
      </Lines>
      <OperatingPeriod>
        <StartDate>2016-09-05</StartDate>
      </OperatingPeriod>
      <RegisteredOperatorRef>EY</RegisteredOperatorRef>
      <StopRequirements>
        <NoNewStopsRequired />
      </StopRequirements>
      <Mode>bus</Mode>
      <Description>Bridlington - Bempton Lane - Bridlington (Circular Service)</Description>
      <StandardService>
        <Origin>Bridlington</Origin>
        <Destination>Bridlington (Circular Service)</Destination>
        <JourneyPattern id="JPS_YEAO512-2">
          <Direction>outbound</Direction>
          <JourneyPatternSectionRefs>JPS_YEAO512-2</JourneyPatternSectionRefs>
        </JourneyPattern>
      </StandardService>
    </Service>
  </Services>
  <VehicleJourneys>
    <VehicleJourney>
      <OperatorRef>EY</OperatorRef>
      <OperatingProfile>
        <RegularDayType>
          <DaysOfWeek>
            <Saturday />
          </DaysOfWeek>
        </RegularDayType>
      </OperatingProfile>
      <VehicleJourneyCode>997</VehicleJourneyCode>
      <ServiceRef>YEAO512</ServiceRef>
      <LineRef>0</LineRef>
      <JourneyPatternRef>JPS_YEAO512-2</JourneyPatternRef>
      <DepartureTime>08:50:00</DepartureTime>
    </VehicleJourney>
    <VehicleJourney>
      <OperatorRef>EY</OperatorRef>
      <OperatingProfile>
        <RegularDayType>
          <DaysOfWeek>
            <Saturday />
          </DaysOfWeek>
        </RegularDayType>
      </OperatingProfile>
      <VehicleJourneyCode>998</VehicleJourneyCode>
      <ServiceRef>YEAO512</ServiceRef>
      <LineRef>0</LineRef>
      <JourneyPatternRef>JPS_YEAO512-2</JourneyPatternRef>
      <DepartureTime>09:35:00</DepartureTime>
    </VehicleJourney>
    <VehicleJourney>
      <OperatorRef>EY</OperatorRef>
      <OperatingProfile>
        <RegularDayType>
          <DaysOfWeek>
            <Saturday />
          </DaysOfWeek>
        </RegularDayType>
      </OperatingProfile>
      <VehicleJourneyCode>999</VehicleJourneyCode>
      <ServiceRef>YEAO512</ServiceRef>
      <LineRef>0</LineRef>
      <JourneyPatternRef>JPS_YEAO512-2</JourneyPatternRef>
      <DepartureTime>10:20:00</DepartureTime>
    </VehicleJourney>
    <VehicleJourney>
      <OperatorRef>EY</OperatorRef>
      <OperatingProfile>
        <RegularDayType>
          <DaysOfWeek>
            <Saturday />
          </DaysOfWeek>
        </RegularDayType>
      </OperatingProfile>
      <VehicleJourneyCode>1000</VehicleJourneyCode>
      <ServiceRef>YEAO512</ServiceRef>
      <LineRef>0</LineRef>
      <JourneyPatternRef>JPS_YEAO512-2</JourneyPatternRef>
      <DepartureTime>11:05:00</DepartureTime>
    </VehicleJourney>
    <VehicleJourney>
      <OperatorRef>EY</OperatorRef>
      <OperatingProfile>
        <RegularDayType>
          <DaysOfWeek>
            <Saturday />
          </DaysOfWeek>
        </RegularDayType>
      </OperatingProfile>
      <VehicleJourneyCode>1001</VehicleJourneyCode>
      <ServiceRef>YEAO512</ServiceRef>
      <LineRef>0</LineRef>
      <JourneyPatternRef>JPS_YEAO512-2</JourneyPatternRef>
      <DepartureTime>11:50:00</DepartureTime>
    </VehicleJourney>
    <VehicleJourney>
      <OperatorRef>EY</OperatorRef>
      <OperatingProfile>
        <RegularDayType>
          <DaysOfWeek>
            <Saturday />
          </DaysOfWeek>
        </RegularDayType>
      </OperatingProfile>
      <VehicleJourneyCode>1002</VehicleJourneyCode>
      <ServiceRef>YEAO512</ServiceRef>
      <LineRef>0</LineRef>
      <JourneyPatternRef>JPS_YEAO512-2</JourneyPatternRef>
      <DepartureTime>12:35:00</DepartureTime>
    </VehicleJourney>
    <VehicleJourney>
      <OperatorRef>EY</OperatorRef>
      <OperatingProfile>
        <RegularDayType>
          <DaysOfWeek>
            <Saturday />
          </DaysOfWeek>
        </RegularDayType>
      </OperatingProfile>
      <VehicleJourneyCode>1003</VehicleJourneyCode>
      <ServiceRef>YEAO512</ServiceRef>
      <LineRef>0</LineRef>
      <JourneyPatternRef>JPS_YEAO512-2</JourneyPatternRef>
      <DepartureTime>13:20:00</DepartureTime>
    </VehicleJourney>
    <VehicleJourney>
      <OperatorRef>EY</OperatorRef>
      <OperatingProfile>
        <RegularDayType>
          <DaysOfWeek>
            <Saturday />
          </DaysOfWeek>
        </RegularDayType>
      </OperatingProfile>
      <VehicleJourneyCode>1004</VehicleJourneyCode>
      <ServiceRef>YEAO512</ServiceRef>
      <LineRef>0</LineRef>
      <JourneyPatternRef>JPS_YEAO512-2</JourneyPatternRef>
      <DepartureTime>14:05:00</DepartureTime>
    </VehicleJourney>
    <VehicleJourney>
      <OperatorRef>EY</OperatorRef>
      <OperatingProfile>
        <RegularDayType>
          <DaysOfWeek>
            <Saturday />
          </DaysOfWeek>
        </RegularDayType>
      </OperatingProfile>
      <VehicleJourneyCode>1005</VehicleJourneyCode>
      <ServiceRef>YEAO512</ServiceRef>
      <LineRef>0</LineRef>
      <JourneyPatternRef>JPS_YEAO512-2</JourneyPatternRef>
      <DepartureTime>14:50:00</DepartureTime>
    </VehicleJourney>
    <VehicleJourney>
      <OperatorRef>EY</OperatorRef>
      <OperatingProfile>
        <RegularDayType>
          <DaysOfWeek>
            <Saturday />
          </DaysOfWeek>
        </RegularDayType>
      </OperatingProfile>
      <VehicleJourneyCode>1006</VehicleJourneyCode>
      <ServiceRef>YEAO512</ServiceRef>
      <LineRef>0</LineRef>
      <JourneyPatternRef>JPS_YEAO512-2</JourneyPatternRef>
      <DepartureTime>15:35:00</DepartureTime>
    </VehicleJourney>
    <VehicleJourney>
      <OperatorRef>EY</OperatorRef>
      <OperatingProfile>
        <RegularDayType>
          <DaysOfWeek>
            <Saturday />
          </DaysOfWeek>
        </RegularDayType>
      </OperatingProfile>
      <VehicleJourneyCode>1007</VehicleJourneyCode>
      <ServiceRef>YEAO512</ServiceRef>
      <LineRef>0</LineRef>
      <JourneyPatternRef>JPS_YEAO512-2</JourneyPatternRef>
      <DepartureTime>16:20:00</DepartureTime>
    </VehicleJourney>
    <VehicleJourney>
      <OperatorRef>EY</OperatorRef>
      <OperatingProfile>
        <RegularDayType>
          <DaysOfWeek>
            <Saturday />
          </DaysOfWeek>
        </RegularDayType>
      </OperatingProfile>
      <VehicleJourneyCode>1008</VehicleJourneyCode>
      <ServiceRef>YEAO512</ServiceRef>
      <LineRef>0</LineRef>
      <JourneyPatternRef>JPS_YEAO512-2</JourneyPatternRef>
      <DepartureTime>17:05:00</DepartureTime>
    </VehicleJourney>
    <VehicleJourney>
      <OperatorRef>EY</OperatorRef>
      <OperatingProfile>
        <RegularDayType>
          <DaysOfWeek>
            <Monday />
            <Tuesday />
            <Wednesday />
            <Thursday />
            <Friday />
          </DaysOfWeek>
        </RegularDayType>
        <SpecialDaysOperation>
          <DaysOfNonOperation>
            <DateRange>
              <StartDate>2016-09-05</StartDate>
              <EndDate>2017-07-03</EndDate>
            </DateRange>
          </DaysOfNonOperation>
        </SpecialDaysOperation>
        <BankHolidayOperation>
          <DaysOfNonOperation>
            <LateSummerBankHolidayNotScotland />
          </DaysOfNonOperation>
        </BankHolidayOperation>
      </OperatingProfile>
      <VehicleJourneyCode>985</VehicleJourneyCode>
      <ServiceRef>YEAO512</ServiceRef>
      <LineRef>0</LineRef>
      <JourneyPatternRef>JPS_YEAO512-2</JourneyPatternRef>
      <DepartureTime>08:50:00</DepartureTime>
    </VehicleJourney>
    <VehicleJourney>
      <OperatorRef>EY</OperatorRef>
      <OperatingProfile>
        <RegularDayType>
          <DaysOfWeek>
            <Monday />
            <Tuesday />
            <Wednesday />
            <Thursday />
            <Friday />
          </DaysOfWeek>
        </RegularDayType>
        <SpecialDaysOperation>
          <DaysOfNonOperation>
            <DateRange>
              <StartDate>2016-09-05</StartDate>
              <EndDate>2017-07-03</EndDate>
            </DateRange>
          </DaysOfNonOperation>
        </SpecialDaysOperation>
        <BankHolidayOperation>
          <DaysOfNonOperation>
            <LateSummerBankHolidayNotScotland />
          </DaysOfNonOperation>
        </BankHolidayOperation>
      </OperatingProfile>
      <VehicleJourneyCode>986</VehicleJourneyCode>
      <ServiceRef>YEAO512</ServiceRef>
      <LineRef>0</LineRef>
      <JourneyPatternRef>JPS_YEAO512-2</JourneyPatternRef>
      <DepartureTime>09:35:00</DepartureTime>
    </VehicleJourney>
    <VehicleJourney>
      <OperatorRef>EY</OperatorRef>
      <OperatingProfile>
        <RegularDayType>
          <DaysOfWeek>
            <Monday />
            <Tuesday />
            <Wednesday />
            <Thursday />
            <Friday />
          </DaysOfWeek>
        </RegularDayType>
        <SpecialDaysOperation>
          <DaysOfNonOperation>
            <DateRange>
              <StartDate>2016-09-05</StartDate>
              <EndDate>2017-07-03</EndDate>
            </DateRange>
          </DaysOfNonOperation>
        </SpecialDaysOperation>
        <BankHolidayOperation>
          <DaysOfNonOperation>
            <LateSummerBankHolidayNotScotland />
          </DaysOfNonOperation>
        </BankHolidayOperation>
      </OperatingProfile>
      <VehicleJourneyCode>987</VehicleJourneyCode>
      <ServiceRef>YEAO512</ServiceRef>
      <LineRef>0</LineRef>
      <JourneyPatternRef>JPS_YEAO512-2</JourneyPatternRef>
      <DepartureTime>10:20:00</DepartureTime>
    </VehicleJourney>
    <VehicleJourney>
      <OperatorRef>EY</OperatorRef>
      <OperatingProfile>
        <RegularDayType>
          <DaysOfWeek>
            <Monday />
            <Tuesday />
            <Wednesday />
            <Thursday />
            <Friday />
          </DaysOfWeek>
        </RegularDayType>
        <SpecialDaysOperation>
          <DaysOfNonOperation>
            <DateRange>
              <StartDate>2016-09-05</StartDate>
              <EndDate>2017-07-03</EndDate>
            </DateRange>
          </DaysOfNonOperation>
        </SpecialDaysOperation>
        <BankHolidayOperation>
          <DaysOfNonOperation>
            <LateSummerBankHolidayNotScotland />
          </DaysOfNonOperation>
        </BankHolidayOperation>
      </OperatingProfile>
      <VehicleJourneyCode>988</VehicleJourneyCode>
      <ServiceRef>YEAO512</ServiceRef>
      <LineRef>0</LineRef>
      <JourneyPatternRef>JPS_YEAO512-2</JourneyPatternRef>
      <DepartureTime>11:05:00</DepartureTime>
    </VehicleJourney>
    <VehicleJourney>
      <OperatorRef>EY</OperatorRef>
      <OperatingProfile>
        <RegularDayType>
          <DaysOfWeek>
            <Monday />
            <Tuesday />
            <Wednesday />
            <Thursday />
            <Friday />
          </DaysOfWeek>
        </RegularDayType>
        <SpecialDaysOperation>
          <DaysOfNonOperation>
            <DateRange>
              <StartDate>2016-09-05</StartDate>
              <EndDate>2017-07-03</EndDate>
            </DateRange>
          </DaysOfNonOperation>
        </SpecialDaysOperation>
        <BankHolidayOperation>
          <DaysOfNonOperation>
            <LateSummerBankHolidayNotScotland />
          </DaysOfNonOperation>
        </BankHolidayOperation>
      </OperatingProfile>
      <VehicleJourneyCode>989</VehicleJourneyCode>
      <ServiceRef>YEAO512</ServiceRef>
      <LineRef>0</LineRef>
      <JourneyPatternRef>JPS_YEAO512-2</JourneyPatternRef>
      <DepartureTime>11:50:00</DepartureTime>
    </VehicleJourney>
    <VehicleJourney>
      <OperatorRef>EY</OperatorRef>
      <OperatingProfile>
        <RegularDayType>
          <DaysOfWeek>
            <Monday />
            <Tuesday />
            <Wednesday />
            <Thursday />
            <Friday />
          </DaysOfWeek>
        </RegularDayType>
        <SpecialDaysOperation>
          <DaysOfNonOperation>
            <DateRange>
              <StartDate>2016-09-05</StartDate>
              <EndDate>2017-07-03</EndDate>
            </DateRange>
          </DaysOfNonOperation>
        </SpecialDaysOperation>
        <BankHolidayOperation>
          <DaysOfNonOperation>
            <LateSummerBankHolidayNotScotland />
          </DaysOfNonOperation>
        </BankHolidayOperation>
      </OperatingProfile>
      <VehicleJourneyCode>990</VehicleJourneyCode>
      <ServiceRef>YEAO512</ServiceRef>
      <LineRef>0</LineRef>
      <JourneyPatternRef>JPS_YEAO512-2</JourneyPatternRef>
      <DepartureTime>12:35:00</DepartureTime>
    </VehicleJourney>
    <VehicleJourney>
      <OperatorRef>EY</OperatorRef>
      <OperatingProfile>
        <RegularDayType>
          <DaysOfWeek>
            <Monday />
            <Tuesday />
            <Wednesday />
            <Thursday />
            <Friday />
          </DaysOfWeek>
        </RegularDayType>
        <SpecialDaysOperation>
          <DaysOfNonOperation>
            <DateRange>
              <StartDate>2016-09-05</StartDate>
              <EndDate>2017-07-03</EndDate>
            </DateRange>
          </DaysOfNonOperation>
        </SpecialDaysOperation>
        <BankHolidayOperation>
          <DaysOfNonOperation>
            <LateSummerBankHolidayNotScotland />
          </DaysOfNonOperation>
        </BankHolidayOperation>
      </OperatingProfile>
      <VehicleJourneyCode>991</VehicleJourneyCode>
      <ServiceRef>YEAO512</ServiceRef>
      <LineRef>0</LineRef>
      <JourneyPatternRef>JPS_YEAO512-2</JourneyPatternRef>
      <DepartureTime>13:20:00</DepartureTime>
    </VehicleJourney>
    <VehicleJourney>
      <OperatorRef>EY</OperatorRef>
      <OperatingProfile>
        <RegularDayType>
          <DaysOfWeek>
            <Monday />
            <Tuesday />
            <Wednesday />
            <Thursday />
            <Friday />
          </DaysOfWeek>
        </RegularDayType>
        <SpecialDaysOperation>
          <DaysOfNonOperation>
            <DateRange>
              <StartDate>2016-09-05</StartDate>
              <EndDate>2017-07-03</EndDate>
            </DateRange>
          </DaysOfNonOperation>
        </SpecialDaysOperation>
        <BankHolidayOperation>
          <DaysOfNonOperation>
            <LateSummerBankHolidayNotScotland />
          </DaysOfNonOperation>
        </BankHolidayOperation>
      </OperatingProfile>
      <VehicleJourneyCode>992</VehicleJourneyCode>
      <ServiceRef>YEAO512</ServiceRef>
      <LineRef>0</LineRef>
      <JourneyPatternRef>JPS_YEAO512-2</JourneyPatternRef>
      <DepartureTime>14:05:00</DepartureTime>
    </VehicleJourney>
    <VehicleJourney>
      <OperatorRef>EY</OperatorRef>
      <OperatingProfile>
        <RegularDayType>
          <DaysOfWeek>
            <Monday />
            <Tuesday />
            <Wednesday />
            <Thursday />
            <Friday />
          </DaysOfWeek>
        </RegularDayType>
        <ServicedOrganisationDayType>
          <DaysOfNonOperation>
            <WorkingDays>
              <ServicedOrganisationRef>1</ServicedOrganisationRef>
            </WorkingDays>
          </DaysOfNonOperation>
        </ServicedOrganisationDayType>
        <SpecialDaysOperation>
          <DaysOfNonOperation>
            <DateRange>
              <StartDate>2016-09-05</StartDate>
              <EndDate>2017-07-03</EndDate>
            </DateRange>
          </DaysOfNonOperation>
        </SpecialDaysOperation>
        <BankHolidayOperation>
          <DaysOfNonOperation>
            <LateSummerBankHolidayNotScotland />
          </DaysOfNonOperation>
        </BankHolidayOperation>
      </OperatingProfile>
      <VehicleJourneyCode>993</VehicleJourneyCode>
      <ServiceRef>YEAO512</ServiceRef>
      <LineRef>0</LineRef>
      <JourneyPatternRef>JPS_YEAO512-2</JourneyPatternRef>
      <DepartureTime>14:50:00</DepartureTime>
    </VehicleJourney>
    <VehicleJourney>
      <OperatorRef>EY</OperatorRef>
      <OperatingProfile>
        <RegularDayType>
          <DaysOfWeek>
            <Monday />
            <Tuesday />
            <Wednesday />
            <Thursday />
            <Friday />
          </DaysOfWeek>
        </RegularDayType>
        <SpecialDaysOperation>
          <DaysOfNonOperation>
            <DateRange>
              <StartDate>2016-09-05</StartDate>
              <EndDate>2017-07-03</EndDate>
            </DateRange>
          </DaysOfNonOperation>
        </SpecialDaysOperation>
        <BankHolidayOperation>
          <DaysOfNonOperation>
            <LateSummerBankHolidayNotScotland />
          </DaysOfNonOperation>
        </BankHolidayOperation>
      </OperatingProfile>
      <VehicleJourneyCode>994</VehicleJourneyCode>
      <ServiceRef>YEAO512</ServiceRef>
      <LineRef>0</LineRef>
      <JourneyPatternRef>JPS_YEAO512-2</JourneyPatternRef>
      <DepartureTime>15:35:00</DepartureTime>
    </VehicleJourney>
    <VehicleJourney>
      <OperatorRef>EY</OperatorRef>
      <OperatingProfile>
        <RegularDayType>
          <DaysOfWeek>
            <Monday />
            <Tuesday />
            <Wednesday />
            <Thursday />
            <Friday />
          </DaysOfWeek>
        </RegularDayType>
        <SpecialDaysOperation>
          <DaysOfNonOperation>
            <DateRange>
              <StartDate>2016-09-05</StartDate>
              <EndDate>2017-07-03</EndDate>
            </DateRange>
          </DaysOfNonOperation>
        </SpecialDaysOperation>
        <BankHolidayOperation>
          <DaysOfNonOperation>
            <LateSummerBankHolidayNotScotland />
          </DaysOfNonOperation>
        </BankHolidayOperation>
      </OperatingProfile>
      <VehicleJourneyCode>995</VehicleJourneyCode>
      <ServiceRef>YEAO512</ServiceRef>
      <LineRef>0</LineRef>
      <JourneyPatternRef>JPS_YEAO512-2</JourneyPatternRef>
      <DepartureTime>16:20:00</DepartureTime>
    </VehicleJourney>
    <VehicleJourney>
      <OperatorRef>EY</OperatorRef>
      <OperatingProfile>
        <RegularDayType>
          <DaysOfWeek>
            <Monday />
            <Tuesday />
            <Wednesday />
            <Thursday />
            <Friday />
          </DaysOfWeek>
        </RegularDayType>
        <SpecialDaysOperation>
          <DaysOfNonOperation>
            <DateRange>
              <StartDate>2016-09-05</StartDate>
              <EndDate>2017-07-03</EndDate>
            </DateRange>
          </DaysOfNonOperation>
        </SpecialDaysOperation>
        <BankHolidayOperation>
          <DaysOfNonOperation>
            <LateSummerBankHolidayNotScotland />
          </DaysOfNonOperation>
        </BankHolidayOperation>
      </OperatingProfile>
      <VehicleJourneyCode>996</VehicleJourneyCode>
      <ServiceRef>YEAO512</ServiceRef>
      <LineRef>0</LineRef>
      <JourneyPatternRef>JPS_YEAO512-2</JourneyPatternRef>
      <DepartureTime>17:05:00</DepartureTime>
    </VehicleJourney>
  </VehicleJourneys>
</TransXChange>