<?xml version="1.0" encoding="utf-8"?>
<TransXChange xmlns:xsd="http://www.w3.org/2001/XMLSchema" xmlns:xsi="http://www.w3.org/2001/XMLSchema-instance" xsi:schemaLocation="http://www.transxchange.org.uk/ http://www.transxchange.org.uk/schema/2.1/TransXChange_general.xsd" CreationDateTime="2017-09-18T09:33:00-00:00" ModificationDateTime="2017-09-18T09:33:00-00:00" Modification="new" RevisionNumber="0" FileName="SVRYEAO507.xml" SchemaVersion="2.1" RegistrationDocument="false" xmlns="http://www.transxchange.org.uk/">
  <ServicedOrganisations>
    <ServicedOrganisation>
      <OrganisationCode>1</OrganisationCode>
      <Name>
.
</Name>
      <WorkingDays>
        <DateRange>
          <StartDate>2017-06-05</StartDate>
          <EndDate>2017-07-25</EndDate>
        </DateRange>
        <DateRange>
          <StartDate>2017-09-04</StartDate>
          <EndDate>2017-10-27</EndDate>
        </DateRange>
        <DateRange>
          <StartDate>2017-11-06</StartDate>
          <EndDate>2017-12-22</EndDate>
        </DateRange>
        <DateRange>
          <StartDate>2018-01-08</StartDate>
          <EndDate>2018-02-09</EndDate>
        </DateRange>
        <DateRange>
          <StartDate>2018-02-19</StartDate>
          <EndDate>2018-03-23</EndDate>
        </DateRange>
      </WorkingDays>
    </ServicedOrganisation>
  </ServicedOrganisations>
  <StopPoints>
    <AnnotatedStopPointRef>
      <StopPointRef>2200YEZ01251</StopPointRef>
      <CommonName>Bridlington Bus Station</CommonName>
    </AnnotatedStopPointRef>
    <AnnotatedStopPointRef>
      <StopPointRef>2200YEA01636</StopPointRef>
      <CommonName>Bridlington Promenade</CommonName>
    </AnnotatedStopPointRef>
    <AnnotatedStopPointRef>
      <StopPointRef>2200YEA01629</StopPointRef>
      <CommonName>Bridlington Queen Street</CommonName>
    </AnnotatedStopPointRef>
    <AnnotatedStopPointRef>
      <StopPointRef>2200YEA00033</StopPointRef>
      <CommonName>Bridlington Prospect Street</CommonName>
    </AnnotatedStopPointRef>
    <AnnotatedStopPointRef>
      <StopPointRef>2200YEA00493</StopPointRef>
      <CommonName>Bridlington Quay Road</CommonName>
    </AnnotatedStopPointRef>
    <AnnotatedStopPointRef>
      <StopPointRef>2200YEA00495</StopPointRef>
      <CommonName>Bridlington Quay Road</CommonName>
    </AnnotatedStopPointRef>
    <AnnotatedStopPointRef>
      <StopPointRef>2200YEA00497</StopPointRef>
      <CommonName>Bridlington Quay Road</CommonName>
    </AnnotatedStopPointRef>
    <AnnotatedStopPointRef>
      <StopPointRef>2200YEA00498</StopPointRef>
      <CommonName>Bridlington Quay Road</CommonName>
    </AnnotatedStopPointRef>
    <AnnotatedStopPointRef>
      <StopPointRef>2200YEA00471</StopPointRef>
      <CommonName>Bridlington Brett Street</CommonName>
    </AnnotatedStopPointRef>
    <AnnotatedStopPointRef>
      <StopPointRef>2200YEA01576</StopPointRef>
      <CommonName>Bridlington Westgate</CommonName>
    </AnnotatedStopPointRef>
    <AnnotatedStopPointRef>
      <StopPointRef>2200YEA00469</StopPointRef>
      <CommonName>Bridlington Westgate</CommonName>
    </AnnotatedStopPointRef>
    <AnnotatedStopPointRef>
      <StopPointRef>2200YEA00438</StopPointRef>
      <CommonName>Bridlington Scarborough Rd</CommonName>
    </AnnotatedStopPointRef>
    <AnnotatedStopPointRef>
      <StopPointRef>2200YEA01577</StopPointRef>
      <CommonName>Bridlington Northorpe Rise</CommonName>
    </AnnotatedStopPointRef>
    <AnnotatedStopPointRef>
      <StopPointRef>2200YEA00434</StopPointRef>
      <CommonName>Bridlington Northorpe Rise</CommonName>
    </AnnotatedStopPointRef>
    <AnnotatedStopPointRef>
      <StopPointRef>2200YEA00435</StopPointRef>
      <CommonName>Bridlington Burstall Hill</CommonName>
    </AnnotatedStopPointRef>
    <AnnotatedStopPointRef>
      <StopPointRef>2200YEA00436</StopPointRef>
      <CommonName>Bridlington Burstall Hill</CommonName>
    </AnnotatedStopPointRef>
    <AnnotatedStopPointRef>
      <StopPointRef>2200YEA01603</StopPointRef>
      <CommonName>Bridlington Burstall Hill</CommonName>
    </AnnotatedStopPointRef>
    <AnnotatedStopPointRef>
      <StopPointRef>2200YEA00586</StopPointRef>
      <CommonName>Bridlington Scarborough Rd</CommonName>
    </AnnotatedStopPointRef>
    <AnnotatedStopPointRef>
      <StopPointRef>2200YEA00441</StopPointRef>
      <CommonName>Bridlington Marton Road</CommonName>
    </AnnotatedStopPointRef>
    <AnnotatedStopPointRef>
      <StopPointRef>2200YEA00443</StopPointRef>
      <CommonName>Bridlington Marton Road</CommonName>
    </AnnotatedStopPointRef>
    <AnnotatedStopPointRef>
      <StopPointRef>2200YEA11724</StopPointRef>
      <CommonName>Bridlington ER College</CommonName>
    </AnnotatedStopPointRef>
    <AnnotatedStopPointRef>
      <StopPointRef>2200YEA11677</StopPointRef>
      <CommonName>Bridlington Queensgate</CommonName>
    </AnnotatedStopPointRef>
    <AnnotatedStopPointRef>
      <StopPointRef>2200YEA00496</StopPointRef>
      <CommonName>Bridlington Quay Road</CommonName>
    </AnnotatedStopPointRef>
    <AnnotatedStopPointRef>
      <StopPointRef>2200YEA00494</StopPointRef>
      <CommonName>Bridlington Quay Road</CommonName>
    </AnnotatedStopPointRef>
    <AnnotatedStopPointRef>
      <StopPointRef>2200YEA00492</StopPointRef>
      <CommonName>Bridlington Quay Road</CommonName>
    </AnnotatedStopPointRef>
    <AnnotatedStopPointRef>
      <StopPointRef>2200YEA01628</StopPointRef>
      <CommonName>Bridlington Prospect Street</CommonName>
    </AnnotatedStopPointRef>
  </StopPoints>
  <RouteSections>
    <RouteSection id="YEAO507_014">
      <RouteLink id="YEAO507_014_6507">
        <From>
          <StopPointRef>2200YEZ01251</StopPointRef>
        </From>
        <To>
          <StopPointRef>2200YEA01636</StopPointRef>
        </To>
        <Direction>inbound</Direction>
      </RouteLink>
      <RouteLink id="YEAO507_014_6508">
        <From>
          <StopPointRef>2200YEA01636</StopPointRef>
        </From>
        <To>
          <StopPointRef>2200YEA01629</StopPointRef>
        </To>
        <Direction>inbound</Direction>
      </RouteLink>
      <RouteLink id="YEAO507_014_6509">
        <From>
          <StopPointRef>2200YEA01629</StopPointRef>
        </From>
        <To>
          <StopPointRef>2200YEA00033</StopPointRef>
        </To>
        <Direction>inbound</Direction>
      </RouteLink>
      <RouteLink id="YEAO507_014_6510">
        <From>
          <StopPointRef>2200YEA00033</StopPointRef>
        </From>
        <To>
          <StopPointRef>2200YEA00493</StopPointRef>
        </To>
        <Direction>inbound</Direction>
      </RouteLink>
      <RouteLink id="YEAO507_014_6511">
        <From>
          <StopPointRef>2200YEA00493</StopPointRef>
        </From>
        <To>
          <StopPointRef>2200YEA00495</StopPointRef>
        </To>
        <Direction>inbound</Direction>
      </RouteLink>
      <RouteLink id="YEAO507_014_6512">
        <From>
          <StopPointRef>2200YEA00495</StopPointRef>
        </From>
        <To>
          <StopPointRef>2200YEA00497</StopPointRef>
        </To>
        <Direction>inbound</Direction>
      </RouteLink>
      <RouteLink id="YEAO507_014_6513">
        <From>
          <StopPointRef>2200YEA00497</StopPointRef>
        </From>
        <To>
          <StopPointRef>2200YEA00498</StopPointRef>
        </To>
        <Direction>inbound</Direction>
      </RouteLink>
      <RouteLink id="YEAO507_014_6514">
        <From>
          <StopPointRef>2200YEA00498</StopPointRef>
        </From>
        <To>
          <StopPointRef>2200YEA00471</StopPointRef>
        </To>
        <Direction>inbound</Direction>
      </RouteLink>
      <RouteLink id="YEAO507_014_6515">
        <From>
          <StopPointRef>2200YEA00471</StopPointRef>
        </From>
        <To>
          <StopPointRef>2200YEA01576</StopPointRef>
        </To>
        <Direction>inbound</Direction>
      </RouteLink>
      <RouteLink id="YEAO507_014_6516">
        <From>
          <StopPointRef>2200YEA01576</StopPointRef>
        </From>
        <To>
          <StopPointRef>2200YEA00469</StopPointRef>
        </To>
        <Direction>inbound</Direction>
      </RouteLink>
      <RouteLink id="YEAO507_014_6517">
        <From>
          <StopPointRef>2200YEA00469</StopPointRef>
        </From>
        <To>
          <StopPointRef>2200YEA00438</StopPointRef>
        </To>
        <Direction>inbound</Direction>
      </RouteLink>
      <RouteLink id="YEAO507_014_6518">
        <From>
          <StopPointRef>2200YEA00438</StopPointRef>
        </From>
        <To>
          <StopPointRef>2200YEA01577</StopPointRef>
        </To>
        <Direction>inbound</Direction>
      </RouteLink>
    </RouteSection>
    <RouteSection id="YEAO507_011">
      <RouteLink id="YEAO507_011_6523">
        <From>
          <StopPointRef>2200YEA01577</StopPointRef>
        </From>
        <To>
          <StopPointRef>2200YEA00434</StopPointRef>
        </To>
        <Direction>outbound</Direction>
      </RouteLink>
      <RouteLink id="YEAO507_011_6524">
        <From>
          <StopPointRef>2200YEA00434</StopPointRef>
        </From>
        <To>
          <StopPointRef>2200YEA00435</StopPointRef>
        </To>
        <Direction>outbound</Direction>
      </RouteLink>
      <RouteLink id="YEAO507_011_6525">
        <From>
          <StopPointRef>2200YEA00435</StopPointRef>
        </From>
        <To>
          <StopPointRef>2200YEA00436</StopPointRef>
        </To>
        <Direction>outbound</Direction>
      </RouteLink>
      <RouteLink id="YEAO507_011_6526">
        <From>
          <StopPointRef>2200YEA00436</StopPointRef>
        </From>
        <To>
          <StopPointRef>2200YEA01603</StopPointRef>
        </To>
        <Direction>outbound</Direction>
      </RouteLink>
      <RouteLink id="YEAO507_011_6527">
        <From>
          <StopPointRef>2200YEA01603</StopPointRef>
        </From>
        <To>
          <StopPointRef>2200YEA00586</StopPointRef>
        </To>
        <Direction>outbound</Direction>
      </RouteLink>
      <RouteLink id="YEAO507_011_6528">
        <From>
          <StopPointRef>2200YEA00586</StopPointRef>
        </From>
        <To>
          <StopPointRef>2200YEA00441</StopPointRef>
        </To>
        <Direction>outbound</Direction>
      </RouteLink>
      <RouteLink id="YEAO507_011_6529">
        <From>
          <StopPointRef>2200YEA00441</StopPointRef>
        </From>
        <To>
          <StopPointRef>2200YEA00443</StopPointRef>
        </To>
        <Direction>outbound</Direction>
      </RouteLink>
      <RouteLink id="YEAO507_011_6530">
        <From>
          <StopPointRef>2200YEA00443</StopPointRef>
        </From>
        <To>
          <StopPointRef>2200YEA11724</StopPointRef>
        </To>
        <Direction>outbound</Direction>
      </RouteLink>
      <RouteLink id="YEAO507_011_6531">
        <From>
          <StopPointRef>2200YEA11724</StopPointRef>
        </From>
        <To>
          <StopPointRef>2200YEA11677</StopPointRef>
        </To>
        <Direction>outbound</Direction>
      </RouteLink>
      <RouteLink id="YEAO507_011_6532">
        <From>
          <StopPointRef>2200YEA11677</StopPointRef>
        </From>
        <To>
          <StopPointRef>2200YEA00496</StopPointRef>
        </To>
        <Direction>outbound</Direction>
      </RouteLink>
      <RouteLink id="YEAO507_011_6533">
        <From>
          <StopPointRef>2200YEA00496</StopPointRef>
        </From>
        <To>
          <StopPointRef>2200YEA00494</StopPointRef>
        </To>
        <Direction>outbound</Direction>
      </RouteLink>
      <RouteLink id="YEAO507_011_6534">
        <From>
          <StopPointRef>2200YEA00494</StopPointRef>
        </From>
        <To>
          <StopPointRef>2200YEA00492</StopPointRef>
        </To>
        <Direction>outbound</Direction>
      </RouteLink>
      <RouteLink id="YEAO507_011_6535">
        <From>
          <StopPointRef>2200YEA00492</StopPointRef>
        </From>
        <To>
          <StopPointRef>2200YEA01628</StopPointRef>
        </To>
        <Direction>outbound</Direction>
      </RouteLink>
      <RouteLink id="YEAO507_011_6536">
        <From>
          <StopPointRef>2200YEA01628</StopPointRef>
        </From>
        <To>
          <StopPointRef>2200YEZ01251</StopPointRef>
        </To>
        <Direction>outbound</Direction>
      </RouteLink>
    </RouteSection>
  </RouteSections>
  <Routes>
    <Route id="YEAO507_014">
      <Description>Bridlington - New Pasture Lane
</Description>
      <RouteSectionRef>YEAO507_014</RouteSectionRef>
    </Route>
    <Route id="YEAO507_011">
      <Description>New Pasture Lane - Bridlington
</Description>
      <RouteSectionRef>YEAO507_011</RouteSectionRef>
    </Route>
  </Routes>
  <JourneyPatternSections>
    <JourneyPatternSection id="JPS_YEAO507-3">
      <JourneyPatternTimingLink id="JPS_YEAO507-3_6507">
        <From>
          <StopPointRef>2200YEZ01251</StopPointRef>
          <TimingStatus>PTP</TimingStatus>
        </From>
        <To>
          <StopPointRef>2200YEA01636</StopPointRef>
          <TimingStatus>OTH</TimingStatus>
        </To>
        <RouteLinkRef>YEAO507_014_6507</RouteLinkRef>
        <Direction>inbound</Direction>
        <RunTime>PT74S</RunTime>
      </JourneyPatternTimingLink>
      <JourneyPatternTimingLink id="JPS_YEAO507-3_6508">
        <From>
          <StopPointRef>2200YEA01636</StopPointRef>
          <TimingStatus>OTH</TimingStatus>
        </From>
        <To>
          <StopPointRef>2200YEA01629</StopPointRef>
          <TimingStatus>OTH</TimingStatus>
        </To>
        <RouteLinkRef>YEAO507_014_6508</RouteLinkRef>
        <Direction>inbound</Direction>
        <RunTime>PT78S</RunTime>
      </JourneyPatternTimingLink>
      <JourneyPatternTimingLink id="JPS_YEAO507-3_6509">
        <From>
          <StopPointRef>2200YEA01629</StopPointRef>
          <TimingStatus>OTH</TimingStatus>
        </From>
        <To>
          <StopPointRef>2200YEA00033</StopPointRef>
          <TimingStatus>OTH</TimingStatus>
        </To>
        <RouteLinkRef>YEAO507_014_6509</RouteLinkRef>
        <Direction>inbound</Direction>
        <RunTime>PT66S</RunTime>
      </JourneyPatternTimingLink>
      <JourneyPatternTimingLink id="JPS_YEAO507-3_6510">
        <From>
          <StopPointRef>2200YEA00033</StopPointRef>
          <TimingStatus>OTH</TimingStatus>
        </From>
        <To>
          <StopPointRef>2200YEA00493</StopPointRef>
          <TimingStatus>OTH</TimingStatus>
        </To>
        <RouteLinkRef>YEAO507_014_6510</RouteLinkRef>
        <Direction>inbound</Direction>
        <RunTime>PT123S</RunTime>
      </JourneyPatternTimingLink>
      <JourneyPatternTimingLink id="JPS_YEAO507-3_6511">
        <From>
          <StopPointRef>2200YEA00493</StopPointRef>
          <TimingStatus>OTH</TimingStatus>
        </From>
        <To>
          <StopPointRef>2200YEA00495</StopPointRef>
          <TimingStatus>OTH</TimingStatus>
        </To>
        <RouteLinkRef>YEAO507_014_6511</RouteLinkRef>
        <Direction>inbound</Direction>
        <RunTime>PT90S</RunTime>
      </JourneyPatternTimingLink>
      <JourneyPatternTimingLink id="JPS_YEAO507-3_6512">
        <From>
          <StopPointRef>2200YEA00495</StopPointRef>
          <TimingStatus>OTH</TimingStatus>
        </From>
        <To>
          <StopPointRef>2200YEA00497</StopPointRef>
          <TimingStatus>OTH</TimingStatus>
        </To>
        <RouteLinkRef>YEAO507_014_6512</RouteLinkRef>
        <Direction>inbound</Direction>
        <RunTime>PT113S</RunTime>
      </JourneyPatternTimingLink>
      <JourneyPatternTimingLink id="JPS_YEAO507-3_6513">
        <From>
          <StopPointRef>2200YEA00497</StopPointRef>
          <TimingStatus>OTH</TimingStatus>
        </From>
        <To>
          <StopPointRef>2200YEA00498</StopPointRef>
          <TimingStatus>OTH</TimingStatus>
        </To>
        <RouteLinkRef>YEAO507_014_6513</RouteLinkRef>
        <Direction>inbound</Direction>
        <RunTime>PT54S</RunTime>
      </JourneyPatternTimingLink>
      <JourneyPatternTimingLink id="JPS_YEAO507-3_6514">
        <From>
          <StopPointRef>2200YEA00498</StopPointRef>
          <TimingStatus>OTH</TimingStatus>
        </From>
        <To>
          <StopPointRef>2200YEA00471</StopPointRef>
          <TimingStatus>PTP</TimingStatus>
        </To>
        <RouteLinkRef>YEAO507_014_6514</RouteLinkRef>
        <Direction>inbound</Direction>
        <RunTime>PT122S</RunTime>
      </JourneyPatternTimingLink>
      <JourneyPatternTimingLink id="JPS_YEAO507-3_6515">
        <From>
          <StopPointRef>2200YEA00471</StopPointRef>
          <TimingStatus>PTP</TimingStatus>
        </From>
        <To>
          <StopPointRef>2200YEA01576</StopPointRef>
          <TimingStatus>OTH</TimingStatus>
        </To>
        <RouteLinkRef>YEAO507_014_6515</RouteLinkRef>
        <Direction>inbound</Direction>
        <RunTime>PT134S</RunTime>
      </JourneyPatternTimingLink>
      <JourneyPatternTimingLink id="JPS_YEAO507-3_6516">
        <From>
          <StopPointRef>2200YEA01576</StopPointRef>
          <TimingStatus>OTH</TimingStatus>
        </From>
        <To>
          <StopPointRef>2200YEA00469</StopPointRef>
          <TimingStatus>OTH</TimingStatus>
        </To>
        <RouteLinkRef>YEAO507_014_6516</RouteLinkRef>
        <Direction>inbound</Direction>
        <RunTime>PT15S</RunTime>
      </JourneyPatternTimingLink>
      <JourneyPatternTimingLink id="JPS_YEAO507-3_6517">
        <From>
          <StopPointRef>2200YEA00469</StopPointRef>
          <TimingStatus>OTH</TimingStatus>
        </From>
        <To>
          <StopPointRef>2200YEA00438</StopPointRef>
          <TimingStatus>OTH</TimingStatus>
        </To>
        <RouteLinkRef>YEAO507_014_6517</RouteLinkRef>
        <Direction>inbound</Direction>
        <RunTime>PT108S</RunTime>
      </JourneyPatternTimingLink>
      <JourneyPatternTimingLink id="JPS_YEAO507-3_6518">
        <From>
          <StopPointRef>2200YEA00438</StopPointRef>
          <TimingStatus>OTH</TimingStatus>
        </From>
        <To>
          <StopPointRef>2200YEA01577</StopPointRef>
          <TimingStatus>PTP</TimingStatus>
        </To>
        <RouteLinkRef>YEAO507_014_6518</RouteLinkRef>
        <Direction>inbound</Direction>
        <RunTime>PT43S</RunTime>
      </JourneyPatternTimingLink>
    </JourneyPatternSection>
    <JourneyPatternSection id="JPS_YEAO507-4">
      <JourneyPatternTimingLink id="JPS_YEAO507-4_6523">
        <From>
          <StopPointRef>2200YEA01577</StopPointRef>
          <TimingStatus>PTP</TimingStatus>
        </From>
        <To>
          <StopPointRef>2200YEA00434</StopPointRef>
          <TimingStatus>OTH</TimingStatus>
        </To>
        <RouteLinkRef>YEAO507_011_6523</RouteLinkRef>
        <Direction>outbound</Direction>
        <RunTime>PT18S</RunTime>
      </JourneyPatternTimingLink>
      <JourneyPatternTimingLink id="JPS_YEAO507-4_6524">
        <From>
          <StopPointRef>2200YEA00434</StopPointRef>
          <TimingStatus>OTH</TimingStatus>
        </From>
        <To>
          <StopPointRef>2200YEA00435</StopPointRef>
          <TimingStatus>OTH</TimingStatus>
        </To>
        <RouteLinkRef>YEAO507_011_6524</RouteLinkRef>
        <Direction>outbound</Direction>
        <RunTime>PT48S</RunTime>
      </JourneyPatternTimingLink>
      <JourneyPatternTimingLink id="JPS_YEAO507-4_6525">
        <From>
          <StopPointRef>2200YEA00435</StopPointRef>
          <TimingStatus>OTH</TimingStatus>
        </From>
        <To>
          <StopPointRef>2200YEA00436</StopPointRef>
          <TimingStatus>OTH</TimingStatus>
        </To>
        <RouteLinkRef>YEAO507_011_6525</RouteLinkRef>
        <Direction>outbound</Direction>
        <RunTime>PT51S</RunTime>
      </JourneyPatternTimingLink>
      <JourneyPatternTimingLink id="JPS_YEAO507-4_6526">
        <From>
          <StopPointRef>2200YEA00436</StopPointRef>
          <TimingStatus>OTH</TimingStatus>
        </From>
        <To>
          <StopPointRef>2200YEA01603</StopPointRef>
          <TimingStatus>OTH</TimingStatus>
        </To>
        <RouteLinkRef>YEAO507_011_6526</RouteLinkRef>
        <Direction>outbound</Direction>
        <RunTime>PT37S</RunTime>
      </JourneyPatternTimingLink>
      <JourneyPatternTimingLink id="JPS_YEAO507-4_6527">
        <From>
          <StopPointRef>2200YEA01603</StopPointRef>
          <TimingStatus>OTH</TimingStatus>
        </From>
        <To>
          <StopPointRef>2200YEA00586</StopPointRef>
          <TimingStatus>OTH</TimingStatus>
        </To>
        <RouteLinkRef>YEAO507_011_6527</RouteLinkRef>
        <Direction>outbound</Direction>
        <RunTime>PT57S</RunTime>
      </JourneyPatternTimingLink>
      <JourneyPatternTimingLink id="JPS_YEAO507-4_6528">
        <From>
          <StopPointRef>2200YEA00586</StopPointRef>
          <TimingStatus>OTH</TimingStatus>
        </From>
        <To>
          <StopPointRef>2200YEA00441</StopPointRef>
          <TimingStatus>OTH</TimingStatus>
        </To>
        <RouteLinkRef>YEAO507_011_6528</RouteLinkRef>
        <Direction>outbound</Direction>
        <RunTime>PT75S</RunTime>
      </JourneyPatternTimingLink>
      <JourneyPatternTimingLink id="JPS_YEAO507-4_6529">
        <From>
          <StopPointRef>2200YEA00441</StopPointRef>
          <TimingStatus>OTH</TimingStatus>
        </From>
        <To>
          <StopPointRef>2200YEA00443</StopPointRef>
          <TimingStatus>OTH</TimingStatus>
        </To>
        <RouteLinkRef>YEAO507_011_6529</RouteLinkRef>
        <Direction>outbound</Direction>
        <RunTime>PT56S</RunTime>
      </JourneyPatternTimingLink>
      <JourneyPatternTimingLink id="JPS_YEAO507-4_6530">
        <From>
          <StopPointRef>2200YEA00443</StopPointRef>
          <TimingStatus>OTH</TimingStatus>
        </From>
        <To>
          <StopPointRef>2200YEA11724</StopPointRef>
          <TimingStatus>PTP</TimingStatus>
        </To>
        <RouteLinkRef>YEAO507_011_6530</RouteLinkRef>
        <Direction>outbound</Direction>
        <RunTime>PT138S</RunTime>
      </JourneyPatternTimingLink>
      <JourneyPatternTimingLink id="JPS_YEAO507-4_6531">
        <From>
          <StopPointRef>2200YEA11724</StopPointRef>
          <TimingStatus>PTP</TimingStatus>
        </From>
        <To>
          <StopPointRef>2200YEA11677</StopPointRef>
          <TimingStatus>OTH</TimingStatus>
        </To>
        <RouteLinkRef>YEAO507_011_6531</RouteLinkRef>
        <Direction>outbound</Direction>
        <RunTime>PT186S</RunTime>
      </JourneyPatternTimingLink>
      <JourneyPatternTimingLink id="JPS_YEAO507-4_6532">
        <From>
          <StopPointRef>2200YEA11677</StopPointRef>
          <TimingStatus>OTH</TimingStatus>
        </From>
        <To>
          <StopPointRef>2200YEA00496</StopPointRef>
          <TimingStatus>OTH</TimingStatus>
        </To>
        <RouteLinkRef>YEAO507_011_6532</RouteLinkRef>
        <Direction>outbound</Direction>
        <RunTime>PT97S</RunTime>
      </JourneyPatternTimingLink>
      <JourneyPatternTimingLink id="JPS_YEAO507-4_6533">
        <From>
          <StopPointRef>2200YEA00496</StopPointRef>
          <TimingStatus>OTH</TimingStatus>
        </From>
        <To>
          <StopPointRef>2200YEA00494</StopPointRef>
          <TimingStatus>OTH</TimingStatus>
        </To>
        <RouteLinkRef>YEAO507_011_6533</RouteLinkRef>
        <Direction>outbound</Direction>
        <RunTime>PT71S</RunTime>
      </JourneyPatternTimingLink>
      <JourneyPatternTimingLink id="JPS_YEAO507-4_6534">
        <From>
          <StopPointRef>2200YEA00494</StopPointRef>
          <TimingStatus>OTH</TimingStatus>
        </From>
        <To>
          <StopPointRef>2200YEA00492</StopPointRef>
          <TimingStatus>OTH</TimingStatus>
        </To>
        <RouteLinkRef>YEAO507_011_6534</RouteLinkRef>
        <Direction>outbound</Direction>
        <RunTime>PT73S</RunTime>
      </JourneyPatternTimingLink>
      <JourneyPatternTimingLink id="JPS_YEAO507-4_6535">
        <From>
          <StopPointRef>2200YEA00492</StopPointRef>
          <TimingStatus>OTH</TimingStatus>
        </From>
        <To>
          <StopPointRef>2200YEA01628</StopPointRef>
          <TimingStatus>OTH</TimingStatus>
        </To>
        <RouteLinkRef>YEAO507_011_6535</RouteLinkRef>
        <Direction>outbound</Direction>
        <RunTime>PT53S</RunTime>
      </JourneyPatternTimingLink>
      <JourneyPatternTimingLink id="JPS_YEAO507-4_6536">
        <From>
          <StopPointRef>2200YEA01628</StopPointRef>
          <TimingStatus>OTH</TimingStatus>
        </From>
        <To>
          <StopPointRef>2200YEZ01251</StopPointRef>
          <TimingStatus>PTP</TimingStatus>
        </To>
        <RouteLinkRef>YEAO507_011_6536</RouteLinkRef>
        <Direction>outbound</Direction>
        <RunTime>PT120S</RunTime>
      </JourneyPatternTimingLink>
    </JourneyPatternSection>
  </JourneyPatternSections>
  <Operators>
    <Operator id="EY">
      <NationalOperatorCode>EYMS</NationalOperatorCode>
      <OperatorCode>EY</OperatorCode>
      <OperatorShortName>EYMS</OperatorShortName>
    </Operator>
  </Operators>
  <Services>
    <Service>
      <ServiceCode>YEAO507</ServiceCode>
      <Lines>
        <Line id="0">
          <LineName>507</LineName>
        </Line>
      </Lines>
      <OperatingPeriod>
        <StartDate>2016-09-05</StartDate>
      </OperatingPeriod>
      <RegisteredOperatorRef>EY</RegisteredOperatorRef>
      <StopRequirements>
        <NoNewStopsRequired />
      </StopRequirements>
      <Mode>bus</Mode>
      <Description>New Pasture Lane - Bridlington</Description>
      <StandardService>
        <Origin>New Pasture Lane</Origin>
        <Destination>Bridlington</Destination>
        <JourneyPattern id="JPS_YEAO507-3">
          <Direction>inbound</Direction>
          <JourneyPatternSectionRefs>JPS_YEAO507-3</JourneyPatternSectionRefs>
        </JourneyPattern>
        <JourneyPattern id="JPS_YEAO507-4">
          <Direction>outbound</Direction>
          <JourneyPatternSectionRefs>JPS_YEAO507-4</JourneyPatternSectionRefs>
        </JourneyPattern>
      </StandardService>
    </Service>
  </Services>
  <VehicleJourneys>
    <VehicleJourney>
      <OperatorRef>EY</OperatorRef>
      <OperatingProfile>
        <RegularDayType>
          <DaysOfWeek>
            <Saturday />
          </DaysOfWeek>
        </RegularDayType>
      </OperatingProfile>
      <VehicleJourneyCode>910</VehicleJourneyCode>
      <ServiceRef>YEAO507</ServiceRef>
      <LineRef>0</LineRef>
      <JourneyPatternRef>JPS_YEAO507-3</JourneyPatternRef>
      <DepartureTime>08:20:00</DepartureTime>
    </VehicleJourney>
    <VehicleJourney>
      <OperatorRef>EY</OperatorRef>
      <OperatingProfile>
        <RegularDayType>
          <DaysOfWeek>
            <Saturday />
          </DaysOfWeek>
        </RegularDayType>
      </OperatingProfile>
      <VehicleJourneyCode>911</VehicleJourneyCode>
      <ServiceRef>YEAO507</ServiceRef>
      <LineRef>0</LineRef>
      <JourneyPatternRef>JPS_YEAO507-3</JourneyPatternRef>
      <DepartureTime>09:20:00</DepartureTime>
    </VehicleJourney>
    <VehicleJourney>
      <OperatorRef>EY</OperatorRef>
      <OperatingProfile>
        <RegularDayType>
          <DaysOfWeek>
            <Saturday />
          </DaysOfWeek>
        </RegularDayType>
      </OperatingProfile>
      <VehicleJourneyCode>912</VehicleJourneyCode>
      <ServiceRef>YEAO507</ServiceRef>
      <LineRef>0</LineRef>
      <JourneyPatternRef>JPS_YEAO507-3</JourneyPatternRef>
      <DepartureTime>10:20:00</DepartureTime>
    </VehicleJourney>
    <VehicleJourney>
      <OperatorRef>EY</OperatorRef>
      <OperatingProfile>
        <RegularDayType>
          <DaysOfWeek>
            <Saturday />
          </DaysOfWeek>
        </RegularDayType>
      </OperatingProfile>
      <VehicleJourneyCode>913</VehicleJourneyCode>
      <ServiceRef>YEAO507</ServiceRef>
      <LineRef>0</LineRef>
      <JourneyPatternRef>JPS_YEAO507-3</JourneyPatternRef>
      <DepartureTime>11:20:00</DepartureTime>
    </VehicleJourney>
    <VehicleJourney>
      <OperatorRef>EY</OperatorRef>
      <OperatingProfile>
        <RegularDayType>
          <DaysOfWeek>
            <Saturday />
          </DaysOfWeek>
        </RegularDayType>
      </OperatingProfile>
      <VehicleJourneyCode>914</VehicleJourneyCode>
      <ServiceRef>YEAO507</ServiceRef>
      <LineRef>0</LineRef>
      <JourneyPatternRef>JPS_YEAO507-3</JourneyPatternRef>
      <DepartureTime>12:20:00</DepartureTime>
    </VehicleJourney>
    <VehicleJourney>
      <OperatorRef>EY</OperatorRef>
      <OperatingProfile>
        <RegularDayType>
          <DaysOfWeek>
            <Saturday />
          </DaysOfWeek>
        </RegularDayType>
      </OperatingProfile>
      <VehicleJourneyCode>915</VehicleJourneyCode>
      <ServiceRef>YEAO507</ServiceRef>
      <LineRef>0</LineRef>
      <JourneyPatternRef>JPS_YEAO507-3</JourneyPatternRef>
      <DepartureTime>13:20:00</DepartureTime>
    </VehicleJourney>
    <VehicleJourney>
      <OperatorRef>EY</OperatorRef>
      <OperatingProfile>
        <RegularDayType>
          <DaysOfWeek>
            <Saturday />
          </DaysOfWeek>
        </RegularDayType>
      </OperatingProfile>
      <VehicleJourneyCode>916</VehicleJourneyCode>
      <ServiceRef>YEAO507</ServiceRef>
      <LineRef>0</LineRef>
      <JourneyPatternRef>JPS_YEAO507-3</JourneyPatternRef>
      <DepartureTime>14:20:00</DepartureTime>
    </VehicleJourney>
    <VehicleJourney>
      <OperatorRef>EY</OperatorRef>
      <OperatingProfile>
        <RegularDayType>
          <DaysOfWeek>
            <Saturday />
          </DaysOfWeek>
        </RegularDayType>
      </OperatingProfile>
      <VehicleJourneyCode>917</VehicleJourneyCode>
      <ServiceRef>YEAO507</ServiceRef>
      <LineRef>0</LineRef>
      <JourneyPatternRef>JPS_YEAO507-3</JourneyPatternRef>
      <DepartureTime>15:20:00</DepartureTime>
    </VehicleJourney>
    <VehicleJourney>
      <OperatorRef>EY</OperatorRef>
      <OperatingProfile>
        <RegularDayType>
          <DaysOfWeek>
            <Saturday />
          </DaysOfWeek>
        </RegularDayType>
      </OperatingProfile>
      <VehicleJourneyCode>918</VehicleJourneyCode>
      <ServiceRef>YEAO507</ServiceRef>
      <LineRef>0</LineRef>
      <JourneyPatternRef>JPS_YEAO507-3</JourneyPatternRef>
      <DepartureTime>16:20:00</DepartureTime>
    </VehicleJourney>
    <VehicleJourney>
      <OperatorRef>EY</OperatorRef>
      <OperatingProfile>
        <RegularDayType>
          <DaysOfWeek>
            <Saturday />
          </DaysOfWeek>
        </RegularDayType>
      </OperatingProfile>
      <VehicleJourneyCode>919</VehicleJourneyCode>
      <ServiceRef>YEAO507</ServiceRef>
      <LineRef>0</LineRef>
      <JourneyPatternRef>JPS_YEAO507-3</JourneyPatternRef>
      <DepartureTime>17:20:00</DepartureTime>
    </VehicleJourney>
    <VehicleJourney>
      <OperatorRef>EY</OperatorRef>
      <OperatingProfile>
        <RegularDayType>
          <DaysOfWeek>
            <Saturday />
          </DaysOfWeek>
        </RegularDayType>
      </OperatingProfile>
      <VehicleJourneyCode>931</VehicleJourneyCode>
      <ServiceRef>YEAO507</ServiceRef>
      <LineRef>0</LineRef>
      <JourneyPatternRef>JPS_YEAO507-4</JourneyPatternRef>
      <DepartureTime>08:37:00</DepartureTime>
    </VehicleJourney>
    <VehicleJourney>
      <OperatorRef>EY</OperatorRef>
      <OperatingProfile>
        <RegularDayType>
          <DaysOfWeek>
            <Saturday />
          </DaysOfWeek>
        </RegularDayType>
      </OperatingProfile>
      <VehicleJourneyCode>932</VehicleJourneyCode>
      <ServiceRef>YEAO507</ServiceRef>
      <LineRef>0</LineRef>
      <JourneyPatternRef>JPS_YEAO507-4</JourneyPatternRef>
      <DepartureTime>09:37:00</DepartureTime>
    </VehicleJourney>
    <VehicleJourney>
      <OperatorRef>EY</OperatorRef>
      <OperatingProfile>
        <RegularDayType>
          <DaysOfWeek>
            <Saturday />
          </DaysOfWeek>
        </RegularDayType>
      </OperatingProfile>
      <VehicleJourneyCode>933</VehicleJourneyCode>
      <ServiceRef>YEAO507</ServiceRef>
      <LineRef>0</LineRef>
      <JourneyPatternRef>JPS_YEAO507-4</JourneyPatternRef>
      <DepartureTime>10:37:00</DepartureTime>
    </VehicleJourney>
    <VehicleJourney>
      <OperatorRef>EY</OperatorRef>
      <OperatingProfile>
        <RegularDayType>
          <DaysOfWeek>
            <Saturday />
          </DaysOfWeek>
        </RegularDayType>
      </OperatingProfile>
      <VehicleJourneyCode>934</VehicleJourneyCode>
      <ServiceRef>YEAO507</ServiceRef>
      <LineRef>0</LineRef>
      <JourneyPatternRef>JPS_YEAO507-4</JourneyPatternRef>
      <DepartureTime>11:37:00</DepartureTime>
    </VehicleJourney>
    <VehicleJourney>
      <OperatorRef>EY</OperatorRef>
      <OperatingProfile>
        <RegularDayType>
          <DaysOfWeek>
            <Saturday />
          </DaysOfWeek>
        </RegularDayType>
      </OperatingProfile>
      <VehicleJourneyCode>935</VehicleJourneyCode>
      <ServiceRef>YEAO507</ServiceRef>
      <LineRef>0</LineRef>
      <JourneyPatternRef>JPS_YEAO507-4</JourneyPatternRef>
      <DepartureTime>12:37:00</DepartureTime>
    </VehicleJourney>
    <VehicleJourney>
      <OperatorRef>EY</OperatorRef>
      <OperatingProfile>
        <RegularDayType>
          <DaysOfWeek>
            <Saturday />
          </DaysOfWeek>
        </RegularDayType>
      </OperatingProfile>
      <VehicleJourneyCode>936</VehicleJourneyCode>
      <ServiceRef>YEAO507</ServiceRef>
      <LineRef>0</LineRef>
      <JourneyPatternRef>JPS_YEAO507-4</JourneyPatternRef>
      <DepartureTime>13:37:00</DepartureTime>
    </VehicleJourney>
    <VehicleJourney>
      <OperatorRef>EY</OperatorRef>
      <OperatingProfile>
        <RegularDayType>
          <DaysOfWeek>
            <Saturday />
          </DaysOfWeek>
        </RegularDayType>
      </OperatingProfile>
      <VehicleJourneyCode>937</VehicleJourneyCode>
      <ServiceRef>YEAO507</ServiceRef>
      <LineRef>0</LineRef>
      <JourneyPatternRef>JPS_YEAO507-4</JourneyPatternRef>
      <DepartureTime>14:37:00</DepartureTime>
    </VehicleJourney>
    <VehicleJourney>
      <OperatorRef>EY</OperatorRef>
      <OperatingProfile>
        <RegularDayType>
          <DaysOfWeek>
            <Saturday />
          </DaysOfWeek>
        </RegularDayType>
      </OperatingProfile>
      <VehicleJourneyCode>938</VehicleJourneyCode>
      <ServiceRef>YEAO507</ServiceRef>
      <LineRef>0</LineRef>
      <JourneyPatternRef>JPS_YEAO507-4</JourneyPatternRef>
      <DepartureTime>15:37:00</DepartureTime>
    </VehicleJourney>
    <VehicleJourney>
      <OperatorRef>EY</OperatorRef>
      <OperatingProfile>
        <RegularDayType>
          <DaysOfWeek>
            <Saturday />
          </DaysOfWeek>
        </RegularDayType>
      </OperatingProfile>
      <VehicleJourneyCode>939</VehicleJourneyCode>
      <ServiceRef>YEAO507</ServiceRef>
      <LineRef>0</LineRef>
      <JourneyPatternRef>JPS_YEAO507-4</JourneyPatternRef>
      <DepartureTime>16:37:00</DepartureTime>
    </VehicleJourney>
    <VehicleJourney>
      <OperatorRef>EY</OperatorRef>
      <OperatingProfile>
        <RegularDayType>
          <DaysOfWeek>
            <Saturday />
          </DaysOfWeek>
        </RegularDayType>
      </OperatingProfile>
      <VehicleJourneyCode>940</VehicleJourneyCode>
      <ServiceRef>YEAO507</ServiceRef>
      <LineRef>0</LineRef>
      <JourneyPatternRef>JPS_YEAO507-4</JourneyPatternRef>
      <DepartureTime>17:37:00</DepartureTime>
    </VehicleJourney>
    <VehicleJourney>
      <OperatorRef>EY</OperatorRef>
      <OperatingProfile>
        <RegularDayType>
          <DaysOfWeek>
            <Monday />
            <Tuesday />
            <Wednesday />
            <Thursday />
            <Friday />
          </DaysOfWeek>
        </RegularDayType>
        <SpecialDaysOperation>
          <DaysOfNonOperation>
            <DateRange>
              <StartDate>2016-09-05</StartDate>
              <EndDate>2017-06-26</EndDate>
            </DateRange>
          </DaysOfNonOperation>
        </SpecialDaysOperation>
        <BankHolidayOperation>
          <DaysOfNonOperation>
            <LateSummerBankHolidayNotScotland />
          </DaysOfNonOperation>
        </BankHolidayOperation>
      </OperatingProfile>
      <VehicleJourneyCode>898</VehicleJourneyCode>
      <ServiceRef>YEAO507</ServiceRef>
      <LineRef>0</LineRef>
      <JourneyPatternRef>JPS_YEAO507-3</JourneyPatternRef>
      <DepartureTime>07:20:00</DepartureTime>
    </VehicleJourney>
    <VehicleJourney>
      <OperatorRef>EY</OperatorRef>
      <OperatingProfile>
        <RegularDayType>
          <DaysOfWeek>
            <Monday />
            <Tuesday />
            <Wednesday />
            <Thursday />
            <Friday />
          </DaysOfWeek>
        </RegularDayType>
        <SpecialDaysOperation>
          <DaysOfNonOperation>
            <DateRange>
              <StartDate>2016-09-05</StartDate>
              <EndDate>2017-06-26</EndDate>
            </DateRange>
          </DaysOfNonOperation>
        </SpecialDaysOperation>
        <BankHolidayOperation>
          <DaysOfNonOperation>
            <LateSummerBankHolidayNotScotland />
          </DaysOfNonOperation>
        </BankHolidayOperation>
      </OperatingProfile>
      <VehicleJourneyCode>899</VehicleJourneyCode>
      <ServiceRef>YEAO507</ServiceRef>
      <LineRef>0</LineRef>
      <JourneyPatternRef>JPS_YEAO507-3</JourneyPatternRef>
      <DepartureTime>08:10:00</DepartureTime>
    </VehicleJourney>
    <VehicleJourney>
      <OperatorRef>EY</OperatorRef>
      <OperatingProfile>
        <RegularDayType>
          <DaysOfWeek>
            <Monday />
            <Tuesday />
            <Wednesday />
            <Thursday />
            <Friday />
          </DaysOfWeek>
        </RegularDayType>
        <SpecialDaysOperation>
          <DaysOfNonOperation>
            <DateRange>
              <StartDate>2016-09-05</StartDate>
              <EndDate>2017-06-26</EndDate>
            </DateRange>
          </DaysOfNonOperation>
        </SpecialDaysOperation>
        <BankHolidayOperation>
          <DaysOfNonOperation>
            <LateSummerBankHolidayNotScotland />
          </DaysOfNonOperation>
        </BankHolidayOperation>
      </OperatingProfile>
      <VehicleJourneyCode>900</VehicleJourneyCode>
      <ServiceRef>YEAO507</ServiceRef>
      <LineRef>0</LineRef>
      <JourneyPatternRef>JPS_YEAO507-3</JourneyPatternRef>
      <DepartureTime>09:20:00</DepartureTime>
    </VehicleJourney>
    <VehicleJourney>
      <OperatorRef>EY</OperatorRef>
      <OperatingProfile>
        <RegularDayType>
          <DaysOfWeek>
            <Monday />
            <Tuesday />
            <Wednesday />
            <Thursday />
            <Friday />
          </DaysOfWeek>
        </RegularDayType>
        <SpecialDaysOperation>
          <DaysOfNonOperation>
            <DateRange>
              <StartDate>2016-09-05</StartDate>
              <EndDate>2017-06-26</EndDate>
            </DateRange>
          </DaysOfNonOperation>
        </SpecialDaysOperation>
        <BankHolidayOperation>
          <DaysOfNonOperation>
            <LateSummerBankHolidayNotScotland />
          </DaysOfNonOperation>
        </BankHolidayOperation>
      </OperatingProfile>
      <VehicleJourneyCode>901</VehicleJourneyCode>
      <ServiceRef>YEAO507</ServiceRef>
      <LineRef>0</LineRef>
      <JourneyPatternRef>JPS_YEAO507-3</JourneyPatternRef>
      <DepartureTime>10:20:00</DepartureTime>
    </VehicleJourney>
    <VehicleJourney>
      <OperatorRef>EY</OperatorRef>
      <OperatingProfile>
        <RegularDayType>
          <DaysOfWeek>
            <Monday />
            <Tuesday />
            <Wednesday />
            <Thursday />
            <Friday />
          </DaysOfWeek>
        </RegularDayType>
        <SpecialDaysOperation>
          <DaysOfNonOperation>
            <DateRange>
              <StartDate>2016-09-05</StartDate>
              <EndDate>2017-06-26</EndDate>
            </DateRange>
          </DaysOfNonOperation>
        </SpecialDaysOperation>
        <BankHolidayOperation>
          <DaysOfNonOperation>
            <LateSummerBankHolidayNotScotland />
          </DaysOfNonOperation>
        </BankHolidayOperation>
      </OperatingProfile>
      <VehicleJourneyCode>902</VehicleJourneyCode>
      <ServiceRef>YEAO507</ServiceRef>
      <LineRef>0</LineRef>
      <JourneyPatternRef>JPS_YEAO507-3</JourneyPatternRef>
      <DepartureTime>11:20:00</DepartureTime>
    </VehicleJourney>
    <VehicleJourney>
      <OperatorRef>EY</OperatorRef>
      <OperatingProfile>
        <RegularDayType>
          <DaysOfWeek>
            <Monday />
            <Tuesday />
            <Wednesday />
            <Thursday />
            <Friday />
          </DaysOfWeek>
        </RegularDayType>
        <SpecialDaysOperation>
          <DaysOfNonOperation>
            <DateRange>
              <StartDate>2016-09-05</StartDate>
              <EndDate>2017-06-26</EndDate>
            </DateRange>
          </DaysOfNonOperation>
        </SpecialDaysOperation>
        <BankHolidayOperation>
          <DaysOfNonOperation>
            <LateSummerBankHolidayNotScotland />
          </DaysOfNonOperation>
        </BankHolidayOperation>
      </OperatingProfile>
      <VehicleJourneyCode>903</VehicleJourneyCode>
      <ServiceRef>YEAO507</ServiceRef>
      <LineRef>0</LineRef>
      <JourneyPatternRef>JPS_YEAO507-3</JourneyPatternRef>
      <DepartureTime>12:20:00</DepartureTime>
    </VehicleJourney>
    <VehicleJourney>
      <OperatorRef>EY</OperatorRef>
      <OperatingProfile>
        <RegularDayType>
          <DaysOfWeek>
            <Monday />
            <Tuesday />
            <Wednesday />
            <Thursday />
            <Friday />
          </DaysOfWeek>
        </RegularDayType>
        <SpecialDaysOperation>
          <DaysOfNonOperation>
            <DateRange>
              <StartDate>2016-09-05</StartDate>
              <EndDate>2017-06-26</EndDate>
            </DateRange>
          </DaysOfNonOperation>
        </SpecialDaysOperation>
        <BankHolidayOperation>
          <DaysOfNonOperation>
            <LateSummerBankHolidayNotScotland />
          </DaysOfNonOperation>
        </BankHolidayOperation>
      </OperatingProfile>
      <VehicleJourneyCode>904</VehicleJourneyCode>
      <ServiceRef>YEAO507</ServiceRef>
      <LineRef>0</LineRef>
      <JourneyPatternRef>JPS_YEAO507-3</JourneyPatternRef>
      <DepartureTime>13:20:00</DepartureTime>
    </VehicleJourney>
    <VehicleJourney>
      <OperatorRef>EY</OperatorRef>
      <OperatingProfile>
        <RegularDayType>
          <DaysOfWeek>
            <Monday />
            <Tuesday />
            <Wednesday />
            <Thursday />
            <Friday />
          </DaysOfWeek>
        </RegularDayType>
        <ServicedOrganisationDayType>
          <DaysOfOperation>
            <WorkingDays>
              <ServicedOrganisationRef>1</ServicedOrganisationRef>
            </WorkingDays>
          </DaysOfOperation>
        </ServicedOrganisationDayType>
        <SpecialDaysOperation>
          <DaysOfNonOperation>
            <DateRange>
              <StartDate>2016-09-05</StartDate>
              <EndDate>2017-06-26</EndDate>
            </DateRange>
          </DaysOfNonOperation>
        </SpecialDaysOperation>
      </OperatingProfile>
      <VehicleJourneyCode>905</VehicleJourneyCode>
      <ServiceRef>YEAO507</ServiceRef>
      <LineRef>0</LineRef>
      <JourneyPatternRef>JPS_YEAO507-3</JourneyPatternRef>
      <DepartureTime>14:20:00</DepartureTime>
    </VehicleJourney>
    <VehicleJourney>
      <OperatorRef>EY</OperatorRef>
      <OperatingProfile>
        <RegularDayType>
          <DaysOfWeek>
            <Monday />
            <Tuesday />
            <Wednesday />
            <Thursday />
            <Friday />
          </DaysOfWeek>
        </RegularDayType>
        <ServicedOrganisationDayType>
          <DaysOfNonOperation>
            <WorkingDays>
              <ServicedOrganisationRef>1</ServicedOrganisationRef>
            </WorkingDays>
          </DaysOfNonOperation>
        </ServicedOrganisationDayType>
        <SpecialDaysOperation>
          <DaysOfNonOperation>
            <DateRange>
              <StartDate>2016-09-05</StartDate>
              <EndDate>2017-06-26</EndDate>
            </DateRange>
          </DaysOfNonOperation>
        </SpecialDaysOperation>
        <BankHolidayOperation>
          <DaysOfNonOperation>
            <LateSummerBankHolidayNotScotland />
          </DaysOfNonOperation>
        </BankHolidayOperation>
      </OperatingProfile>
      <VehicleJourneyCode>906</VehicleJourneyCode>
      <ServiceRef>YEAO507</ServiceRef>
      <LineRef>0</LineRef>
      <JourneyPatternRef>JPS_YEAO507-3</JourneyPatternRef>
      <DepartureTime>14:20:00</DepartureTime>
    </VehicleJourney>
    <VehicleJourney>
      <OperatorRef>EY</OperatorRef>
      <OperatingProfile>
        <RegularDayType>
          <DaysOfWeek>
            <Monday />
            <Tuesday />
            <Wednesday />
            <Thursday />
            <Friday />
          </DaysOfWeek>
        </RegularDayType>
        <SpecialDaysOperation>
          <DaysOfNonOperation>
            <DateRange>
              <StartDate>2016-09-05</StartDate>
              <EndDate>2017-06-26</EndDate>
            </DateRange>
          </DaysOfNonOperation>
        </SpecialDaysOperation>
        <BankHolidayOperation>
          <DaysOfNonOperation>
            <LateSummerBankHolidayNotScotland />
          </DaysOfNonOperation>
        </BankHolidayOperation>
      </OperatingProfile>
      <VehicleJourneyCode>907</VehicleJourneyCode>
      <ServiceRef>YEAO507</ServiceRef>
      <LineRef>0</LineRef>
      <JourneyPatternRef>JPS_YEAO507-3</JourneyPatternRef>
      <DepartureTime>15:20:00</DepartureTime>
    </VehicleJourney>
    <VehicleJourney>
      <OperatorRef>EY</OperatorRef>
      <OperatingProfile>
        <RegularDayType>
          <DaysOfWeek>
            <Monday />
            <Tuesday />
            <Wednesday />
            <Thursday />
            <Friday />
          </DaysOfWeek>
        </RegularDayType>
        <SpecialDaysOperation>
          <DaysOfNonOperation>
            <DateRange>
              <StartDate>2016-09-05</StartDate>
              <EndDate>2017-06-26</EndDate>
            </DateRange>
          </DaysOfNonOperation>
        </SpecialDaysOperation>
        <BankHolidayOperation>
          <DaysOfNonOperation>
            <LateSummerBankHolidayNotScotland />
          </DaysOfNonOperation>
        </BankHolidayOperation>
      </OperatingProfile>
      <VehicleJourneyCode>908</VehicleJourneyCode>
      <ServiceRef>YEAO507</ServiceRef>
      <LineRef>0</LineRef>
      <JourneyPatternRef>JPS_YEAO507-3</JourneyPatternRef>
      <DepartureTime>16:20:00</DepartureTime>
    </VehicleJourney>
    <VehicleJourney>
      <OperatorRef>EY</OperatorRef>
      <OperatingProfile>
        <RegularDayType>
          <DaysOfWeek>
            <Monday />
            <Tuesday />
            <Wednesday />
            <Thursday />
            <Friday />
          </DaysOfWeek>
        </RegularDayType>
        <SpecialDaysOperation>
          <DaysOfNonOperation>
            <DateRange>
              <StartDate>2016-09-05</StartDate>
              <EndDate>2017-06-26</EndDate>
            </DateRange>
          </DaysOfNonOperation>
        </SpecialDaysOperation>
        <BankHolidayOperation>
          <DaysOfNonOperation>
            <LateSummerBankHolidayNotScotland />
          </DaysOfNonOperation>
        </BankHolidayOperation>
      </OperatingProfile>
      <VehicleJourneyCode>909</VehicleJourneyCode>
      <ServiceRef>YEAO507</ServiceRef>
      <LineRef>0</LineRef>
      <JourneyPatternRef>JPS_YEAO507-3</JourneyPatternRef>
      <DepartureTime>17:20:00</DepartureTime>
    </VehicleJourney>
    <VehicleJourney>
      <OperatorRef>EY</OperatorRef>
      <OperatingProfile>
        <RegularDayType>
          <DaysOfWeek>
            <Monday />
            <Tuesday />
            <Wednesday />
            <Thursday />
            <Friday />
          </DaysOfWeek>
        </RegularDayType>
        <SpecialDaysOperation>
          <DaysOfNonOperation>
            <DateRange>
              <StartDate>2016-09-05</StartDate>
              <EndDate>2017-06-26</EndDate>
            </DateRange>
          </DaysOfNonOperation>
        </SpecialDaysOperation>
        <BankHolidayOperation>
          <DaysOfNonOperation>
            <LateSummerBankHolidayNotScotland />
          </DaysOfNonOperation>
        </BankHolidayOperation>
      </OperatingProfile>
      <VehicleJourneyCode>920</VehicleJourneyCode>
      <ServiceRef>YEAO507</ServiceRef>
      <LineRef>0</LineRef>
      <JourneyPatternRef>JPS_YEAO507-4</JourneyPatternRef>
      <DepartureTime>07:37:00</DepartureTime>
    </VehicleJourney>
    <VehicleJourney>
      <OperatorRef>EY</OperatorRef>
      <OperatingProfile>
        <RegularDayType>
          <DaysOfWeek>
            <Monday />
            <Tuesday />
            <Wednesday />
            <Thursday />
            <Friday />
          </DaysOfWeek>
        </RegularDayType>
        <SpecialDaysOperation>
          <DaysOfNonOperation>
            <DateRange>
              <StartDate>2016-09-05</StartDate>
              <EndDate>2017-06-26</EndDate>
            </DateRange>
          </DaysOfNonOperation>
        </SpecialDaysOperation>
        <BankHolidayOperation>
          <DaysOfNonOperation>
            <LateSummerBankHolidayNotScotland />
          </DaysOfNonOperation>
        </BankHolidayOperation>
      </OperatingProfile>
      <VehicleJourneyCode>921</VehicleJourneyCode>
      <ServiceRef>YEAO507</ServiceRef>
      <LineRef>0</LineRef>
      <JourneyPatternRef>JPS_YEAO507-4</JourneyPatternRef>
      <DepartureTime>08:27:00</DepartureTime>
    </VehicleJourney>
    <VehicleJourney>
      <OperatorRef>EY</OperatorRef>
      <OperatingProfile>
        <RegularDayType>
          <DaysOfWeek>
            <Monday />
            <Tuesday />
            <Wednesday />
            <Thursday />
            <Friday />
          </DaysOfWeek>
        </RegularDayType>
        <SpecialDaysOperation>
          <DaysOfNonOperation>
            <DateRange>
              <StartDate>2016-09-05</StartDate>
              <EndDate>2017-06-26</EndDate>
            </DateRange>
          </DaysOfNonOperation>
        </SpecialDaysOperation>
        <BankHolidayOperation>
          <DaysOfNonOperation>
            <LateSummerBankHolidayNotScotland />
          </DaysOfNonOperation>
        </BankHolidayOperation>
      </OperatingProfile>
      <VehicleJourneyCode>922</VehicleJourneyCode>
      <ServiceRef>YEAO507</ServiceRef>
      <LineRef>0</LineRef>
      <JourneyPatternRef>JPS_YEAO507-4</JourneyPatternRef>
      <DepartureTime>09:37:00</DepartureTime>
    </VehicleJourney>
    <VehicleJourney>
      <OperatorRef>EY</OperatorRef>
      <OperatingProfile>
        <RegularDayType>
          <DaysOfWeek>
            <Monday />
            <Tuesday />
            <Wednesday />
            <Thursday />
            <Friday />
          </DaysOfWeek>
        </RegularDayType>
        <SpecialDaysOperation>
          <DaysOfNonOperation>
            <DateRange>
              <StartDate>2016-09-05</StartDate>
              <EndDate>2017-06-26</EndDate>
            </DateRange>
          </DaysOfNonOperation>
        </SpecialDaysOperation>
        <BankHolidayOperation>
          <DaysOfNonOperation>
            <LateSummerBankHolidayNotScotland />
          </DaysOfNonOperation>
        </BankHolidayOperation>
      </OperatingProfile>
      <VehicleJourneyCode>923</VehicleJourneyCode>
      <ServiceRef>YEAO507</ServiceRef>
      <LineRef>0</LineRef>
      <JourneyPatternRef>JPS_YEAO507-4</JourneyPatternRef>
      <DepartureTime>10:37:00</DepartureTime>
    </VehicleJourney>
    <VehicleJourney>
      <OperatorRef>EY</OperatorRef>
      <OperatingProfile>
        <RegularDayType>
          <DaysOfWeek>
            <Monday />
            <Tuesday />
            <Wednesday />
            <Thursday />
            <Friday />
          </DaysOfWeek>
        </RegularDayType>
        <SpecialDaysOperation>
          <DaysOfNonOperation>
            <DateRange>
              <StartDate>2016-09-05</StartDate>
              <EndDate>2017-06-26</EndDate>
            </DateRange>
          </DaysOfNonOperation>
        </SpecialDaysOperation>
        <BankHolidayOperation>
          <DaysOfNonOperation>
            <LateSummerBankHolidayNotScotland />
          </DaysOfNonOperation>
        </BankHolidayOperation>
      </OperatingProfile>
      <VehicleJourneyCode>924</VehicleJourneyCode>
      <ServiceRef>YEAO507</ServiceRef>
      <LineRef>0</LineRef>
      <JourneyPatternRef>JPS_YEAO507-4</JourneyPatternRef>
      <DepartureTime>11:37:00</DepartureTime>
    </VehicleJourney>
    <VehicleJourney>
      <OperatorRef>EY</OperatorRef>
      <OperatingProfile>
        <RegularDayType>
          <DaysOfWeek>
            <Monday />
            <Tuesday />
            <Wednesday />
            <Thursday />
            <Friday />
          </DaysOfWeek>
        </RegularDayType>
        <SpecialDaysOperation>
          <DaysOfNonOperation>
            <DateRange>
              <StartDate>2016-09-05</StartDate>
              <EndDate>2017-06-26</EndDate>
            </DateRange>
          </DaysOfNonOperation>
        </SpecialDaysOperation>
        <BankHolidayOperation>
          <DaysOfNonOperation>
            <LateSummerBankHolidayNotScotland />
          </DaysOfNonOperation>
        </BankHolidayOperation>
      </OperatingProfile>
      <VehicleJourneyCode>925</VehicleJourneyCode>
      <ServiceRef>YEAO507</ServiceRef>
      <LineRef>0</LineRef>
      <JourneyPatternRef>JPS_YEAO507-4</JourneyPatternRef>
      <DepartureTime>12:37:00</DepartureTime>
    </VehicleJourney>
    <VehicleJourney>
      <OperatorRef>EY</OperatorRef>
      <OperatingProfile>
        <RegularDayType>
          <DaysOfWeek>
            <Monday />
            <Tuesday />
            <Wednesday />
            <Thursday />
            <Friday />
          </DaysOfWeek>
        </RegularDayType>
        <SpecialDaysOperation>
          <DaysOfNonOperation>
            <DateRange>
              <StartDate>2016-09-05</StartDate>
              <EndDate>2017-06-26</EndDate>
            </DateRange>
          </DaysOfNonOperation>
        </SpecialDaysOperation>
        <BankHolidayOperation>
          <DaysOfNonOperation>
            <LateSummerBankHolidayNotScotland />
          </DaysOfNonOperation>
        </BankHolidayOperation>
      </OperatingProfile>
      <VehicleJourneyCode>926</VehicleJourneyCode>
      <ServiceRef>YEAO507</ServiceRef>
      <LineRef>0</LineRef>
      <JourneyPatternRef>JPS_YEAO507-4</JourneyPatternRef>
      <DepartureTime>13:37:00</DepartureTime>
    </VehicleJourney>
    <VehicleJourney>
      <OperatorRef>EY</OperatorRef>
      <OperatingProfile>
        <RegularDayType>
          <DaysOfWeek>
            <Monday />
            <Tuesday />
            <Wednesday />
            <Thursday />
            <Friday />
          </DaysOfWeek>
        </RegularDayType>
        <ServicedOrganisationDayType>
          <DaysOfNonOperation>
            <WorkingDays>
              <ServicedOrganisationRef>1</ServicedOrganisationRef>
            </WorkingDays>
          </DaysOfNonOperation>
        </ServicedOrganisationDayType>
        <SpecialDaysOperation>
          <DaysOfNonOperation>
            <DateRange>
              <StartDate>2016-09-05</StartDate>
              <EndDate>2017-06-26</EndDate>
            </DateRange>
          </DaysOfNonOperation>
        </SpecialDaysOperation>
        <BankHolidayOperation>
          <DaysOfNonOperation>
            <LateSummerBankHolidayNotScotland />
          </DaysOfNonOperation>
        </BankHolidayOperation>
      </OperatingProfile>
      <VehicleJourneyCode>927</VehicleJourneyCode>
      <ServiceRef>YEAO507</ServiceRef>
      <LineRef>0</LineRef>
      <JourneyPatternRef>JPS_YEAO507-4</JourneyPatternRef>
      <DepartureTime>14:37:00</DepartureTime>
    </VehicleJourney>
    <VehicleJourney>
      <OperatorRef>EY</OperatorRef>
      <OperatingProfile>
        <RegularDayType>
          <DaysOfWeek>
            <Monday />
            <Tuesday />
            <Wednesday />
            <Thursday />
            <Friday />
          </DaysOfWeek>
        </RegularDayType>
        <SpecialDaysOperation>
          <DaysOfNonOperation>
            <DateRange>
              <StartDate>2016-09-05</StartDate>
              <EndDate>2017-06-26</EndDate>
            </DateRange>
          </DaysOfNonOperation>
        </SpecialDaysOperation>
        <BankHolidayOperation>
          <DaysOfNonOperation>
            <LateSummerBankHolidayNotScotland />
          </DaysOfNonOperation>
        </BankHolidayOperation>
      </OperatingProfile>
      <VehicleJourneyCode>928</VehicleJourneyCode>
      <ServiceRef>YEAO507</ServiceRef>
      <LineRef>0</LineRef>
      <JourneyPatternRef>JPS_YEAO507-4</JourneyPatternRef>
      <DepartureTime>15:37:00</DepartureTime>
    </VehicleJourney>
    <VehicleJourney>
      <OperatorRef>EY</OperatorRef>
      <OperatingProfile>
        <RegularDayType>
          <DaysOfWeek>
            <Monday />
            <Tuesday />
            <Wednesday />
            <Thursday />
            <Friday />
          </DaysOfWeek>
        </RegularDayType>
        <SpecialDaysOperation>
          <DaysOfNonOperation>
            <DateRange>
              <StartDate>2016-09-05</StartDate>
              <EndDate>2017-06-26</EndDate>
            </DateRange>
          </DaysOfNonOperation>
        </SpecialDaysOperation>
        <BankHolidayOperation>
          <DaysOfNonOperation>
            <LateSummerBankHolidayNotScotland />
          </DaysOfNonOperation>
        </BankHolidayOperation>
      </OperatingProfile>
      <VehicleJourneyCode>929</VehicleJourneyCode>
      <ServiceRef>YEAO507</ServiceRef>
      <LineRef>0</LineRef>
      <JourneyPatternRef>JPS_YEAO507-4</JourneyPatternRef>
      <DepartureTime>16:37:00</DepartureTime>
    </VehicleJourney>
    <VehicleJourney>
      <OperatorRef>EY</OperatorRef>
      <OperatingProfile>
        <RegularDayType>
          <DaysOfWeek>
            <Monday />
            <Tuesday />
            <Wednesday />
            <Thursday />
            <Friday />
          </DaysOfWeek>
        </RegularDayType>
        <SpecialDaysOperation>
          <DaysOfNonOperation>
            <DateRange>
              <StartDate>2016-09-05</StartDate>
              <EndDate>2017-06-26</EndDate>
            </DateRange>
          </DaysOfNonOperation>
        </SpecialDaysOperation>
        <BankHolidayOperation>
          <DaysOfNonOperation>
            <LateSummerBankHolidayNotScotland />
          </DaysOfNonOperation>
        </BankHolidayOperation>
      </OperatingProfile>
      <VehicleJourneyCode>930</VehicleJourneyCode>
      <ServiceRef>YEAO507</ServiceRef>
      <LineRef>0</LineRef>
      <JourneyPatternRef>JPS_YEAO507-4</JourneyPatternRef>
      <DepartureTime>17:37:00</DepartureTime>
    </VehicleJourney>
  </VehicleJourneys>
</TransXChange>