<?xml version="1.0" encoding="utf-8"?>
<TransXChange xmlns:xsd="http://www.w3.org/2001/XMLSchema" xmlns:xsi="http://www.w3.org/2001/XMLSchema-instance" xsi:schemaLocation="http://www.transxchange.org.uk/ http://www.transxchange.org.uk/schema/2.1/TransXChange_general.xsd" CreationDateTime="2017-09-18T09:37:00-00:00" ModificationDateTime="2017-09-18T09:37:00-00:00" Modification="new" RevisionNumber="0" FileName="SVRYHAO948.xml" SchemaVersion="2.1" RegistrationDocument="false" xmlns="http://www.transxchange.org.uk/">
  <ServicedOrganisations>
    <ServicedOrganisation>
      <OrganisationCode>11</OrganisationCode>
      <Name>
QE1 : 948MFIEY.cif
</Name>
      <WorkingDays>
        <DateRange>
          <StartDate>2017-07-05</StartDate>
          <EndDate>2017-07-21</EndDate>
        </DateRange>
        <DateRange>
          <StartDate>2017-09-06</StartDate>
          <EndDate>2017-10-27</EndDate>
        </DateRange>
        <DateRange>
          <StartDate>2017-11-06</StartDate>
          <EndDate>2017-12-21</EndDate>
        </DateRange>
        <DateRange>
          <StartDate>2018-01-09</StartDate>
          <EndDate>2018-02-09</EndDate>
        </DateRange>
        <DateRange>
          <StartDate>2018-02-19</StartDate>
          <EndDate>2018-02-27</EndDate>
        </DateRange>
        <DateRange>
          <StartDate>2018-02-26</StartDate>
          <EndDate>2018-02-27</EndDate>
        </DateRange>
      </WorkingDays>
    </ServicedOrganisation>
    <ServicedOrganisation>
      <OrganisationCode>12</OrganisationCode>
      <Name>
QE1 : 948MFOEY.cif
</Name>
      <WorkingDays>
        <DateRange>
          <StartDate>2017-07-05</StartDate>
          <EndDate>2017-07-21</EndDate>
        </DateRange>
        <DateRange>
          <StartDate>2017-09-06</StartDate>
          <EndDate>2017-10-27</EndDate>
        </DateRange>
        <DateRange>
          <StartDate>2017-11-06</StartDate>
          <EndDate>2017-12-21</EndDate>
        </DateRange>
        <DateRange>
          <StartDate>2018-01-09</StartDate>
          <EndDate>2018-02-09</EndDate>
        </DateRange>
        <DateRange>
          <StartDate>2018-02-19</StartDate>
          <EndDate>2018-02-27</EndDate>
        </DateRange>
        <DateRange>
          <StartDate>2018-02-26</StartDate>
          <EndDate>2018-02-27</EndDate>
        </DateRange>
      </WorkingDays>
    </ServicedOrganisation>
  </ServicedOrganisations>
  <StopPoints>
    <AnnotatedStopPointRef>
      <StopPointRef>2200YEA00580</StopPointRef>
      <CommonName>Hessle Heads Lane</CommonName>
    </AnnotatedStopPointRef>
    <AnnotatedStopPointRef>
      <StopPointRef>2200YEA01072</StopPointRef>
      <CommonName>Hessle Heads Lane</CommonName>
    </AnnotatedStopPointRef>
    <AnnotatedStopPointRef>
      <StopPointRef>2200YEA00933</StopPointRef>
      <CommonName>Hessle Boothferry Road</CommonName>
    </AnnotatedStopPointRef>
    <AnnotatedStopPointRef>
      <StopPointRef>2200YEA00934</StopPointRef>
      <CommonName>Hessle Boothferry Road</CommonName>
    </AnnotatedStopPointRef>
    <AnnotatedStopPointRef>
      <StopPointRef>2200YEA00935</StopPointRef>
      <CommonName>Hessle Boothferry Road</CommonName>
    </AnnotatedStopPointRef>
    <AnnotatedStopPointRef>
      <StopPointRef>2200YEA00378</StopPointRef>
      <CommonName>Hessle Boothferry Road</CommonName>
    </AnnotatedStopPointRef>
    <AnnotatedStopPointRef>
      <StopPointRef>2200YEA00379</StopPointRef>
      <CommonName>Hessle Boothferry Road</CommonName>
    </AnnotatedStopPointRef>
    <AnnotatedStopPointRef>
      <StopPointRef>2200YEA00380</StopPointRef>
      <CommonName>Hessle Boothferry Road</CommonName>
    </AnnotatedStopPointRef>
    <AnnotatedStopPointRef>
      <StopPointRef>2200YEA11743</StopPointRef>
      <CommonName>Hessle First Lane</CommonName>
    </AnnotatedStopPointRef>
    <AnnotatedStopPointRef>
      <StopPointRef>2290YHA00111</StopPointRef>
      <CommonName>Mollison Road</CommonName>
    </AnnotatedStopPointRef>
    <AnnotatedStopPointRef>
      <StopPointRef>2290YHA00472</StopPointRef>
      <CommonName>Gower Road</CommonName>
    </AnnotatedStopPointRef>
    <AnnotatedStopPointRef>
      <StopPointRef>2290YHA00470</StopPointRef>
      <CommonName>Gower Road</CommonName>
    </AnnotatedStopPointRef>
    <AnnotatedStopPointRef>
      <StopPointRef>2290YHA00022</StopPointRef>
      <CommonName>Sirius Academy</CommonName>
    </AnnotatedStopPointRef>
    <AnnotatedStopPointRef>
      <StopPointRef>2290YHA00016</StopPointRef>
      <CommonName>Costello Stadium</CommonName>
    </AnnotatedStopPointRef>
    <AnnotatedStopPointRef>
      <StopPointRef>2290YHA00015</StopPointRef>
      <CommonName>Rokeby Avenue</CommonName>
    </AnnotatedStopPointRef>
    <AnnotatedStopPointRef>
      <StopPointRef>2290YHA00014</StopPointRef>
      <CommonName>The Roundway</CommonName>
    </AnnotatedStopPointRef>
    <AnnotatedStopPointRef>
      <StopPointRef>2290YHA00042</StopPointRef>
      <CommonName>Trenton Avenue</CommonName>
    </AnnotatedStopPointRef>
    <AnnotatedStopPointRef>
      <StopPointRef>2290YHA00043</StopPointRef>
      <CommonName>Malham Avenue</CommonName>
    </AnnotatedStopPointRef>
    <AnnotatedStopPointRef>
      <StopPointRef>2290YHA00044</StopPointRef>
      <CommonName>Trinity House</CommonName>
    </AnnotatedStopPointRef>
    <AnnotatedStopPointRef>
      <StopPointRef>2290YHA00051</StopPointRef>
      <CommonName>Pickering Road</CommonName>
    </AnnotatedStopPointRef>
    <AnnotatedStopPointRef>
      <StopPointRef>2290YHA00052</StopPointRef>
      <CommonName>Plantation Drive</CommonName>
    </AnnotatedStopPointRef>
    <AnnotatedStopPointRef>
      <StopPointRef>2290YHA01618</StopPointRef>
      <CommonName>Mead Walk</CommonName>
    </AnnotatedStopPointRef>
    <AnnotatedStopPointRef>
      <StopPointRef>2290YHA00019</StopPointRef>
      <CommonName>The Roundway</CommonName>
    </AnnotatedStopPointRef>
    <AnnotatedStopPointRef>
      <StopPointRef>2290YHA00017</StopPointRef>
      <CommonName>Rokeby Avenue</CommonName>
    </AnnotatedStopPointRef>
    <AnnotatedStopPointRef>
      <StopPointRef>2290YHA00020</StopPointRef>
      <CommonName>Costello Stadium (South)</CommonName>
    </AnnotatedStopPointRef>
    <AnnotatedStopPointRef>
      <StopPointRef>2290YHA00021</StopPointRef>
      <CommonName>Sirius Academy</CommonName>
    </AnnotatedStopPointRef>
    <AnnotatedStopPointRef>
      <StopPointRef>2290YHA00473</StopPointRef>
      <CommonName>Gower Road</CommonName>
    </AnnotatedStopPointRef>
    <AnnotatedStopPointRef>
      <StopPointRef>2290YHA00112</StopPointRef>
      <CommonName>St Andrews Court</CommonName>
    </AnnotatedStopPointRef>
    <AnnotatedStopPointRef>
      <StopPointRef>2200YEA11742</StopPointRef>
      <CommonName>Hessle First Lane</CommonName>
    </AnnotatedStopPointRef>
    <AnnotatedStopPointRef>
      <StopPointRef>2200YEA01073</StopPointRef>
      <CommonName>Hessle Heads Lane</CommonName>
    </AnnotatedStopPointRef>
  </StopPoints>
  <RouteSections>
    <RouteSection id="YHAO948_004">
      <RouteLink id="YHAO948_004_21810">
        <From>
          <StopPointRef>2200YEA00580</StopPointRef>
        </From>
        <To>
          <StopPointRef>2200YEA01072</StopPointRef>
        </To>
        <Direction>inbound</Direction>
      </RouteLink>
      <RouteLink id="YHAO948_004_21811">
        <From>
          <StopPointRef>2200YEA01072</StopPointRef>
        </From>
        <To>
          <StopPointRef>2200YEA00933</StopPointRef>
        </To>
        <Direction>inbound</Direction>
      </RouteLink>
      <RouteLink id="YHAO948_004_21812">
        <From>
          <StopPointRef>2200YEA00933</StopPointRef>
        </From>
        <To>
          <StopPointRef>2200YEA00934</StopPointRef>
        </To>
        <Direction>inbound</Direction>
      </RouteLink>
      <RouteLink id="YHAO948_004_21813">
        <From>
          <StopPointRef>2200YEA00934</StopPointRef>
        </From>
        <To>
          <StopPointRef>2200YEA00935</StopPointRef>
        </To>
        <Direction>inbound</Direction>
      </RouteLink>
      <RouteLink id="YHAO948_004_21814">
        <From>
          <StopPointRef>2200YEA00935</StopPointRef>
        </From>
        <To>
          <StopPointRef>2200YEA00378</StopPointRef>
        </To>
        <Direction>inbound</Direction>
      </RouteLink>
      <RouteLink id="YHAO948_004_21815">
        <From>
          <StopPointRef>2200YEA00378</StopPointRef>
        </From>
        <To>
          <StopPointRef>2200YEA00379</StopPointRef>
        </To>
        <Direction>inbound</Direction>
      </RouteLink>
      <RouteLink id="YHAO948_004_21816">
        <From>
          <StopPointRef>2200YEA00379</StopPointRef>
        </From>
        <To>
          <StopPointRef>2200YEA00380</StopPointRef>
        </To>
        <Direction>inbound</Direction>
      </RouteLink>
      <RouteLink id="YHAO948_004_21817">
        <From>
          <StopPointRef>2200YEA00380</StopPointRef>
        </From>
        <To>
          <StopPointRef>2200YEA11743</StopPointRef>
        </To>
        <Direction>inbound</Direction>
      </RouteLink>
      <RouteLink id="YHAO948_004_21818">
        <From>
          <StopPointRef>2200YEA11743</StopPointRef>
        </From>
        <To>
          <StopPointRef>2290YHA00111</StopPointRef>
        </To>
        <Direction>inbound</Direction>
      </RouteLink>
      <RouteLink id="YHAO948_004_21819">
        <From>
          <StopPointRef>2290YHA00111</StopPointRef>
        </From>
        <To>
          <StopPointRef>2290YHA00472</StopPointRef>
        </To>
        <Direction>inbound</Direction>
      </RouteLink>
      <RouteLink id="YHAO948_004_21820">
        <From>
          <StopPointRef>2290YHA00472</StopPointRef>
        </From>
        <To>
          <StopPointRef>2290YHA00470</StopPointRef>
        </To>
        <Direction>inbound</Direction>
      </RouteLink>
      <RouteLink id="YHAO948_004_21821">
        <From>
          <StopPointRef>2290YHA00470</StopPointRef>
        </From>
        <To>
          <StopPointRef>2290YHA00022</StopPointRef>
        </To>
        <Direction>inbound</Direction>
      </RouteLink>
      <RouteLink id="YHAO948_004_21822">
        <From>
          <StopPointRef>2290YHA00022</StopPointRef>
        </From>
        <To>
          <StopPointRef>2290YHA00016</StopPointRef>
        </To>
        <Direction>inbound</Direction>
      </RouteLink>
      <RouteLink id="YHAO948_004_21823">
        <From>
          <StopPointRef>2290YHA00016</StopPointRef>
        </From>
        <To>
          <StopPointRef>2290YHA00015</StopPointRef>
        </To>
        <Direction>inbound</Direction>
      </RouteLink>
      <RouteLink id="YHAO948_004_21824">
        <From>
          <StopPointRef>2290YHA00015</StopPointRef>
        </From>
        <To>
          <StopPointRef>2290YHA00014</StopPointRef>
        </To>
        <Direction>inbound</Direction>
      </RouteLink>
      <RouteLink id="YHAO948_004_21825">
        <From>
          <StopPointRef>2290YHA00014</StopPointRef>
        </From>
        <To>
          <StopPointRef>2290YHA00042</StopPointRef>
        </To>
        <Direction>inbound</Direction>
      </RouteLink>
      <RouteLink id="YHAO948_004_21826">
        <From>
          <StopPointRef>2290YHA00042</StopPointRef>
        </From>
        <To>
          <StopPointRef>2290YHA00043</StopPointRef>
        </To>
        <Direction>inbound</Direction>
      </RouteLink>
      <RouteLink id="YHAO948_004_21827">
        <From>
          <StopPointRef>2290YHA00043</StopPointRef>
        </From>
        <To>
          <StopPointRef>2290YHA00044</StopPointRef>
        </To>
        <Direction>inbound</Direction>
      </RouteLink>
    </RouteSection>
    <RouteSection id="YHAO948_003">
      <RouteLink id="YHAO948_003_21838">
        <From>
          <StopPointRef>2290YHA00051</StopPointRef>
        </From>
        <To>
          <StopPointRef>2290YHA00052</StopPointRef>
        </To>
        <Direction>outbound</Direction>
      </RouteLink>
      <RouteLink id="YHAO948_003_21839">
        <From>
          <StopPointRef>2290YHA00052</StopPointRef>
        </From>
        <To>
          <StopPointRef>2290YHA01618</StopPointRef>
        </To>
        <Direction>outbound</Direction>
      </RouteLink>
      <RouteLink id="YHAO948_003_21840">
        <From>
          <StopPointRef>2290YHA01618</StopPointRef>
        </From>
        <To>
          <StopPointRef>2290YHA00019</StopPointRef>
        </To>
        <Direction>outbound</Direction>
      </RouteLink>
      <RouteLink id="YHAO948_003_21841">
        <From>
          <StopPointRef>2290YHA00019</StopPointRef>
        </From>
        <To>
          <StopPointRef>2290YHA00017</StopPointRef>
        </To>
        <Direction>outbound</Direction>
      </RouteLink>
      <RouteLink id="YHAO948_003_21842">
        <From>
          <StopPointRef>2290YHA00017</StopPointRef>
        </From>
        <To>
          <StopPointRef>2290YHA00020</StopPointRef>
        </To>
        <Direction>outbound</Direction>
      </RouteLink>
      <RouteLink id="YHAO948_003_21843">
        <From>
          <StopPointRef>2290YHA00020</StopPointRef>
        </From>
        <To>
          <StopPointRef>2290YHA00021</StopPointRef>
        </To>
        <Direction>outbound</Direction>
      </RouteLink>
      <RouteLink id="YHAO948_003_21844">
        <From>
          <StopPointRef>2290YHA00021</StopPointRef>
        </From>
        <To>
          <StopPointRef>2290YHA00473</StopPointRef>
        </To>
        <Direction>outbound</Direction>
      </RouteLink>
      <RouteLink id="YHAO948_003_21845">
        <From>
          <StopPointRef>2290YHA00473</StopPointRef>
        </From>
        <To>
          <StopPointRef>2290YHA00112</StopPointRef>
        </To>
        <Direction>outbound</Direction>
      </RouteLink>
      <RouteLink id="YHAO948_003_21846">
        <From>
          <StopPointRef>2290YHA00112</StopPointRef>
        </From>
        <To>
          <StopPointRef>2200YEA11742</StopPointRef>
        </To>
        <Direction>outbound</Direction>
      </RouteLink>
      <RouteLink id="YHAO948_003_21847">
        <From>
          <StopPointRef>2200YEA11742</StopPointRef>
        </From>
        <To>
          <StopPointRef>2200YEA01073</StopPointRef>
        </To>
        <Direction>outbound</Direction>
      </RouteLink>
      <RouteLink id="YHAO948_003_21848">
        <From>
          <StopPointRef>2200YEA01073</StopPointRef>
        </From>
        <To>
          <StopPointRef>2200YEA00580</StopPointRef>
        </To>
        <Direction>outbound</Direction>
      </RouteLink>
    </RouteSection>
  </RouteSections>
  <Routes>
    <Route id="YHAO948_004">
      <Description>Hessle High School - Anlaby Road
</Description>
      <RouteSectionRef>YHAO948_004</RouteSectionRef>
    </Route>
    <Route id="YHAO948_003">
      <Description>Anlaby Road - Hessle High School
</Description>
      <RouteSectionRef>YHAO948_003</RouteSectionRef>
    </Route>
  </Routes>
  <JourneyPatternSections>
    <JourneyPatternSection id="JPS_YHAO948-3">
      <JourneyPatternTimingLink id="JPS_YHAO948-3_21810">
        <From>
          <StopPointRef>2200YEA00580</StopPointRef>
          <TimingStatus>PTP</TimingStatus>
        </From>
        <To>
          <StopPointRef>2200YEA01072</StopPointRef>
          <TimingStatus>OTH</TimingStatus>
        </To>
        <RouteLinkRef>YHAO948_004_21810</RouteLinkRef>
        <Direction>inbound</Direction>
        <RunTime>PT56S</RunTime>
      </JourneyPatternTimingLink>
      <JourneyPatternTimingLink id="JPS_YHAO948-3_21811">
        <From>
          <StopPointRef>2200YEA01072</StopPointRef>
          <TimingStatus>OTH</TimingStatus>
        </From>
        <To>
          <StopPointRef>2200YEA00933</StopPointRef>
          <TimingStatus>OTH</TimingStatus>
        </To>
        <RouteLinkRef>YHAO948_004_21811</RouteLinkRef>
        <Direction>inbound</Direction>
        <RunTime>PT27S</RunTime>
      </JourneyPatternTimingLink>
      <JourneyPatternTimingLink id="JPS_YHAO948-3_21812">
        <From>
          <StopPointRef>2200YEA00933</StopPointRef>
          <TimingStatus>OTH</TimingStatus>
        </From>
        <To>
          <StopPointRef>2200YEA00934</StopPointRef>
          <TimingStatus>OTH</TimingStatus>
        </To>
        <RouteLinkRef>YHAO948_004_21812</RouteLinkRef>
        <Direction>inbound</Direction>
        <RunTime>PT74S</RunTime>
      </JourneyPatternTimingLink>
      <JourneyPatternTimingLink id="JPS_YHAO948-3_21813">
        <From>
          <StopPointRef>2200YEA00934</StopPointRef>
          <TimingStatus>OTH</TimingStatus>
        </From>
        <To>
          <StopPointRef>2200YEA00935</StopPointRef>
          <TimingStatus>OTH</TimingStatus>
        </To>
        <RouteLinkRef>YHAO948_004_21813</RouteLinkRef>
        <Direction>inbound</Direction>
        <RunTime>PT71S</RunTime>
      </JourneyPatternTimingLink>
      <JourneyPatternTimingLink id="JPS_YHAO948-3_21814">
        <From>
          <StopPointRef>2200YEA00935</StopPointRef>
          <TimingStatus>OTH</TimingStatus>
        </From>
        <To>
          <StopPointRef>2200YEA00378</StopPointRef>
          <TimingStatus>OTH</TimingStatus>
        </To>
        <RouteLinkRef>YHAO948_004_21814</RouteLinkRef>
        <Direction>inbound</Direction>
        <RunTime>PT117S</RunTime>
      </JourneyPatternTimingLink>
      <JourneyPatternTimingLink id="JPS_YHAO948-3_21815">
        <From>
          <StopPointRef>2200YEA00378</StopPointRef>
          <TimingStatus>OTH</TimingStatus>
        </From>
        <To>
          <StopPointRef>2200YEA00379</StopPointRef>
          <TimingStatus>OTH</TimingStatus>
        </To>
        <RouteLinkRef>YHAO948_004_21815</RouteLinkRef>
        <Direction>inbound</Direction>
        <RunTime>PT82S</RunTime>
      </JourneyPatternTimingLink>
      <JourneyPatternTimingLink id="JPS_YHAO948-3_21816">
        <From>
          <StopPointRef>2200YEA00379</StopPointRef>
          <TimingStatus>OTH</TimingStatus>
        </From>
        <To>
          <StopPointRef>2200YEA00380</StopPointRef>
          <TimingStatus>OTH</TimingStatus>
        </To>
        <RouteLinkRef>YHAO948_004_21816</RouteLinkRef>
        <Direction>inbound</Direction>
        <RunTime>PT111S</RunTime>
      </JourneyPatternTimingLink>
      <JourneyPatternTimingLink id="JPS_YHAO948-3_21817">
        <From>
          <StopPointRef>2200YEA00380</StopPointRef>
          <TimingStatus>OTH</TimingStatus>
        </From>
        <To>
          <StopPointRef>2200YEA11743</StopPointRef>
          <TimingStatus>PTP</TimingStatus>
        </To>
        <RouteLinkRef>YHAO948_004_21817</RouteLinkRef>
        <Direction>inbound</Direction>
        <RunTime>PT62S</RunTime>
      </JourneyPatternTimingLink>
      <JourneyPatternTimingLink id="JPS_YHAO948-3_21818">
        <From>
          <StopPointRef>2200YEA11743</StopPointRef>
          <TimingStatus>PTP</TimingStatus>
        </From>
        <To>
          <StopPointRef>2290YHA00111</StopPointRef>
          <TimingStatus>PTP</TimingStatus>
        </To>
        <RouteLinkRef>YHAO948_004_21818</RouteLinkRef>
        <Direction>inbound</Direction>
        <RunTime>PT180S</RunTime>
      </JourneyPatternTimingLink>
      <JourneyPatternTimingLink id="JPS_YHAO948-3_21819">
        <From>
          <StopPointRef>2290YHA00111</StopPointRef>
          <TimingStatus>PTP</TimingStatus>
        </From>
        <To>
          <StopPointRef>2290YHA00472</StopPointRef>
          <TimingStatus>PTP</TimingStatus>
        </To>
        <RouteLinkRef>YHAO948_004_21819</RouteLinkRef>
        <Direction>inbound</Direction>
        <RunTime>PT180S</RunTime>
      </JourneyPatternTimingLink>
      <JourneyPatternTimingLink id="JPS_YHAO948-3_21820">
        <From>
          <StopPointRef>2290YHA00472</StopPointRef>
          <TimingStatus>PTP</TimingStatus>
        </From>
        <To>
          <StopPointRef>2290YHA00470</StopPointRef>
          <TimingStatus>OTH</TimingStatus>
        </To>
        <RouteLinkRef>YHAO948_004_21820</RouteLinkRef>
        <Direction>inbound</Direction>
        <RunTime>PT69S</RunTime>
      </JourneyPatternTimingLink>
      <JourneyPatternTimingLink id="JPS_YHAO948-3_21821">
        <From>
          <StopPointRef>2290YHA00470</StopPointRef>
          <TimingStatus>OTH</TimingStatus>
        </From>
        <To>
          <StopPointRef>2290YHA00022</StopPointRef>
          <TimingStatus>OTH</TimingStatus>
        </To>
        <RouteLinkRef>YHAO948_004_21821</RouteLinkRef>
        <Direction>inbound</Direction>
        <RunTime>PT56S</RunTime>
      </JourneyPatternTimingLink>
      <JourneyPatternTimingLink id="JPS_YHAO948-3_21822">
        <From>
          <StopPointRef>2290YHA00022</StopPointRef>
          <TimingStatus>OTH</TimingStatus>
        </From>
        <To>
          <StopPointRef>2290YHA00016</StopPointRef>
          <TimingStatus>PTP</TimingStatus>
        </To>
        <RouteLinkRef>YHAO948_004_21822</RouteLinkRef>
        <Direction>inbound</Direction>
        <RunTime>PT55S</RunTime>
      </JourneyPatternTimingLink>
      <JourneyPatternTimingLink id="JPS_YHAO948-3_21823">
        <From>
          <StopPointRef>2290YHA00016</StopPointRef>
          <TimingStatus>PTP</TimingStatus>
        </From>
        <To>
          <StopPointRef>2290YHA00015</StopPointRef>
          <TimingStatus>OTH</TimingStatus>
        </To>
        <RouteLinkRef>YHAO948_004_21823</RouteLinkRef>
        <Direction>inbound</Direction>
        <RunTime>PT16S</RunTime>
      </JourneyPatternTimingLink>
      <JourneyPatternTimingLink id="JPS_YHAO948-3_21824">
        <From>
          <StopPointRef>2290YHA00015</StopPointRef>
          <TimingStatus>OTH</TimingStatus>
        </From>
        <To>
          <StopPointRef>2290YHA00014</StopPointRef>
          <TimingStatus>PTP</TimingStatus>
        </To>
        <RouteLinkRef>YHAO948_004_21824</RouteLinkRef>
        <Direction>inbound</Direction>
        <RunTime>PT44S</RunTime>
      </JourneyPatternTimingLink>
      <JourneyPatternTimingLink id="JPS_YHAO948-3_21825">
        <From>
          <StopPointRef>2290YHA00014</StopPointRef>
          <TimingStatus>PTP</TimingStatus>
        </From>
        <To>
          <StopPointRef>2290YHA00042</StopPointRef>
          <TimingStatus>PTP</TimingStatus>
        </To>
        <RouteLinkRef>YHAO948_004_21825</RouteLinkRef>
        <Direction>inbound</Direction>
        <RunTime>PT60S</RunTime>
      </JourneyPatternTimingLink>
      <JourneyPatternTimingLink id="JPS_YHAO948-3_21826">
        <From>
          <StopPointRef>2290YHA00042</StopPointRef>
          <TimingStatus>PTP</TimingStatus>
        </From>
        <To>
          <StopPointRef>2290YHA00043</StopPointRef>
          <TimingStatus>PTP</TimingStatus>
        </To>
        <RouteLinkRef>YHAO948_004_21826</RouteLinkRef>
        <Direction>inbound</Direction>
        <RunTime>PT60S</RunTime>
      </JourneyPatternTimingLink>
      <JourneyPatternTimingLink id="JPS_YHAO948-3_21827">
        <From>
          <StopPointRef>2290YHA00043</StopPointRef>
          <TimingStatus>PTP</TimingStatus>
        </From>
        <To>
          <StopPointRef>2290YHA00044</StopPointRef>
          <TimingStatus>PTP</TimingStatus>
        </To>
        <RouteLinkRef>YHAO948_004_21827</RouteLinkRef>
        <Direction>inbound</Direction>
        <RunTime>PT60S</RunTime>
      </JourneyPatternTimingLink>
    </JourneyPatternSection>
    <JourneyPatternSection id="JPS_YHAO948-4">
      <JourneyPatternTimingLink id="JPS_YHAO948-4_21838">
        <From>
          <StopPointRef>2290YHA00051</StopPointRef>
          <TimingStatus>PTP</TimingStatus>
        </From>
        <To>
          <StopPointRef>2290YHA00052</StopPointRef>
          <TimingStatus>PTP</TimingStatus>
        </To>
        <RouteLinkRef>YHAO948_003_21838</RouteLinkRef>
        <Direction>outbound</Direction>
        <RunTime>PT60S</RunTime>
      </JourneyPatternTimingLink>
      <JourneyPatternTimingLink id="JPS_YHAO948-4_21839">
        <From>
          <StopPointRef>2290YHA00052</StopPointRef>
          <TimingStatus>PTP</TimingStatus>
        </From>
        <To>
          <StopPointRef>2290YHA01618</StopPointRef>
          <TimingStatus>PTP</TimingStatus>
        </To>
        <RouteLinkRef>YHAO948_003_21839</RouteLinkRef>
        <Direction>outbound</Direction>
        <RunTime>PT60S</RunTime>
      </JourneyPatternTimingLink>
      <JourneyPatternTimingLink id="JPS_YHAO948-4_21840">
        <From>
          <StopPointRef>2290YHA01618</StopPointRef>
          <TimingStatus>PTP</TimingStatus>
        </From>
        <To>
          <StopPointRef>2290YHA00019</StopPointRef>
          <TimingStatus>PTP</TimingStatus>
        </To>
        <RouteLinkRef>YHAO948_003_21840</RouteLinkRef>
        <Direction>outbound</Direction>
        <RunTime>PT60S</RunTime>
      </JourneyPatternTimingLink>
      <JourneyPatternTimingLink id="JPS_YHAO948-4_21841">
        <From>
          <StopPointRef>2290YHA00019</StopPointRef>
          <TimingStatus>PTP</TimingStatus>
        </From>
        <To>
          <StopPointRef>2290YHA00017</StopPointRef>
          <TimingStatus>OTH</TimingStatus>
        </To>
        <RouteLinkRef>YHAO948_003_21841</RouteLinkRef>
        <Direction>outbound</Direction>
        <RunTime>PT30S</RunTime>
      </JourneyPatternTimingLink>
      <JourneyPatternTimingLink id="JPS_YHAO948-4_21842">
        <From>
          <StopPointRef>2290YHA00017</StopPointRef>
          <TimingStatus>OTH</TimingStatus>
        </From>
        <To>
          <StopPointRef>2290YHA00020</StopPointRef>
          <TimingStatus>PTP</TimingStatus>
        </To>
        <RouteLinkRef>YHAO948_003_21842</RouteLinkRef>
        <Direction>outbound</Direction>
        <RunTime>PT30S</RunTime>
      </JourneyPatternTimingLink>
      <JourneyPatternTimingLink id="JPS_YHAO948-4_21843">
        <From>
          <StopPointRef>2290YHA00020</StopPointRef>
          <TimingStatus>PTP</TimingStatus>
        </From>
        <To>
          <StopPointRef>2290YHA00021</StopPointRef>
          <TimingStatus>OTH</TimingStatus>
        </To>
        <RouteLinkRef>YHAO948_003_21843</RouteLinkRef>
        <Direction>outbound</Direction>
        <RunTime>PT59S</RunTime>
      </JourneyPatternTimingLink>
      <JourneyPatternTimingLink id="JPS_YHAO948-4_21844">
        <From>
          <StopPointRef>2290YHA00021</StopPointRef>
          <TimingStatus>OTH</TimingStatus>
        </From>
        <To>
          <StopPointRef>2290YHA00473</StopPointRef>
          <TimingStatus>PTP</TimingStatus>
        </To>
        <RouteLinkRef>YHAO948_003_21844</RouteLinkRef>
        <Direction>outbound</Direction>
        <RunTime>PT121S</RunTime>
      </JourneyPatternTimingLink>
      <JourneyPatternTimingLink id="JPS_YHAO948-4_21845">
        <From>
          <StopPointRef>2290YHA00473</StopPointRef>
          <TimingStatus>PTP</TimingStatus>
        </From>
        <To>
          <StopPointRef>2290YHA00112</StopPointRef>
          <TimingStatus>PTP</TimingStatus>
        </To>
        <RouteLinkRef>YHAO948_003_21845</RouteLinkRef>
        <Direction>outbound</Direction>
        <RunTime>PT180S</RunTime>
      </JourneyPatternTimingLink>
      <JourneyPatternTimingLink id="JPS_YHAO948-4_21846">
        <From>
          <StopPointRef>2290YHA00112</StopPointRef>
          <TimingStatus>PTP</TimingStatus>
        </From>
        <To>
          <StopPointRef>2200YEA11742</StopPointRef>
          <TimingStatus>PTP</TimingStatus>
        </To>
        <RouteLinkRef>YHAO948_003_21846</RouteLinkRef>
        <Direction>outbound</Direction>
        <RunTime>PT180S</RunTime>
      </JourneyPatternTimingLink>
      <JourneyPatternTimingLink id="JPS_YHAO948-4_21847">
        <From>
          <StopPointRef>2200YEA11742</StopPointRef>
          <TimingStatus>PTP</TimingStatus>
        </From>
        <To>
          <StopPointRef>2200YEA01073</StopPointRef>
          <TimingStatus>OTH</TimingStatus>
        </To>
        <RouteLinkRef>YHAO948_003_21847</RouteLinkRef>
        <Direction>outbound</Direction>
        <RunTime>PT379S</RunTime>
      </JourneyPatternTimingLink>
      <JourneyPatternTimingLink id="JPS_YHAO948-4_21848">
        <From>
          <StopPointRef>2200YEA01073</StopPointRef>
          <TimingStatus>OTH</TimingStatus>
        </From>
        <To>
          <StopPointRef>2200YEA00580</StopPointRef>
          <TimingStatus>PTP</TimingStatus>
        </To>
        <RouteLinkRef>YHAO948_003_21848</RouteLinkRef>
        <Direction>outbound</Direction>
        <RunTime>PT41S</RunTime>
      </JourneyPatternTimingLink>
    </JourneyPatternSection>
  </JourneyPatternSections>
  <Operators>
    <Operator id="EY">
      <NationalOperatorCode>EYMS</NationalOperatorCode>
      <OperatorCode>EY</OperatorCode>
      <OperatorShortName>EYMS</OperatorShortName>
    </Operator>
  </Operators>
  <Services>
    <Service>
      <ServiceCode>YHAO948</ServiceCode>
      <Lines>
        <Line id="0">
          <LineName>948</LineName>
        </Line>
      </Lines>
      <OperatingPeriod>
        <StartDate>2017-07-05</StartDate>
        <EndDate>2018-02-27</EndDate>
      </OperatingPeriod>
      <RegisteredOperatorRef>EY</RegisteredOperatorRef>
      <StopRequirements>
        <NoNewStopsRequired />
      </StopRequirements>
      <Mode>bus</Mode>
      <Description>Anlaby Road - Hessle High School</Description>
      <StandardService>
        <Origin>Anlaby Road</Origin>
        <Destination>Hessle High School</Destination>
        <JourneyPattern id="JPS_YHAO948-3">
          <Direction>inbound</Direction>
          <JourneyPatternSectionRefs>JPS_YHAO948-3</JourneyPatternSectionRefs>
        </JourneyPattern>
        <JourneyPattern id="JPS_YHAO948-4">
          <Direction>outbound</Direction>
          <JourneyPatternSectionRefs>JPS_YHAO948-4</JourneyPatternSectionRefs>
        </JourneyPattern>
      </StandardService>
    </Service>
  </Services>
  <VehicleJourneys>
    <VehicleJourney>
      <OperatorRef>EY</OperatorRef>
      <OperatingProfile>
        <RegularDayType>
          <DaysOfWeek>
            <Monday />
            <Tuesday />
            <Wednesday />
            <Thursday />
            <Friday />
          </DaysOfWeek>
        </RegularDayType>
        <ServicedOrganisationDayType>
          <DaysOfOperation>
            <WorkingDays>
              <ServicedOrganisationRef>11</ServicedOrganisationRef>
            </WorkingDays>
          </DaysOfOperation>
        </ServicedOrganisationDayType>
      </OperatingProfile>
      <VehicleJourneyCode>6875</VehicleJourneyCode>
      <ServiceRef>YHAO948</ServiceRef>
      <LineRef>0</LineRef>
      <JourneyPatternRef>JPS_YHAO948-3</JourneyPatternRef>
      <DepartureTime>15:15:00</DepartureTime>
    </VehicleJourney>
    <VehicleJourney>
      <OperatorRef>EY</OperatorRef>
      <OperatingProfile>
        <RegularDayType>
          <DaysOfWeek>
            <Monday />
            <Tuesday />
            <Wednesday />
            <Thursday />
            <Friday />
          </DaysOfWeek>
        </RegularDayType>
        <ServicedOrganisationDayType>
          <DaysOfOperation>
            <WorkingDays>
              <ServicedOrganisationRef>12</ServicedOrganisationRef>
            </WorkingDays>
          </DaysOfOperation>
        </ServicedOrganisationDayType>
      </OperatingProfile>
      <VehicleJourneyCode>6876</VehicleJourneyCode>
      <ServiceRef>YHAO948</ServiceRef>
      <LineRef>0</LineRef>
      <JourneyPatternRef>JPS_YHAO948-4</JourneyPatternRef>
      <DepartureTime>08:00:00</DepartureTime>
    </VehicleJourney>
  </VehicleJourneys>
</TransXChange>