<?xml version="1.0" encoding="utf-8"?>
<TransXChange xmlns:xsd="http://www.w3.org/2001/XMLSchema" xmlns:xsi="http://www.w3.org/2001/XMLSchema-instance" xsi:schemaLocation="http://www.transxchange.org.uk/ http://www.transxchange.org.uk/schema/2.1/TransXChange_general.xsd" CreationDateTime="2017-09-18T09:39:00-00:00" ModificationDateTime="2017-09-18T09:39:00-00:00" Modification="new" RevisionNumber="0" FileName="SVRYNBO031B.xml" SchemaVersion="2.1" RegistrationDocument="false" xmlns="http://www.transxchange.org.uk/">
  <StopPoints>
    <AnnotatedStopPointRef>
      <StopPointRef>3200YNA96801</StopPointRef>
      <CommonName>Market Place</CommonName>
    </AnnotatedStopPointRef>
    <AnnotatedStopPointRef>
      <StopPointRef>3200YNA96802</StopPointRef>
      <CommonName>Friary Gardens</CommonName>
    </AnnotatedStopPointRef>
    <AnnotatedStopPointRef>
      <StopPointRef>3200YNA90292</StopPointRef>
      <CommonName>Queens Road</CommonName>
    </AnnotatedStopPointRef>
    <AnnotatedStopPointRef>
      <StopPointRef>3200YNB00234</StopPointRef>
      <CommonName>Pottergate</CommonName>
    </AnnotatedStopPointRef>
    <AnnotatedStopPointRef>
      <StopPointRef>3200YNA90313</StopPointRef>
      <CommonName>Fire Station</CommonName>
    </AnnotatedStopPointRef>
    <AnnotatedStopPointRef>
      <StopPointRef>3200YNA96573</StopPointRef>
      <CommonName>Council Depot</CommonName>
    </AnnotatedStopPointRef>
    <AnnotatedStopPointRef>
      <StopPointRef>3200YNA96574</StopPointRef>
      <CommonName>Quarry Road</CommonName>
    </AnnotatedStopPointRef>
    <AnnotatedStopPointRef>
      <StopPointRef>3200YNA90285</StopPointRef>
      <CommonName>Cravengate</CommonName>
    </AnnotatedStopPointRef>
    <AnnotatedStopPointRef>
      <StopPointRef>3200YNA90287</StopPointRef>
      <CommonName>The Old Convent</CommonName>
    </AnnotatedStopPointRef>
    <AnnotatedStopPointRef>
      <StopPointRef>3200YNA90289</StopPointRef>
      <CommonName>Whitcliffe Place</CommonName>
    </AnnotatedStopPointRef>
    <AnnotatedStopPointRef>
      <StopPointRef>3200YNA90291</StopPointRef>
      <CommonName>Coronation Place</CommonName>
    </AnnotatedStopPointRef>
    <AnnotatedStopPointRef>
      <StopPointRef>3200YNA90290</StopPointRef>
      <CommonName>Whitcliffe Place</CommonName>
    </AnnotatedStopPointRef>
    <AnnotatedStopPointRef>
      <StopPointRef>3200YNA90288</StopPointRef>
      <CommonName>Whitcliffe Place</CommonName>
    </AnnotatedStopPointRef>
    <AnnotatedStopPointRef>
      <StopPointRef>3200YNE04463</StopPointRef>
      <CommonName>Victoria Road</CommonName>
    </AnnotatedStopPointRef>
  </StopPoints>
  <RouteSections>
    <RouteSection id="YNBO031B001">
      <RouteLink id="YNBO031B001_36521">
        <From>
          <StopPointRef>3200YNA96801</StopPointRef>
        </From>
        <To>
          <StopPointRef>3200YNA96802</StopPointRef>
        </To>
        <Direction>outbound</Direction>
      </RouteLink>
      <RouteLink id="YNBO031B001_36522">
        <From>
          <StopPointRef>3200YNA96802</StopPointRef>
        </From>
        <To>
          <StopPointRef>3200YNA90292</StopPointRef>
        </To>
        <Direction>outbound</Direction>
      </RouteLink>
      <RouteLink id="YNBO031B001_36523">
        <From>
          <StopPointRef>3200YNA90292</StopPointRef>
        </From>
        <To>
          <StopPointRef>3200YNB00234</StopPointRef>
        </To>
        <Direction>outbound</Direction>
      </RouteLink>
      <RouteLink id="YNBO031B001_36524">
        <From>
          <StopPointRef>3200YNB00234</StopPointRef>
        </From>
        <To>
          <StopPointRef>3200YNA90313</StopPointRef>
        </To>
        <Direction>outbound</Direction>
      </RouteLink>
      <RouteLink id="YNBO031B001_36525">
        <From>
          <StopPointRef>3200YNA90313</StopPointRef>
        </From>
        <To>
          <StopPointRef>3200YNA96573</StopPointRef>
        </To>
        <Direction>outbound</Direction>
      </RouteLink>
      <RouteLink id="YNBO031B001_36526">
        <From>
          <StopPointRef>3200YNA96573</StopPointRef>
        </From>
        <To>
          <StopPointRef>3200YNA96574</StopPointRef>
        </To>
        <Direction>outbound</Direction>
      </RouteLink>
    </RouteSection>
    <RouteSection id="YNBO031B002">
      <RouteLink id="YNBO031B002_36528">
        <From>
          <StopPointRef>3200YNA96574</StopPointRef>
        </From>
        <To>
          <StopPointRef>3200YNA90285</StopPointRef>
        </To>
        <Direction>inbound</Direction>
      </RouteLink>
      <RouteLink id="YNBO031B002_36529">
        <From>
          <StopPointRef>3200YNA90285</StopPointRef>
        </From>
        <To>
          <StopPointRef>3200YNA90287</StopPointRef>
        </To>
        <Direction>inbound</Direction>
      </RouteLink>
      <RouteLink id="YNBO031B002_36530">
        <From>
          <StopPointRef>3200YNA90287</StopPointRef>
        </From>
        <To>
          <StopPointRef>3200YNA90289</StopPointRef>
        </To>
        <Direction>inbound</Direction>
      </RouteLink>
      <RouteLink id="YNBO031B002_36531">
        <From>
          <StopPointRef>3200YNA90289</StopPointRef>
        </From>
        <To>
          <StopPointRef>3200YNA90291</StopPointRef>
        </To>
        <Direction>inbound</Direction>
      </RouteLink>
      <RouteLink id="YNBO031B002_36532">
        <From>
          <StopPointRef>3200YNA90291</StopPointRef>
        </From>
        <To>
          <StopPointRef>3200YNA90290</StopPointRef>
        </To>
        <Direction>inbound</Direction>
      </RouteLink>
      <RouteLink id="YNBO031B002_36533">
        <From>
          <StopPointRef>3200YNA90290</StopPointRef>
        </From>
        <To>
          <StopPointRef>3200YNA90288</StopPointRef>
        </To>
        <Direction>inbound</Direction>
      </RouteLink>
      <RouteLink id="YNBO031B002_36534">
        <From>
          <StopPointRef>3200YNA90288</StopPointRef>
        </From>
        <To>
          <StopPointRef>3200YNE04463</StopPointRef>
        </To>
        <Direction>inbound</Direction>
      </RouteLink>
      <RouteLink id="YNBO031B002_36535">
        <From>
          <StopPointRef>3200YNE04463</StopPointRef>
        </From>
        <To>
          <StopPointRef>3200YNA96801</StopPointRef>
        </To>
        <Direction>inbound</Direction>
      </RouteLink>
    </RouteSection>
  </RouteSections>
  <Routes>
    <Route id="YNBO031B001">
      <Description>Richmond - Hurgill Rd
</Description>
      <RouteSectionRef>YNBO031B001</RouteSectionRef>
    </Route>
    <Route id="YNBO031B002">
      <Description>Hurgill Rd - Richmond
</Description>
      <RouteSectionRef>YNBO031B002</RouteSectionRef>
    </Route>
  </Routes>
  <JourneyPatternSections>
    <JourneyPatternSection id="JPS_YNBO031B-3">
      <JourneyPatternTimingLink id="JPS_YNBO031B-3_36521">
        <From>
          <StopPointRef>3200YNA96801</StopPointRef>
          <TimingStatus>PTP</TimingStatus>
        </From>
        <To>
          <StopPointRef>3200YNA96802</StopPointRef>
          <TimingStatus>OTH</TimingStatus>
        </To>
        <RouteLinkRef>YNBO031B001_36521</RouteLinkRef>
        <Direction>outbound</Direction>
        <RunTime>PT0S</RunTime>
      </JourneyPatternTimingLink>
      <JourneyPatternTimingLink id="JPS_YNBO031B-3_36522">
        <From>
          <StopPointRef>3200YNA96802</StopPointRef>
          <TimingStatus>OTH</TimingStatus>
        </From>
        <To>
          <StopPointRef>3200YNA90292</StopPointRef>
          <TimingStatus>OTH</TimingStatus>
        </To>
        <RouteLinkRef>YNBO031B001_36522</RouteLinkRef>
        <Direction>outbound</Direction>
        <RunTime>PT60S</RunTime>
      </JourneyPatternTimingLink>
      <JourneyPatternTimingLink id="JPS_YNBO031B-3_36523">
        <From>
          <StopPointRef>3200YNA90292</StopPointRef>
          <TimingStatus>OTH</TimingStatus>
        </From>
        <To>
          <StopPointRef>3200YNB00234</StopPointRef>
          <TimingStatus>OTH</TimingStatus>
        </To>
        <RouteLinkRef>YNBO031B001_36523</RouteLinkRef>
        <Direction>outbound</Direction>
        <RunTime>PT0S</RunTime>
      </JourneyPatternTimingLink>
      <JourneyPatternTimingLink id="JPS_YNBO031B-3_36524">
        <From>
          <StopPointRef>3200YNB00234</StopPointRef>
          <TimingStatus>OTH</TimingStatus>
        </From>
        <To>
          <StopPointRef>3200YNA90313</StopPointRef>
          <TimingStatus>OTH</TimingStatus>
        </To>
        <RouteLinkRef>YNBO031B001_36524</RouteLinkRef>
        <Direction>outbound</Direction>
        <RunTime>PT60S</RunTime>
      </JourneyPatternTimingLink>
      <JourneyPatternTimingLink id="JPS_YNBO031B-3_36525">
        <From>
          <StopPointRef>3200YNA90313</StopPointRef>
          <TimingStatus>OTH</TimingStatus>
        </From>
        <To>
          <StopPointRef>3200YNA96573</StopPointRef>
          <TimingStatus>PTP</TimingStatus>
        </To>
        <RouteLinkRef>YNBO031B001_36525</RouteLinkRef>
        <Direction>outbound</Direction>
        <RunTime>PT180S</RunTime>
      </JourneyPatternTimingLink>
      <JourneyPatternTimingLink id="JPS_YNBO031B-3_36526">
        <From>
          <StopPointRef>3200YNA96573</StopPointRef>
          <TimingStatus>PTP</TimingStatus>
        </From>
        <To>
          <StopPointRef>3200YNA96574</StopPointRef>
          <TimingStatus>PTP</TimingStatus>
        </To>
        <RouteLinkRef>YNBO031B001_36526</RouteLinkRef>
        <Direction>outbound</Direction>
        <RunTime>PT240S</RunTime>
      </JourneyPatternTimingLink>
    </JourneyPatternSection>
    <JourneyPatternSection id="JPS_YNBO031B-4">
      <JourneyPatternTimingLink id="JPS_YNBO031B-4_36528">
        <From>
          <StopPointRef>3200YNA96574</StopPointRef>
          <TimingStatus>PTP</TimingStatus>
        </From>
        <To>
          <StopPointRef>3200YNA90285</StopPointRef>
          <TimingStatus>OTH</TimingStatus>
        </To>
        <RouteLinkRef>YNBO031B002_36528</RouteLinkRef>
        <Direction>inbound</Direction>
        <RunTime>PT120S</RunTime>
      </JourneyPatternTimingLink>
      <JourneyPatternTimingLink id="JPS_YNBO031B-4_36529">
        <From>
          <StopPointRef>3200YNA90285</StopPointRef>
          <TimingStatus>OTH</TimingStatus>
        </From>
        <To>
          <StopPointRef>3200YNA90287</StopPointRef>
          <TimingStatus>OTH</TimingStatus>
        </To>
        <RouteLinkRef>YNBO031B002_36529</RouteLinkRef>
        <Direction>inbound</Direction>
        <RunTime>PT180S</RunTime>
      </JourneyPatternTimingLink>
      <JourneyPatternTimingLink id="JPS_YNBO031B-4_36530">
        <From>
          <StopPointRef>3200YNA90287</StopPointRef>
          <TimingStatus>OTH</TimingStatus>
        </From>
        <To>
          <StopPointRef>3200YNA90289</StopPointRef>
          <TimingStatus>PTP</TimingStatus>
        </To>
        <RouteLinkRef>YNBO031B002_36530</RouteLinkRef>
        <Direction>inbound</Direction>
        <RunTime>PT60S</RunTime>
      </JourneyPatternTimingLink>
      <JourneyPatternTimingLink id="JPS_YNBO031B-4_36531">
        <From>
          <StopPointRef>3200YNA90289</StopPointRef>
          <TimingStatus>PTP</TimingStatus>
        </From>
        <To>
          <StopPointRef>3200YNA90291</StopPointRef>
          <TimingStatus>PTP</TimingStatus>
        </To>
        <RouteLinkRef>YNBO031B002_36531</RouteLinkRef>
        <Direction>inbound</Direction>
        <RunTime>PT180S</RunTime>
      </JourneyPatternTimingLink>
      <JourneyPatternTimingLink id="JPS_YNBO031B-4_36532">
        <From>
          <StopPointRef>3200YNA90291</StopPointRef>
          <TimingStatus>PTP</TimingStatus>
        </From>
        <To>
          <StopPointRef>3200YNA90290</StopPointRef>
          <TimingStatus>OTH</TimingStatus>
        </To>
        <RouteLinkRef>YNBO031B002_36532</RouteLinkRef>
        <Direction>inbound</Direction>
        <RunTime>PT0S</RunTime>
      </JourneyPatternTimingLink>
      <JourneyPatternTimingLink id="JPS_YNBO031B-4_36533">
        <From>
          <StopPointRef>3200YNA90290</StopPointRef>
          <TimingStatus>OTH</TimingStatus>
        </From>
        <To>
          <StopPointRef>3200YNA90288</StopPointRef>
          <TimingStatus>OTH</TimingStatus>
        </To>
        <RouteLinkRef>YNBO031B002_36533</RouteLinkRef>
        <Direction>inbound</Direction>
        <RunTime>PT0S</RunTime>
      </JourneyPatternTimingLink>
      <JourneyPatternTimingLink id="JPS_YNBO031B-4_36534">
        <From>
          <StopPointRef>3200YNA90288</StopPointRef>
          <TimingStatus>OTH</TimingStatus>
        </From>
        <To>
          <StopPointRef>3200YNE04463</StopPointRef>
          <TimingStatus>OTH</TimingStatus>
        </To>
        <RouteLinkRef>YNBO031B002_36534</RouteLinkRef>
        <Direction>inbound</Direction>
        <RunTime>PT180S</RunTime>
      </JourneyPatternTimingLink>
      <JourneyPatternTimingLink id="JPS_YNBO031B-4_36535">
        <From>
          <StopPointRef>3200YNE04463</StopPointRef>
          <TimingStatus>OTH</TimingStatus>
        </From>
        <To>
          <StopPointRef>3200YNA96801</StopPointRef>
          <TimingStatus>PTP</TimingStatus>
        </To>
        <RouteLinkRef>YNBO031B002_36535</RouteLinkRef>
        <Direction>inbound</Direction>
        <RunTime>PT120S</RunTime>
      </JourneyPatternTimingLink>
    </JourneyPatternSection>
  </JourneyPatternSections>
  <Operators>
    <Operator id="NYC">
      <NationalOperatorCode>NYCC</NationalOperatorCode>
      <OperatorCode>NYC</OperatorCode>
      <OperatorShortName>North Yorkshire County C</OperatorShortName>
    </Operator>
  </Operators>
  <Services>
    <Service>
      <ServiceCode>YNBO031B</ServiceCode>
      <Lines>
        <Line id="0">
          <LineName>31B</LineName>
        </Line>
      </Lines>
      <OperatingPeriod>
        <StartDate>2016-09-05</StartDate>
        <EndDate>2038-01-17</EndDate>
      </OperatingPeriod>
      <RegisteredOperatorRef>NYC</RegisteredOperatorRef>
      <StopRequirements>
        <NoNewStopsRequired />
      </StopRequirements>
      <Mode>bus</Mode>
      <Description>Richmond - Hurgill Rd</Description>
      <StandardService>
        <Origin>Richmond</Origin>
        <Destination>Hurgill Rd</Destination>
        <JourneyPattern id="JPS_YNBO031B-3">
          <Direction>outbound</Direction>
          <JourneyPatternSectionRefs>JPS_YNBO031B-3</JourneyPatternSectionRefs>
        </JourneyPattern>
        <JourneyPattern id="JPS_YNBO031B-4">
          <Direction>inbound</Direction>
          <JourneyPatternSectionRefs>JPS_YNBO031B-4</JourneyPatternSectionRefs>
        </JourneyPattern>
      </StandardService>
    </Service>
  </Services>
  <VehicleJourneys>
    <VehicleJourney>
      <OperatorRef>NYC</OperatorRef>
      <OperatingProfile>
        <RegularDayType>
          <DaysOfWeek>
            <Monday />
            <Tuesday />
            <Wednesday />
            <Thursday />
            <Friday />
          </DaysOfWeek>
        </RegularDayType>
        <BankHolidayOperation>
          <DaysOfNonOperation>
            <ChristmasDay />
            <BoxingDay />
            <GoodFriday />
            <NewYearsDay />
            <LateSummerBankHolidayNotScotland />
            <MayDay />
            <EasterMonday />
            <SpringBank />
          </DaysOfNonOperation>
        </BankHolidayOperation>
      </OperatingProfile>
      <VehicleJourneyCode>69614</VehicleJourneyCode>
      <ServiceRef>YNBO031B</ServiceRef>
      <LineRef>0</LineRef>
      <JourneyPatternRef>JPS_YNBO031B-3</JourneyPatternRef>
      <DepartureTime>09:20:00</DepartureTime>
    </VehicleJourney>
    <VehicleJourney>
      <OperatorRef>NYC</OperatorRef>
      <OperatingProfile>
        <RegularDayType>
          <DaysOfWeek>
            <Monday />
            <Tuesday />
            <Wednesday />
            <Thursday />
            <Friday />
          </DaysOfWeek>
        </RegularDayType>
        <BankHolidayOperation>
          <DaysOfNonOperation>
            <ChristmasDay />
            <BoxingDay />
            <GoodFriday />
            <NewYearsDay />
            <LateSummerBankHolidayNotScotland />
            <MayDay />
            <EasterMonday />
            <SpringBank />
          </DaysOfNonOperation>
        </BankHolidayOperation>
      </OperatingProfile>
      <VehicleJourneyCode>69615</VehicleJourneyCode>
      <ServiceRef>YNBO031B</ServiceRef>
      <LineRef>0</LineRef>
      <JourneyPatternRef>JPS_YNBO031B-3</JourneyPatternRef>
      <DepartureTime>10:10:00</DepartureTime>
    </VehicleJourney>
    <VehicleJourney>
      <OperatorRef>NYC</OperatorRef>
      <OperatingProfile>
        <RegularDayType>
          <DaysOfWeek>
            <Monday />
            <Tuesday />
            <Wednesday />
            <Thursday />
            <Friday />
          </DaysOfWeek>
        </RegularDayType>
        <BankHolidayOperation>
          <DaysOfNonOperation>
            <ChristmasDay />
            <BoxingDay />
            <GoodFriday />
            <NewYearsDay />
            <LateSummerBankHolidayNotScotland />
            <MayDay />
            <EasterMonday />
            <SpringBank />
          </DaysOfNonOperation>
        </BankHolidayOperation>
      </OperatingProfile>
      <VehicleJourneyCode>69616</VehicleJourneyCode>
      <ServiceRef>YNBO031B</ServiceRef>
      <LineRef>0</LineRef>
      <JourneyPatternRef>JPS_YNBO031B-3</JourneyPatternRef>
      <DepartureTime>11:02:00</DepartureTime>
    </VehicleJourney>
    <VehicleJourney>
      <OperatorRef>NYC</OperatorRef>
      <OperatingProfile>
        <RegularDayType>
          <DaysOfWeek>
            <Monday />
            <Tuesday />
            <Wednesday />
            <Thursday />
            <Friday />
          </DaysOfWeek>
        </RegularDayType>
        <BankHolidayOperation>
          <DaysOfNonOperation>
            <ChristmasDay />
            <BoxingDay />
            <GoodFriday />
            <NewYearsDay />
            <LateSummerBankHolidayNotScotland />
            <MayDay />
            <EasterMonday />
            <SpringBank />
          </DaysOfNonOperation>
        </BankHolidayOperation>
      </OperatingProfile>
      <VehicleJourneyCode>69617</VehicleJourneyCode>
      <ServiceRef>YNBO031B</ServiceRef>
      <LineRef>0</LineRef>
      <JourneyPatternRef>JPS_YNBO031B-3</JourneyPatternRef>
      <DepartureTime>12:00:00</DepartureTime>
    </VehicleJourney>
    <VehicleJourney>
      <OperatorRef>NYC</OperatorRef>
      <OperatingProfile>
        <RegularDayType>
          <DaysOfWeek>
            <Monday />
            <Tuesday />
            <Wednesday />
            <Thursday />
            <Friday />
          </DaysOfWeek>
        </RegularDayType>
        <BankHolidayOperation>
          <DaysOfNonOperation>
            <ChristmasDay />
            <BoxingDay />
            <GoodFriday />
            <NewYearsDay />
            <LateSummerBankHolidayNotScotland />
            <MayDay />
            <EasterMonday />
            <SpringBank />
          </DaysOfNonOperation>
        </BankHolidayOperation>
      </OperatingProfile>
      <VehicleJourneyCode>69618</VehicleJourneyCode>
      <ServiceRef>YNBO031B</ServiceRef>
      <LineRef>0</LineRef>
      <JourneyPatternRef>JPS_YNBO031B-3</JourneyPatternRef>
      <DepartureTime>13:15:00</DepartureTime>
    </VehicleJourney>
    <VehicleJourney>
      <OperatorRef>NYC</OperatorRef>
      <OperatingProfile>
        <RegularDayType>
          <DaysOfWeek>
            <Monday />
            <Tuesday />
            <Wednesday />
            <Thursday />
            <Friday />
          </DaysOfWeek>
        </RegularDayType>
        <BankHolidayOperation>
          <DaysOfNonOperation>
            <ChristmasDay />
            <BoxingDay />
            <GoodFriday />
            <NewYearsDay />
            <LateSummerBankHolidayNotScotland />
            <MayDay />
            <EasterMonday />
            <SpringBank />
          </DaysOfNonOperation>
        </BankHolidayOperation>
      </OperatingProfile>
      <VehicleJourneyCode>69619</VehicleJourneyCode>
      <ServiceRef>YNBO031B</ServiceRef>
      <LineRef>0</LineRef>
      <JourneyPatternRef>JPS_YNBO031B-3</JourneyPatternRef>
      <DepartureTime>14:10:00</DepartureTime>
    </VehicleJourney>
    <VehicleJourney>
      <OperatorRef>NYC</OperatorRef>
      <OperatingProfile>
        <RegularDayType>
          <DaysOfWeek>
            <Saturday />
          </DaysOfWeek>
        </RegularDayType>
      </OperatingProfile>
      <VehicleJourneyCode>69620</VehicleJourneyCode>
      <ServiceRef>YNBO031B</ServiceRef>
      <LineRef>0</LineRef>
      <JourneyPatternRef>JPS_YNBO031B-3</JourneyPatternRef>
      <DepartureTime>09:20:00</DepartureTime>
    </VehicleJourney>
    <VehicleJourney>
      <OperatorRef>NYC</OperatorRef>
      <OperatingProfile>
        <RegularDayType>
          <DaysOfWeek>
            <Saturday />
          </DaysOfWeek>
        </RegularDayType>
      </OperatingProfile>
      <VehicleJourneyCode>69621</VehicleJourneyCode>
      <ServiceRef>YNBO031B</ServiceRef>
      <LineRef>0</LineRef>
      <JourneyPatternRef>JPS_YNBO031B-3</JourneyPatternRef>
      <DepartureTime>10:10:00</DepartureTime>
    </VehicleJourney>
    <VehicleJourney>
      <OperatorRef>NYC</OperatorRef>
      <OperatingProfile>
        <RegularDayType>
          <DaysOfWeek>
            <Saturday />
          </DaysOfWeek>
        </RegularDayType>
      </OperatingProfile>
      <VehicleJourneyCode>69622</VehicleJourneyCode>
      <ServiceRef>YNBO031B</ServiceRef>
      <LineRef>0</LineRef>
      <JourneyPatternRef>JPS_YNBO031B-3</JourneyPatternRef>
      <DepartureTime>11:02:00</DepartureTime>
    </VehicleJourney>
    <VehicleJourney>
      <OperatorRef>NYC</OperatorRef>
      <OperatingProfile>
        <RegularDayType>
          <DaysOfWeek>
            <Saturday />
          </DaysOfWeek>
        </RegularDayType>
      </OperatingProfile>
      <VehicleJourneyCode>69623</VehicleJourneyCode>
      <ServiceRef>YNBO031B</ServiceRef>
      <LineRef>0</LineRef>
      <JourneyPatternRef>JPS_YNBO031B-3</JourneyPatternRef>
      <DepartureTime>12:00:00</DepartureTime>
    </VehicleJourney>
    <VehicleJourney>
      <OperatorRef>NYC</OperatorRef>
      <OperatingProfile>
        <RegularDayType>
          <DaysOfWeek>
            <Saturday />
          </DaysOfWeek>
        </RegularDayType>
      </OperatingProfile>
      <VehicleJourneyCode>69624</VehicleJourneyCode>
      <ServiceRef>YNBO031B</ServiceRef>
      <LineRef>0</LineRef>
      <JourneyPatternRef>JPS_YNBO031B-3</JourneyPatternRef>
      <DepartureTime>13:15:00</DepartureTime>
    </VehicleJourney>
    <VehicleJourney>
      <OperatorRef>NYC</OperatorRef>
      <OperatingProfile>
        <RegularDayType>
          <DaysOfWeek>
            <Saturday />
          </DaysOfWeek>
        </RegularDayType>
      </OperatingProfile>
      <VehicleJourneyCode>69625</VehicleJourneyCode>
      <ServiceRef>YNBO031B</ServiceRef>
      <LineRef>0</LineRef>
      <JourneyPatternRef>JPS_YNBO031B-3</JourneyPatternRef>
      <DepartureTime>14:10:00</DepartureTime>
    </VehicleJourney>
    <VehicleJourney>
      <OperatorRef>NYC</OperatorRef>
      <OperatingProfile>
        <RegularDayType>
          <DaysOfWeek>
            <Monday />
            <Tuesday />
            <Wednesday />
            <Thursday />
            <Friday />
          </DaysOfWeek>
        </RegularDayType>
        <BankHolidayOperation>
          <DaysOfNonOperation>
            <ChristmasDay />
            <BoxingDay />
            <GoodFriday />
            <NewYearsDay />
            <LateSummerBankHolidayNotScotland />
            <MayDay />
            <EasterMonday />
            <SpringBank />
          </DaysOfNonOperation>
        </BankHolidayOperation>
      </OperatingProfile>
      <VehicleJourneyCode>69626</VehicleJourneyCode>
      <ServiceRef>YNBO031B</ServiceRef>
      <LineRef>0</LineRef>
      <JourneyPatternRef>JPS_YNBO031B-4</JourneyPatternRef>
      <DepartureTime>09:29:00</DepartureTime>
    </VehicleJourney>
    <VehicleJourney>
      <OperatorRef>NYC</OperatorRef>
      <OperatingProfile>
        <RegularDayType>
          <DaysOfWeek>
            <Monday />
            <Tuesday />
            <Wednesday />
            <Thursday />
            <Friday />
          </DaysOfWeek>
        </RegularDayType>
        <BankHolidayOperation>
          <DaysOfNonOperation>
            <ChristmasDay />
            <BoxingDay />
            <GoodFriday />
            <NewYearsDay />
            <LateSummerBankHolidayNotScotland />
            <MayDay />
            <EasterMonday />
            <SpringBank />
          </DaysOfNonOperation>
        </BankHolidayOperation>
      </OperatingProfile>
      <VehicleJourneyCode>69627</VehicleJourneyCode>
      <ServiceRef>YNBO031B</ServiceRef>
      <LineRef>0</LineRef>
      <JourneyPatternRef>JPS_YNBO031B-4</JourneyPatternRef>
      <DepartureTime>10:19:00</DepartureTime>
    </VehicleJourney>
    <VehicleJourney>
      <OperatorRef>NYC</OperatorRef>
      <OperatingProfile>
        <RegularDayType>
          <DaysOfWeek>
            <Monday />
            <Tuesday />
            <Wednesday />
            <Thursday />
            <Friday />
          </DaysOfWeek>
        </RegularDayType>
        <BankHolidayOperation>
          <DaysOfNonOperation>
            <ChristmasDay />
            <BoxingDay />
            <GoodFriday />
            <NewYearsDay />
            <LateSummerBankHolidayNotScotland />
            <MayDay />
            <EasterMonday />
            <SpringBank />
          </DaysOfNonOperation>
        </BankHolidayOperation>
      </OperatingProfile>
      <VehicleJourneyCode>69628</VehicleJourneyCode>
      <ServiceRef>YNBO031B</ServiceRef>
      <LineRef>0</LineRef>
      <JourneyPatternRef>JPS_YNBO031B-4</JourneyPatternRef>
      <DepartureTime>11:11:00</DepartureTime>
    </VehicleJourney>
    <VehicleJourney>
      <OperatorRef>NYC</OperatorRef>
      <OperatingProfile>
        <RegularDayType>
          <DaysOfWeek>
            <Monday />
            <Tuesday />
            <Wednesday />
            <Thursday />
            <Friday />
          </DaysOfWeek>
        </RegularDayType>
        <BankHolidayOperation>
          <DaysOfNonOperation>
            <ChristmasDay />
            <BoxingDay />
            <GoodFriday />
            <NewYearsDay />
            <LateSummerBankHolidayNotScotland />
            <MayDay />
            <EasterMonday />
            <SpringBank />
          </DaysOfNonOperation>
        </BankHolidayOperation>
      </OperatingProfile>
      <VehicleJourneyCode>69629</VehicleJourneyCode>
      <ServiceRef>YNBO031B</ServiceRef>
      <LineRef>0</LineRef>
      <JourneyPatternRef>JPS_YNBO031B-4</JourneyPatternRef>
      <DepartureTime>12:09:00</DepartureTime>
    </VehicleJourney>
    <VehicleJourney>
      <OperatorRef>NYC</OperatorRef>
      <OperatingProfile>
        <RegularDayType>
          <DaysOfWeek>
            <Monday />
            <Tuesday />
            <Wednesday />
            <Thursday />
            <Friday />
          </DaysOfWeek>
        </RegularDayType>
        <BankHolidayOperation>
          <DaysOfNonOperation>
            <ChristmasDay />
            <BoxingDay />
            <GoodFriday />
            <NewYearsDay />
            <LateSummerBankHolidayNotScotland />
            <MayDay />
            <EasterMonday />
            <SpringBank />
          </DaysOfNonOperation>
        </BankHolidayOperation>
      </OperatingProfile>
      <VehicleJourneyCode>69630</VehicleJourneyCode>
      <ServiceRef>YNBO031B</ServiceRef>
      <LineRef>0</LineRef>
      <JourneyPatternRef>JPS_YNBO031B-4</JourneyPatternRef>
      <DepartureTime>13:24:00</DepartureTime>
    </VehicleJourney>
    <VehicleJourney>
      <OperatorRef>NYC</OperatorRef>
      <OperatingProfile>
        <RegularDayType>
          <DaysOfWeek>
            <Monday />
            <Tuesday />
            <Wednesday />
            <Thursday />
            <Friday />
          </DaysOfWeek>
        </RegularDayType>
        <BankHolidayOperation>
          <DaysOfNonOperation>
            <ChristmasDay />
            <BoxingDay />
            <GoodFriday />
            <NewYearsDay />
            <LateSummerBankHolidayNotScotland />
            <MayDay />
            <EasterMonday />
            <SpringBank />
          </DaysOfNonOperation>
        </BankHolidayOperation>
      </OperatingProfile>
      <VehicleJourneyCode>69631</VehicleJourneyCode>
      <ServiceRef>YNBO031B</ServiceRef>
      <LineRef>0</LineRef>
      <JourneyPatternRef>JPS_YNBO031B-4</JourneyPatternRef>
      <DepartureTime>14:19:00</DepartureTime>
    </VehicleJourney>
    <VehicleJourney>
      <OperatorRef>NYC</OperatorRef>
      <OperatingProfile>
        <RegularDayType>
          <DaysOfWeek>
            <Saturday />
          </DaysOfWeek>
        </RegularDayType>
      </OperatingProfile>
      <VehicleJourneyCode>69632</VehicleJourneyCode>
      <ServiceRef>YNBO031B</ServiceRef>
      <LineRef>0</LineRef>
      <JourneyPatternRef>JPS_YNBO031B-4</JourneyPatternRef>
      <DepartureTime>09:29:00</DepartureTime>
    </VehicleJourney>
    <VehicleJourney>
      <OperatorRef>NYC</OperatorRef>
      <OperatingProfile>
        <RegularDayType>
          <DaysOfWeek>
            <Saturday />
          </DaysOfWeek>
        </RegularDayType>
      </OperatingProfile>
      <VehicleJourneyCode>69633</VehicleJourneyCode>
      <ServiceRef>YNBO031B</ServiceRef>
      <LineRef>0</LineRef>
      <JourneyPatternRef>JPS_YNBO031B-4</JourneyPatternRef>
      <DepartureTime>10:19:00</DepartureTime>
    </VehicleJourney>
    <VehicleJourney>
      <OperatorRef>NYC</OperatorRef>
      <OperatingProfile>
        <RegularDayType>
          <DaysOfWeek>
            <Saturday />
          </DaysOfWeek>
        </RegularDayType>
      </OperatingProfile>
      <VehicleJourneyCode>69634</VehicleJourneyCode>
      <ServiceRef>YNBO031B</ServiceRef>
      <LineRef>0</LineRef>
      <JourneyPatternRef>JPS_YNBO031B-4</JourneyPatternRef>
      <DepartureTime>11:11:00</DepartureTime>
    </VehicleJourney>
    <VehicleJourney>
      <OperatorRef>NYC</OperatorRef>
      <OperatingProfile>
        <RegularDayType>
          <DaysOfWeek>
            <Saturday />
          </DaysOfWeek>
        </RegularDayType>
      </OperatingProfile>
      <VehicleJourneyCode>69635</VehicleJourneyCode>
      <ServiceRef>YNBO031B</ServiceRef>
      <LineRef>0</LineRef>
      <JourneyPatternRef>JPS_YNBO031B-4</JourneyPatternRef>
      <DepartureTime>12:09:00</DepartureTime>
    </VehicleJourney>
    <VehicleJourney>
      <OperatorRef>NYC</OperatorRef>
      <OperatingProfile>
        <RegularDayType>
          <DaysOfWeek>
            <Saturday />
          </DaysOfWeek>
        </RegularDayType>
      </OperatingProfile>
      <VehicleJourneyCode>69636</VehicleJourneyCode>
      <ServiceRef>YNBO031B</ServiceRef>
      <LineRef>0</LineRef>
      <JourneyPatternRef>JPS_YNBO031B-4</JourneyPatternRef>
      <DepartureTime>13:24:00</DepartureTime>
    </VehicleJourney>
    <VehicleJourney>
      <OperatorRef>NYC</OperatorRef>
      <OperatingProfile>
        <RegularDayType>
          <DaysOfWeek>
            <Saturday />
          </DaysOfWeek>
        </RegularDayType>
      </OperatingProfile>
      <VehicleJourneyCode>69637</VehicleJourneyCode>
      <ServiceRef>YNBO031B</ServiceRef>
      <LineRef>0</LineRef>
      <JourneyPatternRef>JPS_YNBO031B-4</JourneyPatternRef>
      <DepartureTime>14:19:00</DepartureTime>
    </VehicleJourney>
  </VehicleJourneys>
</TransXChange>