<?xml version="1.0" encoding="utf-8"?>
<TransXChange xmlns:xsd="http://www.w3.org/2001/XMLSchema" xmlns:xsi="http://www.w3.org/2001/XMLSchema-instance" xsi:schemaLocation="http://www.transxchange.org.uk/ http://www.transxchange.org.uk/schema/2.1/TransXChange_general.xsd" CreationDateTime="2017-09-18T09:34:00-00:00" ModificationDateTime="2017-09-18T09:34:00-00:00" Modification="new" RevisionNumber="0" FileName="SVRYEANMC2.xml" SchemaVersion="2.1" RegistrationDocument="false" xmlns="http://www.transxchange.org.uk/">
  <StopPoints>
    <AnnotatedStopPointRef>
      <StopPointRef>2200YEA00027</StopPointRef>
      <CommonName>Driffield George Street</CommonName>
    </AnnotatedStopPointRef>
    <AnnotatedStopPointRef>
      <StopPointRef>2200YEA01034</StopPointRef>
      <CommonName>Nafferton Driffield Road</CommonName>
    </AnnotatedStopPointRef>
    <AnnotatedStopPointRef>
      <StopPointRef>2200YEA01744</StopPointRef>
      <CommonName>Nafferton All Saints</CommonName>
    </AnnotatedStopPointRef>
  </StopPoints>
  <RouteSections>
    <RouteSection id="YEANMC2_002">
      <RouteLink id="YEANMC2_002_521">
        <From>
          <StopPointRef>2200YEA00027</StopPointRef>
        </From>
        <To>
          <StopPointRef>2200YEA01034</StopPointRef>
        </To>
        <Direction>inbound</Direction>
      </RouteLink>
    </RouteSection>
    <RouteSection id="YEANMC2_001">
      <RouteLink id="YEANMC2_001_525">
        <From>
          <StopPointRef>2200YEA01744</StopPointRef>
        </From>
        <To>
          <StopPointRef>2200YEA00027</StopPointRef>
        </To>
        <Direction>outbound</Direction>
      </RouteLink>
    </RouteSection>
  </RouteSections>
  <Routes>
    <Route id="YEANMC2_002">
      <Description>Driffield - Nafferton
</Description>
      <RouteSectionRef>YEANMC2_002</RouteSectionRef>
    </Route>
    <Route id="YEANMC2_001">
      <Description>Nafferton - Driffield
</Description>
      <RouteSectionRef>YEANMC2_001</RouteSectionRef>
    </Route>
  </Routes>
  <JourneyPatternSections>
    <JourneyPatternSection id="JPS_YEANMC2-3">
      <JourneyPatternTimingLink id="JPS_YEANMC2-3_521">
        <From>
          <StopPointRef>2200YEA00027</StopPointRef>
          <TimingStatus>PTP</TimingStatus>
        </From>
        <To>
          <StopPointRef>2200YEA01034</StopPointRef>
          <TimingStatus>PTP</TimingStatus>
        </To>
        <RouteLinkRef>YEANMC2_002_521</RouteLinkRef>
        <Direction>inbound</Direction>
        <RunTime>PT900S</RunTime>
      </JourneyPatternTimingLink>
    </JourneyPatternSection>
    <JourneyPatternSection id="JPS_YEANMC2-4">
      <JourneyPatternTimingLink id="JPS_YEANMC2-4_525">
        <From>
          <StopPointRef>2200YEA01744</StopPointRef>
          <TimingStatus>PTP</TimingStatus>
        </From>
        <To>
          <StopPointRef>2200YEA00027</StopPointRef>
          <TimingStatus>PTP</TimingStatus>
        </To>
        <RouteLinkRef>YEANMC2_001_525</RouteLinkRef>
        <Direction>outbound</Direction>
        <RunTime>PT900S</RunTime>
      </JourneyPatternTimingLink>
    </JourneyPatternSection>
  </JourneyPatternSections>
  <Operators>
    <Operator id="NMC">
      <NationalOperatorCode>YNMC</NationalOperatorCode>
      <OperatorCode>NMC</OperatorCode>
      <OperatorShortName>Nafferton Millennium Com</OperatorShortName>
    </Operator>
  </Operators>
  <Services>
    <Service>
      <ServiceCode>YEANMC2</ServiceCode>
      <Lines>
        <Line id="0">
          <LineName>NMC2</LineName>
        </Line>
      </Lines>
      <OperatingPeriod>
        <StartDate>2014-03-17</StartDate>
      </OperatingPeriod>
      <RegisteredOperatorRef>NMC</RegisteredOperatorRef>
      <StopRequirements>
        <NoNewStopsRequired />
      </StopRequirements>
      <Mode>bus</Mode>
      <Description>Nafferton - Driffield</Description>
      <StandardService>
        <Origin>Nafferton</Origin>
        <Destination>Driffield</Destination>
        <JourneyPattern id="JPS_YEANMC2-3">
          <Direction>inbound</Direction>
          <JourneyPatternSectionRefs>JPS_YEANMC2-3</JourneyPatternSectionRefs>
        </JourneyPattern>
        <JourneyPattern id="JPS_YEANMC2-4">
          <Direction>outbound</Direction>
          <JourneyPatternSectionRefs>JPS_YEANMC2-4</JourneyPatternSectionRefs>
        </JourneyPattern>
      </StandardService>
    </Service>
  </Services>
  <VehicleJourneys>
    <VehicleJourney>
      <OperatorRef>NMC</OperatorRef>
      <OperatingProfile>
        <RegularDayType>
          <DaysOfWeek>
            <Tuesday />
          </DaysOfWeek>
        </RegularDayType>
      </OperatingProfile>
      <VehicleJourneyCode>51</VehicleJourneyCode>
      <ServiceRef>YEANMC2</ServiceRef>
      <LineRef>0</LineRef>
      <JourneyPatternRef>JPS_YEANMC2-3</JourneyPatternRef>
      <Note>
        <NoteCode>R1</NoteCode>
        <NoteText>Ring 08456445949 to book your seat</NoteText>
      </Note>
      <DepartureTime>12:00:00</DepartureTime>
    </VehicleJourney>
    <VehicleJourney>
      <OperatorRef>NMC</OperatorRef>
      <OperatingProfile>
        <RegularDayType>
          <DaysOfWeek>
            <Tuesday />
          </DaysOfWeek>
        </RegularDayType>
      </OperatingProfile>
      <VehicleJourneyCode>52</VehicleJourneyCode>
      <ServiceRef>YEANMC2</ServiceRef>
      <LineRef>0</LineRef>
      <JourneyPatternRef>JPS_YEANMC2-4</JourneyPatternRef>
      <Note>
        <NoteCode>R1</NoteCode>
        <NoteText>Ring 08456445949 to book your seat</NoteText>
      </Note>
      <DepartureTime>10:30:00</DepartureTime>
    </VehicleJourney>
  </VehicleJourneys>
</TransXChange>