<?xml version="1.0" encoding="utf-8"?>
<TransXChange xmlns:xsd="http://www.w3.org/2001/XMLSchema" xmlns:xsi="http://www.w3.org/2001/XMLSchema-instance" xsi:schemaLocation="http://www.transxchange.org.uk/ http://www.transxchange.org.uk/schema/2.1/TransXChange_general.xsd" CreationDateTime="2017-09-18T09:34:00-00:00" ModificationDateTime="2017-09-18T09:34:00-00:00" Modification="new" RevisionNumber="0" FileName="SVRYEIO124.xml" SchemaVersion="2.1" RegistrationDocument="false" xmlns="http://www.transxchange.org.uk/">
  <StopPoints>
    <AnnotatedStopPointRef>
      <StopPointRef>2200YEA01095</StopPointRef>
      <CommonName>A614 Near Harpham</CommonName>
    </AnnotatedStopPointRef>
    <AnnotatedStopPointRef>
      <StopPointRef>2200YEA01089</StopPointRef>
      <CommonName>Kilham Middle Street</CommonName>
    </AnnotatedStopPointRef>
    <AnnotatedStopPointRef>
      <StopPointRef>2200YEA01104</StopPointRef>
      <CommonName>Thwing Dukes Lane</CommonName>
    </AnnotatedStopPointRef>
    <AnnotatedStopPointRef>
      <StopPointRef>2200YEA01103</StopPointRef>
      <CommonName>Wold Newton Butt Lane</CommonName>
    </AnnotatedStopPointRef>
    <AnnotatedStopPointRef>
      <StopPointRef>2200YEA01102</StopPointRef>
      <CommonName>Burton Fleming Front Street</CommonName>
    </AnnotatedStopPointRef>
    <AnnotatedStopPointRef>
      <StopPointRef>2200YEA01107</StopPointRef>
      <CommonName>Rudston Burton Fleming Road</CommonName>
    </AnnotatedStopPointRef>
    <AnnotatedStopPointRef>
      <StopPointRef>2200YEA01076</StopPointRef>
      <CommonName>Boynton Bridlington Road</CommonName>
    </AnnotatedStopPointRef>
    <AnnotatedStopPointRef>
      <StopPointRef>2200YEA00433</StopPointRef>
      <CommonName>Bridlington Bessingby Hill</CommonName>
    </AnnotatedStopPointRef>
    <AnnotatedStopPointRef>
      <StopPointRef>2200YEA00467</StopPointRef>
      <CommonName>Bridlington Scarborough Rd</CommonName>
    </AnnotatedStopPointRef>
    <AnnotatedStopPointRef>
      <StopPointRef>2200YEA11682</StopPointRef>
      <CommonName>Bridlington St John's Street</CommonName>
    </AnnotatedStopPointRef>
    <AnnotatedStopPointRef>
      <StopPointRef>2200YEA01659</StopPointRef>
      <CommonName>Bridlington St John's Street</CommonName>
    </AnnotatedStopPointRef>
    <AnnotatedStopPointRef>
      <StopPointRef>2200YEA00496</StopPointRef>
      <CommonName>Bridlington Quay Road</CommonName>
    </AnnotatedStopPointRef>
    <AnnotatedStopPointRef>
      <StopPointRef>2200YEA00494</StopPointRef>
      <CommonName>Bridlington Quay Road</CommonName>
    </AnnotatedStopPointRef>
    <AnnotatedStopPointRef>
      <StopPointRef>2200YEA00492</StopPointRef>
      <CommonName>Bridlington Quay Road</CommonName>
    </AnnotatedStopPointRef>
    <AnnotatedStopPointRef>
      <StopPointRef>2200YEA01628</StopPointRef>
      <CommonName>Bridlington Prospect Street</CommonName>
    </AnnotatedStopPointRef>
    <AnnotatedStopPointRef>
      <StopPointRef>2200YEZ01251</StopPointRef>
      <CommonName>Bridlington Bus Station</CommonName>
    </AnnotatedStopPointRef>
    <AnnotatedStopPointRef>
      <StopPointRef>2200YEA00030</StopPointRef>
      <CommonName>Driffield Middle St South</CommonName>
    </AnnotatedStopPointRef>
    <AnnotatedStopPointRef>
      <StopPointRef>2200YEA01679</StopPointRef>
      <CommonName>Driffield Market Place</CommonName>
    </AnnotatedStopPointRef>
    <AnnotatedStopPointRef>
      <StopPointRef>2200YEA00384</StopPointRef>
      <CommonName>Driffield Bridlington Road</CommonName>
    </AnnotatedStopPointRef>
    <AnnotatedStopPointRef>
      <StopPointRef>2200YEA00512</StopPointRef>
      <CommonName>Driffield Bridlington Road</CommonName>
    </AnnotatedStopPointRef>
    <AnnotatedStopPointRef>
      <StopPointRef>2200YEA00514</StopPointRef>
      <CommonName>Driffield Bridlington Road</CommonName>
    </AnnotatedStopPointRef>
    <AnnotatedStopPointRef>
      <StopPointRef>2200YEA01090</StopPointRef>
      <CommonName>Kilham Middle Street</CommonName>
    </AnnotatedStopPointRef>
    <AnnotatedStopPointRef>
      <StopPointRef>2200YEA01208</StopPointRef>
      <CommonName>Ruston Parva Main Road</CommonName>
    </AnnotatedStopPointRef>
    <AnnotatedStopPointRef>
      <StopPointRef>2200YEA01033</StopPointRef>
      <CommonName>Nafferton Driffield Road</CommonName>
    </AnnotatedStopPointRef>
    <AnnotatedStopPointRef>
      <StopPointRef>2200YEA00513</StopPointRef>
      <CommonName>Driffield Bridlington Road</CommonName>
    </AnnotatedStopPointRef>
    <AnnotatedStopPointRef>
      <StopPointRef>2200YEA00511</StopPointRef>
      <CommonName>Driffield Bridlington Road</CommonName>
    </AnnotatedStopPointRef>
    <AnnotatedStopPointRef>
      <StopPointRef>2200YEA00031</StopPointRef>
      <CommonName>Driffield Middle St South</CommonName>
    </AnnotatedStopPointRef>
    <AnnotatedStopPointRef>
      <StopPointRef>2200YEA00029</StopPointRef>
      <CommonName>Driffield Middle Street South</CommonName>
    </AnnotatedStopPointRef>
    <AnnotatedStopPointRef>
      <StopPointRef>2200YEA01636</StopPointRef>
      <CommonName>Bridlington Promenade</CommonName>
    </AnnotatedStopPointRef>
    <AnnotatedStopPointRef>
      <StopPointRef>2200YEA00032</StopPointRef>
      <CommonName>Bridlington Queen Street</CommonName>
    </AnnotatedStopPointRef>
    <AnnotatedStopPointRef>
      <StopPointRef>2200YEA00033</StopPointRef>
      <CommonName>Bridlington Prospect Street</CommonName>
    </AnnotatedStopPointRef>
    <AnnotatedStopPointRef>
      <StopPointRef>2200YEA00493</StopPointRef>
      <CommonName>Bridlington Quay Road</CommonName>
    </AnnotatedStopPointRef>
    <AnnotatedStopPointRef>
      <StopPointRef>2200YEA00495</StopPointRef>
      <CommonName>Bridlington Quay Road</CommonName>
    </AnnotatedStopPointRef>
    <AnnotatedStopPointRef>
      <StopPointRef>2200YEA00497</StopPointRef>
      <CommonName>Bridlington Quay Road</CommonName>
    </AnnotatedStopPointRef>
    <AnnotatedStopPointRef>
      <StopPointRef>2200YEA00498</StopPointRef>
      <CommonName>Bridlington Quay Road</CommonName>
    </AnnotatedStopPointRef>
    <AnnotatedStopPointRef>
      <StopPointRef>2200YEA00473</StopPointRef>
      <CommonName>Bridlington St John's Street</CommonName>
    </AnnotatedStopPointRef>
    <AnnotatedStopPointRef>
      <StopPointRef>2200YEA00466</StopPointRef>
      <CommonName>Bridlington Scarborough Rd</CommonName>
    </AnnotatedStopPointRef>
    <AnnotatedStopPointRef>
      <StopPointRef>2200YEA00432</StopPointRef>
      <CommonName>Bridlington Bessingby Hill</CommonName>
    </AnnotatedStopPointRef>
    <AnnotatedStopPointRef>
      <StopPointRef>2200YEA00431</StopPointRef>
      <CommonName>Bridlington Bessingby Hill</CommonName>
    </AnnotatedStopPointRef>
  </StopPoints>
  <RouteSections>
    <RouteSection id="YEIO124_005">
      <RouteLink id="YEIO124_005_14690">
        <From>
          <StopPointRef>2200YEA01095</StopPointRef>
        </From>
        <To>
          <StopPointRef>2200YEA01089</StopPointRef>
        </To>
        <Direction>inbound</Direction>
      </RouteLink>
      <RouteLink id="YEIO124_005_14691">
        <From>
          <StopPointRef>2200YEA01089</StopPointRef>
        </From>
        <To>
          <StopPointRef>2200YEA01104</StopPointRef>
        </To>
        <Direction>inbound</Direction>
      </RouteLink>
      <RouteLink id="YEIO124_005_14692">
        <From>
          <StopPointRef>2200YEA01104</StopPointRef>
        </From>
        <To>
          <StopPointRef>2200YEA01103</StopPointRef>
        </To>
        <Direction>inbound</Direction>
      </RouteLink>
      <RouteLink id="YEIO124_005_14693">
        <From>
          <StopPointRef>2200YEA01103</StopPointRef>
        </From>
        <To>
          <StopPointRef>2200YEA01102</StopPointRef>
        </To>
        <Direction>inbound</Direction>
      </RouteLink>
      <RouteLink id="YEIO124_005_14694">
        <From>
          <StopPointRef>2200YEA01102</StopPointRef>
        </From>
        <To>
          <StopPointRef>2200YEA01107</StopPointRef>
        </To>
        <Direction>inbound</Direction>
      </RouteLink>
      <RouteLink id="YEIO124_005_14695">
        <From>
          <StopPointRef>2200YEA01107</StopPointRef>
        </From>
        <To>
          <StopPointRef>2200YEA01076</StopPointRef>
        </To>
        <Direction>inbound</Direction>
      </RouteLink>
      <RouteLink id="YEIO124_005_14696">
        <From>
          <StopPointRef>2200YEA01076</StopPointRef>
        </From>
        <To>
          <StopPointRef>2200YEA00433</StopPointRef>
        </To>
        <Direction>inbound</Direction>
      </RouteLink>
      <RouteLink id="YEIO124_005_14697">
        <From>
          <StopPointRef>2200YEA00433</StopPointRef>
        </From>
        <To>
          <StopPointRef>2200YEA00467</StopPointRef>
        </To>
        <Direction>inbound</Direction>
      </RouteLink>
      <RouteLink id="YEIO124_005_14698">
        <From>
          <StopPointRef>2200YEA00467</StopPointRef>
        </From>
        <To>
          <StopPointRef>2200YEA11682</StopPointRef>
        </To>
        <Direction>inbound</Direction>
      </RouteLink>
      <RouteLink id="YEIO124_005_14699">
        <From>
          <StopPointRef>2200YEA11682</StopPointRef>
        </From>
        <To>
          <StopPointRef>2200YEA01659</StopPointRef>
        </To>
        <Direction>inbound</Direction>
      </RouteLink>
      <RouteLink id="YEIO124_005_14700">
        <From>
          <StopPointRef>2200YEA01659</StopPointRef>
        </From>
        <To>
          <StopPointRef>2200YEA00496</StopPointRef>
        </To>
        <Direction>inbound</Direction>
      </RouteLink>
      <RouteLink id="YEIO124_005_14701">
        <From>
          <StopPointRef>2200YEA00496</StopPointRef>
        </From>
        <To>
          <StopPointRef>2200YEA00494</StopPointRef>
        </To>
        <Direction>inbound</Direction>
      </RouteLink>
      <RouteLink id="YEIO124_005_14702">
        <From>
          <StopPointRef>2200YEA00494</StopPointRef>
        </From>
        <To>
          <StopPointRef>2200YEA00492</StopPointRef>
        </To>
        <Direction>inbound</Direction>
      </RouteLink>
      <RouteLink id="YEIO124_005_14703">
        <From>
          <StopPointRef>2200YEA00492</StopPointRef>
        </From>
        <To>
          <StopPointRef>2200YEA01628</StopPointRef>
        </To>
        <Direction>inbound</Direction>
      </RouteLink>
      <RouteLink id="YEIO124_005_14704">
        <From>
          <StopPointRef>2200YEA01628</StopPointRef>
        </From>
        <To>
          <StopPointRef>2200YEZ01251</StopPointRef>
        </To>
        <Direction>inbound</Direction>
      </RouteLink>
    </RouteSection>
    <RouteSection id="YEIO124_006">
      <RouteLink id="YEIO124_006_14706">
        <From>
          <StopPointRef>2200YEA00030</StopPointRef>
        </From>
        <To>
          <StopPointRef>2200YEA01679</StopPointRef>
        </To>
        <Direction>inbound</Direction>
      </RouteLink>
      <RouteLink id="YEIO124_006_14707">
        <From>
          <StopPointRef>2200YEA01679</StopPointRef>
        </From>
        <To>
          <StopPointRef>2200YEA00384</StopPointRef>
        </To>
        <Direction>inbound</Direction>
      </RouteLink>
      <RouteLink id="YEIO124_006_14708">
        <From>
          <StopPointRef>2200YEA00384</StopPointRef>
        </From>
        <To>
          <StopPointRef>2200YEA00512</StopPointRef>
        </To>
        <Direction>inbound</Direction>
      </RouteLink>
      <RouteLink id="YEIO124_006_14709">
        <From>
          <StopPointRef>2200YEA00512</StopPointRef>
        </From>
        <To>
          <StopPointRef>2200YEA00514</StopPointRef>
        </To>
        <Direction>inbound</Direction>
      </RouteLink>
      <RouteLink id="YEIO124_006_14710">
        <From>
          <StopPointRef>2200YEA00514</StopPointRef>
        </From>
        <To>
          <StopPointRef>2200YEA01095</StopPointRef>
        </To>
        <Direction>inbound</Direction>
      </RouteLink>
      <RouteLink id="YEIO124_006_14711">
        <From>
          <StopPointRef>2200YEA01095</StopPointRef>
        </From>
        <To>
          <StopPointRef>2200YEA01089</StopPointRef>
        </To>
        <Direction>inbound</Direction>
      </RouteLink>
      <RouteLink id="YEIO124_006_14712">
        <From>
          <StopPointRef>2200YEA01089</StopPointRef>
        </From>
        <To>
          <StopPointRef>2200YEA01104</StopPointRef>
        </To>
        <Direction>inbound</Direction>
      </RouteLink>
      <RouteLink id="YEIO124_006_14713">
        <From>
          <StopPointRef>2200YEA01104</StopPointRef>
        </From>
        <To>
          <StopPointRef>2200YEA01103</StopPointRef>
        </To>
        <Direction>inbound</Direction>
      </RouteLink>
      <RouteLink id="YEIO124_006_14714">
        <From>
          <StopPointRef>2200YEA01103</StopPointRef>
        </From>
        <To>
          <StopPointRef>2200YEA01102</StopPointRef>
        </To>
        <Direction>inbound</Direction>
      </RouteLink>
      <RouteLink id="YEIO124_006_14715">
        <From>
          <StopPointRef>2200YEA01102</StopPointRef>
        </From>
        <To>
          <StopPointRef>2200YEA01107</StopPointRef>
        </To>
        <Direction>inbound</Direction>
      </RouteLink>
      <RouteLink id="YEIO124_006_14716">
        <From>
          <StopPointRef>2200YEA01107</StopPointRef>
        </From>
        <To>
          <StopPointRef>2200YEA01076</StopPointRef>
        </To>
        <Direction>inbound</Direction>
      </RouteLink>
    </RouteSection>
    <RouteSection id="YEIO124_007">
      <RouteLink id="YEIO124_007_14727">
        <From>
          <StopPointRef>2200YEA01076</StopPointRef>
        </From>
        <To>
          <StopPointRef>2200YEA01107</StopPointRef>
        </To>
        <Direction>outbound</Direction>
      </RouteLink>
      <RouteLink id="YEIO124_007_14728">
        <From>
          <StopPointRef>2200YEA01107</StopPointRef>
        </From>
        <To>
          <StopPointRef>2200YEA01102</StopPointRef>
        </To>
        <Direction>outbound</Direction>
      </RouteLink>
      <RouteLink id="YEIO124_007_14729">
        <From>
          <StopPointRef>2200YEA01102</StopPointRef>
        </From>
        <To>
          <StopPointRef>2200YEA01103</StopPointRef>
        </To>
        <Direction>outbound</Direction>
      </RouteLink>
      <RouteLink id="YEIO124_007_14730">
        <From>
          <StopPointRef>2200YEA01103</StopPointRef>
        </From>
        <To>
          <StopPointRef>2200YEA01104</StopPointRef>
        </To>
        <Direction>outbound</Direction>
      </RouteLink>
      <RouteLink id="YEIO124_007_14731">
        <From>
          <StopPointRef>2200YEA01104</StopPointRef>
        </From>
        <To>
          <StopPointRef>2200YEA01090</StopPointRef>
        </To>
        <Direction>outbound</Direction>
      </RouteLink>
      <RouteLink id="YEIO124_007_14732">
        <From>
          <StopPointRef>2200YEA01090</StopPointRef>
        </From>
        <To>
          <StopPointRef>2200YEA01208</StopPointRef>
        </To>
        <Direction>outbound</Direction>
      </RouteLink>
      <RouteLink id="YEIO124_007_14733">
        <From>
          <StopPointRef>2200YEA01208</StopPointRef>
        </From>
        <To>
          <StopPointRef>2200YEA01033</StopPointRef>
        </To>
        <Direction>outbound</Direction>
      </RouteLink>
      <RouteLink id="YEIO124_007_14734">
        <From>
          <StopPointRef>2200YEA01033</StopPointRef>
        </From>
        <To>
          <StopPointRef>2200YEA00513</StopPointRef>
        </To>
        <Direction>outbound</Direction>
      </RouteLink>
      <RouteLink id="YEIO124_007_14735">
        <From>
          <StopPointRef>2200YEA00513</StopPointRef>
        </From>
        <To>
          <StopPointRef>2200YEA00511</StopPointRef>
        </To>
        <Direction>outbound</Direction>
      </RouteLink>
      <RouteLink id="YEIO124_007_14736">
        <From>
          <StopPointRef>2200YEA00511</StopPointRef>
        </From>
        <To>
          <StopPointRef>2200YEA00031</StopPointRef>
        </To>
        <Direction>outbound</Direction>
      </RouteLink>
      <RouteLink id="YEIO124_007_14737">
        <From>
          <StopPointRef>2200YEA00031</StopPointRef>
        </From>
        <To>
          <StopPointRef>2200YEA00029</StopPointRef>
        </To>
        <Direction>outbound</Direction>
      </RouteLink>
    </RouteSection>
    <RouteSection id="YEIO124_004">
      <RouteLink id="YEIO124_004_14739">
        <From>
          <StopPointRef>2200YEZ01251</StopPointRef>
        </From>
        <To>
          <StopPointRef>2200YEA01636</StopPointRef>
        </To>
        <Direction>outbound</Direction>
      </RouteLink>
      <RouteLink id="YEIO124_004_14740">
        <From>
          <StopPointRef>2200YEA01636</StopPointRef>
        </From>
        <To>
          <StopPointRef>2200YEA00032</StopPointRef>
        </To>
        <Direction>outbound</Direction>
      </RouteLink>
      <RouteLink id="YEIO124_004_14741">
        <From>
          <StopPointRef>2200YEA00032</StopPointRef>
        </From>
        <To>
          <StopPointRef>2200YEA00033</StopPointRef>
        </To>
        <Direction>outbound</Direction>
      </RouteLink>
      <RouteLink id="YEIO124_004_14742">
        <From>
          <StopPointRef>2200YEA00033</StopPointRef>
        </From>
        <To>
          <StopPointRef>2200YEA00493</StopPointRef>
        </To>
        <Direction>outbound</Direction>
      </RouteLink>
      <RouteLink id="YEIO124_004_14743">
        <From>
          <StopPointRef>2200YEA00493</StopPointRef>
        </From>
        <To>
          <StopPointRef>2200YEA00495</StopPointRef>
        </To>
        <Direction>outbound</Direction>
      </RouteLink>
      <RouteLink id="YEIO124_004_14744">
        <From>
          <StopPointRef>2200YEA00495</StopPointRef>
        </From>
        <To>
          <StopPointRef>2200YEA00497</StopPointRef>
        </To>
        <Direction>outbound</Direction>
      </RouteLink>
      <RouteLink id="YEIO124_004_14745">
        <From>
          <StopPointRef>2200YEA00497</StopPointRef>
        </From>
        <To>
          <StopPointRef>2200YEA00498</StopPointRef>
        </To>
        <Direction>outbound</Direction>
      </RouteLink>
      <RouteLink id="YEIO124_004_14746">
        <From>
          <StopPointRef>2200YEA00498</StopPointRef>
        </From>
        <To>
          <StopPointRef>2200YEA00473</StopPointRef>
        </To>
        <Direction>outbound</Direction>
      </RouteLink>
      <RouteLink id="YEIO124_004_14747">
        <From>
          <StopPointRef>2200YEA00473</StopPointRef>
        </From>
        <To>
          <StopPointRef>2200YEA00466</StopPointRef>
        </To>
        <Direction>outbound</Direction>
      </RouteLink>
      <RouteLink id="YEIO124_004_14748">
        <From>
          <StopPointRef>2200YEA00466</StopPointRef>
        </From>
        <To>
          <StopPointRef>2200YEA00432</StopPointRef>
        </To>
        <Direction>outbound</Direction>
      </RouteLink>
      <RouteLink id="YEIO124_004_14749">
        <From>
          <StopPointRef>2200YEA00432</StopPointRef>
        </From>
        <To>
          <StopPointRef>2200YEA00431</StopPointRef>
        </To>
        <Direction>outbound</Direction>
      </RouteLink>
      <RouteLink id="YEIO124_004_14750">
        <From>
          <StopPointRef>2200YEA00431</StopPointRef>
        </From>
        <To>
          <StopPointRef>2200YEA01076</StopPointRef>
        </To>
        <Direction>outbound</Direction>
      </RouteLink>
      <RouteLink id="YEIO124_004_14751">
        <From>
          <StopPointRef>2200YEA01076</StopPointRef>
        </From>
        <To>
          <StopPointRef>2200YEA01107</StopPointRef>
        </To>
        <Direction>outbound</Direction>
      </RouteLink>
      <RouteLink id="YEIO124_004_14752">
        <From>
          <StopPointRef>2200YEA01107</StopPointRef>
        </From>
        <To>
          <StopPointRef>2200YEA01102</StopPointRef>
        </To>
        <Direction>outbound</Direction>
      </RouteLink>
      <RouteLink id="YEIO124_004_14753">
        <From>
          <StopPointRef>2200YEA01102</StopPointRef>
        </From>
        <To>
          <StopPointRef>2200YEA01103</StopPointRef>
        </To>
        <Direction>outbound</Direction>
      </RouteLink>
      <RouteLink id="YEIO124_004_14754">
        <From>
          <StopPointRef>2200YEA01103</StopPointRef>
        </From>
        <To>
          <StopPointRef>2200YEA01104</StopPointRef>
        </To>
        <Direction>outbound</Direction>
      </RouteLink>
      <RouteLink id="YEIO124_004_14755">
        <From>
          <StopPointRef>2200YEA01104</StopPointRef>
        </From>
        <To>
          <StopPointRef>2200YEA01090</StopPointRef>
        </To>
        <Direction>outbound</Direction>
      </RouteLink>
      <RouteLink id="YEIO124_004_14756">
        <From>
          <StopPointRef>2200YEA01090</StopPointRef>
        </From>
        <To>
          <StopPointRef>2200YEA01208</StopPointRef>
        </To>
        <Direction>outbound</Direction>
      </RouteLink>
    </RouteSection>
  </RouteSections>
  <Routes>
    <Route id="YEIO124_005">
      <Description>Driffield - Bridlington
</Description>
      <RouteSectionRef>YEIO124_005</RouteSectionRef>
    </Route>
    <Route id="YEIO124_006">
      <Description>Driffield - Bridlington
</Description>
      <RouteSectionRef>YEIO124_006</RouteSectionRef>
    </Route>
    <Route id="YEIO124_007">
      <Description>Bridlington - Driffield
</Description>
      <RouteSectionRef>YEIO124_007</RouteSectionRef>
    </Route>
    <Route id="YEIO124_004">
      <Description>Bridlington - Driffield
</Description>
      <RouteSectionRef>YEIO124_004</RouteSectionRef>
    </Route>
  </Routes>
  <JourneyPatternSections>
    <JourneyPatternSection id="JPS_YEIO124-5">
      <JourneyPatternTimingLink id="JPS_YEIO124-5_14690">
        <From>
          <StopPointRef>2200YEA01095</StopPointRef>
          <TimingStatus>PTP</TimingStatus>
        </From>
        <To>
          <StopPointRef>2200YEA01089</StopPointRef>
          <TimingStatus>PTP</TimingStatus>
        </To>
        <RouteLinkRef>YEIO124_005_14690</RouteLinkRef>
        <Direction>inbound</Direction>
        <RunTime>PT300S</RunTime>
      </JourneyPatternTimingLink>
      <JourneyPatternTimingLink id="JPS_YEIO124-5_14691">
        <From>
          <StopPointRef>2200YEA01089</StopPointRef>
          <TimingStatus>PTP</TimingStatus>
        </From>
        <To>
          <StopPointRef>2200YEA01104</StopPointRef>
          <TimingStatus>PTP</TimingStatus>
        </To>
        <RouteLinkRef>YEIO124_005_14691</RouteLinkRef>
        <Direction>inbound</Direction>
        <RunTime>PT300S</RunTime>
      </JourneyPatternTimingLink>
      <JourneyPatternTimingLink id="JPS_YEIO124-5_14692">
        <From>
          <StopPointRef>2200YEA01104</StopPointRef>
          <TimingStatus>PTP</TimingStatus>
        </From>
        <To>
          <StopPointRef>2200YEA01103</StopPointRef>
          <TimingStatus>PTP</TimingStatus>
        </To>
        <RouteLinkRef>YEIO124_005_14692</RouteLinkRef>
        <Direction>inbound</Direction>
        <RunTime>PT300S</RunTime>
      </JourneyPatternTimingLink>
      <JourneyPatternTimingLink id="JPS_YEIO124-5_14693">
        <From>
          <StopPointRef>2200YEA01103</StopPointRef>
          <TimingStatus>PTP</TimingStatus>
        </From>
        <To>
          <StopPointRef>2200YEA01102</StopPointRef>
          <TimingStatus>PTP</TimingStatus>
        </To>
        <RouteLinkRef>YEIO124_005_14693</RouteLinkRef>
        <Direction>inbound</Direction>
        <RunTime>PT300S</RunTime>
      </JourneyPatternTimingLink>
      <JourneyPatternTimingLink id="JPS_YEIO124-5_14694">
        <From>
          <StopPointRef>2200YEA01102</StopPointRef>
          <TimingStatus>PTP</TimingStatus>
        </From>
        <To>
          <StopPointRef>2200YEA01107</StopPointRef>
          <TimingStatus>PTP</TimingStatus>
        </To>
        <RouteLinkRef>YEIO124_005_14694</RouteLinkRef>
        <Direction>inbound</Direction>
        <RunTime>PT600S</RunTime>
      </JourneyPatternTimingLink>
      <JourneyPatternTimingLink id="JPS_YEIO124-5_14695">
        <From>
          <StopPointRef>2200YEA01107</StopPointRef>
          <TimingStatus>PTP</TimingStatus>
        </From>
        <To>
          <StopPointRef>2200YEA01076</StopPointRef>
          <TimingStatus>PTP</TimingStatus>
        </To>
        <RouteLinkRef>YEIO124_005_14695</RouteLinkRef>
        <Direction>inbound</Direction>
        <RunTime>PT300S</RunTime>
      </JourneyPatternTimingLink>
      <JourneyPatternTimingLink id="JPS_YEIO124-5_14696">
        <From>
          <StopPointRef>2200YEA01076</StopPointRef>
          <TimingStatus>PTP</TimingStatus>
        </From>
        <To>
          <StopPointRef>2200YEA00433</StopPointRef>
          <TimingStatus>OTH</TimingStatus>
        </To>
        <RouteLinkRef>YEIO124_005_14696</RouteLinkRef>
        <Direction>inbound</Direction>
        <RunTime>PT514S</RunTime>
      </JourneyPatternTimingLink>
      <JourneyPatternTimingLink id="JPS_YEIO124-5_14697">
        <From>
          <StopPointRef>2200YEA00433</StopPointRef>
          <TimingStatus>OTH</TimingStatus>
        </From>
        <To>
          <StopPointRef>2200YEA00467</StopPointRef>
          <TimingStatus>OTH</TimingStatus>
        </To>
        <RouteLinkRef>YEIO124_005_14697</RouteLinkRef>
        <Direction>inbound</Direction>
        <RunTime>PT68S</RunTime>
      </JourneyPatternTimingLink>
      <JourneyPatternTimingLink id="JPS_YEIO124-5_14698">
        <From>
          <StopPointRef>2200YEA00467</StopPointRef>
          <TimingStatus>OTH</TimingStatus>
        </From>
        <To>
          <StopPointRef>2200YEA11682</StopPointRef>
          <TimingStatus>OTH</TimingStatus>
        </To>
        <RouteLinkRef>YEIO124_005_14698</RouteLinkRef>
        <Direction>inbound</Direction>
        <RunTime>PT58S</RunTime>
      </JourneyPatternTimingLink>
      <JourneyPatternTimingLink id="JPS_YEIO124-5_14699">
        <From>
          <StopPointRef>2200YEA11682</StopPointRef>
          <TimingStatus>OTH</TimingStatus>
        </From>
        <To>
          <StopPointRef>2200YEA01659</StopPointRef>
          <TimingStatus>OTH</TimingStatus>
        </To>
        <RouteLinkRef>YEIO124_005_14699</RouteLinkRef>
        <Direction>inbound</Direction>
        <RunTime>PT45S</RunTime>
      </JourneyPatternTimingLink>
      <JourneyPatternTimingLink id="JPS_YEIO124-5_14700">
        <From>
          <StopPointRef>2200YEA01659</StopPointRef>
          <TimingStatus>OTH</TimingStatus>
        </From>
        <To>
          <StopPointRef>2200YEA00496</StopPointRef>
          <TimingStatus>OTH</TimingStatus>
        </To>
        <RouteLinkRef>YEIO124_005_14700</RouteLinkRef>
        <Direction>inbound</Direction>
        <RunTime>PT50S</RunTime>
      </JourneyPatternTimingLink>
      <JourneyPatternTimingLink id="JPS_YEIO124-5_14701">
        <From>
          <StopPointRef>2200YEA00496</StopPointRef>
          <TimingStatus>OTH</TimingStatus>
        </From>
        <To>
          <StopPointRef>2200YEA00494</StopPointRef>
          <TimingStatus>OTH</TimingStatus>
        </To>
        <RouteLinkRef>YEIO124_005_14701</RouteLinkRef>
        <Direction>inbound</Direction>
        <RunTime>PT37S</RunTime>
      </JourneyPatternTimingLink>
      <JourneyPatternTimingLink id="JPS_YEIO124-5_14702">
        <From>
          <StopPointRef>2200YEA00494</StopPointRef>
          <TimingStatus>OTH</TimingStatus>
        </From>
        <To>
          <StopPointRef>2200YEA00492</StopPointRef>
          <TimingStatus>OTH</TimingStatus>
        </To>
        <RouteLinkRef>YEIO124_005_14702</RouteLinkRef>
        <Direction>inbound</Direction>
        <RunTime>PT38S</RunTime>
      </JourneyPatternTimingLink>
      <JourneyPatternTimingLink id="JPS_YEIO124-5_14703">
        <From>
          <StopPointRef>2200YEA00492</StopPointRef>
          <TimingStatus>OTH</TimingStatus>
        </From>
        <To>
          <StopPointRef>2200YEA01628</StopPointRef>
          <TimingStatus>OTH</TimingStatus>
        </To>
        <RouteLinkRef>YEIO124_005_14703</RouteLinkRef>
        <Direction>inbound</Direction>
        <RunTime>PT27S</RunTime>
      </JourneyPatternTimingLink>
      <JourneyPatternTimingLink id="JPS_YEIO124-5_14704">
        <From>
          <StopPointRef>2200YEA01628</StopPointRef>
          <TimingStatus>OTH</TimingStatus>
        </From>
        <To>
          <StopPointRef>2200YEZ01251</StopPointRef>
          <TimingStatus>PTP</TimingStatus>
        </To>
        <RouteLinkRef>YEIO124_005_14704</RouteLinkRef>
        <Direction>inbound</Direction>
        <RunTime>PT63S</RunTime>
      </JourneyPatternTimingLink>
    </JourneyPatternSection>
    <JourneyPatternSection id="JPS_YEIO124-6">
      <JourneyPatternTimingLink id="JPS_YEIO124-6_14706">
        <From>
          <StopPointRef>2200YEA00030</StopPointRef>
          <TimingStatus>PTP</TimingStatus>
        </From>
        <To>
          <StopPointRef>2200YEA01679</StopPointRef>
          <TimingStatus>OTH</TimingStatus>
        </To>
        <RouteLinkRef>YEIO124_006_14706</RouteLinkRef>
        <Direction>inbound</Direction>
        <RunTime>PT32S</RunTime>
      </JourneyPatternTimingLink>
      <JourneyPatternTimingLink id="JPS_YEIO124-6_14707">
        <From>
          <StopPointRef>2200YEA01679</StopPointRef>
          <TimingStatus>OTH</TimingStatus>
        </From>
        <To>
          <StopPointRef>2200YEA00384</StopPointRef>
          <TimingStatus>OTH</TimingStatus>
        </To>
        <RouteLinkRef>YEIO124_006_14707</RouteLinkRef>
        <Direction>inbound</Direction>
        <RunTime>PT46S</RunTime>
      </JourneyPatternTimingLink>
      <JourneyPatternTimingLink id="JPS_YEIO124-6_14708">
        <From>
          <StopPointRef>2200YEA00384</StopPointRef>
          <TimingStatus>OTH</TimingStatus>
        </From>
        <To>
          <StopPointRef>2200YEA00512</StopPointRef>
          <TimingStatus>OTH</TimingStatus>
        </To>
        <RouteLinkRef>YEIO124_006_14708</RouteLinkRef>
        <Direction>inbound</Direction>
        <RunTime>PT38S</RunTime>
      </JourneyPatternTimingLink>
      <JourneyPatternTimingLink id="JPS_YEIO124-6_14709">
        <From>
          <StopPointRef>2200YEA00512</StopPointRef>
          <TimingStatus>OTH</TimingStatus>
        </From>
        <To>
          <StopPointRef>2200YEA00514</StopPointRef>
          <TimingStatus>OTH</TimingStatus>
        </To>
        <RouteLinkRef>YEIO124_006_14709</RouteLinkRef>
        <Direction>inbound</Direction>
        <RunTime>PT38S</RunTime>
      </JourneyPatternTimingLink>
      <JourneyPatternTimingLink id="JPS_YEIO124-6_14710">
        <From>
          <StopPointRef>2200YEA00514</StopPointRef>
          <TimingStatus>OTH</TimingStatus>
        </From>
        <To>
          <StopPointRef>2200YEA01095</StopPointRef>
          <TimingStatus>PTP</TimingStatus>
        </To>
        <RouteLinkRef>YEIO124_006_14710</RouteLinkRef>
        <Direction>inbound</Direction>
        <RunTime>PT446S</RunTime>
      </JourneyPatternTimingLink>
      <JourneyPatternTimingLink id="JPS_YEIO124-6_14711">
        <From>
          <StopPointRef>2200YEA01095</StopPointRef>
          <TimingStatus>PTP</TimingStatus>
        </From>
        <To>
          <StopPointRef>2200YEA01089</StopPointRef>
          <TimingStatus>PTP</TimingStatus>
        </To>
        <RouteLinkRef>YEIO124_006_14711</RouteLinkRef>
        <Direction>inbound</Direction>
        <RunTime>PT300S</RunTime>
      </JourneyPatternTimingLink>
      <JourneyPatternTimingLink id="JPS_YEIO124-6_14712">
        <From>
          <StopPointRef>2200YEA01089</StopPointRef>
          <TimingStatus>PTP</TimingStatus>
        </From>
        <To>
          <StopPointRef>2200YEA01104</StopPointRef>
          <TimingStatus>PTP</TimingStatus>
        </To>
        <RouteLinkRef>YEIO124_006_14712</RouteLinkRef>
        <Direction>inbound</Direction>
        <RunTime>PT300S</RunTime>
      </JourneyPatternTimingLink>
      <JourneyPatternTimingLink id="JPS_YEIO124-6_14713">
        <From>
          <StopPointRef>2200YEA01104</StopPointRef>
          <TimingStatus>PTP</TimingStatus>
        </From>
        <To>
          <StopPointRef>2200YEA01103</StopPointRef>
          <TimingStatus>PTP</TimingStatus>
        </To>
        <RouteLinkRef>YEIO124_006_14713</RouteLinkRef>
        <Direction>inbound</Direction>
        <RunTime>PT300S</RunTime>
      </JourneyPatternTimingLink>
      <JourneyPatternTimingLink id="JPS_YEIO124-6_14714">
        <From>
          <StopPointRef>2200YEA01103</StopPointRef>
          <TimingStatus>PTP</TimingStatus>
        </From>
        <To>
          <StopPointRef>2200YEA01102</StopPointRef>
          <TimingStatus>PTP</TimingStatus>
        </To>
        <RouteLinkRef>YEIO124_006_14714</RouteLinkRef>
        <Direction>inbound</Direction>
        <RunTime>PT300S</RunTime>
      </JourneyPatternTimingLink>
      <JourneyPatternTimingLink id="JPS_YEIO124-6_14715">
        <From>
          <StopPointRef>2200YEA01102</StopPointRef>
          <TimingStatus>PTP</TimingStatus>
        </From>
        <To>
          <StopPointRef>2200YEA01107</StopPointRef>
          <TimingStatus>PTP</TimingStatus>
        </To>
        <RouteLinkRef>YEIO124_006_14715</RouteLinkRef>
        <Direction>inbound</Direction>
        <RunTime>PT600S</RunTime>
      </JourneyPatternTimingLink>
      <JourneyPatternTimingLink id="JPS_YEIO124-6_14716">
        <From>
          <StopPointRef>2200YEA01107</StopPointRef>
          <TimingStatus>PTP</TimingStatus>
        </From>
        <To>
          <StopPointRef>2200YEA01076</StopPointRef>
          <TimingStatus>PTP</TimingStatus>
        </To>
        <RouteLinkRef>YEIO124_006_14716</RouteLinkRef>
        <Direction>inbound</Direction>
        <RunTime>PT300S</RunTime>
      </JourneyPatternTimingLink>
    </JourneyPatternSection>
    <JourneyPatternSection id="JPS_YEIO124-7">
      <JourneyPatternTimingLink id="JPS_YEIO124-7_14727">
        <From>
          <StopPointRef>2200YEA01076</StopPointRef>
          <TimingStatus>PTP</TimingStatus>
        </From>
        <To>
          <StopPointRef>2200YEA01107</StopPointRef>
          <TimingStatus>PTP</TimingStatus>
        </To>
        <RouteLinkRef>YEIO124_007_14727</RouteLinkRef>
        <Direction>outbound</Direction>
        <RunTime>PT300S</RunTime>
      </JourneyPatternTimingLink>
      <JourneyPatternTimingLink id="JPS_YEIO124-7_14728">
        <From>
          <StopPointRef>2200YEA01107</StopPointRef>
          <TimingStatus>PTP</TimingStatus>
        </From>
        <To>
          <StopPointRef>2200YEA01102</StopPointRef>
          <TimingStatus>PTP</TimingStatus>
        </To>
        <RouteLinkRef>YEIO124_007_14728</RouteLinkRef>
        <Direction>outbound</Direction>
        <RunTime>PT600S</RunTime>
      </JourneyPatternTimingLink>
      <JourneyPatternTimingLink id="JPS_YEIO124-7_14729">
        <From>
          <StopPointRef>2200YEA01102</StopPointRef>
          <TimingStatus>PTP</TimingStatus>
        </From>
        <To>
          <StopPointRef>2200YEA01103</StopPointRef>
          <TimingStatus>PTP</TimingStatus>
        </To>
        <RouteLinkRef>YEIO124_007_14729</RouteLinkRef>
        <Direction>outbound</Direction>
        <RunTime>PT300S</RunTime>
      </JourneyPatternTimingLink>
      <JourneyPatternTimingLink id="JPS_YEIO124-7_14730">
        <From>
          <StopPointRef>2200YEA01103</StopPointRef>
          <TimingStatus>PTP</TimingStatus>
        </From>
        <To>
          <StopPointRef>2200YEA01104</StopPointRef>
          <TimingStatus>PTP</TimingStatus>
        </To>
        <RouteLinkRef>YEIO124_007_14730</RouteLinkRef>
        <Direction>outbound</Direction>
        <RunTime>PT300S</RunTime>
      </JourneyPatternTimingLink>
      <JourneyPatternTimingLink id="JPS_YEIO124-7_14731">
        <From>
          <StopPointRef>2200YEA01104</StopPointRef>
          <TimingStatus>PTP</TimingStatus>
        </From>
        <To>
          <StopPointRef>2200YEA01090</StopPointRef>
          <TimingStatus>PTP</TimingStatus>
        </To>
        <RouteLinkRef>YEIO124_007_14731</RouteLinkRef>
        <Direction>outbound</Direction>
        <RunTime>PT300S</RunTime>
      </JourneyPatternTimingLink>
      <JourneyPatternTimingLink id="JPS_YEIO124-7_14732">
        <From>
          <StopPointRef>2200YEA01090</StopPointRef>
          <TimingStatus>PTP</TimingStatus>
        </From>
        <To>
          <StopPointRef>2200YEA01208</StopPointRef>
          <TimingStatus>PTP</TimingStatus>
        </To>
        <RouteLinkRef>YEIO124_007_14732</RouteLinkRef>
        <Direction>outbound</Direction>
        <RunTime>PT300S</RunTime>
      </JourneyPatternTimingLink>
      <JourneyPatternTimingLink id="JPS_YEIO124-7_14733">
        <From>
          <StopPointRef>2200YEA01208</StopPointRef>
          <TimingStatus>PTP</TimingStatus>
        </From>
        <To>
          <StopPointRef>2200YEA01033</StopPointRef>
          <TimingStatus>OTH</TimingStatus>
        </To>
        <RouteLinkRef>YEIO124_007_14733</RouteLinkRef>
        <Direction>outbound</Direction>
        <RunTime>PT287S</RunTime>
      </JourneyPatternTimingLink>
      <JourneyPatternTimingLink id="JPS_YEIO124-7_14734">
        <From>
          <StopPointRef>2200YEA01033</StopPointRef>
          <TimingStatus>OTH</TimingStatus>
        </From>
        <To>
          <StopPointRef>2200YEA00513</StopPointRef>
          <TimingStatus>OTH</TimingStatus>
        </To>
        <RouteLinkRef>YEIO124_007_14734</RouteLinkRef>
        <Direction>outbound</Direction>
        <RunTime>PT170S</RunTime>
      </JourneyPatternTimingLink>
      <JourneyPatternTimingLink id="JPS_YEIO124-7_14735">
        <From>
          <StopPointRef>2200YEA00513</StopPointRef>
          <TimingStatus>OTH</TimingStatus>
        </From>
        <To>
          <StopPointRef>2200YEA00511</StopPointRef>
          <TimingStatus>OTH</TimingStatus>
        </To>
        <RouteLinkRef>YEIO124_007_14735</RouteLinkRef>
        <Direction>outbound</Direction>
        <RunTime>PT64S</RunTime>
      </JourneyPatternTimingLink>
      <JourneyPatternTimingLink id="JPS_YEIO124-7_14736">
        <From>
          <StopPointRef>2200YEA00511</StopPointRef>
          <TimingStatus>OTH</TimingStatus>
        </From>
        <To>
          <StopPointRef>2200YEA00031</StopPointRef>
          <TimingStatus>OTH</TimingStatus>
        </To>
        <RouteLinkRef>YEIO124_007_14736</RouteLinkRef>
        <Direction>outbound</Direction>
        <RunTime>PT51S</RunTime>
      </JourneyPatternTimingLink>
      <JourneyPatternTimingLink id="JPS_YEIO124-7_14737">
        <From>
          <StopPointRef>2200YEA00031</StopPointRef>
          <TimingStatus>OTH</TimingStatus>
        </From>
        <To>
          <StopPointRef>2200YEA00029</StopPointRef>
          <TimingStatus>PTP</TimingStatus>
        </To>
        <RouteLinkRef>YEIO124_007_14737</RouteLinkRef>
        <Direction>outbound</Direction>
        <RunTime>PT28S</RunTime>
      </JourneyPatternTimingLink>
    </JourneyPatternSection>
    <JourneyPatternSection id="JPS_YEIO124-8">
      <JourneyPatternTimingLink id="JPS_YEIO124-8_14739">
        <From>
          <StopPointRef>2200YEZ01251</StopPointRef>
          <TimingStatus>PTP</TimingStatus>
        </From>
        <To>
          <StopPointRef>2200YEA01636</StopPointRef>
          <TimingStatus>OTH</TimingStatus>
        </To>
        <RouteLinkRef>YEIO124_004_14739</RouteLinkRef>
        <Direction>outbound</Direction>
        <RunTime>PT28S</RunTime>
      </JourneyPatternTimingLink>
      <JourneyPatternTimingLink id="JPS_YEIO124-8_14740">
        <From>
          <StopPointRef>2200YEA01636</StopPointRef>
          <TimingStatus>OTH</TimingStatus>
        </From>
        <To>
          <StopPointRef>2200YEA00032</StopPointRef>
          <TimingStatus>OTH</TimingStatus>
        </To>
        <RouteLinkRef>YEIO124_004_14740</RouteLinkRef>
        <Direction>outbound</Direction>
        <RunTime>PT26S</RunTime>
      </JourneyPatternTimingLink>
      <JourneyPatternTimingLink id="JPS_YEIO124-8_14741">
        <From>
          <StopPointRef>2200YEA00032</StopPointRef>
          <TimingStatus>OTH</TimingStatus>
        </From>
        <To>
          <StopPointRef>2200YEA00033</StopPointRef>
          <TimingStatus>OTH</TimingStatus>
        </To>
        <RouteLinkRef>YEIO124_004_14741</RouteLinkRef>
        <Direction>outbound</Direction>
        <RunTime>PT28S</RunTime>
      </JourneyPatternTimingLink>
      <JourneyPatternTimingLink id="JPS_YEIO124-8_14742">
        <From>
          <StopPointRef>2200YEA00033</StopPointRef>
          <TimingStatus>OTH</TimingStatus>
        </From>
        <To>
          <StopPointRef>2200YEA00493</StopPointRef>
          <TimingStatus>OTH</TimingStatus>
        </To>
        <RouteLinkRef>YEIO124_004_14742</RouteLinkRef>
        <Direction>outbound</Direction>
        <RunTime>PT48S</RunTime>
      </JourneyPatternTimingLink>
      <JourneyPatternTimingLink id="JPS_YEIO124-8_14743">
        <From>
          <StopPointRef>2200YEA00493</StopPointRef>
          <TimingStatus>OTH</TimingStatus>
        </From>
        <To>
          <StopPointRef>2200YEA00495</StopPointRef>
          <TimingStatus>OTH</TimingStatus>
        </To>
        <RouteLinkRef>YEIO124_004_14743</RouteLinkRef>
        <Direction>outbound</Direction>
        <RunTime>PT35S</RunTime>
      </JourneyPatternTimingLink>
      <JourneyPatternTimingLink id="JPS_YEIO124-8_14744">
        <From>
          <StopPointRef>2200YEA00495</StopPointRef>
          <TimingStatus>OTH</TimingStatus>
        </From>
        <To>
          <StopPointRef>2200YEA00497</StopPointRef>
          <TimingStatus>OTH</TimingStatus>
        </To>
        <RouteLinkRef>YEIO124_004_14744</RouteLinkRef>
        <Direction>outbound</Direction>
        <RunTime>PT42S</RunTime>
      </JourneyPatternTimingLink>
      <JourneyPatternTimingLink id="JPS_YEIO124-8_14745">
        <From>
          <StopPointRef>2200YEA00497</StopPointRef>
          <TimingStatus>OTH</TimingStatus>
        </From>
        <To>
          <StopPointRef>2200YEA00498</StopPointRef>
          <TimingStatus>OTH</TimingStatus>
        </To>
        <RouteLinkRef>YEIO124_004_14745</RouteLinkRef>
        <Direction>outbound</Direction>
        <RunTime>PT21S</RunTime>
      </JourneyPatternTimingLink>
      <JourneyPatternTimingLink id="JPS_YEIO124-8_14746">
        <From>
          <StopPointRef>2200YEA00498</StopPointRef>
          <TimingStatus>OTH</TimingStatus>
        </From>
        <To>
          <StopPointRef>2200YEA00473</StopPointRef>
          <TimingStatus>OTH</TimingStatus>
        </To>
        <RouteLinkRef>YEIO124_004_14746</RouteLinkRef>
        <Direction>outbound</Direction>
        <RunTime>PT52S</RunTime>
      </JourneyPatternTimingLink>
      <JourneyPatternTimingLink id="JPS_YEIO124-8_14747">
        <From>
          <StopPointRef>2200YEA00473</StopPointRef>
          <TimingStatus>OTH</TimingStatus>
        </From>
        <To>
          <StopPointRef>2200YEA00466</StopPointRef>
          <TimingStatus>OTH</TimingStatus>
        </To>
        <RouteLinkRef>YEIO124_004_14747</RouteLinkRef>
        <Direction>outbound</Direction>
        <RunTime>PT65S</RunTime>
      </JourneyPatternTimingLink>
      <JourneyPatternTimingLink id="JPS_YEIO124-8_14748">
        <From>
          <StopPointRef>2200YEA00466</StopPointRef>
          <TimingStatus>OTH</TimingStatus>
        </From>
        <To>
          <StopPointRef>2200YEA00432</StopPointRef>
          <TimingStatus>OTH</TimingStatus>
        </To>
        <RouteLinkRef>YEIO124_004_14748</RouteLinkRef>
        <Direction>outbound</Direction>
        <RunTime>PT59S</RunTime>
      </JourneyPatternTimingLink>
      <JourneyPatternTimingLink id="JPS_YEIO124-8_14749">
        <From>
          <StopPointRef>2200YEA00432</StopPointRef>
          <TimingStatus>OTH</TimingStatus>
        </From>
        <To>
          <StopPointRef>2200YEA00431</StopPointRef>
          <TimingStatus>OTH</TimingStatus>
        </To>
        <RouteLinkRef>YEIO124_004_14749</RouteLinkRef>
        <Direction>outbound</Direction>
        <RunTime>PT55S</RunTime>
      </JourneyPatternTimingLink>
      <JourneyPatternTimingLink id="JPS_YEIO124-8_14750">
        <From>
          <StopPointRef>2200YEA00431</StopPointRef>
          <TimingStatus>OTH</TimingStatus>
        </From>
        <To>
          <StopPointRef>2200YEA01076</StopPointRef>
          <TimingStatus>PTP</TimingStatus>
        </To>
        <RouteLinkRef>YEIO124_004_14750</RouteLinkRef>
        <Direction>outbound</Direction>
        <RunTime>PT441S</RunTime>
      </JourneyPatternTimingLink>
      <JourneyPatternTimingLink id="JPS_YEIO124-8_14751">
        <From>
          <StopPointRef>2200YEA01076</StopPointRef>
          <TimingStatus>PTP</TimingStatus>
        </From>
        <To>
          <StopPointRef>2200YEA01107</StopPointRef>
          <TimingStatus>PTP</TimingStatus>
        </To>
        <RouteLinkRef>YEIO124_004_14751</RouteLinkRef>
        <Direction>outbound</Direction>
        <RunTime>PT300S</RunTime>
      </JourneyPatternTimingLink>
      <JourneyPatternTimingLink id="JPS_YEIO124-8_14752">
        <From>
          <StopPointRef>2200YEA01107</StopPointRef>
          <TimingStatus>PTP</TimingStatus>
        </From>
        <To>
          <StopPointRef>2200YEA01102</StopPointRef>
          <TimingStatus>PTP</TimingStatus>
        </To>
        <RouteLinkRef>YEIO124_004_14752</RouteLinkRef>
        <Direction>outbound</Direction>
        <RunTime>PT600S</RunTime>
      </JourneyPatternTimingLink>
      <JourneyPatternTimingLink id="JPS_YEIO124-8_14753">
        <From>
          <StopPointRef>2200YEA01102</StopPointRef>
          <TimingStatus>PTP</TimingStatus>
        </From>
        <To>
          <StopPointRef>2200YEA01103</StopPointRef>
          <TimingStatus>PTP</TimingStatus>
        </To>
        <RouteLinkRef>YEIO124_004_14753</RouteLinkRef>
        <Direction>outbound</Direction>
        <RunTime>PT300S</RunTime>
      </JourneyPatternTimingLink>
      <JourneyPatternTimingLink id="JPS_YEIO124-8_14754">
        <From>
          <StopPointRef>2200YEA01103</StopPointRef>
          <TimingStatus>PTP</TimingStatus>
        </From>
        <To>
          <StopPointRef>2200YEA01104</StopPointRef>
          <TimingStatus>PTP</TimingStatus>
        </To>
        <RouteLinkRef>YEIO124_004_14754</RouteLinkRef>
        <Direction>outbound</Direction>
        <RunTime>PT300S</RunTime>
      </JourneyPatternTimingLink>
      <JourneyPatternTimingLink id="JPS_YEIO124-8_14755">
        <From>
          <StopPointRef>2200YEA01104</StopPointRef>
          <TimingStatus>PTP</TimingStatus>
        </From>
        <To>
          <StopPointRef>2200YEA01090</StopPointRef>
          <TimingStatus>PTP</TimingStatus>
        </To>
        <RouteLinkRef>YEIO124_004_14755</RouteLinkRef>
        <Direction>outbound</Direction>
        <RunTime>PT300S</RunTime>
      </JourneyPatternTimingLink>
      <JourneyPatternTimingLink id="JPS_YEIO124-8_14756">
        <From>
          <StopPointRef>2200YEA01090</StopPointRef>
          <TimingStatus>PTP</TimingStatus>
        </From>
        <To>
          <StopPointRef>2200YEA01208</StopPointRef>
          <TimingStatus>PTP</TimingStatus>
        </To>
        <RouteLinkRef>YEIO124_004_14756</RouteLinkRef>
        <Direction>outbound</Direction>
        <RunTime>PT300S</RunTime>
      </JourneyPatternTimingLink>
    </JourneyPatternSection>
  </JourneyPatternSections>
  <Operators>
    <Operator id="EY">
      <NationalOperatorCode>EYMS</NationalOperatorCode>
      <OperatorCode>EY</OperatorCode>
      <OperatorShortName>EYMS</OperatorShortName>
    </Operator>
  </Operators>
  <Services>
    <Service>
      <ServiceCode>YEIO124</ServiceCode>
      <Lines>
        <Line id="0">
          <LineName>124</LineName>
        </Line>
      </Lines>
      <OperatingPeriod>
        <StartDate>2017-06-08</StartDate>
      </OperatingPeriod>
      <RegisteredOperatorRef>EY</RegisteredOperatorRef>
      <StopRequirements>
        <NoNewStopsRequired />
      </StopRequirements>
      <Mode>bus</Mode>
      <Description>Bridlington - Driffield</Description>
      <StandardService>
        <Origin>Bridlington</Origin>
        <Destination>Driffield</Destination>
        <JourneyPattern id="JPS_YEIO124-5">
          <Direction>inbound</Direction>
          <JourneyPatternSectionRefs>JPS_YEIO124-5</JourneyPatternSectionRefs>
        </JourneyPattern>
        <JourneyPattern id="JPS_YEIO124-6">
          <Direction>inbound</Direction>
          <JourneyPatternSectionRefs>JPS_YEIO124-6</JourneyPatternSectionRefs>
        </JourneyPattern>
        <JourneyPattern id="JPS_YEIO124-7">
          <Direction>outbound</Direction>
          <JourneyPatternSectionRefs>JPS_YEIO124-7</JourneyPatternSectionRefs>
        </JourneyPattern>
        <JourneyPattern id="JPS_YEIO124-8">
          <Direction>outbound</Direction>
          <JourneyPatternSectionRefs>JPS_YEIO124-8</JourneyPatternSectionRefs>
        </JourneyPattern>
      </StandardService>
    </Service>
  </Services>
  <VehicleJourneys>
    <VehicleJourney>
      <OperatorRef>EY</OperatorRef>
      <OperatingProfile>
        <RegularDayType>
          <DaysOfWeek>
            <Wednesday />
          </DaysOfWeek>
        </RegularDayType>
      </OperatingProfile>
      <VehicleJourneyCode>2430</VehicleJourneyCode>
      <ServiceRef>YEIO124</ServiceRef>
      <LineRef>0</LineRef>
      <JourneyPatternRef>JPS_YEIO124-5</JourneyPatternRef>
      <DepartureTime>09:30:00</DepartureTime>
    </VehicleJourney>
    <VehicleJourney>
      <OperatorRef>EY</OperatorRef>
      <OperatingProfile>
        <RegularDayType>
          <DaysOfWeek>
            <Thursday />
          </DaysOfWeek>
        </RegularDayType>
      </OperatingProfile>
      <VehicleJourneyCode>2431</VehicleJourneyCode>
      <ServiceRef>YEIO124</ServiceRef>
      <LineRef>0</LineRef>
      <JourneyPatternRef>JPS_YEIO124-6</JourneyPatternRef>
      <DepartureTime>13:00:00</DepartureTime>
    </VehicleJourney>
    <VehicleJourney>
      <OperatorRef>EY</OperatorRef>
      <OperatingProfile>
        <RegularDayType>
          <DaysOfWeek>
            <Thursday />
          </DaysOfWeek>
        </RegularDayType>
      </OperatingProfile>
      <VehicleJourneyCode>2432</VehicleJourneyCode>
      <ServiceRef>YEIO124</ServiceRef>
      <LineRef>0</LineRef>
      <JourneyPatternRef>JPS_YEIO124-7</JourneyPatternRef>
      <DepartureTime>09:30:00</DepartureTime>
    </VehicleJourney>
    <VehicleJourney>
      <OperatorRef>EY</OperatorRef>
      <OperatingProfile>
        <RegularDayType>
          <DaysOfWeek>
            <Wednesday />
          </DaysOfWeek>
        </RegularDayType>
      </OperatingProfile>
      <VehicleJourneyCode>2433</VehicleJourneyCode>
      <ServiceRef>YEIO124</ServiceRef>
      <LineRef>0</LineRef>
      <JourneyPatternRef>JPS_YEIO124-8</JourneyPatternRef>
      <DepartureTime>13:00:00</DepartureTime>
    </VehicleJourney>
  </VehicleJourneys>
</TransXChange>