<?xml version="1.0" encoding="utf-8"?>
<TransXChange xmlns:xsd="http://www.w3.org/2001/XMLSchema" xmlns:xsi="http://www.w3.org/2001/XMLSchema-instance" xsi:schemaLocation="http://www.transxchange.org.uk/ http://www.transxchange.org.uk/schema/2.1/TransXChange_general.xsd" CreationDateTime="2017-09-18T09:34:00-00:00" ModificationDateTime="2017-09-18T09:34:00-00:00" Modification="new" RevisionNumber="0" FileName="SVRYEANMC6.xml" SchemaVersion="2.1" RegistrationDocument="false" xmlns="http://www.transxchange.org.uk/">
  <StopPoints>
    <AnnotatedStopPointRef>
      <StopPointRef>2200YEA00383</StopPointRef>
      <CommonName>Driffield St John's Road</CommonName>
    </AnnotatedStopPointRef>
    <AnnotatedStopPointRef>
      <StopPointRef>2200YEA00506</StopPointRef>
      <CommonName>Hutton Beverley Road</CommonName>
    </AnnotatedStopPointRef>
    <AnnotatedStopPointRef>
      <StopPointRef>2200YEA01048</StopPointRef>
      <CommonName>Garton Main Street</CommonName>
    </AnnotatedStopPointRef>
    <AnnotatedStopPointRef>
      <StopPointRef>2200YEA00522</StopPointRef>
      <CommonName>Sledmere B1253</CommonName>
    </AnnotatedStopPointRef>
    <AnnotatedStopPointRef>
      <StopPointRef>2200YEA01056</StopPointRef>
      <CommonName>Wetwang Main Street</CommonName>
    </AnnotatedStopPointRef>
    <AnnotatedStopPointRef>
      <StopPointRef>2200YEA01052</StopPointRef>
      <CommonName>Huggate Stocks Hill</CommonName>
    </AnnotatedStopPointRef>
    <AnnotatedStopPointRef>
      <StopPointRef>2200YEA00526</StopPointRef>
      <CommonName>Wetwang Main Street</CommonName>
    </AnnotatedStopPointRef>
    <AnnotatedStopPointRef>
      <StopPointRef>2200YEA01047</StopPointRef>
      <CommonName>Garton Main Street</CommonName>
    </AnnotatedStopPointRef>
  </StopPoints>
  <RouteSections>
    <RouteSection id="YEANMC6_002">
      <RouteLink id="YEANMC6_002_561">
        <From>
          <StopPointRef>2200YEA00383</StopPointRef>
        </From>
        <To>
          <StopPointRef>2200YEA00506</StopPointRef>
        </To>
        <Direction>inbound</Direction>
      </RouteLink>
      <RouteLink id="YEANMC6_002_562">
        <From>
          <StopPointRef>2200YEA00506</StopPointRef>
        </From>
        <To>
          <StopPointRef>2200YEA01048</StopPointRef>
        </To>
        <Direction>inbound</Direction>
      </RouteLink>
      <RouteLink id="YEANMC6_002_563">
        <From>
          <StopPointRef>2200YEA01048</StopPointRef>
        </From>
        <To>
          <StopPointRef>2200YEA00522</StopPointRef>
        </To>
        <Direction>inbound</Direction>
      </RouteLink>
      <RouteLink id="YEANMC6_002_564">
        <From>
          <StopPointRef>2200YEA00522</StopPointRef>
        </From>
        <To>
          <StopPointRef>2200YEA01056</StopPointRef>
        </To>
        <Direction>inbound</Direction>
      </RouteLink>
      <RouteLink id="YEANMC6_002_565">
        <From>
          <StopPointRef>2200YEA01056</StopPointRef>
        </From>
        <To>
          <StopPointRef>2200YEA01052</StopPointRef>
        </To>
        <Direction>inbound</Direction>
      </RouteLink>
    </RouteSection>
    <RouteSection id="YEANMC6_001">
      <RouteLink id="YEANMC6_001_573">
        <From>
          <StopPointRef>2200YEA01052</StopPointRef>
        </From>
        <To>
          <StopPointRef>2200YEA00526</StopPointRef>
        </To>
        <Direction>outbound</Direction>
      </RouteLink>
      <RouteLink id="YEANMC6_001_574">
        <From>
          <StopPointRef>2200YEA00526</StopPointRef>
        </From>
        <To>
          <StopPointRef>2200YEA00522</StopPointRef>
        </To>
        <Direction>outbound</Direction>
      </RouteLink>
      <RouteLink id="YEANMC6_001_575">
        <From>
          <StopPointRef>2200YEA00522</StopPointRef>
        </From>
        <To>
          <StopPointRef>2200YEA01047</StopPointRef>
        </To>
        <Direction>outbound</Direction>
      </RouteLink>
      <RouteLink id="YEANMC6_001_576">
        <From>
          <StopPointRef>2200YEA01047</StopPointRef>
        </From>
        <To>
          <StopPointRef>2200YEA00383</StopPointRef>
        </To>
        <Direction>outbound</Direction>
      </RouteLink>
    </RouteSection>
  </RouteSections>
  <Routes>
    <Route id="YEANMC6_002">
      <Description>Driffield - Huggate
</Description>
      <RouteSectionRef>YEANMC6_002</RouteSectionRef>
    </Route>
    <Route id="YEANMC6_001">
      <Description>Huggate - Driffield
</Description>
      <RouteSectionRef>YEANMC6_001</RouteSectionRef>
    </Route>
  </Routes>
  <JourneyPatternSections>
    <JourneyPatternSection id="JPS_YEANMC6-3">
      <JourneyPatternTimingLink id="JPS_YEANMC6-3_561">
        <From>
          <StopPointRef>2200YEA00383</StopPointRef>
          <TimingStatus>PTP</TimingStatus>
        </From>
        <To>
          <StopPointRef>2200YEA00506</StopPointRef>
          <TimingStatus>PTP</TimingStatus>
        </To>
        <RouteLinkRef>YEANMC6_002_561</RouteLinkRef>
        <Direction>inbound</Direction>
        <RunTime>PT600S</RunTime>
      </JourneyPatternTimingLink>
      <JourneyPatternTimingLink id="JPS_YEANMC6-3_562">
        <From>
          <StopPointRef>2200YEA00506</StopPointRef>
          <TimingStatus>PTP</TimingStatus>
        </From>
        <To>
          <StopPointRef>2200YEA01048</StopPointRef>
          <TimingStatus>PTP</TimingStatus>
        </To>
        <RouteLinkRef>YEANMC6_002_562</RouteLinkRef>
        <Direction>inbound</Direction>
        <RunTime>PT1800S</RunTime>
      </JourneyPatternTimingLink>
      <JourneyPatternTimingLink id="JPS_YEANMC6-3_563">
        <From>
          <StopPointRef>2200YEA01048</StopPointRef>
          <TimingStatus>PTP</TimingStatus>
        </From>
        <To>
          <StopPointRef>2200YEA00522</StopPointRef>
          <TimingStatus>PTP</TimingStatus>
        </To>
        <RouteLinkRef>YEANMC6_002_563</RouteLinkRef>
        <Direction>inbound</Direction>
        <RunTime>PT600S</RunTime>
      </JourneyPatternTimingLink>
      <JourneyPatternTimingLink id="JPS_YEANMC6-3_564">
        <From>
          <StopPointRef>2200YEA00522</StopPointRef>
          <TimingStatus>PTP</TimingStatus>
        </From>
        <To>
          <StopPointRef>2200YEA01056</StopPointRef>
          <TimingStatus>PTP</TimingStatus>
        </To>
        <RouteLinkRef>YEANMC6_002_564</RouteLinkRef>
        <Direction>inbound</Direction>
        <RunTime>PT900S</RunTime>
      </JourneyPatternTimingLink>
      <JourneyPatternTimingLink id="JPS_YEANMC6-3_565">
        <From>
          <StopPointRef>2200YEA01056</StopPointRef>
          <TimingStatus>PTP</TimingStatus>
        </From>
        <To>
          <StopPointRef>2200YEA01052</StopPointRef>
          <TimingStatus>PTP</TimingStatus>
        </To>
        <RouteLinkRef>YEANMC6_002_565</RouteLinkRef>
        <Direction>inbound</Direction>
        <RunTime>PT600S</RunTime>
      </JourneyPatternTimingLink>
    </JourneyPatternSection>
    <JourneyPatternSection id="JPS_YEANMC6-4">
      <JourneyPatternTimingLink id="JPS_YEANMC6-4_573">
        <From>
          <StopPointRef>2200YEA01052</StopPointRef>
          <TimingStatus>PTP</TimingStatus>
        </From>
        <To>
          <StopPointRef>2200YEA00526</StopPointRef>
          <TimingStatus>PTP</TimingStatus>
        </To>
        <RouteLinkRef>YEANMC6_001_573</RouteLinkRef>
        <Direction>outbound</Direction>
        <RunTime>PT900S</RunTime>
      </JourneyPatternTimingLink>
      <JourneyPatternTimingLink id="JPS_YEANMC6-4_574">
        <From>
          <StopPointRef>2200YEA00526</StopPointRef>
          <TimingStatus>PTP</TimingStatus>
        </From>
        <To>
          <StopPointRef>2200YEA00522</StopPointRef>
          <TimingStatus>PTP</TimingStatus>
        </To>
        <RouteLinkRef>YEANMC6_001_574</RouteLinkRef>
        <Direction>outbound</Direction>
        <RunTime>PT900S</RunTime>
      </JourneyPatternTimingLink>
      <JourneyPatternTimingLink id="JPS_YEANMC6-4_575">
        <From>
          <StopPointRef>2200YEA00522</StopPointRef>
          <TimingStatus>PTP</TimingStatus>
        </From>
        <To>
          <StopPointRef>2200YEA01047</StopPointRef>
          <TimingStatus>PTP</TimingStatus>
        </To>
        <RouteLinkRef>YEANMC6_001_575</RouteLinkRef>
        <Direction>outbound</Direction>
        <RunTime>PT600S</RunTime>
      </JourneyPatternTimingLink>
      <JourneyPatternTimingLink id="JPS_YEANMC6-4_576">
        <From>
          <StopPointRef>2200YEA01047</StopPointRef>
          <TimingStatus>PTP</TimingStatus>
        </From>
        <To>
          <StopPointRef>2200YEA00383</StopPointRef>
          <TimingStatus>PTP</TimingStatus>
        </To>
        <RouteLinkRef>YEANMC6_001_576</RouteLinkRef>
        <Direction>outbound</Direction>
        <RunTime>PT600S</RunTime>
      </JourneyPatternTimingLink>
    </JourneyPatternSection>
  </JourneyPatternSections>
  <Operators>
    <Operator id="NMC">
      <NationalOperatorCode>YNMC</NationalOperatorCode>
      <OperatorCode>NMC</OperatorCode>
      <OperatorShortName>Nafferton Millennium Com</OperatorShortName>
    </Operator>
  </Operators>
  <Services>
    <Service>
      <ServiceCode>YEANMC6</ServiceCode>
      <Lines>
        <Line id="0">
          <LineName>NMC6</LineName>
        </Line>
      </Lines>
      <OperatingPeriod>
        <StartDate>2014-03-18</StartDate>
      </OperatingPeriod>
      <RegisteredOperatorRef>NMC</RegisteredOperatorRef>
      <StopRequirements>
        <NoNewStopsRequired />
      </StopRequirements>
      <Mode>bus</Mode>
      <Description>Huggate - Driffield</Description>
      <StandardService>
        <Origin>Huggate</Origin>
        <Destination>Driffield</Destination>
        <JourneyPattern id="JPS_YEANMC6-3">
          <Direction>inbound</Direction>
          <JourneyPatternSectionRefs>JPS_YEANMC6-3</JourneyPatternSectionRefs>
        </JourneyPattern>
        <JourneyPattern id="JPS_YEANMC6-4">
          <Direction>outbound</Direction>
          <JourneyPatternSectionRefs>JPS_YEANMC6-4</JourneyPatternSectionRefs>
        </JourneyPattern>
      </StandardService>
    </Service>
  </Services>
  <VehicleJourneys>
    <VehicleJourney>
      <OperatorRef>NMC</OperatorRef>
      <OperatingProfile>
        <RegularDayType>
          <DaysOfWeek>
            <Thursday />
          </DaysOfWeek>
        </RegularDayType>
      </OperatingProfile>
      <VehicleJourneyCode>58</VehicleJourneyCode>
      <ServiceRef>YEANMC6</ServiceRef>
      <LineRef>0</LineRef>
      <JourneyPatternRef>JPS_YEANMC6-3</JourneyPatternRef>
      <Note>
        <NoteCode>R1</NoteCode>
        <NoteText>Ring 08456445949 to book your seat</NoteText>
      </Note>
      <DepartureTime>14:20:00</DepartureTime>
    </VehicleJourney>
    <VehicleJourney>
      <OperatorRef>NMC</OperatorRef>
      <OperatingProfile>
        <RegularDayType>
          <DaysOfWeek>
            <Thursday />
          </DaysOfWeek>
        </RegularDayType>
      </OperatingProfile>
      <VehicleJourneyCode>59</VehicleJourneyCode>
      <ServiceRef>YEANMC6</ServiceRef>
      <LineRef>0</LineRef>
      <JourneyPatternRef>JPS_YEANMC6-4</JourneyPatternRef>
      <Note>
        <NoteCode>R1</NoteCode>
        <NoteText>Ring 08456445949 to book your seat</NoteText>
      </Note>
      <DepartureTime>11:50:00</DepartureTime>
    </VehicleJourney>
  </VehicleJourneys>
</TransXChange>