<?xml version="1.0" encoding="utf-8"?>
<TransXChange xmlns:xsd="http://www.w3.org/2001/XMLSchema" xmlns:xsi="http://www.w3.org/2001/XMLSchema-instance" xsi:schemaLocation="http://www.transxchange.org.uk/ http://www.transxchange.org.uk/schema/2.1/TransXChange_general.xsd" CreationDateTime="2017-09-18T09:38:00-00:00" ModificationDateTime="2017-09-18T09:38:00-00:00" Modification="new" RevisionNumber="0" FileName="SVRYNAJKM0.xml" SchemaVersion="2.1" RegistrationDocument="false" xmlns="http://www.transxchange.org.uk/">
  <StopPoints>
    <AnnotatedStopPointRef>
      <StopPointRef>3200YND24420</StopPointRef>
      <CommonName>King Street</CommonName>
    </AnnotatedStopPointRef>
    <AnnotatedStopPointRef>
      <StopPointRef>3200YND24450</StopPointRef>
      <CommonName>Panorama Walk</CommonName>
    </AnnotatedStopPointRef>
    <AnnotatedStopPointRef>
      <StopPointRef>3200YND24460</StopPointRef>
      <CommonName>Panorama Way</CommonName>
    </AnnotatedStopPointRef>
    <AnnotatedStopPointRef>
      <StopPointRef>3200YND24470</StopPointRef>
      <CommonName>Lupton Bank Top</CommonName>
    </AnnotatedStopPointRef>
    <AnnotatedStopPointRef>
      <StopPointRef>3200YND24480</StopPointRef>
      <CommonName>Glasshouses Lane End</CommonName>
    </AnnotatedStopPointRef>
    <AnnotatedStopPointRef>
      <StopPointRef>3200YND24490</StopPointRef>
      <CommonName>The Raikes</CommonName>
    </AnnotatedStopPointRef>
    <AnnotatedStopPointRef>
      <StopPointRef>3200YND24500</StopPointRef>
      <CommonName>Low Laithe</CommonName>
    </AnnotatedStopPointRef>
    <AnnotatedStopPointRef>
      <StopPointRef>3200YND24350</StopPointRef>
      <CommonName>Well House Farm lane end</CommonName>
    </AnnotatedStopPointRef>
    <AnnotatedStopPointRef>
      <StopPointRef>3200YND24510</StopPointRef>
      <CommonName>Pudsey Terrace</CommonName>
    </AnnotatedStopPointRef>
    <AnnotatedStopPointRef>
      <StopPointRef>3200YND24520</StopPointRef>
      <CommonName>Furniss Builders</CommonName>
    </AnnotatedStopPointRef>
    <AnnotatedStopPointRef>
      <StopPointRef>3200YND24530</StopPointRef>
      <CommonName>Industrial Estate</CommonName>
    </AnnotatedStopPointRef>
    <AnnotatedStopPointRef>
      <StopPointRef>3200YND24540</StopPointRef>
      <CommonName>Nidd Terrace</CommonName>
    </AnnotatedStopPointRef>
    <AnnotatedStopPointRef>
      <StopPointRef>3200YND24550</StopPointRef>
      <CommonName>Flying Dutchman</CommonName>
    </AnnotatedStopPointRef>
    <AnnotatedStopPointRef>
      <StopPointRef>3200YND24290</StopPointRef>
      <CommonName>Church Avenue</CommonName>
    </AnnotatedStopPointRef>
    <AnnotatedStopPointRef>
      <StopPointRef>3200YND24280</StopPointRef>
      <CommonName>Medical Centre</CommonName>
    </AnnotatedStopPointRef>
    <AnnotatedStopPointRef>
      <StopPointRef>3200YND24580</StopPointRef>
      <CommonName>School Lane</CommonName>
    </AnnotatedStopPointRef>
    <AnnotatedStopPointRef>
      <StopPointRef>3200YND24590</StopPointRef>
      <CommonName>Providence Chapel</CommonName>
    </AnnotatedStopPointRef>
    <AnnotatedStopPointRef>
      <StopPointRef>3200YND24600</StopPointRef>
      <CommonName>Dairy Lane</CommonName>
    </AnnotatedStopPointRef>
    <AnnotatedStopPointRef>
      <StopPointRef>3200YND24610</StopPointRef>
      <CommonName>Hurst Hill Farm</CommonName>
    </AnnotatedStopPointRef>
    <AnnotatedStopPointRef>
      <StopPointRef>3200YND24620</StopPointRef>
      <CommonName>Darley Mill Centre</CommonName>
    </AnnotatedStopPointRef>
    <AnnotatedStopPointRef>
      <StopPointRef>3200YND24630</StopPointRef>
      <CommonName>Wellington Inn</CommonName>
    </AnnotatedStopPointRef>
    <AnnotatedStopPointRef>
      <StopPointRef>3200YND24640</StopPointRef>
      <CommonName>Field House</CommonName>
    </AnnotatedStopPointRef>
    <AnnotatedStopPointRef>
      <StopPointRef>3200YND24650</StopPointRef>
      <CommonName>The Stocks</CommonName>
    </AnnotatedStopPointRef>
    <AnnotatedStopPointRef>
      <StopPointRef>3200YND24660</StopPointRef>
      <CommonName>Low Green</CommonName>
    </AnnotatedStopPointRef>
    <AnnotatedStopPointRef>
      <StopPointRef>3200YND24670</StopPointRef>
      <CommonName>Silverdale Close</CommonName>
    </AnnotatedStopPointRef>
    <AnnotatedStopPointRef>
      <StopPointRef>3200YND24680</StopPointRef>
      <CommonName>Moke Hill</CommonName>
    </AnnotatedStopPointRef>
    <AnnotatedStopPointRef>
      <StopPointRef>3200YND24690</StopPointRef>
      <CommonName>Holme Farm</CommonName>
    </AnnotatedStopPointRef>
    <AnnotatedStopPointRef>
      <StopPointRef>3200YND24150</StopPointRef>
      <CommonName>Ross Bridge</CommonName>
    </AnnotatedStopPointRef>
    <AnnotatedStopPointRef>
      <StopPointRef>3200YND24710</StopPointRef>
      <CommonName>Fountains Bent</CommonName>
    </AnnotatedStopPointRef>
    <AnnotatedStopPointRef>
      <StopPointRef>3200YND24730</StopPointRef>
      <CommonName>Post Office</CommonName>
    </AnnotatedStopPointRef>
    <AnnotatedStopPointRef>
      <StopPointRef>3200YND24130</StopPointRef>
      <CommonName>Broomfield</CommonName>
    </AnnotatedStopPointRef>
    <AnnotatedStopPointRef>
      <StopPointRef>3200YND23240</StopPointRef>
      <CommonName>The New Inn</CommonName>
    </AnnotatedStopPointRef>
    <AnnotatedStopPointRef>
      <StopPointRef>3200YND23250</StopPointRef>
      <CommonName>Town Street</CommonName>
    </AnnotatedStopPointRef>
    <AnnotatedStopPointRef>
      <StopPointRef>3200YND23260</StopPointRef>
      <CommonName>Thornton Grove Farm</CommonName>
    </AnnotatedStopPointRef>
    <AnnotatedStopPointRef>
      <StopPointRef>3200YND23270</StopPointRef>
      <CommonName>Drovers Inn</CommonName>
    </AnnotatedStopPointRef>
    <AnnotatedStopPointRef>
      <StopPointRef>3200YND23280</StopPointRef>
      <CommonName>Hob Green</CommonName>
    </AnnotatedStopPointRef>
    <AnnotatedStopPointRef>
      <StopPointRef>3200YND23060</StopPointRef>
      <CommonName>School</CommonName>
    </AnnotatedStopPointRef>
    <AnnotatedStopPointRef>
      <StopPointRef>3200YND23050</StopPointRef>
      <CommonName>Village Hall</CommonName>
    </AnnotatedStopPointRef>
    <AnnotatedStopPointRef>
      <StopPointRef>3200YND23230</StopPointRef>
      <CommonName>Markington Hall</CommonName>
    </AnnotatedStopPointRef>
    <AnnotatedStopPointRef>
      <StopPointRef>3200YND24870</StopPointRef>
      <CommonName>Waterloo House</CommonName>
    </AnnotatedStopPointRef>
    <AnnotatedStopPointRef>
      <StopPointRef>3200YND24880</StopPointRef>
      <CommonName>Monkton Garden Centre</CommonName>
    </AnnotatedStopPointRef>
    <AnnotatedStopPointRef>
      <StopPointRef>3200YND12720</StopPointRef>
      <CommonName>Bishop Monkton Crossroads</CommonName>
    </AnnotatedStopPointRef>
    <AnnotatedStopPointRef>
      <StopPointRef>3200YND12730</StopPointRef>
      <CommonName>Hollins Hall</CommonName>
    </AnnotatedStopPointRef>
    <AnnotatedStopPointRef>
      <StopPointRef>3200YND12740</StopPointRef>
      <CommonName>Quarry Moor Park</CommonName>
    </AnnotatedStopPointRef>
    <AnnotatedStopPointRef>
      <StopPointRef>3200YND12750</StopPointRef>
      <CommonName>Wheatsheaf PH</CommonName>
    </AnnotatedStopPointRef>
    <AnnotatedStopPointRef>
      <StopPointRef>3200YND12760</StopPointRef>
      <CommonName>Moorside Dale</CommonName>
    </AnnotatedStopPointRef>
    <AnnotatedStopPointRef>
      <StopPointRef>3200YND12770</StopPointRef>
      <CommonName>Lead Lane</CommonName>
    </AnnotatedStopPointRef>
    <AnnotatedStopPointRef>
      <StopPointRef>3200YNA91167</StopPointRef>
      <CommonName>South Lodge</CommonName>
    </AnnotatedStopPointRef>
    <AnnotatedStopPointRef>
      <StopPointRef>3200YNB01227</StopPointRef>
      <CommonName>Borrage Bridge</CommonName>
    </AnnotatedStopPointRef>
    <AnnotatedStopPointRef>
      <StopPointRef>3200YNA96535</StopPointRef>
      <CommonName>Bus Station Stand 4</CommonName>
    </AnnotatedStopPointRef>
    <AnnotatedStopPointRef>
      <StopPointRef>3200YNA91142</StopPointRef>
      <CommonName>Borrage Bridge</CommonName>
    </AnnotatedStopPointRef>
    <AnnotatedStopPointRef>
      <StopPointRef>3200YNA91143</StopPointRef>
      <CommonName>South Lodge</CommonName>
    </AnnotatedStopPointRef>
    <AnnotatedStopPointRef>
      <StopPointRef>3200YND12840</StopPointRef>
      <CommonName>Lead Lane</CommonName>
    </AnnotatedStopPointRef>
    <AnnotatedStopPointRef>
      <StopPointRef>3200YND12850</StopPointRef>
      <CommonName>Moorside Dale</CommonName>
    </AnnotatedStopPointRef>
    <AnnotatedStopPointRef>
      <StopPointRef>3200YND12860</StopPointRef>
      <CommonName>Wheatsheaf PH</CommonName>
    </AnnotatedStopPointRef>
    <AnnotatedStopPointRef>
      <StopPointRef>3200YND12870</StopPointRef>
      <CommonName>Quarry Moor Park</CommonName>
    </AnnotatedStopPointRef>
    <AnnotatedStopPointRef>
      <StopPointRef>3200YND12880</StopPointRef>
      <CommonName>Hollins Cottages</CommonName>
    </AnnotatedStopPointRef>
    <AnnotatedStopPointRef>
      <StopPointRef>3200YND23010</StopPointRef>
      <CommonName>Monkton Garden Centre</CommonName>
    </AnnotatedStopPointRef>
    <AnnotatedStopPointRef>
      <StopPointRef>3200YND23020</StopPointRef>
      <CommonName>Waterloo House</CommonName>
    </AnnotatedStopPointRef>
    <AnnotatedStopPointRef>
      <StopPointRef>3200YND23040</StopPointRef>
      <CommonName>Markington Hall</CommonName>
    </AnnotatedStopPointRef>
    <AnnotatedStopPointRef>
      <StopPointRef>3200YND23220</StopPointRef>
      <CommonName>Village Hall</CommonName>
    </AnnotatedStopPointRef>
    <AnnotatedStopPointRef>
      <StopPointRef>3200YND23290</StopPointRef>
      <CommonName>School</CommonName>
    </AnnotatedStopPointRef>
    <AnnotatedStopPointRef>
      <StopPointRef>3200YND23070</StopPointRef>
      <CommonName>Hob Green</CommonName>
    </AnnotatedStopPointRef>
    <AnnotatedStopPointRef>
      <StopPointRef>3200YND23080</StopPointRef>
      <CommonName>Drovers Inn</CommonName>
    </AnnotatedStopPointRef>
    <AnnotatedStopPointRef>
      <StopPointRef>3200YND23090</StopPointRef>
      <CommonName>Thornton Grove Farm</CommonName>
    </AnnotatedStopPointRef>
    <AnnotatedStopPointRef>
      <StopPointRef>3200YND23100</StopPointRef>
      <CommonName>Holly Beck House</CommonName>
    </AnnotatedStopPointRef>
    <AnnotatedStopPointRef>
      <StopPointRef>3200YND23110</StopPointRef>
      <CommonName>The New Inn</CommonName>
    </AnnotatedStopPointRef>
    <AnnotatedStopPointRef>
      <StopPointRef>3200YNE04802</StopPointRef>
      <CommonName>Broomfield</CommonName>
    </AnnotatedStopPointRef>
    <AnnotatedStopPointRef>
      <StopPointRef>3200YND24120</StopPointRef>
      <CommonName>Post Office</CommonName>
    </AnnotatedStopPointRef>
    <AnnotatedStopPointRef>
      <StopPointRef>3200YND24140</StopPointRef>
      <CommonName>Fountains Bent</CommonName>
    </AnnotatedStopPointRef>
    <AnnotatedStopPointRef>
      <StopPointRef>3200YND24700</StopPointRef>
      <CommonName>Ross Bridge</CommonName>
    </AnnotatedStopPointRef>
    <AnnotatedStopPointRef>
      <StopPointRef>3200YND24160</StopPointRef>
      <CommonName>Holme Farm</CommonName>
    </AnnotatedStopPointRef>
    <AnnotatedStopPointRef>
      <StopPointRef>3200YND24170</StopPointRef>
      <CommonName>Moke Hill</CommonName>
    </AnnotatedStopPointRef>
    <AnnotatedStopPointRef>
      <StopPointRef>3200YND24180</StopPointRef>
      <CommonName>Post Office</CommonName>
    </AnnotatedStopPointRef>
    <AnnotatedStopPointRef>
      <StopPointRef>3200YND24190</StopPointRef>
      <CommonName>Low Green</CommonName>
    </AnnotatedStopPointRef>
    <AnnotatedStopPointRef>
      <StopPointRef>3200YND24200</StopPointRef>
      <CommonName>Walker Lane</CommonName>
    </AnnotatedStopPointRef>
    <AnnotatedStopPointRef>
      <StopPointRef>3200YND24210</StopPointRef>
      <CommonName>Darley House</CommonName>
    </AnnotatedStopPointRef>
    <AnnotatedStopPointRef>
      <StopPointRef>3200YND24220</StopPointRef>
      <CommonName>Wellington Inn</CommonName>
    </AnnotatedStopPointRef>
    <AnnotatedStopPointRef>
      <StopPointRef>3200YND24230</StopPointRef>
      <CommonName>Darley Mill Centre</CommonName>
    </AnnotatedStopPointRef>
    <AnnotatedStopPointRef>
      <StopPointRef>3200YND24240</StopPointRef>
      <CommonName>Hurst Hill Farm</CommonName>
    </AnnotatedStopPointRef>
    <AnnotatedStopPointRef>
      <StopPointRef>3200YND24250</StopPointRef>
      <CommonName>Dairy Lane</CommonName>
    </AnnotatedStopPointRef>
    <AnnotatedStopPointRef>
      <StopPointRef>3200YND24260</StopPointRef>
      <CommonName>Providence Chapel</CommonName>
    </AnnotatedStopPointRef>
    <AnnotatedStopPointRef>
      <StopPointRef>3200YND24270</StopPointRef>
      <CommonName>School Lane</CommonName>
    </AnnotatedStopPointRef>
    <AnnotatedStopPointRef>
      <StopPointRef>3200YND24570</StopPointRef>
      <CommonName>Medical Centre</CommonName>
    </AnnotatedStopPointRef>
    <AnnotatedStopPointRef>
      <StopPointRef>3200YND24560</StopPointRef>
      <CommonName>Church Avenue</CommonName>
    </AnnotatedStopPointRef>
    <AnnotatedStopPointRef>
      <StopPointRef>3200YND24300</StopPointRef>
      <CommonName>Flying Dutchman</CommonName>
    </AnnotatedStopPointRef>
    <AnnotatedStopPointRef>
      <StopPointRef>3200YND24310</StopPointRef>
      <CommonName>Nidd Terrace</CommonName>
    </AnnotatedStopPointRef>
    <AnnotatedStopPointRef>
      <StopPointRef>3200YND24320</StopPointRef>
      <CommonName>Industrial Estate</CommonName>
    </AnnotatedStopPointRef>
    <AnnotatedStopPointRef>
      <StopPointRef>3200YND24330</StopPointRef>
      <CommonName>Furniss Builders</CommonName>
    </AnnotatedStopPointRef>
    <AnnotatedStopPointRef>
      <StopPointRef>3200YND24340</StopPointRef>
      <CommonName>Pudsey Terrace</CommonName>
    </AnnotatedStopPointRef>
    <AnnotatedStopPointRef>
      <StopPointRef>3200YND24360</StopPointRef>
      <CommonName>Low Laithe</CommonName>
    </AnnotatedStopPointRef>
    <AnnotatedStopPointRef>
      <StopPointRef>3200YND24370</StopPointRef>
      <CommonName>The Raikes</CommonName>
    </AnnotatedStopPointRef>
    <AnnotatedStopPointRef>
      <StopPointRef>3200YND24380</StopPointRef>
      <CommonName>Glasshouses Lane End</CommonName>
    </AnnotatedStopPointRef>
    <AnnotatedStopPointRef>
      <StopPointRef>3200YND24390</StopPointRef>
      <CommonName>Lupton Bank Top</CommonName>
    </AnnotatedStopPointRef>
    <AnnotatedStopPointRef>
      <StopPointRef>3200YND24400</StopPointRef>
      <CommonName>Panorama Way</CommonName>
    </AnnotatedStopPointRef>
    <AnnotatedStopPointRef>
      <StopPointRef>3200YND24410</StopPointRef>
      <CommonName>Panorama Walk</CommonName>
    </AnnotatedStopPointRef>
  </StopPoints>
  <RouteSections>
    <RouteSection id="YNAJKM0_001">
      <RouteLink id="YNAJKM0_001_27334">
        <From>
          <StopPointRef>3200YND24420</StopPointRef>
        </From>
        <To>
          <StopPointRef>3200YND24450</StopPointRef>
        </To>
        <Direction>outbound</Direction>
      </RouteLink>
      <RouteLink id="YNAJKM0_001_27335">
        <From>
          <StopPointRef>3200YND24450</StopPointRef>
        </From>
        <To>
          <StopPointRef>3200YND24460</StopPointRef>
        </To>
        <Direction>outbound</Direction>
      </RouteLink>
      <RouteLink id="YNAJKM0_001_27336">
        <From>
          <StopPointRef>3200YND24460</StopPointRef>
        </From>
        <To>
          <StopPointRef>3200YND24470</StopPointRef>
        </To>
        <Direction>outbound</Direction>
      </RouteLink>
      <RouteLink id="YNAJKM0_001_27337">
        <From>
          <StopPointRef>3200YND24470</StopPointRef>
        </From>
        <To>
          <StopPointRef>3200YND24480</StopPointRef>
        </To>
        <Direction>outbound</Direction>
      </RouteLink>
      <RouteLink id="YNAJKM0_001_27338">
        <From>
          <StopPointRef>3200YND24480</StopPointRef>
        </From>
        <To>
          <StopPointRef>3200YND24490</StopPointRef>
        </To>
        <Direction>outbound</Direction>
      </RouteLink>
      <RouteLink id="YNAJKM0_001_27339">
        <From>
          <StopPointRef>3200YND24490</StopPointRef>
        </From>
        <To>
          <StopPointRef>3200YND24500</StopPointRef>
        </To>
        <Direction>outbound</Direction>
      </RouteLink>
      <RouteLink id="YNAJKM0_001_27340">
        <From>
          <StopPointRef>3200YND24500</StopPointRef>
        </From>
        <To>
          <StopPointRef>3200YND24350</StopPointRef>
        </To>
        <Direction>outbound</Direction>
      </RouteLink>
      <RouteLink id="YNAJKM0_001_27341">
        <From>
          <StopPointRef>3200YND24350</StopPointRef>
        </From>
        <To>
          <StopPointRef>3200YND24510</StopPointRef>
        </To>
        <Direction>outbound</Direction>
      </RouteLink>
      <RouteLink id="YNAJKM0_001_27342">
        <From>
          <StopPointRef>3200YND24510</StopPointRef>
        </From>
        <To>
          <StopPointRef>3200YND24520</StopPointRef>
        </To>
        <Direction>outbound</Direction>
      </RouteLink>
      <RouteLink id="YNAJKM0_001_27343">
        <From>
          <StopPointRef>3200YND24520</StopPointRef>
        </From>
        <To>
          <StopPointRef>3200YND24530</StopPointRef>
        </To>
        <Direction>outbound</Direction>
      </RouteLink>
      <RouteLink id="YNAJKM0_001_27344">
        <From>
          <StopPointRef>3200YND24530</StopPointRef>
        </From>
        <To>
          <StopPointRef>3200YND24540</StopPointRef>
        </To>
        <Direction>outbound</Direction>
      </RouteLink>
      <RouteLink id="YNAJKM0_001_27345">
        <From>
          <StopPointRef>3200YND24540</StopPointRef>
        </From>
        <To>
          <StopPointRef>3200YND24550</StopPointRef>
        </To>
        <Direction>outbound</Direction>
      </RouteLink>
      <RouteLink id="YNAJKM0_001_27346">
        <From>
          <StopPointRef>3200YND24550</StopPointRef>
        </From>
        <To>
          <StopPointRef>3200YND24290</StopPointRef>
        </To>
        <Direction>outbound</Direction>
      </RouteLink>
      <RouteLink id="YNAJKM0_001_27347">
        <From>
          <StopPointRef>3200YND24290</StopPointRef>
        </From>
        <To>
          <StopPointRef>3200YND24280</StopPointRef>
        </To>
        <Direction>outbound</Direction>
      </RouteLink>
      <RouteLink id="YNAJKM0_001_27348">
        <From>
          <StopPointRef>3200YND24280</StopPointRef>
        </From>
        <To>
          <StopPointRef>3200YND24580</StopPointRef>
        </To>
        <Direction>outbound</Direction>
      </RouteLink>
      <RouteLink id="YNAJKM0_001_27349">
        <From>
          <StopPointRef>3200YND24580</StopPointRef>
        </From>
        <To>
          <StopPointRef>3200YND24590</StopPointRef>
        </To>
        <Direction>outbound</Direction>
      </RouteLink>
      <RouteLink id="YNAJKM0_001_27350">
        <From>
          <StopPointRef>3200YND24590</StopPointRef>
        </From>
        <To>
          <StopPointRef>3200YND24600</StopPointRef>
        </To>
        <Direction>outbound</Direction>
      </RouteLink>
      <RouteLink id="YNAJKM0_001_27351">
        <From>
          <StopPointRef>3200YND24600</StopPointRef>
        </From>
        <To>
          <StopPointRef>3200YND24610</StopPointRef>
        </To>
        <Direction>outbound</Direction>
      </RouteLink>
      <RouteLink id="YNAJKM0_001_27352">
        <From>
          <StopPointRef>3200YND24610</StopPointRef>
        </From>
        <To>
          <StopPointRef>3200YND24620</StopPointRef>
        </To>
        <Direction>outbound</Direction>
      </RouteLink>
      <RouteLink id="YNAJKM0_001_27353">
        <From>
          <StopPointRef>3200YND24620</StopPointRef>
        </From>
        <To>
          <StopPointRef>3200YND24630</StopPointRef>
        </To>
        <Direction>outbound</Direction>
      </RouteLink>
      <RouteLink id="YNAJKM0_001_27354">
        <From>
          <StopPointRef>3200YND24630</StopPointRef>
        </From>
        <To>
          <StopPointRef>3200YND24640</StopPointRef>
        </To>
        <Direction>outbound</Direction>
      </RouteLink>
      <RouteLink id="YNAJKM0_001_27355">
        <From>
          <StopPointRef>3200YND24640</StopPointRef>
        </From>
        <To>
          <StopPointRef>3200YND24650</StopPointRef>
        </To>
        <Direction>outbound</Direction>
      </RouteLink>
      <RouteLink id="YNAJKM0_001_27356">
        <From>
          <StopPointRef>3200YND24650</StopPointRef>
        </From>
        <To>
          <StopPointRef>3200YND24660</StopPointRef>
        </To>
        <Direction>outbound</Direction>
      </RouteLink>
      <RouteLink id="YNAJKM0_001_27357">
        <From>
          <StopPointRef>3200YND24660</StopPointRef>
        </From>
        <To>
          <StopPointRef>3200YND24670</StopPointRef>
        </To>
        <Direction>outbound</Direction>
      </RouteLink>
      <RouteLink id="YNAJKM0_001_27358">
        <From>
          <StopPointRef>3200YND24670</StopPointRef>
        </From>
        <To>
          <StopPointRef>3200YND24680</StopPointRef>
        </To>
        <Direction>outbound</Direction>
      </RouteLink>
      <RouteLink id="YNAJKM0_001_27359">
        <From>
          <StopPointRef>3200YND24680</StopPointRef>
        </From>
        <To>
          <StopPointRef>3200YND24690</StopPointRef>
        </To>
        <Direction>outbound</Direction>
      </RouteLink>
      <RouteLink id="YNAJKM0_001_27360">
        <From>
          <StopPointRef>3200YND24690</StopPointRef>
        </From>
        <To>
          <StopPointRef>3200YND24150</StopPointRef>
        </To>
        <Direction>outbound</Direction>
      </RouteLink>
      <RouteLink id="YNAJKM0_001_27361">
        <From>
          <StopPointRef>3200YND24150</StopPointRef>
        </From>
        <To>
          <StopPointRef>3200YND24710</StopPointRef>
        </To>
        <Direction>outbound</Direction>
      </RouteLink>
      <RouteLink id="YNAJKM0_001_27362">
        <From>
          <StopPointRef>3200YND24710</StopPointRef>
        </From>
        <To>
          <StopPointRef>3200YND24730</StopPointRef>
        </To>
        <Direction>outbound</Direction>
      </RouteLink>
      <RouteLink id="YNAJKM0_001_27363">
        <From>
          <StopPointRef>3200YND24730</StopPointRef>
        </From>
        <To>
          <StopPointRef>3200YND24130</StopPointRef>
        </To>
        <Direction>outbound</Direction>
      </RouteLink>
      <RouteLink id="YNAJKM0_001_27364">
        <From>
          <StopPointRef>3200YND24130</StopPointRef>
        </From>
        <To>
          <StopPointRef>3200YND23240</StopPointRef>
        </To>
        <Direction>outbound</Direction>
      </RouteLink>
      <RouteLink id="YNAJKM0_001_27365">
        <From>
          <StopPointRef>3200YND23240</StopPointRef>
        </From>
        <To>
          <StopPointRef>3200YND23250</StopPointRef>
        </To>
        <Direction>outbound</Direction>
      </RouteLink>
      <RouteLink id="YNAJKM0_001_27366">
        <From>
          <StopPointRef>3200YND23250</StopPointRef>
        </From>
        <To>
          <StopPointRef>3200YND23260</StopPointRef>
        </To>
        <Direction>outbound</Direction>
      </RouteLink>
      <RouteLink id="YNAJKM0_001_27367">
        <From>
          <StopPointRef>3200YND23260</StopPointRef>
        </From>
        <To>
          <StopPointRef>3200YND23270</StopPointRef>
        </To>
        <Direction>outbound</Direction>
      </RouteLink>
      <RouteLink id="YNAJKM0_001_27368">
        <From>
          <StopPointRef>3200YND23270</StopPointRef>
        </From>
        <To>
          <StopPointRef>3200YND23280</StopPointRef>
        </To>
        <Direction>outbound</Direction>
      </RouteLink>
      <RouteLink id="YNAJKM0_001_27369">
        <From>
          <StopPointRef>3200YND23280</StopPointRef>
        </From>
        <To>
          <StopPointRef>3200YND23060</StopPointRef>
        </To>
        <Direction>outbound</Direction>
      </RouteLink>
      <RouteLink id="YNAJKM0_001_27370">
        <From>
          <StopPointRef>3200YND23060</StopPointRef>
        </From>
        <To>
          <StopPointRef>3200YND23050</StopPointRef>
        </To>
        <Direction>outbound</Direction>
      </RouteLink>
      <RouteLink id="YNAJKM0_001_27371">
        <From>
          <StopPointRef>3200YND23050</StopPointRef>
        </From>
        <To>
          <StopPointRef>3200YND23230</StopPointRef>
        </To>
        <Direction>outbound</Direction>
      </RouteLink>
      <RouteLink id="YNAJKM0_001_27372">
        <From>
          <StopPointRef>3200YND23230</StopPointRef>
        </From>
        <To>
          <StopPointRef>3200YND24870</StopPointRef>
        </To>
        <Direction>outbound</Direction>
      </RouteLink>
      <RouteLink id="YNAJKM0_001_27373">
        <From>
          <StopPointRef>3200YND24870</StopPointRef>
        </From>
        <To>
          <StopPointRef>3200YND24880</StopPointRef>
        </To>
        <Direction>outbound</Direction>
      </RouteLink>
      <RouteLink id="YNAJKM0_001_27374">
        <From>
          <StopPointRef>3200YND24880</StopPointRef>
        </From>
        <To>
          <StopPointRef>3200YND12720</StopPointRef>
        </To>
        <Direction>outbound</Direction>
      </RouteLink>
      <RouteLink id="YNAJKM0_001_27375">
        <From>
          <StopPointRef>3200YND12720</StopPointRef>
        </From>
        <To>
          <StopPointRef>3200YND12730</StopPointRef>
        </To>
        <Direction>outbound</Direction>
      </RouteLink>
      <RouteLink id="YNAJKM0_001_27376">
        <From>
          <StopPointRef>3200YND12730</StopPointRef>
        </From>
        <To>
          <StopPointRef>3200YND12740</StopPointRef>
        </To>
        <Direction>outbound</Direction>
      </RouteLink>
      <RouteLink id="YNAJKM0_001_27377">
        <From>
          <StopPointRef>3200YND12740</StopPointRef>
        </From>
        <To>
          <StopPointRef>3200YND12750</StopPointRef>
        </To>
        <Direction>outbound</Direction>
      </RouteLink>
      <RouteLink id="YNAJKM0_001_27378">
        <From>
          <StopPointRef>3200YND12750</StopPointRef>
        </From>
        <To>
          <StopPointRef>3200YND12760</StopPointRef>
        </To>
        <Direction>outbound</Direction>
      </RouteLink>
      <RouteLink id="YNAJKM0_001_27379">
        <From>
          <StopPointRef>3200YND12760</StopPointRef>
        </From>
        <To>
          <StopPointRef>3200YND12770</StopPointRef>
        </To>
        <Direction>outbound</Direction>
      </RouteLink>
      <RouteLink id="YNAJKM0_001_27380">
        <From>
          <StopPointRef>3200YND12770</StopPointRef>
        </From>
        <To>
          <StopPointRef>3200YNA91167</StopPointRef>
        </To>
        <Direction>outbound</Direction>
      </RouteLink>
      <RouteLink id="YNAJKM0_001_27381">
        <From>
          <StopPointRef>3200YNA91167</StopPointRef>
        </From>
        <To>
          <StopPointRef>3200YNB01227</StopPointRef>
        </To>
        <Direction>outbound</Direction>
      </RouteLink>
      <RouteLink id="YNAJKM0_001_27382">
        <From>
          <StopPointRef>3200YNB01227</StopPointRef>
        </From>
        <To>
          <StopPointRef>3200YNA96535</StopPointRef>
        </To>
        <Direction>outbound</Direction>
      </RouteLink>
    </RouteSection>
    <RouteSection id="YNAJKM0_002">
      <RouteLink id="YNAJKM0_002_27384">
        <From>
          <StopPointRef>3200YNA96535</StopPointRef>
        </From>
        <To>
          <StopPointRef>3200YNA91142</StopPointRef>
        </To>
        <Direction>inbound</Direction>
      </RouteLink>
      <RouteLink id="YNAJKM0_002_27385">
        <From>
          <StopPointRef>3200YNA91142</StopPointRef>
        </From>
        <To>
          <StopPointRef>3200YNA91143</StopPointRef>
        </To>
        <Direction>inbound</Direction>
      </RouteLink>
      <RouteLink id="YNAJKM0_002_27386">
        <From>
          <StopPointRef>3200YNA91143</StopPointRef>
        </From>
        <To>
          <StopPointRef>3200YND12840</StopPointRef>
        </To>
        <Direction>inbound</Direction>
      </RouteLink>
      <RouteLink id="YNAJKM0_002_27387">
        <From>
          <StopPointRef>3200YND12840</StopPointRef>
        </From>
        <To>
          <StopPointRef>3200YND12850</StopPointRef>
        </To>
        <Direction>inbound</Direction>
      </RouteLink>
      <RouteLink id="YNAJKM0_002_27388">
        <From>
          <StopPointRef>3200YND12850</StopPointRef>
        </From>
        <To>
          <StopPointRef>3200YND12860</StopPointRef>
        </To>
        <Direction>inbound</Direction>
      </RouteLink>
      <RouteLink id="YNAJKM0_002_27389">
        <From>
          <StopPointRef>3200YND12860</StopPointRef>
        </From>
        <To>
          <StopPointRef>3200YND12870</StopPointRef>
        </To>
        <Direction>inbound</Direction>
      </RouteLink>
      <RouteLink id="YNAJKM0_002_27390">
        <From>
          <StopPointRef>3200YND12870</StopPointRef>
        </From>
        <To>
          <StopPointRef>3200YND12880</StopPointRef>
        </To>
        <Direction>inbound</Direction>
      </RouteLink>
      <RouteLink id="YNAJKM0_002_27391">
        <From>
          <StopPointRef>3200YND12880</StopPointRef>
        </From>
        <To>
          <StopPointRef>3200YND23010</StopPointRef>
        </To>
        <Direction>inbound</Direction>
      </RouteLink>
      <RouteLink id="YNAJKM0_002_27392">
        <From>
          <StopPointRef>3200YND23010</StopPointRef>
        </From>
        <To>
          <StopPointRef>3200YND23020</StopPointRef>
        </To>
        <Direction>inbound</Direction>
      </RouteLink>
      <RouteLink id="YNAJKM0_002_27393">
        <From>
          <StopPointRef>3200YND23020</StopPointRef>
        </From>
        <To>
          <StopPointRef>3200YND23040</StopPointRef>
        </To>
        <Direction>inbound</Direction>
      </RouteLink>
      <RouteLink id="YNAJKM0_002_27394">
        <From>
          <StopPointRef>3200YND23040</StopPointRef>
        </From>
        <To>
          <StopPointRef>3200YND23220</StopPointRef>
        </To>
        <Direction>inbound</Direction>
      </RouteLink>
      <RouteLink id="YNAJKM0_002_27395">
        <From>
          <StopPointRef>3200YND23220</StopPointRef>
        </From>
        <To>
          <StopPointRef>3200YND23290</StopPointRef>
        </To>
        <Direction>inbound</Direction>
      </RouteLink>
      <RouteLink id="YNAJKM0_002_27396">
        <From>
          <StopPointRef>3200YND23290</StopPointRef>
        </From>
        <To>
          <StopPointRef>3200YND23070</StopPointRef>
        </To>
        <Direction>inbound</Direction>
      </RouteLink>
      <RouteLink id="YNAJKM0_002_27397">
        <From>
          <StopPointRef>3200YND23070</StopPointRef>
        </From>
        <To>
          <StopPointRef>3200YND23080</StopPointRef>
        </To>
        <Direction>inbound</Direction>
      </RouteLink>
      <RouteLink id="YNAJKM0_002_27398">
        <From>
          <StopPointRef>3200YND23080</StopPointRef>
        </From>
        <To>
          <StopPointRef>3200YND23090</StopPointRef>
        </To>
        <Direction>inbound</Direction>
      </RouteLink>
      <RouteLink id="YNAJKM0_002_27399">
        <From>
          <StopPointRef>3200YND23090</StopPointRef>
        </From>
        <To>
          <StopPointRef>3200YND23100</StopPointRef>
        </To>
        <Direction>inbound</Direction>
      </RouteLink>
      <RouteLink id="YNAJKM0_002_27400">
        <From>
          <StopPointRef>3200YND23100</StopPointRef>
        </From>
        <To>
          <StopPointRef>3200YND23110</StopPointRef>
        </To>
        <Direction>inbound</Direction>
      </RouteLink>
      <RouteLink id="YNAJKM0_002_27401">
        <From>
          <StopPointRef>3200YND23110</StopPointRef>
        </From>
        <To>
          <StopPointRef>3200YNE04802</StopPointRef>
        </To>
        <Direction>inbound</Direction>
      </RouteLink>
      <RouteLink id="YNAJKM0_002_27402">
        <From>
          <StopPointRef>3200YNE04802</StopPointRef>
        </From>
        <To>
          <StopPointRef>3200YND24120</StopPointRef>
        </To>
        <Direction>inbound</Direction>
      </RouteLink>
      <RouteLink id="YNAJKM0_002_27403">
        <From>
          <StopPointRef>3200YND24120</StopPointRef>
        </From>
        <To>
          <StopPointRef>3200YND24140</StopPointRef>
        </To>
        <Direction>inbound</Direction>
      </RouteLink>
      <RouteLink id="YNAJKM0_002_27404">
        <From>
          <StopPointRef>3200YND24140</StopPointRef>
        </From>
        <To>
          <StopPointRef>3200YND24700</StopPointRef>
        </To>
        <Direction>inbound</Direction>
      </RouteLink>
      <RouteLink id="YNAJKM0_002_27405">
        <From>
          <StopPointRef>3200YND24700</StopPointRef>
        </From>
        <To>
          <StopPointRef>3200YND24160</StopPointRef>
        </To>
        <Direction>inbound</Direction>
      </RouteLink>
      <RouteLink id="YNAJKM0_002_27406">
        <From>
          <StopPointRef>3200YND24160</StopPointRef>
        </From>
        <To>
          <StopPointRef>3200YND24170</StopPointRef>
        </To>
        <Direction>inbound</Direction>
      </RouteLink>
      <RouteLink id="YNAJKM0_002_27407">
        <From>
          <StopPointRef>3200YND24170</StopPointRef>
        </From>
        <To>
          <StopPointRef>3200YND24180</StopPointRef>
        </To>
        <Direction>inbound</Direction>
      </RouteLink>
      <RouteLink id="YNAJKM0_002_27408">
        <From>
          <StopPointRef>3200YND24180</StopPointRef>
        </From>
        <To>
          <StopPointRef>3200YND24190</StopPointRef>
        </To>
        <Direction>inbound</Direction>
      </RouteLink>
      <RouteLink id="YNAJKM0_002_27409">
        <From>
          <StopPointRef>3200YND24190</StopPointRef>
        </From>
        <To>
          <StopPointRef>3200YND24200</StopPointRef>
        </To>
        <Direction>inbound</Direction>
      </RouteLink>
      <RouteLink id="YNAJKM0_002_27410">
        <From>
          <StopPointRef>3200YND24200</StopPointRef>
        </From>
        <To>
          <StopPointRef>3200YND24210</StopPointRef>
        </To>
        <Direction>inbound</Direction>
      </RouteLink>
      <RouteLink id="YNAJKM0_002_27411">
        <From>
          <StopPointRef>3200YND24210</StopPointRef>
        </From>
        <To>
          <StopPointRef>3200YND24220</StopPointRef>
        </To>
        <Direction>inbound</Direction>
      </RouteLink>
      <RouteLink id="YNAJKM0_002_27412">
        <From>
          <StopPointRef>3200YND24220</StopPointRef>
        </From>
        <To>
          <StopPointRef>3200YND24230</StopPointRef>
        </To>
        <Direction>inbound</Direction>
      </RouteLink>
      <RouteLink id="YNAJKM0_002_27413">
        <From>
          <StopPointRef>3200YND24230</StopPointRef>
        </From>
        <To>
          <StopPointRef>3200YND24240</StopPointRef>
        </To>
        <Direction>inbound</Direction>
      </RouteLink>
      <RouteLink id="YNAJKM0_002_27414">
        <From>
          <StopPointRef>3200YND24240</StopPointRef>
        </From>
        <To>
          <StopPointRef>3200YND24250</StopPointRef>
        </To>
        <Direction>inbound</Direction>
      </RouteLink>
      <RouteLink id="YNAJKM0_002_27415">
        <From>
          <StopPointRef>3200YND24250</StopPointRef>
        </From>
        <To>
          <StopPointRef>3200YND24260</StopPointRef>
        </To>
        <Direction>inbound</Direction>
      </RouteLink>
      <RouteLink id="YNAJKM0_002_27416">
        <From>
          <StopPointRef>3200YND24260</StopPointRef>
        </From>
        <To>
          <StopPointRef>3200YND24270</StopPointRef>
        </To>
        <Direction>inbound</Direction>
      </RouteLink>
      <RouteLink id="YNAJKM0_002_27417">
        <From>
          <StopPointRef>3200YND24270</StopPointRef>
        </From>
        <To>
          <StopPointRef>3200YND24570</StopPointRef>
        </To>
        <Direction>inbound</Direction>
      </RouteLink>
      <RouteLink id="YNAJKM0_002_27418">
        <From>
          <StopPointRef>3200YND24570</StopPointRef>
        </From>
        <To>
          <StopPointRef>3200YND24560</StopPointRef>
        </To>
        <Direction>inbound</Direction>
      </RouteLink>
      <RouteLink id="YNAJKM0_002_27419">
        <From>
          <StopPointRef>3200YND24560</StopPointRef>
        </From>
        <To>
          <StopPointRef>3200YND24300</StopPointRef>
        </To>
        <Direction>inbound</Direction>
      </RouteLink>
      <RouteLink id="YNAJKM0_002_27420">
        <From>
          <StopPointRef>3200YND24300</StopPointRef>
        </From>
        <To>
          <StopPointRef>3200YND24310</StopPointRef>
        </To>
        <Direction>inbound</Direction>
      </RouteLink>
      <RouteLink id="YNAJKM0_002_27421">
        <From>
          <StopPointRef>3200YND24310</StopPointRef>
        </From>
        <To>
          <StopPointRef>3200YND24320</StopPointRef>
        </To>
        <Direction>inbound</Direction>
      </RouteLink>
      <RouteLink id="YNAJKM0_002_27422">
        <From>
          <StopPointRef>3200YND24320</StopPointRef>
        </From>
        <To>
          <StopPointRef>3200YND24330</StopPointRef>
        </To>
        <Direction>inbound</Direction>
      </RouteLink>
      <RouteLink id="YNAJKM0_002_27423">
        <From>
          <StopPointRef>3200YND24330</StopPointRef>
        </From>
        <To>
          <StopPointRef>3200YND24340</StopPointRef>
        </To>
        <Direction>inbound</Direction>
      </RouteLink>
      <RouteLink id="YNAJKM0_002_27424">
        <From>
          <StopPointRef>3200YND24340</StopPointRef>
        </From>
        <To>
          <StopPointRef>3200YND24360</StopPointRef>
        </To>
        <Direction>inbound</Direction>
      </RouteLink>
      <RouteLink id="YNAJKM0_002_27425">
        <From>
          <StopPointRef>3200YND24360</StopPointRef>
        </From>
        <To>
          <StopPointRef>3200YND24370</StopPointRef>
        </To>
        <Direction>inbound</Direction>
      </RouteLink>
      <RouteLink id="YNAJKM0_002_27426">
        <From>
          <StopPointRef>3200YND24370</StopPointRef>
        </From>
        <To>
          <StopPointRef>3200YND24380</StopPointRef>
        </To>
        <Direction>inbound</Direction>
      </RouteLink>
      <RouteLink id="YNAJKM0_002_27427">
        <From>
          <StopPointRef>3200YND24380</StopPointRef>
        </From>
        <To>
          <StopPointRef>3200YND24390</StopPointRef>
        </To>
        <Direction>inbound</Direction>
      </RouteLink>
      <RouteLink id="YNAJKM0_002_27428">
        <From>
          <StopPointRef>3200YND24390</StopPointRef>
        </From>
        <To>
          <StopPointRef>3200YND24400</StopPointRef>
        </To>
        <Direction>inbound</Direction>
      </RouteLink>
      <RouteLink id="YNAJKM0_002_27429">
        <From>
          <StopPointRef>3200YND24400</StopPointRef>
        </From>
        <To>
          <StopPointRef>3200YND24410</StopPointRef>
        </To>
        <Direction>inbound</Direction>
      </RouteLink>
      <RouteLink id="YNAJKM0_002_27430">
        <From>
          <StopPointRef>3200YND24410</StopPointRef>
        </From>
        <To>
          <StopPointRef>3200YND24420</StopPointRef>
        </To>
        <Direction>inbound</Direction>
      </RouteLink>
    </RouteSection>
  </RouteSections>
  <Routes>
    <Route id="YNAJKM0_001">
      <Description>Pateley Bridge - Ripon
</Description>
      <RouteSectionRef>YNAJKM0_001</RouteSectionRef>
    </Route>
    <Route id="YNAJKM0_002">
      <Description>Ripon - Pateley Bridge
</Description>
      <RouteSectionRef>YNAJKM0_002</RouteSectionRef>
    </Route>
  </Routes>
  <JourneyPatternSections>
    <JourneyPatternSection id="JPS_YNAJKM0-3">
      <JourneyPatternTimingLink id="JPS_YNAJKM0-3_27334">
        <From>
          <StopPointRef>3200YND24420</StopPointRef>
          <TimingStatus>PTP</TimingStatus>
        </From>
        <To>
          <StopPointRef>3200YND24450</StopPointRef>
          <TimingStatus>OTH</TimingStatus>
        </To>
        <RouteLinkRef>YNAJKM0_001_27334</RouteLinkRef>
        <Direction>outbound</Direction>
        <RunTime>PT0S</RunTime>
      </JourneyPatternTimingLink>
      <JourneyPatternTimingLink id="JPS_YNAJKM0-3_27335">
        <From>
          <StopPointRef>3200YND24450</StopPointRef>
          <TimingStatus>OTH</TimingStatus>
        </From>
        <To>
          <StopPointRef>3200YND24460</StopPointRef>
          <TimingStatus>OTH</TimingStatus>
        </To>
        <RouteLinkRef>YNAJKM0_001_27335</RouteLinkRef>
        <Direction>outbound</Direction>
        <RunTime>PT60S</RunTime>
      </JourneyPatternTimingLink>
      <JourneyPatternTimingLink id="JPS_YNAJKM0-3_27336">
        <From>
          <StopPointRef>3200YND24460</StopPointRef>
          <TimingStatus>OTH</TimingStatus>
        </From>
        <To>
          <StopPointRef>3200YND24470</StopPointRef>
          <TimingStatus>OTH</TimingStatus>
        </To>
        <RouteLinkRef>YNAJKM0_001_27336</RouteLinkRef>
        <Direction>outbound</Direction>
        <RunTime>PT180S</RunTime>
      </JourneyPatternTimingLink>
      <JourneyPatternTimingLink id="JPS_YNAJKM0-3_27337">
        <From>
          <StopPointRef>3200YND24470</StopPointRef>
          <TimingStatus>OTH</TimingStatus>
        </From>
        <To>
          <StopPointRef>3200YND24480</StopPointRef>
          <TimingStatus>PTP</TimingStatus>
        </To>
        <RouteLinkRef>YNAJKM0_001_27337</RouteLinkRef>
        <Direction>outbound</Direction>
        <RunTime>PT60S</RunTime>
      </JourneyPatternTimingLink>
      <JourneyPatternTimingLink id="JPS_YNAJKM0-3_27338">
        <From>
          <StopPointRef>3200YND24480</StopPointRef>
          <TimingStatus>PTP</TimingStatus>
        </From>
        <To>
          <StopPointRef>3200YND24490</StopPointRef>
          <TimingStatus>PTP</TimingStatus>
        </To>
        <RouteLinkRef>YNAJKM0_001_27338</RouteLinkRef>
        <Direction>outbound</Direction>
        <RunTime>PT120S</RunTime>
      </JourneyPatternTimingLink>
      <JourneyPatternTimingLink id="JPS_YNAJKM0-3_27339">
        <From>
          <StopPointRef>3200YND24490</StopPointRef>
          <TimingStatus>PTP</TimingStatus>
        </From>
        <To>
          <StopPointRef>3200YND24500</StopPointRef>
          <TimingStatus>OTH</TimingStatus>
        </To>
        <RouteLinkRef>YNAJKM0_001_27339</RouteLinkRef>
        <Direction>outbound</Direction>
        <RunTime>PT0S</RunTime>
      </JourneyPatternTimingLink>
      <JourneyPatternTimingLink id="JPS_YNAJKM0-3_27340">
        <From>
          <StopPointRef>3200YND24500</StopPointRef>
          <TimingStatus>OTH</TimingStatus>
        </From>
        <To>
          <StopPointRef>3200YND24350</StopPointRef>
          <TimingStatus>OTH</TimingStatus>
        </To>
        <RouteLinkRef>YNAJKM0_001_27340</RouteLinkRef>
        <Direction>outbound</Direction>
        <RunTime>PT60S</RunTime>
      </JourneyPatternTimingLink>
      <JourneyPatternTimingLink id="JPS_YNAJKM0-3_27341">
        <From>
          <StopPointRef>3200YND24350</StopPointRef>
          <TimingStatus>OTH</TimingStatus>
        </From>
        <To>
          <StopPointRef>3200YND24510</StopPointRef>
          <TimingStatus>PTP</TimingStatus>
        </To>
        <RouteLinkRef>YNAJKM0_001_27341</RouteLinkRef>
        <Direction>outbound</Direction>
        <RunTime>PT60S</RunTime>
      </JourneyPatternTimingLink>
      <JourneyPatternTimingLink id="JPS_YNAJKM0-3_27342">
        <From>
          <StopPointRef>3200YND24510</StopPointRef>
          <TimingStatus>PTP</TimingStatus>
        </From>
        <To>
          <StopPointRef>3200YND24520</StopPointRef>
          <TimingStatus>OTH</TimingStatus>
        </To>
        <RouteLinkRef>YNAJKM0_001_27342</RouteLinkRef>
        <Direction>outbound</Direction>
        <RunTime>PT0S</RunTime>
      </JourneyPatternTimingLink>
      <JourneyPatternTimingLink id="JPS_YNAJKM0-3_27343">
        <From>
          <StopPointRef>3200YND24520</StopPointRef>
          <TimingStatus>OTH</TimingStatus>
        </From>
        <To>
          <StopPointRef>3200YND24530</StopPointRef>
          <TimingStatus>OTH</TimingStatus>
        </To>
        <RouteLinkRef>YNAJKM0_001_27343</RouteLinkRef>
        <Direction>outbound</Direction>
        <RunTime>PT0S</RunTime>
      </JourneyPatternTimingLink>
      <JourneyPatternTimingLink id="JPS_YNAJKM0-3_27344">
        <From>
          <StopPointRef>3200YND24530</StopPointRef>
          <TimingStatus>OTH</TimingStatus>
        </From>
        <To>
          <StopPointRef>3200YND24540</StopPointRef>
          <TimingStatus>OTH</TimingStatus>
        </To>
        <RouteLinkRef>YNAJKM0_001_27344</RouteLinkRef>
        <Direction>outbound</Direction>
        <RunTime>PT0S</RunTime>
      </JourneyPatternTimingLink>
      <JourneyPatternTimingLink id="JPS_YNAJKM0-3_27345">
        <From>
          <StopPointRef>3200YND24540</StopPointRef>
          <TimingStatus>OTH</TimingStatus>
        </From>
        <To>
          <StopPointRef>3200YND24550</StopPointRef>
          <TimingStatus>PTP</TimingStatus>
        </To>
        <RouteLinkRef>YNAJKM0_001_27345</RouteLinkRef>
        <Direction>outbound</Direction>
        <RunTime>PT60S</RunTime>
      </JourneyPatternTimingLink>
      <JourneyPatternTimingLink id="JPS_YNAJKM0-3_27346">
        <From>
          <StopPointRef>3200YND24550</StopPointRef>
          <TimingStatus>PTP</TimingStatus>
        </From>
        <To>
          <StopPointRef>3200YND24290</StopPointRef>
          <TimingStatus>OTH</TimingStatus>
        </To>
        <RouteLinkRef>YNAJKM0_001_27346</RouteLinkRef>
        <Direction>outbound</Direction>
        <RunTime>PT0S</RunTime>
      </JourneyPatternTimingLink>
      <JourneyPatternTimingLink id="JPS_YNAJKM0-3_27347">
        <From>
          <StopPointRef>3200YND24290</StopPointRef>
          <TimingStatus>OTH</TimingStatus>
        </From>
        <To>
          <StopPointRef>3200YND24280</StopPointRef>
          <TimingStatus>OTH</TimingStatus>
        </To>
        <RouteLinkRef>YNAJKM0_001_27347</RouteLinkRef>
        <Direction>outbound</Direction>
        <RunTime>PT0S</RunTime>
      </JourneyPatternTimingLink>
      <JourneyPatternTimingLink id="JPS_YNAJKM0-3_27348">
        <From>
          <StopPointRef>3200YND24280</StopPointRef>
          <TimingStatus>OTH</TimingStatus>
        </From>
        <To>
          <StopPointRef>3200YND24580</StopPointRef>
          <TimingStatus>OTH</TimingStatus>
        </To>
        <RouteLinkRef>YNAJKM0_001_27348</RouteLinkRef>
        <Direction>outbound</Direction>
        <RunTime>PT60S</RunTime>
      </JourneyPatternTimingLink>
      <JourneyPatternTimingLink id="JPS_YNAJKM0-3_27349">
        <From>
          <StopPointRef>3200YND24580</StopPointRef>
          <TimingStatus>OTH</TimingStatus>
        </From>
        <To>
          <StopPointRef>3200YND24590</StopPointRef>
          <TimingStatus>PTP</TimingStatus>
        </To>
        <RouteLinkRef>YNAJKM0_001_27349</RouteLinkRef>
        <Direction>outbound</Direction>
        <RunTime>PT60S</RunTime>
      </JourneyPatternTimingLink>
      <JourneyPatternTimingLink id="JPS_YNAJKM0-3_27350">
        <From>
          <StopPointRef>3200YND24590</StopPointRef>
          <TimingStatus>PTP</TimingStatus>
        </From>
        <To>
          <StopPointRef>3200YND24600</StopPointRef>
          <TimingStatus>OTH</TimingStatus>
        </To>
        <RouteLinkRef>YNAJKM0_001_27350</RouteLinkRef>
        <Direction>outbound</Direction>
        <RunTime>PT60S</RunTime>
      </JourneyPatternTimingLink>
      <JourneyPatternTimingLink id="JPS_YNAJKM0-3_27351">
        <From>
          <StopPointRef>3200YND24600</StopPointRef>
          <TimingStatus>OTH</TimingStatus>
        </From>
        <To>
          <StopPointRef>3200YND24610</StopPointRef>
          <TimingStatus>OTH</TimingStatus>
        </To>
        <RouteLinkRef>YNAJKM0_001_27351</RouteLinkRef>
        <Direction>outbound</Direction>
        <RunTime>PT60S</RunTime>
      </JourneyPatternTimingLink>
      <JourneyPatternTimingLink id="JPS_YNAJKM0-3_27352">
        <From>
          <StopPointRef>3200YND24610</StopPointRef>
          <TimingStatus>OTH</TimingStatus>
        </From>
        <To>
          <StopPointRef>3200YND24620</StopPointRef>
          <TimingStatus>OTH</TimingStatus>
        </To>
        <RouteLinkRef>YNAJKM0_001_27352</RouteLinkRef>
        <Direction>outbound</Direction>
        <RunTime>PT180S</RunTime>
      </JourneyPatternTimingLink>
      <JourneyPatternTimingLink id="JPS_YNAJKM0-3_27353">
        <From>
          <StopPointRef>3200YND24620</StopPointRef>
          <TimingStatus>OTH</TimingStatus>
        </From>
        <To>
          <StopPointRef>3200YND24630</StopPointRef>
          <TimingStatus>PTP</TimingStatus>
        </To>
        <RouteLinkRef>YNAJKM0_001_27353</RouteLinkRef>
        <Direction>outbound</Direction>
        <RunTime>PT60S</RunTime>
      </JourneyPatternTimingLink>
      <JourneyPatternTimingLink id="JPS_YNAJKM0-3_27354">
        <From>
          <StopPointRef>3200YND24630</StopPointRef>
          <TimingStatus>PTP</TimingStatus>
        </From>
        <To>
          <StopPointRef>3200YND24640</StopPointRef>
          <TimingStatus>OTH</TimingStatus>
        </To>
        <RouteLinkRef>YNAJKM0_001_27354</RouteLinkRef>
        <Direction>outbound</Direction>
        <RunTime>PT0S</RunTime>
      </JourneyPatternTimingLink>
      <JourneyPatternTimingLink id="JPS_YNAJKM0-3_27355">
        <From>
          <StopPointRef>3200YND24640</StopPointRef>
          <TimingStatus>OTH</TimingStatus>
        </From>
        <To>
          <StopPointRef>3200YND24650</StopPointRef>
          <TimingStatus>OTH</TimingStatus>
        </To>
        <RouteLinkRef>YNAJKM0_001_27355</RouteLinkRef>
        <Direction>outbound</Direction>
        <RunTime>PT0S</RunTime>
      </JourneyPatternTimingLink>
      <JourneyPatternTimingLink id="JPS_YNAJKM0-3_27356">
        <From>
          <StopPointRef>3200YND24650</StopPointRef>
          <TimingStatus>OTH</TimingStatus>
        </From>
        <To>
          <StopPointRef>3200YND24660</StopPointRef>
          <TimingStatus>OTH</TimingStatus>
        </To>
        <RouteLinkRef>YNAJKM0_001_27356</RouteLinkRef>
        <Direction>outbound</Direction>
        <RunTime>PT60S</RunTime>
      </JourneyPatternTimingLink>
      <JourneyPatternTimingLink id="JPS_YNAJKM0-3_27357">
        <From>
          <StopPointRef>3200YND24660</StopPointRef>
          <TimingStatus>OTH</TimingStatus>
        </From>
        <To>
          <StopPointRef>3200YND24670</StopPointRef>
          <TimingStatus>OTH</TimingStatus>
        </To>
        <RouteLinkRef>YNAJKM0_001_27357</RouteLinkRef>
        <Direction>outbound</Direction>
        <RunTime>PT0S</RunTime>
      </JourneyPatternTimingLink>
      <JourneyPatternTimingLink id="JPS_YNAJKM0-3_27358">
        <From>
          <StopPointRef>3200YND24670</StopPointRef>
          <TimingStatus>OTH</TimingStatus>
        </From>
        <To>
          <StopPointRef>3200YND24680</StopPointRef>
          <TimingStatus>OTH</TimingStatus>
        </To>
        <RouteLinkRef>YNAJKM0_001_27358</RouteLinkRef>
        <Direction>outbound</Direction>
        <RunTime>PT60S</RunTime>
      </JourneyPatternTimingLink>
      <JourneyPatternTimingLink id="JPS_YNAJKM0-3_27359">
        <From>
          <StopPointRef>3200YND24680</StopPointRef>
          <TimingStatus>OTH</TimingStatus>
        </From>
        <To>
          <StopPointRef>3200YND24690</StopPointRef>
          <TimingStatus>OTH</TimingStatus>
        </To>
        <RouteLinkRef>YNAJKM0_001_27359</RouteLinkRef>
        <Direction>outbound</Direction>
        <RunTime>PT60S</RunTime>
      </JourneyPatternTimingLink>
      <JourneyPatternTimingLink id="JPS_YNAJKM0-3_27360">
        <From>
          <StopPointRef>3200YND24690</StopPointRef>
          <TimingStatus>OTH</TimingStatus>
        </From>
        <To>
          <StopPointRef>3200YND24150</StopPointRef>
          <TimingStatus>OTH</TimingStatus>
        </To>
        <RouteLinkRef>YNAJKM0_001_27360</RouteLinkRef>
        <Direction>outbound</Direction>
        <RunTime>PT120S</RunTime>
      </JourneyPatternTimingLink>
      <JourneyPatternTimingLink id="JPS_YNAJKM0-3_27361">
        <From>
          <StopPointRef>3200YND24150</StopPointRef>
          <TimingStatus>OTH</TimingStatus>
        </From>
        <To>
          <StopPointRef>3200YND24710</StopPointRef>
          <TimingStatus>OTH</TimingStatus>
        </To>
        <RouteLinkRef>YNAJKM0_001_27361</RouteLinkRef>
        <Direction>outbound</Direction>
        <RunTime>PT0S</RunTime>
      </JourneyPatternTimingLink>
      <JourneyPatternTimingLink id="JPS_YNAJKM0-3_27362">
        <From>
          <StopPointRef>3200YND24710</StopPointRef>
          <TimingStatus>OTH</TimingStatus>
        </From>
        <To>
          <StopPointRef>3200YND24730</StopPointRef>
          <TimingStatus>PTP</TimingStatus>
        </To>
        <RouteLinkRef>YNAJKM0_001_27362</RouteLinkRef>
        <Direction>outbound</Direction>
        <RunTime>PT120S</RunTime>
      </JourneyPatternTimingLink>
      <JourneyPatternTimingLink id="JPS_YNAJKM0-3_27363">
        <From>
          <StopPointRef>3200YND24730</StopPointRef>
          <TimingStatus>PTP</TimingStatus>
        </From>
        <To>
          <StopPointRef>3200YND24130</StopPointRef>
          <TimingStatus>PTP</TimingStatus>
        </To>
        <RouteLinkRef>YNAJKM0_001_27363</RouteLinkRef>
        <Direction>outbound</Direction>
        <RunTime>PT120S</RunTime>
      </JourneyPatternTimingLink>
      <JourneyPatternTimingLink id="JPS_YNAJKM0-3_27364">
        <From>
          <StopPointRef>3200YND24130</StopPointRef>
          <TimingStatus>PTP</TimingStatus>
        </From>
        <To>
          <StopPointRef>3200YND23240</StopPointRef>
          <TimingStatus>OTH</TimingStatus>
        </To>
        <RouteLinkRef>YNAJKM0_001_27364</RouteLinkRef>
        <Direction>outbound</Direction>
        <RunTime>PT60S</RunTime>
      </JourneyPatternTimingLink>
      <JourneyPatternTimingLink id="JPS_YNAJKM0-3_27365">
        <From>
          <StopPointRef>3200YND23240</StopPointRef>
          <TimingStatus>OTH</TimingStatus>
        </From>
        <To>
          <StopPointRef>3200YND23250</StopPointRef>
          <TimingStatus>PTP</TimingStatus>
        </To>
        <RouteLinkRef>YNAJKM0_001_27365</RouteLinkRef>
        <Direction>outbound</Direction>
        <RunTime>PT120S</RunTime>
      </JourneyPatternTimingLink>
      <JourneyPatternTimingLink id="JPS_YNAJKM0-3_27366">
        <From>
          <StopPointRef>3200YND23250</StopPointRef>
          <TimingStatus>PTP</TimingStatus>
        </From>
        <To>
          <StopPointRef>3200YND23260</StopPointRef>
          <TimingStatus>PTP</TimingStatus>
        </To>
        <RouteLinkRef>YNAJKM0_001_27366</RouteLinkRef>
        <Direction>outbound</Direction>
        <RunTime>PT300S</RunTime>
      </JourneyPatternTimingLink>
      <JourneyPatternTimingLink id="JPS_YNAJKM0-3_27367">
        <From>
          <StopPointRef>3200YND23260</StopPointRef>
          <TimingStatus>PTP</TimingStatus>
        </From>
        <To>
          <StopPointRef>3200YND23270</StopPointRef>
          <TimingStatus>PTP</TimingStatus>
        </To>
        <RouteLinkRef>YNAJKM0_001_27367</RouteLinkRef>
        <Direction>outbound</Direction>
        <RunTime>PT120S</RunTime>
      </JourneyPatternTimingLink>
      <JourneyPatternTimingLink id="JPS_YNAJKM0-3_27368">
        <From>
          <StopPointRef>3200YND23270</StopPointRef>
          <TimingStatus>PTP</TimingStatus>
        </From>
        <To>
          <StopPointRef>3200YND23280</StopPointRef>
          <TimingStatus>OTH</TimingStatus>
        </To>
        <RouteLinkRef>YNAJKM0_001_27368</RouteLinkRef>
        <Direction>outbound</Direction>
        <RunTime>PT180S</RunTime>
      </JourneyPatternTimingLink>
      <JourneyPatternTimingLink id="JPS_YNAJKM0-3_27369">
        <From>
          <StopPointRef>3200YND23280</StopPointRef>
          <TimingStatus>OTH</TimingStatus>
        </From>
        <To>
          <StopPointRef>3200YND23060</StopPointRef>
          <TimingStatus>OTH</TimingStatus>
        </To>
        <RouteLinkRef>YNAJKM0_001_27369</RouteLinkRef>
        <Direction>outbound</Direction>
        <RunTime>PT180S</RunTime>
      </JourneyPatternTimingLink>
      <JourneyPatternTimingLink id="JPS_YNAJKM0-3_27370">
        <From>
          <StopPointRef>3200YND23060</StopPointRef>
          <TimingStatus>OTH</TimingStatus>
        </From>
        <To>
          <StopPointRef>3200YND23050</StopPointRef>
          <TimingStatus>OTH</TimingStatus>
        </To>
        <RouteLinkRef>YNAJKM0_001_27370</RouteLinkRef>
        <Direction>outbound</Direction>
        <RunTime>PT60S</RunTime>
      </JourneyPatternTimingLink>
      <JourneyPatternTimingLink id="JPS_YNAJKM0-3_27371">
        <From>
          <StopPointRef>3200YND23050</StopPointRef>
          <TimingStatus>OTH</TimingStatus>
        </From>
        <To>
          <StopPointRef>3200YND23230</StopPointRef>
          <TimingStatus>PTP</TimingStatus>
        </To>
        <RouteLinkRef>YNAJKM0_001_27371</RouteLinkRef>
        <Direction>outbound</Direction>
        <RunTime>PT60S</RunTime>
      </JourneyPatternTimingLink>
      <JourneyPatternTimingLink id="JPS_YNAJKM0-3_27372">
        <From>
          <StopPointRef>3200YND23230</StopPointRef>
          <TimingStatus>PTP</TimingStatus>
        </From>
        <To>
          <StopPointRef>3200YND24870</StopPointRef>
          <TimingStatus>OTH</TimingStatus>
        </To>
        <RouteLinkRef>YNAJKM0_001_27372</RouteLinkRef>
        <Direction>outbound</Direction>
        <RunTime>PT60S</RunTime>
      </JourneyPatternTimingLink>
      <JourneyPatternTimingLink id="JPS_YNAJKM0-3_27373">
        <From>
          <StopPointRef>3200YND24870</StopPointRef>
          <TimingStatus>OTH</TimingStatus>
        </From>
        <To>
          <StopPointRef>3200YND24880</StopPointRef>
          <TimingStatus>OTH</TimingStatus>
        </To>
        <RouteLinkRef>YNAJKM0_001_27373</RouteLinkRef>
        <Direction>outbound</Direction>
        <RunTime>PT180S</RunTime>
      </JourneyPatternTimingLink>
      <JourneyPatternTimingLink id="JPS_YNAJKM0-3_27374">
        <From>
          <StopPointRef>3200YND24880</StopPointRef>
          <TimingStatus>OTH</TimingStatus>
        </From>
        <To>
          <StopPointRef>3200YND12720</StopPointRef>
          <TimingStatus>OTH</TimingStatus>
        </To>
        <RouteLinkRef>YNAJKM0_001_27374</RouteLinkRef>
        <Direction>outbound</Direction>
        <RunTime>PT0S</RunTime>
      </JourneyPatternTimingLink>
      <JourneyPatternTimingLink id="JPS_YNAJKM0-3_27375">
        <From>
          <StopPointRef>3200YND12720</StopPointRef>
          <TimingStatus>OTH</TimingStatus>
        </From>
        <To>
          <StopPointRef>3200YND12730</StopPointRef>
          <TimingStatus>OTH</TimingStatus>
        </To>
        <RouteLinkRef>YNAJKM0_001_27375</RouteLinkRef>
        <Direction>outbound</Direction>
        <RunTime>PT120S</RunTime>
      </JourneyPatternTimingLink>
      <JourneyPatternTimingLink id="JPS_YNAJKM0-3_27376">
        <From>
          <StopPointRef>3200YND12730</StopPointRef>
          <TimingStatus>OTH</TimingStatus>
        </From>
        <To>
          <StopPointRef>3200YND12740</StopPointRef>
          <TimingStatus>OTH</TimingStatus>
        </To>
        <RouteLinkRef>YNAJKM0_001_27376</RouteLinkRef>
        <Direction>outbound</Direction>
        <RunTime>PT240S</RunTime>
      </JourneyPatternTimingLink>
      <JourneyPatternTimingLink id="JPS_YNAJKM0-3_27377">
        <From>
          <StopPointRef>3200YND12740</StopPointRef>
          <TimingStatus>OTH</TimingStatus>
        </From>
        <To>
          <StopPointRef>3200YND12750</StopPointRef>
          <TimingStatus>OTH</TimingStatus>
        </To>
        <RouteLinkRef>YNAJKM0_001_27377</RouteLinkRef>
        <Direction>outbound</Direction>
        <RunTime>PT60S</RunTime>
      </JourneyPatternTimingLink>
      <JourneyPatternTimingLink id="JPS_YNAJKM0-3_27378">
        <From>
          <StopPointRef>3200YND12750</StopPointRef>
          <TimingStatus>OTH</TimingStatus>
        </From>
        <To>
          <StopPointRef>3200YND12760</StopPointRef>
          <TimingStatus>OTH</TimingStatus>
        </To>
        <RouteLinkRef>YNAJKM0_001_27378</RouteLinkRef>
        <Direction>outbound</Direction>
        <RunTime>PT0S</RunTime>
      </JourneyPatternTimingLink>
      <JourneyPatternTimingLink id="JPS_YNAJKM0-3_27379">
        <From>
          <StopPointRef>3200YND12760</StopPointRef>
          <TimingStatus>OTH</TimingStatus>
        </From>
        <To>
          <StopPointRef>3200YND12770</StopPointRef>
          <TimingStatus>OTH</TimingStatus>
        </To>
        <RouteLinkRef>YNAJKM0_001_27379</RouteLinkRef>
        <Direction>outbound</Direction>
        <RunTime>PT60S</RunTime>
      </JourneyPatternTimingLink>
      <JourneyPatternTimingLink id="JPS_YNAJKM0-3_27380">
        <From>
          <StopPointRef>3200YND12770</StopPointRef>
          <TimingStatus>OTH</TimingStatus>
        </From>
        <To>
          <StopPointRef>3200YNA91167</StopPointRef>
          <TimingStatus>OTH</TimingStatus>
        </To>
        <RouteLinkRef>YNAJKM0_001_27380</RouteLinkRef>
        <Direction>outbound</Direction>
        <RunTime>PT60S</RunTime>
      </JourneyPatternTimingLink>
      <JourneyPatternTimingLink id="JPS_YNAJKM0-3_27381">
        <From>
          <StopPointRef>3200YNA91167</StopPointRef>
          <TimingStatus>OTH</TimingStatus>
        </From>
        <To>
          <StopPointRef>3200YNB01227</StopPointRef>
          <TimingStatus>OTH</TimingStatus>
        </To>
        <RouteLinkRef>YNAJKM0_001_27381</RouteLinkRef>
        <Direction>outbound</Direction>
        <RunTime>PT0S</RunTime>
      </JourneyPatternTimingLink>
      <JourneyPatternTimingLink id="JPS_YNAJKM0-3_27382">
        <From>
          <StopPointRef>3200YNB01227</StopPointRef>
          <TimingStatus>OTH</TimingStatus>
        </From>
        <To>
          <StopPointRef>3200YNA96535</StopPointRef>
          <TimingStatus>PTP</TimingStatus>
        </To>
        <RouteLinkRef>YNAJKM0_001_27382</RouteLinkRef>
        <Direction>outbound</Direction>
        <RunTime>PT120S</RunTime>
      </JourneyPatternTimingLink>
    </JourneyPatternSection>
    <JourneyPatternSection id="JPS_YNAJKM0-4">
      <JourneyPatternTimingLink id="JPS_YNAJKM0-4_27384">
        <From>
          <StopPointRef>3200YNA96535</StopPointRef>
          <TimingStatus>PTP</TimingStatus>
        </From>
        <To>
          <StopPointRef>3200YNA91142</StopPointRef>
          <TimingStatus>OTH</TimingStatus>
        </To>
        <RouteLinkRef>YNAJKM0_002_27384</RouteLinkRef>
        <Direction>inbound</Direction>
        <RunTime>PT60S</RunTime>
      </JourneyPatternTimingLink>
      <JourneyPatternTimingLink id="JPS_YNAJKM0-4_27385">
        <From>
          <StopPointRef>3200YNA91142</StopPointRef>
          <TimingStatus>OTH</TimingStatus>
        </From>
        <To>
          <StopPointRef>3200YNA91143</StopPointRef>
          <TimingStatus>OTH</TimingStatus>
        </To>
        <RouteLinkRef>YNAJKM0_002_27385</RouteLinkRef>
        <Direction>inbound</Direction>
        <RunTime>PT0S</RunTime>
      </JourneyPatternTimingLink>
      <JourneyPatternTimingLink id="JPS_YNAJKM0-4_27386">
        <From>
          <StopPointRef>3200YNA91143</StopPointRef>
          <TimingStatus>OTH</TimingStatus>
        </From>
        <To>
          <StopPointRef>3200YND12840</StopPointRef>
          <TimingStatus>OTH</TimingStatus>
        </To>
        <RouteLinkRef>YNAJKM0_002_27386</RouteLinkRef>
        <Direction>inbound</Direction>
        <RunTime>PT60S</RunTime>
      </JourneyPatternTimingLink>
      <JourneyPatternTimingLink id="JPS_YNAJKM0-4_27387">
        <From>
          <StopPointRef>3200YND12840</StopPointRef>
          <TimingStatus>OTH</TimingStatus>
        </From>
        <To>
          <StopPointRef>3200YND12850</StopPointRef>
          <TimingStatus>OTH</TimingStatus>
        </To>
        <RouteLinkRef>YNAJKM0_002_27387</RouteLinkRef>
        <Direction>inbound</Direction>
        <RunTime>PT60S</RunTime>
      </JourneyPatternTimingLink>
      <JourneyPatternTimingLink id="JPS_YNAJKM0-4_27388">
        <From>
          <StopPointRef>3200YND12850</StopPointRef>
          <TimingStatus>OTH</TimingStatus>
        </From>
        <To>
          <StopPointRef>3200YND12860</StopPointRef>
          <TimingStatus>OTH</TimingStatus>
        </To>
        <RouteLinkRef>YNAJKM0_002_27388</RouteLinkRef>
        <Direction>inbound</Direction>
        <RunTime>PT0S</RunTime>
      </JourneyPatternTimingLink>
      <JourneyPatternTimingLink id="JPS_YNAJKM0-4_27389">
        <From>
          <StopPointRef>3200YND12860</StopPointRef>
          <TimingStatus>OTH</TimingStatus>
        </From>
        <To>
          <StopPointRef>3200YND12870</StopPointRef>
          <TimingStatus>OTH</TimingStatus>
        </To>
        <RouteLinkRef>YNAJKM0_002_27389</RouteLinkRef>
        <Direction>inbound</Direction>
        <RunTime>PT60S</RunTime>
      </JourneyPatternTimingLink>
      <JourneyPatternTimingLink id="JPS_YNAJKM0-4_27390">
        <From>
          <StopPointRef>3200YND12870</StopPointRef>
          <TimingStatus>OTH</TimingStatus>
        </From>
        <To>
          <StopPointRef>3200YND12880</StopPointRef>
          <TimingStatus>OTH</TimingStatus>
        </To>
        <RouteLinkRef>YNAJKM0_002_27390</RouteLinkRef>
        <Direction>inbound</Direction>
        <RunTime>PT240S</RunTime>
      </JourneyPatternTimingLink>
      <JourneyPatternTimingLink id="JPS_YNAJKM0-4_27391">
        <From>
          <StopPointRef>3200YND12880</StopPointRef>
          <TimingStatus>OTH</TimingStatus>
        </From>
        <To>
          <StopPointRef>3200YND23010</StopPointRef>
          <TimingStatus>OTH</TimingStatus>
        </To>
        <RouteLinkRef>YNAJKM0_002_27391</RouteLinkRef>
        <Direction>inbound</Direction>
        <RunTime>PT120S</RunTime>
      </JourneyPatternTimingLink>
      <JourneyPatternTimingLink id="JPS_YNAJKM0-4_27392">
        <From>
          <StopPointRef>3200YND23010</StopPointRef>
          <TimingStatus>OTH</TimingStatus>
        </From>
        <To>
          <StopPointRef>3200YND23020</StopPointRef>
          <TimingStatus>OTH</TimingStatus>
        </To>
        <RouteLinkRef>YNAJKM0_002_27392</RouteLinkRef>
        <Direction>inbound</Direction>
        <RunTime>PT180S</RunTime>
      </JourneyPatternTimingLink>
      <JourneyPatternTimingLink id="JPS_YNAJKM0-4_27393">
        <From>
          <StopPointRef>3200YND23020</StopPointRef>
          <TimingStatus>OTH</TimingStatus>
        </From>
        <To>
          <StopPointRef>3200YND23040</StopPointRef>
          <TimingStatus>PTP</TimingStatus>
        </To>
        <RouteLinkRef>YNAJKM0_002_27393</RouteLinkRef>
        <Direction>inbound</Direction>
        <RunTime>PT120S</RunTime>
      </JourneyPatternTimingLink>
      <JourneyPatternTimingLink id="JPS_YNAJKM0-4_27394">
        <From>
          <StopPointRef>3200YND23040</StopPointRef>
          <TimingStatus>PTP</TimingStatus>
        </From>
        <To>
          <StopPointRef>3200YND23220</StopPointRef>
          <TimingStatus>OTH</TimingStatus>
        </To>
        <RouteLinkRef>YNAJKM0_002_27394</RouteLinkRef>
        <Direction>inbound</Direction>
        <RunTime>PT0S</RunTime>
      </JourneyPatternTimingLink>
      <JourneyPatternTimingLink id="JPS_YNAJKM0-4_27395">
        <From>
          <StopPointRef>3200YND23220</StopPointRef>
          <TimingStatus>OTH</TimingStatus>
        </From>
        <To>
          <StopPointRef>3200YND23290</StopPointRef>
          <TimingStatus>OTH</TimingStatus>
        </To>
        <RouteLinkRef>YNAJKM0_002_27395</RouteLinkRef>
        <Direction>inbound</Direction>
        <RunTime>PT0S</RunTime>
      </JourneyPatternTimingLink>
      <JourneyPatternTimingLink id="JPS_YNAJKM0-4_27396">
        <From>
          <StopPointRef>3200YND23290</StopPointRef>
          <TimingStatus>OTH</TimingStatus>
        </From>
        <To>
          <StopPointRef>3200YND23070</StopPointRef>
          <TimingStatus>OTH</TimingStatus>
        </To>
        <RouteLinkRef>YNAJKM0_002_27396</RouteLinkRef>
        <Direction>inbound</Direction>
        <RunTime>PT120S</RunTime>
      </JourneyPatternTimingLink>
      <JourneyPatternTimingLink id="JPS_YNAJKM0-4_27397">
        <From>
          <StopPointRef>3200YND23070</StopPointRef>
          <TimingStatus>OTH</TimingStatus>
        </From>
        <To>
          <StopPointRef>3200YND23080</StopPointRef>
          <TimingStatus>PTP</TimingStatus>
        </To>
        <RouteLinkRef>YNAJKM0_002_27397</RouteLinkRef>
        <Direction>inbound</Direction>
        <RunTime>PT180S</RunTime>
      </JourneyPatternTimingLink>
      <JourneyPatternTimingLink id="JPS_YNAJKM0-4_27398">
        <From>
          <StopPointRef>3200YND23080</StopPointRef>
          <TimingStatus>PTP</TimingStatus>
        </From>
        <To>
          <StopPointRef>3200YND23090</StopPointRef>
          <TimingStatus>PTP</TimingStatus>
        </To>
        <RouteLinkRef>YNAJKM0_002_27398</RouteLinkRef>
        <Direction>inbound</Direction>
        <RunTime>PT300S</RunTime>
      </JourneyPatternTimingLink>
      <JourneyPatternTimingLink id="JPS_YNAJKM0-4_27399">
        <From>
          <StopPointRef>3200YND23090</StopPointRef>
          <TimingStatus>PTP</TimingStatus>
        </From>
        <To>
          <StopPointRef>3200YND23100</StopPointRef>
          <TimingStatus>PTP</TimingStatus>
        </To>
        <RouteLinkRef>YNAJKM0_002_27399</RouteLinkRef>
        <Direction>inbound</Direction>
        <RunTime>PT300S</RunTime>
      </JourneyPatternTimingLink>
      <JourneyPatternTimingLink id="JPS_YNAJKM0-4_27400">
        <From>
          <StopPointRef>3200YND23100</StopPointRef>
          <TimingStatus>PTP</TimingStatus>
        </From>
        <To>
          <StopPointRef>3200YND23110</StopPointRef>
          <TimingStatus>OTH</TimingStatus>
        </To>
        <RouteLinkRef>YNAJKM0_002_27400</RouteLinkRef>
        <Direction>inbound</Direction>
        <RunTime>PT120S</RunTime>
      </JourneyPatternTimingLink>
      <JourneyPatternTimingLink id="JPS_YNAJKM0-4_27401">
        <From>
          <StopPointRef>3200YND23110</StopPointRef>
          <TimingStatus>OTH</TimingStatus>
        </From>
        <To>
          <StopPointRef>3200YNE04802</StopPointRef>
          <TimingStatus>PTP</TimingStatus>
        </To>
        <RouteLinkRef>YNAJKM0_002_27401</RouteLinkRef>
        <Direction>inbound</Direction>
        <RunTime>PT180S</RunTime>
      </JourneyPatternTimingLink>
      <JourneyPatternTimingLink id="JPS_YNAJKM0-4_27402">
        <From>
          <StopPointRef>3200YNE04802</StopPointRef>
          <TimingStatus>PTP</TimingStatus>
        </From>
        <To>
          <StopPointRef>3200YND24120</StopPointRef>
          <TimingStatus>PTP</TimingStatus>
        </To>
        <RouteLinkRef>YNAJKM0_002_27402</RouteLinkRef>
        <Direction>inbound</Direction>
        <RunTime>PT120S</RunTime>
      </JourneyPatternTimingLink>
      <JourneyPatternTimingLink id="JPS_YNAJKM0-4_27403">
        <From>
          <StopPointRef>3200YND24120</StopPointRef>
          <TimingStatus>PTP</TimingStatus>
        </From>
        <To>
          <StopPointRef>3200YND24140</StopPointRef>
          <TimingStatus>OTH</TimingStatus>
        </To>
        <RouteLinkRef>YNAJKM0_002_27403</RouteLinkRef>
        <Direction>inbound</Direction>
        <RunTime>PT0S</RunTime>
      </JourneyPatternTimingLink>
      <JourneyPatternTimingLink id="JPS_YNAJKM0-4_27404">
        <From>
          <StopPointRef>3200YND24140</StopPointRef>
          <TimingStatus>OTH</TimingStatus>
        </From>
        <To>
          <StopPointRef>3200YND24700</StopPointRef>
          <TimingStatus>OTH</TimingStatus>
        </To>
        <RouteLinkRef>YNAJKM0_002_27404</RouteLinkRef>
        <Direction>inbound</Direction>
        <RunTime>PT60S</RunTime>
      </JourneyPatternTimingLink>
      <JourneyPatternTimingLink id="JPS_YNAJKM0-4_27405">
        <From>
          <StopPointRef>3200YND24700</StopPointRef>
          <TimingStatus>OTH</TimingStatus>
        </From>
        <To>
          <StopPointRef>3200YND24160</StopPointRef>
          <TimingStatus>OTH</TimingStatus>
        </To>
        <RouteLinkRef>YNAJKM0_002_27405</RouteLinkRef>
        <Direction>inbound</Direction>
        <RunTime>PT60S</RunTime>
      </JourneyPatternTimingLink>
      <JourneyPatternTimingLink id="JPS_YNAJKM0-4_27406">
        <From>
          <StopPointRef>3200YND24160</StopPointRef>
          <TimingStatus>OTH</TimingStatus>
        </From>
        <To>
          <StopPointRef>3200YND24170</StopPointRef>
          <TimingStatus>OTH</TimingStatus>
        </To>
        <RouteLinkRef>YNAJKM0_002_27406</RouteLinkRef>
        <Direction>inbound</Direction>
        <RunTime>PT60S</RunTime>
      </JourneyPatternTimingLink>
      <JourneyPatternTimingLink id="JPS_YNAJKM0-4_27407">
        <From>
          <StopPointRef>3200YND24170</StopPointRef>
          <TimingStatus>OTH</TimingStatus>
        </From>
        <To>
          <StopPointRef>3200YND24180</StopPointRef>
          <TimingStatus>OTH</TimingStatus>
        </To>
        <RouteLinkRef>YNAJKM0_002_27407</RouteLinkRef>
        <Direction>inbound</Direction>
        <RunTime>PT0S</RunTime>
      </JourneyPatternTimingLink>
      <JourneyPatternTimingLink id="JPS_YNAJKM0-4_27408">
        <From>
          <StopPointRef>3200YND24180</StopPointRef>
          <TimingStatus>OTH</TimingStatus>
        </From>
        <To>
          <StopPointRef>3200YND24190</StopPointRef>
          <TimingStatus>OTH</TimingStatus>
        </To>
        <RouteLinkRef>YNAJKM0_002_27408</RouteLinkRef>
        <Direction>inbound</Direction>
        <RunTime>PT60S</RunTime>
      </JourneyPatternTimingLink>
      <JourneyPatternTimingLink id="JPS_YNAJKM0-4_27409">
        <From>
          <StopPointRef>3200YND24190</StopPointRef>
          <TimingStatus>OTH</TimingStatus>
        </From>
        <To>
          <StopPointRef>3200YND24200</StopPointRef>
          <TimingStatus>OTH</TimingStatus>
        </To>
        <RouteLinkRef>YNAJKM0_002_27409</RouteLinkRef>
        <Direction>inbound</Direction>
        <RunTime>PT0S</RunTime>
      </JourneyPatternTimingLink>
      <JourneyPatternTimingLink id="JPS_YNAJKM0-4_27410">
        <From>
          <StopPointRef>3200YND24200</StopPointRef>
          <TimingStatus>OTH</TimingStatus>
        </From>
        <To>
          <StopPointRef>3200YND24210</StopPointRef>
          <TimingStatus>OTH</TimingStatus>
        </To>
        <RouteLinkRef>YNAJKM0_002_27410</RouteLinkRef>
        <Direction>inbound</Direction>
        <RunTime>PT0S</RunTime>
      </JourneyPatternTimingLink>
      <JourneyPatternTimingLink id="JPS_YNAJKM0-4_27411">
        <From>
          <StopPointRef>3200YND24210</StopPointRef>
          <TimingStatus>OTH</TimingStatus>
        </From>
        <To>
          <StopPointRef>3200YND24220</StopPointRef>
          <TimingStatus>PTP</TimingStatus>
        </To>
        <RouteLinkRef>YNAJKM0_002_27411</RouteLinkRef>
        <Direction>inbound</Direction>
        <RunTime>PT60S</RunTime>
      </JourneyPatternTimingLink>
      <JourneyPatternTimingLink id="JPS_YNAJKM0-4_27412">
        <From>
          <StopPointRef>3200YND24220</StopPointRef>
          <TimingStatus>PTP</TimingStatus>
        </From>
        <To>
          <StopPointRef>3200YND24230</StopPointRef>
          <TimingStatus>OTH</TimingStatus>
        </To>
        <RouteLinkRef>YNAJKM0_002_27412</RouteLinkRef>
        <Direction>inbound</Direction>
        <RunTime>PT60S</RunTime>
      </JourneyPatternTimingLink>
      <JourneyPatternTimingLink id="JPS_YNAJKM0-4_27413">
        <From>
          <StopPointRef>3200YND24230</StopPointRef>
          <TimingStatus>OTH</TimingStatus>
        </From>
        <To>
          <StopPointRef>3200YND24240</StopPointRef>
          <TimingStatus>OTH</TimingStatus>
        </To>
        <RouteLinkRef>YNAJKM0_002_27413</RouteLinkRef>
        <Direction>inbound</Direction>
        <RunTime>PT120S</RunTime>
      </JourneyPatternTimingLink>
      <JourneyPatternTimingLink id="JPS_YNAJKM0-4_27414">
        <From>
          <StopPointRef>3200YND24240</StopPointRef>
          <TimingStatus>OTH</TimingStatus>
        </From>
        <To>
          <StopPointRef>3200YND24250</StopPointRef>
          <TimingStatus>OTH</TimingStatus>
        </To>
        <RouteLinkRef>YNAJKM0_002_27414</RouteLinkRef>
        <Direction>inbound</Direction>
        <RunTime>PT60S</RunTime>
      </JourneyPatternTimingLink>
      <JourneyPatternTimingLink id="JPS_YNAJKM0-4_27415">
        <From>
          <StopPointRef>3200YND24250</StopPointRef>
          <TimingStatus>OTH</TimingStatus>
        </From>
        <To>
          <StopPointRef>3200YND24260</StopPointRef>
          <TimingStatus>PTP</TimingStatus>
        </To>
        <RouteLinkRef>YNAJKM0_002_27415</RouteLinkRef>
        <Direction>inbound</Direction>
        <RunTime>PT120S</RunTime>
      </JourneyPatternTimingLink>
      <JourneyPatternTimingLink id="JPS_YNAJKM0-4_27416">
        <From>
          <StopPointRef>3200YND24260</StopPointRef>
          <TimingStatus>PTP</TimingStatus>
        </From>
        <To>
          <StopPointRef>3200YND24270</StopPointRef>
          <TimingStatus>OTH</TimingStatus>
        </To>
        <RouteLinkRef>YNAJKM0_002_27416</RouteLinkRef>
        <Direction>inbound</Direction>
        <RunTime>PT0S</RunTime>
      </JourneyPatternTimingLink>
      <JourneyPatternTimingLink id="JPS_YNAJKM0-4_27417">
        <From>
          <StopPointRef>3200YND24270</StopPointRef>
          <TimingStatus>OTH</TimingStatus>
        </From>
        <To>
          <StopPointRef>3200YND24570</StopPointRef>
          <TimingStatus>OTH</TimingStatus>
        </To>
        <RouteLinkRef>YNAJKM0_002_27417</RouteLinkRef>
        <Direction>inbound</Direction>
        <RunTime>PT60S</RunTime>
      </JourneyPatternTimingLink>
      <JourneyPatternTimingLink id="JPS_YNAJKM0-4_27418">
        <From>
          <StopPointRef>3200YND24570</StopPointRef>
          <TimingStatus>OTH</TimingStatus>
        </From>
        <To>
          <StopPointRef>3200YND24560</StopPointRef>
          <TimingStatus>OTH</TimingStatus>
        </To>
        <RouteLinkRef>YNAJKM0_002_27418</RouteLinkRef>
        <Direction>inbound</Direction>
        <RunTime>PT0S</RunTime>
      </JourneyPatternTimingLink>
      <JourneyPatternTimingLink id="JPS_YNAJKM0-4_27419">
        <From>
          <StopPointRef>3200YND24560</StopPointRef>
          <TimingStatus>OTH</TimingStatus>
        </From>
        <To>
          <StopPointRef>3200YND24300</StopPointRef>
          <TimingStatus>PTP</TimingStatus>
        </To>
        <RouteLinkRef>YNAJKM0_002_27419</RouteLinkRef>
        <Direction>inbound</Direction>
        <RunTime>PT60S</RunTime>
      </JourneyPatternTimingLink>
      <JourneyPatternTimingLink id="JPS_YNAJKM0-4_27420">
        <From>
          <StopPointRef>3200YND24300</StopPointRef>
          <TimingStatus>PTP</TimingStatus>
        </From>
        <To>
          <StopPointRef>3200YND24310</StopPointRef>
          <TimingStatus>OTH</TimingStatus>
        </To>
        <RouteLinkRef>YNAJKM0_002_27420</RouteLinkRef>
        <Direction>inbound</Direction>
        <RunTime>PT0S</RunTime>
      </JourneyPatternTimingLink>
      <JourneyPatternTimingLink id="JPS_YNAJKM0-4_27421">
        <From>
          <StopPointRef>3200YND24310</StopPointRef>
          <TimingStatus>OTH</TimingStatus>
        </From>
        <To>
          <StopPointRef>3200YND24320</StopPointRef>
          <TimingStatus>OTH</TimingStatus>
        </To>
        <RouteLinkRef>YNAJKM0_002_27421</RouteLinkRef>
        <Direction>inbound</Direction>
        <RunTime>PT0S</RunTime>
      </JourneyPatternTimingLink>
      <JourneyPatternTimingLink id="JPS_YNAJKM0-4_27422">
        <From>
          <StopPointRef>3200YND24320</StopPointRef>
          <TimingStatus>OTH</TimingStatus>
        </From>
        <To>
          <StopPointRef>3200YND24330</StopPointRef>
          <TimingStatus>OTH</TimingStatus>
        </To>
        <RouteLinkRef>YNAJKM0_002_27422</RouteLinkRef>
        <Direction>inbound</Direction>
        <RunTime>PT60S</RunTime>
      </JourneyPatternTimingLink>
      <JourneyPatternTimingLink id="JPS_YNAJKM0-4_27423">
        <From>
          <StopPointRef>3200YND24330</StopPointRef>
          <TimingStatus>OTH</TimingStatus>
        </From>
        <To>
          <StopPointRef>3200YND24340</StopPointRef>
          <TimingStatus>PTP</TimingStatus>
        </To>
        <RouteLinkRef>YNAJKM0_002_27423</RouteLinkRef>
        <Direction>inbound</Direction>
        <RunTime>PT60S</RunTime>
      </JourneyPatternTimingLink>
      <JourneyPatternTimingLink id="JPS_YNAJKM0-4_27424">
        <From>
          <StopPointRef>3200YND24340</StopPointRef>
          <TimingStatus>PTP</TimingStatus>
        </From>
        <To>
          <StopPointRef>3200YND24360</StopPointRef>
          <TimingStatus>OTH</TimingStatus>
        </To>
        <RouteLinkRef>YNAJKM0_002_27424</RouteLinkRef>
        <Direction>inbound</Direction>
        <RunTime>PT0S</RunTime>
      </JourneyPatternTimingLink>
      <JourneyPatternTimingLink id="JPS_YNAJKM0-4_27425">
        <From>
          <StopPointRef>3200YND24360</StopPointRef>
          <TimingStatus>OTH</TimingStatus>
        </From>
        <To>
          <StopPointRef>3200YND24370</StopPointRef>
          <TimingStatus>PTP</TimingStatus>
        </To>
        <RouteLinkRef>YNAJKM0_002_27425</RouteLinkRef>
        <Direction>inbound</Direction>
        <RunTime>PT60S</RunTime>
      </JourneyPatternTimingLink>
      <JourneyPatternTimingLink id="JPS_YNAJKM0-4_27426">
        <From>
          <StopPointRef>3200YND24370</StopPointRef>
          <TimingStatus>PTP</TimingStatus>
        </From>
        <To>
          <StopPointRef>3200YND24380</StopPointRef>
          <TimingStatus>PTP</TimingStatus>
        </To>
        <RouteLinkRef>YNAJKM0_002_27426</RouteLinkRef>
        <Direction>inbound</Direction>
        <RunTime>PT120S</RunTime>
      </JourneyPatternTimingLink>
      <JourneyPatternTimingLink id="JPS_YNAJKM0-4_27427">
        <From>
          <StopPointRef>3200YND24380</StopPointRef>
          <TimingStatus>PTP</TimingStatus>
        </From>
        <To>
          <StopPointRef>3200YND24390</StopPointRef>
          <TimingStatus>OTH</TimingStatus>
        </To>
        <RouteLinkRef>YNAJKM0_002_27427</RouteLinkRef>
        <Direction>inbound</Direction>
        <RunTime>PT60S</RunTime>
      </JourneyPatternTimingLink>
      <JourneyPatternTimingLink id="JPS_YNAJKM0-4_27428">
        <From>
          <StopPointRef>3200YND24390</StopPointRef>
          <TimingStatus>OTH</TimingStatus>
        </From>
        <To>
          <StopPointRef>3200YND24400</StopPointRef>
          <TimingStatus>OTH</TimingStatus>
        </To>
        <RouteLinkRef>YNAJKM0_002_27428</RouteLinkRef>
        <Direction>inbound</Direction>
        <RunTime>PT120S</RunTime>
      </JourneyPatternTimingLink>
      <JourneyPatternTimingLink id="JPS_YNAJKM0-4_27429">
        <From>
          <StopPointRef>3200YND24400</StopPointRef>
          <TimingStatus>OTH</TimingStatus>
        </From>
        <To>
          <StopPointRef>3200YND24410</StopPointRef>
          <TimingStatus>OTH</TimingStatus>
        </To>
        <RouteLinkRef>YNAJKM0_002_27429</RouteLinkRef>
        <Direction>inbound</Direction>
        <RunTime>PT60S</RunTime>
      </JourneyPatternTimingLink>
      <JourneyPatternTimingLink id="JPS_YNAJKM0-4_27430">
        <From>
          <StopPointRef>3200YND24410</StopPointRef>
          <TimingStatus>OTH</TimingStatus>
        </From>
        <To>
          <StopPointRef>3200YND24420</StopPointRef>
          <TimingStatus>PTP</TimingStatus>
        </To>
        <RouteLinkRef>YNAJKM0_002_27430</RouteLinkRef>
        <Direction>inbound</Direction>
        <RunTime>PT60S</RunTime>
      </JourneyPatternTimingLink>
    </JourneyPatternSection>
  </JourneyPatternSections>
  <Operators>
    <Operator id="JKM">
      <NationalOperatorCode>JKMG</NationalOperatorCode>
      <OperatorCode>JKM</OperatorCode>
      <OperatorShortName>J K Murgatroyd</OperatorShortName>
    </Operator>
  </Operators>
  <Services>
    <Service>
      <ServiceCode>YNAJKM0</ServiceCode>
      <Lines>
        <Line id="0">
          <LineName>JKM</LineName>
        </Line>
      </Lines>
      <OperatingPeriod>
        <StartDate>2011-10-05</StartDate>
        <EndDate>2038-01-17</EndDate>
      </OperatingPeriod>
      <RegisteredOperatorRef>JKM</RegisteredOperatorRef>
      <StopRequirements>
        <NoNewStopsRequired />
      </StopRequirements>
      <Mode>bus</Mode>
      <Description>Pateley Bridge - Ripon</Description>
      <StandardService>
        <Origin>Pateley Bridge</Origin>
        <Destination>Ripon</Destination>
        <JourneyPattern id="JPS_YNAJKM0-3">
          <Direction>outbound</Direction>
          <JourneyPatternSectionRefs>JPS_YNAJKM0-3</JourneyPatternSectionRefs>
        </JourneyPattern>
        <JourneyPattern id="JPS_YNAJKM0-4">
          <Direction>inbound</Direction>
          <JourneyPatternSectionRefs>JPS_YNAJKM0-4</JourneyPatternSectionRefs>
        </JourneyPattern>
      </StandardService>
    </Service>
  </Services>
  <VehicleJourneys>
    <VehicleJourney>
      <OperatorRef>JKM</OperatorRef>
      <OperatingProfile>
        <RegularDayType>
          <DaysOfWeek>
            <Thursday />
          </DaysOfWeek>
        </RegularDayType>
      </OperatingProfile>
      <VehicleJourneyCode>72082</VehicleJourneyCode>
      <ServiceRef>YNAJKM0</ServiceRef>
      <LineRef>0</LineRef>
      <JourneyPatternRef>JPS_YNAJKM0-3</JourneyPatternRef>
      <DepartureTime>09:30:00</DepartureTime>
    </VehicleJourney>
    <VehicleJourney>
      <OperatorRef>JKM</OperatorRef>
      <OperatingProfile>
        <RegularDayType>
          <DaysOfWeek>
            <Thursday />
          </DaysOfWeek>
        </RegularDayType>
      </OperatingProfile>
      <VehicleJourneyCode>72083</VehicleJourneyCode>
      <ServiceRef>YNAJKM0</ServiceRef>
      <LineRef>0</LineRef>
      <JourneyPatternRef>JPS_YNAJKM0-4</JourneyPatternRef>
      <DepartureTime>13:30:00</DepartureTime>
    </VehicleJourney>
  </VehicleJourneys>
</TransXChange>