<?xml version="1.0" encoding="utf-8"?>
<TransXChange xmlns:xsd="http://www.w3.org/2001/XMLSchema" xmlns:xsi="http://www.w3.org/2001/XMLSchema-instance" xsi:schemaLocation="http://www.transxchange.org.uk/ http://www.transxchange.org.uk/schema/2.1/TransXChange_general.xsd" CreationDateTime="2017-09-18T09:38:00-00:00" ModificationDateTime="2017-09-18T09:38:00-00:00" Modification="new" RevisionNumber="0" FileName="SVRYNBO494.xml" SchemaVersion="2.1" RegistrationDocument="false" xmlns="http://www.transxchange.org.uk/">
  <StopPoints>
    <AnnotatedStopPointRef>
      <StopPointRef>3200YNA00528</StopPointRef>
      <CommonName>Bus Station Stand 3</CommonName>
    </AnnotatedStopPointRef>
    <AnnotatedStopPointRef>
      <StopPointRef>3200YNA00523</StopPointRef>
      <CommonName>Queens Gardens</CommonName>
    </AnnotatedStopPointRef>
    <AnnotatedStopPointRef>
      <StopPointRef>3200YNA00507</StopPointRef>
      <CommonName>Leeds Road</CommonName>
    </AnnotatedStopPointRef>
    <AnnotatedStopPointRef>
      <StopPointRef>3200YNA00505</StopPointRef>
      <CommonName>Golf Links Avenue</CommonName>
    </AnnotatedStopPointRef>
    <AnnotatedStopPointRef>
      <StopPointRef>3200YNA00502</StopPointRef>
      <CommonName>The Jackdaw</CommonName>
    </AnnotatedStopPointRef>
    <AnnotatedStopPointRef>
      <StopPointRef>3200YNA00501</StopPointRef>
      <CommonName>Hawthorne Avenue</CommonName>
    </AnnotatedStopPointRef>
    <AnnotatedStopPointRef>
      <StopPointRef>3200YNA00498</StopPointRef>
      <CommonName>Manor House</CommonName>
    </AnnotatedStopPointRef>
    <AnnotatedStopPointRef>
      <StopPointRef>3200YNA00496</StopPointRef>
      <CommonName>Plantation</CommonName>
    </AnnotatedStopPointRef>
    <AnnotatedStopPointRef>
      <StopPointRef>3200YNA00495</StopPointRef>
      <CommonName>Rockingham Court</CommonName>
    </AnnotatedStopPointRef>
    <AnnotatedStopPointRef>
      <StopPointRef>3200YNA00493</StopPointRef>
      <CommonName>Scarthingwell Crescent</CommonName>
    </AnnotatedStopPointRef>
    <AnnotatedStopPointRef>
      <StopPointRef>3200YNA00490</StopPointRef>
      <CommonName>Headwell Lane</CommonName>
    </AnnotatedStopPointRef>
    <AnnotatedStopPointRef>
      <StopPointRef>3200YNA00489</StopPointRef>
      <CommonName>Catholic Primary School</CommonName>
    </AnnotatedStopPointRef>
    <AnnotatedStopPointRef>
      <StopPointRef>3200YNA00554</StopPointRef>
      <CommonName>Main Street</CommonName>
    </AnnotatedStopPointRef>
    <AnnotatedStopPointRef>
      <StopPointRef>3200YNA00552</StopPointRef>
      <CommonName>Holy Trinity Church</CommonName>
    </AnnotatedStopPointRef>
    <AnnotatedStopPointRef>
      <StopPointRef>3200YNA00555</StopPointRef>
      <CommonName>Telephone Exchange</CommonName>
    </AnnotatedStopPointRef>
    <AnnotatedStopPointRef>
      <StopPointRef>3200YNA00549</StopPointRef>
      <CommonName>Station</CommonName>
    </AnnotatedStopPointRef>
    <AnnotatedStopPointRef>
      <StopPointRef>3200YNA00557</StopPointRef>
      <CommonName>St Mary the Virgin Church</CommonName>
    </AnnotatedStopPointRef>
    <AnnotatedStopPointRef>
      <StopPointRef>3200YNE02043</StopPointRef>
      <CommonName>Sweeming Lane</CommonName>
    </AnnotatedStopPointRef>
    <AnnotatedStopPointRef>
      <StopPointRef>3200YNA00565</StopPointRef>
      <CommonName>Blacksmiths Arms</CommonName>
    </AnnotatedStopPointRef>
    <AnnotatedStopPointRef>
      <StopPointRef>3200YNA00568</StopPointRef>
      <CommonName>Biggin Crossroads</CommonName>
    </AnnotatedStopPointRef>
    <AnnotatedStopPointRef>
      <StopPointRef>3200YNA00592</StopPointRef>
      <CommonName>The Bungalow</CommonName>
    </AnnotatedStopPointRef>
    <AnnotatedStopPointRef>
      <StopPointRef>3200YNA00589</StopPointRef>
      <CommonName>Monk Lane</CommonName>
    </AnnotatedStopPointRef>
    <AnnotatedStopPointRef>
      <StopPointRef>3200YNA00588</StopPointRef>
      <CommonName>High Meadow</CommonName>
    </AnnotatedStopPointRef>
    <AnnotatedStopPointRef>
      <StopPointRef>3200YNA00572</StopPointRef>
      <CommonName>Dixons</CommonName>
    </AnnotatedStopPointRef>
    <AnnotatedStopPointRef>
      <StopPointRef>3200YNA00569</StopPointRef>
      <CommonName>Leisure Centre</CommonName>
    </AnnotatedStopPointRef>
    <AnnotatedStopPointRef>
      <StopPointRef>3200YNA00041</StopPointRef>
      <CommonName>Audus Street</CommonName>
    </AnnotatedStopPointRef>
    <AnnotatedStopPointRef>
      <StopPointRef>3200YNA00001</StopPointRef>
      <CommonName>Bus Stn Stand 1</CommonName>
    </AnnotatedStopPointRef>
    <AnnotatedStopPointRef>
      <StopPointRef>3200YNA06392</StopPointRef>
      <CommonName>Bus Stn Stand 5</CommonName>
    </AnnotatedStopPointRef>
    <AnnotatedStopPointRef>
      <StopPointRef>3200YNA00039</StopPointRef>
      <CommonName>Audus Street</CommonName>
    </AnnotatedStopPointRef>
    <AnnotatedStopPointRef>
      <StopPointRef>3200YNA00570</StopPointRef>
      <CommonName>Leisure Centre</CommonName>
    </AnnotatedStopPointRef>
    <AnnotatedStopPointRef>
      <StopPointRef>3200YNA00571</StopPointRef>
      <CommonName>Dixons</CommonName>
    </AnnotatedStopPointRef>
    <AnnotatedStopPointRef>
      <StopPointRef>3200YNA00587</StopPointRef>
      <CommonName>Yew Tree Close</CommonName>
    </AnnotatedStopPointRef>
    <AnnotatedStopPointRef>
      <StopPointRef>3200YNA00590</StopPointRef>
      <CommonName>Monk Lane</CommonName>
    </AnnotatedStopPointRef>
    <AnnotatedStopPointRef>
      <StopPointRef>3200YNA00591</StopPointRef>
      <CommonName>The Bungalow</CommonName>
    </AnnotatedStopPointRef>
    <AnnotatedStopPointRef>
      <StopPointRef>3200YNA00567</StopPointRef>
      <CommonName>Biggin Crossroads</CommonName>
    </AnnotatedStopPointRef>
    <AnnotatedStopPointRef>
      <StopPointRef>3200YNA00566</StopPointRef>
      <CommonName>Blacksmiths Arm</CommonName>
    </AnnotatedStopPointRef>
    <AnnotatedStopPointRef>
      <StopPointRef>3200YNA00558</StopPointRef>
      <CommonName>St Mary The Virgin Church</CommonName>
    </AnnotatedStopPointRef>
    <AnnotatedStopPointRef>
      <StopPointRef>3200YNA00548</StopPointRef>
      <CommonName>Kirk Fenton P Sch</CommonName>
    </AnnotatedStopPointRef>
    <AnnotatedStopPointRef>
      <StopPointRef>3200YNA00556</StopPointRef>
      <CommonName>Telephone Exchange</CommonName>
    </AnnotatedStopPointRef>
    <AnnotatedStopPointRef>
      <StopPointRef>3200YNA00551</StopPointRef>
      <CommonName>Holy Trinity Church</CommonName>
    </AnnotatedStopPointRef>
    <AnnotatedStopPointRef>
      <StopPointRef>3200YNA00553</StopPointRef>
      <CommonName>Main Street</CommonName>
    </AnnotatedStopPointRef>
    <AnnotatedStopPointRef>
      <StopPointRef>3200YNA00491</StopPointRef>
      <CommonName>Headwell Lane</CommonName>
    </AnnotatedStopPointRef>
    <AnnotatedStopPointRef>
      <StopPointRef>3200YNA00492</StopPointRef>
      <CommonName>Scarthingwell Crescent</CommonName>
    </AnnotatedStopPointRef>
    <AnnotatedStopPointRef>
      <StopPointRef>3200YNA00494</StopPointRef>
      <CommonName>Rockingham Court</CommonName>
    </AnnotatedStopPointRef>
    <AnnotatedStopPointRef>
      <StopPointRef>3200YNA00497</StopPointRef>
      <CommonName>Plantation</CommonName>
    </AnnotatedStopPointRef>
    <AnnotatedStopPointRef>
      <StopPointRef>3200YNA00499</StopPointRef>
      <CommonName>Weedling Gate</CommonName>
    </AnnotatedStopPointRef>
    <AnnotatedStopPointRef>
      <StopPointRef>3200YNA00500</StopPointRef>
      <CommonName>Windmill Rise</CommonName>
    </AnnotatedStopPointRef>
    <AnnotatedStopPointRef>
      <StopPointRef>3200YNA00503</StopPointRef>
      <CommonName>Stutton Road Shops</CommonName>
    </AnnotatedStopPointRef>
    <AnnotatedStopPointRef>
      <StopPointRef>3200YNA00506</StopPointRef>
      <CommonName>Golf Links Avenue</CommonName>
    </AnnotatedStopPointRef>
    <AnnotatedStopPointRef>
      <StopPointRef>3200YNA00508</StopPointRef>
      <CommonName>Leeds Road</CommonName>
    </AnnotatedStopPointRef>
    <AnnotatedStopPointRef>
      <StopPointRef>3200YNA00524</StopPointRef>
      <CommonName>Queens Gardens</CommonName>
    </AnnotatedStopPointRef>
    <AnnotatedStopPointRef>
      <StopPointRef>3200YNA00525</StopPointRef>
      <CommonName>New Street</CommonName>
    </AnnotatedStopPointRef>
  </StopPoints>
  <RouteSections>
    <RouteSection id="YNBO494_001">
      <RouteLink id="YNBO494_001_40267">
        <From>
          <StopPointRef>3200YNA00528</StopPointRef>
        </From>
        <To>
          <StopPointRef>3200YNA00523</StopPointRef>
        </To>
        <Direction>outbound</Direction>
      </RouteLink>
      <RouteLink id="YNBO494_001_40268">
        <From>
          <StopPointRef>3200YNA00523</StopPointRef>
        </From>
        <To>
          <StopPointRef>3200YNA00507</StopPointRef>
        </To>
        <Direction>outbound</Direction>
      </RouteLink>
      <RouteLink id="YNBO494_001_40269">
        <From>
          <StopPointRef>3200YNA00507</StopPointRef>
        </From>
        <To>
          <StopPointRef>3200YNA00505</StopPointRef>
        </To>
        <Direction>outbound</Direction>
      </RouteLink>
      <RouteLink id="YNBO494_001_40270">
        <From>
          <StopPointRef>3200YNA00505</StopPointRef>
        </From>
        <To>
          <StopPointRef>3200YNA00502</StopPointRef>
        </To>
        <Direction>outbound</Direction>
      </RouteLink>
      <RouteLink id="YNBO494_001_40271">
        <From>
          <StopPointRef>3200YNA00502</StopPointRef>
        </From>
        <To>
          <StopPointRef>3200YNA00501</StopPointRef>
        </To>
        <Direction>outbound</Direction>
      </RouteLink>
      <RouteLink id="YNBO494_001_40272">
        <From>
          <StopPointRef>3200YNA00501</StopPointRef>
        </From>
        <To>
          <StopPointRef>3200YNA00498</StopPointRef>
        </To>
        <Direction>outbound</Direction>
      </RouteLink>
      <RouteLink id="YNBO494_001_40273">
        <From>
          <StopPointRef>3200YNA00498</StopPointRef>
        </From>
        <To>
          <StopPointRef>3200YNA00496</StopPointRef>
        </To>
        <Direction>outbound</Direction>
      </RouteLink>
      <RouteLink id="YNBO494_001_40274">
        <From>
          <StopPointRef>3200YNA00496</StopPointRef>
        </From>
        <To>
          <StopPointRef>3200YNA00495</StopPointRef>
        </To>
        <Direction>outbound</Direction>
      </RouteLink>
      <RouteLink id="YNBO494_001_40275">
        <From>
          <StopPointRef>3200YNA00495</StopPointRef>
        </From>
        <To>
          <StopPointRef>3200YNA00493</StopPointRef>
        </To>
        <Direction>outbound</Direction>
      </RouteLink>
      <RouteLink id="YNBO494_001_40276">
        <From>
          <StopPointRef>3200YNA00493</StopPointRef>
        </From>
        <To>
          <StopPointRef>3200YNA00490</StopPointRef>
        </To>
        <Direction>outbound</Direction>
      </RouteLink>
      <RouteLink id="YNBO494_001_40277">
        <From>
          <StopPointRef>3200YNA00490</StopPointRef>
        </From>
        <To>
          <StopPointRef>3200YNA00489</StopPointRef>
        </To>
        <Direction>outbound</Direction>
      </RouteLink>
      <RouteLink id="YNBO494_001_40278">
        <From>
          <StopPointRef>3200YNA00489</StopPointRef>
        </From>
        <To>
          <StopPointRef>3200YNA00554</StopPointRef>
        </To>
        <Direction>outbound</Direction>
      </RouteLink>
      <RouteLink id="YNBO494_001_40279">
        <From>
          <StopPointRef>3200YNA00554</StopPointRef>
        </From>
        <To>
          <StopPointRef>3200YNA00552</StopPointRef>
        </To>
        <Direction>outbound</Direction>
      </RouteLink>
      <RouteLink id="YNBO494_001_40280">
        <From>
          <StopPointRef>3200YNA00552</StopPointRef>
        </From>
        <To>
          <StopPointRef>3200YNA00555</StopPointRef>
        </To>
        <Direction>outbound</Direction>
      </RouteLink>
      <RouteLink id="YNBO494_001_40281">
        <From>
          <StopPointRef>3200YNA00555</StopPointRef>
        </From>
        <To>
          <StopPointRef>3200YNA00549</StopPointRef>
        </To>
        <Direction>outbound</Direction>
      </RouteLink>
      <RouteLink id="YNBO494_001_40282">
        <From>
          <StopPointRef>3200YNA00549</StopPointRef>
        </From>
        <To>
          <StopPointRef>3200YNA00557</StopPointRef>
        </To>
        <Direction>outbound</Direction>
      </RouteLink>
      <RouteLink id="YNBO494_001_40283">
        <From>
          <StopPointRef>3200YNA00557</StopPointRef>
        </From>
        <To>
          <StopPointRef>3200YNE02043</StopPointRef>
        </To>
        <Direction>outbound</Direction>
      </RouteLink>
      <RouteLink id="YNBO494_001_40284">
        <From>
          <StopPointRef>3200YNE02043</StopPointRef>
        </From>
        <To>
          <StopPointRef>3200YNA00565</StopPointRef>
        </To>
        <Direction>outbound</Direction>
      </RouteLink>
      <RouteLink id="YNBO494_001_40285">
        <From>
          <StopPointRef>3200YNA00565</StopPointRef>
        </From>
        <To>
          <StopPointRef>3200YNA00568</StopPointRef>
        </To>
        <Direction>outbound</Direction>
      </RouteLink>
      <RouteLink id="YNBO494_001_40286">
        <From>
          <StopPointRef>3200YNA00568</StopPointRef>
        </From>
        <To>
          <StopPointRef>3200YNA00592</StopPointRef>
        </To>
        <Direction>outbound</Direction>
      </RouteLink>
      <RouteLink id="YNBO494_001_40287">
        <From>
          <StopPointRef>3200YNA00592</StopPointRef>
        </From>
        <To>
          <StopPointRef>3200YNA00589</StopPointRef>
        </To>
        <Direction>outbound</Direction>
      </RouteLink>
      <RouteLink id="YNBO494_001_40288">
        <From>
          <StopPointRef>3200YNA00589</StopPointRef>
        </From>
        <To>
          <StopPointRef>3200YNA00588</StopPointRef>
        </To>
        <Direction>outbound</Direction>
      </RouteLink>
      <RouteLink id="YNBO494_001_40289">
        <From>
          <StopPointRef>3200YNA00588</StopPointRef>
        </From>
        <To>
          <StopPointRef>3200YNA00572</StopPointRef>
        </To>
        <Direction>outbound</Direction>
      </RouteLink>
      <RouteLink id="YNBO494_001_40290">
        <From>
          <StopPointRef>3200YNA00572</StopPointRef>
        </From>
        <To>
          <StopPointRef>3200YNA00569</StopPointRef>
        </To>
        <Direction>outbound</Direction>
      </RouteLink>
      <RouteLink id="YNBO494_001_40291">
        <From>
          <StopPointRef>3200YNA00569</StopPointRef>
        </From>
        <To>
          <StopPointRef>3200YNA00041</StopPointRef>
        </To>
        <Direction>outbound</Direction>
      </RouteLink>
      <RouteLink id="YNBO494_001_40292">
        <From>
          <StopPointRef>3200YNA00041</StopPointRef>
        </From>
        <To>
          <StopPointRef>3200YNA00001</StopPointRef>
        </To>
        <Direction>outbound</Direction>
      </RouteLink>
    </RouteSection>
    <RouteSection id="YNBO494_002">
      <RouteLink id="YNBO494_002_40294">
        <From>
          <StopPointRef>3200YNA06392</StopPointRef>
        </From>
        <To>
          <StopPointRef>3200YNA00039</StopPointRef>
        </To>
        <Direction>inbound</Direction>
      </RouteLink>
      <RouteLink id="YNBO494_002_40295">
        <From>
          <StopPointRef>3200YNA00039</StopPointRef>
        </From>
        <To>
          <StopPointRef>3200YNA00570</StopPointRef>
        </To>
        <Direction>inbound</Direction>
      </RouteLink>
      <RouteLink id="YNBO494_002_40296">
        <From>
          <StopPointRef>3200YNA00570</StopPointRef>
        </From>
        <To>
          <StopPointRef>3200YNA00571</StopPointRef>
        </To>
        <Direction>inbound</Direction>
      </RouteLink>
      <RouteLink id="YNBO494_002_40297">
        <From>
          <StopPointRef>3200YNA00571</StopPointRef>
        </From>
        <To>
          <StopPointRef>3200YNA00587</StopPointRef>
        </To>
        <Direction>inbound</Direction>
      </RouteLink>
      <RouteLink id="YNBO494_002_40298">
        <From>
          <StopPointRef>3200YNA00587</StopPointRef>
        </From>
        <To>
          <StopPointRef>3200YNA00590</StopPointRef>
        </To>
        <Direction>inbound</Direction>
      </RouteLink>
      <RouteLink id="YNBO494_002_40299">
        <From>
          <StopPointRef>3200YNA00590</StopPointRef>
        </From>
        <To>
          <StopPointRef>3200YNA00591</StopPointRef>
        </To>
        <Direction>inbound</Direction>
      </RouteLink>
      <RouteLink id="YNBO494_002_40300">
        <From>
          <StopPointRef>3200YNA00591</StopPointRef>
        </From>
        <To>
          <StopPointRef>3200YNA00567</StopPointRef>
        </To>
        <Direction>inbound</Direction>
      </RouteLink>
      <RouteLink id="YNBO494_002_40301">
        <From>
          <StopPointRef>3200YNA00567</StopPointRef>
        </From>
        <To>
          <StopPointRef>3200YNA00566</StopPointRef>
        </To>
        <Direction>inbound</Direction>
      </RouteLink>
      <RouteLink id="YNBO494_002_40302">
        <From>
          <StopPointRef>3200YNA00566</StopPointRef>
        </From>
        <To>
          <StopPointRef>3200YNE02043</StopPointRef>
        </To>
        <Direction>inbound</Direction>
      </RouteLink>
      <RouteLink id="YNBO494_002_40303">
        <From>
          <StopPointRef>3200YNE02043</StopPointRef>
        </From>
        <To>
          <StopPointRef>3200YNA00558</StopPointRef>
        </To>
        <Direction>inbound</Direction>
      </RouteLink>
      <RouteLink id="YNBO494_002_40304">
        <From>
          <StopPointRef>3200YNA00558</StopPointRef>
        </From>
        <To>
          <StopPointRef>3200YNA00548</StopPointRef>
        </To>
        <Direction>inbound</Direction>
      </RouteLink>
      <RouteLink id="YNBO494_002_40305">
        <From>
          <StopPointRef>3200YNA00548</StopPointRef>
        </From>
        <To>
          <StopPointRef>3200YNA00549</StopPointRef>
        </To>
        <Direction>inbound</Direction>
      </RouteLink>
      <RouteLink id="YNBO494_002_40306">
        <From>
          <StopPointRef>3200YNA00549</StopPointRef>
        </From>
        <To>
          <StopPointRef>3200YNA00556</StopPointRef>
        </To>
        <Direction>inbound</Direction>
      </RouteLink>
      <RouteLink id="YNBO494_002_40307">
        <From>
          <StopPointRef>3200YNA00556</StopPointRef>
        </From>
        <To>
          <StopPointRef>3200YNA00551</StopPointRef>
        </To>
        <Direction>inbound</Direction>
      </RouteLink>
      <RouteLink id="YNBO494_002_40308">
        <From>
          <StopPointRef>3200YNA00551</StopPointRef>
        </From>
        <To>
          <StopPointRef>3200YNA00553</StopPointRef>
        </To>
        <Direction>inbound</Direction>
      </RouteLink>
      <RouteLink id="YNBO494_002_40309">
        <From>
          <StopPointRef>3200YNA00553</StopPointRef>
        </From>
        <To>
          <StopPointRef>3200YNA00491</StopPointRef>
        </To>
        <Direction>inbound</Direction>
      </RouteLink>
      <RouteLink id="YNBO494_002_40310">
        <From>
          <StopPointRef>3200YNA00491</StopPointRef>
        </From>
        <To>
          <StopPointRef>3200YNA00492</StopPointRef>
        </To>
        <Direction>inbound</Direction>
      </RouteLink>
      <RouteLink id="YNBO494_002_40311">
        <From>
          <StopPointRef>3200YNA00492</StopPointRef>
        </From>
        <To>
          <StopPointRef>3200YNA00494</StopPointRef>
        </To>
        <Direction>inbound</Direction>
      </RouteLink>
      <RouteLink id="YNBO494_002_40312">
        <From>
          <StopPointRef>3200YNA00494</StopPointRef>
        </From>
        <To>
          <StopPointRef>3200YNA00497</StopPointRef>
        </To>
        <Direction>inbound</Direction>
      </RouteLink>
      <RouteLink id="YNBO494_002_40313">
        <From>
          <StopPointRef>3200YNA00497</StopPointRef>
        </From>
        <To>
          <StopPointRef>3200YNA00499</StopPointRef>
        </To>
        <Direction>inbound</Direction>
      </RouteLink>
      <RouteLink id="YNBO494_002_40314">
        <From>
          <StopPointRef>3200YNA00499</StopPointRef>
        </From>
        <To>
          <StopPointRef>3200YNA00500</StopPointRef>
        </To>
        <Direction>inbound</Direction>
      </RouteLink>
      <RouteLink id="YNBO494_002_40315">
        <From>
          <StopPointRef>3200YNA00500</StopPointRef>
        </From>
        <To>
          <StopPointRef>3200YNA00503</StopPointRef>
        </To>
        <Direction>inbound</Direction>
      </RouteLink>
      <RouteLink id="YNBO494_002_40316">
        <From>
          <StopPointRef>3200YNA00503</StopPointRef>
        </From>
        <To>
          <StopPointRef>3200YNA00506</StopPointRef>
        </To>
        <Direction>inbound</Direction>
      </RouteLink>
      <RouteLink id="YNBO494_002_40317">
        <From>
          <StopPointRef>3200YNA00506</StopPointRef>
        </From>
        <To>
          <StopPointRef>3200YNA00508</StopPointRef>
        </To>
        <Direction>inbound</Direction>
      </RouteLink>
      <RouteLink id="YNBO494_002_40318">
        <From>
          <StopPointRef>3200YNA00508</StopPointRef>
        </From>
        <To>
          <StopPointRef>3200YNA00524</StopPointRef>
        </To>
        <Direction>inbound</Direction>
      </RouteLink>
      <RouteLink id="YNBO494_002_40319">
        <From>
          <StopPointRef>3200YNA00524</StopPointRef>
        </From>
        <To>
          <StopPointRef>3200YNA00525</StopPointRef>
        </To>
        <Direction>inbound</Direction>
      </RouteLink>
      <RouteLink id="YNBO494_002_40320">
        <From>
          <StopPointRef>3200YNA00525</StopPointRef>
        </From>
        <To>
          <StopPointRef>3200YNA00528</StopPointRef>
        </To>
        <Direction>inbound</Direction>
      </RouteLink>
    </RouteSection>
  </RouteSections>
  <Routes>
    <Route id="YNBO494_001">
      <Description>Tadcaster - Selby
</Description>
      <RouteSectionRef>YNBO494_001</RouteSectionRef>
    </Route>
    <Route id="YNBO494_002">
      <Description>Selby - Tadcaster
</Description>
      <RouteSectionRef>YNBO494_002</RouteSectionRef>
    </Route>
  </Routes>
  <JourneyPatternSections>
    <JourneyPatternSection id="JPS_YNBO494-3">
      <JourneyPatternTimingLink id="JPS_YNBO494-3_40267">
        <From>
          <StopPointRef>3200YNA00528</StopPointRef>
          <TimingStatus>PTP</TimingStatus>
        </From>
        <To>
          <StopPointRef>3200YNA00523</StopPointRef>
          <TimingStatus>OTH</TimingStatus>
        </To>
        <RouteLinkRef>YNBO494_001_40267</RouteLinkRef>
        <Direction>outbound</Direction>
        <RunTime>PT120S</RunTime>
      </JourneyPatternTimingLink>
      <JourneyPatternTimingLink id="JPS_YNBO494-3_40268">
        <From>
          <StopPointRef>3200YNA00523</StopPointRef>
          <TimingStatus>OTH</TimingStatus>
        </From>
        <To>
          <StopPointRef>3200YNA00507</StopPointRef>
          <TimingStatus>OTH</TimingStatus>
        </To>
        <RouteLinkRef>YNBO494_001_40268</RouteLinkRef>
        <Direction>outbound</Direction>
        <RunTime>PT0S</RunTime>
      </JourneyPatternTimingLink>
      <JourneyPatternTimingLink id="JPS_YNBO494-3_40269">
        <From>
          <StopPointRef>3200YNA00507</StopPointRef>
          <TimingStatus>OTH</TimingStatus>
        </From>
        <To>
          <StopPointRef>3200YNA00505</StopPointRef>
          <TimingStatus>OTH</TimingStatus>
        </To>
        <RouteLinkRef>YNBO494_001_40269</RouteLinkRef>
        <Direction>outbound</Direction>
        <RunTime>PT60S</RunTime>
      </JourneyPatternTimingLink>
      <JourneyPatternTimingLink id="JPS_YNBO494-3_40270">
        <From>
          <StopPointRef>3200YNA00505</StopPointRef>
          <TimingStatus>OTH</TimingStatus>
        </From>
        <To>
          <StopPointRef>3200YNA00502</StopPointRef>
          <TimingStatus>OTH</TimingStatus>
        </To>
        <RouteLinkRef>YNBO494_001_40270</RouteLinkRef>
        <Direction>outbound</Direction>
        <RunTime>PT60S</RunTime>
      </JourneyPatternTimingLink>
      <JourneyPatternTimingLink id="JPS_YNBO494-3_40271">
        <From>
          <StopPointRef>3200YNA00502</StopPointRef>
          <TimingStatus>OTH</TimingStatus>
        </From>
        <To>
          <StopPointRef>3200YNA00501</StopPointRef>
          <TimingStatus>OTH</TimingStatus>
        </To>
        <RouteLinkRef>YNBO494_001_40271</RouteLinkRef>
        <Direction>outbound</Direction>
        <RunTime>PT0S</RunTime>
      </JourneyPatternTimingLink>
      <JourneyPatternTimingLink id="JPS_YNBO494-3_40272">
        <From>
          <StopPointRef>3200YNA00501</StopPointRef>
          <TimingStatus>OTH</TimingStatus>
        </From>
        <To>
          <StopPointRef>3200YNA00498</StopPointRef>
          <TimingStatus>PTP</TimingStatus>
        </To>
        <RouteLinkRef>YNBO494_001_40272</RouteLinkRef>
        <Direction>outbound</Direction>
        <RunTime>PT180S</RunTime>
      </JourneyPatternTimingLink>
      <JourneyPatternTimingLink id="JPS_YNBO494-3_40273">
        <From>
          <StopPointRef>3200YNA00498</StopPointRef>
          <TimingStatus>PTP</TimingStatus>
        </From>
        <To>
          <StopPointRef>3200YNA00496</StopPointRef>
          <TimingStatus>OTH</TimingStatus>
        </To>
        <RouteLinkRef>YNBO494_001_40273</RouteLinkRef>
        <Direction>outbound</Direction>
        <RunTime>PT120S</RunTime>
      </JourneyPatternTimingLink>
      <JourneyPatternTimingLink id="JPS_YNBO494-3_40274">
        <From>
          <StopPointRef>3200YNA00496</StopPointRef>
          <TimingStatus>OTH</TimingStatus>
        </From>
        <To>
          <StopPointRef>3200YNA00495</StopPointRef>
          <TimingStatus>PTP</TimingStatus>
        </To>
        <RouteLinkRef>YNBO494_001_40274</RouteLinkRef>
        <Direction>outbound</Direction>
        <RunTime>PT120S</RunTime>
      </JourneyPatternTimingLink>
      <JourneyPatternTimingLink id="JPS_YNBO494-3_40275">
        <From>
          <StopPointRef>3200YNA00495</StopPointRef>
          <TimingStatus>PTP</TimingStatus>
        </From>
        <To>
          <StopPointRef>3200YNA00493</StopPointRef>
          <TimingStatus>OTH</TimingStatus>
        </To>
        <RouteLinkRef>YNBO494_001_40275</RouteLinkRef>
        <Direction>outbound</Direction>
        <RunTime>PT180S</RunTime>
      </JourneyPatternTimingLink>
      <JourneyPatternTimingLink id="JPS_YNBO494-3_40276">
        <From>
          <StopPointRef>3200YNA00493</StopPointRef>
          <TimingStatus>OTH</TimingStatus>
        </From>
        <To>
          <StopPointRef>3200YNA00490</StopPointRef>
          <TimingStatus>PTP</TimingStatus>
        </To>
        <RouteLinkRef>YNBO494_001_40276</RouteLinkRef>
        <Direction>outbound</Direction>
        <RunTime>PT60S</RunTime>
      </JourneyPatternTimingLink>
      <JourneyPatternTimingLink id="JPS_YNBO494-3_40277">
        <From>
          <StopPointRef>3200YNA00490</StopPointRef>
          <TimingStatus>PTP</TimingStatus>
        </From>
        <To>
          <StopPointRef>3200YNA00489</StopPointRef>
          <TimingStatus>PTP</TimingStatus>
        </To>
        <RouteLinkRef>YNBO494_001_40277</RouteLinkRef>
        <Direction>outbound</Direction>
        <RunTime>PT180S</RunTime>
      </JourneyPatternTimingLink>
      <JourneyPatternTimingLink id="JPS_YNBO494-3_40278">
        <From>
          <StopPointRef>3200YNA00489</StopPointRef>
          <TimingStatus>PTP</TimingStatus>
        </From>
        <To>
          <StopPointRef>3200YNA00554</StopPointRef>
          <TimingStatus>PTP</TimingStatus>
        </To>
        <RouteLinkRef>YNBO494_001_40278</RouteLinkRef>
        <Direction>outbound</Direction>
        <RunTime>PT60S</RunTime>
      </JourneyPatternTimingLink>
      <JourneyPatternTimingLink id="JPS_YNBO494-3_40279">
        <From>
          <StopPointRef>3200YNA00554</StopPointRef>
          <TimingStatus>PTP</TimingStatus>
        </From>
        <To>
          <StopPointRef>3200YNA00552</StopPointRef>
          <TimingStatus>OTH</TimingStatus>
        </To>
        <RouteLinkRef>YNBO494_001_40279</RouteLinkRef>
        <Direction>outbound</Direction>
        <RunTime>PT0S</RunTime>
      </JourneyPatternTimingLink>
      <JourneyPatternTimingLink id="JPS_YNBO494-3_40280">
        <From>
          <StopPointRef>3200YNA00552</StopPointRef>
          <TimingStatus>OTH</TimingStatus>
        </From>
        <To>
          <StopPointRef>3200YNA00555</StopPointRef>
          <TimingStatus>OTH</TimingStatus>
        </To>
        <RouteLinkRef>YNBO494_001_40280</RouteLinkRef>
        <Direction>outbound</Direction>
        <RunTime>PT0S</RunTime>
      </JourneyPatternTimingLink>
      <JourneyPatternTimingLink id="JPS_YNBO494-3_40281">
        <From>
          <StopPointRef>3200YNA00555</StopPointRef>
          <TimingStatus>OTH</TimingStatus>
        </From>
        <To>
          <StopPointRef>3200YNA00549</StopPointRef>
          <TimingStatus>OTH</TimingStatus>
        </To>
        <RouteLinkRef>YNBO494_001_40281</RouteLinkRef>
        <Direction>outbound</Direction>
        <RunTime>PT180S</RunTime>
      </JourneyPatternTimingLink>
      <JourneyPatternTimingLink id="JPS_YNBO494-3_40282">
        <From>
          <StopPointRef>3200YNA00549</StopPointRef>
          <TimingStatus>OTH</TimingStatus>
        </From>
        <To>
          <StopPointRef>3200YNA00557</StopPointRef>
          <TimingStatus>PTP</TimingStatus>
        </To>
        <RouteLinkRef>YNBO494_001_40282</RouteLinkRef>
        <Direction>outbound</Direction>
        <RunTime>PT60S</RunTime>
      </JourneyPatternTimingLink>
      <JourneyPatternTimingLink id="JPS_YNBO494-3_40283">
        <From>
          <StopPointRef>3200YNA00557</StopPointRef>
          <TimingStatus>PTP</TimingStatus>
        </From>
        <To>
          <StopPointRef>3200YNE02043</StopPointRef>
          <TimingStatus>PTP</TimingStatus>
        </To>
        <RouteLinkRef>YNBO494_001_40283</RouteLinkRef>
        <Direction>outbound</Direction>
        <RunTime>PT240S</RunTime>
      </JourneyPatternTimingLink>
      <JourneyPatternTimingLink id="JPS_YNBO494-3_40284">
        <From>
          <StopPointRef>3200YNE02043</StopPointRef>
          <TimingStatus>PTP</TimingStatus>
        </From>
        <To>
          <StopPointRef>3200YNA00565</StopPointRef>
          <TimingStatus>PTP</TimingStatus>
        </To>
        <RouteLinkRef>YNBO494_001_40284</RouteLinkRef>
        <Direction>outbound</Direction>
        <RunTime>PT180S</RunTime>
      </JourneyPatternTimingLink>
      <JourneyPatternTimingLink id="JPS_YNBO494-3_40285">
        <From>
          <StopPointRef>3200YNA00565</StopPointRef>
          <TimingStatus>PTP</TimingStatus>
        </From>
        <To>
          <StopPointRef>3200YNA00568</StopPointRef>
          <TimingStatus>OTH</TimingStatus>
        </To>
        <RouteLinkRef>YNBO494_001_40285</RouteLinkRef>
        <Direction>outbound</Direction>
        <RunTime>PT60S</RunTime>
      </JourneyPatternTimingLink>
      <JourneyPatternTimingLink id="JPS_YNBO494-3_40286">
        <From>
          <StopPointRef>3200YNA00568</StopPointRef>
          <TimingStatus>OTH</TimingStatus>
        </From>
        <To>
          <StopPointRef>3200YNA00592</StopPointRef>
          <TimingStatus>OTH</TimingStatus>
        </To>
        <RouteLinkRef>YNBO494_001_40286</RouteLinkRef>
        <Direction>outbound</Direction>
        <RunTime>PT600S</RunTime>
      </JourneyPatternTimingLink>
      <JourneyPatternTimingLink id="JPS_YNBO494-3_40287">
        <From>
          <StopPointRef>3200YNA00592</StopPointRef>
          <TimingStatus>OTH</TimingStatus>
        </From>
        <To>
          <StopPointRef>3200YNA00589</StopPointRef>
          <TimingStatus>OTH</TimingStatus>
        </To>
        <RouteLinkRef>YNBO494_001_40287</RouteLinkRef>
        <Direction>outbound</Direction>
        <RunTime>PT60S</RunTime>
      </JourneyPatternTimingLink>
      <JourneyPatternTimingLink id="JPS_YNBO494-3_40288">
        <From>
          <StopPointRef>3200YNA00589</StopPointRef>
          <TimingStatus>OTH</TimingStatus>
        </From>
        <To>
          <StopPointRef>3200YNA00588</StopPointRef>
          <TimingStatus>OTH</TimingStatus>
        </To>
        <RouteLinkRef>YNBO494_001_40288</RouteLinkRef>
        <Direction>outbound</Direction>
        <RunTime>PT0S</RunTime>
      </JourneyPatternTimingLink>
      <JourneyPatternTimingLink id="JPS_YNBO494-3_40289">
        <From>
          <StopPointRef>3200YNA00588</StopPointRef>
          <TimingStatus>OTH</TimingStatus>
        </From>
        <To>
          <StopPointRef>3200YNA00572</StopPointRef>
          <TimingStatus>OTH</TimingStatus>
        </To>
        <RouteLinkRef>YNBO494_001_40289</RouteLinkRef>
        <Direction>outbound</Direction>
        <RunTime>PT60S</RunTime>
      </JourneyPatternTimingLink>
      <JourneyPatternTimingLink id="JPS_YNBO494-3_40290">
        <From>
          <StopPointRef>3200YNA00572</StopPointRef>
          <TimingStatus>OTH</TimingStatus>
        </From>
        <To>
          <StopPointRef>3200YNA00569</StopPointRef>
          <TimingStatus>OTH</TimingStatus>
        </To>
        <RouteLinkRef>YNBO494_001_40290</RouteLinkRef>
        <Direction>outbound</Direction>
        <RunTime>PT60S</RunTime>
      </JourneyPatternTimingLink>
      <JourneyPatternTimingLink id="JPS_YNBO494-3_40291">
        <From>
          <StopPointRef>3200YNA00569</StopPointRef>
          <TimingStatus>OTH</TimingStatus>
        </From>
        <To>
          <StopPointRef>3200YNA00041</StopPointRef>
          <TimingStatus>OTH</TimingStatus>
        </To>
        <RouteLinkRef>YNBO494_001_40291</RouteLinkRef>
        <Direction>outbound</Direction>
        <RunTime>PT0S</RunTime>
      </JourneyPatternTimingLink>
      <JourneyPatternTimingLink id="JPS_YNBO494-3_40292">
        <From>
          <StopPointRef>3200YNA00041</StopPointRef>
          <TimingStatus>OTH</TimingStatus>
        </From>
        <To>
          <StopPointRef>3200YNA00001</StopPointRef>
          <TimingStatus>PTP</TimingStatus>
        </To>
        <RouteLinkRef>YNBO494_001_40292</RouteLinkRef>
        <Direction>outbound</Direction>
        <RunTime>PT60S</RunTime>
      </JourneyPatternTimingLink>
    </JourneyPatternSection>
    <JourneyPatternSection id="JPS_YNBO494-4">
      <JourneyPatternTimingLink id="JPS_YNBO494-4_40294">
        <From>
          <StopPointRef>3200YNA06392</StopPointRef>
          <TimingStatus>PTP</TimingStatus>
        </From>
        <To>
          <StopPointRef>3200YNA00039</StopPointRef>
          <TimingStatus>OTH</TimingStatus>
        </To>
        <RouteLinkRef>YNBO494_002_40294</RouteLinkRef>
        <Direction>inbound</Direction>
        <RunTime>PT0S</RunTime>
      </JourneyPatternTimingLink>
      <JourneyPatternTimingLink id="JPS_YNBO494-4_40295">
        <From>
          <StopPointRef>3200YNA00039</StopPointRef>
          <TimingStatus>OTH</TimingStatus>
        </From>
        <To>
          <StopPointRef>3200YNA00570</StopPointRef>
          <TimingStatus>OTH</TimingStatus>
        </To>
        <RouteLinkRef>YNBO494_002_40295</RouteLinkRef>
        <Direction>inbound</Direction>
        <RunTime>PT60S</RunTime>
      </JourneyPatternTimingLink>
      <JourneyPatternTimingLink id="JPS_YNBO494-4_40296">
        <From>
          <StopPointRef>3200YNA00570</StopPointRef>
          <TimingStatus>OTH</TimingStatus>
        </From>
        <To>
          <StopPointRef>3200YNA00571</StopPointRef>
          <TimingStatus>OTH</TimingStatus>
        </To>
        <RouteLinkRef>YNBO494_002_40296</RouteLinkRef>
        <Direction>inbound</Direction>
        <RunTime>PT0S</RunTime>
      </JourneyPatternTimingLink>
      <JourneyPatternTimingLink id="JPS_YNBO494-4_40297">
        <From>
          <StopPointRef>3200YNA00571</StopPointRef>
          <TimingStatus>OTH</TimingStatus>
        </From>
        <To>
          <StopPointRef>3200YNA00587</StopPointRef>
          <TimingStatus>OTH</TimingStatus>
        </To>
        <RouteLinkRef>YNBO494_002_40297</RouteLinkRef>
        <Direction>inbound</Direction>
        <RunTime>PT0S</RunTime>
      </JourneyPatternTimingLink>
      <JourneyPatternTimingLink id="JPS_YNBO494-4_40298">
        <From>
          <StopPointRef>3200YNA00587</StopPointRef>
          <TimingStatus>OTH</TimingStatus>
        </From>
        <To>
          <StopPointRef>3200YNA00590</StopPointRef>
          <TimingStatus>OTH</TimingStatus>
        </To>
        <RouteLinkRef>YNBO494_002_40298</RouteLinkRef>
        <Direction>inbound</Direction>
        <RunTime>PT60S</RunTime>
      </JourneyPatternTimingLink>
      <JourneyPatternTimingLink id="JPS_YNBO494-4_40299">
        <From>
          <StopPointRef>3200YNA00590</StopPointRef>
          <TimingStatus>OTH</TimingStatus>
        </From>
        <To>
          <StopPointRef>3200YNA00591</StopPointRef>
          <TimingStatus>OTH</TimingStatus>
        </To>
        <RouteLinkRef>YNBO494_002_40299</RouteLinkRef>
        <Direction>inbound</Direction>
        <RunTime>PT60S</RunTime>
      </JourneyPatternTimingLink>
      <JourneyPatternTimingLink id="JPS_YNBO494-4_40300">
        <From>
          <StopPointRef>3200YNA00591</StopPointRef>
          <TimingStatus>OTH</TimingStatus>
        </From>
        <To>
          <StopPointRef>3200YNA00567</StopPointRef>
          <TimingStatus>PTP</TimingStatus>
        </To>
        <RouteLinkRef>YNBO494_002_40300</RouteLinkRef>
        <Direction>inbound</Direction>
        <RunTime>PT540S</RunTime>
      </JourneyPatternTimingLink>
      <JourneyPatternTimingLink id="JPS_YNBO494-4_40301">
        <From>
          <StopPointRef>3200YNA00567</StopPointRef>
          <TimingStatus>PTP</TimingStatus>
        </From>
        <To>
          <StopPointRef>3200YNA00566</StopPointRef>
          <TimingStatus>OTH</TimingStatus>
        </To>
        <RouteLinkRef>YNBO494_002_40301</RouteLinkRef>
        <Direction>inbound</Direction>
        <RunTime>PT0S</RunTime>
      </JourneyPatternTimingLink>
      <JourneyPatternTimingLink id="JPS_YNBO494-4_40302">
        <From>
          <StopPointRef>3200YNA00566</StopPointRef>
          <TimingStatus>OTH</TimingStatus>
        </From>
        <To>
          <StopPointRef>3200YNE02043</StopPointRef>
          <TimingStatus>PTP</TimingStatus>
        </To>
        <RouteLinkRef>YNBO494_002_40302</RouteLinkRef>
        <Direction>inbound</Direction>
        <RunTime>PT180S</RunTime>
      </JourneyPatternTimingLink>
      <JourneyPatternTimingLink id="JPS_YNBO494-4_40303">
        <From>
          <StopPointRef>3200YNE02043</StopPointRef>
          <TimingStatus>PTP</TimingStatus>
        </From>
        <To>
          <StopPointRef>3200YNA00558</StopPointRef>
          <TimingStatus>OTH</TimingStatus>
        </To>
        <RouteLinkRef>YNBO494_002_40303</RouteLinkRef>
        <Direction>inbound</Direction>
        <RunTime>PT180S</RunTime>
      </JourneyPatternTimingLink>
      <JourneyPatternTimingLink id="JPS_YNBO494-4_40304">
        <From>
          <StopPointRef>3200YNA00558</StopPointRef>
          <TimingStatus>OTH</TimingStatus>
        </From>
        <To>
          <StopPointRef>3200YNA00548</StopPointRef>
          <TimingStatus>PTP</TimingStatus>
        </To>
        <RouteLinkRef>YNBO494_002_40304</RouteLinkRef>
        <Direction>inbound</Direction>
        <RunTime>PT60S</RunTime>
      </JourneyPatternTimingLink>
      <JourneyPatternTimingLink id="JPS_YNBO494-4_40305">
        <From>
          <StopPointRef>3200YNA00548</StopPointRef>
          <TimingStatus>PTP</TimingStatus>
        </From>
        <To>
          <StopPointRef>3200YNA00549</StopPointRef>
          <TimingStatus>OTH</TimingStatus>
        </To>
        <RouteLinkRef>YNBO494_002_40305</RouteLinkRef>
        <Direction>inbound</Direction>
        <RunTime>PT0S</RunTime>
      </JourneyPatternTimingLink>
      <JourneyPatternTimingLink id="JPS_YNBO494-4_40306">
        <From>
          <StopPointRef>3200YNA00549</StopPointRef>
          <TimingStatus>OTH</TimingStatus>
        </From>
        <To>
          <StopPointRef>3200YNA00556</StopPointRef>
          <TimingStatus>OTH</TimingStatus>
        </To>
        <RouteLinkRef>YNBO494_002_40306</RouteLinkRef>
        <Direction>inbound</Direction>
        <RunTime>PT180S</RunTime>
      </JourneyPatternTimingLink>
      <JourneyPatternTimingLink id="JPS_YNBO494-4_40307">
        <From>
          <StopPointRef>3200YNA00556</StopPointRef>
          <TimingStatus>OTH</TimingStatus>
        </From>
        <To>
          <StopPointRef>3200YNA00551</StopPointRef>
          <TimingStatus>OTH</TimingStatus>
        </To>
        <RouteLinkRef>YNBO494_002_40307</RouteLinkRef>
        <Direction>inbound</Direction>
        <RunTime>PT0S</RunTime>
      </JourneyPatternTimingLink>
      <JourneyPatternTimingLink id="JPS_YNBO494-4_40308">
        <From>
          <StopPointRef>3200YNA00551</StopPointRef>
          <TimingStatus>OTH</TimingStatus>
        </From>
        <To>
          <StopPointRef>3200YNA00553</StopPointRef>
          <TimingStatus>PTP</TimingStatus>
        </To>
        <RouteLinkRef>YNBO494_002_40308</RouteLinkRef>
        <Direction>inbound</Direction>
        <RunTime>PT60S</RunTime>
      </JourneyPatternTimingLink>
      <JourneyPatternTimingLink id="JPS_YNBO494-4_40309">
        <From>
          <StopPointRef>3200YNA00553</StopPointRef>
          <TimingStatus>PTP</TimingStatus>
        </From>
        <To>
          <StopPointRef>3200YNA00491</StopPointRef>
          <TimingStatus>PTP</TimingStatus>
        </To>
        <RouteLinkRef>YNBO494_002_40309</RouteLinkRef>
        <Direction>inbound</Direction>
        <RunTime>PT240S</RunTime>
      </JourneyPatternTimingLink>
      <JourneyPatternTimingLink id="JPS_YNBO494-4_40310">
        <From>
          <StopPointRef>3200YNA00491</StopPointRef>
          <TimingStatus>PTP</TimingStatus>
        </From>
        <To>
          <StopPointRef>3200YNA00492</StopPointRef>
          <TimingStatus>OTH</TimingStatus>
        </To>
        <RouteLinkRef>YNBO494_002_40310</RouteLinkRef>
        <Direction>inbound</Direction>
        <RunTime>PT0S</RunTime>
      </JourneyPatternTimingLink>
      <JourneyPatternTimingLink id="JPS_YNBO494-4_40311">
        <From>
          <StopPointRef>3200YNA00492</StopPointRef>
          <TimingStatus>OTH</TimingStatus>
        </From>
        <To>
          <StopPointRef>3200YNA00494</StopPointRef>
          <TimingStatus>PTP</TimingStatus>
        </To>
        <RouteLinkRef>YNBO494_002_40311</RouteLinkRef>
        <Direction>inbound</Direction>
        <RunTime>PT240S</RunTime>
      </JourneyPatternTimingLink>
      <JourneyPatternTimingLink id="JPS_YNBO494-4_40312">
        <From>
          <StopPointRef>3200YNA00494</StopPointRef>
          <TimingStatus>PTP</TimingStatus>
        </From>
        <To>
          <StopPointRef>3200YNA00497</StopPointRef>
          <TimingStatus>OTH</TimingStatus>
        </To>
        <RouteLinkRef>YNBO494_002_40312</RouteLinkRef>
        <Direction>inbound</Direction>
        <RunTime>PT60S</RunTime>
      </JourneyPatternTimingLink>
      <JourneyPatternTimingLink id="JPS_YNBO494-4_40313">
        <From>
          <StopPointRef>3200YNA00497</StopPointRef>
          <TimingStatus>OTH</TimingStatus>
        </From>
        <To>
          <StopPointRef>3200YNA00499</StopPointRef>
          <TimingStatus>PTP</TimingStatus>
        </To>
        <RouteLinkRef>YNBO494_002_40313</RouteLinkRef>
        <Direction>inbound</Direction>
        <RunTime>PT180S</RunTime>
      </JourneyPatternTimingLink>
      <JourneyPatternTimingLink id="JPS_YNBO494-4_40314">
        <From>
          <StopPointRef>3200YNA00499</StopPointRef>
          <TimingStatus>PTP</TimingStatus>
        </From>
        <To>
          <StopPointRef>3200YNA00500</StopPointRef>
          <TimingStatus>OTH</TimingStatus>
        </To>
        <RouteLinkRef>YNBO494_002_40314</RouteLinkRef>
        <Direction>inbound</Direction>
        <RunTime>PT180S</RunTime>
      </JourneyPatternTimingLink>
      <JourneyPatternTimingLink id="JPS_YNBO494-4_40315">
        <From>
          <StopPointRef>3200YNA00500</StopPointRef>
          <TimingStatus>OTH</TimingStatus>
        </From>
        <To>
          <StopPointRef>3200YNA00503</StopPointRef>
          <TimingStatus>OTH</TimingStatus>
        </To>
        <RouteLinkRef>YNBO494_002_40315</RouteLinkRef>
        <Direction>inbound</Direction>
        <RunTime>PT60S</RunTime>
      </JourneyPatternTimingLink>
      <JourneyPatternTimingLink id="JPS_YNBO494-4_40316">
        <From>
          <StopPointRef>3200YNA00503</StopPointRef>
          <TimingStatus>OTH</TimingStatus>
        </From>
        <To>
          <StopPointRef>3200YNA00506</StopPointRef>
          <TimingStatus>OTH</TimingStatus>
        </To>
        <RouteLinkRef>YNBO494_002_40316</RouteLinkRef>
        <Direction>inbound</Direction>
        <RunTime>PT60S</RunTime>
      </JourneyPatternTimingLink>
      <JourneyPatternTimingLink id="JPS_YNBO494-4_40317">
        <From>
          <StopPointRef>3200YNA00506</StopPointRef>
          <TimingStatus>OTH</TimingStatus>
        </From>
        <To>
          <StopPointRef>3200YNA00508</StopPointRef>
          <TimingStatus>OTH</TimingStatus>
        </To>
        <RouteLinkRef>YNBO494_002_40317</RouteLinkRef>
        <Direction>inbound</Direction>
        <RunTime>PT60S</RunTime>
      </JourneyPatternTimingLink>
      <JourneyPatternTimingLink id="JPS_YNBO494-4_40318">
        <From>
          <StopPointRef>3200YNA00508</StopPointRef>
          <TimingStatus>OTH</TimingStatus>
        </From>
        <To>
          <StopPointRef>3200YNA00524</StopPointRef>
          <TimingStatus>OTH</TimingStatus>
        </To>
        <RouteLinkRef>YNBO494_002_40318</RouteLinkRef>
        <Direction>inbound</Direction>
        <RunTime>PT60S</RunTime>
      </JourneyPatternTimingLink>
      <JourneyPatternTimingLink id="JPS_YNBO494-4_40319">
        <From>
          <StopPointRef>3200YNA00524</StopPointRef>
          <TimingStatus>OTH</TimingStatus>
        </From>
        <To>
          <StopPointRef>3200YNA00525</StopPointRef>
          <TimingStatus>OTH</TimingStatus>
        </To>
        <RouteLinkRef>YNBO494_002_40319</RouteLinkRef>
        <Direction>inbound</Direction>
        <RunTime>PT60S</RunTime>
      </JourneyPatternTimingLink>
      <JourneyPatternTimingLink id="JPS_YNBO494-4_40320">
        <From>
          <StopPointRef>3200YNA00525</StopPointRef>
          <TimingStatus>OTH</TimingStatus>
        </From>
        <To>
          <StopPointRef>3200YNA00528</StopPointRef>
          <TimingStatus>PTP</TimingStatus>
        </To>
        <RouteLinkRef>YNBO494_002_40320</RouteLinkRef>
        <Direction>inbound</Direction>
        <RunTime>PT120S</RunTime>
      </JourneyPatternTimingLink>
    </JourneyPatternSection>
  </JourneyPatternSections>
  <Operators>
    <Operator id="JTY">
      <NationalOperatorCode>JUST</NationalOperatorCode>
      <OperatorCode>JTY</OperatorCode>
      <OperatorShortName>Just Travel</OperatorShortName>
    </Operator>
  </Operators>
  <Services>
    <Service>
      <ServiceCode>YNBO494</ServiceCode>
      <Lines>
        <Line id="0">
          <LineName>494</LineName>
        </Line>
      </Lines>
      <OperatingPeriod>
        <StartDate>2013-04-14</StartDate>
        <EndDate>2038-01-17</EndDate>
      </OperatingPeriod>
      <RegisteredOperatorRef>JTY</RegisteredOperatorRef>
      <StopRequirements>
        <NoNewStopsRequired />
      </StopRequirements>
      <Mode>bus</Mode>
      <Description>Tadcaster - Selby</Description>
      <StandardService>
        <Origin>Tadcaster</Origin>
        <Destination>Selby</Destination>
        <JourneyPattern id="JPS_YNBO494-3">
          <Direction>outbound</Direction>
          <JourneyPatternSectionRefs>JPS_YNBO494-3</JourneyPatternSectionRefs>
        </JourneyPattern>
        <JourneyPattern id="JPS_YNBO494-4">
          <Direction>inbound</Direction>
          <JourneyPatternSectionRefs>JPS_YNBO494-4</JourneyPatternSectionRefs>
        </JourneyPattern>
      </StandardService>
    </Service>
  </Services>
  <VehicleJourneys>
    <VehicleJourney>
      <OperatorRef>JTY</OperatorRef>
      <OperatingProfile>
        <RegularDayType>
          <DaysOfWeek>
            <Monday />
          </DaysOfWeek>
        </RegularDayType>
        <BankHolidayOperation>
          <DaysOfNonOperation>
            <ChristmasDay />
            <NewYearsDay />
            <LateSummerBankHolidayNotScotland />
            <EasterMonday />
            <SpringBank />
          </DaysOfNonOperation>
        </BankHolidayOperation>
      </OperatingProfile>
      <VehicleJourneyCode>70608</VehicleJourneyCode>
      <ServiceRef>YNBO494</ServiceRef>
      <LineRef>0</LineRef>
      <JourneyPatternRef>JPS_YNBO494-3</JourneyPatternRef>
      <DepartureTime>09:00:00</DepartureTime>
    </VehicleJourney>
    <VehicleJourney>
      <OperatorRef>JTY</OperatorRef>
      <OperatingProfile>
        <RegularDayType>
          <DaysOfWeek>
            <Monday />
          </DaysOfWeek>
        </RegularDayType>
        <BankHolidayOperation>
          <DaysOfNonOperation>
            <ChristmasDay />
            <NewYearsDay />
            <LateSummerBankHolidayNotScotland />
            <EasterMonday />
            <SpringBank />
          </DaysOfNonOperation>
        </BankHolidayOperation>
      </OperatingProfile>
      <VehicleJourneyCode>70609</VehicleJourneyCode>
      <ServiceRef>YNBO494</ServiceRef>
      <LineRef>0</LineRef>
      <JourneyPatternRef>JPS_YNBO494-4</JourneyPatternRef>
      <DepartureTime>12:15:00</DepartureTime>
    </VehicleJourney>
  </VehicleJourneys>
</TransXChange>