<?xml version="1.0" encoding="utf-8"?>
<TransXChange xmlns:xsd="http://www.w3.org/2001/XMLSchema" xmlns:xsi="http://www.w3.org/2001/XMLSchema-instance" xsi:schemaLocation="http://www.transxchange.org.uk/ http://www.transxchange.org.uk/schema/2.1/TransXChange_general.xsd" CreationDateTime="2017-09-18T09:39:00-00:00" ModificationDateTime="2017-09-18T09:39:00-00:00" Modification="new" RevisionNumber="0" FileName="SVRYNAO119.xml" SchemaVersion="2.1" RegistrationDocument="false" xmlns="http://www.transxchange.org.uk/">
  <StopPoints>
    <AnnotatedStopPointRef>
      <StopPointRef>3200YNA00913</StopPointRef>
      <CommonName>Primrose Valley Lane End</CommonName>
    </AnnotatedStopPointRef>
    <AnnotatedStopPointRef>
      <StopPointRef>3200YNA00900</StopPointRef>
      <CommonName>Primrose Valley Garage</CommonName>
    </AnnotatedStopPointRef>
    <AnnotatedStopPointRef>
      <StopPointRef>3200YNA00898</StopPointRef>
      <CommonName>Outgaits Lane</CommonName>
    </AnnotatedStopPointRef>
    <AnnotatedStopPointRef>
      <StopPointRef>3200YNA00897</StopPointRef>
      <CommonName>Sheep Dyke</CommonName>
    </AnnotatedStopPointRef>
    <AnnotatedStopPointRef>
      <StopPointRef>3200YNA00895</StopPointRef>
      <CommonName>Horseshoe Inn</CommonName>
    </AnnotatedStopPointRef>
    <AnnotatedStopPointRef>
      <StopPointRef>3200YNA00893</StopPointRef>
      <CommonName>Hungate Court</CommonName>
    </AnnotatedStopPointRef>
    <AnnotatedStopPointRef>
      <StopPointRef>3200YNA00891</StopPointRef>
      <CommonName>Cross Hill</CommonName>
    </AnnotatedStopPointRef>
    <AnnotatedStopPointRef>
      <StopPointRef>3200YNA00889</StopPointRef>
      <CommonName>Muston Road End</CommonName>
    </AnnotatedStopPointRef>
    <AnnotatedStopPointRef>
      <StopPointRef>3200YNA00887</StopPointRef>
      <CommonName>Wold View</CommonName>
    </AnnotatedStopPointRef>
    <AnnotatedStopPointRef>
      <StopPointRef>3200YNA00885</StopPointRef>
      <CommonName>Anabry Cottage</CommonName>
    </AnnotatedStopPointRef>
    <AnnotatedStopPointRef>
      <StopPointRef>3200YNF10177</StopPointRef>
      <CommonName>Ship Inn</CommonName>
    </AnnotatedStopPointRef>
    <AnnotatedStopPointRef>
      <StopPointRef>3200YNA04994</StopPointRef>
      <CommonName>Greame Cottage</CommonName>
    </AnnotatedStopPointRef>
    <AnnotatedStopPointRef>
      <StopPointRef>3200YNA04995</StopPointRef>
      <CommonName>Pond Farm</CommonName>
    </AnnotatedStopPointRef>
    <AnnotatedStopPointRef>
      <StopPointRef>3200YNA00883</StopPointRef>
      <CommonName>Mill Farm</CommonName>
    </AnnotatedStopPointRef>
    <AnnotatedStopPointRef>
      <StopPointRef>3200YNA00881</StopPointRef>
      <CommonName>Secondary School</CommonName>
    </AnnotatedStopPointRef>
    <AnnotatedStopPointRef>
      <StopPointRef>3200YNA00878</StopPointRef>
      <CommonName>Grange Avenue</CommonName>
    </AnnotatedStopPointRef>
    <AnnotatedStopPointRef>
      <StopPointRef>3200YNA00874</StopPointRef>
      <CommonName>Bus Station</CommonName>
    </AnnotatedStopPointRef>
    <AnnotatedStopPointRef>
      <StopPointRef>3200YNA00872</StopPointRef>
      <CommonName>The Croft</CommonName>
    </AnnotatedStopPointRef>
    <AnnotatedStopPointRef>
      <StopPointRef>3200YNA00870</StopPointRef>
      <CommonName>Grove Road</CommonName>
    </AnnotatedStopPointRef>
    <AnnotatedStopPointRef>
      <StopPointRef>3200YNA00869</StopPointRef>
      <CommonName>Rowan Avenue</CommonName>
    </AnnotatedStopPointRef>
    <AnnotatedStopPointRef>
      <StopPointRef>3200YNA00866</StopPointRef>
      <CommonName>Muston Crossing</CommonName>
    </AnnotatedStopPointRef>
    <AnnotatedStopPointRef>
      <StopPointRef>3200YNA00864</StopPointRef>
      <CommonName>Carless Lane</CommonName>
    </AnnotatedStopPointRef>
    <AnnotatedStopPointRef>
      <StopPointRef>3200YNA00862</StopPointRef>
      <CommonName>Electricity Works</CommonName>
    </AnnotatedStopPointRef>
    <AnnotatedStopPointRef>
      <StopPointRef>3200YNA00861</StopPointRef>
      <CommonName>The Ox</CommonName>
    </AnnotatedStopPointRef>
    <AnnotatedStopPointRef>
      <StopPointRef>3200YNA00860</StopPointRef>
      <CommonName>The Ox</CommonName>
    </AnnotatedStopPointRef>
    <AnnotatedStopPointRef>
      <StopPointRef>3200YNA00858</StopPointRef>
      <CommonName>Killerby Lane</CommonName>
    </AnnotatedStopPointRef>
    <AnnotatedStopPointRef>
      <StopPointRef>3200YNA00857</StopPointRef>
      <CommonName>East Lea View</CommonName>
    </AnnotatedStopPointRef>
    <AnnotatedStopPointRef>
      <StopPointRef>3200YNA00855</StopPointRef>
      <CommonName>Beck Hole</CommonName>
    </AnnotatedStopPointRef>
    <AnnotatedStopPointRef>
      <StopPointRef>3200YNA00854</StopPointRef>
      <CommonName>Beck Hole</CommonName>
    </AnnotatedStopPointRef>
    <AnnotatedStopPointRef>
      <StopPointRef>3200YNA00852</StopPointRef>
      <CommonName>Main Street</CommonName>
    </AnnotatedStopPointRef>
    <AnnotatedStopPointRef>
      <StopPointRef>3200YNA00851</StopPointRef>
      <CommonName>Carr House Lane</CommonName>
    </AnnotatedStopPointRef>
    <AnnotatedStopPointRef>
      <StopPointRef>3200YNA00849</StopPointRef>
      <CommonName>Havers Hill</CommonName>
    </AnnotatedStopPointRef>
    <AnnotatedStopPointRef>
      <StopPointRef>3200YNA00848</StopPointRef>
      <CommonName>Havers Hill</CommonName>
    </AnnotatedStopPointRef>
    <AnnotatedStopPointRef>
      <StopPointRef>3200YNA01263</StopPointRef>
      <CommonName>Forge House</CommonName>
    </AnnotatedStopPointRef>
    <AnnotatedStopPointRef>
      <StopPointRef>3200YNA01260</StopPointRef>
      <CommonName>Byward Drive</CommonName>
    </AnnotatedStopPointRef>
    <AnnotatedStopPointRef>
      <StopPointRef>3200YNA01259</StopPointRef>
      <CommonName>Byward Drive</CommonName>
    </AnnotatedStopPointRef>
    <AnnotatedStopPointRef>
      <StopPointRef>3200YNA01052</StopPointRef>
      <CommonName>Burtondale Road</CommonName>
    </AnnotatedStopPointRef>
    <AnnotatedStopPointRef>
      <StopPointRef>3200YNA01050</StopPointRef>
      <CommonName>Stoney Haggs Rise</CommonName>
    </AnnotatedStopPointRef>
    <AnnotatedStopPointRef>
      <StopPointRef>3200YNA01254</StopPointRef>
      <CommonName>The Mere B&amp;Q</CommonName>
    </AnnotatedStopPointRef>
    <AnnotatedStopPointRef>
      <StopPointRef>3200YNA01253</StopPointRef>
      <CommonName>Edgehill Road</CommonName>
    </AnnotatedStopPointRef>
    <AnnotatedStopPointRef>
      <StopPointRef>3200YNA01252</StopPointRef>
      <CommonName>Football Stadium</CommonName>
    </AnnotatedStopPointRef>
    <AnnotatedStopPointRef>
      <StopPointRef>3200YNA01249</StopPointRef>
      <CommonName>Rosebery Avenue</CommonName>
    </AnnotatedStopPointRef>
    <AnnotatedStopPointRef>
      <StopPointRef>3200YNA01247</StopPointRef>
      <CommonName>Seamer Street</CommonName>
    </AnnotatedStopPointRef>
    <AnnotatedStopPointRef>
      <StopPointRef>3200YNA01245</StopPointRef>
      <CommonName>Westbourne Park</CommonName>
    </AnnotatedStopPointRef>
    <AnnotatedStopPointRef>
      <StopPointRef>3200YNA01224</StopPointRef>
      <CommonName>St John's Road</CommonName>
    </AnnotatedStopPointRef>
    <AnnotatedStopPointRef>
      <StopPointRef>3200YNA01220</StopPointRef>
      <CommonName>Rail Station</CommonName>
    </AnnotatedStopPointRef>
  </StopPoints>
  <RouteSections>
    <RouteSection id="YNAO119_001">
      <RouteLink id="YNAO119_001_31288">
        <From>
          <StopPointRef>3200YNA00913</StopPointRef>
        </From>
        <To>
          <StopPointRef>3200YNA00900</StopPointRef>
        </To>
        <Direction>outbound</Direction>
      </RouteLink>
      <RouteLink id="YNAO119_001_31289">
        <From>
          <StopPointRef>3200YNA00900</StopPointRef>
        </From>
        <To>
          <StopPointRef>3200YNA00898</StopPointRef>
        </To>
        <Direction>outbound</Direction>
      </RouteLink>
      <RouteLink id="YNAO119_001_31290">
        <From>
          <StopPointRef>3200YNA00898</StopPointRef>
        </From>
        <To>
          <StopPointRef>3200YNA00897</StopPointRef>
        </To>
        <Direction>outbound</Direction>
      </RouteLink>
      <RouteLink id="YNAO119_001_31291">
        <From>
          <StopPointRef>3200YNA00897</StopPointRef>
        </From>
        <To>
          <StopPointRef>3200YNA00895</StopPointRef>
        </To>
        <Direction>outbound</Direction>
      </RouteLink>
      <RouteLink id="YNAO119_001_31292">
        <From>
          <StopPointRef>3200YNA00895</StopPointRef>
        </From>
        <To>
          <StopPointRef>3200YNA00893</StopPointRef>
        </To>
        <Direction>outbound</Direction>
      </RouteLink>
      <RouteLink id="YNAO119_001_31293">
        <From>
          <StopPointRef>3200YNA00893</StopPointRef>
        </From>
        <To>
          <StopPointRef>3200YNA00891</StopPointRef>
        </To>
        <Direction>outbound</Direction>
      </RouteLink>
      <RouteLink id="YNAO119_001_31294">
        <From>
          <StopPointRef>3200YNA00891</StopPointRef>
        </From>
        <To>
          <StopPointRef>3200YNA00889</StopPointRef>
        </To>
        <Direction>outbound</Direction>
      </RouteLink>
      <RouteLink id="YNAO119_001_31295">
        <From>
          <StopPointRef>3200YNA00889</StopPointRef>
        </From>
        <To>
          <StopPointRef>3200YNA00887</StopPointRef>
        </To>
        <Direction>outbound</Direction>
      </RouteLink>
      <RouteLink id="YNAO119_001_31296">
        <From>
          <StopPointRef>3200YNA00887</StopPointRef>
        </From>
        <To>
          <StopPointRef>3200YNA00885</StopPointRef>
        </To>
        <Direction>outbound</Direction>
      </RouteLink>
      <RouteLink id="YNAO119_001_31297">
        <From>
          <StopPointRef>3200YNA00885</StopPointRef>
        </From>
        <To>
          <StopPointRef>3200YNF10177</StopPointRef>
        </To>
        <Direction>outbound</Direction>
      </RouteLink>
      <RouteLink id="YNAO119_001_31298">
        <From>
          <StopPointRef>3200YNF10177</StopPointRef>
        </From>
        <To>
          <StopPointRef>3200YNA04994</StopPointRef>
        </To>
        <Direction>outbound</Direction>
      </RouteLink>
      <RouteLink id="YNAO119_001_31299">
        <From>
          <StopPointRef>3200YNA04994</StopPointRef>
        </From>
        <To>
          <StopPointRef>3200YNA04995</StopPointRef>
        </To>
        <Direction>outbound</Direction>
      </RouteLink>
      <RouteLink id="YNAO119_001_31300">
        <From>
          <StopPointRef>3200YNA04995</StopPointRef>
        </From>
        <To>
          <StopPointRef>3200YNA00883</StopPointRef>
        </To>
        <Direction>outbound</Direction>
      </RouteLink>
      <RouteLink id="YNAO119_001_31301">
        <From>
          <StopPointRef>3200YNA00883</StopPointRef>
        </From>
        <To>
          <StopPointRef>3200YNA00881</StopPointRef>
        </To>
        <Direction>outbound</Direction>
      </RouteLink>
      <RouteLink id="YNAO119_001_31302">
        <From>
          <StopPointRef>3200YNA00881</StopPointRef>
        </From>
        <To>
          <StopPointRef>3200YNA00878</StopPointRef>
        </To>
        <Direction>outbound</Direction>
      </RouteLink>
      <RouteLink id="YNAO119_001_31303">
        <From>
          <StopPointRef>3200YNA00878</StopPointRef>
        </From>
        <To>
          <StopPointRef>3200YNA00874</StopPointRef>
        </To>
        <Direction>outbound</Direction>
      </RouteLink>
      <RouteLink id="YNAO119_001_31304">
        <From>
          <StopPointRef>3200YNA00874</StopPointRef>
        </From>
        <To>
          <StopPointRef>3200YNA00872</StopPointRef>
        </To>
        <Direction>outbound</Direction>
      </RouteLink>
      <RouteLink id="YNAO119_001_31305">
        <From>
          <StopPointRef>3200YNA00872</StopPointRef>
        </From>
        <To>
          <StopPointRef>3200YNA00870</StopPointRef>
        </To>
        <Direction>outbound</Direction>
      </RouteLink>
      <RouteLink id="YNAO119_001_31306">
        <From>
          <StopPointRef>3200YNA00870</StopPointRef>
        </From>
        <To>
          <StopPointRef>3200YNA00869</StopPointRef>
        </To>
        <Direction>outbound</Direction>
      </RouteLink>
      <RouteLink id="YNAO119_001_31307">
        <From>
          <StopPointRef>3200YNA00869</StopPointRef>
        </From>
        <To>
          <StopPointRef>3200YNA00866</StopPointRef>
        </To>
        <Direction>outbound</Direction>
      </RouteLink>
      <RouteLink id="YNAO119_001_31308">
        <From>
          <StopPointRef>3200YNA00866</StopPointRef>
        </From>
        <To>
          <StopPointRef>3200YNA00864</StopPointRef>
        </To>
        <Direction>outbound</Direction>
      </RouteLink>
      <RouteLink id="YNAO119_001_31309">
        <From>
          <StopPointRef>3200YNA00864</StopPointRef>
        </From>
        <To>
          <StopPointRef>3200YNA00862</StopPointRef>
        </To>
        <Direction>outbound</Direction>
      </RouteLink>
      <RouteLink id="YNAO119_001_31310">
        <From>
          <StopPointRef>3200YNA00862</StopPointRef>
        </From>
        <To>
          <StopPointRef>3200YNA00861</StopPointRef>
        </To>
        <Direction>outbound</Direction>
      </RouteLink>
      <RouteLink id="YNAO119_001_31311">
        <From>
          <StopPointRef>3200YNA00861</StopPointRef>
        </From>
        <To>
          <StopPointRef>3200YNA00860</StopPointRef>
        </To>
        <Direction>outbound</Direction>
      </RouteLink>
      <RouteLink id="YNAO119_001_31312">
        <From>
          <StopPointRef>3200YNA00860</StopPointRef>
        </From>
        <To>
          <StopPointRef>3200YNA00858</StopPointRef>
        </To>
        <Direction>outbound</Direction>
      </RouteLink>
      <RouteLink id="YNAO119_001_31313">
        <From>
          <StopPointRef>3200YNA00858</StopPointRef>
        </From>
        <To>
          <StopPointRef>3200YNA00857</StopPointRef>
        </To>
        <Direction>outbound</Direction>
      </RouteLink>
      <RouteLink id="YNAO119_001_31314">
        <From>
          <StopPointRef>3200YNA00857</StopPointRef>
        </From>
        <To>
          <StopPointRef>3200YNA00855</StopPointRef>
        </To>
        <Direction>outbound</Direction>
      </RouteLink>
      <RouteLink id="YNAO119_001_31315">
        <From>
          <StopPointRef>3200YNA00855</StopPointRef>
        </From>
        <To>
          <StopPointRef>3200YNA00854</StopPointRef>
        </To>
        <Direction>outbound</Direction>
      </RouteLink>
      <RouteLink id="YNAO119_001_31316">
        <From>
          <StopPointRef>3200YNA00854</StopPointRef>
        </From>
        <To>
          <StopPointRef>3200YNA00852</StopPointRef>
        </To>
        <Direction>outbound</Direction>
      </RouteLink>
      <RouteLink id="YNAO119_001_31317">
        <From>
          <StopPointRef>3200YNA00852</StopPointRef>
        </From>
        <To>
          <StopPointRef>3200YNA00851</StopPointRef>
        </To>
        <Direction>outbound</Direction>
      </RouteLink>
      <RouteLink id="YNAO119_001_31318">
        <From>
          <StopPointRef>3200YNA00851</StopPointRef>
        </From>
        <To>
          <StopPointRef>3200YNA00849</StopPointRef>
        </To>
        <Direction>outbound</Direction>
      </RouteLink>
      <RouteLink id="YNAO119_001_31319">
        <From>
          <StopPointRef>3200YNA00849</StopPointRef>
        </From>
        <To>
          <StopPointRef>3200YNA00848</StopPointRef>
        </To>
        <Direction>outbound</Direction>
      </RouteLink>
      <RouteLink id="YNAO119_001_31320">
        <From>
          <StopPointRef>3200YNA00848</StopPointRef>
        </From>
        <To>
          <StopPointRef>3200YNA01263</StopPointRef>
        </To>
        <Direction>outbound</Direction>
      </RouteLink>
      <RouteLink id="YNAO119_001_31321">
        <From>
          <StopPointRef>3200YNA01263</StopPointRef>
        </From>
        <To>
          <StopPointRef>3200YNA01260</StopPointRef>
        </To>
        <Direction>outbound</Direction>
      </RouteLink>
      <RouteLink id="YNAO119_001_31322">
        <From>
          <StopPointRef>3200YNA01260</StopPointRef>
        </From>
        <To>
          <StopPointRef>3200YNA01259</StopPointRef>
        </To>
        <Direction>outbound</Direction>
      </RouteLink>
      <RouteLink id="YNAO119_001_31323">
        <From>
          <StopPointRef>3200YNA01259</StopPointRef>
        </From>
        <To>
          <StopPointRef>3200YNA01052</StopPointRef>
        </To>
        <Direction>outbound</Direction>
      </RouteLink>
      <RouteLink id="YNAO119_001_31324">
        <From>
          <StopPointRef>3200YNA01052</StopPointRef>
        </From>
        <To>
          <StopPointRef>3200YNA01050</StopPointRef>
        </To>
        <Direction>outbound</Direction>
      </RouteLink>
      <RouteLink id="YNAO119_001_31325">
        <From>
          <StopPointRef>3200YNA01050</StopPointRef>
        </From>
        <To>
          <StopPointRef>3200YNA01254</StopPointRef>
        </To>
        <Direction>outbound</Direction>
      </RouteLink>
      <RouteLink id="YNAO119_001_31326">
        <From>
          <StopPointRef>3200YNA01254</StopPointRef>
        </From>
        <To>
          <StopPointRef>3200YNA01253</StopPointRef>
        </To>
        <Direction>outbound</Direction>
      </RouteLink>
      <RouteLink id="YNAO119_001_31327">
        <From>
          <StopPointRef>3200YNA01253</StopPointRef>
        </From>
        <To>
          <StopPointRef>3200YNA01252</StopPointRef>
        </To>
        <Direction>outbound</Direction>
      </RouteLink>
      <RouteLink id="YNAO119_001_31328">
        <From>
          <StopPointRef>3200YNA01252</StopPointRef>
        </From>
        <To>
          <StopPointRef>3200YNA01249</StopPointRef>
        </To>
        <Direction>outbound</Direction>
      </RouteLink>
      <RouteLink id="YNAO119_001_31329">
        <From>
          <StopPointRef>3200YNA01249</StopPointRef>
        </From>
        <To>
          <StopPointRef>3200YNA01247</StopPointRef>
        </To>
        <Direction>outbound</Direction>
      </RouteLink>
      <RouteLink id="YNAO119_001_31330">
        <From>
          <StopPointRef>3200YNA01247</StopPointRef>
        </From>
        <To>
          <StopPointRef>3200YNA01245</StopPointRef>
        </To>
        <Direction>outbound</Direction>
      </RouteLink>
      <RouteLink id="YNAO119_001_31331">
        <From>
          <StopPointRef>3200YNA01245</StopPointRef>
        </From>
        <To>
          <StopPointRef>3200YNA01224</StopPointRef>
        </To>
        <Direction>outbound</Direction>
      </RouteLink>
      <RouteLink id="YNAO119_001_31332">
        <From>
          <StopPointRef>3200YNA01224</StopPointRef>
        </From>
        <To>
          <StopPointRef>3200YNA01220</StopPointRef>
        </To>
        <Direction>outbound</Direction>
      </RouteLink>
    </RouteSection>
  </RouteSections>
  <Routes>
    <Route id="YNAO119_001">
      <Description>Primrose Valley Lane End - Scarborough
</Description>
      <RouteSectionRef>YNAO119_001</RouteSectionRef>
    </Route>
  </Routes>
  <JourneyPatternSections>
    <JourneyPatternSection id="JPS_YNAO119-2">
      <JourneyPatternTimingLink id="JPS_YNAO119-2_31288">
        <From>
          <StopPointRef>3200YNA00913</StopPointRef>
          <TimingStatus>PTP</TimingStatus>
        </From>
        <To>
          <StopPointRef>3200YNA00900</StopPointRef>
          <TimingStatus>OTH</TimingStatus>
        </To>
        <RouteLinkRef>YNAO119_001_31288</RouteLinkRef>
        <Direction>outbound</Direction>
        <RunTime>PT0S</RunTime>
      </JourneyPatternTimingLink>
      <JourneyPatternTimingLink id="JPS_YNAO119-2_31289">
        <From>
          <StopPointRef>3200YNA00900</StopPointRef>
          <TimingStatus>OTH</TimingStatus>
        </From>
        <To>
          <StopPointRef>3200YNA00898</StopPointRef>
          <TimingStatus>OTH</TimingStatus>
        </To>
        <RouteLinkRef>YNAO119_001_31289</RouteLinkRef>
        <Direction>outbound</Direction>
        <RunTime>PT180S</RunTime>
      </JourneyPatternTimingLink>
      <JourneyPatternTimingLink id="JPS_YNAO119-2_31290">
        <From>
          <StopPointRef>3200YNA00898</StopPointRef>
          <TimingStatus>OTH</TimingStatus>
        </From>
        <To>
          <StopPointRef>3200YNA00897</StopPointRef>
          <TimingStatus>OTH</TimingStatus>
        </To>
        <RouteLinkRef>YNAO119_001_31290</RouteLinkRef>
        <Direction>outbound</Direction>
        <RunTime>PT0S</RunTime>
      </JourneyPatternTimingLink>
      <JourneyPatternTimingLink id="JPS_YNAO119-2_31291">
        <From>
          <StopPointRef>3200YNA00897</StopPointRef>
          <TimingStatus>OTH</TimingStatus>
        </From>
        <To>
          <StopPointRef>3200YNA00895</StopPointRef>
          <TimingStatus>OTH</TimingStatus>
        </To>
        <RouteLinkRef>YNAO119_001_31291</RouteLinkRef>
        <Direction>outbound</Direction>
        <RunTime>PT0S</RunTime>
      </JourneyPatternTimingLink>
      <JourneyPatternTimingLink id="JPS_YNAO119-2_31292">
        <From>
          <StopPointRef>3200YNA00895</StopPointRef>
          <TimingStatus>OTH</TimingStatus>
        </From>
        <To>
          <StopPointRef>3200YNA00893</StopPointRef>
          <TimingStatus>OTH</TimingStatus>
        </To>
        <RouteLinkRef>YNAO119_001_31292</RouteLinkRef>
        <Direction>outbound</Direction>
        <RunTime>PT60S</RunTime>
      </JourneyPatternTimingLink>
      <JourneyPatternTimingLink id="JPS_YNAO119-2_31293">
        <From>
          <StopPointRef>3200YNA00893</StopPointRef>
          <TimingStatus>OTH</TimingStatus>
        </From>
        <To>
          <StopPointRef>3200YNA00891</StopPointRef>
          <TimingStatus>PTP</TimingStatus>
        </To>
        <RouteLinkRef>YNAO119_001_31293</RouteLinkRef>
        <Direction>outbound</Direction>
        <RunTime>PT60S</RunTime>
      </JourneyPatternTimingLink>
      <JourneyPatternTimingLink id="JPS_YNAO119-2_31294">
        <From>
          <StopPointRef>3200YNA00891</StopPointRef>
          <TimingStatus>PTP</TimingStatus>
        </From>
        <To>
          <StopPointRef>3200YNA00889</StopPointRef>
          <TimingStatus>OTH</TimingStatus>
        </To>
        <RouteLinkRef>YNAO119_001_31294</RouteLinkRef>
        <Direction>outbound</Direction>
        <RunTime>PT0S</RunTime>
      </JourneyPatternTimingLink>
      <JourneyPatternTimingLink id="JPS_YNAO119-2_31295">
        <From>
          <StopPointRef>3200YNA00889</StopPointRef>
          <TimingStatus>OTH</TimingStatus>
        </From>
        <To>
          <StopPointRef>3200YNA00887</StopPointRef>
          <TimingStatus>OTH</TimingStatus>
        </To>
        <RouteLinkRef>YNAO119_001_31295</RouteLinkRef>
        <Direction>outbound</Direction>
        <RunTime>PT240S</RunTime>
      </JourneyPatternTimingLink>
      <JourneyPatternTimingLink id="JPS_YNAO119-2_31296">
        <From>
          <StopPointRef>3200YNA00887</StopPointRef>
          <TimingStatus>OTH</TimingStatus>
        </From>
        <To>
          <StopPointRef>3200YNA00885</StopPointRef>
          <TimingStatus>OTH</TimingStatus>
        </To>
        <RouteLinkRef>YNAO119_001_31296</RouteLinkRef>
        <Direction>outbound</Direction>
        <RunTime>PT0S</RunTime>
      </JourneyPatternTimingLink>
      <JourneyPatternTimingLink id="JPS_YNAO119-2_31297">
        <From>
          <StopPointRef>3200YNA00885</StopPointRef>
          <TimingStatus>OTH</TimingStatus>
        </From>
        <To>
          <StopPointRef>3200YNF10177</StopPointRef>
          <TimingStatus>PTP</TimingStatus>
        </To>
        <RouteLinkRef>YNAO119_001_31297</RouteLinkRef>
        <Direction>outbound</Direction>
        <RunTime>PT60S</RunTime>
      </JourneyPatternTimingLink>
      <JourneyPatternTimingLink id="JPS_YNAO119-2_31298">
        <From>
          <StopPointRef>3200YNF10177</StopPointRef>
          <TimingStatus>PTP</TimingStatus>
        </From>
        <To>
          <StopPointRef>3200YNA04994</StopPointRef>
          <TimingStatus>OTH</TimingStatus>
        </To>
        <RouteLinkRef>YNAO119_001_31298</RouteLinkRef>
        <Direction>outbound</Direction>
        <RunTime>PT60S</RunTime>
      </JourneyPatternTimingLink>
      <JourneyPatternTimingLink id="JPS_YNAO119-2_31299">
        <From>
          <StopPointRef>3200YNA04994</StopPointRef>
          <TimingStatus>OTH</TimingStatus>
        </From>
        <To>
          <StopPointRef>3200YNA04995</StopPointRef>
          <TimingStatus>OTH</TimingStatus>
        </To>
        <RouteLinkRef>YNAO119_001_31299</RouteLinkRef>
        <Direction>outbound</Direction>
        <RunTime>PT60S</RunTime>
      </JourneyPatternTimingLink>
      <JourneyPatternTimingLink id="JPS_YNAO119-2_31300">
        <From>
          <StopPointRef>3200YNA04995</StopPointRef>
          <TimingStatus>OTH</TimingStatus>
        </From>
        <To>
          <StopPointRef>3200YNA00883</StopPointRef>
          <TimingStatus>OTH</TimingStatus>
        </To>
        <RouteLinkRef>YNAO119_001_31300</RouteLinkRef>
        <Direction>outbound</Direction>
        <RunTime>PT120S</RunTime>
      </JourneyPatternTimingLink>
      <JourneyPatternTimingLink id="JPS_YNAO119-2_31301">
        <From>
          <StopPointRef>3200YNA00883</StopPointRef>
          <TimingStatus>OTH</TimingStatus>
        </From>
        <To>
          <StopPointRef>3200YNA00881</StopPointRef>
          <TimingStatus>OTH</TimingStatus>
        </To>
        <RouteLinkRef>YNAO119_001_31301</RouteLinkRef>
        <Direction>outbound</Direction>
        <RunTime>PT120S</RunTime>
      </JourneyPatternTimingLink>
      <JourneyPatternTimingLink id="JPS_YNAO119-2_31302">
        <From>
          <StopPointRef>3200YNA00881</StopPointRef>
          <TimingStatus>OTH</TimingStatus>
        </From>
        <To>
          <StopPointRef>3200YNA00878</StopPointRef>
          <TimingStatus>OTH</TimingStatus>
        </To>
        <RouteLinkRef>YNAO119_001_31302</RouteLinkRef>
        <Direction>outbound</Direction>
        <RunTime>PT60S</RunTime>
      </JourneyPatternTimingLink>
      <JourneyPatternTimingLink id="JPS_YNAO119-2_31303">
        <From>
          <StopPointRef>3200YNA00878</StopPointRef>
          <TimingStatus>OTH</TimingStatus>
        </From>
        <To>
          <StopPointRef>3200YNA00874</StopPointRef>
          <TimingStatus>PTP</TimingStatus>
        </To>
        <RouteLinkRef>YNAO119_001_31303</RouteLinkRef>
        <Direction>outbound</Direction>
        <RunTime>PT180S</RunTime>
      </JourneyPatternTimingLink>
      <JourneyPatternTimingLink id="JPS_YNAO119-2_31304">
        <From>
          <StopPointRef>3200YNA00874</StopPointRef>
          <TimingStatus>PTP</TimingStatus>
        </From>
        <To>
          <StopPointRef>3200YNA00872</StopPointRef>
          <TimingStatus>OTH</TimingStatus>
        </To>
        <RouteLinkRef>YNAO119_001_31304</RouteLinkRef>
        <Direction>outbound</Direction>
        <RunTime>PT0S</RunTime>
      </JourneyPatternTimingLink>
      <JourneyPatternTimingLink id="JPS_YNAO119-2_31305">
        <From>
          <StopPointRef>3200YNA00872</StopPointRef>
          <TimingStatus>OTH</TimingStatus>
        </From>
        <To>
          <StopPointRef>3200YNA00870</StopPointRef>
          <TimingStatus>OTH</TimingStatus>
        </To>
        <RouteLinkRef>YNAO119_001_31305</RouteLinkRef>
        <Direction>outbound</Direction>
        <RunTime>PT0S</RunTime>
      </JourneyPatternTimingLink>
      <JourneyPatternTimingLink id="JPS_YNAO119-2_31306">
        <From>
          <StopPointRef>3200YNA00870</StopPointRef>
          <TimingStatus>OTH</TimingStatus>
        </From>
        <To>
          <StopPointRef>3200YNA00869</StopPointRef>
          <TimingStatus>OTH</TimingStatus>
        </To>
        <RouteLinkRef>YNAO119_001_31306</RouteLinkRef>
        <Direction>outbound</Direction>
        <RunTime>PT60S</RunTime>
      </JourneyPatternTimingLink>
      <JourneyPatternTimingLink id="JPS_YNAO119-2_31307">
        <From>
          <StopPointRef>3200YNA00869</StopPointRef>
          <TimingStatus>OTH</TimingStatus>
        </From>
        <To>
          <StopPointRef>3200YNA00866</StopPointRef>
          <TimingStatus>OTH</TimingStatus>
        </To>
        <RouteLinkRef>YNAO119_001_31307</RouteLinkRef>
        <Direction>outbound</Direction>
        <RunTime>PT120S</RunTime>
      </JourneyPatternTimingLink>
      <JourneyPatternTimingLink id="JPS_YNAO119-2_31308">
        <From>
          <StopPointRef>3200YNA00866</StopPointRef>
          <TimingStatus>OTH</TimingStatus>
        </From>
        <To>
          <StopPointRef>3200YNA00864</StopPointRef>
          <TimingStatus>OTH</TimingStatus>
        </To>
        <RouteLinkRef>YNAO119_001_31308</RouteLinkRef>
        <Direction>outbound</Direction>
        <RunTime>PT60S</RunTime>
      </JourneyPatternTimingLink>
      <JourneyPatternTimingLink id="JPS_YNAO119-2_31309">
        <From>
          <StopPointRef>3200YNA00864</StopPointRef>
          <TimingStatus>OTH</TimingStatus>
        </From>
        <To>
          <StopPointRef>3200YNA00862</StopPointRef>
          <TimingStatus>PTP</TimingStatus>
        </To>
        <RouteLinkRef>YNAO119_001_31309</RouteLinkRef>
        <Direction>outbound</Direction>
        <RunTime>PT60S</RunTime>
      </JourneyPatternTimingLink>
      <JourneyPatternTimingLink id="JPS_YNAO119-2_31310">
        <From>
          <StopPointRef>3200YNA00862</StopPointRef>
          <TimingStatus>PTP</TimingStatus>
        </From>
        <To>
          <StopPointRef>3200YNA00861</StopPointRef>
          <TimingStatus>PTP</TimingStatus>
        </To>
        <RouteLinkRef>YNAO119_001_31310</RouteLinkRef>
        <Direction>outbound</Direction>
        <RunTime>PT120S</RunTime>
      </JourneyPatternTimingLink>
      <JourneyPatternTimingLink id="JPS_YNAO119-2_31311">
        <From>
          <StopPointRef>3200YNA00861</StopPointRef>
          <TimingStatus>PTP</TimingStatus>
        </From>
        <To>
          <StopPointRef>3200YNA00860</StopPointRef>
          <TimingStatus>OTH</TimingStatus>
        </To>
        <RouteLinkRef>YNAO119_001_31311</RouteLinkRef>
        <Direction>outbound</Direction>
        <RunTime>PT0S</RunTime>
      </JourneyPatternTimingLink>
      <JourneyPatternTimingLink id="JPS_YNAO119-2_31312">
        <From>
          <StopPointRef>3200YNA00860</StopPointRef>
          <TimingStatus>OTH</TimingStatus>
        </From>
        <To>
          <StopPointRef>3200YNA00858</StopPointRef>
          <TimingStatus>OTH</TimingStatus>
        </To>
        <RouteLinkRef>YNAO119_001_31312</RouteLinkRef>
        <Direction>outbound</Direction>
        <RunTime>PT60S</RunTime>
      </JourneyPatternTimingLink>
      <JourneyPatternTimingLink id="JPS_YNAO119-2_31313">
        <From>
          <StopPointRef>3200YNA00858</StopPointRef>
          <TimingStatus>OTH</TimingStatus>
        </From>
        <To>
          <StopPointRef>3200YNA00857</StopPointRef>
          <TimingStatus>OTH</TimingStatus>
        </To>
        <RouteLinkRef>YNAO119_001_31313</RouteLinkRef>
        <Direction>outbound</Direction>
        <RunTime>PT60S</RunTime>
      </JourneyPatternTimingLink>
      <JourneyPatternTimingLink id="JPS_YNAO119-2_31314">
        <From>
          <StopPointRef>3200YNA00857</StopPointRef>
          <TimingStatus>OTH</TimingStatus>
        </From>
        <To>
          <StopPointRef>3200YNA00855</StopPointRef>
          <TimingStatus>OTH</TimingStatus>
        </To>
        <RouteLinkRef>YNAO119_001_31314</RouteLinkRef>
        <Direction>outbound</Direction>
        <RunTime>PT0S</RunTime>
      </JourneyPatternTimingLink>
      <JourneyPatternTimingLink id="JPS_YNAO119-2_31315">
        <From>
          <StopPointRef>3200YNA00855</StopPointRef>
          <TimingStatus>OTH</TimingStatus>
        </From>
        <To>
          <StopPointRef>3200YNA00854</StopPointRef>
          <TimingStatus>OTH</TimingStatus>
        </To>
        <RouteLinkRef>YNAO119_001_31315</RouteLinkRef>
        <Direction>outbound</Direction>
        <RunTime>PT0S</RunTime>
      </JourneyPatternTimingLink>
      <JourneyPatternTimingLink id="JPS_YNAO119-2_31316">
        <From>
          <StopPointRef>3200YNA00854</StopPointRef>
          <TimingStatus>OTH</TimingStatus>
        </From>
        <To>
          <StopPointRef>3200YNA00852</StopPointRef>
          <TimingStatus>PTP</TimingStatus>
        </To>
        <RouteLinkRef>YNAO119_001_31316</RouteLinkRef>
        <Direction>outbound</Direction>
        <RunTime>PT60S</RunTime>
      </JourneyPatternTimingLink>
      <JourneyPatternTimingLink id="JPS_YNAO119-2_31317">
        <From>
          <StopPointRef>3200YNA00852</StopPointRef>
          <TimingStatus>PTP</TimingStatus>
        </From>
        <To>
          <StopPointRef>3200YNA00851</StopPointRef>
          <TimingStatus>OTH</TimingStatus>
        </To>
        <RouteLinkRef>YNAO119_001_31317</RouteLinkRef>
        <Direction>outbound</Direction>
        <RunTime>PT0S</RunTime>
      </JourneyPatternTimingLink>
      <JourneyPatternTimingLink id="JPS_YNAO119-2_31318">
        <From>
          <StopPointRef>3200YNA00851</StopPointRef>
          <TimingStatus>OTH</TimingStatus>
        </From>
        <To>
          <StopPointRef>3200YNA00849</StopPointRef>
          <TimingStatus>OTH</TimingStatus>
        </To>
        <RouteLinkRef>YNAO119_001_31318</RouteLinkRef>
        <Direction>outbound</Direction>
        <RunTime>PT60S</RunTime>
      </JourneyPatternTimingLink>
      <JourneyPatternTimingLink id="JPS_YNAO119-2_31319">
        <From>
          <StopPointRef>3200YNA00849</StopPointRef>
          <TimingStatus>OTH</TimingStatus>
        </From>
        <To>
          <StopPointRef>3200YNA00848</StopPointRef>
          <TimingStatus>OTH</TimingStatus>
        </To>
        <RouteLinkRef>YNAO119_001_31319</RouteLinkRef>
        <Direction>outbound</Direction>
        <RunTime>PT0S</RunTime>
      </JourneyPatternTimingLink>
      <JourneyPatternTimingLink id="JPS_YNAO119-2_31320">
        <From>
          <StopPointRef>3200YNA00848</StopPointRef>
          <TimingStatus>OTH</TimingStatus>
        </From>
        <To>
          <StopPointRef>3200YNA01263</StopPointRef>
          <TimingStatus>PTP</TimingStatus>
        </To>
        <RouteLinkRef>YNAO119_001_31320</RouteLinkRef>
        <Direction>outbound</Direction>
        <RunTime>PT240S</RunTime>
      </JourneyPatternTimingLink>
      <JourneyPatternTimingLink id="JPS_YNAO119-2_31321">
        <From>
          <StopPointRef>3200YNA01263</StopPointRef>
          <TimingStatus>PTP</TimingStatus>
        </From>
        <To>
          <StopPointRef>3200YNA01260</StopPointRef>
          <TimingStatus>OTH</TimingStatus>
        </To>
        <RouteLinkRef>YNAO119_001_31321</RouteLinkRef>
        <Direction>outbound</Direction>
        <RunTime>PT0S</RunTime>
      </JourneyPatternTimingLink>
      <JourneyPatternTimingLink id="JPS_YNAO119-2_31322">
        <From>
          <StopPointRef>3200YNA01260</StopPointRef>
          <TimingStatus>OTH</TimingStatus>
        </From>
        <To>
          <StopPointRef>3200YNA01259</StopPointRef>
          <TimingStatus>OTH</TimingStatus>
        </To>
        <RouteLinkRef>YNAO119_001_31322</RouteLinkRef>
        <Direction>outbound</Direction>
        <RunTime>PT0S</RunTime>
      </JourneyPatternTimingLink>
      <JourneyPatternTimingLink id="JPS_YNAO119-2_31323">
        <From>
          <StopPointRef>3200YNA01259</StopPointRef>
          <TimingStatus>OTH</TimingStatus>
        </From>
        <To>
          <StopPointRef>3200YNA01052</StopPointRef>
          <TimingStatus>OTH</TimingStatus>
        </To>
        <RouteLinkRef>YNAO119_001_31323</RouteLinkRef>
        <Direction>outbound</Direction>
        <RunTime>PT60S</RunTime>
      </JourneyPatternTimingLink>
      <JourneyPatternTimingLink id="JPS_YNAO119-2_31324">
        <From>
          <StopPointRef>3200YNA01052</StopPointRef>
          <TimingStatus>OTH</TimingStatus>
        </From>
        <To>
          <StopPointRef>3200YNA01050</StopPointRef>
          <TimingStatus>OTH</TimingStatus>
        </To>
        <RouteLinkRef>YNAO119_001_31324</RouteLinkRef>
        <Direction>outbound</Direction>
        <RunTime>PT120S</RunTime>
      </JourneyPatternTimingLink>
      <JourneyPatternTimingLink id="JPS_YNAO119-2_31325">
        <From>
          <StopPointRef>3200YNA01050</StopPointRef>
          <TimingStatus>OTH</TimingStatus>
        </From>
        <To>
          <StopPointRef>3200YNA01254</StopPointRef>
          <TimingStatus>PTP</TimingStatus>
        </To>
        <RouteLinkRef>YNAO119_001_31325</RouteLinkRef>
        <Direction>outbound</Direction>
        <RunTime>PT60S</RunTime>
      </JourneyPatternTimingLink>
      <JourneyPatternTimingLink id="JPS_YNAO119-2_31326">
        <From>
          <StopPointRef>3200YNA01254</StopPointRef>
          <TimingStatus>PTP</TimingStatus>
        </From>
        <To>
          <StopPointRef>3200YNA01253</StopPointRef>
          <TimingStatus>OTH</TimingStatus>
        </To>
        <RouteLinkRef>YNAO119_001_31326</RouteLinkRef>
        <Direction>outbound</Direction>
        <RunTime>PT60S</RunTime>
      </JourneyPatternTimingLink>
      <JourneyPatternTimingLink id="JPS_YNAO119-2_31327">
        <From>
          <StopPointRef>3200YNA01253</StopPointRef>
          <TimingStatus>OTH</TimingStatus>
        </From>
        <To>
          <StopPointRef>3200YNA01252</StopPointRef>
          <TimingStatus>OTH</TimingStatus>
        </To>
        <RouteLinkRef>YNAO119_001_31327</RouteLinkRef>
        <Direction>outbound</Direction>
        <RunTime>PT60S</RunTime>
      </JourneyPatternTimingLink>
      <JourneyPatternTimingLink id="JPS_YNAO119-2_31328">
        <From>
          <StopPointRef>3200YNA01252</StopPointRef>
          <TimingStatus>OTH</TimingStatus>
        </From>
        <To>
          <StopPointRef>3200YNA01249</StopPointRef>
          <TimingStatus>OTH</TimingStatus>
        </To>
        <RouteLinkRef>YNAO119_001_31328</RouteLinkRef>
        <Direction>outbound</Direction>
        <RunTime>PT60S</RunTime>
      </JourneyPatternTimingLink>
      <JourneyPatternTimingLink id="JPS_YNAO119-2_31329">
        <From>
          <StopPointRef>3200YNA01249</StopPointRef>
          <TimingStatus>OTH</TimingStatus>
        </From>
        <To>
          <StopPointRef>3200YNA01247</StopPointRef>
          <TimingStatus>OTH</TimingStatus>
        </To>
        <RouteLinkRef>YNAO119_001_31329</RouteLinkRef>
        <Direction>outbound</Direction>
        <RunTime>PT60S</RunTime>
      </JourneyPatternTimingLink>
      <JourneyPatternTimingLink id="JPS_YNAO119-2_31330">
        <From>
          <StopPointRef>3200YNA01247</StopPointRef>
          <TimingStatus>OTH</TimingStatus>
        </From>
        <To>
          <StopPointRef>3200YNA01245</StopPointRef>
          <TimingStatus>OTH</TimingStatus>
        </To>
        <RouteLinkRef>YNAO119_001_31330</RouteLinkRef>
        <Direction>outbound</Direction>
        <RunTime>PT60S</RunTime>
      </JourneyPatternTimingLink>
      <JourneyPatternTimingLink id="JPS_YNAO119-2_31331">
        <From>
          <StopPointRef>3200YNA01245</StopPointRef>
          <TimingStatus>OTH</TimingStatus>
        </From>
        <To>
          <StopPointRef>3200YNA01224</StopPointRef>
          <TimingStatus>PTP</TimingStatus>
        </To>
        <RouteLinkRef>YNAO119_001_31331</RouteLinkRef>
        <Direction>outbound</Direction>
        <RunTime>PT60S</RunTime>
      </JourneyPatternTimingLink>
      <JourneyPatternTimingLink id="JPS_YNAO119-2_31332">
        <From>
          <StopPointRef>3200YNA01224</StopPointRef>
          <TimingStatus>PTP</TimingStatus>
        </From>
        <To>
          <StopPointRef>3200YNA01220</StopPointRef>
          <TimingStatus>PTP</TimingStatus>
        </To>
        <RouteLinkRef>YNAO119_001_31332</RouteLinkRef>
        <Direction>outbound</Direction>
        <RunTime>PT300S</RunTime>
      </JourneyPatternTimingLink>
    </JourneyPatternSection>
  </JourneyPatternSections>
  <Operators>
    <Operator id="SDMS">
      <NationalOperatorCode>SDMS</NationalOperatorCode>
      <OperatorCode>SDMS</OperatorCode>
      <OperatorShortName>Scarborough and District</OperatorShortName>
    </Operator>
  </Operators>
  <Services>
    <Service>
      <ServiceCode>YNAO119</ServiceCode>
      <Lines>
        <Line id="0">
          <LineName>119</LineName>
        </Line>
      </Lines>
      <OperatingPeriod>
        <StartDate>2016-05-03</StartDate>
        <EndDate>2038-01-17</EndDate>
      </OperatingPeriod>
      <RegisteredOperatorRef>SDMS</RegisteredOperatorRef>
      <StopRequirements>
        <NoNewStopsRequired />
      </StopRequirements>
      <Mode>bus</Mode>
      <Description>Primrose Valley Lane End - Scarborough</Description>
      <StandardService>
        <Origin>Primrose Valley Lane End</Origin>
        <Destination>Scarborough</Destination>
        <JourneyPattern id="JPS_YNAO119-2">
          <Direction>outbound</Direction>
          <JourneyPatternSectionRefs>JPS_YNAO119-2</JourneyPatternSectionRefs>
        </JourneyPattern>
      </StandardService>
    </Service>
  </Services>
  <VehicleJourneys>
    <VehicleJourney>
      <OperatorRef>SDMS</OperatorRef>
      <OperatingProfile>
        <RegularDayType>
          <DaysOfWeek>
            <Monday />
            <Tuesday />
            <Wednesday />
            <Thursday />
            <Friday />
          </DaysOfWeek>
        </RegularDayType>
        <BankHolidayOperation>
          <DaysOfNonOperation>
            <ChristmasDay />
            <BoxingDay />
            <GoodFriday />
            <NewYearsDay />
            <LateSummerBankHolidayNotScotland />
            <MayDay />
            <EasterMonday />
            <SpringBank />
          </DaysOfNonOperation>
        </BankHolidayOperation>
      </OperatingProfile>
      <VehicleJourneyCode>66011</VehicleJourneyCode>
      <ServiceRef>YNAO119</ServiceRef>
      <LineRef>0</LineRef>
      <JourneyPatternRef>JPS_YNAO119-2</JourneyPatternRef>
      <DepartureTime>06:55:00</DepartureTime>
    </VehicleJourney>
  </VehicleJourneys>
</TransXChange>