<?xml version="1.0" encoding="utf-8"?>
<TransXChange xmlns:xsd="http://www.w3.org/2001/XMLSchema" xmlns:xsi="http://www.w3.org/2001/XMLSchema-instance" xsi:schemaLocation="http://www.transxchange.org.uk/ http://www.transxchange.org.uk/schema/2.1/TransXChange_general.xsd" CreationDateTime="2017-09-18T09:39:00-00:00" ModificationDateTime="2017-09-18T09:39:00-00:00" Modification="new" RevisionNumber="0" FileName="SVRYNBO006.xml" SchemaVersion="2.1" RegistrationDocument="false" xmlns="http://www.transxchange.org.uk/">
  <StopPoints>
    <AnnotatedStopPointRef>
      <StopPointRef>3200YNA01157</StopPointRef>
      <CommonName>Queen Street Stop B</CommonName>
    </AnnotatedStopPointRef>
    <AnnotatedStopPointRef>
      <StopPointRef>3200YNA01149</StopPointRef>
      <CommonName>Newcastle Packet</CommonName>
    </AnnotatedStopPointRef>
    <AnnotatedStopPointRef>
      <StopPointRef>3200YNA01154</StopPointRef>
      <CommonName>Sandside</CommonName>
    </AnnotatedStopPointRef>
    <AnnotatedStopPointRef>
      <StopPointRef>3200YNA96754</StopPointRef>
      <CommonName>Sandside</CommonName>
    </AnnotatedStopPointRef>
    <AnnotatedStopPointRef>
      <StopPointRef>3200YNA01148</StopPointRef>
      <CommonName>Newcastle Packet</CommonName>
    </AnnotatedStopPointRef>
    <AnnotatedStopPointRef>
      <StopPointRef>3200YNA01150</StopPointRef>
      <CommonName>Foreshore Road</CommonName>
    </AnnotatedStopPointRef>
    <AnnotatedStopPointRef>
      <StopPointRef>3200YNA01151</StopPointRef>
      <CommonName>St Nicholas Gardens</CommonName>
    </AnnotatedStopPointRef>
    <AnnotatedStopPointRef>
      <StopPointRef>3200YNA06551</StopPointRef>
      <CommonName>Aquarium Top Stop Y</CommonName>
    </AnnotatedStopPointRef>
    <AnnotatedStopPointRef>
      <StopPointRef>3200YNA00938</StopPointRef>
      <CommonName>Harcourt Place Stop X</CommonName>
    </AnnotatedStopPointRef>
    <AnnotatedStopPointRef>
      <StopPointRef>3200YNA00939</StopPointRef>
      <CommonName>St Thomas Street Stop D</CommonName>
    </AnnotatedStopPointRef>
    <AnnotatedStopPointRef>
      <StopPointRef>3200YNA01158</StopPointRef>
      <CommonName>Castle Road Stop F</CommonName>
    </AnnotatedStopPointRef>
    <AnnotatedStopPointRef>
      <StopPointRef>3200YNA01160</StopPointRef>
      <CommonName>Aberdeen Walk Stop I</CommonName>
    </AnnotatedStopPointRef>
    <AnnotatedStopPointRef>
      <StopPointRef>3200YNA01166</StopPointRef>
      <CommonName>Westborough Stop N</CommonName>
    </AnnotatedStopPointRef>
    <AnnotatedStopPointRef>
      <StopPointRef>3200YNA01222</StopPointRef>
      <CommonName>Railway Station Stop R</CommonName>
    </AnnotatedStopPointRef>
    <AnnotatedStopPointRef>
      <StopPointRef>3200YNA01223</StopPointRef>
      <CommonName>Falsgrave Road</CommonName>
    </AnnotatedStopPointRef>
    <AnnotatedStopPointRef>
      <StopPointRef>3200YNB00624</StopPointRef>
      <CommonName>Harley Close</CommonName>
    </AnnotatedStopPointRef>
    <AnnotatedStopPointRef>
      <StopPointRef>3200YNA90628</StopPointRef>
      <CommonName>Swanzdale Vets</CommonName>
    </AnnotatedStopPointRef>
    <AnnotatedStopPointRef>
      <StopPointRef>3200YNA01043</StopPointRef>
      <CommonName>Peasholme Beck</CommonName>
    </AnnotatedStopPointRef>
    <AnnotatedStopPointRef>
      <StopPointRef>3200YNA01216</StopPointRef>
      <CommonName>Hatterboard Drive</CommonName>
    </AnnotatedStopPointRef>
    <AnnotatedStopPointRef>
      <StopPointRef>3200YNA01214</StopPointRef>
      <CommonName>Barrowcliff cj School</CommonName>
    </AnnotatedStopPointRef>
    <AnnotatedStopPointRef>
      <StopPointRef>3200YNA01212</StopPointRef>
      <CommonName>The Barrowcliff</CommonName>
    </AnnotatedStopPointRef>
    <AnnotatedStopPointRef>
      <StopPointRef>3200YNA01210</StopPointRef>
      <CommonName>Greylands Park Drive</CommonName>
    </AnnotatedStopPointRef>
    <AnnotatedStopPointRef>
      <StopPointRef>3200YNA01208</StopPointRef>
      <CommonName>St Leonards Crescent</CommonName>
    </AnnotatedStopPointRef>
    <AnnotatedStopPointRef>
      <StopPointRef>3200YNA01205</StopPointRef>
      <CommonName>St Leonards Crescent</CommonName>
    </AnnotatedStopPointRef>
    <AnnotatedStopPointRef>
      <StopPointRef>3200YNA01204</StopPointRef>
      <CommonName>Prospect Mount Road</CommonName>
    </AnnotatedStopPointRef>
    <AnnotatedStopPointRef>
      <StopPointRef>3200YNA01202</StopPointRef>
      <CommonName>Woodland Ravine</CommonName>
    </AnnotatedStopPointRef>
    <AnnotatedStopPointRef>
      <StopPointRef>3200YNA01197</StopPointRef>
      <CommonName>Raleigh Street</CommonName>
    </AnnotatedStopPointRef>
    <AnnotatedStopPointRef>
      <StopPointRef>3200YNA01196</StopPointRef>
      <CommonName>Gladstone Road</CommonName>
    </AnnotatedStopPointRef>
    <AnnotatedStopPointRef>
      <StopPointRef>3200YNA01167</StopPointRef>
      <CommonName>Victoria Street</CommonName>
    </AnnotatedStopPointRef>
    <AnnotatedStopPointRef>
      <StopPointRef>3200YNF10137</StopPointRef>
      <CommonName>Castle Road</CommonName>
    </AnnotatedStopPointRef>
    <AnnotatedStopPointRef>
      <StopPointRef>3200YNA06391</StopPointRef>
      <CommonName>Castle Road Stop A</CommonName>
    </AnnotatedStopPointRef>
  </StopPoints>
  <RouteSections>
    <RouteSection id="YNBO006_001">
      <RouteLink id="YNBO006_001_35751">
        <From>
          <StopPointRef>3200YNA01157</StopPointRef>
        </From>
        <To>
          <StopPointRef>3200YNA01149</StopPointRef>
        </To>
        <Direction>outbound</Direction>
      </RouteLink>
      <RouteLink id="YNBO006_001_35752">
        <From>
          <StopPointRef>3200YNA01149</StopPointRef>
        </From>
        <To>
          <StopPointRef>3200YNA01154</StopPointRef>
        </To>
        <Direction>outbound</Direction>
      </RouteLink>
      <RouteLink id="YNBO006_001_35753">
        <From>
          <StopPointRef>3200YNA01154</StopPointRef>
        </From>
        <To>
          <StopPointRef>3200YNA96754</StopPointRef>
        </To>
        <Direction>outbound</Direction>
      </RouteLink>
      <RouteLink id="YNBO006_001_35754">
        <From>
          <StopPointRef>3200YNA96754</StopPointRef>
        </From>
        <To>
          <StopPointRef>3200YNA01148</StopPointRef>
        </To>
        <Direction>outbound</Direction>
      </RouteLink>
      <RouteLink id="YNBO006_001_35755">
        <From>
          <StopPointRef>3200YNA01148</StopPointRef>
        </From>
        <To>
          <StopPointRef>3200YNA01150</StopPointRef>
        </To>
        <Direction>outbound</Direction>
      </RouteLink>
      <RouteLink id="YNBO006_001_35756">
        <From>
          <StopPointRef>3200YNA01150</StopPointRef>
        </From>
        <To>
          <StopPointRef>3200YNA01151</StopPointRef>
        </To>
        <Direction>outbound</Direction>
      </RouteLink>
      <RouteLink id="YNBO006_001_35757">
        <From>
          <StopPointRef>3200YNA01151</StopPointRef>
        </From>
        <To>
          <StopPointRef>3200YNA06551</StopPointRef>
        </To>
        <Direction>outbound</Direction>
      </RouteLink>
      <RouteLink id="YNBO006_001_35758">
        <From>
          <StopPointRef>3200YNA06551</StopPointRef>
        </From>
        <To>
          <StopPointRef>3200YNA00938</StopPointRef>
        </To>
        <Direction>outbound</Direction>
      </RouteLink>
      <RouteLink id="YNBO006_001_35759">
        <From>
          <StopPointRef>3200YNA00938</StopPointRef>
        </From>
        <To>
          <StopPointRef>3200YNA00939</StopPointRef>
        </To>
        <Direction>outbound</Direction>
      </RouteLink>
      <RouteLink id="YNBO006_001_35760">
        <From>
          <StopPointRef>3200YNA00939</StopPointRef>
        </From>
        <To>
          <StopPointRef>3200YNA01158</StopPointRef>
        </To>
        <Direction>outbound</Direction>
      </RouteLink>
      <RouteLink id="YNBO006_001_35761">
        <From>
          <StopPointRef>3200YNA01158</StopPointRef>
        </From>
        <To>
          <StopPointRef>3200YNA01160</StopPointRef>
        </To>
        <Direction>outbound</Direction>
      </RouteLink>
      <RouteLink id="YNBO006_001_35762">
        <From>
          <StopPointRef>3200YNA01160</StopPointRef>
        </From>
        <To>
          <StopPointRef>3200YNA01166</StopPointRef>
        </To>
        <Direction>outbound</Direction>
      </RouteLink>
      <RouteLink id="YNBO006_001_35763">
        <From>
          <StopPointRef>3200YNA01166</StopPointRef>
        </From>
        <To>
          <StopPointRef>3200YNA01222</StopPointRef>
        </To>
        <Direction>outbound</Direction>
      </RouteLink>
      <RouteLink id="YNBO006_001_35764">
        <From>
          <StopPointRef>3200YNA01222</StopPointRef>
        </From>
        <To>
          <StopPointRef>3200YNA01223</StopPointRef>
        </To>
        <Direction>outbound</Direction>
      </RouteLink>
      <RouteLink id="YNBO006_001_35765">
        <From>
          <StopPointRef>3200YNA01223</StopPointRef>
        </From>
        <To>
          <StopPointRef>3200YNB00624</StopPointRef>
        </To>
        <Direction>outbound</Direction>
      </RouteLink>
      <RouteLink id="YNBO006_001_35766">
        <From>
          <StopPointRef>3200YNB00624</StopPointRef>
        </From>
        <To>
          <StopPointRef>3200YNA90628</StopPointRef>
        </To>
        <Direction>outbound</Direction>
      </RouteLink>
      <RouteLink id="YNBO006_001_35767">
        <From>
          <StopPointRef>3200YNA90628</StopPointRef>
        </From>
        <To>
          <StopPointRef>3200YNA01043</StopPointRef>
        </To>
        <Direction>outbound</Direction>
      </RouteLink>
      <RouteLink id="YNBO006_001_35768">
        <From>
          <StopPointRef>3200YNA01043</StopPointRef>
        </From>
        <To>
          <StopPointRef>3200YNA01216</StopPointRef>
        </To>
        <Direction>outbound</Direction>
      </RouteLink>
      <RouteLink id="YNBO006_001_35769">
        <From>
          <StopPointRef>3200YNA01216</StopPointRef>
        </From>
        <To>
          <StopPointRef>3200YNA01214</StopPointRef>
        </To>
        <Direction>outbound</Direction>
      </RouteLink>
      <RouteLink id="YNBO006_001_35770">
        <From>
          <StopPointRef>3200YNA01214</StopPointRef>
        </From>
        <To>
          <StopPointRef>3200YNA01212</StopPointRef>
        </To>
        <Direction>outbound</Direction>
      </RouteLink>
      <RouteLink id="YNBO006_001_35771">
        <From>
          <StopPointRef>3200YNA01212</StopPointRef>
        </From>
        <To>
          <StopPointRef>3200YNA01210</StopPointRef>
        </To>
        <Direction>outbound</Direction>
      </RouteLink>
      <RouteLink id="YNBO006_001_35772">
        <From>
          <StopPointRef>3200YNA01210</StopPointRef>
        </From>
        <To>
          <StopPointRef>3200YNA01208</StopPointRef>
        </To>
        <Direction>outbound</Direction>
      </RouteLink>
      <RouteLink id="YNBO006_001_35773">
        <From>
          <StopPointRef>3200YNA01208</StopPointRef>
        </From>
        <To>
          <StopPointRef>3200YNA01205</StopPointRef>
        </To>
        <Direction>outbound</Direction>
      </RouteLink>
      <RouteLink id="YNBO006_001_35774">
        <From>
          <StopPointRef>3200YNA01205</StopPointRef>
        </From>
        <To>
          <StopPointRef>3200YNA01204</StopPointRef>
        </To>
        <Direction>outbound</Direction>
      </RouteLink>
      <RouteLink id="YNBO006_001_35775">
        <From>
          <StopPointRef>3200YNA01204</StopPointRef>
        </From>
        <To>
          <StopPointRef>3200YNA01202</StopPointRef>
        </To>
        <Direction>outbound</Direction>
      </RouteLink>
      <RouteLink id="YNBO006_001_35776">
        <From>
          <StopPointRef>3200YNA01202</StopPointRef>
        </From>
        <To>
          <StopPointRef>3200YNA01197</StopPointRef>
        </To>
        <Direction>outbound</Direction>
      </RouteLink>
      <RouteLink id="YNBO006_001_35777">
        <From>
          <StopPointRef>3200YNA01197</StopPointRef>
        </From>
        <To>
          <StopPointRef>3200YNA01196</StopPointRef>
        </To>
        <Direction>outbound</Direction>
      </RouteLink>
      <RouteLink id="YNBO006_001_35778">
        <From>
          <StopPointRef>3200YNA01196</StopPointRef>
        </From>
        <To>
          <StopPointRef>3200YNA01167</StopPointRef>
        </To>
        <Direction>outbound</Direction>
      </RouteLink>
      <RouteLink id="YNBO006_001_35779">
        <From>
          <StopPointRef>3200YNA01167</StopPointRef>
        </From>
        <To>
          <StopPointRef>3200YNF10137</StopPointRef>
        </To>
        <Direction>outbound</Direction>
      </RouteLink>
      <RouteLink id="YNBO006_001_35780">
        <From>
          <StopPointRef>3200YNF10137</StopPointRef>
        </From>
        <To>
          <StopPointRef>3200YNA06391</StopPointRef>
        </To>
        <Direction>outbound</Direction>
      </RouteLink>
      <RouteLink id="YNBO006_001_35781">
        <From>
          <StopPointRef>3200YNA06391</StopPointRef>
        </From>
        <To>
          <StopPointRef>3200YNA01157</StopPointRef>
        </To>
        <Direction>outbound</Direction>
      </RouteLink>
    </RouteSection>
    <RouteSection id="YNBO006_002">
      <RouteLink id="YNBO006_002_35783">
        <From>
          <StopPointRef>3200YNA01157</StopPointRef>
        </From>
        <To>
          <StopPointRef>3200YNA01149</StopPointRef>
        </To>
        <Direction>outbound</Direction>
      </RouteLink>
      <RouteLink id="YNBO006_002_35784">
        <From>
          <StopPointRef>3200YNA01149</StopPointRef>
        </From>
        <To>
          <StopPointRef>3200YNA01154</StopPointRef>
        </To>
        <Direction>outbound</Direction>
      </RouteLink>
      <RouteLink id="YNBO006_002_35785">
        <From>
          <StopPointRef>3200YNA01154</StopPointRef>
        </From>
        <To>
          <StopPointRef>3200YNA96754</StopPointRef>
        </To>
        <Direction>outbound</Direction>
      </RouteLink>
      <RouteLink id="YNBO006_002_35786">
        <From>
          <StopPointRef>3200YNA96754</StopPointRef>
        </From>
        <To>
          <StopPointRef>3200YNA01148</StopPointRef>
        </To>
        <Direction>outbound</Direction>
      </RouteLink>
      <RouteLink id="YNBO006_002_35787">
        <From>
          <StopPointRef>3200YNA01148</StopPointRef>
        </From>
        <To>
          <StopPointRef>3200YNA01150</StopPointRef>
        </To>
        <Direction>outbound</Direction>
      </RouteLink>
      <RouteLink id="YNBO006_002_35788">
        <From>
          <StopPointRef>3200YNA01150</StopPointRef>
        </From>
        <To>
          <StopPointRef>3200YNA01151</StopPointRef>
        </To>
        <Direction>outbound</Direction>
      </RouteLink>
      <RouteLink id="YNBO006_002_35789">
        <From>
          <StopPointRef>3200YNA01151</StopPointRef>
        </From>
        <To>
          <StopPointRef>3200YNA06551</StopPointRef>
        </To>
        <Direction>outbound</Direction>
      </RouteLink>
      <RouteLink id="YNBO006_002_35790">
        <From>
          <StopPointRef>3200YNA06551</StopPointRef>
        </From>
        <To>
          <StopPointRef>3200YNA00938</StopPointRef>
        </To>
        <Direction>outbound</Direction>
      </RouteLink>
      <RouteLink id="YNBO006_002_35791">
        <From>
          <StopPointRef>3200YNA00938</StopPointRef>
        </From>
        <To>
          <StopPointRef>3200YNA00939</StopPointRef>
        </To>
        <Direction>outbound</Direction>
      </RouteLink>
      <RouteLink id="YNBO006_002_35792">
        <From>
          <StopPointRef>3200YNA00939</StopPointRef>
        </From>
        <To>
          <StopPointRef>3200YNA01158</StopPointRef>
        </To>
        <Direction>outbound</Direction>
      </RouteLink>
      <RouteLink id="YNBO006_002_35793">
        <From>
          <StopPointRef>3200YNA01158</StopPointRef>
        </From>
        <To>
          <StopPointRef>3200YNA01160</StopPointRef>
        </To>
        <Direction>outbound</Direction>
      </RouteLink>
      <RouteLink id="YNBO006_002_35794">
        <From>
          <StopPointRef>3200YNA01160</StopPointRef>
        </From>
        <To>
          <StopPointRef>3200YNA01166</StopPointRef>
        </To>
        <Direction>outbound</Direction>
      </RouteLink>
      <RouteLink id="YNBO006_002_35795">
        <From>
          <StopPointRef>3200YNA01166</StopPointRef>
        </From>
        <To>
          <StopPointRef>3200YNA01222</StopPointRef>
        </To>
        <Direction>outbound</Direction>
      </RouteLink>
      <RouteLink id="YNBO006_002_35796">
        <From>
          <StopPointRef>3200YNA01222</StopPointRef>
        </From>
        <To>
          <StopPointRef>3200YNA01223</StopPointRef>
        </To>
        <Direction>outbound</Direction>
      </RouteLink>
      <RouteLink id="YNBO006_002_35797">
        <From>
          <StopPointRef>3200YNA01223</StopPointRef>
        </From>
        <To>
          <StopPointRef>3200YNB00624</StopPointRef>
        </To>
        <Direction>outbound</Direction>
      </RouteLink>
      <RouteLink id="YNBO006_002_35798">
        <From>
          <StopPointRef>3200YNB00624</StopPointRef>
        </From>
        <To>
          <StopPointRef>3200YNA90628</StopPointRef>
        </To>
        <Direction>outbound</Direction>
      </RouteLink>
      <RouteLink id="YNBO006_002_35799">
        <From>
          <StopPointRef>3200YNA90628</StopPointRef>
        </From>
        <To>
          <StopPointRef>3200YNA01043</StopPointRef>
        </To>
        <Direction>outbound</Direction>
      </RouteLink>
      <RouteLink id="YNBO006_002_35800">
        <From>
          <StopPointRef>3200YNA01043</StopPointRef>
        </From>
        <To>
          <StopPointRef>3200YNA01216</StopPointRef>
        </To>
        <Direction>outbound</Direction>
      </RouteLink>
      <RouteLink id="YNBO006_002_35801">
        <From>
          <StopPointRef>3200YNA01216</StopPointRef>
        </From>
        <To>
          <StopPointRef>3200YNA01214</StopPointRef>
        </To>
        <Direction>outbound</Direction>
      </RouteLink>
      <RouteLink id="YNBO006_002_35802">
        <From>
          <StopPointRef>3200YNA01214</StopPointRef>
        </From>
        <To>
          <StopPointRef>3200YNA01212</StopPointRef>
        </To>
        <Direction>outbound</Direction>
      </RouteLink>
      <RouteLink id="YNBO006_002_35803">
        <From>
          <StopPointRef>3200YNA01212</StopPointRef>
        </From>
        <To>
          <StopPointRef>3200YNA01210</StopPointRef>
        </To>
        <Direction>outbound</Direction>
      </RouteLink>
      <RouteLink id="YNBO006_002_35804">
        <From>
          <StopPointRef>3200YNA01210</StopPointRef>
        </From>
        <To>
          <StopPointRef>3200YNA01208</StopPointRef>
        </To>
        <Direction>outbound</Direction>
      </RouteLink>
      <RouteLink id="YNBO006_002_35805">
        <From>
          <StopPointRef>3200YNA01208</StopPointRef>
        </From>
        <To>
          <StopPointRef>3200YNA01205</StopPointRef>
        </To>
        <Direction>outbound</Direction>
      </RouteLink>
      <RouteLink id="YNBO006_002_35806">
        <From>
          <StopPointRef>3200YNA01205</StopPointRef>
        </From>
        <To>
          <StopPointRef>3200YNA01204</StopPointRef>
        </To>
        <Direction>outbound</Direction>
      </RouteLink>
      <RouteLink id="YNBO006_002_35807">
        <From>
          <StopPointRef>3200YNA01204</StopPointRef>
        </From>
        <To>
          <StopPointRef>3200YNA01202</StopPointRef>
        </To>
        <Direction>outbound</Direction>
      </RouteLink>
      <RouteLink id="YNBO006_002_35808">
        <From>
          <StopPointRef>3200YNA01202</StopPointRef>
        </From>
        <To>
          <StopPointRef>3200YNA01197</StopPointRef>
        </To>
        <Direction>outbound</Direction>
      </RouteLink>
      <RouteLink id="YNBO006_002_35809">
        <From>
          <StopPointRef>3200YNA01197</StopPointRef>
        </From>
        <To>
          <StopPointRef>3200YNA01196</StopPointRef>
        </To>
        <Direction>outbound</Direction>
      </RouteLink>
      <RouteLink id="YNBO006_002_35810">
        <From>
          <StopPointRef>3200YNA01196</StopPointRef>
        </From>
        <To>
          <StopPointRef>3200YNA01167</StopPointRef>
        </To>
        <Direction>outbound</Direction>
      </RouteLink>
      <RouteLink id="YNBO006_002_35811">
        <From>
          <StopPointRef>3200YNA01167</StopPointRef>
        </From>
        <To>
          <StopPointRef>3200YNF10137</StopPointRef>
        </To>
        <Direction>outbound</Direction>
      </RouteLink>
      <RouteLink id="YNBO006_002_35812">
        <From>
          <StopPointRef>3200YNF10137</StopPointRef>
        </From>
        <To>
          <StopPointRef>3200YNA06391</StopPointRef>
        </To>
        <Direction>outbound</Direction>
      </RouteLink>
      <RouteLink id="YNBO006_002_35813">
        <From>
          <StopPointRef>3200YNA06391</StopPointRef>
        </From>
        <To>
          <StopPointRef>3200YNA01157</StopPointRef>
        </To>
        <Direction>outbound</Direction>
      </RouteLink>
    </RouteSection>
  </RouteSections>
  <Routes>
    <Route id="YNBO006_001">
      <Description>Scarborough - Briercliffe Circular
</Description>
      <RouteSectionRef>YNBO006_001</RouteSectionRef>
    </Route>
    <Route id="YNBO006_002">
      <Description>Scarborough - Briercliffe Circular
</Description>
      <RouteSectionRef>YNBO006_002</RouteSectionRef>
    </Route>
  </Routes>
  <JourneyPatternSections>
    <JourneyPatternSection id="JPS_YNBO006-3">
      <JourneyPatternTimingLink id="JPS_YNBO006-3_35751">
        <From>
          <StopPointRef>3200YNA01157</StopPointRef>
          <TimingStatus>PTP</TimingStatus>
        </From>
        <To>
          <StopPointRef>3200YNA01149</StopPointRef>
          <TimingStatus>OTH</TimingStatus>
        </To>
        <RouteLinkRef>YNBO006_001_35751</RouteLinkRef>
        <Direction>outbound</Direction>
        <RunTime>PT60S</RunTime>
      </JourneyPatternTimingLink>
      <JourneyPatternTimingLink id="JPS_YNBO006-3_35752">
        <From>
          <StopPointRef>3200YNA01149</StopPointRef>
          <TimingStatus>OTH</TimingStatus>
        </From>
        <To>
          <StopPointRef>3200YNA01154</StopPointRef>
          <TimingStatus>OTH</TimingStatus>
        </To>
        <RouteLinkRef>YNBO006_001_35752</RouteLinkRef>
        <Direction>outbound</Direction>
        <RunTime>PT60S</RunTime>
      </JourneyPatternTimingLink>
      <JourneyPatternTimingLink id="JPS_YNBO006-3_35753">
        <From>
          <StopPointRef>3200YNA01154</StopPointRef>
          <TimingStatus>OTH</TimingStatus>
        </From>
        <To>
          <StopPointRef>3200YNA96754</StopPointRef>
          <TimingStatus>PTP</TimingStatus>
        </To>
        <RouteLinkRef>YNBO006_001_35753</RouteLinkRef>
        <Direction>outbound</Direction>
        <RunTime>PT60S</RunTime>
      </JourneyPatternTimingLink>
      <JourneyPatternTimingLink id="JPS_YNBO006-3_35754">
        <From>
          <StopPointRef>3200YNA96754</StopPointRef>
          <TimingStatus>PTP</TimingStatus>
        </From>
        <To>
          <StopPointRef>3200YNA01148</StopPointRef>
          <TimingStatus>OTH</TimingStatus>
        </To>
        <RouteLinkRef>YNBO006_001_35754</RouteLinkRef>
        <Direction>outbound</Direction>
        <RunTime>PT0S</RunTime>
      </JourneyPatternTimingLink>
      <JourneyPatternTimingLink id="JPS_YNBO006-3_35755">
        <From>
          <StopPointRef>3200YNA01148</StopPointRef>
          <TimingStatus>OTH</TimingStatus>
        </From>
        <To>
          <StopPointRef>3200YNA01150</StopPointRef>
          <TimingStatus>OTH</TimingStatus>
        </To>
        <RouteLinkRef>YNBO006_001_35755</RouteLinkRef>
        <Direction>outbound</Direction>
        <RunTime>PT60S</RunTime>
      </JourneyPatternTimingLink>
      <JourneyPatternTimingLink id="JPS_YNBO006-3_35756">
        <From>
          <StopPointRef>3200YNA01150</StopPointRef>
          <TimingStatus>OTH</TimingStatus>
        </From>
        <To>
          <StopPointRef>3200YNA01151</StopPointRef>
          <TimingStatus>PTP</TimingStatus>
        </To>
        <RouteLinkRef>YNBO006_001_35756</RouteLinkRef>
        <Direction>outbound</Direction>
        <RunTime>PT60S</RunTime>
      </JourneyPatternTimingLink>
      <JourneyPatternTimingLink id="JPS_YNBO006-3_35757">
        <From>
          <StopPointRef>3200YNA01151</StopPointRef>
          <TimingStatus>PTP</TimingStatus>
        </From>
        <To>
          <StopPointRef>3200YNA06551</StopPointRef>
          <TimingStatus>OTH</TimingStatus>
        </To>
        <RouteLinkRef>YNBO006_001_35757</RouteLinkRef>
        <Direction>outbound</Direction>
        <RunTime>PT60S</RunTime>
      </JourneyPatternTimingLink>
      <JourneyPatternTimingLink id="JPS_YNBO006-3_35758">
        <From>
          <StopPointRef>3200YNA06551</StopPointRef>
          <TimingStatus>OTH</TimingStatus>
        </From>
        <To>
          <StopPointRef>3200YNA00938</StopPointRef>
          <TimingStatus>OTH</TimingStatus>
        </To>
        <RouteLinkRef>YNBO006_001_35758</RouteLinkRef>
        <Direction>outbound</Direction>
        <RunTime>PT120S</RunTime>
      </JourneyPatternTimingLink>
      <JourneyPatternTimingLink id="JPS_YNBO006-3_35759">
        <From>
          <StopPointRef>3200YNA00938</StopPointRef>
          <TimingStatus>OTH</TimingStatus>
        </From>
        <To>
          <StopPointRef>3200YNA00939</StopPointRef>
          <TimingStatus>OTH</TimingStatus>
        </To>
        <RouteLinkRef>YNBO006_001_35759</RouteLinkRef>
        <Direction>outbound</Direction>
        <RunTime>PT60S</RunTime>
      </JourneyPatternTimingLink>
      <JourneyPatternTimingLink id="JPS_YNBO006-3_35760">
        <From>
          <StopPointRef>3200YNA00939</StopPointRef>
          <TimingStatus>OTH</TimingStatus>
        </From>
        <To>
          <StopPointRef>3200YNA01158</StopPointRef>
          <TimingStatus>OTH</TimingStatus>
        </To>
        <RouteLinkRef>YNBO006_001_35760</RouteLinkRef>
        <Direction>outbound</Direction>
        <RunTime>PT120S</RunTime>
      </JourneyPatternTimingLink>
      <JourneyPatternTimingLink id="JPS_YNBO006-3_35761">
        <From>
          <StopPointRef>3200YNA01158</StopPointRef>
          <TimingStatus>OTH</TimingStatus>
        </From>
        <To>
          <StopPointRef>3200YNA01160</StopPointRef>
          <TimingStatus>OTH</TimingStatus>
        </To>
        <RouteLinkRef>YNBO006_001_35761</RouteLinkRef>
        <Direction>outbound</Direction>
        <RunTime>PT60S</RunTime>
      </JourneyPatternTimingLink>
      <JourneyPatternTimingLink id="JPS_YNBO006-3_35762">
        <From>
          <StopPointRef>3200YNA01160</StopPointRef>
          <TimingStatus>OTH</TimingStatus>
        </From>
        <To>
          <StopPointRef>3200YNA01166</StopPointRef>
          <TimingStatus>PTP</TimingStatus>
        </To>
        <RouteLinkRef>YNBO006_001_35762</RouteLinkRef>
        <Direction>outbound</Direction>
        <RunTime>PT120S</RunTime>
      </JourneyPatternTimingLink>
      <JourneyPatternTimingLink id="JPS_YNBO006-3_35763">
        <From>
          <StopPointRef>3200YNA01166</StopPointRef>
          <TimingStatus>PTP</TimingStatus>
        </From>
        <To>
          <StopPointRef>3200YNA01222</StopPointRef>
          <TimingStatus>OTH</TimingStatus>
        </To>
        <RouteLinkRef>YNBO006_001_35763</RouteLinkRef>
        <Direction>outbound</Direction>
        <RunTime>PT0S</RunTime>
      </JourneyPatternTimingLink>
      <JourneyPatternTimingLink id="JPS_YNBO006-3_35764">
        <From>
          <StopPointRef>3200YNA01222</StopPointRef>
          <TimingStatus>OTH</TimingStatus>
        </From>
        <To>
          <StopPointRef>3200YNA01223</StopPointRef>
          <TimingStatus>PTP</TimingStatus>
        </To>
        <RouteLinkRef>YNBO006_001_35764</RouteLinkRef>
        <Direction>outbound</Direction>
        <RunTime>PT120S</RunTime>
      </JourneyPatternTimingLink>
      <JourneyPatternTimingLink id="JPS_YNBO006-3_35765">
        <From>
          <StopPointRef>3200YNA01223</StopPointRef>
          <TimingStatus>PTP</TimingStatus>
        </From>
        <To>
          <StopPointRef>3200YNB00624</StopPointRef>
          <TimingStatus>OTH</TimingStatus>
        </To>
        <RouteLinkRef>YNBO006_001_35765</RouteLinkRef>
        <Direction>outbound</Direction>
        <RunTime>PT60S</RunTime>
      </JourneyPatternTimingLink>
      <JourneyPatternTimingLink id="JPS_YNBO006-3_35766">
        <From>
          <StopPointRef>3200YNB00624</StopPointRef>
          <TimingStatus>OTH</TimingStatus>
        </From>
        <To>
          <StopPointRef>3200YNA90628</StopPointRef>
          <TimingStatus>OTH</TimingStatus>
        </To>
        <RouteLinkRef>YNBO006_001_35766</RouteLinkRef>
        <Direction>outbound</Direction>
        <RunTime>PT60S</RunTime>
      </JourneyPatternTimingLink>
      <JourneyPatternTimingLink id="JPS_YNBO006-3_35767">
        <From>
          <StopPointRef>3200YNA90628</StopPointRef>
          <TimingStatus>OTH</TimingStatus>
        </From>
        <To>
          <StopPointRef>3200YNA01043</StopPointRef>
          <TimingStatus>PTP</TimingStatus>
        </To>
        <RouteLinkRef>YNBO006_001_35767</RouteLinkRef>
        <Direction>outbound</Direction>
        <RunTime>PT60S</RunTime>
      </JourneyPatternTimingLink>
      <JourneyPatternTimingLink id="JPS_YNBO006-3_35768">
        <From>
          <StopPointRef>3200YNA01043</StopPointRef>
          <TimingStatus>PTP</TimingStatus>
        </From>
        <To>
          <StopPointRef>3200YNA01216</StopPointRef>
          <TimingStatus>OTH</TimingStatus>
        </To>
        <RouteLinkRef>YNBO006_001_35768</RouteLinkRef>
        <Direction>outbound</Direction>
        <RunTime>PT60S</RunTime>
      </JourneyPatternTimingLink>
      <JourneyPatternTimingLink id="JPS_YNBO006-3_35769">
        <From>
          <StopPointRef>3200YNA01216</StopPointRef>
          <TimingStatus>OTH</TimingStatus>
        </From>
        <To>
          <StopPointRef>3200YNA01214</StopPointRef>
          <TimingStatus>OTH</TimingStatus>
        </To>
        <RouteLinkRef>YNBO006_001_35769</RouteLinkRef>
        <Direction>outbound</Direction>
        <RunTime>PT60S</RunTime>
      </JourneyPatternTimingLink>
      <JourneyPatternTimingLink id="JPS_YNBO006-3_35770">
        <From>
          <StopPointRef>3200YNA01214</StopPointRef>
          <TimingStatus>OTH</TimingStatus>
        </From>
        <To>
          <StopPointRef>3200YNA01212</StopPointRef>
          <TimingStatus>PTP</TimingStatus>
        </To>
        <RouteLinkRef>YNBO006_001_35770</RouteLinkRef>
        <Direction>outbound</Direction>
        <RunTime>PT120S</RunTime>
      </JourneyPatternTimingLink>
      <JourneyPatternTimingLink id="JPS_YNBO006-3_35771">
        <From>
          <StopPointRef>3200YNA01212</StopPointRef>
          <TimingStatus>PTP</TimingStatus>
        </From>
        <To>
          <StopPointRef>3200YNA01210</StopPointRef>
          <TimingStatus>OTH</TimingStatus>
        </To>
        <RouteLinkRef>YNBO006_001_35771</RouteLinkRef>
        <Direction>outbound</Direction>
        <RunTime>PT60S</RunTime>
      </JourneyPatternTimingLink>
      <JourneyPatternTimingLink id="JPS_YNBO006-3_35772">
        <From>
          <StopPointRef>3200YNA01210</StopPointRef>
          <TimingStatus>OTH</TimingStatus>
        </From>
        <To>
          <StopPointRef>3200YNA01208</StopPointRef>
          <TimingStatus>PTP</TimingStatus>
        </To>
        <RouteLinkRef>YNBO006_001_35772</RouteLinkRef>
        <Direction>outbound</Direction>
        <RunTime>PT120S</RunTime>
      </JourneyPatternTimingLink>
      <JourneyPatternTimingLink id="JPS_YNBO006-3_35773">
        <From>
          <StopPointRef>3200YNA01208</StopPointRef>
          <TimingStatus>PTP</TimingStatus>
        </From>
        <To>
          <StopPointRef>3200YNA01205</StopPointRef>
          <TimingStatus>OTH</TimingStatus>
        </To>
        <RouteLinkRef>YNBO006_001_35773</RouteLinkRef>
        <Direction>outbound</Direction>
        <RunTime>PT60S</RunTime>
      </JourneyPatternTimingLink>
      <JourneyPatternTimingLink id="JPS_YNBO006-3_35774">
        <From>
          <StopPointRef>3200YNA01205</StopPointRef>
          <TimingStatus>OTH</TimingStatus>
        </From>
        <To>
          <StopPointRef>3200YNA01204</StopPointRef>
          <TimingStatus>OTH</TimingStatus>
        </To>
        <RouteLinkRef>YNBO006_001_35774</RouteLinkRef>
        <Direction>outbound</Direction>
        <RunTime>PT120S</RunTime>
      </JourneyPatternTimingLink>
      <JourneyPatternTimingLink id="JPS_YNBO006-3_35775">
        <From>
          <StopPointRef>3200YNA01204</StopPointRef>
          <TimingStatus>OTH</TimingStatus>
        </From>
        <To>
          <StopPointRef>3200YNA01202</StopPointRef>
          <TimingStatus>OTH</TimingStatus>
        </To>
        <RouteLinkRef>YNBO006_001_35775</RouteLinkRef>
        <Direction>outbound</Direction>
        <RunTime>PT0S</RunTime>
      </JourneyPatternTimingLink>
      <JourneyPatternTimingLink id="JPS_YNBO006-3_35776">
        <From>
          <StopPointRef>3200YNA01202</StopPointRef>
          <TimingStatus>OTH</TimingStatus>
        </From>
        <To>
          <StopPointRef>3200YNA01197</StopPointRef>
          <TimingStatus>PTP</TimingStatus>
        </To>
        <RouteLinkRef>YNBO006_001_35776</RouteLinkRef>
        <Direction>outbound</Direction>
        <RunTime>PT180S</RunTime>
      </JourneyPatternTimingLink>
      <JourneyPatternTimingLink id="JPS_YNBO006-3_35777">
        <From>
          <StopPointRef>3200YNA01197</StopPointRef>
          <TimingStatus>PTP</TimingStatus>
        </From>
        <To>
          <StopPointRef>3200YNA01196</StopPointRef>
          <TimingStatus>PTP</TimingStatus>
        </To>
        <RouteLinkRef>YNBO006_001_35777</RouteLinkRef>
        <Direction>outbound</Direction>
        <RunTime>PT180S</RunTime>
      </JourneyPatternTimingLink>
      <JourneyPatternTimingLink id="JPS_YNBO006-3_35778">
        <From>
          <StopPointRef>3200YNA01196</StopPointRef>
          <TimingStatus>PTP</TimingStatus>
        </From>
        <To>
          <StopPointRef>3200YNA01167</StopPointRef>
          <TimingStatus>OTH</TimingStatus>
        </To>
        <RouteLinkRef>YNBO006_001_35778</RouteLinkRef>
        <Direction>outbound</Direction>
        <RunTime>PT60S</RunTime>
      </JourneyPatternTimingLink>
      <JourneyPatternTimingLink id="JPS_YNBO006-3_35779">
        <From>
          <StopPointRef>3200YNA01167</StopPointRef>
          <TimingStatus>OTH</TimingStatus>
        </From>
        <To>
          <StopPointRef>3200YNF10137</StopPointRef>
          <TimingStatus>OTH</TimingStatus>
        </To>
        <RouteLinkRef>YNBO006_001_35779</RouteLinkRef>
        <Direction>outbound</Direction>
        <RunTime>PT60S</RunTime>
      </JourneyPatternTimingLink>
      <JourneyPatternTimingLink id="JPS_YNBO006-3_35780">
        <From>
          <StopPointRef>3200YNF10137</StopPointRef>
          <TimingStatus>OTH</TimingStatus>
        </From>
        <To>
          <StopPointRef>3200YNA06391</StopPointRef>
          <TimingStatus>OTH</TimingStatus>
        </To>
        <RouteLinkRef>YNBO006_001_35780</RouteLinkRef>
        <Direction>outbound</Direction>
        <RunTime>PT60S</RunTime>
      </JourneyPatternTimingLink>
      <JourneyPatternTimingLink id="JPS_YNBO006-3_35781">
        <From>
          <StopPointRef>3200YNA06391</StopPointRef>
          <TimingStatus>OTH</TimingStatus>
        </From>
        <To>
          <StopPointRef>3200YNA01157</StopPointRef>
          <TimingStatus>PTP</TimingStatus>
        </To>
        <RouteLinkRef>YNBO006_001_35781</RouteLinkRef>
        <Direction>outbound</Direction>
        <RunTime>PT120S</RunTime>
      </JourneyPatternTimingLink>
    </JourneyPatternSection>
    <JourneyPatternSection id="JPS_YNBO006-4">
      <JourneyPatternTimingLink id="JPS_YNBO006-4_35783">
        <From>
          <StopPointRef>3200YNA01157</StopPointRef>
          <TimingStatus>PTP</TimingStatus>
        </From>
        <To>
          <StopPointRef>3200YNA01149</StopPointRef>
          <TimingStatus>OTH</TimingStatus>
        </To>
        <RouteLinkRef>YNBO006_002_35783</RouteLinkRef>
        <Direction>outbound</Direction>
        <RunTime>PT60S</RunTime>
      </JourneyPatternTimingLink>
      <JourneyPatternTimingLink id="JPS_YNBO006-4_35784">
        <From>
          <StopPointRef>3200YNA01149</StopPointRef>
          <TimingStatus>OTH</TimingStatus>
        </From>
        <To>
          <StopPointRef>3200YNA01154</StopPointRef>
          <TimingStatus>OTH</TimingStatus>
        </To>
        <RouteLinkRef>YNBO006_002_35784</RouteLinkRef>
        <Direction>outbound</Direction>
        <RunTime>PT60S</RunTime>
      </JourneyPatternTimingLink>
      <JourneyPatternTimingLink id="JPS_YNBO006-4_35785">
        <From>
          <StopPointRef>3200YNA01154</StopPointRef>
          <TimingStatus>OTH</TimingStatus>
        </From>
        <To>
          <StopPointRef>3200YNA96754</StopPointRef>
          <TimingStatus>PTP</TimingStatus>
        </To>
        <RouteLinkRef>YNBO006_002_35785</RouteLinkRef>
        <Direction>outbound</Direction>
        <RunTime>PT60S</RunTime>
      </JourneyPatternTimingLink>
      <JourneyPatternTimingLink id="JPS_YNBO006-4_35786">
        <From>
          <StopPointRef>3200YNA96754</StopPointRef>
          <TimingStatus>PTP</TimingStatus>
        </From>
        <To>
          <StopPointRef>3200YNA01148</StopPointRef>
          <TimingStatus>OTH</TimingStatus>
        </To>
        <RouteLinkRef>YNBO006_002_35786</RouteLinkRef>
        <Direction>outbound</Direction>
        <RunTime>PT0S</RunTime>
      </JourneyPatternTimingLink>
      <JourneyPatternTimingLink id="JPS_YNBO006-4_35787">
        <From>
          <StopPointRef>3200YNA01148</StopPointRef>
          <TimingStatus>OTH</TimingStatus>
        </From>
        <To>
          <StopPointRef>3200YNA01150</StopPointRef>
          <TimingStatus>OTH</TimingStatus>
        </To>
        <RouteLinkRef>YNBO006_002_35787</RouteLinkRef>
        <Direction>outbound</Direction>
        <RunTime>PT60S</RunTime>
      </JourneyPatternTimingLink>
      <JourneyPatternTimingLink id="JPS_YNBO006-4_35788">
        <From>
          <StopPointRef>3200YNA01150</StopPointRef>
          <TimingStatus>OTH</TimingStatus>
        </From>
        <To>
          <StopPointRef>3200YNA01151</StopPointRef>
          <TimingStatus>PTP</TimingStatus>
        </To>
        <RouteLinkRef>YNBO006_002_35788</RouteLinkRef>
        <Direction>outbound</Direction>
        <RunTime>PT60S</RunTime>
      </JourneyPatternTimingLink>
      <JourneyPatternTimingLink id="JPS_YNBO006-4_35789">
        <From>
          <StopPointRef>3200YNA01151</StopPointRef>
          <TimingStatus>PTP</TimingStatus>
        </From>
        <To>
          <StopPointRef>3200YNA06551</StopPointRef>
          <TimingStatus>OTH</TimingStatus>
        </To>
        <RouteLinkRef>YNBO006_002_35789</RouteLinkRef>
        <Direction>outbound</Direction>
        <RunTime>PT60S</RunTime>
      </JourneyPatternTimingLink>
      <JourneyPatternTimingLink id="JPS_YNBO006-4_35790">
        <From>
          <StopPointRef>3200YNA06551</StopPointRef>
          <TimingStatus>OTH</TimingStatus>
        </From>
        <To>
          <StopPointRef>3200YNA00938</StopPointRef>
          <TimingStatus>OTH</TimingStatus>
        </To>
        <RouteLinkRef>YNBO006_002_35790</RouteLinkRef>
        <Direction>outbound</Direction>
        <RunTime>PT120S</RunTime>
      </JourneyPatternTimingLink>
      <JourneyPatternTimingLink id="JPS_YNBO006-4_35791">
        <From>
          <StopPointRef>3200YNA00938</StopPointRef>
          <TimingStatus>OTH</TimingStatus>
        </From>
        <To>
          <StopPointRef>3200YNA00939</StopPointRef>
          <TimingStatus>OTH</TimingStatus>
        </To>
        <RouteLinkRef>YNBO006_002_35791</RouteLinkRef>
        <Direction>outbound</Direction>
        <RunTime>PT60S</RunTime>
      </JourneyPatternTimingLink>
      <JourneyPatternTimingLink id="JPS_YNBO006-4_35792">
        <From>
          <StopPointRef>3200YNA00939</StopPointRef>
          <TimingStatus>OTH</TimingStatus>
        </From>
        <To>
          <StopPointRef>3200YNA01158</StopPointRef>
          <TimingStatus>OTH</TimingStatus>
        </To>
        <RouteLinkRef>YNBO006_002_35792</RouteLinkRef>
        <Direction>outbound</Direction>
        <RunTime>PT120S</RunTime>
      </JourneyPatternTimingLink>
      <JourneyPatternTimingLink id="JPS_YNBO006-4_35793">
        <From>
          <StopPointRef>3200YNA01158</StopPointRef>
          <TimingStatus>OTH</TimingStatus>
        </From>
        <To>
          <StopPointRef>3200YNA01160</StopPointRef>
          <TimingStatus>OTH</TimingStatus>
        </To>
        <RouteLinkRef>YNBO006_002_35793</RouteLinkRef>
        <Direction>outbound</Direction>
        <RunTime>PT60S</RunTime>
      </JourneyPatternTimingLink>
      <JourneyPatternTimingLink id="JPS_YNBO006-4_35794">
        <From>
          <StopPointRef>3200YNA01160</StopPointRef>
          <TimingStatus>OTH</TimingStatus>
        </From>
        <To>
          <StopPointRef>3200YNA01166</StopPointRef>
          <TimingStatus>PTP</TimingStatus>
        </To>
        <RouteLinkRef>YNBO006_002_35794</RouteLinkRef>
        <Direction>outbound</Direction>
        <RunTime>PT120S</RunTime>
      </JourneyPatternTimingLink>
      <JourneyPatternTimingLink id="JPS_YNBO006-4_35795">
        <From>
          <StopPointRef>3200YNA01166</StopPointRef>
          <TimingStatus>PTP</TimingStatus>
        </From>
        <To>
          <StopPointRef>3200YNA01222</StopPointRef>
          <TimingStatus>OTH</TimingStatus>
        </To>
        <RouteLinkRef>YNBO006_002_35795</RouteLinkRef>
        <Direction>outbound</Direction>
        <RunTime>PT0S</RunTime>
      </JourneyPatternTimingLink>
      <JourneyPatternTimingLink id="JPS_YNBO006-4_35796">
        <From>
          <StopPointRef>3200YNA01222</StopPointRef>
          <TimingStatus>OTH</TimingStatus>
        </From>
        <To>
          <StopPointRef>3200YNA01223</StopPointRef>
          <TimingStatus>PTP</TimingStatus>
        </To>
        <RouteLinkRef>YNBO006_002_35796</RouteLinkRef>
        <Direction>outbound</Direction>
        <RunTime>PT120S</RunTime>
      </JourneyPatternTimingLink>
      <JourneyPatternTimingLink id="JPS_YNBO006-4_35797">
        <From>
          <StopPointRef>3200YNA01223</StopPointRef>
          <TimingStatus>PTP</TimingStatus>
        </From>
        <To>
          <StopPointRef>3200YNB00624</StopPointRef>
          <TimingStatus>OTH</TimingStatus>
        </To>
        <RouteLinkRef>YNBO006_002_35797</RouteLinkRef>
        <Direction>outbound</Direction>
        <RunTime>PT60S</RunTime>
      </JourneyPatternTimingLink>
      <JourneyPatternTimingLink id="JPS_YNBO006-4_35798">
        <From>
          <StopPointRef>3200YNB00624</StopPointRef>
          <TimingStatus>OTH</TimingStatus>
        </From>
        <To>
          <StopPointRef>3200YNA90628</StopPointRef>
          <TimingStatus>OTH</TimingStatus>
        </To>
        <RouteLinkRef>YNBO006_002_35798</RouteLinkRef>
        <Direction>outbound</Direction>
        <RunTime>PT60S</RunTime>
      </JourneyPatternTimingLink>
      <JourneyPatternTimingLink id="JPS_YNBO006-4_35799">
        <From>
          <StopPointRef>3200YNA90628</StopPointRef>
          <TimingStatus>OTH</TimingStatus>
        </From>
        <To>
          <StopPointRef>3200YNA01043</StopPointRef>
          <TimingStatus>PTP</TimingStatus>
        </To>
        <RouteLinkRef>YNBO006_002_35799</RouteLinkRef>
        <Direction>outbound</Direction>
        <RunTime>PT60S</RunTime>
      </JourneyPatternTimingLink>
      <JourneyPatternTimingLink id="JPS_YNBO006-4_35800">
        <From>
          <StopPointRef>3200YNA01043</StopPointRef>
          <TimingStatus>PTP</TimingStatus>
        </From>
        <To>
          <StopPointRef>3200YNA01216</StopPointRef>
          <TimingStatus>OTH</TimingStatus>
        </To>
        <RouteLinkRef>YNBO006_002_35800</RouteLinkRef>
        <Direction>outbound</Direction>
        <RunTime>PT60S</RunTime>
      </JourneyPatternTimingLink>
      <JourneyPatternTimingLink id="JPS_YNBO006-4_35801">
        <From>
          <StopPointRef>3200YNA01216</StopPointRef>
          <TimingStatus>OTH</TimingStatus>
        </From>
        <To>
          <StopPointRef>3200YNA01214</StopPointRef>
          <TimingStatus>OTH</TimingStatus>
        </To>
        <RouteLinkRef>YNBO006_002_35801</RouteLinkRef>
        <Direction>outbound</Direction>
        <RunTime>PT60S</RunTime>
      </JourneyPatternTimingLink>
      <JourneyPatternTimingLink id="JPS_YNBO006-4_35802">
        <From>
          <StopPointRef>3200YNA01214</StopPointRef>
          <TimingStatus>OTH</TimingStatus>
        </From>
        <To>
          <StopPointRef>3200YNA01212</StopPointRef>
          <TimingStatus>PTP</TimingStatus>
        </To>
        <RouteLinkRef>YNBO006_002_35802</RouteLinkRef>
        <Direction>outbound</Direction>
        <RunTime>PT120S</RunTime>
      </JourneyPatternTimingLink>
      <JourneyPatternTimingLink id="JPS_YNBO006-4_35803">
        <From>
          <StopPointRef>3200YNA01212</StopPointRef>
          <TimingStatus>PTP</TimingStatus>
        </From>
        <To>
          <StopPointRef>3200YNA01210</StopPointRef>
          <TimingStatus>OTH</TimingStatus>
        </To>
        <RouteLinkRef>YNBO006_002_35803</RouteLinkRef>
        <Direction>outbound</Direction>
        <RunTime>PT60S</RunTime>
      </JourneyPatternTimingLink>
      <JourneyPatternTimingLink id="JPS_YNBO006-4_35804">
        <From>
          <StopPointRef>3200YNA01210</StopPointRef>
          <TimingStatus>OTH</TimingStatus>
        </From>
        <To>
          <StopPointRef>3200YNA01208</StopPointRef>
          <TimingStatus>PTP</TimingStatus>
        </To>
        <RouteLinkRef>YNBO006_002_35804</RouteLinkRef>
        <Direction>outbound</Direction>
        <RunTime>PT120S</RunTime>
      </JourneyPatternTimingLink>
      <JourneyPatternTimingLink id="JPS_YNBO006-4_35805">
        <From>
          <StopPointRef>3200YNA01208</StopPointRef>
          <TimingStatus>PTP</TimingStatus>
        </From>
        <To>
          <StopPointRef>3200YNA01205</StopPointRef>
          <TimingStatus>OTH</TimingStatus>
        </To>
        <RouteLinkRef>YNBO006_002_35805</RouteLinkRef>
        <Direction>outbound</Direction>
        <RunTime>PT60S</RunTime>
      </JourneyPatternTimingLink>
      <JourneyPatternTimingLink id="JPS_YNBO006-4_35806">
        <From>
          <StopPointRef>3200YNA01205</StopPointRef>
          <TimingStatus>OTH</TimingStatus>
        </From>
        <To>
          <StopPointRef>3200YNA01204</StopPointRef>
          <TimingStatus>OTH</TimingStatus>
        </To>
        <RouteLinkRef>YNBO006_002_35806</RouteLinkRef>
        <Direction>outbound</Direction>
        <RunTime>PT120S</RunTime>
      </JourneyPatternTimingLink>
      <JourneyPatternTimingLink id="JPS_YNBO006-4_35807">
        <From>
          <StopPointRef>3200YNA01204</StopPointRef>
          <TimingStatus>OTH</TimingStatus>
        </From>
        <To>
          <StopPointRef>3200YNA01202</StopPointRef>
          <TimingStatus>OTH</TimingStatus>
        </To>
        <RouteLinkRef>YNBO006_002_35807</RouteLinkRef>
        <Direction>outbound</Direction>
        <RunTime>PT0S</RunTime>
      </JourneyPatternTimingLink>
      <JourneyPatternTimingLink id="JPS_YNBO006-4_35808">
        <From>
          <StopPointRef>3200YNA01202</StopPointRef>
          <TimingStatus>OTH</TimingStatus>
        </From>
        <To>
          <StopPointRef>3200YNA01197</StopPointRef>
          <TimingStatus>PTP</TimingStatus>
        </To>
        <RouteLinkRef>YNBO006_002_35808</RouteLinkRef>
        <Direction>outbound</Direction>
        <RunTime>PT180S</RunTime>
      </JourneyPatternTimingLink>
      <JourneyPatternTimingLink id="JPS_YNBO006-4_35809">
        <From>
          <StopPointRef>3200YNA01197</StopPointRef>
          <TimingStatus>PTP</TimingStatus>
        </From>
        <To>
          <StopPointRef>3200YNA01196</StopPointRef>
          <TimingStatus>PTP</TimingStatus>
        </To>
        <RouteLinkRef>YNBO006_002_35809</RouteLinkRef>
        <Direction>outbound</Direction>
        <RunTime>PT180S</RunTime>
      </JourneyPatternTimingLink>
      <JourneyPatternTimingLink id="JPS_YNBO006-4_35810">
        <From>
          <StopPointRef>3200YNA01196</StopPointRef>
          <TimingStatus>PTP</TimingStatus>
        </From>
        <To>
          <StopPointRef>3200YNA01167</StopPointRef>
          <TimingStatus>OTH</TimingStatus>
        </To>
        <RouteLinkRef>YNBO006_002_35810</RouteLinkRef>
        <Direction>outbound</Direction>
        <RunTime>PT60S</RunTime>
      </JourneyPatternTimingLink>
      <JourneyPatternTimingLink id="JPS_YNBO006-4_35811">
        <From>
          <StopPointRef>3200YNA01167</StopPointRef>
          <TimingStatus>OTH</TimingStatus>
        </From>
        <To>
          <StopPointRef>3200YNF10137</StopPointRef>
          <TimingStatus>OTH</TimingStatus>
        </To>
        <RouteLinkRef>YNBO006_002_35811</RouteLinkRef>
        <Direction>outbound</Direction>
        <RunTime>PT60S</RunTime>
      </JourneyPatternTimingLink>
      <JourneyPatternTimingLink id="JPS_YNBO006-4_35812">
        <From>
          <StopPointRef>3200YNF10137</StopPointRef>
          <TimingStatus>OTH</TimingStatus>
        </From>
        <To>
          <StopPointRef>3200YNA06391</StopPointRef>
          <TimingStatus>OTH</TimingStatus>
        </To>
        <RouteLinkRef>YNBO006_002_35812</RouteLinkRef>
        <Direction>outbound</Direction>
        <RunTime>PT60S</RunTime>
      </JourneyPatternTimingLink>
      <JourneyPatternTimingLink id="JPS_YNBO006-4_35813">
        <From>
          <StopPointRef>3200YNA06391</StopPointRef>
          <TimingStatus>OTH</TimingStatus>
        </From>
        <To>
          <StopPointRef>3200YNA01157</StopPointRef>
          <TimingStatus>PTP</TimingStatus>
        </To>
        <RouteLinkRef>YNBO006_002_35813</RouteLinkRef>
        <Direction>outbound</Direction>
        <RunTime>PT120S</RunTime>
      </JourneyPatternTimingLink>
    </JourneyPatternSection>
  </JourneyPatternSections>
  <Operators>
    <Operator id="SDMS">
      <NationalOperatorCode>SDMS</NationalOperatorCode>
      <OperatorCode>SDMS</OperatorCode>
      <OperatorShortName>Scarborough and District</OperatorShortName>
    </Operator>
  </Operators>
  <Services>
    <Service>
      <ServiceCode>YNBO006</ServiceCode>
      <Lines>
        <Line id="0">
          <LineName>6</LineName>
        </Line>
      </Lines>
      <OperatingPeriod>
        <StartDate>2015-09-07</StartDate>
        <EndDate>2038-01-17</EndDate>
      </OperatingPeriod>
      <RegisteredOperatorRef>SDMS</RegisteredOperatorRef>
      <StopRequirements>
        <NoNewStopsRequired />
      </StopRequirements>
      <Mode>bus</Mode>
      <Description>Scarborough - Briercliffe Circular</Description>
      <StandardService>
        <Origin>Scarborough</Origin>
        <Destination>Briercliffe Circular</Destination>
        <JourneyPattern id="JPS_YNBO006-3">
          <Direction>outbound</Direction>
          <JourneyPatternSectionRefs>JPS_YNBO006-3</JourneyPatternSectionRefs>
        </JourneyPattern>
        <JourneyPattern id="JPS_YNBO006-4">
          <Direction>outbound</Direction>
          <JourneyPatternSectionRefs>JPS_YNBO006-4</JourneyPatternSectionRefs>
        </JourneyPattern>
      </StandardService>
    </Service>
  </Services>
  <VehicleJourneys>
    <VehicleJourney>
      <OperatorRef>SDMS</OperatorRef>
      <OperatingProfile>
        <RegularDayType>
          <DaysOfWeek>
            <Monday />
            <Tuesday />
            <Wednesday />
            <Thursday />
            <Friday />
          </DaysOfWeek>
        </RegularDayType>
        <BankHolidayOperation>
          <DaysOfNonOperation>
            <ChristmasDay />
            <BoxingDay />
            <GoodFriday />
            <NewYearsDay />
            <LateSummerBankHolidayNotScotland />
            <MayDay />
            <EasterMonday />
            <SpringBank />
          </DaysOfNonOperation>
        </BankHolidayOperation>
      </OperatingProfile>
      <VehicleJourneyCode>71226</VehicleJourneyCode>
      <ServiceRef>YNBO006</ServiceRef>
      <LineRef>0</LineRef>
      <JourneyPatternRef>JPS_YNBO006-3</JourneyPatternRef>
      <DepartureTime>07:45:00</DepartureTime>
    </VehicleJourney>
    <VehicleJourney>
      <OperatorRef>SDMS</OperatorRef>
      <OperatingProfile>
        <RegularDayType>
          <DaysOfWeek>
            <Monday />
            <Tuesday />
            <Wednesday />
            <Thursday />
            <Friday />
          </DaysOfWeek>
        </RegularDayType>
        <BankHolidayOperation>
          <DaysOfNonOperation>
            <ChristmasDay />
            <BoxingDay />
            <GoodFriday />
            <NewYearsDay />
            <LateSummerBankHolidayNotScotland />
            <MayDay />
            <EasterMonday />
            <SpringBank />
          </DaysOfNonOperation>
        </BankHolidayOperation>
      </OperatingProfile>
      <VehicleJourneyCode>71227</VehicleJourneyCode>
      <ServiceRef>YNBO006</ServiceRef>
      <LineRef>0</LineRef>
      <JourneyPatternRef>JPS_YNBO006-3</JourneyPatternRef>
      <DepartureTime>08:15:00</DepartureTime>
    </VehicleJourney>
    <VehicleJourney>
      <OperatorRef>SDMS</OperatorRef>
      <OperatingProfile>
        <RegularDayType>
          <DaysOfWeek>
            <Monday />
            <Tuesday />
            <Wednesday />
            <Thursday />
            <Friday />
          </DaysOfWeek>
        </RegularDayType>
        <BankHolidayOperation>
          <DaysOfNonOperation>
            <ChristmasDay />
            <BoxingDay />
            <GoodFriday />
            <NewYearsDay />
            <LateSummerBankHolidayNotScotland />
            <MayDay />
            <EasterMonday />
            <SpringBank />
          </DaysOfNonOperation>
        </BankHolidayOperation>
      </OperatingProfile>
      <VehicleJourneyCode>71228</VehicleJourneyCode>
      <ServiceRef>YNBO006</ServiceRef>
      <LineRef>0</LineRef>
      <JourneyPatternRef>JPS_YNBO006-3</JourneyPatternRef>
      <DepartureTime>08:45:00</DepartureTime>
    </VehicleJourney>
    <VehicleJourney>
      <OperatorRef>SDMS</OperatorRef>
      <OperatingProfile>
        <RegularDayType>
          <DaysOfWeek>
            <Monday />
            <Tuesday />
            <Wednesday />
            <Thursday />
            <Friday />
          </DaysOfWeek>
        </RegularDayType>
        <BankHolidayOperation>
          <DaysOfNonOperation>
            <ChristmasDay />
            <BoxingDay />
            <GoodFriday />
            <NewYearsDay />
            <LateSummerBankHolidayNotScotland />
            <MayDay />
            <EasterMonday />
            <SpringBank />
          </DaysOfNonOperation>
        </BankHolidayOperation>
      </OperatingProfile>
      <VehicleJourneyCode>71229</VehicleJourneyCode>
      <ServiceRef>YNBO006</ServiceRef>
      <LineRef>0</LineRef>
      <JourneyPatternRef>JPS_YNBO006-3</JourneyPatternRef>
      <DepartureTime>09:15:00</DepartureTime>
    </VehicleJourney>
    <VehicleJourney>
      <OperatorRef>SDMS</OperatorRef>
      <OperatingProfile>
        <RegularDayType>
          <DaysOfWeek>
            <Monday />
            <Tuesday />
            <Wednesday />
            <Thursday />
            <Friday />
          </DaysOfWeek>
        </RegularDayType>
        <BankHolidayOperation>
          <DaysOfNonOperation>
            <ChristmasDay />
            <BoxingDay />
            <GoodFriday />
            <NewYearsDay />
            <LateSummerBankHolidayNotScotland />
            <MayDay />
            <EasterMonday />
            <SpringBank />
          </DaysOfNonOperation>
        </BankHolidayOperation>
      </OperatingProfile>
      <VehicleJourneyCode>71230</VehicleJourneyCode>
      <ServiceRef>YNBO006</ServiceRef>
      <LineRef>0</LineRef>
      <JourneyPatternRef>JPS_YNBO006-3</JourneyPatternRef>
      <DepartureTime>09:45:00</DepartureTime>
    </VehicleJourney>
    <VehicleJourney>
      <OperatorRef>SDMS</OperatorRef>
      <OperatingProfile>
        <RegularDayType>
          <DaysOfWeek>
            <Monday />
            <Tuesday />
            <Wednesday />
            <Thursday />
            <Friday />
          </DaysOfWeek>
        </RegularDayType>
        <BankHolidayOperation>
          <DaysOfNonOperation>
            <ChristmasDay />
            <BoxingDay />
            <GoodFriday />
            <NewYearsDay />
            <LateSummerBankHolidayNotScotland />
            <MayDay />
            <EasterMonday />
            <SpringBank />
          </DaysOfNonOperation>
        </BankHolidayOperation>
      </OperatingProfile>
      <VehicleJourneyCode>71231</VehicleJourneyCode>
      <ServiceRef>YNBO006</ServiceRef>
      <LineRef>0</LineRef>
      <JourneyPatternRef>JPS_YNBO006-3</JourneyPatternRef>
      <DepartureTime>10:15:00</DepartureTime>
    </VehicleJourney>
    <VehicleJourney>
      <OperatorRef>SDMS</OperatorRef>
      <OperatingProfile>
        <RegularDayType>
          <DaysOfWeek>
            <Monday />
            <Tuesday />
            <Wednesday />
            <Thursday />
            <Friday />
          </DaysOfWeek>
        </RegularDayType>
        <BankHolidayOperation>
          <DaysOfNonOperation>
            <ChristmasDay />
            <BoxingDay />
            <GoodFriday />
            <NewYearsDay />
            <LateSummerBankHolidayNotScotland />
            <MayDay />
            <EasterMonday />
            <SpringBank />
          </DaysOfNonOperation>
        </BankHolidayOperation>
      </OperatingProfile>
      <VehicleJourneyCode>71232</VehicleJourneyCode>
      <ServiceRef>YNBO006</ServiceRef>
      <LineRef>0</LineRef>
      <JourneyPatternRef>JPS_YNBO006-3</JourneyPatternRef>
      <DepartureTime>10:45:00</DepartureTime>
    </VehicleJourney>
    <VehicleJourney>
      <OperatorRef>SDMS</OperatorRef>
      <OperatingProfile>
        <RegularDayType>
          <DaysOfWeek>
            <Monday />
            <Tuesday />
            <Wednesday />
            <Thursday />
            <Friday />
          </DaysOfWeek>
        </RegularDayType>
        <BankHolidayOperation>
          <DaysOfNonOperation>
            <ChristmasDay />
            <BoxingDay />
            <GoodFriday />
            <NewYearsDay />
            <LateSummerBankHolidayNotScotland />
            <MayDay />
            <EasterMonday />
            <SpringBank />
          </DaysOfNonOperation>
        </BankHolidayOperation>
      </OperatingProfile>
      <VehicleJourneyCode>71233</VehicleJourneyCode>
      <ServiceRef>YNBO006</ServiceRef>
      <LineRef>0</LineRef>
      <JourneyPatternRef>JPS_YNBO006-3</JourneyPatternRef>
      <DepartureTime>11:15:00</DepartureTime>
    </VehicleJourney>
    <VehicleJourney>
      <OperatorRef>SDMS</OperatorRef>
      <OperatingProfile>
        <RegularDayType>
          <DaysOfWeek>
            <Monday />
            <Tuesday />
            <Wednesday />
            <Thursday />
            <Friday />
          </DaysOfWeek>
        </RegularDayType>
        <BankHolidayOperation>
          <DaysOfNonOperation>
            <ChristmasDay />
            <BoxingDay />
            <GoodFriday />
            <NewYearsDay />
            <LateSummerBankHolidayNotScotland />
            <MayDay />
            <EasterMonday />
            <SpringBank />
          </DaysOfNonOperation>
        </BankHolidayOperation>
      </OperatingProfile>
      <VehicleJourneyCode>71234</VehicleJourneyCode>
      <ServiceRef>YNBO006</ServiceRef>
      <LineRef>0</LineRef>
      <JourneyPatternRef>JPS_YNBO006-3</JourneyPatternRef>
      <DepartureTime>11:45:00</DepartureTime>
    </VehicleJourney>
    <VehicleJourney>
      <OperatorRef>SDMS</OperatorRef>
      <OperatingProfile>
        <RegularDayType>
          <DaysOfWeek>
            <Monday />
            <Tuesday />
            <Wednesday />
            <Thursday />
            <Friday />
          </DaysOfWeek>
        </RegularDayType>
        <BankHolidayOperation>
          <DaysOfNonOperation>
            <ChristmasDay />
            <BoxingDay />
            <GoodFriday />
            <NewYearsDay />
            <LateSummerBankHolidayNotScotland />
            <MayDay />
            <EasterMonday />
            <SpringBank />
          </DaysOfNonOperation>
        </BankHolidayOperation>
      </OperatingProfile>
      <VehicleJourneyCode>71235</VehicleJourneyCode>
      <ServiceRef>YNBO006</ServiceRef>
      <LineRef>0</LineRef>
      <JourneyPatternRef>JPS_YNBO006-3</JourneyPatternRef>
      <DepartureTime>12:15:00</DepartureTime>
    </VehicleJourney>
    <VehicleJourney>
      <OperatorRef>SDMS</OperatorRef>
      <OperatingProfile>
        <RegularDayType>
          <DaysOfWeek>
            <Monday />
            <Tuesday />
            <Wednesday />
            <Thursday />
            <Friday />
          </DaysOfWeek>
        </RegularDayType>
        <BankHolidayOperation>
          <DaysOfNonOperation>
            <ChristmasDay />
            <BoxingDay />
            <GoodFriday />
            <NewYearsDay />
            <LateSummerBankHolidayNotScotland />
            <MayDay />
            <EasterMonday />
            <SpringBank />
          </DaysOfNonOperation>
        </BankHolidayOperation>
      </OperatingProfile>
      <VehicleJourneyCode>71236</VehicleJourneyCode>
      <ServiceRef>YNBO006</ServiceRef>
      <LineRef>0</LineRef>
      <JourneyPatternRef>JPS_YNBO006-3</JourneyPatternRef>
      <DepartureTime>12:45:00</DepartureTime>
    </VehicleJourney>
    <VehicleJourney>
      <OperatorRef>SDMS</OperatorRef>
      <OperatingProfile>
        <RegularDayType>
          <DaysOfWeek>
            <Monday />
            <Tuesday />
            <Wednesday />
            <Thursday />
            <Friday />
          </DaysOfWeek>
        </RegularDayType>
        <BankHolidayOperation>
          <DaysOfNonOperation>
            <ChristmasDay />
            <BoxingDay />
            <GoodFriday />
            <NewYearsDay />
            <LateSummerBankHolidayNotScotland />
            <MayDay />
            <EasterMonday />
            <SpringBank />
          </DaysOfNonOperation>
        </BankHolidayOperation>
      </OperatingProfile>
      <VehicleJourneyCode>71237</VehicleJourneyCode>
      <ServiceRef>YNBO006</ServiceRef>
      <LineRef>0</LineRef>
      <JourneyPatternRef>JPS_YNBO006-3</JourneyPatternRef>
      <DepartureTime>13:15:00</DepartureTime>
    </VehicleJourney>
    <VehicleJourney>
      <OperatorRef>SDMS</OperatorRef>
      <OperatingProfile>
        <RegularDayType>
          <DaysOfWeek>
            <Monday />
            <Tuesday />
            <Wednesday />
            <Thursday />
            <Friday />
          </DaysOfWeek>
        </RegularDayType>
        <BankHolidayOperation>
          <DaysOfNonOperation>
            <ChristmasDay />
            <BoxingDay />
            <GoodFriday />
            <NewYearsDay />
            <LateSummerBankHolidayNotScotland />
            <MayDay />
            <EasterMonday />
            <SpringBank />
          </DaysOfNonOperation>
        </BankHolidayOperation>
      </OperatingProfile>
      <VehicleJourneyCode>71238</VehicleJourneyCode>
      <ServiceRef>YNBO006</ServiceRef>
      <LineRef>0</LineRef>
      <JourneyPatternRef>JPS_YNBO006-3</JourneyPatternRef>
      <DepartureTime>13:45:00</DepartureTime>
    </VehicleJourney>
    <VehicleJourney>
      <OperatorRef>SDMS</OperatorRef>
      <OperatingProfile>
        <RegularDayType>
          <DaysOfWeek>
            <Monday />
            <Tuesday />
            <Wednesday />
            <Thursday />
            <Friday />
          </DaysOfWeek>
        </RegularDayType>
        <BankHolidayOperation>
          <DaysOfNonOperation>
            <ChristmasDay />
            <BoxingDay />
            <GoodFriday />
            <NewYearsDay />
            <LateSummerBankHolidayNotScotland />
            <MayDay />
            <EasterMonday />
            <SpringBank />
          </DaysOfNonOperation>
        </BankHolidayOperation>
      </OperatingProfile>
      <VehicleJourneyCode>71239</VehicleJourneyCode>
      <ServiceRef>YNBO006</ServiceRef>
      <LineRef>0</LineRef>
      <JourneyPatternRef>JPS_YNBO006-3</JourneyPatternRef>
      <DepartureTime>14:15:00</DepartureTime>
    </VehicleJourney>
    <VehicleJourney>
      <OperatorRef>SDMS</OperatorRef>
      <OperatingProfile>
        <RegularDayType>
          <DaysOfWeek>
            <Monday />
            <Tuesday />
            <Wednesday />
            <Thursday />
            <Friday />
          </DaysOfWeek>
        </RegularDayType>
        <BankHolidayOperation>
          <DaysOfNonOperation>
            <ChristmasDay />
            <BoxingDay />
            <GoodFriday />
            <NewYearsDay />
            <LateSummerBankHolidayNotScotland />
            <MayDay />
            <EasterMonday />
            <SpringBank />
          </DaysOfNonOperation>
        </BankHolidayOperation>
      </OperatingProfile>
      <VehicleJourneyCode>71240</VehicleJourneyCode>
      <ServiceRef>YNBO006</ServiceRef>
      <LineRef>0</LineRef>
      <JourneyPatternRef>JPS_YNBO006-3</JourneyPatternRef>
      <DepartureTime>14:45:00</DepartureTime>
    </VehicleJourney>
    <VehicleJourney>
      <OperatorRef>SDMS</OperatorRef>
      <OperatingProfile>
        <RegularDayType>
          <DaysOfWeek>
            <Monday />
            <Tuesday />
            <Wednesday />
            <Thursday />
            <Friday />
          </DaysOfWeek>
        </RegularDayType>
        <BankHolidayOperation>
          <DaysOfNonOperation>
            <ChristmasDay />
            <BoxingDay />
            <GoodFriday />
            <NewYearsDay />
            <LateSummerBankHolidayNotScotland />
            <MayDay />
            <EasterMonday />
            <SpringBank />
          </DaysOfNonOperation>
        </BankHolidayOperation>
      </OperatingProfile>
      <VehicleJourneyCode>71241</VehicleJourneyCode>
      <ServiceRef>YNBO006</ServiceRef>
      <LineRef>0</LineRef>
      <JourneyPatternRef>JPS_YNBO006-3</JourneyPatternRef>
      <DepartureTime>15:15:00</DepartureTime>
    </VehicleJourney>
    <VehicleJourney>
      <OperatorRef>SDMS</OperatorRef>
      <OperatingProfile>
        <RegularDayType>
          <DaysOfWeek>
            <Monday />
            <Tuesday />
            <Wednesday />
            <Thursday />
            <Friday />
          </DaysOfWeek>
        </RegularDayType>
        <BankHolidayOperation>
          <DaysOfNonOperation>
            <ChristmasDay />
            <BoxingDay />
            <GoodFriday />
            <NewYearsDay />
            <LateSummerBankHolidayNotScotland />
            <MayDay />
            <EasterMonday />
            <SpringBank />
          </DaysOfNonOperation>
        </BankHolidayOperation>
      </OperatingProfile>
      <VehicleJourneyCode>71242</VehicleJourneyCode>
      <ServiceRef>YNBO006</ServiceRef>
      <LineRef>0</LineRef>
      <JourneyPatternRef>JPS_YNBO006-3</JourneyPatternRef>
      <DepartureTime>15:45:00</DepartureTime>
    </VehicleJourney>
    <VehicleJourney>
      <OperatorRef>SDMS</OperatorRef>
      <OperatingProfile>
        <RegularDayType>
          <DaysOfWeek>
            <Monday />
            <Tuesday />
            <Wednesday />
            <Thursday />
            <Friday />
          </DaysOfWeek>
        </RegularDayType>
        <BankHolidayOperation>
          <DaysOfNonOperation>
            <ChristmasDay />
            <BoxingDay />
            <GoodFriday />
            <NewYearsDay />
            <LateSummerBankHolidayNotScotland />
            <MayDay />
            <EasterMonday />
            <SpringBank />
          </DaysOfNonOperation>
        </BankHolidayOperation>
      </OperatingProfile>
      <VehicleJourneyCode>71243</VehicleJourneyCode>
      <ServiceRef>YNBO006</ServiceRef>
      <LineRef>0</LineRef>
      <JourneyPatternRef>JPS_YNBO006-3</JourneyPatternRef>
      <DepartureTime>16:15:00</DepartureTime>
    </VehicleJourney>
    <VehicleJourney>
      <OperatorRef>SDMS</OperatorRef>
      <OperatingProfile>
        <RegularDayType>
          <DaysOfWeek>
            <Monday />
            <Tuesday />
            <Wednesday />
            <Thursday />
            <Friday />
          </DaysOfWeek>
        </RegularDayType>
        <BankHolidayOperation>
          <DaysOfNonOperation>
            <ChristmasDay />
            <BoxingDay />
            <GoodFriday />
            <NewYearsDay />
            <LateSummerBankHolidayNotScotland />
            <MayDay />
            <EasterMonday />
            <SpringBank />
          </DaysOfNonOperation>
        </BankHolidayOperation>
      </OperatingProfile>
      <VehicleJourneyCode>71244</VehicleJourneyCode>
      <ServiceRef>YNBO006</ServiceRef>
      <LineRef>0</LineRef>
      <JourneyPatternRef>JPS_YNBO006-3</JourneyPatternRef>
      <DepartureTime>16:45:00</DepartureTime>
    </VehicleJourney>
    <VehicleJourney>
      <OperatorRef>SDMS</OperatorRef>
      <OperatingProfile>
        <RegularDayType>
          <DaysOfWeek>
            <Monday />
            <Tuesday />
            <Wednesday />
            <Thursday />
            <Friday />
          </DaysOfWeek>
        </RegularDayType>
        <BankHolidayOperation>
          <DaysOfNonOperation>
            <ChristmasDay />
            <BoxingDay />
            <GoodFriday />
            <NewYearsDay />
            <LateSummerBankHolidayNotScotland />
            <MayDay />
            <EasterMonday />
            <SpringBank />
          </DaysOfNonOperation>
        </BankHolidayOperation>
      </OperatingProfile>
      <VehicleJourneyCode>71245</VehicleJourneyCode>
      <ServiceRef>YNBO006</ServiceRef>
      <LineRef>0</LineRef>
      <JourneyPatternRef>JPS_YNBO006-3</JourneyPatternRef>
      <DepartureTime>17:15:00</DepartureTime>
    </VehicleJourney>
    <VehicleJourney>
      <OperatorRef>SDMS</OperatorRef>
      <OperatingProfile>
        <RegularDayType>
          <DaysOfWeek>
            <Monday />
            <Tuesday />
            <Wednesday />
            <Thursday />
            <Friday />
          </DaysOfWeek>
        </RegularDayType>
        <BankHolidayOperation>
          <DaysOfNonOperation>
            <ChristmasDay />
            <BoxingDay />
            <GoodFriday />
            <NewYearsDay />
            <LateSummerBankHolidayNotScotland />
            <MayDay />
            <EasterMonday />
            <SpringBank />
          </DaysOfNonOperation>
        </BankHolidayOperation>
      </OperatingProfile>
      <VehicleJourneyCode>71246</VehicleJourneyCode>
      <ServiceRef>YNBO006</ServiceRef>
      <LineRef>0</LineRef>
      <JourneyPatternRef>JPS_YNBO006-3</JourneyPatternRef>
      <DepartureTime>17:45:00</DepartureTime>
    </VehicleJourney>
    <VehicleJourney>
      <OperatorRef>SDMS</OperatorRef>
      <OperatingProfile>
        <RegularDayType>
          <DaysOfWeek>
            <Saturday />
          </DaysOfWeek>
        </RegularDayType>
      </OperatingProfile>
      <VehicleJourneyCode>71247</VehicleJourneyCode>
      <ServiceRef>YNBO006</ServiceRef>
      <LineRef>0</LineRef>
      <JourneyPatternRef>JPS_YNBO006-4</JourneyPatternRef>
      <DepartureTime>07:45:00</DepartureTime>
    </VehicleJourney>
    <VehicleJourney>
      <OperatorRef>SDMS</OperatorRef>
      <OperatingProfile>
        <RegularDayType>
          <DaysOfWeek>
            <Saturday />
          </DaysOfWeek>
        </RegularDayType>
      </OperatingProfile>
      <VehicleJourneyCode>71248</VehicleJourneyCode>
      <ServiceRef>YNBO006</ServiceRef>
      <LineRef>0</LineRef>
      <JourneyPatternRef>JPS_YNBO006-4</JourneyPatternRef>
      <DepartureTime>08:15:00</DepartureTime>
    </VehicleJourney>
    <VehicleJourney>
      <OperatorRef>SDMS</OperatorRef>
      <OperatingProfile>
        <RegularDayType>
          <DaysOfWeek>
            <Saturday />
          </DaysOfWeek>
        </RegularDayType>
      </OperatingProfile>
      <VehicleJourneyCode>71249</VehicleJourneyCode>
      <ServiceRef>YNBO006</ServiceRef>
      <LineRef>0</LineRef>
      <JourneyPatternRef>JPS_YNBO006-4</JourneyPatternRef>
      <DepartureTime>08:45:00</DepartureTime>
    </VehicleJourney>
    <VehicleJourney>
      <OperatorRef>SDMS</OperatorRef>
      <OperatingProfile>
        <RegularDayType>
          <DaysOfWeek>
            <Saturday />
          </DaysOfWeek>
        </RegularDayType>
      </OperatingProfile>
      <VehicleJourneyCode>71250</VehicleJourneyCode>
      <ServiceRef>YNBO006</ServiceRef>
      <LineRef>0</LineRef>
      <JourneyPatternRef>JPS_YNBO006-4</JourneyPatternRef>
      <DepartureTime>09:15:00</DepartureTime>
    </VehicleJourney>
    <VehicleJourney>
      <OperatorRef>SDMS</OperatorRef>
      <OperatingProfile>
        <RegularDayType>
          <DaysOfWeek>
            <Saturday />
          </DaysOfWeek>
        </RegularDayType>
      </OperatingProfile>
      <VehicleJourneyCode>71251</VehicleJourneyCode>
      <ServiceRef>YNBO006</ServiceRef>
      <LineRef>0</LineRef>
      <JourneyPatternRef>JPS_YNBO006-4</JourneyPatternRef>
      <DepartureTime>09:45:00</DepartureTime>
    </VehicleJourney>
    <VehicleJourney>
      <OperatorRef>SDMS</OperatorRef>
      <OperatingProfile>
        <RegularDayType>
          <DaysOfWeek>
            <Saturday />
          </DaysOfWeek>
        </RegularDayType>
      </OperatingProfile>
      <VehicleJourneyCode>71252</VehicleJourneyCode>
      <ServiceRef>YNBO006</ServiceRef>
      <LineRef>0</LineRef>
      <JourneyPatternRef>JPS_YNBO006-4</JourneyPatternRef>
      <DepartureTime>10:15:00</DepartureTime>
    </VehicleJourney>
    <VehicleJourney>
      <OperatorRef>SDMS</OperatorRef>
      <OperatingProfile>
        <RegularDayType>
          <DaysOfWeek>
            <Saturday />
          </DaysOfWeek>
        </RegularDayType>
      </OperatingProfile>
      <VehicleJourneyCode>71253</VehicleJourneyCode>
      <ServiceRef>YNBO006</ServiceRef>
      <LineRef>0</LineRef>
      <JourneyPatternRef>JPS_YNBO006-4</JourneyPatternRef>
      <DepartureTime>10:45:00</DepartureTime>
    </VehicleJourney>
    <VehicleJourney>
      <OperatorRef>SDMS</OperatorRef>
      <OperatingProfile>
        <RegularDayType>
          <DaysOfWeek>
            <Saturday />
          </DaysOfWeek>
        </RegularDayType>
      </OperatingProfile>
      <VehicleJourneyCode>71254</VehicleJourneyCode>
      <ServiceRef>YNBO006</ServiceRef>
      <LineRef>0</LineRef>
      <JourneyPatternRef>JPS_YNBO006-4</JourneyPatternRef>
      <DepartureTime>11:15:00</DepartureTime>
    </VehicleJourney>
    <VehicleJourney>
      <OperatorRef>SDMS</OperatorRef>
      <OperatingProfile>
        <RegularDayType>
          <DaysOfWeek>
            <Saturday />
          </DaysOfWeek>
        </RegularDayType>
      </OperatingProfile>
      <VehicleJourneyCode>71255</VehicleJourneyCode>
      <ServiceRef>YNBO006</ServiceRef>
      <LineRef>0</LineRef>
      <JourneyPatternRef>JPS_YNBO006-4</JourneyPatternRef>
      <DepartureTime>11:45:00</DepartureTime>
    </VehicleJourney>
    <VehicleJourney>
      <OperatorRef>SDMS</OperatorRef>
      <OperatingProfile>
        <RegularDayType>
          <DaysOfWeek>
            <Saturday />
          </DaysOfWeek>
        </RegularDayType>
      </OperatingProfile>
      <VehicleJourneyCode>71256</VehicleJourneyCode>
      <ServiceRef>YNBO006</ServiceRef>
      <LineRef>0</LineRef>
      <JourneyPatternRef>JPS_YNBO006-4</JourneyPatternRef>
      <DepartureTime>12:15:00</DepartureTime>
    </VehicleJourney>
    <VehicleJourney>
      <OperatorRef>SDMS</OperatorRef>
      <OperatingProfile>
        <RegularDayType>
          <DaysOfWeek>
            <Saturday />
          </DaysOfWeek>
        </RegularDayType>
      </OperatingProfile>
      <VehicleJourneyCode>71257</VehicleJourneyCode>
      <ServiceRef>YNBO006</ServiceRef>
      <LineRef>0</LineRef>
      <JourneyPatternRef>JPS_YNBO006-4</JourneyPatternRef>
      <DepartureTime>12:45:00</DepartureTime>
    </VehicleJourney>
    <VehicleJourney>
      <OperatorRef>SDMS</OperatorRef>
      <OperatingProfile>
        <RegularDayType>
          <DaysOfWeek>
            <Saturday />
          </DaysOfWeek>
        </RegularDayType>
      </OperatingProfile>
      <VehicleJourneyCode>71258</VehicleJourneyCode>
      <ServiceRef>YNBO006</ServiceRef>
      <LineRef>0</LineRef>
      <JourneyPatternRef>JPS_YNBO006-4</JourneyPatternRef>
      <DepartureTime>13:15:00</DepartureTime>
    </VehicleJourney>
    <VehicleJourney>
      <OperatorRef>SDMS</OperatorRef>
      <OperatingProfile>
        <RegularDayType>
          <DaysOfWeek>
            <Saturday />
          </DaysOfWeek>
        </RegularDayType>
      </OperatingProfile>
      <VehicleJourneyCode>71259</VehicleJourneyCode>
      <ServiceRef>YNBO006</ServiceRef>
      <LineRef>0</LineRef>
      <JourneyPatternRef>JPS_YNBO006-4</JourneyPatternRef>
      <DepartureTime>13:45:00</DepartureTime>
    </VehicleJourney>
    <VehicleJourney>
      <OperatorRef>SDMS</OperatorRef>
      <OperatingProfile>
        <RegularDayType>
          <DaysOfWeek>
            <Saturday />
          </DaysOfWeek>
        </RegularDayType>
      </OperatingProfile>
      <VehicleJourneyCode>71260</VehicleJourneyCode>
      <ServiceRef>YNBO006</ServiceRef>
      <LineRef>0</LineRef>
      <JourneyPatternRef>JPS_YNBO006-4</JourneyPatternRef>
      <DepartureTime>14:15:00</DepartureTime>
    </VehicleJourney>
    <VehicleJourney>
      <OperatorRef>SDMS</OperatorRef>
      <OperatingProfile>
        <RegularDayType>
          <DaysOfWeek>
            <Saturday />
          </DaysOfWeek>
        </RegularDayType>
      </OperatingProfile>
      <VehicleJourneyCode>71261</VehicleJourneyCode>
      <ServiceRef>YNBO006</ServiceRef>
      <LineRef>0</LineRef>
      <JourneyPatternRef>JPS_YNBO006-4</JourneyPatternRef>
      <DepartureTime>14:45:00</DepartureTime>
    </VehicleJourney>
    <VehicleJourney>
      <OperatorRef>SDMS</OperatorRef>
      <OperatingProfile>
        <RegularDayType>
          <DaysOfWeek>
            <Saturday />
          </DaysOfWeek>
        </RegularDayType>
      </OperatingProfile>
      <VehicleJourneyCode>71262</VehicleJourneyCode>
      <ServiceRef>YNBO006</ServiceRef>
      <LineRef>0</LineRef>
      <JourneyPatternRef>JPS_YNBO006-4</JourneyPatternRef>
      <DepartureTime>15:15:00</DepartureTime>
    </VehicleJourney>
    <VehicleJourney>
      <OperatorRef>SDMS</OperatorRef>
      <OperatingProfile>
        <RegularDayType>
          <DaysOfWeek>
            <Saturday />
          </DaysOfWeek>
        </RegularDayType>
      </OperatingProfile>
      <VehicleJourneyCode>71263</VehicleJourneyCode>
      <ServiceRef>YNBO006</ServiceRef>
      <LineRef>0</LineRef>
      <JourneyPatternRef>JPS_YNBO006-4</JourneyPatternRef>
      <DepartureTime>15:45:00</DepartureTime>
    </VehicleJourney>
    <VehicleJourney>
      <OperatorRef>SDMS</OperatorRef>
      <OperatingProfile>
        <RegularDayType>
          <DaysOfWeek>
            <Saturday />
          </DaysOfWeek>
        </RegularDayType>
      </OperatingProfile>
      <VehicleJourneyCode>71264</VehicleJourneyCode>
      <ServiceRef>YNBO006</ServiceRef>
      <LineRef>0</LineRef>
      <JourneyPatternRef>JPS_YNBO006-4</JourneyPatternRef>
      <DepartureTime>16:15:00</DepartureTime>
    </VehicleJourney>
    <VehicleJourney>
      <OperatorRef>SDMS</OperatorRef>
      <OperatingProfile>
        <RegularDayType>
          <DaysOfWeek>
            <Saturday />
          </DaysOfWeek>
        </RegularDayType>
      </OperatingProfile>
      <VehicleJourneyCode>71265</VehicleJourneyCode>
      <ServiceRef>YNBO006</ServiceRef>
      <LineRef>0</LineRef>
      <JourneyPatternRef>JPS_YNBO006-4</JourneyPatternRef>
      <DepartureTime>16:45:00</DepartureTime>
    </VehicleJourney>
    <VehicleJourney>
      <OperatorRef>SDMS</OperatorRef>
      <OperatingProfile>
        <RegularDayType>
          <DaysOfWeek>
            <Saturday />
          </DaysOfWeek>
        </RegularDayType>
      </OperatingProfile>
      <VehicleJourneyCode>71266</VehicleJourneyCode>
      <ServiceRef>YNBO006</ServiceRef>
      <LineRef>0</LineRef>
      <JourneyPatternRef>JPS_YNBO006-4</JourneyPatternRef>
      <DepartureTime>17:15:00</DepartureTime>
    </VehicleJourney>
    <VehicleJourney>
      <OperatorRef>SDMS</OperatorRef>
      <OperatingProfile>
        <RegularDayType>
          <DaysOfWeek>
            <Saturday />
          </DaysOfWeek>
        </RegularDayType>
      </OperatingProfile>
      <VehicleJourneyCode>71267</VehicleJourneyCode>
      <ServiceRef>YNBO006</ServiceRef>
      <LineRef>0</LineRef>
      <JourneyPatternRef>JPS_YNBO006-4</JourneyPatternRef>
      <DepartureTime>17:45:00</DepartureTime>
    </VehicleJourney>
  </VehicleJourneys>
</TransXChange>