<?xml version="1.0" encoding="utf-8"?>
<TransXChange xmlns:xsd="http://www.w3.org/2001/XMLSchema" xmlns:xsi="http://www.w3.org/2001/XMLSchema-instance" xsi:schemaLocation="http://www.transxchange.org.uk/ http://www.transxchange.org.uk/schema/2.1/TransXChange_general.xsd" CreationDateTime="2017-09-18T09:38:00-00:00" ModificationDateTime="2017-09-18T09:38:00-00:00" Modification="new" RevisionNumber="0" FileName="SVRYNCO098.xml" SchemaVersion="2.1" RegistrationDocument="false" xmlns="http://www.transxchange.org.uk/">
  <StopPoints>
    <AnnotatedStopPointRef>
      <StopPointRef>3200YNE02058</StopPointRef>
      <CommonName>Bus Stn Stand 4</CommonName>
    </AnnotatedStopPointRef>
    <AnnotatedStopPointRef>
      <StopPointRef>3200YNA90557</StopPointRef>
      <CommonName>Pannett Park</CommonName>
    </AnnotatedStopPointRef>
    <AnnotatedStopPointRef>
      <StopPointRef>3200YNA90553</StopPointRef>
      <CommonName>Chubb Hill Road</CommonName>
    </AnnotatedStopPointRef>
    <AnnotatedStopPointRef>
      <StopPointRef>3200YNA90662</StopPointRef>
      <CommonName>Stakesby Road</CommonName>
    </AnnotatedStopPointRef>
    <AnnotatedStopPointRef>
      <StopPointRef>3200YNA90664</StopPointRef>
      <CommonName>Ash Grove</CommonName>
    </AnnotatedStopPointRef>
    <AnnotatedStopPointRef>
      <StopPointRef>3200YNA90665</StopPointRef>
      <CommonName>Castle Road</CommonName>
    </AnnotatedStopPointRef>
    <AnnotatedStopPointRef>
      <StopPointRef>3200YNA90666</StopPointRef>
      <CommonName>High Stakesby Road</CommonName>
    </AnnotatedStopPointRef>
    <AnnotatedStopPointRef>
      <StopPointRef>3200YNA90657</StopPointRef>
      <CommonName>Love Lane</CommonName>
    </AnnotatedStopPointRef>
    <AnnotatedStopPointRef>
      <StopPointRef>3200YNA90547</StopPointRef>
      <CommonName>White House Bridge</CommonName>
    </AnnotatedStopPointRef>
    <AnnotatedStopPointRef>
      <StopPointRef>3200YNA90655</StopPointRef>
      <CommonName>The Parade</CommonName>
    </AnnotatedStopPointRef>
    <AnnotatedStopPointRef>
      <StopPointRef>3200YNA90646</StopPointRef>
      <CommonName>North Terrace</CommonName>
    </AnnotatedStopPointRef>
    <AnnotatedStopPointRef>
      <StopPointRef>3200YNA90648</StopPointRef>
      <CommonName>Royal Crescent</CommonName>
    </AnnotatedStopPointRef>
    <AnnotatedStopPointRef>
      <StopPointRef>3200YNA90650</StopPointRef>
      <CommonName>Havelock Place</CommonName>
    </AnnotatedStopPointRef>
    <AnnotatedStopPointRef>
      <StopPointRef>3200YNA90652</StopPointRef>
      <CommonName>Crescent Avenue</CommonName>
    </AnnotatedStopPointRef>
    <AnnotatedStopPointRef>
      <StopPointRef>3200YNA90551</StopPointRef>
      <CommonName>Chubbhill Harrisons Garage</CommonName>
    </AnnotatedStopPointRef>
    <AnnotatedStopPointRef>
      <StopPointRef>3200YNA90643</StopPointRef>
      <CommonName>St Hildas Terrace</CommonName>
    </AnnotatedStopPointRef>
  </StopPoints>
  <RouteSections>
    <RouteSection id="YNCO098_001">
      <RouteLink id="YNCO098_001_43110">
        <From>
          <StopPointRef>3200YNE02058</StopPointRef>
        </From>
        <To>
          <StopPointRef>3200YNA90557</StopPointRef>
        </To>
        <Direction>outbound</Direction>
      </RouteLink>
      <RouteLink id="YNCO098_001_43111">
        <From>
          <StopPointRef>3200YNA90557</StopPointRef>
        </From>
        <To>
          <StopPointRef>3200YNA90553</StopPointRef>
        </To>
        <Direction>outbound</Direction>
      </RouteLink>
      <RouteLink id="YNCO098_001_43112">
        <From>
          <StopPointRef>3200YNA90553</StopPointRef>
        </From>
        <To>
          <StopPointRef>3200YNA90662</StopPointRef>
        </To>
        <Direction>outbound</Direction>
      </RouteLink>
      <RouteLink id="YNCO098_001_43113">
        <From>
          <StopPointRef>3200YNA90662</StopPointRef>
        </From>
        <To>
          <StopPointRef>3200YNA90664</StopPointRef>
        </To>
        <Direction>outbound</Direction>
      </RouteLink>
      <RouteLink id="YNCO098_001_43114">
        <From>
          <StopPointRef>3200YNA90664</StopPointRef>
        </From>
        <To>
          <StopPointRef>3200YNA90665</StopPointRef>
        </To>
        <Direction>outbound</Direction>
      </RouteLink>
      <RouteLink id="YNCO098_001_43115">
        <From>
          <StopPointRef>3200YNA90665</StopPointRef>
        </From>
        <To>
          <StopPointRef>3200YNA90666</StopPointRef>
        </To>
        <Direction>outbound</Direction>
      </RouteLink>
      <RouteLink id="YNCO098_001_43116">
        <From>
          <StopPointRef>3200YNA90666</StopPointRef>
        </From>
        <To>
          <StopPointRef>3200YNA90657</StopPointRef>
        </To>
        <Direction>outbound</Direction>
      </RouteLink>
      <RouteLink id="YNCO098_001_43117">
        <From>
          <StopPointRef>3200YNA90657</StopPointRef>
        </From>
        <To>
          <StopPointRef>3200YNA90547</StopPointRef>
        </To>
        <Direction>outbound</Direction>
      </RouteLink>
      <RouteLink id="YNCO098_001_43118">
        <From>
          <StopPointRef>3200YNA90547</StopPointRef>
        </From>
        <To>
          <StopPointRef>3200YNA90655</StopPointRef>
        </To>
        <Direction>outbound</Direction>
      </RouteLink>
      <RouteLink id="YNCO098_001_43119">
        <From>
          <StopPointRef>3200YNA90655</StopPointRef>
        </From>
        <To>
          <StopPointRef>3200YNA90646</StopPointRef>
        </To>
        <Direction>outbound</Direction>
      </RouteLink>
      <RouteLink id="YNCO098_001_43120">
        <From>
          <StopPointRef>3200YNA90646</StopPointRef>
        </From>
        <To>
          <StopPointRef>3200YNA90648</StopPointRef>
        </To>
        <Direction>outbound</Direction>
      </RouteLink>
      <RouteLink id="YNCO098_001_43121">
        <From>
          <StopPointRef>3200YNA90648</StopPointRef>
        </From>
        <To>
          <StopPointRef>3200YNA90650</StopPointRef>
        </To>
        <Direction>outbound</Direction>
      </RouteLink>
      <RouteLink id="YNCO098_001_43122">
        <From>
          <StopPointRef>3200YNA90650</StopPointRef>
        </From>
        <To>
          <StopPointRef>3200YNA90652</StopPointRef>
        </To>
        <Direction>outbound</Direction>
      </RouteLink>
      <RouteLink id="YNCO098_001_43123">
        <From>
          <StopPointRef>3200YNA90652</StopPointRef>
        </From>
        <To>
          <StopPointRef>3200YNA90551</StopPointRef>
        </To>
        <Direction>outbound</Direction>
      </RouteLink>
      <RouteLink id="YNCO098_001_43124">
        <From>
          <StopPointRef>3200YNA90551</StopPointRef>
        </From>
        <To>
          <StopPointRef>3200YNA90643</StopPointRef>
        </To>
        <Direction>outbound</Direction>
      </RouteLink>
      <RouteLink id="YNCO098_001_43125">
        <From>
          <StopPointRef>3200YNA90643</StopPointRef>
        </From>
        <To>
          <StopPointRef>3200YNE02058</StopPointRef>
        </To>
        <Direction>outbound</Direction>
      </RouteLink>
    </RouteSection>
  </RouteSections>
  <Routes>
    <Route id="YNCO098_001">
      <Description>Whitby - West Cliff Circular
</Description>
      <RouteSectionRef>YNCO098_001</RouteSectionRef>
    </Route>
  </Routes>
  <JourneyPatternSections>
    <JourneyPatternSection id="JPS_YNCO098-2">
      <JourneyPatternTimingLink id="JPS_YNCO098-2_43110">
        <From>
          <StopPointRef>3200YNE02058</StopPointRef>
          <TimingStatus>PTP</TimingStatus>
        </From>
        <To>
          <StopPointRef>3200YNA90557</StopPointRef>
          <TimingStatus>OTH</TimingStatus>
        </To>
        <RouteLinkRef>YNCO098_001_43110</RouteLinkRef>
        <Direction>outbound</Direction>
        <RunTime>PT0S</RunTime>
      </JourneyPatternTimingLink>
      <JourneyPatternTimingLink id="JPS_YNCO098-2_43111">
        <From>
          <StopPointRef>3200YNA90557</StopPointRef>
          <TimingStatus>OTH</TimingStatus>
        </From>
        <To>
          <StopPointRef>3200YNA90553</StopPointRef>
          <TimingStatus>PTP</TimingStatus>
        </To>
        <RouteLinkRef>YNCO098_001_43111</RouteLinkRef>
        <Direction>outbound</Direction>
        <RunTime>PT60S</RunTime>
      </JourneyPatternTimingLink>
      <JourneyPatternTimingLink id="JPS_YNCO098-2_43112">
        <From>
          <StopPointRef>3200YNA90553</StopPointRef>
          <TimingStatus>PTP</TimingStatus>
        </From>
        <To>
          <StopPointRef>3200YNA90662</StopPointRef>
          <TimingStatus>PTP</TimingStatus>
        </To>
        <RouteLinkRef>YNCO098_001_43112</RouteLinkRef>
        <Direction>outbound</Direction>
        <RunTime>PT120S</RunTime>
      </JourneyPatternTimingLink>
      <JourneyPatternTimingLink id="JPS_YNCO098-2_43113">
        <From>
          <StopPointRef>3200YNA90662</StopPointRef>
          <TimingStatus>PTP</TimingStatus>
        </From>
        <To>
          <StopPointRef>3200YNA90664</StopPointRef>
          <TimingStatus>OTH</TimingStatus>
        </To>
        <RouteLinkRef>YNCO098_001_43113</RouteLinkRef>
        <Direction>outbound</Direction>
        <RunTime>PT0S</RunTime>
      </JourneyPatternTimingLink>
      <JourneyPatternTimingLink id="JPS_YNCO098-2_43114">
        <From>
          <StopPointRef>3200YNA90664</StopPointRef>
          <TimingStatus>OTH</TimingStatus>
        </From>
        <To>
          <StopPointRef>3200YNA90665</StopPointRef>
          <TimingStatus>OTH</TimingStatus>
        </To>
        <RouteLinkRef>YNCO098_001_43114</RouteLinkRef>
        <Direction>outbound</Direction>
        <RunTime>PT0S</RunTime>
      </JourneyPatternTimingLink>
      <JourneyPatternTimingLink id="JPS_YNCO098-2_43115">
        <From>
          <StopPointRef>3200YNA90665</StopPointRef>
          <TimingStatus>OTH</TimingStatus>
        </From>
        <To>
          <StopPointRef>3200YNA90666</StopPointRef>
          <TimingStatus>OTH</TimingStatus>
        </To>
        <RouteLinkRef>YNCO098_001_43115</RouteLinkRef>
        <Direction>outbound</Direction>
        <RunTime>PT60S</RunTime>
      </JourneyPatternTimingLink>
      <JourneyPatternTimingLink id="JPS_YNCO098-2_43116">
        <From>
          <StopPointRef>3200YNA90666</StopPointRef>
          <TimingStatus>OTH</TimingStatus>
        </From>
        <To>
          <StopPointRef>3200YNA90657</StopPointRef>
          <TimingStatus>PTP</TimingStatus>
        </To>
        <RouteLinkRef>YNCO098_001_43116</RouteLinkRef>
        <Direction>outbound</Direction>
        <RunTime>PT120S</RunTime>
      </JourneyPatternTimingLink>
      <JourneyPatternTimingLink id="JPS_YNCO098-2_43117">
        <From>
          <StopPointRef>3200YNA90657</StopPointRef>
          <TimingStatus>PTP</TimingStatus>
        </From>
        <To>
          <StopPointRef>3200YNA90547</StopPointRef>
          <TimingStatus>OTH</TimingStatus>
        </To>
        <RouteLinkRef>YNCO098_001_43117</RouteLinkRef>
        <Direction>outbound</Direction>
        <RunTime>PT0S</RunTime>
      </JourneyPatternTimingLink>
      <JourneyPatternTimingLink id="JPS_YNCO098-2_43118">
        <From>
          <StopPointRef>3200YNA90547</StopPointRef>
          <TimingStatus>OTH</TimingStatus>
        </From>
        <To>
          <StopPointRef>3200YNA90655</StopPointRef>
          <TimingStatus>OTH</TimingStatus>
        </To>
        <RouteLinkRef>YNCO098_001_43118</RouteLinkRef>
        <Direction>outbound</Direction>
        <RunTime>PT60S</RunTime>
      </JourneyPatternTimingLink>
      <JourneyPatternTimingLink id="JPS_YNCO098-2_43119">
        <From>
          <StopPointRef>3200YNA90655</StopPointRef>
          <TimingStatus>OTH</TimingStatus>
        </From>
        <To>
          <StopPointRef>3200YNA90646</StopPointRef>
          <TimingStatus>OTH</TimingStatus>
        </To>
        <RouteLinkRef>YNCO098_001_43119</RouteLinkRef>
        <Direction>outbound</Direction>
        <RunTime>PT60S</RunTime>
      </JourneyPatternTimingLink>
      <JourneyPatternTimingLink id="JPS_YNCO098-2_43120">
        <From>
          <StopPointRef>3200YNA90646</StopPointRef>
          <TimingStatus>OTH</TimingStatus>
        </From>
        <To>
          <StopPointRef>3200YNA90648</StopPointRef>
          <TimingStatus>PTP</TimingStatus>
        </To>
        <RouteLinkRef>YNCO098_001_43120</RouteLinkRef>
        <Direction>outbound</Direction>
        <RunTime>PT120S</RunTime>
      </JourneyPatternTimingLink>
      <JourneyPatternTimingLink id="JPS_YNCO098-2_43121">
        <From>
          <StopPointRef>3200YNA90648</StopPointRef>
          <TimingStatus>PTP</TimingStatus>
        </From>
        <To>
          <StopPointRef>3200YNA90650</StopPointRef>
          <TimingStatus>OTH</TimingStatus>
        </To>
        <RouteLinkRef>YNCO098_001_43121</RouteLinkRef>
        <Direction>outbound</Direction>
        <RunTime>PT60S</RunTime>
      </JourneyPatternTimingLink>
      <JourneyPatternTimingLink id="JPS_YNCO098-2_43122">
        <From>
          <StopPointRef>3200YNA90650</StopPointRef>
          <TimingStatus>OTH</TimingStatus>
        </From>
        <To>
          <StopPointRef>3200YNA90652</StopPointRef>
          <TimingStatus>OTH</TimingStatus>
        </To>
        <RouteLinkRef>YNCO098_001_43122</RouteLinkRef>
        <Direction>outbound</Direction>
        <RunTime>PT60S</RunTime>
      </JourneyPatternTimingLink>
      <JourneyPatternTimingLink id="JPS_YNCO098-2_43123">
        <From>
          <StopPointRef>3200YNA90652</StopPointRef>
          <TimingStatus>OTH</TimingStatus>
        </From>
        <To>
          <StopPointRef>3200YNA90551</StopPointRef>
          <TimingStatus>OTH</TimingStatus>
        </To>
        <RouteLinkRef>YNCO098_001_43123</RouteLinkRef>
        <Direction>outbound</Direction>
        <RunTime>PT60S</RunTime>
      </JourneyPatternTimingLink>
      <JourneyPatternTimingLink id="JPS_YNCO098-2_43124">
        <From>
          <StopPointRef>3200YNA90551</StopPointRef>
          <TimingStatus>OTH</TimingStatus>
        </From>
        <To>
          <StopPointRef>3200YNA90643</StopPointRef>
          <TimingStatus>OTH</TimingStatus>
        </To>
        <RouteLinkRef>YNCO098_001_43124</RouteLinkRef>
        <Direction>outbound</Direction>
        <RunTime>PT60S</RunTime>
      </JourneyPatternTimingLink>
      <JourneyPatternTimingLink id="JPS_YNCO098-2_43125">
        <From>
          <StopPointRef>3200YNA90643</StopPointRef>
          <TimingStatus>OTH</TimingStatus>
        </From>
        <To>
          <StopPointRef>3200YNE02058</StopPointRef>
          <TimingStatus>PTP</TimingStatus>
        </To>
        <RouteLinkRef>YNCO098_001_43125</RouteLinkRef>
        <Direction>outbound</Direction>
        <RunTime>PT120S</RunTime>
      </JourneyPatternTimingLink>
    </JourneyPatternSection>
  </JourneyPatternSections>
  <Operators>
    <Operator id="CACC">
      <NationalOperatorCode>CACC</NationalOperatorCode>
      <OperatorCode>CACC</OperatorCode>
      <OperatorShortName>Coastal &amp; Country Coach</OperatorShortName>
    </Operator>
  </Operators>
  <Services>
    <Service>
      <ServiceCode>YNCO098</ServiceCode>
      <Lines>
        <Line id="0">
          <LineName>98</LineName>
        </Line>
      </Lines>
      <OperatingPeriod>
        <StartDate>2015-02-17</StartDate>
        <EndDate>2038-01-17</EndDate>
      </OperatingPeriod>
      <RegisteredOperatorRef>CACC</RegisteredOperatorRef>
      <StopRequirements>
        <NoNewStopsRequired />
      </StopRequirements>
      <Mode>bus</Mode>
      <Description>Whitby - West Cliff Circular</Description>
      <StandardService>
        <Origin>Whitby</Origin>
        <Destination>West Cliff Circular</Destination>
        <JourneyPattern id="JPS_YNCO098-2">
          <Direction>outbound</Direction>
          <JourneyPatternSectionRefs>JPS_YNCO098-2</JourneyPatternSectionRefs>
        </JourneyPattern>
      </StandardService>
    </Service>
  </Services>
  <VehicleJourneys>
    <VehicleJourney>
      <OperatorRef>CACC</OperatorRef>
      <OperatingProfile>
        <RegularDayType>
          <DaysOfWeek>
            <Monday />
            <Tuesday />
            <Wednesday />
            <Thursday />
            <Friday />
          </DaysOfWeek>
        </RegularDayType>
        <BankHolidayOperation>
          <DaysOfNonOperation>
            <ChristmasDay />
            <BoxingDay />
            <GoodFriday />
            <NewYearsDay />
            <LateSummerBankHolidayNotScotland />
            <MayDay />
            <EasterMonday />
            <SpringBank />
          </DaysOfNonOperation>
        </BankHolidayOperation>
      </OperatingProfile>
      <VehicleJourneyCode>72035</VehicleJourneyCode>
      <ServiceRef>YNCO098</ServiceRef>
      <LineRef>0</LineRef>
      <JourneyPatternRef>JPS_YNCO098-2</JourneyPatternRef>
      <DepartureTime>09:35:00</DepartureTime>
    </VehicleJourney>
    <VehicleJourney>
      <OperatorRef>CACC</OperatorRef>
      <OperatingProfile>
        <RegularDayType>
          <DaysOfWeek>
            <Monday />
            <Tuesday />
            <Wednesday />
            <Thursday />
            <Friday />
          </DaysOfWeek>
        </RegularDayType>
        <BankHolidayOperation>
          <DaysOfNonOperation>
            <ChristmasDay />
            <BoxingDay />
            <GoodFriday />
            <NewYearsDay />
            <LateSummerBankHolidayNotScotland />
            <MayDay />
            <EasterMonday />
            <SpringBank />
          </DaysOfNonOperation>
        </BankHolidayOperation>
      </OperatingProfile>
      <VehicleJourneyCode>72036</VehicleJourneyCode>
      <ServiceRef>YNCO098</ServiceRef>
      <LineRef>0</LineRef>
      <JourneyPatternRef>JPS_YNCO098-2</JourneyPatternRef>
      <DepartureTime>10:35:00</DepartureTime>
    </VehicleJourney>
    <VehicleJourney>
      <OperatorRef>CACC</OperatorRef>
      <OperatingProfile>
        <RegularDayType>
          <DaysOfWeek>
            <Monday />
            <Tuesday />
            <Wednesday />
            <Thursday />
            <Friday />
          </DaysOfWeek>
        </RegularDayType>
        <BankHolidayOperation>
          <DaysOfNonOperation>
            <ChristmasDay />
            <BoxingDay />
            <GoodFriday />
            <NewYearsDay />
            <LateSummerBankHolidayNotScotland />
            <MayDay />
            <EasterMonday />
            <SpringBank />
          </DaysOfNonOperation>
        </BankHolidayOperation>
      </OperatingProfile>
      <VehicleJourneyCode>72037</VehicleJourneyCode>
      <ServiceRef>YNCO098</ServiceRef>
      <LineRef>0</LineRef>
      <JourneyPatternRef>JPS_YNCO098-2</JourneyPatternRef>
      <DepartureTime>11:35:00</DepartureTime>
    </VehicleJourney>
    <VehicleJourney>
      <OperatorRef>CACC</OperatorRef>
      <OperatingProfile>
        <RegularDayType>
          <DaysOfWeek>
            <Monday />
            <Tuesday />
            <Wednesday />
            <Thursday />
            <Friday />
          </DaysOfWeek>
        </RegularDayType>
        <BankHolidayOperation>
          <DaysOfNonOperation>
            <ChristmasDay />
            <BoxingDay />
            <GoodFriday />
            <NewYearsDay />
            <LateSummerBankHolidayNotScotland />
            <MayDay />
            <EasterMonday />
            <SpringBank />
          </DaysOfNonOperation>
        </BankHolidayOperation>
      </OperatingProfile>
      <VehicleJourneyCode>72038</VehicleJourneyCode>
      <ServiceRef>YNCO098</ServiceRef>
      <LineRef>0</LineRef>
      <JourneyPatternRef>JPS_YNCO098-2</JourneyPatternRef>
      <DepartureTime>12:35:00</DepartureTime>
    </VehicleJourney>
    <VehicleJourney>
      <OperatorRef>CACC</OperatorRef>
      <OperatingProfile>
        <RegularDayType>
          <DaysOfWeek>
            <Monday />
            <Tuesday />
            <Wednesday />
            <Thursday />
            <Friday />
          </DaysOfWeek>
        </RegularDayType>
        <BankHolidayOperation>
          <DaysOfNonOperation>
            <ChristmasDay />
            <BoxingDay />
            <GoodFriday />
            <NewYearsDay />
            <LateSummerBankHolidayNotScotland />
            <MayDay />
            <EasterMonday />
            <SpringBank />
          </DaysOfNonOperation>
        </BankHolidayOperation>
      </OperatingProfile>
      <VehicleJourneyCode>72039</VehicleJourneyCode>
      <ServiceRef>YNCO098</ServiceRef>
      <LineRef>0</LineRef>
      <JourneyPatternRef>JPS_YNCO098-2</JourneyPatternRef>
      <DepartureTime>13:35:00</DepartureTime>
    </VehicleJourney>
    <VehicleJourney>
      <OperatorRef>CACC</OperatorRef>
      <OperatingProfile>
        <RegularDayType>
          <DaysOfWeek>
            <Monday />
            <Tuesday />
            <Wednesday />
            <Thursday />
            <Friday />
          </DaysOfWeek>
        </RegularDayType>
        <BankHolidayOperation>
          <DaysOfNonOperation>
            <ChristmasDay />
            <BoxingDay />
            <GoodFriday />
            <NewYearsDay />
            <LateSummerBankHolidayNotScotland />
            <MayDay />
            <EasterMonday />
            <SpringBank />
          </DaysOfNonOperation>
        </BankHolidayOperation>
      </OperatingProfile>
      <VehicleJourneyCode>72040</VehicleJourneyCode>
      <ServiceRef>YNCO098</ServiceRef>
      <LineRef>0</LineRef>
      <JourneyPatternRef>JPS_YNCO098-2</JourneyPatternRef>
      <DepartureTime>14:35:00</DepartureTime>
    </VehicleJourney>
    <VehicleJourney>
      <OperatorRef>CACC</OperatorRef>
      <OperatingProfile>
        <RegularDayType>
          <DaysOfWeek>
            <Monday />
            <Tuesday />
            <Wednesday />
            <Thursday />
            <Friday />
          </DaysOfWeek>
        </RegularDayType>
        <BankHolidayOperation>
          <DaysOfNonOperation>
            <ChristmasDay />
            <BoxingDay />
            <GoodFriday />
            <NewYearsDay />
            <LateSummerBankHolidayNotScotland />
            <MayDay />
            <EasterMonday />
            <SpringBank />
          </DaysOfNonOperation>
        </BankHolidayOperation>
      </OperatingProfile>
      <VehicleJourneyCode>72041</VehicleJourneyCode>
      <ServiceRef>YNCO098</ServiceRef>
      <LineRef>0</LineRef>
      <JourneyPatternRef>JPS_YNCO098-2</JourneyPatternRef>
      <Note>
        <NoteCode>SCHH</NoteCode>
        <NoteText>School Holidays Only</NoteText>
      </Note>
      <DepartureTime>15:35:00</DepartureTime>
    </VehicleJourney>
    <VehicleJourney>
      <OperatorRef>CACC</OperatorRef>
      <OperatingProfile>
        <RegularDayType>
          <DaysOfWeek>
            <Monday />
            <Tuesday />
            <Wednesday />
            <Thursday />
            <Friday />
          </DaysOfWeek>
        </RegularDayType>
        <BankHolidayOperation>
          <DaysOfNonOperation>
            <ChristmasDay />
            <BoxingDay />
            <GoodFriday />
            <NewYearsDay />
            <LateSummerBankHolidayNotScotland />
            <MayDay />
            <EasterMonday />
            <SpringBank />
          </DaysOfNonOperation>
        </BankHolidayOperation>
      </OperatingProfile>
      <VehicleJourneyCode>72042</VehicleJourneyCode>
      <ServiceRef>YNCO098</ServiceRef>
      <LineRef>0</LineRef>
      <JourneyPatternRef>JPS_YNCO098-2</JourneyPatternRef>
      <DepartureTime>16:45:00</DepartureTime>
    </VehicleJourney>
    <VehicleJourney>
      <OperatorRef>CACC</OperatorRef>
      <OperatingProfile>
        <RegularDayType>
          <DaysOfWeek>
            <Saturday />
          </DaysOfWeek>
        </RegularDayType>
      </OperatingProfile>
      <VehicleJourneyCode>72043</VehicleJourneyCode>
      <ServiceRef>YNCO098</ServiceRef>
      <LineRef>0</LineRef>
      <JourneyPatternRef>JPS_YNCO098-2</JourneyPatternRef>
      <DepartureTime>09:35:00</DepartureTime>
    </VehicleJourney>
    <VehicleJourney>
      <OperatorRef>CACC</OperatorRef>
      <OperatingProfile>
        <RegularDayType>
          <DaysOfWeek>
            <Saturday />
          </DaysOfWeek>
        </RegularDayType>
      </OperatingProfile>
      <VehicleJourneyCode>72044</VehicleJourneyCode>
      <ServiceRef>YNCO098</ServiceRef>
      <LineRef>0</LineRef>
      <JourneyPatternRef>JPS_YNCO098-2</JourneyPatternRef>
      <DepartureTime>10:35:00</DepartureTime>
    </VehicleJourney>
    <VehicleJourney>
      <OperatorRef>CACC</OperatorRef>
      <OperatingProfile>
        <RegularDayType>
          <DaysOfWeek>
            <Saturday />
          </DaysOfWeek>
        </RegularDayType>
      </OperatingProfile>
      <VehicleJourneyCode>72045</VehicleJourneyCode>
      <ServiceRef>YNCO098</ServiceRef>
      <LineRef>0</LineRef>
      <JourneyPatternRef>JPS_YNCO098-2</JourneyPatternRef>
      <DepartureTime>11:35:00</DepartureTime>
    </VehicleJourney>
    <VehicleJourney>
      <OperatorRef>CACC</OperatorRef>
      <OperatingProfile>
        <RegularDayType>
          <DaysOfWeek>
            <Saturday />
          </DaysOfWeek>
        </RegularDayType>
      </OperatingProfile>
      <VehicleJourneyCode>72046</VehicleJourneyCode>
      <ServiceRef>YNCO098</ServiceRef>
      <LineRef>0</LineRef>
      <JourneyPatternRef>JPS_YNCO098-2</JourneyPatternRef>
      <DepartureTime>12:35:00</DepartureTime>
    </VehicleJourney>
    <VehicleJourney>
      <OperatorRef>CACC</OperatorRef>
      <OperatingProfile>
        <RegularDayType>
          <DaysOfWeek>
            <Saturday />
          </DaysOfWeek>
        </RegularDayType>
      </OperatingProfile>
      <VehicleJourneyCode>72047</VehicleJourneyCode>
      <ServiceRef>YNCO098</ServiceRef>
      <LineRef>0</LineRef>
      <JourneyPatternRef>JPS_YNCO098-2</JourneyPatternRef>
      <DepartureTime>13:35:00</DepartureTime>
    </VehicleJourney>
    <VehicleJourney>
      <OperatorRef>CACC</OperatorRef>
      <OperatingProfile>
        <RegularDayType>
          <DaysOfWeek>
            <Saturday />
          </DaysOfWeek>
        </RegularDayType>
      </OperatingProfile>
      <VehicleJourneyCode>72048</VehicleJourneyCode>
      <ServiceRef>YNCO098</ServiceRef>
      <LineRef>0</LineRef>
      <JourneyPatternRef>JPS_YNCO098-2</JourneyPatternRef>
      <DepartureTime>14:35:00</DepartureTime>
    </VehicleJourney>
    <VehicleJourney>
      <OperatorRef>CACC</OperatorRef>
      <OperatingProfile>
        <RegularDayType>
          <DaysOfWeek>
            <Saturday />
          </DaysOfWeek>
        </RegularDayType>
      </OperatingProfile>
      <VehicleJourneyCode>72049</VehicleJourneyCode>
      <ServiceRef>YNCO098</ServiceRef>
      <LineRef>0</LineRef>
      <JourneyPatternRef>JPS_YNCO098-2</JourneyPatternRef>
      <DepartureTime>15:35:00</DepartureTime>
    </VehicleJourney>
    <VehicleJourney>
      <OperatorRef>CACC</OperatorRef>
      <OperatingProfile>
        <RegularDayType>
          <DaysOfWeek>
            <Saturday />
          </DaysOfWeek>
        </RegularDayType>
      </OperatingProfile>
      <VehicleJourneyCode>72050</VehicleJourneyCode>
      <ServiceRef>YNCO098</ServiceRef>
      <LineRef>0</LineRef>
      <JourneyPatternRef>JPS_YNCO098-2</JourneyPatternRef>
      <DepartureTime>16:45:00</DepartureTime>
    </VehicleJourney>
  </VehicleJourneys>
</TransXChange>