<?xml version="1.0" encoding="utf-8"?>
<TransXChange xmlns:xsd="http://www.w3.org/2001/XMLSchema" xmlns:xsi="http://www.w3.org/2001/XMLSchema-instance" xsi:schemaLocation="http://www.transxchange.org.uk/ http://www.transxchange.org.uk/schema/2.1/TransXChange_general.xsd" CreationDateTime="2017-09-21T11:31:35.4242028+01:00" ModificationDateTime="2017-09-21T11:31:35.4242028+01:00" Modification="new" RevisionNumber="1" FileName="TXC.xml" SchemaVersion="2.1" RegistrationDocument="false" xmlns="http://www.transxchange.org.uk/">
  <StopPoints>
    <AnnotatedStopPointRef>
      <StopPointRef>0610CH1415</StopPointRef>
      <CommonName>Police Headquarters</CommonName>
      <LocalityName>Blacon</LocalityName>
      <LocalityQualifier>Chester</LocalityQualifier>
    </AnnotatedStopPointRef>
    <AnnotatedStopPointRef>
      <StopPointRef>0610CH1494</StopPointRef>
      <CommonName>Rhuddlan Road</CommonName>
      <LocalityName>Blacon</LocalityName>
      <LocalityQualifier>Chester</LocalityQualifier>
    </AnnotatedStopPointRef>
    <AnnotatedStopPointRef>
      <StopPointRef>0610CH1410</StopPointRef>
      <CommonName>Stamford Road</CommonName>
      <LocalityName>Blacon</LocalityName>
      <LocalityQualifier>Chester</LocalityQualifier>
    </AnnotatedStopPointRef>
    <AnnotatedStopPointRef>
      <StopPointRef>0610CH1485</StopPointRef>
      <CommonName>Graham Road</CommonName>
      <LocalityName>Blacon</LocalityName>
      <LocalityQualifier>Chester</LocalityQualifier>
    </AnnotatedStopPointRef>
    <AnnotatedStopPointRef>
      <StopPointRef>0610CH1486</StopPointRef>
      <CommonName>Bridgeman Road</CommonName>
      <LocalityName>Blacon</LocalityName>
      <LocalityQualifier>Chester</LocalityQualifier>
    </AnnotatedStopPointRef>
    <AnnotatedStopPointRef>
      <StopPointRef>0610CH1489</StopPointRef>
      <CommonName>Dyserth Road</CommonName>
      <LocalityName>Blacon</LocalityName>
      <LocalityQualifier>Chester</LocalityQualifier>
    </AnnotatedStopPointRef>
    <AnnotatedStopPointRef>
      <StopPointRef>0610CH2494</StopPointRef>
      <CommonName>High School</CommonName>
      <LocalityName>Blacon</LocalityName>
      <LocalityQualifier>Chester</LocalityQualifier>
    </AnnotatedStopPointRef>
    <AnnotatedStopPointRef>
      <StopPointRef>0610CH1481</StopPointRef>
      <CommonName>St Chad's Road</CommonName>
      <LocalityName>Blacon</LocalityName>
      <LocalityQualifier>Chester</LocalityQualifier>
    </AnnotatedStopPointRef>
    <AnnotatedStopPointRef>
      <StopPointRef>0610CH1491</StopPointRef>
      <CommonName>Treborth Road</CommonName>
      <LocalityName>Blacon</LocalityName>
      <LocalityQualifier>Chester</LocalityQualifier>
    </AnnotatedStopPointRef>
    <AnnotatedStopPointRef>
      <StopPointRef>0610CH1412</StopPointRef>
      <CommonName>Lichfield Road</CommonName>
      <LocalityName>Blacon</LocalityName>
      <LocalityQualifier>Chester</LocalityQualifier>
    </AnnotatedStopPointRef>
    <AnnotatedStopPointRef>
      <StopPointRef>0610CH1407</StopPointRef>
      <CommonName>Blacon Parade</CommonName>
      <LocalityName>Blacon</LocalityName>
      <LocalityQualifier>Chester</LocalityQualifier>
    </AnnotatedStopPointRef>
    <AnnotatedStopPointRef>
      <StopPointRef>0610CH1414</StopPointRef>
      <CommonName>Ludlow Road</CommonName>
      <LocalityName>Blacon</LocalityName>
      <LocalityQualifier>Chester</LocalityQualifier>
    </AnnotatedStopPointRef>
    <AnnotatedStopPointRef>
      <StopPointRef>0610CH1451</StopPointRef>
      <CommonName>Adelaide Road</CommonName>
      <LocalityName>Blacon</LocalityName>
      <LocalityQualifier>Chester</LocalityQualifier>
    </AnnotatedStopPointRef>
    <AnnotatedStopPointRef>
      <StopPointRef>0610CH19049</StopPointRef>
      <CommonName>Chester Bus Interchange</CommonName>
      <LocalityName>Chester</LocalityName>
      <LocalityQualifier>Chester</LocalityQualifier>
    </AnnotatedStopPointRef>
    <AnnotatedStopPointRef>
      <StopPointRef>0610CH1453</StopPointRef>
      <CommonName>Garden Lane</CommonName>
      <LocalityName>Chester</LocalityName>
      <LocalityQualifier>Chester</LocalityQualifier>
    </AnnotatedStopPointRef>
    <AnnotatedStopPointRef>
      <StopPointRef>0610CH19048</StopPointRef>
      <CommonName>Delamere Street</CommonName>
      <LocalityName>Chester</LocalityName>
      <LocalityQualifier>Chester</LocalityQualifier>
    </AnnotatedStopPointRef>
    <AnnotatedStopPointRef>
      <StopPointRef>0610CH743</StopPointRef>
      <CommonName>Stagecoach Depot</CommonName>
      <LocalityName>Chester</LocalityName>
      <LocalityQualifier>Chester</LocalityQualifier>
    </AnnotatedStopPointRef>
    <AnnotatedStopPointRef>
      <StopPointRef>0610CHE6114</StopPointRef>
      <CommonName>J H Godwin Primary School</CommonName>
      <LocalityName>Blacon</LocalityName>
      <LocalityQualifier>Chester</LocalityQualifier>
    </AnnotatedStopPointRef>
    <AnnotatedStopPointRef>
      <StopPointRef>0610CH703</StopPointRef>
      <CommonName>Cairns Crescent</CommonName>
      <LocalityName>Blacon</LocalityName>
      <LocalityQualifier>Chester</LocalityQualifier>
    </AnnotatedStopPointRef>
    <AnnotatedStopPointRef>
      <StopPointRef>0610CH2491</StopPointRef>
      <CommonName>High School</CommonName>
      <LocalityName>Blacon</LocalityName>
      <LocalityQualifier>Chester</LocalityQualifier>
    </AnnotatedStopPointRef>
    <AnnotatedStopPointRef>
      <StopPointRef>0610CH1513</StopPointRef>
      <CommonName>Abbots Park</CommonName>
      <LocalityName>Chester</LocalityName>
      <LocalityQualifier>Chester</LocalityQualifier>
    </AnnotatedStopPointRef>
    <AnnotatedStopPointRef>
      <StopPointRef>0610CH1509</StopPointRef>
      <CommonName>St Thomas Canterbury Church</CommonName>
      <LocalityName>Chester</LocalityName>
      <LocalityQualifier>Chester</LocalityQualifier>
    </AnnotatedStopPointRef>
    <AnnotatedStopPointRef>
      <StopPointRef>0610CH1512</StopPointRef>
      <CommonName>Moss Bank</CommonName>
      <LocalityName>Chester</LocalityName>
      <LocalityQualifier>Chester</LocalityQualifier>
    </AnnotatedStopPointRef>
    <AnnotatedStopPointRef>
      <StopPointRef>0610CH1516</StopPointRef>
      <CommonName>Mercedes-Benz Chester</CommonName>
      <LocalityName>Chester</LocalityName>
      <LocalityQualifier>Chester</LocalityQualifier>
    </AnnotatedStopPointRef>
    <AnnotatedStopPointRef>
      <StopPointRef>0610CH1394</StopPointRef>
      <CommonName>Nationwide Auto Centre</CommonName>
      <LocalityName>Chester</LocalityName>
      <LocalityQualifier>Chester</LocalityQualifier>
    </AnnotatedStopPointRef>
    <AnnotatedStopPointRef>
      <StopPointRef>0610CH1395</StopPointRef>
      <CommonName>Cranleigh Crescent</CommonName>
      <LocalityName>Chester</LocalityName>
      <LocalityQualifier>Chester</LocalityQualifier>
    </AnnotatedStopPointRef>
    <AnnotatedStopPointRef>
      <StopPointRef>0610CH1405</StopPointRef>
      <CommonName>The Arches School</CommonName>
      <LocalityName>Blacon</LocalityName>
      <LocalityQualifier>Chester</LocalityQualifier>
    </AnnotatedStopPointRef>
    <AnnotatedStopPointRef>
      <StopPointRef>0610CH1480</StopPointRef>
      <CommonName>The Lodge</CommonName>
      <LocalityName>Blacon</LocalityName>
      <LocalityQualifier>Chester</LocalityQualifier>
    </AnnotatedStopPointRef>
    <AnnotatedStopPointRef>
      <StopPointRef>0610CH1477</StopPointRef>
      <CommonName>Furne Road</CommonName>
      <LocalityName>Blacon</LocalityName>
      <LocalityQualifier>Chester</LocalityQualifier>
    </AnnotatedStopPointRef>
    <AnnotatedStopPointRef>
      <StopPointRef>0610CH1478</StopPointRef>
      <CommonName>The Highfield</CommonName>
      <LocalityName>Blacon</LocalityName>
      <LocalityQualifier>Chester</LocalityQualifier>
    </AnnotatedStopPointRef>
  </StopPoints>
  <JourneyPatternSections>
    <JourneyPatternSection id="JPSection-1">
      <JourneyPatternTimingLink id="JPSection-1-SEC1-POS1">
        <From>
          <Activity>pickUp</Activity>
          <StopPointRef>0610CH19049</StopPointRef>
          <TimingStatus>PTP</TimingStatus>
        </From>
        <To>
          <Activity>pickUpAndSetDown</Activity>
          <StopPointRef>0610CH1453</StopPointRef>
          <TimingStatus>OTH</TimingStatus>
        </To>
        <RunTime>PT3M</RunTime>
      </JourneyPatternTimingLink>
      <JourneyPatternTimingLink id="JPSection-1-SEC1-POS2">
        <From>
          <Activity>pickUpAndSetDown</Activity>
          <StopPointRef>0610CH1453</StopPointRef>
          <TimingStatus>OTH</TimingStatus>
        </From>
        <To>
          <Activity>pickUpAndSetDown</Activity>
          <StopPointRef>0610CH1394</StopPointRef>
          <TimingStatus>OTH</TimingStatus>
        </To>
        <RunTime>PT1M</RunTime>
      </JourneyPatternTimingLink>
      <JourneyPatternTimingLink id="JPSection-1-SEC1-POS3">
        <From>
          <Activity>pickUpAndSetDown</Activity>
          <StopPointRef>0610CH1394</StopPointRef>
          <TimingStatus>OTH</TimingStatus>
        </From>
        <To>
          <Activity>pickUpAndSetDown</Activity>
          <StopPointRef>0610CH1395</StopPointRef>
          <TimingStatus>OTH</TimingStatus>
        </To>
        <RunTime>PT1M</RunTime>
      </JourneyPatternTimingLink>
      <JourneyPatternTimingLink id="JPSection-1-SEC1-POS4">
        <From>
          <Activity>pickUpAndSetDown</Activity>
          <StopPointRef>0610CH1395</StopPointRef>
          <TimingStatus>OTH</TimingStatus>
        </From>
        <To>
          <Activity>pickUpAndSetDown</Activity>
          <StopPointRef>0610CH1480</StopPointRef>
          <TimingStatus>OTH</TimingStatus>
        </To>
        <RunTime>PT2M</RunTime>
      </JourneyPatternTimingLink>
      <JourneyPatternTimingLink id="JPSection-1-SEC1-POS5">
        <From>
          <Activity>pickUpAndSetDown</Activity>
          <StopPointRef>0610CH1480</StopPointRef>
          <TimingStatus>OTH</TimingStatus>
        </From>
        <To>
          <Activity>pickUpAndSetDown</Activity>
          <StopPointRef>0610CH1481</StopPointRef>
          <TimingStatus>OTH</TimingStatus>
        </To>
        <RunTime>PT2M</RunTime>
      </JourneyPatternTimingLink>
      <JourneyPatternTimingLink id="JPSection-1-SEC1-POS6">
        <From>
          <Activity>pickUpAndSetDown</Activity>
          <StopPointRef>0610CH1481</StopPointRef>
          <TimingStatus>OTH</TimingStatus>
        </From>
        <To>
          <Activity>pickUpAndSetDown</Activity>
          <StopPointRef>0610CH1485</StopPointRef>
          <TimingStatus>OTH</TimingStatus>
        </To>
        <RunTime>PT1M</RunTime>
      </JourneyPatternTimingLink>
      <JourneyPatternTimingLink id="JPSection-1-SEC1-POS7">
        <From>
          <Activity>pickUpAndSetDown</Activity>
          <StopPointRef>0610CH1485</StopPointRef>
          <TimingStatus>OTH</TimingStatus>
        </From>
        <To>
          <Activity>pickUpAndSetDown</Activity>
          <StopPointRef>0610CH1486</StopPointRef>
          <TimingStatus>OTH</TimingStatus>
        </To>
        <RunTime>PT0M</RunTime>
      </JourneyPatternTimingLink>
      <JourneyPatternTimingLink id="JPSection-1-SEC1-POS8">
        <From>
          <Activity>pickUpAndSetDown</Activity>
          <StopPointRef>0610CH1486</StopPointRef>
          <TimingStatus>OTH</TimingStatus>
        </From>
        <To>
          <Activity>pickUpAndSetDown</Activity>
          <StopPointRef>0610CH1489</StopPointRef>
          <TimingStatus>OTH</TimingStatus>
        </To>
        <RunTime>PT2M</RunTime>
      </JourneyPatternTimingLink>
      <JourneyPatternTimingLink id="JPSection-1-SEC1-POS9">
        <From>
          <Activity>pickUpAndSetDown</Activity>
          <StopPointRef>0610CH1489</StopPointRef>
          <TimingStatus>OTH</TimingStatus>
        </From>
        <To>
          <Activity>pickUpAndSetDown</Activity>
          <StopPointRef>0610CH1491</StopPointRef>
          <TimingStatus>OTH</TimingStatus>
        </To>
        <RunTime>PT1M</RunTime>
      </JourneyPatternTimingLink>
      <JourneyPatternTimingLink id="JPSection-1-SEC1-POS10">
        <From>
          <Activity>pickUpAndSetDown</Activity>
          <StopPointRef>0610CH1491</StopPointRef>
          <TimingStatus>OTH</TimingStatus>
        </From>
        <To>
          <Activity>pickUpAndSetDown</Activity>
          <StopPointRef>0610CH1494</StopPointRef>
          <TimingStatus>PTP</TimingStatus>
        </To>
        <RunTime>PT1M</RunTime>
      </JourneyPatternTimingLink>
      <JourneyPatternTimingLink id="JPSection-1-SEC1-POS11">
        <From>
          <Activity>pickUpAndSetDown</Activity>
          <StopPointRef>0610CH1494</StopPointRef>
          <TimingStatus>PTP</TimingStatus>
        </From>
        <To>
          <Activity>pickUpAndSetDown</Activity>
          <StopPointRef>0610CH1451</StopPointRef>
          <TimingStatus>OTH</TimingStatus>
        </To>
        <RunTime>PT0M</RunTime>
      </JourneyPatternTimingLink>
      <JourneyPatternTimingLink id="JPSection-1-SEC1-POS12">
        <From>
          <Activity>pickUpAndSetDown</Activity>
          <StopPointRef>0610CH1451</StopPointRef>
          <TimingStatus>OTH</TimingStatus>
        </From>
        <To>
          <Activity>pickUpAndSetDown</Activity>
          <StopPointRef>0610CH2494</StopPointRef>
          <TimingStatus>OTH</TimingStatus>
        </To>
        <RunTime>PT0M</RunTime>
      </JourneyPatternTimingLink>
      <JourneyPatternTimingLink id="JPSection-1-SEC1-POS13">
        <From>
          <Activity>pickUpAndSetDown</Activity>
          <StopPointRef>0610CH2494</StopPointRef>
          <TimingStatus>OTH</TimingStatus>
        </From>
        <To>
          <Activity>pickUpAndSetDown</Activity>
          <StopPointRef>0610CH2491</StopPointRef>
          <TimingStatus>OTH</TimingStatus>
        </To>
        <RunTime>PT1M</RunTime>
      </JourneyPatternTimingLink>
      <JourneyPatternTimingLink id="JPSection-1-SEC1-POS14">
        <From>
          <Activity>pickUpAndSetDown</Activity>
          <StopPointRef>0610CH2491</StopPointRef>
          <TimingStatus>OTH</TimingStatus>
        </From>
        <To>
          <Activity>pickUpAndSetDown</Activity>
          <StopPointRef>0610CHE6114</StopPointRef>
          <TimingStatus>OTH</TimingStatus>
        </To>
        <RunTime>PT0M</RunTime>
      </JourneyPatternTimingLink>
      <JourneyPatternTimingLink id="JPSection-1-SEC1-POS15">
        <From>
          <Activity>pickUpAndSetDown</Activity>
          <StopPointRef>0610CHE6114</StopPointRef>
          <TimingStatus>OTH</TimingStatus>
        </From>
        <To>
          <Activity>pickUpAndSetDown</Activity>
          <StopPointRef>0610CH703</StopPointRef>
          <TimingStatus>OTH</TimingStatus>
        </To>
        <RunTime>PT0M</RunTime>
      </JourneyPatternTimingLink>
      <JourneyPatternTimingLink id="JPSection-1-SEC1-POS16">
        <From>
          <Activity>pickUpAndSetDown</Activity>
          <StopPointRef>0610CH703</StopPointRef>
          <TimingStatus>OTH</TimingStatus>
        </From>
        <To>
          <Activity>pickUpAndSetDown</Activity>
          <StopPointRef>0610CH1477</StopPointRef>
          <TimingStatus>OTH</TimingStatus>
        </To>
        <RunTime>PT1M</RunTime>
      </JourneyPatternTimingLink>
      <JourneyPatternTimingLink id="JPSection-1-SEC1-POS17">
        <From>
          <Activity>pickUpAndSetDown</Activity>
          <StopPointRef>0610CH1477</StopPointRef>
          <TimingStatus>OTH</TimingStatus>
        </From>
        <To>
          <Activity>pickUpAndSetDown</Activity>
          <StopPointRef>0610CH1478</StopPointRef>
          <TimingStatus>OTH</TimingStatus>
        </To>
        <RunTime>PT0M</RunTime>
      </JourneyPatternTimingLink>
      <JourneyPatternTimingLink id="JPSection-1-SEC1-POS18">
        <From>
          <Activity>pickUpAndSetDown</Activity>
          <StopPointRef>0610CH1478</StopPointRef>
          <TimingStatus>OTH</TimingStatus>
        </From>
        <To>
          <Activity>pickUpAndSetDown</Activity>
          <StopPointRef>0610CH1405</StopPointRef>
          <TimingStatus>PTP</TimingStatus>
        </To>
        <RunTime>PT1M</RunTime>
      </JourneyPatternTimingLink>
      <JourneyPatternTimingLink id="JPSection-1-SEC1-POS19">
        <From>
          <Activity>pickUpAndSetDown</Activity>
          <StopPointRef>0610CH1405</StopPointRef>
          <TimingStatus>PTP</TimingStatus>
        </From>
        <To>
          <Activity>pickUpAndSetDown</Activity>
          <StopPointRef>0610CH1407</StopPointRef>
          <TimingStatus>OTH</TimingStatus>
        </To>
        <RunTime>PT0M</RunTime>
      </JourneyPatternTimingLink>
      <JourneyPatternTimingLink id="JPSection-1-SEC1-POS20">
        <From>
          <Activity>pickUpAndSetDown</Activity>
          <StopPointRef>0610CH1407</StopPointRef>
          <TimingStatus>OTH</TimingStatus>
        </From>
        <To>
          <Activity>pickUpAndSetDown</Activity>
          <StopPointRef>0610CH1410</StopPointRef>
          <TimingStatus>OTH</TimingStatus>
        </To>
        <RunTime>PT1M</RunTime>
      </JourneyPatternTimingLink>
      <JourneyPatternTimingLink id="JPSection-1-SEC1-POS21">
        <From>
          <Activity>pickUpAndSetDown</Activity>
          <StopPointRef>0610CH1410</StopPointRef>
          <TimingStatus>OTH</TimingStatus>
        </From>
        <To>
          <Activity>pickUpAndSetDown</Activity>
          <StopPointRef>0610CH1412</StopPointRef>
          <TimingStatus>OTH</TimingStatus>
        </To>
        <RunTime>PT1M</RunTime>
      </JourneyPatternTimingLink>
      <JourneyPatternTimingLink id="JPSection-1-SEC1-POS22">
        <From>
          <Activity>pickUpAndSetDown</Activity>
          <StopPointRef>0610CH1412</StopPointRef>
          <TimingStatus>OTH</TimingStatus>
        </From>
        <To>
          <Activity>pickUpAndSetDown</Activity>
          <StopPointRef>0610CH1414</StopPointRef>
          <TimingStatus>OTH</TimingStatus>
        </To>
        <RunTime>PT1M</RunTime>
      </JourneyPatternTimingLink>
      <JourneyPatternTimingLink id="JPSection-1-SEC1-POS23">
        <From>
          <Activity>pickUpAndSetDown</Activity>
          <StopPointRef>0610CH1414</StopPointRef>
          <TimingStatus>OTH</TimingStatus>
        </From>
        <To>
          <Activity>pickUpAndSetDown</Activity>
          <StopPointRef>0610CH1415</StopPointRef>
          <TimingStatus>OTH</TimingStatus>
        </To>
        <RunTime>PT0M</RunTime>
      </JourneyPatternTimingLink>
      <JourneyPatternTimingLink id="JPSection-1-SEC1-POS24">
        <From>
          <Activity>pickUpAndSetDown</Activity>
          <StopPointRef>0610CH1415</StopPointRef>
          <TimingStatus>OTH</TimingStatus>
        </From>
        <To>
          <Activity>pickUpAndSetDown</Activity>
          <StopPointRef>0610CH1516</StopPointRef>
          <TimingStatus>OTH</TimingStatus>
        </To>
        <RunTime>PT2M</RunTime>
      </JourneyPatternTimingLink>
      <JourneyPatternTimingLink id="JPSection-1-SEC1-POS25">
        <From>
          <Activity>pickUpAndSetDown</Activity>
          <StopPointRef>0610CH1516</StopPointRef>
          <TimingStatus>OTH</TimingStatus>
        </From>
        <To>
          <Activity>pickUpAndSetDown</Activity>
          <StopPointRef>0610CH1513</StopPointRef>
          <TimingStatus>OTH</TimingStatus>
        </To>
        <RunTime>PT1M</RunTime>
      </JourneyPatternTimingLink>
      <JourneyPatternTimingLink id="JPSection-1-SEC1-POS26">
        <From>
          <Activity>pickUpAndSetDown</Activity>
          <StopPointRef>0610CH1513</StopPointRef>
          <TimingStatus>OTH</TimingStatus>
        </From>
        <To>
          <Activity>pickUpAndSetDown</Activity>
          <StopPointRef>0610CH1512</StopPointRef>
          <TimingStatus>OTH</TimingStatus>
        </To>
        <RunTime>PT1M</RunTime>
      </JourneyPatternTimingLink>
      <JourneyPatternTimingLink id="JPSection-1-SEC1-POS27">
        <From>
          <Activity>pickUpAndSetDown</Activity>
          <StopPointRef>0610CH1512</StopPointRef>
          <TimingStatus>OTH</TimingStatus>
        </From>
        <To>
          <Activity>pickUpAndSetDown</Activity>
          <StopPointRef>0610CH1509</StopPointRef>
          <TimingStatus>OTH</TimingStatus>
        </To>
        <RunTime>PT1M</RunTime>
      </JourneyPatternTimingLink>
      <JourneyPatternTimingLink id="JPSection-1-SEC1-POS28">
        <From>
          <Activity>pickUpAndSetDown</Activity>
          <StopPointRef>0610CH1509</StopPointRef>
          <TimingStatus>OTH</TimingStatus>
        </From>
        <To>
          <Activity>pickUpAndSetDown</Activity>
          <StopPointRef>0610CH743</StopPointRef>
          <TimingStatus>OTH</TimingStatus>
        </To>
        <RunTime>PT1M</RunTime>
      </JourneyPatternTimingLink>
      <JourneyPatternTimingLink id="JPSection-1-SEC1-POS29">
        <From>
          <Activity>pickUpAndSetDown</Activity>
          <StopPointRef>0610CH743</StopPointRef>
          <TimingStatus>OTH</TimingStatus>
        </From>
        <To>
          <Activity>pickUpAndSetDown</Activity>
          <StopPointRef>0610CH19048</StopPointRef>
          <TimingStatus>OTH</TimingStatus>
        </To>
        <RunTime>PT1M</RunTime>
      </JourneyPatternTimingLink>
      <JourneyPatternTimingLink id="JPSection-1-SEC1-POS30">
        <From>
          <Activity>pickUpAndSetDown</Activity>
          <StopPointRef>0610CH19048</StopPointRef>
          <TimingStatus>OTH</TimingStatus>
        </From>
        <To>
          <Activity>setDown</Activity>
          <StopPointRef>0610CH19049</StopPointRef>
          <TimingStatus>PTP</TimingStatus>
        </To>
        <RunTime>PT1M</RunTime>
      </JourneyPatternTimingLink>
    </JourneyPatternSection>
  </JourneyPatternSections>
  <Operators>
    <Operator id="OId_ACY">
      <NationalOperatorCode>ACYM</NationalOperatorCode>
      <OperatorCode>ACY</OperatorCode>
      <OperatorShortName>ACY</OperatorShortName>
    </Operator>
  </Operators>
  <Services>
    <Service>
      <ServiceCode>NW_02_ACY_1_2</ServiceCode>
      <Lines>
        <Line id="l_1_ACY">
          <LineName>1</LineName>
        </Line>
      </Lines>
      <OperatingPeriod>
        <StartDate>2017-09-03</StartDate>
        <EndDate>2099-12-31</EndDate>
      </OperatingPeriod>
      <RegisteredOperatorRef>OId_ACY</RegisteredOperatorRef>
      <StopRequirements>
        <NoNewStopsRequired />
      </StopRequirements>
      <Mode>bus</Mode>
      <Description>Chester - Rhuddlan Road - Blacon Parade - Chester</Description>
      <StandardService>
        <Origin>Chester</Origin>
        <Destination>Chester</Destination>
        <JourneyPattern id="JP1">
          <Direction>outbound</Direction>
          <JourneyPatternSectionRefs>JPSection-1</JourneyPatternSectionRefs>
        </JourneyPattern>
      </StandardService>
    </Service>
  </Services>
  <VehicleJourneys>
    <VehicleJourney>
      <PrivateCode>J78</PrivateCode>
      <Operational>
        <VehicleType>
          <VehicleTypeCode>BUS</VehicleTypeCode>
          <Description>BUS</Description>
        </VehicleType>
      </Operational>
      <OperatingProfile>
        <RegularDayType>
          <DaysOfWeek>
            <MondayToFriday />
          </DaysOfWeek>
        </RegularDayType>
        <BankHolidayOperation>
          <DaysOfNonOperation>
            <AllBankHolidays />
          </DaysOfNonOperation>
        </BankHolidayOperation>
      </OperatingProfile>
      <VehicleJourneyCode>J78</VehicleJourneyCode>
      <ServiceRef>NW_02_ACY_1_2</ServiceRef>
      <LineRef>l_1_ACY</LineRef>
      <JourneyPatternRef>JP1</JourneyPatternRef>
      <DepartureTime>07:20:00</DepartureTime>
    </VehicleJourney>
    <VehicleJourney>
      <PrivateCode>J1</PrivateCode>
      <Operational>
        <VehicleType>
          <VehicleTypeCode>BUS</VehicleTypeCode>
          <Description>BUS</Description>
        </VehicleType>
      </Operational>
      <OperatingProfile>
        <RegularDayType>
          <DaysOfWeek>
            <MondayToFriday />
          </DaysOfWeek>
        </RegularDayType>
        <BankHolidayOperation>
          <DaysOfNonOperation>
            <AllBankHolidays />
          </DaysOfNonOperation>
        </BankHolidayOperation>
      </OperatingProfile>
      <VehicleJourneyCode>J1</VehicleJourneyCode>
      <ServiceRef>NW_02_ACY_1_2</ServiceRef>
      <LineRef>l_1_ACY</LineRef>
      <VehicleJourneyRef>J78</VehicleJourneyRef>
      <DepartureTime>07:40:00</DepartureTime>
    </VehicleJourney>
    <VehicleJourney>
      <PrivateCode>J2</PrivateCode>
      <Operational>
        <VehicleType>
          <VehicleTypeCode>BUS</VehicleTypeCode>
          <Description>BUS</Description>
        </VehicleType>
      </Operational>
      <OperatingProfile>
        <RegularDayType>
          <DaysOfWeek>
            <MondayToFriday />
          </DaysOfWeek>
        </RegularDayType>
        <BankHolidayOperation>
          <DaysOfNonOperation>
            <AllBankHolidays />
          </DaysOfNonOperation>
        </BankHolidayOperation>
      </OperatingProfile>
      <VehicleJourneyCode>J2</VehicleJourneyCode>
      <ServiceRef>NW_02_ACY_1_2</ServiceRef>
      <LineRef>l_1_ACY</LineRef>
      <VehicleJourneyRef>J78</VehicleJourneyRef>
      <DepartureTime>08:00:00</DepartureTime>
    </VehicleJourney>
    <VehicleJourney>
      <PrivateCode>J3</PrivateCode>
      <Operational>
        <VehicleType>
          <VehicleTypeCode>BUS</VehicleTypeCode>
          <Description>BUS</Description>
        </VehicleType>
      </Operational>
      <OperatingProfile>
        <RegularDayType>
          <DaysOfWeek>
            <MondayToFriday />
          </DaysOfWeek>
        </RegularDayType>
        <BankHolidayOperation>
          <DaysOfNonOperation>
            <AllBankHolidays />
          </DaysOfNonOperation>
        </BankHolidayOperation>
      </OperatingProfile>
      <VehicleJourneyCode>J3</VehicleJourneyCode>
      <ServiceRef>NW_02_ACY_1_2</ServiceRef>
      <LineRef>l_1_ACY</LineRef>
      <VehicleJourneyRef>J78</VehicleJourneyRef>
      <DepartureTime>08:30:00</DepartureTime>
    </VehicleJourney>
    <VehicleJourney>
      <PrivateCode>J4</PrivateCode>
      <Operational>
        <VehicleType>
          <VehicleTypeCode>BUS</VehicleTypeCode>
          <Description>BUS</Description>
        </VehicleType>
      </Operational>
      <OperatingProfile>
        <RegularDayType>
          <DaysOfWeek>
            <MondayToFriday />
          </DaysOfWeek>
        </RegularDayType>
        <BankHolidayOperation>
          <DaysOfNonOperation>
            <AllBankHolidays />
          </DaysOfNonOperation>
        </BankHolidayOperation>
      </OperatingProfile>
      <VehicleJourneyCode>J4</VehicleJourneyCode>
      <ServiceRef>NW_02_ACY_1_2</ServiceRef>
      <LineRef>l_1_ACY</LineRef>
      <VehicleJourneyRef>J78</VehicleJourneyRef>
      <DepartureTime>08:50:00</DepartureTime>
    </VehicleJourney>
    <VehicleJourney>
      <PrivateCode>J5</PrivateCode>
      <Operational>
        <VehicleType>
          <VehicleTypeCode>BUS</VehicleTypeCode>
          <Description>BUS</Description>
        </VehicleType>
      </Operational>
      <OperatingProfile>
        <RegularDayType>
          <DaysOfWeek>
            <MondayToFriday />
          </DaysOfWeek>
        </RegularDayType>
        <BankHolidayOperation>
          <DaysOfNonOperation>
            <AllBankHolidays />
          </DaysOfNonOperation>
        </BankHolidayOperation>
      </OperatingProfile>
      <VehicleJourneyCode>J5</VehicleJourneyCode>
      <ServiceRef>NW_02_ACY_1_2</ServiceRef>
      <LineRef>l_1_ACY</LineRef>
      <VehicleJourneyRef>J78</VehicleJourneyRef>
      <DepartureTime>09:10:00</DepartureTime>
    </VehicleJourney>
    <VehicleJourney>
      <PrivateCode>J6</PrivateCode>
      <Operational>
        <VehicleType>
          <VehicleTypeCode>BUS</VehicleTypeCode>
          <Description>BUS</Description>
        </VehicleType>
      </Operational>
      <OperatingProfile>
        <RegularDayType>
          <DaysOfWeek>
            <MondayToFriday />
          </DaysOfWeek>
        </RegularDayType>
        <BankHolidayOperation>
          <DaysOfNonOperation>
            <AllBankHolidays />
          </DaysOfNonOperation>
        </BankHolidayOperation>
      </OperatingProfile>
      <VehicleJourneyCode>J6</VehicleJourneyCode>
      <ServiceRef>NW_02_ACY_1_2</ServiceRef>
      <LineRef>l_1_ACY</LineRef>
      <VehicleJourneyRef>J78</VehicleJourneyRef>
      <DepartureTime>09:40:00</DepartureTime>
    </VehicleJourney>
    <VehicleJourney>
      <PrivateCode>J7</PrivateCode>
      <Operational>
        <VehicleType>
          <VehicleTypeCode>BUS</VehicleTypeCode>
          <Description>BUS</Description>
        </VehicleType>
      </Operational>
      <OperatingProfile>
        <RegularDayType>
          <DaysOfWeek>
            <MondayToFriday />
          </DaysOfWeek>
        </RegularDayType>
        <BankHolidayOperation>
          <DaysOfNonOperation>
            <AllBankHolidays />
          </DaysOfNonOperation>
        </BankHolidayOperation>
      </OperatingProfile>
      <VehicleJourneyCode>J7</VehicleJourneyCode>
      <ServiceRef>NW_02_ACY_1_2</ServiceRef>
      <LineRef>l_1_ACY</LineRef>
      <VehicleJourneyRef>J78</VehicleJourneyRef>
      <DepartureTime>10:00:00</DepartureTime>
    </VehicleJourney>
    <VehicleJourney>
      <PrivateCode>J8</PrivateCode>
      <Operational>
        <VehicleType>
          <VehicleTypeCode>BUS</VehicleTypeCode>
          <Description>BUS</Description>
        </VehicleType>
      </Operational>
      <OperatingProfile>
        <RegularDayType>
          <DaysOfWeek>
            <MondayToFriday />
          </DaysOfWeek>
        </RegularDayType>
        <BankHolidayOperation>
          <DaysOfNonOperation>
            <AllBankHolidays />
          </DaysOfNonOperation>
        </BankHolidayOperation>
      </OperatingProfile>
      <VehicleJourneyCode>J8</VehicleJourneyCode>
      <ServiceRef>NW_02_ACY_1_2</ServiceRef>
      <LineRef>l_1_ACY</LineRef>
      <VehicleJourneyRef>J78</VehicleJourneyRef>
      <DepartureTime>10:20:00</DepartureTime>
    </VehicleJourney>
    <VehicleJourney>
      <PrivateCode>J9</PrivateCode>
      <Operational>
        <VehicleType>
          <VehicleTypeCode>BUS</VehicleTypeCode>
          <Description>BUS</Description>
        </VehicleType>
      </Operational>
      <OperatingProfile>
        <RegularDayType>
          <DaysOfWeek>
            <MondayToFriday />
          </DaysOfWeek>
        </RegularDayType>
        <BankHolidayOperation>
          <DaysOfNonOperation>
            <AllBankHolidays />
          </DaysOfNonOperation>
        </BankHolidayOperation>
      </OperatingProfile>
      <VehicleJourneyCode>J9</VehicleJourneyCode>
      <ServiceRef>NW_02_ACY_1_2</ServiceRef>
      <LineRef>l_1_ACY</LineRef>
      <VehicleJourneyRef>J78</VehicleJourneyRef>
      <DepartureTime>10:50:00</DepartureTime>
    </VehicleJourney>
    <VehicleJourney>
      <PrivateCode>J10</PrivateCode>
      <Operational>
        <VehicleType>
          <VehicleTypeCode>BUS</VehicleTypeCode>
          <Description>BUS</Description>
        </VehicleType>
      </Operational>
      <OperatingProfile>
        <RegularDayType>
          <DaysOfWeek>
            <MondayToFriday />
          </DaysOfWeek>
        </RegularDayType>
        <BankHolidayOperation>
          <DaysOfNonOperation>
            <AllBankHolidays />
          </DaysOfNonOperation>
        </BankHolidayOperation>
      </OperatingProfile>
      <VehicleJourneyCode>J10</VehicleJourneyCode>
      <ServiceRef>NW_02_ACY_1_2</ServiceRef>
      <LineRef>l_1_ACY</LineRef>
      <VehicleJourneyRef>J78</VehicleJourneyRef>
      <DepartureTime>11:10:00</DepartureTime>
    </VehicleJourney>
    <VehicleJourney>
      <PrivateCode>J11</PrivateCode>
      <Operational>
        <VehicleType>
          <VehicleTypeCode>BUS</VehicleTypeCode>
          <Description>BUS</Description>
        </VehicleType>
      </Operational>
      <OperatingProfile>
        <RegularDayType>
          <DaysOfWeek>
            <MondayToFriday />
          </DaysOfWeek>
        </RegularDayType>
        <BankHolidayOperation>
          <DaysOfNonOperation>
            <AllBankHolidays />
          </DaysOfNonOperation>
        </BankHolidayOperation>
      </OperatingProfile>
      <VehicleJourneyCode>J11</VehicleJourneyCode>
      <ServiceRef>NW_02_ACY_1_2</ServiceRef>
      <LineRef>l_1_ACY</LineRef>
      <VehicleJourneyRef>J78</VehicleJourneyRef>
      <DepartureTime>11:30:00</DepartureTime>
    </VehicleJourney>
    <VehicleJourney>
      <PrivateCode>J12</PrivateCode>
      <Operational>
        <VehicleType>
          <VehicleTypeCode>BUS</VehicleTypeCode>
          <Description>BUS</Description>
        </VehicleType>
      </Operational>
      <OperatingProfile>
        <RegularDayType>
          <DaysOfWeek>
            <MondayToFriday />
          </DaysOfWeek>
        </RegularDayType>
        <BankHolidayOperation>
          <DaysOfNonOperation>
            <AllBankHolidays />
          </DaysOfNonOperation>
        </BankHolidayOperation>
      </OperatingProfile>
      <VehicleJourneyCode>J12</VehicleJourneyCode>
      <ServiceRef>NW_02_ACY_1_2</ServiceRef>
      <LineRef>l_1_ACY</LineRef>
      <VehicleJourneyRef>J78</VehicleJourneyRef>
      <DepartureTime>12:00:00</DepartureTime>
    </VehicleJourney>
    <VehicleJourney>
      <PrivateCode>J13</PrivateCode>
      <Operational>
        <VehicleType>
          <VehicleTypeCode>BUS</VehicleTypeCode>
          <Description>BUS</Description>
        </VehicleType>
      </Operational>
      <OperatingProfile>
        <RegularDayType>
          <DaysOfWeek>
            <MondayToFriday />
          </DaysOfWeek>
        </RegularDayType>
        <BankHolidayOperation>
          <DaysOfNonOperation>
            <AllBankHolidays />
          </DaysOfNonOperation>
        </BankHolidayOperation>
      </OperatingProfile>
      <VehicleJourneyCode>J13</VehicleJourneyCode>
      <ServiceRef>NW_02_ACY_1_2</ServiceRef>
      <LineRef>l_1_ACY</LineRef>
      <VehicleJourneyRef>J78</VehicleJourneyRef>
      <DepartureTime>12:20:00</DepartureTime>
    </VehicleJourney>
    <VehicleJourney>
      <PrivateCode>J14</PrivateCode>
      <Operational>
        <VehicleType>
          <VehicleTypeCode>BUS</VehicleTypeCode>
          <Description>BUS</Description>
        </VehicleType>
      </Operational>
      <OperatingProfile>
        <RegularDayType>
          <DaysOfWeek>
            <MondayToFriday />
          </DaysOfWeek>
        </RegularDayType>
        <BankHolidayOperation>
          <DaysOfNonOperation>
            <AllBankHolidays />
          </DaysOfNonOperation>
        </BankHolidayOperation>
      </OperatingProfile>
      <VehicleJourneyCode>J14</VehicleJourneyCode>
      <ServiceRef>NW_02_ACY_1_2</ServiceRef>
      <LineRef>l_1_ACY</LineRef>
      <VehicleJourneyRef>J78</VehicleJourneyRef>
      <DepartureTime>12:40:00</DepartureTime>
    </VehicleJourney>
    <VehicleJourney>
      <PrivateCode>J15</PrivateCode>
      <Operational>
        <VehicleType>
          <VehicleTypeCode>BUS</VehicleTypeCode>
          <Description>BUS</Description>
        </VehicleType>
      </Operational>
      <OperatingProfile>
        <RegularDayType>
          <DaysOfWeek>
            <MondayToFriday />
          </DaysOfWeek>
        </RegularDayType>
        <BankHolidayOperation>
          <DaysOfNonOperation>
            <AllBankHolidays />
          </DaysOfNonOperation>
        </BankHolidayOperation>
      </OperatingProfile>
      <VehicleJourneyCode>J15</VehicleJourneyCode>
      <ServiceRef>NW_02_ACY_1_2</ServiceRef>
      <LineRef>l_1_ACY</LineRef>
      <VehicleJourneyRef>J78</VehicleJourneyRef>
      <DepartureTime>13:10:00</DepartureTime>
    </VehicleJourney>
    <VehicleJourney>
      <PrivateCode>J16</PrivateCode>
      <Operational>
        <VehicleType>
          <VehicleTypeCode>BUS</VehicleTypeCode>
          <Description>BUS</Description>
        </VehicleType>
      </Operational>
      <OperatingProfile>
        <RegularDayType>
          <DaysOfWeek>
            <MondayToFriday />
          </DaysOfWeek>
        </RegularDayType>
        <BankHolidayOperation>
          <DaysOfNonOperation>
            <AllBankHolidays />
          </DaysOfNonOperation>
        </BankHolidayOperation>
      </OperatingProfile>
      <VehicleJourneyCode>J16</VehicleJourneyCode>
      <ServiceRef>NW_02_ACY_1_2</ServiceRef>
      <LineRef>l_1_ACY</LineRef>
      <VehicleJourneyRef>J78</VehicleJourneyRef>
      <DepartureTime>13:30:00</DepartureTime>
    </VehicleJourney>
    <VehicleJourney>
      <PrivateCode>J17</PrivateCode>
      <Operational>
        <VehicleType>
          <VehicleTypeCode>BUS</VehicleTypeCode>
          <Description>BUS</Description>
        </VehicleType>
      </Operational>
      <OperatingProfile>
        <RegularDayType>
          <DaysOfWeek>
            <MondayToFriday />
          </DaysOfWeek>
        </RegularDayType>
        <BankHolidayOperation>
          <DaysOfNonOperation>
            <AllBankHolidays />
          </DaysOfNonOperation>
        </BankHolidayOperation>
      </OperatingProfile>
      <VehicleJourneyCode>J17</VehicleJourneyCode>
      <ServiceRef>NW_02_ACY_1_2</ServiceRef>
      <LineRef>l_1_ACY</LineRef>
      <VehicleJourneyRef>J78</VehicleJourneyRef>
      <DepartureTime>13:50:00</DepartureTime>
    </VehicleJourney>
    <VehicleJourney>
      <PrivateCode>J18</PrivateCode>
      <Operational>
        <VehicleType>
          <VehicleTypeCode>BUS</VehicleTypeCode>
          <Description>BUS</Description>
        </VehicleType>
      </Operational>
      <OperatingProfile>
        <RegularDayType>
          <DaysOfWeek>
            <MondayToFriday />
          </DaysOfWeek>
        </RegularDayType>
        <BankHolidayOperation>
          <DaysOfNonOperation>
            <AllBankHolidays />
          </DaysOfNonOperation>
        </BankHolidayOperation>
      </OperatingProfile>
      <VehicleJourneyCode>J18</VehicleJourneyCode>
      <ServiceRef>NW_02_ACY_1_2</ServiceRef>
      <LineRef>l_1_ACY</LineRef>
      <VehicleJourneyRef>J78</VehicleJourneyRef>
      <DepartureTime>14:20:00</DepartureTime>
    </VehicleJourney>
    <VehicleJourney>
      <PrivateCode>J19</PrivateCode>
      <Operational>
        <VehicleType>
          <VehicleTypeCode>BUS</VehicleTypeCode>
          <Description>BUS</Description>
        </VehicleType>
      </Operational>
      <OperatingProfile>
        <RegularDayType>
          <DaysOfWeek>
            <MondayToFriday />
          </DaysOfWeek>
        </RegularDayType>
        <BankHolidayOperation>
          <DaysOfNonOperation>
            <AllBankHolidays />
          </DaysOfNonOperation>
        </BankHolidayOperation>
      </OperatingProfile>
      <VehicleJourneyCode>J19</VehicleJourneyCode>
      <ServiceRef>NW_02_ACY_1_2</ServiceRef>
      <LineRef>l_1_ACY</LineRef>
      <VehicleJourneyRef>J78</VehicleJourneyRef>
      <DepartureTime>14:40:00</DepartureTime>
    </VehicleJourney>
    <VehicleJourney>
      <PrivateCode>J20</PrivateCode>
      <Operational>
        <VehicleType>
          <VehicleTypeCode>BUS</VehicleTypeCode>
          <Description>BUS</Description>
        </VehicleType>
      </Operational>
      <OperatingProfile>
        <RegularDayType>
          <DaysOfWeek>
            <MondayToFriday />
          </DaysOfWeek>
        </RegularDayType>
        <BankHolidayOperation>
          <DaysOfNonOperation>
            <AllBankHolidays />
          </DaysOfNonOperation>
        </BankHolidayOperation>
      </OperatingProfile>
      <VehicleJourneyCode>J20</VehicleJourneyCode>
      <ServiceRef>NW_02_ACY_1_2</ServiceRef>
      <LineRef>l_1_ACY</LineRef>
      <VehicleJourneyRef>J78</VehicleJourneyRef>
      <DepartureTime>15:00:00</DepartureTime>
    </VehicleJourney>
    <VehicleJourney>
      <PrivateCode>J21</PrivateCode>
      <Operational>
        <VehicleType>
          <VehicleTypeCode>BUS</VehicleTypeCode>
          <Description>BUS</Description>
        </VehicleType>
      </Operational>
      <OperatingProfile>
        <RegularDayType>
          <DaysOfWeek>
            <MondayToFriday />
          </DaysOfWeek>
        </RegularDayType>
        <BankHolidayOperation>
          <DaysOfNonOperation>
            <AllBankHolidays />
          </DaysOfNonOperation>
        </BankHolidayOperation>
      </OperatingProfile>
      <VehicleJourneyCode>J21</VehicleJourneyCode>
      <ServiceRef>NW_02_ACY_1_2</ServiceRef>
      <LineRef>l_1_ACY</LineRef>
      <VehicleJourneyRef>J78</VehicleJourneyRef>
      <DepartureTime>15:30:00</DepartureTime>
    </VehicleJourney>
    <VehicleJourney>
      <PrivateCode>J22</PrivateCode>
      <Operational>
        <VehicleType>
          <VehicleTypeCode>BUS</VehicleTypeCode>
          <Description>BUS</Description>
        </VehicleType>
      </Operational>
      <OperatingProfile>
        <RegularDayType>
          <DaysOfWeek>
            <MondayToFriday />
          </DaysOfWeek>
        </RegularDayType>
        <BankHolidayOperation>
          <DaysOfNonOperation>
            <AllBankHolidays />
          </DaysOfNonOperation>
        </BankHolidayOperation>
      </OperatingProfile>
      <VehicleJourneyCode>J22</VehicleJourneyCode>
      <ServiceRef>NW_02_ACY_1_2</ServiceRef>
      <LineRef>l_1_ACY</LineRef>
      <VehicleJourneyRef>J78</VehicleJourneyRef>
      <DepartureTime>15:50:00</DepartureTime>
    </VehicleJourney>
    <VehicleJourney>
      <PrivateCode>J23</PrivateCode>
      <Operational>
        <VehicleType>
          <VehicleTypeCode>BUS</VehicleTypeCode>
          <Description>BUS</Description>
        </VehicleType>
      </Operational>
      <OperatingProfile>
        <RegularDayType>
          <DaysOfWeek>
            <MondayToFriday />
          </DaysOfWeek>
        </RegularDayType>
        <BankHolidayOperation>
          <DaysOfNonOperation>
            <AllBankHolidays />
          </DaysOfNonOperation>
        </BankHolidayOperation>
      </OperatingProfile>
      <VehicleJourneyCode>J23</VehicleJourneyCode>
      <ServiceRef>NW_02_ACY_1_2</ServiceRef>
      <LineRef>l_1_ACY</LineRef>
      <VehicleJourneyRef>J78</VehicleJourneyRef>
      <DepartureTime>16:10:00</DepartureTime>
    </VehicleJourney>
    <VehicleJourney>
      <PrivateCode>J24</PrivateCode>
      <Operational>
        <VehicleType>
          <VehicleTypeCode>BUS</VehicleTypeCode>
          <Description>BUS</Description>
        </VehicleType>
      </Operational>
      <OperatingProfile>
        <RegularDayType>
          <DaysOfWeek>
            <MondayToFriday />
          </DaysOfWeek>
        </RegularDayType>
        <BankHolidayOperation>
          <DaysOfNonOperation>
            <AllBankHolidays />
          </DaysOfNonOperation>
        </BankHolidayOperation>
      </OperatingProfile>
      <VehicleJourneyCode>J24</VehicleJourneyCode>
      <ServiceRef>NW_02_ACY_1_2</ServiceRef>
      <LineRef>l_1_ACY</LineRef>
      <VehicleJourneyRef>J78</VehicleJourneyRef>
      <DepartureTime>16:40:00</DepartureTime>
    </VehicleJourney>
    <VehicleJourney>
      <PrivateCode>J25</PrivateCode>
      <Operational>
        <VehicleType>
          <VehicleTypeCode>BUS</VehicleTypeCode>
          <Description>BUS</Description>
        </VehicleType>
      </Operational>
      <OperatingProfile>
        <RegularDayType>
          <DaysOfWeek>
            <MondayToFriday />
          </DaysOfWeek>
        </RegularDayType>
        <BankHolidayOperation>
          <DaysOfNonOperation>
            <AllBankHolidays />
          </DaysOfNonOperation>
        </BankHolidayOperation>
      </OperatingProfile>
      <VehicleJourneyCode>J25</VehicleJourneyCode>
      <ServiceRef>NW_02_ACY_1_2</ServiceRef>
      <LineRef>l_1_ACY</LineRef>
      <VehicleJourneyRef>J78</VehicleJourneyRef>
      <DepartureTime>17:00:00</DepartureTime>
    </VehicleJourney>
    <VehicleJourney>
      <PrivateCode>J26</PrivateCode>
      <Operational>
        <VehicleType>
          <VehicleTypeCode>BUS</VehicleTypeCode>
          <Description>BUS</Description>
        </VehicleType>
      </Operational>
      <OperatingProfile>
        <RegularDayType>
          <DaysOfWeek>
            <MondayToFriday />
          </DaysOfWeek>
        </RegularDayType>
        <BankHolidayOperation>
          <DaysOfNonOperation>
            <AllBankHolidays />
          </DaysOfNonOperation>
        </BankHolidayOperation>
      </OperatingProfile>
      <VehicleJourneyCode>J26</VehicleJourneyCode>
      <ServiceRef>NW_02_ACY_1_2</ServiceRef>
      <LineRef>l_1_ACY</LineRef>
      <VehicleJourneyRef>J78</VehicleJourneyRef>
      <DepartureTime>17:20:00</DepartureTime>
    </VehicleJourney>
    <VehicleJourney>
      <PrivateCode>J27</PrivateCode>
      <Operational>
        <VehicleType>
          <VehicleTypeCode>BUS</VehicleTypeCode>
          <Description>BUS</Description>
        </VehicleType>
      </Operational>
      <OperatingProfile>
        <RegularDayType>
          <DaysOfWeek>
            <MondayToFriday />
          </DaysOfWeek>
        </RegularDayType>
        <BankHolidayOperation>
          <DaysOfNonOperation>
            <AllBankHolidays />
          </DaysOfNonOperation>
        </BankHolidayOperation>
      </OperatingProfile>
      <VehicleJourneyCode>J27</VehicleJourneyCode>
      <ServiceRef>NW_02_ACY_1_2</ServiceRef>
      <LineRef>l_1_ACY</LineRef>
      <VehicleJourneyRef>J78</VehicleJourneyRef>
      <DepartureTime>17:50:00</DepartureTime>
    </VehicleJourney>
    <VehicleJourney>
      <PrivateCode>J28</PrivateCode>
      <Operational>
        <VehicleType>
          <VehicleTypeCode>BUS</VehicleTypeCode>
          <Description>BUS</Description>
        </VehicleType>
      </Operational>
      <OperatingProfile>
        <RegularDayType>
          <DaysOfWeek>
            <MondayToFriday />
          </DaysOfWeek>
        </RegularDayType>
        <BankHolidayOperation>
          <DaysOfNonOperation>
            <AllBankHolidays />
          </DaysOfNonOperation>
        </BankHolidayOperation>
      </OperatingProfile>
      <VehicleJourneyCode>J28</VehicleJourneyCode>
      <ServiceRef>NW_02_ACY_1_2</ServiceRef>
      <LineRef>l_1_ACY</LineRef>
      <VehicleJourneyRef>J78</VehicleJourneyRef>
      <DepartureTime>18:20:00</DepartureTime>
    </VehicleJourney>
    <VehicleJourney>
      <PrivateCode>J29</PrivateCode>
      <Operational>
        <VehicleType>
          <VehicleTypeCode>BUS</VehicleTypeCode>
          <Description>BUS</Description>
        </VehicleType>
      </Operational>
      <OperatingProfile>
        <RegularDayType>
          <DaysOfWeek>
            <MondayToFriday />
          </DaysOfWeek>
        </RegularDayType>
        <BankHolidayOperation>
          <DaysOfNonOperation>
            <AllBankHolidays />
          </DaysOfNonOperation>
        </BankHolidayOperation>
      </OperatingProfile>
      <VehicleJourneyCode>J29</VehicleJourneyCode>
      <ServiceRef>NW_02_ACY_1_2</ServiceRef>
      <LineRef>l_1_ACY</LineRef>
      <VehicleJourneyRef>J78</VehicleJourneyRef>
      <DepartureTime>19:00:00</DepartureTime>
    </VehicleJourney>
    <VehicleJourney>
      <PrivateCode>J30</PrivateCode>
      <Operational>
        <VehicleType>
          <VehicleTypeCode>BUS</VehicleTypeCode>
          <Description>BUS</Description>
        </VehicleType>
      </Operational>
      <OperatingProfile>
        <RegularDayType>
          <DaysOfWeek>
            <Saturday />
          </DaysOfWeek>
        </RegularDayType>
        <BankHolidayOperation>
          <DaysOfNonOperation>
            <AllBankHolidays />
          </DaysOfNonOperation>
        </BankHolidayOperation>
      </OperatingProfile>
      <VehicleJourneyCode>J30</VehicleJourneyCode>
      <ServiceRef>NW_02_ACY_1_2</ServiceRef>
      <LineRef>l_1_ACY</LineRef>
      <VehicleJourneyRef>J78</VehicleJourneyRef>
      <DepartureTime>07:20:00</DepartureTime>
    </VehicleJourney>
    <VehicleJourney>
      <PrivateCode>J31</PrivateCode>
      <Operational>
        <VehicleType>
          <VehicleTypeCode>BUS</VehicleTypeCode>
          <Description>BUS</Description>
        </VehicleType>
      </Operational>
      <OperatingProfile>
        <RegularDayType>
          <DaysOfWeek>
            <Saturday />
          </DaysOfWeek>
        </RegularDayType>
        <BankHolidayOperation>
          <DaysOfNonOperation>
            <AllBankHolidays />
          </DaysOfNonOperation>
        </BankHolidayOperation>
      </OperatingProfile>
      <VehicleJourneyCode>J31</VehicleJourneyCode>
      <ServiceRef>NW_02_ACY_1_2</ServiceRef>
      <LineRef>l_1_ACY</LineRef>
      <VehicleJourneyRef>J78</VehicleJourneyRef>
      <DepartureTime>07:40:00</DepartureTime>
    </VehicleJourney>
    <VehicleJourney>
      <PrivateCode>J32</PrivateCode>
      <Operational>
        <VehicleType>
          <VehicleTypeCode>BUS</VehicleTypeCode>
          <Description>BUS</Description>
        </VehicleType>
      </Operational>
      <OperatingProfile>
        <RegularDayType>
          <DaysOfWeek>
            <Saturday />
          </DaysOfWeek>
        </RegularDayType>
        <BankHolidayOperation>
          <DaysOfNonOperation>
            <AllBankHolidays />
          </DaysOfNonOperation>
        </BankHolidayOperation>
      </OperatingProfile>
      <VehicleJourneyCode>J32</VehicleJourneyCode>
      <ServiceRef>NW_02_ACY_1_2</ServiceRef>
      <LineRef>l_1_ACY</LineRef>
      <VehicleJourneyRef>J78</VehicleJourneyRef>
      <DepartureTime>08:00:00</DepartureTime>
    </VehicleJourney>
    <VehicleJourney>
      <PrivateCode>J33</PrivateCode>
      <Operational>
        <VehicleType>
          <VehicleTypeCode>BUS</VehicleTypeCode>
          <Description>BUS</Description>
        </VehicleType>
      </Operational>
      <OperatingProfile>
        <RegularDayType>
          <DaysOfWeek>
            <Saturday />
          </DaysOfWeek>
        </RegularDayType>
        <BankHolidayOperation>
          <DaysOfNonOperation>
            <AllBankHolidays />
          </DaysOfNonOperation>
        </BankHolidayOperation>
      </OperatingProfile>
      <VehicleJourneyCode>J33</VehicleJourneyCode>
      <ServiceRef>NW_02_ACY_1_2</ServiceRef>
      <LineRef>l_1_ACY</LineRef>
      <VehicleJourneyRef>J78</VehicleJourneyRef>
      <DepartureTime>08:30:00</DepartureTime>
    </VehicleJourney>
    <VehicleJourney>
      <PrivateCode>J34</PrivateCode>
      <Operational>
        <VehicleType>
          <VehicleTypeCode>BUS</VehicleTypeCode>
          <Description>BUS</Description>
        </VehicleType>
      </Operational>
      <OperatingProfile>
        <RegularDayType>
          <DaysOfWeek>
            <Saturday />
          </DaysOfWeek>
        </RegularDayType>
        <BankHolidayOperation>
          <DaysOfNonOperation>
            <AllBankHolidays />
          </DaysOfNonOperation>
        </BankHolidayOperation>
      </OperatingProfile>
      <VehicleJourneyCode>J34</VehicleJourneyCode>
      <ServiceRef>NW_02_ACY_1_2</ServiceRef>
      <LineRef>l_1_ACY</LineRef>
      <VehicleJourneyRef>J78</VehicleJourneyRef>
      <DepartureTime>08:50:00</DepartureTime>
    </VehicleJourney>
    <VehicleJourney>
      <PrivateCode>J35</PrivateCode>
      <Operational>
        <VehicleType>
          <VehicleTypeCode>BUS</VehicleTypeCode>
          <Description>BUS</Description>
        </VehicleType>
      </Operational>
      <OperatingProfile>
        <RegularDayType>
          <DaysOfWeek>
            <Saturday />
          </DaysOfWeek>
        </RegularDayType>
        <BankHolidayOperation>
          <DaysOfNonOperation>
            <AllBankHolidays />
          </DaysOfNonOperation>
        </BankHolidayOperation>
      </OperatingProfile>
      <VehicleJourneyCode>J35</VehicleJourneyCode>
      <ServiceRef>NW_02_ACY_1_2</ServiceRef>
      <LineRef>l_1_ACY</LineRef>
      <VehicleJourneyRef>J78</VehicleJourneyRef>
      <DepartureTime>09:10:00</DepartureTime>
    </VehicleJourney>
    <VehicleJourney>
      <PrivateCode>J36</PrivateCode>
      <Operational>
        <VehicleType>
          <VehicleTypeCode>BUS</VehicleTypeCode>
          <Description>BUS</Description>
        </VehicleType>
      </Operational>
      <OperatingProfile>
        <RegularDayType>
          <DaysOfWeek>
            <Saturday />
          </DaysOfWeek>
        </RegularDayType>
        <BankHolidayOperation>
          <DaysOfNonOperation>
            <AllBankHolidays />
          </DaysOfNonOperation>
        </BankHolidayOperation>
      </OperatingProfile>
      <VehicleJourneyCode>J36</VehicleJourneyCode>
      <ServiceRef>NW_02_ACY_1_2</ServiceRef>
      <LineRef>l_1_ACY</LineRef>
      <VehicleJourneyRef>J78</VehicleJourneyRef>
      <DepartureTime>09:40:00</DepartureTime>
    </VehicleJourney>
    <VehicleJourney>
      <PrivateCode>J37</PrivateCode>
      <Operational>
        <VehicleType>
          <VehicleTypeCode>BUS</VehicleTypeCode>
          <Description>BUS</Description>
        </VehicleType>
      </Operational>
      <OperatingProfile>
        <RegularDayType>
          <DaysOfWeek>
            <Saturday />
          </DaysOfWeek>
        </RegularDayType>
        <BankHolidayOperation>
          <DaysOfNonOperation>
            <AllBankHolidays />
          </DaysOfNonOperation>
        </BankHolidayOperation>
      </OperatingProfile>
      <VehicleJourneyCode>J37</VehicleJourneyCode>
      <ServiceRef>NW_02_ACY_1_2</ServiceRef>
      <LineRef>l_1_ACY</LineRef>
      <VehicleJourneyRef>J78</VehicleJourneyRef>
      <DepartureTime>10:00:00</DepartureTime>
    </VehicleJourney>
    <VehicleJourney>
      <PrivateCode>J38</PrivateCode>
      <Operational>
        <VehicleType>
          <VehicleTypeCode>BUS</VehicleTypeCode>
          <Description>BUS</Description>
        </VehicleType>
      </Operational>
      <OperatingProfile>
        <RegularDayType>
          <DaysOfWeek>
            <Saturday />
          </DaysOfWeek>
        </RegularDayType>
        <BankHolidayOperation>
          <DaysOfNonOperation>
            <AllBankHolidays />
          </DaysOfNonOperation>
        </BankHolidayOperation>
      </OperatingProfile>
      <VehicleJourneyCode>J38</VehicleJourneyCode>
      <ServiceRef>NW_02_ACY_1_2</ServiceRef>
      <LineRef>l_1_ACY</LineRef>
      <VehicleJourneyRef>J78</VehicleJourneyRef>
      <DepartureTime>10:20:00</DepartureTime>
    </VehicleJourney>
    <VehicleJourney>
      <PrivateCode>J39</PrivateCode>
      <Operational>
        <VehicleType>
          <VehicleTypeCode>BUS</VehicleTypeCode>
          <Description>BUS</Description>
        </VehicleType>
      </Operational>
      <OperatingProfile>
        <RegularDayType>
          <DaysOfWeek>
            <Saturday />
          </DaysOfWeek>
        </RegularDayType>
        <BankHolidayOperation>
          <DaysOfNonOperation>
            <AllBankHolidays />
          </DaysOfNonOperation>
        </BankHolidayOperation>
      </OperatingProfile>
      <VehicleJourneyCode>J39</VehicleJourneyCode>
      <ServiceRef>NW_02_ACY_1_2</ServiceRef>
      <LineRef>l_1_ACY</LineRef>
      <VehicleJourneyRef>J78</VehicleJourneyRef>
      <DepartureTime>10:50:00</DepartureTime>
    </VehicleJourney>
    <VehicleJourney>
      <PrivateCode>J40</PrivateCode>
      <Operational>
        <VehicleType>
          <VehicleTypeCode>BUS</VehicleTypeCode>
          <Description>BUS</Description>
        </VehicleType>
      </Operational>
      <OperatingProfile>
        <RegularDayType>
          <DaysOfWeek>
            <Saturday />
          </DaysOfWeek>
        </RegularDayType>
        <BankHolidayOperation>
          <DaysOfNonOperation>
            <AllBankHolidays />
          </DaysOfNonOperation>
        </BankHolidayOperation>
      </OperatingProfile>
      <VehicleJourneyCode>J40</VehicleJourneyCode>
      <ServiceRef>NW_02_ACY_1_2</ServiceRef>
      <LineRef>l_1_ACY</LineRef>
      <VehicleJourneyRef>J78</VehicleJourneyRef>
      <DepartureTime>11:10:00</DepartureTime>
    </VehicleJourney>
    <VehicleJourney>
      <PrivateCode>J41</PrivateCode>
      <Operational>
        <VehicleType>
          <VehicleTypeCode>BUS</VehicleTypeCode>
          <Description>BUS</Description>
        </VehicleType>
      </Operational>
      <OperatingProfile>
        <RegularDayType>
          <DaysOfWeek>
            <Saturday />
          </DaysOfWeek>
        </RegularDayType>
        <BankHolidayOperation>
          <DaysOfNonOperation>
            <AllBankHolidays />
          </DaysOfNonOperation>
        </BankHolidayOperation>
      </OperatingProfile>
      <VehicleJourneyCode>J41</VehicleJourneyCode>
      <ServiceRef>NW_02_ACY_1_2</ServiceRef>
      <LineRef>l_1_ACY</LineRef>
      <VehicleJourneyRef>J78</VehicleJourneyRef>
      <DepartureTime>11:30:00</DepartureTime>
    </VehicleJourney>
    <VehicleJourney>
      <PrivateCode>J42</PrivateCode>
      <Operational>
        <VehicleType>
          <VehicleTypeCode>BUS</VehicleTypeCode>
          <Description>BUS</Description>
        </VehicleType>
      </Operational>
      <OperatingProfile>
        <RegularDayType>
          <DaysOfWeek>
            <Saturday />
          </DaysOfWeek>
        </RegularDayType>
        <BankHolidayOperation>
          <DaysOfNonOperation>
            <AllBankHolidays />
          </DaysOfNonOperation>
        </BankHolidayOperation>
      </OperatingProfile>
      <VehicleJourneyCode>J42</VehicleJourneyCode>
      <ServiceRef>NW_02_ACY_1_2</ServiceRef>
      <LineRef>l_1_ACY</LineRef>
      <VehicleJourneyRef>J78</VehicleJourneyRef>
      <DepartureTime>12:00:00</DepartureTime>
    </VehicleJourney>
    <VehicleJourney>
      <PrivateCode>J43</PrivateCode>
      <Operational>
        <VehicleType>
          <VehicleTypeCode>BUS</VehicleTypeCode>
          <Description>BUS</Description>
        </VehicleType>
      </Operational>
      <OperatingProfile>
        <RegularDayType>
          <DaysOfWeek>
            <Saturday />
          </DaysOfWeek>
        </RegularDayType>
        <BankHolidayOperation>
          <DaysOfNonOperation>
            <AllBankHolidays />
          </DaysOfNonOperation>
        </BankHolidayOperation>
      </OperatingProfile>
      <VehicleJourneyCode>J43</VehicleJourneyCode>
      <ServiceRef>NW_02_ACY_1_2</ServiceRef>
      <LineRef>l_1_ACY</LineRef>
      <VehicleJourneyRef>J78</VehicleJourneyRef>
      <DepartureTime>12:20:00</DepartureTime>
    </VehicleJourney>
    <VehicleJourney>
      <PrivateCode>J44</PrivateCode>
      <Operational>
        <VehicleType>
          <VehicleTypeCode>BUS</VehicleTypeCode>
          <Description>BUS</Description>
        </VehicleType>
      </Operational>
      <OperatingProfile>
        <RegularDayType>
          <DaysOfWeek>
            <Saturday />
          </DaysOfWeek>
        </RegularDayType>
        <BankHolidayOperation>
          <DaysOfNonOperation>
            <AllBankHolidays />
          </DaysOfNonOperation>
        </BankHolidayOperation>
      </OperatingProfile>
      <VehicleJourneyCode>J44</VehicleJourneyCode>
      <ServiceRef>NW_02_ACY_1_2</ServiceRef>
      <LineRef>l_1_ACY</LineRef>
      <VehicleJourneyRef>J78</VehicleJourneyRef>
      <DepartureTime>12:40:00</DepartureTime>
    </VehicleJourney>
    <VehicleJourney>
      <PrivateCode>J45</PrivateCode>
      <Operational>
        <VehicleType>
          <VehicleTypeCode>BUS</VehicleTypeCode>
          <Description>BUS</Description>
        </VehicleType>
      </Operational>
      <OperatingProfile>
        <RegularDayType>
          <DaysOfWeek>
            <Saturday />
          </DaysOfWeek>
        </RegularDayType>
        <BankHolidayOperation>
          <DaysOfNonOperation>
            <AllBankHolidays />
          </DaysOfNonOperation>
        </BankHolidayOperation>
      </OperatingProfile>
      <VehicleJourneyCode>J45</VehicleJourneyCode>
      <ServiceRef>NW_02_ACY_1_2</ServiceRef>
      <LineRef>l_1_ACY</LineRef>
      <VehicleJourneyRef>J78</VehicleJourneyRef>
      <DepartureTime>13:10:00</DepartureTime>
    </VehicleJourney>
    <VehicleJourney>
      <PrivateCode>J46</PrivateCode>
      <Operational>
        <VehicleType>
          <VehicleTypeCode>BUS</VehicleTypeCode>
          <Description>BUS</Description>
        </VehicleType>
      </Operational>
      <OperatingProfile>
        <RegularDayType>
          <DaysOfWeek>
            <Saturday />
          </DaysOfWeek>
        </RegularDayType>
        <BankHolidayOperation>
          <DaysOfNonOperation>
            <AllBankHolidays />
          </DaysOfNonOperation>
        </BankHolidayOperation>
      </OperatingProfile>
      <VehicleJourneyCode>J46</VehicleJourneyCode>
      <ServiceRef>NW_02_ACY_1_2</ServiceRef>
      <LineRef>l_1_ACY</LineRef>
      <VehicleJourneyRef>J78</VehicleJourneyRef>
      <DepartureTime>13:30:00</DepartureTime>
    </VehicleJourney>
    <VehicleJourney>
      <PrivateCode>J47</PrivateCode>
      <Operational>
        <VehicleType>
          <VehicleTypeCode>BUS</VehicleTypeCode>
          <Description>BUS</Description>
        </VehicleType>
      </Operational>
      <OperatingProfile>
        <RegularDayType>
          <DaysOfWeek>
            <Saturday />
          </DaysOfWeek>
        </RegularDayType>
        <BankHolidayOperation>
          <DaysOfNonOperation>
            <AllBankHolidays />
          </DaysOfNonOperation>
        </BankHolidayOperation>
      </OperatingProfile>
      <VehicleJourneyCode>J47</VehicleJourneyCode>
      <ServiceRef>NW_02_ACY_1_2</ServiceRef>
      <LineRef>l_1_ACY</LineRef>
      <VehicleJourneyRef>J78</VehicleJourneyRef>
      <DepartureTime>13:50:00</DepartureTime>
    </VehicleJourney>
    <VehicleJourney>
      <PrivateCode>J48</PrivateCode>
      <Operational>
        <VehicleType>
          <VehicleTypeCode>BUS</VehicleTypeCode>
          <Description>BUS</Description>
        </VehicleType>
      </Operational>
      <OperatingProfile>
        <RegularDayType>
          <DaysOfWeek>
            <Saturday />
          </DaysOfWeek>
        </RegularDayType>
        <BankHolidayOperation>
          <DaysOfNonOperation>
            <AllBankHolidays />
          </DaysOfNonOperation>
        </BankHolidayOperation>
      </OperatingProfile>
      <VehicleJourneyCode>J48</VehicleJourneyCode>
      <ServiceRef>NW_02_ACY_1_2</ServiceRef>
      <LineRef>l_1_ACY</LineRef>
      <VehicleJourneyRef>J78</VehicleJourneyRef>
      <DepartureTime>14:20:00</DepartureTime>
    </VehicleJourney>
    <VehicleJourney>
      <PrivateCode>J49</PrivateCode>
      <Operational>
        <VehicleType>
          <VehicleTypeCode>BUS</VehicleTypeCode>
          <Description>BUS</Description>
        </VehicleType>
      </Operational>
      <OperatingProfile>
        <RegularDayType>
          <DaysOfWeek>
            <Saturday />
          </DaysOfWeek>
        </RegularDayType>
        <BankHolidayOperation>
          <DaysOfNonOperation>
            <AllBankHolidays />
          </DaysOfNonOperation>
        </BankHolidayOperation>
      </OperatingProfile>
      <VehicleJourneyCode>J49</VehicleJourneyCode>
      <ServiceRef>NW_02_ACY_1_2</ServiceRef>
      <LineRef>l_1_ACY</LineRef>
      <VehicleJourneyRef>J78</VehicleJourneyRef>
      <DepartureTime>14:40:00</DepartureTime>
    </VehicleJourney>
    <VehicleJourney>
      <PrivateCode>J50</PrivateCode>
      <Operational>
        <VehicleType>
          <VehicleTypeCode>BUS</VehicleTypeCode>
          <Description>BUS</Description>
        </VehicleType>
      </Operational>
      <OperatingProfile>
        <RegularDayType>
          <DaysOfWeek>
            <Saturday />
          </DaysOfWeek>
        </RegularDayType>
        <BankHolidayOperation>
          <DaysOfNonOperation>
            <AllBankHolidays />
          </DaysOfNonOperation>
        </BankHolidayOperation>
      </OperatingProfile>
      <VehicleJourneyCode>J50</VehicleJourneyCode>
      <ServiceRef>NW_02_ACY_1_2</ServiceRef>
      <LineRef>l_1_ACY</LineRef>
      <VehicleJourneyRef>J78</VehicleJourneyRef>
      <DepartureTime>15:00:00</DepartureTime>
    </VehicleJourney>
    <VehicleJourney>
      <PrivateCode>J51</PrivateCode>
      <Operational>
        <VehicleType>
          <VehicleTypeCode>BUS</VehicleTypeCode>
          <Description>BUS</Description>
        </VehicleType>
      </Operational>
      <OperatingProfile>
        <RegularDayType>
          <DaysOfWeek>
            <Saturday />
          </DaysOfWeek>
        </RegularDayType>
        <BankHolidayOperation>
          <DaysOfNonOperation>
            <AllBankHolidays />
          </DaysOfNonOperation>
        </BankHolidayOperation>
      </OperatingProfile>
      <VehicleJourneyCode>J51</VehicleJourneyCode>
      <ServiceRef>NW_02_ACY_1_2</ServiceRef>
      <LineRef>l_1_ACY</LineRef>
      <VehicleJourneyRef>J78</VehicleJourneyRef>
      <DepartureTime>15:30:00</DepartureTime>
    </VehicleJourney>
    <VehicleJourney>
      <PrivateCode>J52</PrivateCode>
      <Operational>
        <VehicleType>
          <VehicleTypeCode>BUS</VehicleTypeCode>
          <Description>BUS</Description>
        </VehicleType>
      </Operational>
      <OperatingProfile>
        <RegularDayType>
          <DaysOfWeek>
            <Saturday />
          </DaysOfWeek>
        </RegularDayType>
        <BankHolidayOperation>
          <DaysOfNonOperation>
            <AllBankHolidays />
          </DaysOfNonOperation>
        </BankHolidayOperation>
      </OperatingProfile>
      <VehicleJourneyCode>J52</VehicleJourneyCode>
      <ServiceRef>NW_02_ACY_1_2</ServiceRef>
      <LineRef>l_1_ACY</LineRef>
      <VehicleJourneyRef>J78</VehicleJourneyRef>
      <DepartureTime>15:50:00</DepartureTime>
    </VehicleJourney>
    <VehicleJourney>
      <PrivateCode>J53</PrivateCode>
      <Operational>
        <VehicleType>
          <VehicleTypeCode>BUS</VehicleTypeCode>
          <Description>BUS</Description>
        </VehicleType>
      </Operational>
      <OperatingProfile>
        <RegularDayType>
          <DaysOfWeek>
            <Saturday />
          </DaysOfWeek>
        </RegularDayType>
        <BankHolidayOperation>
          <DaysOfNonOperation>
            <AllBankHolidays />
          </DaysOfNonOperation>
        </BankHolidayOperation>
      </OperatingProfile>
      <VehicleJourneyCode>J53</VehicleJourneyCode>
      <ServiceRef>NW_02_ACY_1_2</ServiceRef>
      <LineRef>l_1_ACY</LineRef>
      <VehicleJourneyRef>J78</VehicleJourneyRef>
      <DepartureTime>16:10:00</DepartureTime>
    </VehicleJourney>
    <VehicleJourney>
      <PrivateCode>J54</PrivateCode>
      <Operational>
        <VehicleType>
          <VehicleTypeCode>BUS</VehicleTypeCode>
          <Description>BUS</Description>
        </VehicleType>
      </Operational>
      <OperatingProfile>
        <RegularDayType>
          <DaysOfWeek>
            <Saturday />
          </DaysOfWeek>
        </RegularDayType>
        <BankHolidayOperation>
          <DaysOfNonOperation>
            <AllBankHolidays />
          </DaysOfNonOperation>
        </BankHolidayOperation>
      </OperatingProfile>
      <VehicleJourneyCode>J54</VehicleJourneyCode>
      <ServiceRef>NW_02_ACY_1_2</ServiceRef>
      <LineRef>l_1_ACY</LineRef>
      <VehicleJourneyRef>J78</VehicleJourneyRef>
      <DepartureTime>16:40:00</DepartureTime>
    </VehicleJourney>
    <VehicleJourney>
      <PrivateCode>J55</PrivateCode>
      <Operational>
        <VehicleType>
          <VehicleTypeCode>BUS</VehicleTypeCode>
          <Description>BUS</Description>
        </VehicleType>
      </Operational>
      <OperatingProfile>
        <RegularDayType>
          <DaysOfWeek>
            <Saturday />
          </DaysOfWeek>
        </RegularDayType>
        <BankHolidayOperation>
          <DaysOfNonOperation>
            <AllBankHolidays />
          </DaysOfNonOperation>
        </BankHolidayOperation>
      </OperatingProfile>
      <VehicleJourneyCode>J55</VehicleJourneyCode>
      <ServiceRef>NW_02_ACY_1_2</ServiceRef>
      <LineRef>l_1_ACY</LineRef>
      <VehicleJourneyRef>J78</VehicleJourneyRef>
      <DepartureTime>17:00:00</DepartureTime>
    </VehicleJourney>
    <VehicleJourney>
      <PrivateCode>J56</PrivateCode>
      <Operational>
        <VehicleType>
          <VehicleTypeCode>BUS</VehicleTypeCode>
          <Description>BUS</Description>
        </VehicleType>
      </Operational>
      <OperatingProfile>
        <RegularDayType>
          <DaysOfWeek>
            <Saturday />
          </DaysOfWeek>
        </RegularDayType>
        <BankHolidayOperation>
          <DaysOfNonOperation>
            <AllBankHolidays />
          </DaysOfNonOperation>
        </BankHolidayOperation>
      </OperatingProfile>
      <VehicleJourneyCode>J56</VehicleJourneyCode>
      <ServiceRef>NW_02_ACY_1_2</ServiceRef>
      <LineRef>l_1_ACY</LineRef>
      <VehicleJourneyRef>J78</VehicleJourneyRef>
      <DepartureTime>17:20:00</DepartureTime>
    </VehicleJourney>
    <VehicleJourney>
      <PrivateCode>J57</PrivateCode>
      <Operational>
        <VehicleType>
          <VehicleTypeCode>BUS</VehicleTypeCode>
          <Description>BUS</Description>
        </VehicleType>
      </Operational>
      <OperatingProfile>
        <RegularDayType>
          <DaysOfWeek>
            <Saturday />
          </DaysOfWeek>
        </RegularDayType>
        <BankHolidayOperation>
          <DaysOfNonOperation>
            <AllBankHolidays />
          </DaysOfNonOperation>
        </BankHolidayOperation>
      </OperatingProfile>
      <VehicleJourneyCode>J57</VehicleJourneyCode>
      <ServiceRef>NW_02_ACY_1_2</ServiceRef>
      <LineRef>l_1_ACY</LineRef>
      <VehicleJourneyRef>J78</VehicleJourneyRef>
      <DepartureTime>17:50:00</DepartureTime>
    </VehicleJourney>
    <VehicleJourney>
      <PrivateCode>J58</PrivateCode>
      <Operational>
        <VehicleType>
          <VehicleTypeCode>BUS</VehicleTypeCode>
          <Description>BUS</Description>
        </VehicleType>
      </Operational>
      <OperatingProfile>
        <RegularDayType>
          <DaysOfWeek>
            <Saturday />
          </DaysOfWeek>
        </RegularDayType>
        <BankHolidayOperation>
          <DaysOfNonOperation>
            <AllBankHolidays />
          </DaysOfNonOperation>
        </BankHolidayOperation>
      </OperatingProfile>
      <VehicleJourneyCode>J58</VehicleJourneyCode>
      <ServiceRef>NW_02_ACY_1_2</ServiceRef>
      <LineRef>l_1_ACY</LineRef>
      <VehicleJourneyRef>J78</VehicleJourneyRef>
      <DepartureTime>18:20:00</DepartureTime>
    </VehicleJourney>
    <VehicleJourney>
      <PrivateCode>J59</PrivateCode>
      <Operational>
        <VehicleType>
          <VehicleTypeCode>BUS</VehicleTypeCode>
          <Description>BUS</Description>
        </VehicleType>
      </Operational>
      <OperatingProfile>
        <RegularDayType>
          <DaysOfWeek>
            <Saturday />
          </DaysOfWeek>
        </RegularDayType>
        <BankHolidayOperation>
          <DaysOfNonOperation>
            <AllBankHolidays />
          </DaysOfNonOperation>
        </BankHolidayOperation>
      </OperatingProfile>
      <VehicleJourneyCode>J59</VehicleJourneyCode>
      <ServiceRef>NW_02_ACY_1_2</ServiceRef>
      <LineRef>l_1_ACY</LineRef>
      <VehicleJourneyRef>J78</VehicleJourneyRef>
      <DepartureTime>19:00:00</DepartureTime>
    </VehicleJourney>
    <VehicleJourney>
      <PrivateCode>J60</PrivateCode>
      <Operational>
        <VehicleType>
          <VehicleTypeCode>BUS</VehicleTypeCode>
          <Description>BUS</Description>
        </VehicleType>
      </Operational>
      <OperatingProfile>
        <RegularDayType>
          <DaysOfWeek>
            <Sunday />
          </DaysOfWeek>
        </RegularDayType>
        <BankHolidayOperation>
          <DaysOfNonOperation>
            <AllBankHolidays />
          </DaysOfNonOperation>
        </BankHolidayOperation>
      </OperatingProfile>
      <VehicleJourneyCode>J60</VehicleJourneyCode>
      <ServiceRef>NW_02_ACY_1_2</ServiceRef>
      <LineRef>l_1_ACY</LineRef>
      <VehicleJourneyRef>J78</VehicleJourneyRef>
      <DepartureTime>09:00:00</DepartureTime>
    </VehicleJourney>
    <VehicleJourney>
      <PrivateCode>J61</PrivateCode>
      <Operational>
        <VehicleType>
          <VehicleTypeCode>BUS</VehicleTypeCode>
          <Description>BUS</Description>
        </VehicleType>
      </Operational>
      <OperatingProfile>
        <RegularDayType>
          <DaysOfWeek>
            <Sunday />
          </DaysOfWeek>
        </RegularDayType>
        <BankHolidayOperation>
          <DaysOfNonOperation>
            <AllBankHolidays />
          </DaysOfNonOperation>
        </BankHolidayOperation>
      </OperatingProfile>
      <VehicleJourneyCode>J61</VehicleJourneyCode>
      <ServiceRef>NW_02_ACY_1_2</ServiceRef>
      <LineRef>l_1_ACY</LineRef>
      <VehicleJourneyRef>J78</VehicleJourneyRef>
      <DepartureTime>09:30:00</DepartureTime>
    </VehicleJourney>
    <VehicleJourney>
      <PrivateCode>J62</PrivateCode>
      <Operational>
        <VehicleType>
          <VehicleTypeCode>BUS</VehicleTypeCode>
          <Description>BUS</Description>
        </VehicleType>
      </Operational>
      <OperatingProfile>
        <RegularDayType>
          <DaysOfWeek>
            <Sunday />
          </DaysOfWeek>
        </RegularDayType>
        <BankHolidayOperation>
          <DaysOfNonOperation>
            <AllBankHolidays />
          </DaysOfNonOperation>
        </BankHolidayOperation>
      </OperatingProfile>
      <VehicleJourneyCode>J62</VehicleJourneyCode>
      <ServiceRef>NW_02_ACY_1_2</ServiceRef>
      <LineRef>l_1_ACY</LineRef>
      <VehicleJourneyRef>J78</VehicleJourneyRef>
      <DepartureTime>10:00:00</DepartureTime>
    </VehicleJourney>
    <VehicleJourney>
      <PrivateCode>J63</PrivateCode>
      <Operational>
        <VehicleType>
          <VehicleTypeCode>BUS</VehicleTypeCode>
          <Description>BUS</Description>
        </VehicleType>
      </Operational>
      <OperatingProfile>
        <RegularDayType>
          <DaysOfWeek>
            <Sunday />
          </DaysOfWeek>
        </RegularDayType>
        <BankHolidayOperation>
          <DaysOfNonOperation>
            <AllBankHolidays />
          </DaysOfNonOperation>
        </BankHolidayOperation>
      </OperatingProfile>
      <VehicleJourneyCode>J63</VehicleJourneyCode>
      <ServiceRef>NW_02_ACY_1_2</ServiceRef>
      <LineRef>l_1_ACY</LineRef>
      <VehicleJourneyRef>J78</VehicleJourneyRef>
      <DepartureTime>10:30:00</DepartureTime>
    </VehicleJourney>
    <VehicleJourney>
      <PrivateCode>J64</PrivateCode>
      <Operational>
        <VehicleType>
          <VehicleTypeCode>BUS</VehicleTypeCode>
          <Description>BUS</Description>
        </VehicleType>
      </Operational>
      <OperatingProfile>
        <RegularDayType>
          <DaysOfWeek>
            <Sunday />
          </DaysOfWeek>
        </RegularDayType>
        <BankHolidayOperation>
          <DaysOfNonOperation>
            <AllBankHolidays />
          </DaysOfNonOperation>
        </BankHolidayOperation>
      </OperatingProfile>
      <VehicleJourneyCode>J64</VehicleJourneyCode>
      <ServiceRef>NW_02_ACY_1_2</ServiceRef>
      <LineRef>l_1_ACY</LineRef>
      <VehicleJourneyRef>J78</VehicleJourneyRef>
      <DepartureTime>11:00:00</DepartureTime>
    </VehicleJourney>
    <VehicleJourney>
      <PrivateCode>J65</PrivateCode>
      <Operational>
        <VehicleType>
          <VehicleTypeCode>BUS</VehicleTypeCode>
          <Description>BUS</Description>
        </VehicleType>
      </Operational>
      <OperatingProfile>
        <RegularDayType>
          <DaysOfWeek>
            <Sunday />
          </DaysOfWeek>
        </RegularDayType>
        <BankHolidayOperation>
          <DaysOfNonOperation>
            <AllBankHolidays />
          </DaysOfNonOperation>
        </BankHolidayOperation>
      </OperatingProfile>
      <VehicleJourneyCode>J65</VehicleJourneyCode>
      <ServiceRef>NW_02_ACY_1_2</ServiceRef>
      <LineRef>l_1_ACY</LineRef>
      <VehicleJourneyRef>J78</VehicleJourneyRef>
      <DepartureTime>11:20:00</DepartureTime>
    </VehicleJourney>
    <VehicleJourney>
      <PrivateCode>J66</PrivateCode>
      <Operational>
        <VehicleType>
          <VehicleTypeCode>BUS</VehicleTypeCode>
          <Description>BUS</Description>
        </VehicleType>
      </Operational>
      <OperatingProfile>
        <RegularDayType>
          <DaysOfWeek>
            <Sunday />
          </DaysOfWeek>
        </RegularDayType>
        <BankHolidayOperation>
          <DaysOfNonOperation>
            <AllBankHolidays />
          </DaysOfNonOperation>
        </BankHolidayOperation>
      </OperatingProfile>
      <VehicleJourneyCode>J66</VehicleJourneyCode>
      <ServiceRef>NW_02_ACY_1_2</ServiceRef>
      <LineRef>l_1_ACY</LineRef>
      <VehicleJourneyRef>J78</VehicleJourneyRef>
      <DepartureTime>12:00:00</DepartureTime>
    </VehicleJourney>
    <VehicleJourney>
      <PrivateCode>J67</PrivateCode>
      <Operational>
        <VehicleType>
          <VehicleTypeCode>BUS</VehicleTypeCode>
          <Description>BUS</Description>
        </VehicleType>
      </Operational>
      <OperatingProfile>
        <RegularDayType>
          <DaysOfWeek>
            <Sunday />
          </DaysOfWeek>
        </RegularDayType>
        <BankHolidayOperation>
          <DaysOfNonOperation>
            <AllBankHolidays />
          </DaysOfNonOperation>
        </BankHolidayOperation>
      </OperatingProfile>
      <VehicleJourneyCode>J67</VehicleJourneyCode>
      <ServiceRef>NW_02_ACY_1_2</ServiceRef>
      <LineRef>l_1_ACY</LineRef>
      <VehicleJourneyRef>J78</VehicleJourneyRef>
      <DepartureTime>12:20:00</DepartureTime>
    </VehicleJourney>
    <VehicleJourney>
      <PrivateCode>J68</PrivateCode>
      <Operational>
        <VehicleType>
          <VehicleTypeCode>BUS</VehicleTypeCode>
          <Description>BUS</Description>
        </VehicleType>
      </Operational>
      <OperatingProfile>
        <RegularDayType>
          <DaysOfWeek>
            <Sunday />
          </DaysOfWeek>
        </RegularDayType>
        <BankHolidayOperation>
          <DaysOfNonOperation>
            <AllBankHolidays />
          </DaysOfNonOperation>
        </BankHolidayOperation>
      </OperatingProfile>
      <VehicleJourneyCode>J68</VehicleJourneyCode>
      <ServiceRef>NW_02_ACY_1_2</ServiceRef>
      <LineRef>l_1_ACY</LineRef>
      <VehicleJourneyRef>J78</VehicleJourneyRef>
      <DepartureTime>13:00:00</DepartureTime>
    </VehicleJourney>
    <VehicleJourney>
      <PrivateCode>J69</PrivateCode>
      <Operational>
        <VehicleType>
          <VehicleTypeCode>BUS</VehicleTypeCode>
          <Description>BUS</Description>
        </VehicleType>
      </Operational>
      <OperatingProfile>
        <RegularDayType>
          <DaysOfWeek>
            <Sunday />
          </DaysOfWeek>
        </RegularDayType>
        <BankHolidayOperation>
          <DaysOfNonOperation>
            <AllBankHolidays />
          </DaysOfNonOperation>
        </BankHolidayOperation>
      </OperatingProfile>
      <VehicleJourneyCode>J69</VehicleJourneyCode>
      <ServiceRef>NW_02_ACY_1_2</ServiceRef>
      <LineRef>l_1_ACY</LineRef>
      <VehicleJourneyRef>J78</VehicleJourneyRef>
      <DepartureTime>13:20:00</DepartureTime>
    </VehicleJourney>
    <VehicleJourney>
      <PrivateCode>J70</PrivateCode>
      <Operational>
        <VehicleType>
          <VehicleTypeCode>BUS</VehicleTypeCode>
          <Description>BUS</Description>
        </VehicleType>
      </Operational>
      <OperatingProfile>
        <RegularDayType>
          <DaysOfWeek>
            <Sunday />
          </DaysOfWeek>
        </RegularDayType>
        <BankHolidayOperation>
          <DaysOfNonOperation>
            <AllBankHolidays />
          </DaysOfNonOperation>
        </BankHolidayOperation>
      </OperatingProfile>
      <VehicleJourneyCode>J70</VehicleJourneyCode>
      <ServiceRef>NW_02_ACY_1_2</ServiceRef>
      <LineRef>l_1_ACY</LineRef>
      <VehicleJourneyRef>J78</VehicleJourneyRef>
      <DepartureTime>14:00:00</DepartureTime>
    </VehicleJourney>
    <VehicleJourney>
      <PrivateCode>J71</PrivateCode>
      <Operational>
        <VehicleType>
          <VehicleTypeCode>BUS</VehicleTypeCode>
          <Description>BUS</Description>
        </VehicleType>
      </Operational>
      <OperatingProfile>
        <RegularDayType>
          <DaysOfWeek>
            <Sunday />
          </DaysOfWeek>
        </RegularDayType>
        <BankHolidayOperation>
          <DaysOfNonOperation>
            <AllBankHolidays />
          </DaysOfNonOperation>
        </BankHolidayOperation>
      </OperatingProfile>
      <VehicleJourneyCode>J71</VehicleJourneyCode>
      <ServiceRef>NW_02_ACY_1_2</ServiceRef>
      <LineRef>l_1_ACY</LineRef>
      <VehicleJourneyRef>J78</VehicleJourneyRef>
      <DepartureTime>14:20:00</DepartureTime>
    </VehicleJourney>
    <VehicleJourney>
      <PrivateCode>J72</PrivateCode>
      <Operational>
        <VehicleType>
          <VehicleTypeCode>BUS</VehicleTypeCode>
          <Description>BUS</Description>
        </VehicleType>
      </Operational>
      <OperatingProfile>
        <RegularDayType>
          <DaysOfWeek>
            <Sunday />
          </DaysOfWeek>
        </RegularDayType>
        <BankHolidayOperation>
          <DaysOfNonOperation>
            <AllBankHolidays />
          </DaysOfNonOperation>
        </BankHolidayOperation>
      </OperatingProfile>
      <VehicleJourneyCode>J72</VehicleJourneyCode>
      <ServiceRef>NW_02_ACY_1_2</ServiceRef>
      <LineRef>l_1_ACY</LineRef>
      <VehicleJourneyRef>J78</VehicleJourneyRef>
      <DepartureTime>15:00:00</DepartureTime>
    </VehicleJourney>
    <VehicleJourney>
      <PrivateCode>J73</PrivateCode>
      <Operational>
        <VehicleType>
          <VehicleTypeCode>BUS</VehicleTypeCode>
          <Description>BUS</Description>
        </VehicleType>
      </Operational>
      <OperatingProfile>
        <RegularDayType>
          <DaysOfWeek>
            <Sunday />
          </DaysOfWeek>
        </RegularDayType>
        <BankHolidayOperation>
          <DaysOfNonOperation>
            <AllBankHolidays />
          </DaysOfNonOperation>
        </BankHolidayOperation>
      </OperatingProfile>
      <VehicleJourneyCode>J73</VehicleJourneyCode>
      <ServiceRef>NW_02_ACY_1_2</ServiceRef>
      <LineRef>l_1_ACY</LineRef>
      <VehicleJourneyRef>J78</VehicleJourneyRef>
      <DepartureTime>15:20:00</DepartureTime>
    </VehicleJourney>
    <VehicleJourney>
      <PrivateCode>J74</PrivateCode>
      <Operational>
        <VehicleType>
          <VehicleTypeCode>BUS</VehicleTypeCode>
          <Description>BUS</Description>
        </VehicleType>
      </Operational>
      <OperatingProfile>
        <RegularDayType>
          <DaysOfWeek>
            <Sunday />
          </DaysOfWeek>
        </RegularDayType>
        <BankHolidayOperation>
          <DaysOfNonOperation>
            <AllBankHolidays />
          </DaysOfNonOperation>
        </BankHolidayOperation>
      </OperatingProfile>
      <VehicleJourneyCode>J74</VehicleJourneyCode>
      <ServiceRef>NW_02_ACY_1_2</ServiceRef>
      <LineRef>l_1_ACY</LineRef>
      <VehicleJourneyRef>J78</VehicleJourneyRef>
      <DepartureTime>16:00:00</DepartureTime>
    </VehicleJourney>
    <VehicleJourney>
      <PrivateCode>J75</PrivateCode>
      <Operational>
        <VehicleType>
          <VehicleTypeCode>BUS</VehicleTypeCode>
          <Description>BUS</Description>
        </VehicleType>
      </Operational>
      <OperatingProfile>
        <RegularDayType>
          <DaysOfWeek>
            <Sunday />
          </DaysOfWeek>
        </RegularDayType>
        <BankHolidayOperation>
          <DaysOfNonOperation>
            <AllBankHolidays />
          </DaysOfNonOperation>
        </BankHolidayOperation>
      </OperatingProfile>
      <VehicleJourneyCode>J75</VehicleJourneyCode>
      <ServiceRef>NW_02_ACY_1_2</ServiceRef>
      <LineRef>l_1_ACY</LineRef>
      <VehicleJourneyRef>J78</VehicleJourneyRef>
      <DepartureTime>16:30:00</DepartureTime>
    </VehicleJourney>
    <VehicleJourney>
      <PrivateCode>J76</PrivateCode>
      <Operational>
        <VehicleType>
          <VehicleTypeCode>BUS</VehicleTypeCode>
          <Description>BUS</Description>
        </VehicleType>
      </Operational>
      <OperatingProfile>
        <RegularDayType>
          <DaysOfWeek>
            <Sunday />
          </DaysOfWeek>
        </RegularDayType>
        <BankHolidayOperation>
          <DaysOfNonOperation>
            <AllBankHolidays />
          </DaysOfNonOperation>
        </BankHolidayOperation>
      </OperatingProfile>
      <VehicleJourneyCode>J76</VehicleJourneyCode>
      <ServiceRef>NW_02_ACY_1_2</ServiceRef>
      <LineRef>l_1_ACY</LineRef>
      <VehicleJourneyRef>J78</VehicleJourneyRef>
      <DepartureTime>17:00:00</DepartureTime>
    </VehicleJourney>
    <VehicleJourney>
      <PrivateCode>J77</PrivateCode>
      <Operational>
        <VehicleType>
          <VehicleTypeCode>BUS</VehicleTypeCode>
          <Description>BUS</Description>
        </VehicleType>
      </Operational>
      <OperatingProfile>
        <RegularDayType>
          <DaysOfWeek>
            <Sunday />
          </DaysOfWeek>
        </RegularDayType>
        <BankHolidayOperation>
          <DaysOfNonOperation>
            <AllBankHolidays />
          </DaysOfNonOperation>
        </BankHolidayOperation>
      </OperatingProfile>
      <VehicleJourneyCode>J77</VehicleJourneyCode>
      <ServiceRef>NW_02_ACY_1_2</ServiceRef>
      <LineRef>l_1_ACY</LineRef>
      <VehicleJourneyRef>J78</VehicleJourneyRef>
      <DepartureTime>17:30:00</DepartureTime>
    </VehicleJourney>
  </VehicleJourneys>
</TransXChange>