<?xml version="1.0" encoding="utf-8"?>
<TransXChange xmlns:xsd="http://www.w3.org/2001/XMLSchema" xmlns:xsi="http://www.w3.org/2001/XMLSchema-instance" xsi:schemaLocation="http://www.transxchange.org.uk/ http://www.transxchange.org.uk/schema/2.1/TransXChange_general.xsd" CreationDateTime="2017-09-21T11:29:37.4720846+01:00" ModificationDateTime="2017-09-21T11:29:37.4720846+01:00" Modification="new" RevisionNumber="1" FileName="TXC.xml" SchemaVersion="2.1" RegistrationDocument="false" xmlns="http://www.transxchange.org.uk/">
  <StopPoints>
    <AnnotatedStopPointRef>
      <StopPointRef>0610VR0011</StopPointRef>
      <CommonName>Bexton Avenue</CommonName>
      <LocalityName>Winsford</LocalityName>
      <LocalityQualifier>Winsford</LocalityQualifier>
    </AnnotatedStopPointRef>
    <AnnotatedStopPointRef>
      <StopPointRef>0610VR0013</StopPointRef>
      <CommonName>Shops</CommonName>
      <LocalityName>Winsford</LocalityName>
      <LocalityQualifier>Winsford</LocalityQualifier>
    </AnnotatedStopPointRef>
    <AnnotatedStopPointRef>
      <StopPointRef>0610VR17920</StopPointRef>
      <CommonName>Denbigh Drive</CommonName>
      <LocalityName>Glebe Green</LocalityName>
      <LocalityQualifier>Winsford</LocalityQualifier>
    </AnnotatedStopPointRef>
    <AnnotatedStopPointRef>
      <StopPointRef>0610VR089</StopPointRef>
      <CommonName>Morrisons Distribution Centre</CommonName>
      <LocalityName>Wharton Green</LocalityName>
      <LocalityQualifier>Winsford</LocalityQualifier>
    </AnnotatedStopPointRef>
    <AnnotatedStopPointRef>
      <StopPointRef>0610VR088</StopPointRef>
      <CommonName>Morrisons Distribution Centre</CommonName>
      <LocalityName>Wharton Green</LocalityName>
      <LocalityQualifier>Winsford</LocalityQualifier>
    </AnnotatedStopPointRef>
    <AnnotatedStopPointRef>
      <StopPointRef>0610VR408A</StopPointRef>
      <CommonName>George &amp; Dragon PH</CommonName>
      <LocalityName>Over</LocalityName>
      <LocalityQualifier>Winsford</LocalityQualifier>
    </AnnotatedStopPointRef>
    <AnnotatedStopPointRef>
      <StopPointRef>0610VR411</StopPointRef>
      <CommonName>St John's Church</CommonName>
      <LocalityName>Over</LocalityName>
      <LocalityQualifier>Winsford</LocalityQualifier>
    </AnnotatedStopPointRef>
    <AnnotatedStopPointRef>
      <StopPointRef>0610VR0044</StopPointRef>
      <CommonName>Wolvesley Place</CommonName>
      <LocalityName>Glebe Green</LocalityName>
      <LocalityQualifier>Winsford</LocalityQualifier>
    </AnnotatedStopPointRef>
    <AnnotatedStopPointRef>
      <StopPointRef>0610VR0007</StopPointRef>
      <CommonName>Winsford Academy</CommonName>
      <LocalityName>Winsford</LocalityName>
      <LocalityQualifier>Winsford</LocalityQualifier>
    </AnnotatedStopPointRef>
    <AnnotatedStopPointRef>
      <StopPointRef>0610VR19039</StopPointRef>
      <CommonName>Chesterfield Close</CommonName>
      <LocalityName>Over</LocalityName>
      <LocalityQualifier>Winsford</LocalityQualifier>
    </AnnotatedStopPointRef>
    <AnnotatedStopPointRef>
      <StopPointRef>0610VR497</StopPointRef>
      <CommonName>Well Street</CommonName>
      <LocalityName>Winsford</LocalityName>
      <LocalityQualifier>Winsford</LocalityQualifier>
    </AnnotatedStopPointRef>
    <AnnotatedStopPointRef>
      <StopPointRef>0610VR0001</StopPointRef>
      <CommonName>Town Bridge</CommonName>
      <LocalityName>Winsford</LocalityName>
      <LocalityQualifier>Winsford</LocalityQualifier>
    </AnnotatedStopPointRef>
    <AnnotatedStopPointRef>
      <StopPointRef>0610VR0002</StopPointRef>
      <CommonName>Town Bridge</CommonName>
      <LocalityName>Winsford</LocalityName>
      <LocalityQualifier>Winsford</LocalityQualifier>
    </AnnotatedStopPointRef>
    <AnnotatedStopPointRef>
      <StopPointRef>0610VR0003</StopPointRef>
      <CommonName>Siddon Street</CommonName>
      <LocalityName>Winsford</LocalityName>
      <LocalityQualifier>Winsford</LocalityQualifier>
    </AnnotatedStopPointRef>
    <AnnotatedStopPointRef>
      <StopPointRef>0610VR0004</StopPointRef>
      <CommonName>Siddon Street</CommonName>
      <LocalityName>Winsford</LocalityName>
      <LocalityQualifier>Winsford</LocalityQualifier>
    </AnnotatedStopPointRef>
    <AnnotatedStopPointRef>
      <StopPointRef>0610VR1047</StopPointRef>
      <CommonName>Bowling Green Inn</CommonName>
      <LocalityName>Northwich</LocalityName>
      <LocalityQualifier>Northwich</LocalityQualifier>
    </AnnotatedStopPointRef>
    <AnnotatedStopPointRef>
      <StopPointRef>0610VR073</StopPointRef>
      <CommonName>Beehive Corner</CommonName>
      <LocalityName>Moulton</LocalityName>
      <LocalityQualifier>Moulton</LocalityQualifier>
    </AnnotatedStopPointRef>
    <AnnotatedStopPointRef>
      <StopPointRef>0610VR19047</StopPointRef>
      <CommonName>London Road</CommonName>
      <LocalityName>Mere Heath</LocalityName>
      <LocalityQualifier>Davenham</LocalityQualifier>
    </AnnotatedStopPointRef>
    <AnnotatedStopPointRef>
      <StopPointRef>0610VR19046</StopPointRef>
      <CommonName>Fairholme Road</CommonName>
      <LocalityName>Mere Heath</LocalityName>
      <LocalityQualifier>Davenham</LocalityQualifier>
    </AnnotatedStopPointRef>
    <AnnotatedStopPointRef>
      <StopPointRef>0610VR1046</StopPointRef>
      <CommonName>Bowling Green Inn</CommonName>
      <LocalityName>Northwich</LocalityName>
      <LocalityQualifier>Northwich</LocalityQualifier>
    </AnnotatedStopPointRef>
    <AnnotatedStopPointRef>
      <StopPointRef>0610VR19042</StopPointRef>
      <CommonName>Fairholme Road</CommonName>
      <LocalityName>Mere Heath</LocalityName>
      <LocalityQualifier>Davenham</LocalityQualifier>
    </AnnotatedStopPointRef>
    <AnnotatedStopPointRef>
      <StopPointRef>0610VR080</StopPointRef>
      <CommonName>Industrial Estate Roundabout</CommonName>
      <LocalityName>Wharton Green</LocalityName>
      <LocalityQualifier>Winsford</LocalityQualifier>
    </AnnotatedStopPointRef>
    <AnnotatedStopPointRef>
      <StopPointRef>0610VR081</StopPointRef>
      <CommonName>Industrial Estate Roundabout</CommonName>
      <LocalityName>Wharton Green</LocalityName>
      <LocalityQualifier>Winsford</LocalityQualifier>
    </AnnotatedStopPointRef>
    <AnnotatedStopPointRef>
      <StopPointRef>0610VR079</StopPointRef>
      <CommonName>Beehive Corner</CommonName>
      <LocalityName>Moulton</LocalityName>
      <LocalityQualifier>Moulton</LocalityQualifier>
    </AnnotatedStopPointRef>
    <AnnotatedStopPointRef>
      <StopPointRef>0610VR062</StopPointRef>
      <CommonName>Fountain Lane</CommonName>
      <LocalityName>Davenham</LocalityName>
      <LocalityQualifier>Northwich</LocalityQualifier>
    </AnnotatedStopPointRef>
    <AnnotatedStopPointRef>
      <StopPointRef>0610VR061</StopPointRef>
      <CommonName>Bull's Head</CommonName>
      <LocalityName>Davenham</LocalityName>
      <LocalityQualifier>Northwich</LocalityQualifier>
    </AnnotatedStopPointRef>
    <AnnotatedStopPointRef>
      <StopPointRef>0610VR060</StopPointRef>
      <CommonName>Green Lane</CommonName>
      <LocalityName>Davenham</LocalityName>
      <LocalityQualifier>Northwich</LocalityQualifier>
    </AnnotatedStopPointRef>
    <AnnotatedStopPointRef>
      <StopPointRef>0610VR17891</StopPointRef>
      <CommonName>The Elms</CommonName>
      <LocalityName>Leftwich</LocalityName>
      <LocalityQualifier>Northwich</LocalityQualifier>
    </AnnotatedStopPointRef>
    <AnnotatedStopPointRef>
      <StopPointRef>0610VR17893</StopPointRef>
      <CommonName>Old Post Office</CommonName>
      <LocalityName>Leftwich</LocalityName>
      <LocalityQualifier>Northwich</LocalityQualifier>
    </AnnotatedStopPointRef>
    <AnnotatedStopPointRef>
      <StopPointRef>0610VR17895</StopPointRef>
      <CommonName>Kingsley Drive</CommonName>
      <LocalityName>Leftwich</LocalityName>
      <LocalityQualifier>Northwich</LocalityQualifier>
    </AnnotatedStopPointRef>
    <AnnotatedStopPointRef>
      <StopPointRef>0610VR063</StopPointRef>
      <CommonName>Fountain Lane</CommonName>
      <LocalityName>Davenham</LocalityName>
      <LocalityQualifier>Northwich</LocalityQualifier>
    </AnnotatedStopPointRef>
    <AnnotatedStopPointRef>
      <StopPointRef>0610VR19048</StopPointRef>
      <CommonName>Green Lane</CommonName>
      <LocalityName>Davenham</LocalityName>
      <LocalityQualifier>Northwich</LocalityQualifier>
    </AnnotatedStopPointRef>
    <AnnotatedStopPointRef>
      <StopPointRef>0610VR064</StopPointRef>
      <CommonName>Jack Lane</CommonName>
      <LocalityName>Mere Heath</LocalityName>
      <LocalityQualifier>Davenham</LocalityQualifier>
    </AnnotatedStopPointRef>
    <AnnotatedStopPointRef>
      <StopPointRef>0610VR19070</StopPointRef>
      <CommonName>Woodpecker Drive</CommonName>
      <LocalityName>Leftwich</LocalityName>
      <LocalityQualifier>Northwich</LocalityQualifier>
    </AnnotatedStopPointRef>
    <AnnotatedStopPointRef>
      <StopPointRef>0610VR19093</StopPointRef>
      <CommonName>Whittington Gardens</CommonName>
      <LocalityName>Davenham</LocalityName>
      <LocalityQualifier>Northwich</LocalityQualifier>
    </AnnotatedStopPointRef>
    <AnnotatedStopPointRef>
      <StopPointRef>0610VR1044</StopPointRef>
      <CommonName>Railway Arch</CommonName>
      <LocalityName>Northwich</LocalityName>
      <LocalityQualifier>Northwich</LocalityQualifier>
    </AnnotatedStopPointRef>
    <AnnotatedStopPointRef>
      <StopPointRef>0610VR1045</StopPointRef>
      <CommonName>Railway Arch</CommonName>
      <LocalityName>Northwich</LocalityName>
      <LocalityQualifier>Northwich</LocalityQualifier>
    </AnnotatedStopPointRef>
    <AnnotatedStopPointRef>
      <StopPointRef>0610VR1048</StopPointRef>
      <CommonName>Lime Avenue</CommonName>
      <LocalityName>Leftwich</LocalityName>
      <LocalityQualifier>Northwich</LocalityQualifier>
    </AnnotatedStopPointRef>
    <AnnotatedStopPointRef>
      <StopPointRef>0610VR1049</StopPointRef>
      <CommonName>Old Hall Road</CommonName>
      <LocalityName>Leftwich</LocalityName>
      <LocalityQualifier>Northwich</LocalityQualifier>
    </AnnotatedStopPointRef>
    <AnnotatedStopPointRef>
      <StopPointRef>0610VR17897</StopPointRef>
      <CommonName>Kingsley Drive</CommonName>
      <LocalityName>Leftwich</LocalityName>
      <LocalityQualifier>Northwich</LocalityQualifier>
    </AnnotatedStopPointRef>
    <AnnotatedStopPointRef>
      <StopPointRef>0610VR141</StopPointRef>
      <CommonName>Whittington Gardens</CommonName>
      <LocalityName>Davenham</LocalityName>
      <LocalityQualifier>Northwich</LocalityQualifier>
    </AnnotatedStopPointRef>
    <AnnotatedStopPointRef>
      <StopPointRef>0610VR0043</StopPointRef>
      <CommonName>Playing Fields</CommonName>
      <LocalityName>Over</LocalityName>
      <LocalityQualifier>Winsford</LocalityQualifier>
    </AnnotatedStopPointRef>
    <AnnotatedStopPointRef>
      <StopPointRef>0610VR415</StopPointRef>
      <CommonName>Waitrose</CommonName>
      <LocalityName>Northwich</LocalityName>
      <LocalityQualifier>Northwich</LocalityQualifier>
    </AnnotatedStopPointRef>
    <AnnotatedStopPointRef>
      <StopPointRef>0610VR0034</StopPointRef>
      <CommonName>Over Square</CommonName>
      <LocalityName>Over</LocalityName>
      <LocalityQualifier>Winsford</LocalityQualifier>
    </AnnotatedStopPointRef>
    <AnnotatedStopPointRef>
      <StopPointRef>0610VR404</StopPointRef>
      <CommonName>Saxon Crossway</CommonName>
      <LocalityName>Winsford</LocalityName>
      <LocalityQualifier>Winsford</LocalityQualifier>
    </AnnotatedStopPointRef>
    <AnnotatedStopPointRef>
      <StopPointRef>0610VR410</StopPointRef>
      <CommonName>Delamere Street</CommonName>
      <LocalityName>Littler</LocalityName>
      <LocalityQualifier>Littler</LocalityQualifier>
    </AnnotatedStopPointRef>
    <AnnotatedStopPointRef>
      <StopPointRef>0610VR196</StopPointRef>
      <CommonName>Interchange</CommonName>
      <LocalityName>Northwich</LocalityName>
      <LocalityQualifier>Northwich</LocalityQualifier>
    </AnnotatedStopPointRef>
    <AnnotatedStopPointRef>
      <StopPointRef>0610VR0037A</StopPointRef>
      <CommonName>Arkwright Close</CommonName>
      <LocalityName>Over</LocalityName>
      <LocalityQualifier>Winsford</LocalityQualifier>
    </AnnotatedStopPointRef>
    <AnnotatedStopPointRef>
      <StopPointRef>0610VR0038</StopPointRef>
      <CommonName>St Johns Drive</CommonName>
      <LocalityName>Over</LocalityName>
      <LocalityQualifier>Winsford</LocalityQualifier>
    </AnnotatedStopPointRef>
    <AnnotatedStopPointRef>
      <StopPointRef>0610VR19001</StopPointRef>
      <CommonName>Cambridge Avenue</CommonName>
      <LocalityName>Over</LocalityName>
      <LocalityQualifier>Winsford</LocalityQualifier>
    </AnnotatedStopPointRef>
    <AnnotatedStopPointRef>
      <StopPointRef>0610VR19003</StopPointRef>
      <CommonName>St Johns Gardens</CommonName>
      <LocalityName>Over</LocalityName>
      <LocalityQualifier>Winsford</LocalityQualifier>
    </AnnotatedStopPointRef>
    <AnnotatedStopPointRef>
      <StopPointRef>0610VR19043</StopPointRef>
      <CommonName>Wharton Gardens</CommonName>
      <LocalityName>Wharton</LocalityName>
      <LocalityQualifier>Winsford</LocalityQualifier>
    </AnnotatedStopPointRef>
    <AnnotatedStopPointRef>
      <StopPointRef>0610VR327</StopPointRef>
      <CommonName>Ledward Street</CommonName>
      <LocalityName>Wharton</LocalityName>
      <LocalityQualifier>Winsford</LocalityQualifier>
    </AnnotatedStopPointRef>
    <AnnotatedStopPointRef>
      <StopPointRef>0610VR328</StopPointRef>
      <CommonName>Wesley Court</CommonName>
      <LocalityName>Wharton</LocalityName>
      <LocalityQualifier>Winsford</LocalityQualifier>
    </AnnotatedStopPointRef>
    <AnnotatedStopPointRef>
      <StopPointRef>0610VR090</StopPointRef>
      <CommonName>Wharton Gardens</CommonName>
      <LocalityName>Wharton</LocalityName>
      <LocalityQualifier>Winsford</LocalityQualifier>
    </AnnotatedStopPointRef>
    <AnnotatedStopPointRef>
      <StopPointRef>0610VR0005</StopPointRef>
      <CommonName>Library</CommonName>
      <LocalityName>Winsford</LocalityName>
      <LocalityQualifier>Winsford</LocalityQualifier>
    </AnnotatedStopPointRef>
    <AnnotatedStopPointRef>
      <StopPointRef>0610VR0006</StopPointRef>
      <CommonName>Guildhall</CommonName>
      <LocalityName>Winsford</LocalityName>
      <LocalityQualifier>Winsford</LocalityQualifier>
    </AnnotatedStopPointRef>
  </StopPoints>
  <JourneyPatternSections>
    <JourneyPatternSection id="JPSection-1">
      <JourneyPatternTimingLink id="JPSection-1-SEC4-POS31">
        <From>
          <Activity>pickUp</Activity>
          <StopPointRef>0610VR19003</StopPointRef>
          <TimingStatus>PTP</TimingStatus>
        </From>
        <To>
          <Activity>pickUpAndSetDown</Activity>
          <StopPointRef>0610VR0038</StopPointRef>
          <TimingStatus>OTH</TimingStatus>
        </To>
        <RunTime>PT0M</RunTime>
      </JourneyPatternTimingLink>
      <JourneyPatternTimingLink id="JPSection-1-SEC4-POS32">
        <From>
          <Activity>pickUpAndSetDown</Activity>
          <StopPointRef>0610VR0038</StopPointRef>
          <TimingStatus>OTH</TimingStatus>
        </From>
        <To>
          <Activity>pickUpAndSetDown</Activity>
          <StopPointRef>0610VR0037A</StopPointRef>
          <TimingStatus>OTH</TimingStatus>
        </To>
        <RunTime>PT1M</RunTime>
      </JourneyPatternTimingLink>
      <JourneyPatternTimingLink id="JPSection-1-SEC4-POS33">
        <From>
          <Activity>pickUpAndSetDown</Activity>
          <StopPointRef>0610VR0037A</StopPointRef>
          <TimingStatus>OTH</TimingStatus>
        </From>
        <To>
          <Activity>pickUpAndSetDown</Activity>
          <StopPointRef>0610VR408A</StopPointRef>
          <TimingStatus>OTH</TimingStatus>
        </To>
        <RunTime>PT1M</RunTime>
      </JourneyPatternTimingLink>
      <JourneyPatternTimingLink id="JPSection-1-SEC4-POS34">
        <From>
          <Activity>pickUpAndSetDown</Activity>
          <StopPointRef>0610VR408A</StopPointRef>
          <TimingStatus>OTH</TimingStatus>
        </From>
        <To>
          <Activity>pickUpAndSetDown</Activity>
          <StopPointRef>0610VR411</StopPointRef>
          <TimingStatus>OTH</TimingStatus>
        </To>
        <RunTime>PT0M</RunTime>
      </JourneyPatternTimingLink>
      <JourneyPatternTimingLink id="JPSection-1-SEC4-POS35">
        <From>
          <Activity>pickUpAndSetDown</Activity>
          <StopPointRef>0610VR411</StopPointRef>
          <TimingStatus>OTH</TimingStatus>
        </From>
        <To>
          <Activity>pickUpAndSetDown</Activity>
          <StopPointRef>0610VR410</StopPointRef>
          <TimingStatus>OTH</TimingStatus>
        </To>
        <RunTime>PT1M</RunTime>
      </JourneyPatternTimingLink>
      <JourneyPatternTimingLink id="JPSection-1-SEC4-POS36">
        <From>
          <Activity>pickUpAndSetDown</Activity>
          <StopPointRef>0610VR410</StopPointRef>
          <TimingStatus>OTH</TimingStatus>
        </From>
        <To>
          <Activity>pickUpAndSetDown</Activity>
          <StopPointRef>0610VR0011</StopPointRef>
          <TimingStatus>PTP</TimingStatus>
        </To>
        <RunTime>PT1M</RunTime>
      </JourneyPatternTimingLink>
      <JourneyPatternTimingLink id="JPSection-1-SEC4-POS37">
        <From>
          <Activity>pickUpAndSetDown</Activity>
          <StopPointRef>0610VR0011</StopPointRef>
          <TimingStatus>PTP</TimingStatus>
        </From>
        <To>
          <Activity>pickUpAndSetDown</Activity>
          <StopPointRef>0610VR0013</StopPointRef>
          <TimingStatus>OTH</TimingStatus>
        </To>
        <RunTime>PT1M</RunTime>
      </JourneyPatternTimingLink>
      <JourneyPatternTimingLink id="JPSection-1-SEC4-POS38">
        <From>
          <Activity>pickUpAndSetDown</Activity>
          <StopPointRef>0610VR0013</StopPointRef>
          <TimingStatus>OTH</TimingStatus>
        </From>
        <To>
          <Activity>pickUpAndSetDown</Activity>
          <StopPointRef>0610VR404</StopPointRef>
          <TimingStatus>OTH</TimingStatus>
        </To>
        <RunTime>PT1M</RunTime>
      </JourneyPatternTimingLink>
      <JourneyPatternTimingLink id="JPSection-1-SEC4-POS39">
        <From>
          <Activity>pickUpAndSetDown</Activity>
          <StopPointRef>0610VR404</StopPointRef>
          <TimingStatus>OTH</TimingStatus>
        </From>
        <To>
          <Activity>pickUpAndSetDown</Activity>
          <StopPointRef>0610VR0007</StopPointRef>
          <TimingStatus>OTH</TimingStatus>
        </To>
        <RunTime>PT1M</RunTime>
      </JourneyPatternTimingLink>
      <JourneyPatternTimingLink id="JPSection-1-SEC4-POS40">
        <From>
          <Activity>pickUpAndSetDown</Activity>
          <StopPointRef>0610VR0007</StopPointRef>
          <TimingStatus>OTH</TimingStatus>
        </From>
        <To>
          <Activity>pickUpAndSetDown</Activity>
          <StopPointRef>0610VR0006</StopPointRef>
          <TimingStatus>PTP</TimingStatus>
        </To>
        <RunTime>PT2M</RunTime>
      </JourneyPatternTimingLink>
      <JourneyPatternTimingLink id="JPSection-1-SEC4-POS41">
        <From>
          <Activity>pickUpAndSetDown</Activity>
          <StopPointRef>0610VR0006</StopPointRef>
          <TimingStatus>PTP</TimingStatus>
        </From>
        <To>
          <Activity>pickUpAndSetDown</Activity>
          <StopPointRef>0610VR0004</StopPointRef>
          <TimingStatus>OTH</TimingStatus>
        </To>
        <RunTime>PT0M</RunTime>
      </JourneyPatternTimingLink>
      <JourneyPatternTimingLink id="JPSection-1-SEC4-POS42">
        <From>
          <Activity>pickUpAndSetDown</Activity>
          <StopPointRef>0610VR0004</StopPointRef>
          <TimingStatus>OTH</TimingStatus>
        </From>
        <To>
          <Activity>pickUpAndSetDown</Activity>
          <StopPointRef>0610VR0002</StopPointRef>
          <TimingStatus>OTH</TimingStatus>
        </To>
        <RunTime>PT1M</RunTime>
      </JourneyPatternTimingLink>
      <JourneyPatternTimingLink id="JPSection-1-SEC4-POS43">
        <From>
          <Activity>pickUpAndSetDown</Activity>
          <StopPointRef>0610VR0002</StopPointRef>
          <TimingStatus>OTH</TimingStatus>
        </From>
        <To>
          <Activity>pickUpAndSetDown</Activity>
          <StopPointRef>0610VR328</StopPointRef>
          <TimingStatus>OTH</TimingStatus>
        </To>
        <RunTime>PT1M</RunTime>
      </JourneyPatternTimingLink>
      <JourneyPatternTimingLink id="JPSection-1-SEC4-POS44">
        <From>
          <Activity>pickUpAndSetDown</Activity>
          <StopPointRef>0610VR328</StopPointRef>
          <TimingStatus>OTH</TimingStatus>
        </From>
        <To>
          <Activity>pickUpAndSetDown</Activity>
          <StopPointRef>0610VR090</StopPointRef>
          <TimingStatus>PTP</TimingStatus>
        </To>
        <RunTime>PT2M</RunTime>
      </JourneyPatternTimingLink>
      <JourneyPatternTimingLink id="JPSection-1-SEC4-POS45">
        <From>
          <Activity>pickUpAndSetDown</Activity>
          <StopPointRef>0610VR090</StopPointRef>
          <TimingStatus>PTP</TimingStatus>
        </From>
        <To>
          <Activity>pickUpAndSetDown</Activity>
          <StopPointRef>0610VR088</StopPointRef>
          <TimingStatus>OTH</TimingStatus>
        </To>
        <RunTime>PT0M</RunTime>
      </JourneyPatternTimingLink>
      <JourneyPatternTimingLink id="JPSection-1-SEC4-POS46">
        <From>
          <Activity>pickUpAndSetDown</Activity>
          <StopPointRef>0610VR088</StopPointRef>
          <TimingStatus>OTH</TimingStatus>
        </From>
        <To>
          <Activity>pickUpAndSetDown</Activity>
          <StopPointRef>0610VR080</StopPointRef>
          <TimingStatus>OTH</TimingStatus>
        </To>
        <RunTime>PT1M</RunTime>
      </JourneyPatternTimingLink>
      <JourneyPatternTimingLink id="JPSection-1-SEC4-POS47">
        <From>
          <Activity>pickUpAndSetDown</Activity>
          <StopPointRef>0610VR080</StopPointRef>
          <TimingStatus>OTH</TimingStatus>
        </From>
        <To>
          <Activity>pickUpAndSetDown</Activity>
          <StopPointRef>0610VR073</StopPointRef>
          <TimingStatus>PTP</TimingStatus>
        </To>
        <RunTime>PT3M</RunTime>
      </JourneyPatternTimingLink>
      <JourneyPatternTimingLink id="JPSection-1-SEC4-POS48">
        <From>
          <Activity>pickUpAndSetDown</Activity>
          <StopPointRef>0610VR073</StopPointRef>
          <TimingStatus>PTP</TimingStatus>
        </From>
        <To>
          <Activity>pickUpAndSetDown</Activity>
          <StopPointRef>0610VR19042</StopPointRef>
          <TimingStatus>OTH</TimingStatus>
        </To>
        <RunTime>PT0M</RunTime>
      </JourneyPatternTimingLink>
      <JourneyPatternTimingLink id="JPSection-1-SEC4-POS49">
        <From>
          <Activity>pickUpAndSetDown</Activity>
          <StopPointRef>0610VR19042</StopPointRef>
          <TimingStatus>OTH</TimingStatus>
        </From>
        <To>
          <Activity>pickUpAndSetDown</Activity>
          <StopPointRef>0610VR064</StopPointRef>
          <TimingStatus>OTH</TimingStatus>
        </To>
        <RunTime>PT0M</RunTime>
      </JourneyPatternTimingLink>
      <JourneyPatternTimingLink id="JPSection-1-SEC4-POS50">
        <From>
          <Activity>pickUpAndSetDown</Activity>
          <StopPointRef>0610VR064</StopPointRef>
          <TimingStatus>OTH</TimingStatus>
        </From>
        <To>
          <Activity>pickUpAndSetDown</Activity>
          <StopPointRef>0610VR19093</StopPointRef>
          <TimingStatus>OTH</TimingStatus>
        </To>
        <RunTime>PT1M</RunTime>
      </JourneyPatternTimingLink>
      <JourneyPatternTimingLink id="JPSection-1-SEC4-POS51">
        <From>
          <Activity>pickUpAndSetDown</Activity>
          <StopPointRef>0610VR19093</StopPointRef>
          <TimingStatus>OTH</TimingStatus>
        </From>
        <To>
          <Activity>pickUpAndSetDown</Activity>
          <StopPointRef>0610VR063</StopPointRef>
          <TimingStatus>OTH</TimingStatus>
        </To>
        <RunTime>PT0M</RunTime>
      </JourneyPatternTimingLink>
      <JourneyPatternTimingLink id="JPSection-1-SEC4-POS52">
        <From>
          <Activity>pickUpAndSetDown</Activity>
          <StopPointRef>0610VR063</StopPointRef>
          <TimingStatus>OTH</TimingStatus>
        </From>
        <To>
          <Activity>pickUpAndSetDown</Activity>
          <StopPointRef>0610VR060</StopPointRef>
          <TimingStatus>PTP</TimingStatus>
        </To>
        <RunTime>PT1M</RunTime>
      </JourneyPatternTimingLink>
      <JourneyPatternTimingLink id="JPSection-1-SEC4-POS53">
        <From>
          <Activity>pickUpAndSetDown</Activity>
          <StopPointRef>0610VR060</StopPointRef>
          <TimingStatus>PTP</TimingStatus>
        </From>
        <To>
          <Activity>pickUpAndSetDown</Activity>
          <StopPointRef>0610VR17891</StopPointRef>
          <TimingStatus>OTH</TimingStatus>
        </To>
        <RunTime>PT1M</RunTime>
      </JourneyPatternTimingLink>
    </JourneyPatternSection>
    <JourneyPatternSection id="JPSection-2">
      <JourneyPatternTimingLink id="JPSection-2-SEC4-POS31">
        <From>
          <Activity>pickUp</Activity>
          <StopPointRef>0610VR19003</StopPointRef>
          <TimingStatus>PTP</TimingStatus>
        </From>
        <To>
          <Activity>pickUpAndSetDown</Activity>
          <StopPointRef>0610VR0038</StopPointRef>
          <TimingStatus>OTH</TimingStatus>
        </To>
        <RunTime>PT0M</RunTime>
      </JourneyPatternTimingLink>
      <JourneyPatternTimingLink id="JPSection-2-SEC4-POS32">
        <From>
          <Activity>pickUpAndSetDown</Activity>
          <StopPointRef>0610VR0038</StopPointRef>
          <TimingStatus>OTH</TimingStatus>
        </From>
        <To>
          <Activity>pickUpAndSetDown</Activity>
          <StopPointRef>0610VR0037A</StopPointRef>
          <TimingStatus>OTH</TimingStatus>
        </To>
        <RunTime>PT1M</RunTime>
      </JourneyPatternTimingLink>
      <JourneyPatternTimingLink id="JPSection-2-SEC4-POS33">
        <From>
          <Activity>pickUpAndSetDown</Activity>
          <StopPointRef>0610VR0037A</StopPointRef>
          <TimingStatus>OTH</TimingStatus>
        </From>
        <To>
          <Activity>pickUpAndSetDown</Activity>
          <StopPointRef>0610VR408A</StopPointRef>
          <TimingStatus>OTH</TimingStatus>
        </To>
        <RunTime>PT1M</RunTime>
      </JourneyPatternTimingLink>
      <JourneyPatternTimingLink id="JPSection-2-SEC4-POS34">
        <From>
          <Activity>pickUpAndSetDown</Activity>
          <StopPointRef>0610VR408A</StopPointRef>
          <TimingStatus>OTH</TimingStatus>
        </From>
        <To>
          <Activity>pickUpAndSetDown</Activity>
          <StopPointRef>0610VR411</StopPointRef>
          <TimingStatus>OTH</TimingStatus>
        </To>
        <RunTime>PT0M</RunTime>
      </JourneyPatternTimingLink>
      <JourneyPatternTimingLink id="JPSection-2-SEC4-POS35">
        <From>
          <Activity>pickUpAndSetDown</Activity>
          <StopPointRef>0610VR411</StopPointRef>
          <TimingStatus>OTH</TimingStatus>
        </From>
        <To>
          <Activity>pickUpAndSetDown</Activity>
          <StopPointRef>0610VR410</StopPointRef>
          <TimingStatus>OTH</TimingStatus>
        </To>
        <RunTime>PT1M</RunTime>
      </JourneyPatternTimingLink>
      <JourneyPatternTimingLink id="JPSection-2-SEC4-POS36">
        <From>
          <Activity>pickUpAndSetDown</Activity>
          <StopPointRef>0610VR410</StopPointRef>
          <TimingStatus>OTH</TimingStatus>
        </From>
        <To>
          <Activity>pickUpAndSetDown</Activity>
          <StopPointRef>0610VR0011</StopPointRef>
          <TimingStatus>PTP</TimingStatus>
        </To>
        <RunTime>PT1M</RunTime>
      </JourneyPatternTimingLink>
      <JourneyPatternTimingLink id="JPSection-2-SEC4-POS37">
        <From>
          <Activity>pickUpAndSetDown</Activity>
          <StopPointRef>0610VR0011</StopPointRef>
          <TimingStatus>PTP</TimingStatus>
        </From>
        <To>
          <Activity>pickUpAndSetDown</Activity>
          <StopPointRef>0610VR0013</StopPointRef>
          <TimingStatus>OTH</TimingStatus>
        </To>
        <RunTime>PT1M</RunTime>
      </JourneyPatternTimingLink>
      <JourneyPatternTimingLink id="JPSection-2-SEC4-POS38">
        <From>
          <Activity>pickUpAndSetDown</Activity>
          <StopPointRef>0610VR0013</StopPointRef>
          <TimingStatus>OTH</TimingStatus>
        </From>
        <To>
          <Activity>pickUpAndSetDown</Activity>
          <StopPointRef>0610VR404</StopPointRef>
          <TimingStatus>OTH</TimingStatus>
        </To>
        <RunTime>PT1M</RunTime>
      </JourneyPatternTimingLink>
      <JourneyPatternTimingLink id="JPSection-2-SEC4-POS39">
        <From>
          <Activity>pickUpAndSetDown</Activity>
          <StopPointRef>0610VR404</StopPointRef>
          <TimingStatus>OTH</TimingStatus>
        </From>
        <To>
          <Activity>pickUpAndSetDown</Activity>
          <StopPointRef>0610VR0007</StopPointRef>
          <TimingStatus>OTH</TimingStatus>
        </To>
        <RunTime>PT1M</RunTime>
      </JourneyPatternTimingLink>
      <JourneyPatternTimingLink id="JPSection-2-SEC4-POS40">
        <From>
          <Activity>pickUpAndSetDown</Activity>
          <StopPointRef>0610VR0007</StopPointRef>
          <TimingStatus>OTH</TimingStatus>
        </From>
        <To>
          <Activity>pickUpAndSetDown</Activity>
          <StopPointRef>0610VR0006</StopPointRef>
          <TimingStatus>PTP</TimingStatus>
        </To>
        <RunTime>PT2M</RunTime>
      </JourneyPatternTimingLink>
      <JourneyPatternTimingLink id="JPSection-2-SEC4-POS41">
        <From>
          <Activity>pickUpAndSetDown</Activity>
          <StopPointRef>0610VR0006</StopPointRef>
          <TimingStatus>PTP</TimingStatus>
        </From>
        <To>
          <Activity>pickUpAndSetDown</Activity>
          <StopPointRef>0610VR0004</StopPointRef>
          <TimingStatus>OTH</TimingStatus>
        </To>
        <RunTime>PT0M</RunTime>
      </JourneyPatternTimingLink>
      <JourneyPatternTimingLink id="JPSection-2-SEC4-POS42">
        <From>
          <Activity>pickUpAndSetDown</Activity>
          <StopPointRef>0610VR0004</StopPointRef>
          <TimingStatus>OTH</TimingStatus>
        </From>
        <To>
          <Activity>pickUpAndSetDown</Activity>
          <StopPointRef>0610VR0002</StopPointRef>
          <TimingStatus>OTH</TimingStatus>
        </To>
        <RunTime>PT1M</RunTime>
      </JourneyPatternTimingLink>
      <JourneyPatternTimingLink id="JPSection-2-SEC4-POS43">
        <From>
          <Activity>pickUpAndSetDown</Activity>
          <StopPointRef>0610VR0002</StopPointRef>
          <TimingStatus>OTH</TimingStatus>
        </From>
        <To>
          <Activity>pickUpAndSetDown</Activity>
          <StopPointRef>0610VR328</StopPointRef>
          <TimingStatus>OTH</TimingStatus>
        </To>
        <RunTime>PT1M</RunTime>
      </JourneyPatternTimingLink>
      <JourneyPatternTimingLink id="JPSection-2-SEC4-POS44">
        <From>
          <Activity>pickUpAndSetDown</Activity>
          <StopPointRef>0610VR328</StopPointRef>
          <TimingStatus>OTH</TimingStatus>
        </From>
        <To>
          <Activity>pickUpAndSetDown</Activity>
          <StopPointRef>0610VR090</StopPointRef>
          <TimingStatus>PTP</TimingStatus>
        </To>
        <RunTime>PT2M</RunTime>
      </JourneyPatternTimingLink>
      <JourneyPatternTimingLink id="JPSection-2-SEC4-POS45">
        <From>
          <Activity>pickUpAndSetDown</Activity>
          <StopPointRef>0610VR090</StopPointRef>
          <TimingStatus>PTP</TimingStatus>
        </From>
        <To>
          <Activity>pickUpAndSetDown</Activity>
          <StopPointRef>0610VR088</StopPointRef>
          <TimingStatus>OTH</TimingStatus>
        </To>
        <RunTime>PT0M</RunTime>
      </JourneyPatternTimingLink>
      <JourneyPatternTimingLink id="JPSection-2-SEC4-POS46">
        <From>
          <Activity>pickUpAndSetDown</Activity>
          <StopPointRef>0610VR088</StopPointRef>
          <TimingStatus>OTH</TimingStatus>
        </From>
        <To>
          <Activity>pickUpAndSetDown</Activity>
          <StopPointRef>0610VR080</StopPointRef>
          <TimingStatus>OTH</TimingStatus>
        </To>
        <RunTime>PT1M</RunTime>
      </JourneyPatternTimingLink>
      <JourneyPatternTimingLink id="JPSection-2-SEC4-POS47">
        <From>
          <Activity>pickUpAndSetDown</Activity>
          <StopPointRef>0610VR080</StopPointRef>
          <TimingStatus>OTH</TimingStatus>
        </From>
        <To>
          <Activity>pickUpAndSetDown</Activity>
          <StopPointRef>0610VR073</StopPointRef>
          <TimingStatus>PTP</TimingStatus>
        </To>
        <RunTime>PT3M</RunTime>
      </JourneyPatternTimingLink>
      <JourneyPatternTimingLink id="JPSection-2-SEC4-POS48">
        <From>
          <Activity>pickUpAndSetDown</Activity>
          <StopPointRef>0610VR073</StopPointRef>
          <TimingStatus>PTP</TimingStatus>
        </From>
        <To>
          <Activity>pickUpAndSetDown</Activity>
          <StopPointRef>0610VR19042</StopPointRef>
          <TimingStatus>OTH</TimingStatus>
        </To>
        <RunTime>PT0M</RunTime>
      </JourneyPatternTimingLink>
      <JourneyPatternTimingLink id="JPSection-2-SEC4-POS49">
        <From>
          <Activity>pickUpAndSetDown</Activity>
          <StopPointRef>0610VR19042</StopPointRef>
          <TimingStatus>OTH</TimingStatus>
        </From>
        <To>
          <Activity>pickUpAndSetDown</Activity>
          <StopPointRef>0610VR064</StopPointRef>
          <TimingStatus>OTH</TimingStatus>
        </To>
        <RunTime>PT0M</RunTime>
      </JourneyPatternTimingLink>
      <JourneyPatternTimingLink id="JPSection-2-SEC4-POS50">
        <From>
          <Activity>pickUpAndSetDown</Activity>
          <StopPointRef>0610VR064</StopPointRef>
          <TimingStatus>OTH</TimingStatus>
        </From>
        <To>
          <Activity>pickUpAndSetDown</Activity>
          <StopPointRef>0610VR19093</StopPointRef>
          <TimingStatus>OTH</TimingStatus>
        </To>
        <RunTime>PT1M</RunTime>
      </JourneyPatternTimingLink>
      <JourneyPatternTimingLink id="JPSection-2-SEC4-POS51">
        <From>
          <Activity>pickUpAndSetDown</Activity>
          <StopPointRef>0610VR19093</StopPointRef>
          <TimingStatus>OTH</TimingStatus>
        </From>
        <To>
          <Activity>pickUpAndSetDown</Activity>
          <StopPointRef>0610VR063</StopPointRef>
          <TimingStatus>OTH</TimingStatus>
        </To>
        <RunTime>PT0M</RunTime>
      </JourneyPatternTimingLink>
      <JourneyPatternTimingLink id="JPSection-2-SEC4-POS52">
        <From>
          <Activity>pickUpAndSetDown</Activity>
          <StopPointRef>0610VR063</StopPointRef>
          <TimingStatus>OTH</TimingStatus>
        </From>
        <To>
          <Activity>pickUpAndSetDown</Activity>
          <StopPointRef>0610VR060</StopPointRef>
          <TimingStatus>PTP</TimingStatus>
        </To>
        <RunTime>PT1M</RunTime>
      </JourneyPatternTimingLink>
      <JourneyPatternTimingLink id="JPSection-2-SEC4-POS53">
        <From>
          <Activity>pickUpAndSetDown</Activity>
          <StopPointRef>0610VR060</StopPointRef>
          <TimingStatus>PTP</TimingStatus>
        </From>
        <To>
          <Activity>pickUpAndSetDown</Activity>
          <StopPointRef>0610VR17891</StopPointRef>
          <TimingStatus>OTH</TimingStatus>
        </To>
        <RunTime>PT1M</RunTime>
      </JourneyPatternTimingLink>
    </JourneyPatternSection>
    <JourneyPatternSection id="JPSection-3">
      <JourneyPatternTimingLink id="JPSection-3-SEC2-POS6">
        <From>
          <Activity>pickUp</Activity>
          <StopPointRef>0610VR196</StopPointRef>
          <TimingStatus>PTP</TimingStatus>
        </From>
        <To>
          <Activity>pickUpAndSetDown</Activity>
          <StopPointRef>0610VR1044</StopPointRef>
          <TimingStatus>OTH</TimingStatus>
        </To>
        <RunTime>PT2M</RunTime>
      </JourneyPatternTimingLink>
      <JourneyPatternTimingLink id="JPSection-3-SEC2-POS7">
        <From>
          <Activity>pickUpAndSetDown</Activity>
          <StopPointRef>0610VR1044</StopPointRef>
          <TimingStatus>OTH</TimingStatus>
        </From>
        <To>
          <Activity>pickUpAndSetDown</Activity>
          <StopPointRef>0610VR1046</StopPointRef>
          <TimingStatus>OTH</TimingStatus>
        </To>
        <RunTime>PT1M</RunTime>
      </JourneyPatternTimingLink>
      <JourneyPatternTimingLink id="JPSection-3-SEC2-POS8">
        <From>
          <Activity>pickUpAndSetDown</Activity>
          <StopPointRef>0610VR1046</StopPointRef>
          <TimingStatus>OTH</TimingStatus>
        </From>
        <To>
          <Activity>pickUpAndSetDown</Activity>
          <StopPointRef>0610VR17895</StopPointRef>
          <TimingStatus>OTH</TimingStatus>
        </To>
        <RunTime>PT3M</RunTime>
      </JourneyPatternTimingLink>
      <JourneyPatternTimingLink id="JPSection-3-SEC2-POS9">
        <From>
          <Activity>pickUpAndSetDown</Activity>
          <StopPointRef>0610VR17895</StopPointRef>
          <TimingStatus>OTH</TimingStatus>
        </From>
        <To>
          <Activity>pickUpAndSetDown</Activity>
          <StopPointRef>0610VR1049</StopPointRef>
          <TimingStatus>PTP</TimingStatus>
        </To>
        <RunTime>PT1M</RunTime>
      </JourneyPatternTimingLink>
      <JourneyPatternTimingLink id="JPSection-3-SEC2-POS10">
        <From>
          <Activity>pickUpAndSetDown</Activity>
          <StopPointRef>0610VR1049</StopPointRef>
          <TimingStatus>PTP</TimingStatus>
        </From>
        <To>
          <Activity>pickUpAndSetDown</Activity>
          <StopPointRef>0610VR17893</StopPointRef>
          <TimingStatus>OTH</TimingStatus>
        </To>
        <RunTime>PT0M</RunTime>
      </JourneyPatternTimingLink>
      <JourneyPatternTimingLink id="JPSection-3-SEC2-POS11">
        <From>
          <Activity>pickUpAndSetDown</Activity>
          <StopPointRef>0610VR17893</StopPointRef>
          <TimingStatus>OTH</TimingStatus>
        </From>
        <To>
          <Activity>pickUpAndSetDown</Activity>
          <StopPointRef>0610VR19070</StopPointRef>
          <TimingStatus>OTH</TimingStatus>
        </To>
        <RunTime>PT1M</RunTime>
      </JourneyPatternTimingLink>
      <JourneyPatternTimingLink id="JPSection-3-SEC2-POS12">
        <From>
          <Activity>pickUpAndSetDown</Activity>
          <StopPointRef>0610VR19070</StopPointRef>
          <TimingStatus>OTH</TimingStatus>
        </From>
        <To>
          <Activity>pickUpAndSetDown</Activity>
          <StopPointRef>0610VR19048</StopPointRef>
          <TimingStatus>OTH</TimingStatus>
        </To>
        <RunTime>PT1M</RunTime>
      </JourneyPatternTimingLink>
      <JourneyPatternTimingLink id="JPSection-3-SEC2-POS13">
        <From>
          <Activity>pickUpAndSetDown</Activity>
          <StopPointRef>0610VR19048</StopPointRef>
          <TimingStatus>OTH</TimingStatus>
        </From>
        <To>
          <Activity>pickUpAndSetDown</Activity>
          <StopPointRef>0610VR061</StopPointRef>
          <TimingStatus>PTP</TimingStatus>
        </To>
        <RunTime>PT1M</RunTime>
      </JourneyPatternTimingLink>
      <JourneyPatternTimingLink id="JPSection-3-SEC2-POS14">
        <From>
          <Activity>pickUpAndSetDown</Activity>
          <StopPointRef>0610VR061</StopPointRef>
          <TimingStatus>PTP</TimingStatus>
        </From>
        <To>
          <Activity>pickUpAndSetDown</Activity>
          <StopPointRef>0610VR062</StopPointRef>
          <TimingStatus>OTH</TimingStatus>
        </To>
        <RunTime>PT0M</RunTime>
      </JourneyPatternTimingLink>
      <JourneyPatternTimingLink id="JPSection-3-SEC2-POS15">
        <From>
          <Activity>pickUpAndSetDown</Activity>
          <StopPointRef>0610VR062</StopPointRef>
          <TimingStatus>OTH</TimingStatus>
        </From>
        <To>
          <Activity>pickUpAndSetDown</Activity>
          <StopPointRef>0610VR141</StopPointRef>
          <TimingStatus>OTH</TimingStatus>
        </To>
        <RunTime>PT0M</RunTime>
      </JourneyPatternTimingLink>
      <JourneyPatternTimingLink id="JPSection-3-SEC2-POS16">
        <From>
          <Activity>pickUpAndSetDown</Activity>
          <StopPointRef>0610VR141</StopPointRef>
          <TimingStatus>OTH</TimingStatus>
        </From>
        <To>
          <Activity>pickUpAndSetDown</Activity>
          <StopPointRef>0610VR19047</StopPointRef>
          <TimingStatus>OTH</TimingStatus>
        </To>
        <RunTime>PT1M</RunTime>
      </JourneyPatternTimingLink>
      <JourneyPatternTimingLink id="JPSection-3-SEC2-POS17">
        <From>
          <Activity>pickUpAndSetDown</Activity>
          <StopPointRef>0610VR19047</StopPointRef>
          <TimingStatus>OTH</TimingStatus>
        </From>
        <To>
          <Activity>pickUpAndSetDown</Activity>
          <StopPointRef>0610VR19046</StopPointRef>
          <TimingStatus>OTH</TimingStatus>
        </To>
        <RunTime>PT0M</RunTime>
      </JourneyPatternTimingLink>
      <JourneyPatternTimingLink id="JPSection-3-SEC2-POS18">
        <From>
          <Activity>pickUpAndSetDown</Activity>
          <StopPointRef>0610VR19046</StopPointRef>
          <TimingStatus>OTH</TimingStatus>
        </From>
        <To>
          <Activity>pickUpAndSetDown</Activity>
          <StopPointRef>0610VR079</StopPointRef>
          <TimingStatus>OTH</TimingStatus>
        </To>
        <RunTime>PT0M</RunTime>
      </JourneyPatternTimingLink>
      <JourneyPatternTimingLink id="JPSection-3-SEC2-POS19">
        <From>
          <Activity>pickUpAndSetDown</Activity>
          <StopPointRef>0610VR079</StopPointRef>
          <TimingStatus>OTH</TimingStatus>
        </From>
        <To>
          <Activity>pickUpAndSetDown</Activity>
          <StopPointRef>0610VR081</StopPointRef>
          <TimingStatus>OTH</TimingStatus>
        </To>
        <RunTime>PT2M</RunTime>
      </JourneyPatternTimingLink>
      <JourneyPatternTimingLink id="JPSection-3-SEC2-POS20">
        <From>
          <Activity>pickUpAndSetDown</Activity>
          <StopPointRef>0610VR081</StopPointRef>
          <TimingStatus>OTH</TimingStatus>
        </From>
        <To>
          <Activity>pickUpAndSetDown</Activity>
          <StopPointRef>0610VR089</StopPointRef>
          <TimingStatus>OTH</TimingStatus>
        </To>
        <RunTime>PT1M</RunTime>
      </JourneyPatternTimingLink>
      <JourneyPatternTimingLink id="JPSection-3-SEC2-POS21">
        <From>
          <Activity>pickUpAndSetDown</Activity>
          <StopPointRef>0610VR089</StopPointRef>
          <TimingStatus>OTH</TimingStatus>
        </From>
        <To>
          <Activity>pickUpAndSetDown</Activity>
          <StopPointRef>0610VR19043</StopPointRef>
          <TimingStatus>PTP</TimingStatus>
        </To>
        <RunTime>PT1M</RunTime>
      </JourneyPatternTimingLink>
      <JourneyPatternTimingLink id="JPSection-3-SEC2-POS22">
        <From>
          <Activity>pickUpAndSetDown</Activity>
          <StopPointRef>0610VR19043</StopPointRef>
          <TimingStatus>PTP</TimingStatus>
        </From>
        <To>
          <Activity>pickUpAndSetDown</Activity>
          <StopPointRef>0610VR327</StopPointRef>
          <TimingStatus>OTH</TimingStatus>
        </To>
        <RunTime>PT1M</RunTime>
      </JourneyPatternTimingLink>
      <JourneyPatternTimingLink id="JPSection-3-SEC2-POS23">
        <From>
          <Activity>pickUpAndSetDown</Activity>
          <StopPointRef>0610VR327</StopPointRef>
          <TimingStatus>OTH</TimingStatus>
        </From>
        <To>
          <Activity>pickUpAndSetDown</Activity>
          <StopPointRef>0610VR0001</StopPointRef>
          <TimingStatus>OTH</TimingStatus>
        </To>
        <RunTime>PT2M</RunTime>
      </JourneyPatternTimingLink>
      <JourneyPatternTimingLink id="JPSection-3-SEC2-POS24">
        <From>
          <Activity>pickUpAndSetDown</Activity>
          <StopPointRef>0610VR0001</StopPointRef>
          <TimingStatus>OTH</TimingStatus>
        </From>
        <To>
          <Activity>pickUpAndSetDown</Activity>
          <StopPointRef>0610VR0003</StopPointRef>
          <TimingStatus>OTH</TimingStatus>
        </To>
        <RunTime>PT1M</RunTime>
      </JourneyPatternTimingLink>
    </JourneyPatternSection>
    <JourneyPatternSection id="JPSection-4">
      <JourneyPatternTimingLink id="JPSection-4-SEC2-POS6">
        <From>
          <Activity>pickUp</Activity>
          <StopPointRef>0610VR196</StopPointRef>
          <TimingStatus>PTP</TimingStatus>
        </From>
        <To>
          <Activity>pickUpAndSetDown</Activity>
          <StopPointRef>0610VR1044</StopPointRef>
          <TimingStatus>OTH</TimingStatus>
        </To>
        <RunTime>PT2M</RunTime>
      </JourneyPatternTimingLink>
      <JourneyPatternTimingLink id="JPSection-4-SEC2-POS7">
        <From>
          <Activity>pickUpAndSetDown</Activity>
          <StopPointRef>0610VR1044</StopPointRef>
          <TimingStatus>OTH</TimingStatus>
        </From>
        <To>
          <Activity>pickUpAndSetDown</Activity>
          <StopPointRef>0610VR1046</StopPointRef>
          <TimingStatus>OTH</TimingStatus>
        </To>
        <RunTime>PT1M</RunTime>
      </JourneyPatternTimingLink>
      <JourneyPatternTimingLink id="JPSection-4-SEC2-POS8">
        <From>
          <Activity>pickUpAndSetDown</Activity>
          <StopPointRef>0610VR1046</StopPointRef>
          <TimingStatus>OTH</TimingStatus>
        </From>
        <To>
          <Activity>pickUpAndSetDown</Activity>
          <StopPointRef>0610VR17895</StopPointRef>
          <TimingStatus>OTH</TimingStatus>
        </To>
        <RunTime>PT3M</RunTime>
      </JourneyPatternTimingLink>
      <JourneyPatternTimingLink id="JPSection-4-SEC2-POS9">
        <From>
          <Activity>pickUpAndSetDown</Activity>
          <StopPointRef>0610VR17895</StopPointRef>
          <TimingStatus>OTH</TimingStatus>
        </From>
        <To>
          <Activity>pickUpAndSetDown</Activity>
          <StopPointRef>0610VR1049</StopPointRef>
          <TimingStatus>PTP</TimingStatus>
        </To>
        <RunTime>PT1M</RunTime>
      </JourneyPatternTimingLink>
      <JourneyPatternTimingLink id="JPSection-4-SEC2-POS10">
        <From>
          <Activity>pickUpAndSetDown</Activity>
          <StopPointRef>0610VR1049</StopPointRef>
          <TimingStatus>PTP</TimingStatus>
        </From>
        <To>
          <Activity>pickUpAndSetDown</Activity>
          <StopPointRef>0610VR17893</StopPointRef>
          <TimingStatus>OTH</TimingStatus>
        </To>
        <RunTime>PT0M</RunTime>
      </JourneyPatternTimingLink>
      <JourneyPatternTimingLink id="JPSection-4-SEC2-POS11">
        <From>
          <Activity>pickUpAndSetDown</Activity>
          <StopPointRef>0610VR17893</StopPointRef>
          <TimingStatus>OTH</TimingStatus>
        </From>
        <To>
          <Activity>pickUpAndSetDown</Activity>
          <StopPointRef>0610VR19070</StopPointRef>
          <TimingStatus>OTH</TimingStatus>
        </To>
        <RunTime>PT1M</RunTime>
      </JourneyPatternTimingLink>
      <JourneyPatternTimingLink id="JPSection-4-SEC2-POS12">
        <From>
          <Activity>pickUpAndSetDown</Activity>
          <StopPointRef>0610VR19070</StopPointRef>
          <TimingStatus>OTH</TimingStatus>
        </From>
        <To>
          <Activity>pickUpAndSetDown</Activity>
          <StopPointRef>0610VR19048</StopPointRef>
          <TimingStatus>OTH</TimingStatus>
        </To>
        <RunTime>PT1M</RunTime>
      </JourneyPatternTimingLink>
      <JourneyPatternTimingLink id="JPSection-4-SEC2-POS13">
        <From>
          <Activity>pickUpAndSetDown</Activity>
          <StopPointRef>0610VR19048</StopPointRef>
          <TimingStatus>OTH</TimingStatus>
        </From>
        <To>
          <Activity>pickUpAndSetDown</Activity>
          <StopPointRef>0610VR061</StopPointRef>
          <TimingStatus>PTP</TimingStatus>
        </To>
        <RunTime>PT1M</RunTime>
      </JourneyPatternTimingLink>
      <JourneyPatternTimingLink id="JPSection-4-SEC2-POS14">
        <From>
          <Activity>pickUpAndSetDown</Activity>
          <StopPointRef>0610VR061</StopPointRef>
          <TimingStatus>PTP</TimingStatus>
        </From>
        <To>
          <Activity>pickUpAndSetDown</Activity>
          <StopPointRef>0610VR062</StopPointRef>
          <TimingStatus>OTH</TimingStatus>
        </To>
        <RunTime>PT0M</RunTime>
      </JourneyPatternTimingLink>
      <JourneyPatternTimingLink id="JPSection-4-SEC2-POS15">
        <From>
          <Activity>pickUpAndSetDown</Activity>
          <StopPointRef>0610VR062</StopPointRef>
          <TimingStatus>OTH</TimingStatus>
        </From>
        <To>
          <Activity>pickUpAndSetDown</Activity>
          <StopPointRef>0610VR141</StopPointRef>
          <TimingStatus>OTH</TimingStatus>
        </To>
        <RunTime>PT0M</RunTime>
      </JourneyPatternTimingLink>
      <JourneyPatternTimingLink id="JPSection-4-SEC2-POS16">
        <From>
          <Activity>pickUpAndSetDown</Activity>
          <StopPointRef>0610VR141</StopPointRef>
          <TimingStatus>OTH</TimingStatus>
        </From>
        <To>
          <Activity>pickUpAndSetDown</Activity>
          <StopPointRef>0610VR19047</StopPointRef>
          <TimingStatus>OTH</TimingStatus>
        </To>
        <RunTime>PT1M</RunTime>
      </JourneyPatternTimingLink>
      <JourneyPatternTimingLink id="JPSection-4-SEC2-POS17">
        <From>
          <Activity>pickUpAndSetDown</Activity>
          <StopPointRef>0610VR19047</StopPointRef>
          <TimingStatus>OTH</TimingStatus>
        </From>
        <To>
          <Activity>pickUpAndSetDown</Activity>
          <StopPointRef>0610VR19046</StopPointRef>
          <TimingStatus>OTH</TimingStatus>
        </To>
        <RunTime>PT0M</RunTime>
      </JourneyPatternTimingLink>
      <JourneyPatternTimingLink id="JPSection-4-SEC2-POS18">
        <From>
          <Activity>pickUpAndSetDown</Activity>
          <StopPointRef>0610VR19046</StopPointRef>
          <TimingStatus>OTH</TimingStatus>
        </From>
        <To>
          <Activity>pickUpAndSetDown</Activity>
          <StopPointRef>0610VR079</StopPointRef>
          <TimingStatus>OTH</TimingStatus>
        </To>
        <RunTime>PT0M</RunTime>
      </JourneyPatternTimingLink>
      <JourneyPatternTimingLink id="JPSection-4-SEC2-POS19">
        <From>
          <Activity>pickUpAndSetDown</Activity>
          <StopPointRef>0610VR079</StopPointRef>
          <TimingStatus>OTH</TimingStatus>
        </From>
        <To>
          <Activity>pickUpAndSetDown</Activity>
          <StopPointRef>0610VR081</StopPointRef>
          <TimingStatus>OTH</TimingStatus>
        </To>
        <RunTime>PT2M</RunTime>
      </JourneyPatternTimingLink>
      <JourneyPatternTimingLink id="JPSection-4-SEC2-POS20">
        <From>
          <Activity>pickUpAndSetDown</Activity>
          <StopPointRef>0610VR081</StopPointRef>
          <TimingStatus>OTH</TimingStatus>
        </From>
        <To>
          <Activity>pickUpAndSetDown</Activity>
          <StopPointRef>0610VR089</StopPointRef>
          <TimingStatus>OTH</TimingStatus>
        </To>
        <RunTime>PT1M</RunTime>
      </JourneyPatternTimingLink>
      <JourneyPatternTimingLink id="JPSection-4-SEC2-POS21">
        <From>
          <Activity>pickUpAndSetDown</Activity>
          <StopPointRef>0610VR089</StopPointRef>
          <TimingStatus>OTH</TimingStatus>
        </From>
        <To>
          <Activity>pickUpAndSetDown</Activity>
          <StopPointRef>0610VR19043</StopPointRef>
          <TimingStatus>PTP</TimingStatus>
        </To>
        <RunTime>PT1M</RunTime>
      </JourneyPatternTimingLink>
      <JourneyPatternTimingLink id="JPSection-4-SEC2-POS22">
        <From>
          <Activity>pickUpAndSetDown</Activity>
          <StopPointRef>0610VR19043</StopPointRef>
          <TimingStatus>PTP</TimingStatus>
        </From>
        <To>
          <Activity>pickUpAndSetDown</Activity>
          <StopPointRef>0610VR327</StopPointRef>
          <TimingStatus>OTH</TimingStatus>
        </To>
        <RunTime>PT1M</RunTime>
      </JourneyPatternTimingLink>
      <JourneyPatternTimingLink id="JPSection-4-SEC2-POS23">
        <From>
          <Activity>pickUpAndSetDown</Activity>
          <StopPointRef>0610VR327</StopPointRef>
          <TimingStatus>OTH</TimingStatus>
        </From>
        <To>
          <Activity>pickUpAndSetDown</Activity>
          <StopPointRef>0610VR0001</StopPointRef>
          <TimingStatus>OTH</TimingStatus>
        </To>
        <RunTime>PT2M</RunTime>
      </JourneyPatternTimingLink>
      <JourneyPatternTimingLink id="JPSection-4-SEC2-POS24">
        <From>
          <Activity>pickUpAndSetDown</Activity>
          <StopPointRef>0610VR0001</StopPointRef>
          <TimingStatus>OTH</TimingStatus>
        </From>
        <To>
          <Activity>pickUpAndSetDown</Activity>
          <StopPointRef>0610VR0003</StopPointRef>
          <TimingStatus>OTH</TimingStatus>
        </To>
        <RunTime>PT1M</RunTime>
      </JourneyPatternTimingLink>
    </JourneyPatternSection>
    <JourneyPatternSection id="JPSection-5">
      <JourneyPatternTimingLink id="JPSection-5-SEC2-POS26">
        <From>
          <Activity>pickUpAndSetDown</Activity>
          <StopPointRef>0610VR0005</StopPointRef>
          <TimingStatus>PTP</TimingStatus>
        </From>
        <To>
          <Activity>pickUpAndSetDown</Activity>
          <StopPointRef>0610VR497</StopPointRef>
          <TimingStatus>OTH</TimingStatus>
        </To>
        <RunTime>PT1M</RunTime>
      </JourneyPatternTimingLink>
      <JourneyPatternTimingLink id="JPSection-5-SEC2-POS27">
        <From>
          <Activity>pickUpAndSetDown</Activity>
          <StopPointRef>0610VR497</StopPointRef>
          <TimingStatus>OTH</TimingStatus>
        </From>
        <To>
          <Activity>pickUpAndSetDown</Activity>
          <StopPointRef>0610VR0034</StopPointRef>
          <TimingStatus>OTH</TimingStatus>
        </To>
        <RunTime>PT2M</RunTime>
      </JourneyPatternTimingLink>
      <JourneyPatternTimingLink id="JPSection-5-SEC2-POS28">
        <From>
          <Activity>pickUpAndSetDown</Activity>
          <StopPointRef>0610VR0034</StopPointRef>
          <TimingStatus>OTH</TimingStatus>
        </From>
        <To>
          <Activity>pickUpAndSetDown</Activity>
          <StopPointRef>0610VR17920</StopPointRef>
          <TimingStatus>PTP</TimingStatus>
        </To>
        <RunTime>PT2M</RunTime>
      </JourneyPatternTimingLink>
      <JourneyPatternTimingLink id="JPSection-5-SEC2-POS29">
        <From>
          <Activity>pickUpAndSetDown</Activity>
          <StopPointRef>0610VR17920</StopPointRef>
          <TimingStatus>PTP</TimingStatus>
        </From>
        <To>
          <Activity>pickUpAndSetDown</Activity>
          <StopPointRef>0610VR0044</StopPointRef>
          <TimingStatus>OTH</TimingStatus>
        </To>
        <RunTime>PT1M</RunTime>
      </JourneyPatternTimingLink>
      <JourneyPatternTimingLink id="JPSection-5-SEC1-POS2">
        <From>
          <Activity>pickUpAndSetDown</Activity>
          <StopPointRef>0610VR0044</StopPointRef>
          <TimingStatus>OTH</TimingStatus>
        </From>
        <To>
          <Activity>pickUpAndSetDown</Activity>
          <StopPointRef>0610VR0043</StopPointRef>
          <TimingStatus>PTP</TimingStatus>
        </To>
        <RunTime>PT1M</RunTime>
      </JourneyPatternTimingLink>
      <JourneyPatternTimingLink id="JPSection-5-SEC1-POS3">
        <From>
          <Activity>pickUpAndSetDown</Activity>
          <StopPointRef>0610VR0043</StopPointRef>
          <TimingStatus>PTP</TimingStatus>
        </From>
        <To>
          <Activity>pickUpAndSetDown</Activity>
          <StopPointRef>0610VR19039</StopPointRef>
          <TimingStatus>OTH</TimingStatus>
        </To>
        <RunTime>PT2M</RunTime>
      </JourneyPatternTimingLink>
      <JourneyPatternTimingLink id="JPSection-5-SEC1-POS4">
        <From>
          <Activity>pickUpAndSetDown</Activity>
          <StopPointRef>0610VR19039</StopPointRef>
          <TimingStatus>OTH</TimingStatus>
        </From>
        <To>
          <Activity>pickUpAndSetDown</Activity>
          <StopPointRef>0610VR19001</StopPointRef>
          <TimingStatus>OTH</TimingStatus>
        </To>
        <RunTime>PT1M</RunTime>
      </JourneyPatternTimingLink>
      <JourneyPatternTimingLink id="JPSection-5-SEC1-POS5">
        <From>
          <Activity>pickUpAndSetDown</Activity>
          <StopPointRef>0610VR19001</StopPointRef>
          <TimingStatus>OTH</TimingStatus>
        </From>
        <To>
          <Activity>setDown</Activity>
          <StopPointRef>0610VR19003</StopPointRef>
          <TimingStatus>PTP</TimingStatus>
        </To>
        <RunTime>PT1M</RunTime>
      </JourneyPatternTimingLink>
    </JourneyPatternSection>
    <JourneyPatternSection id="JPSection-6">
      <JourneyPatternTimingLink id="JPSection-6-SEC2-POS26">
        <From>
          <Activity>pickUpAndSetDown</Activity>
          <StopPointRef>0610VR0005</StopPointRef>
          <TimingStatus>PTP</TimingStatus>
        </From>
        <To>
          <Activity>pickUpAndSetDown</Activity>
          <StopPointRef>0610VR497</StopPointRef>
          <TimingStatus>OTH</TimingStatus>
        </To>
        <RunTime>PT1M</RunTime>
      </JourneyPatternTimingLink>
      <JourneyPatternTimingLink id="JPSection-6-SEC2-POS27">
        <From>
          <Activity>pickUpAndSetDown</Activity>
          <StopPointRef>0610VR497</StopPointRef>
          <TimingStatus>OTH</TimingStatus>
        </From>
        <To>
          <Activity>pickUpAndSetDown</Activity>
          <StopPointRef>0610VR0034</StopPointRef>
          <TimingStatus>OTH</TimingStatus>
        </To>
        <RunTime>PT2M</RunTime>
      </JourneyPatternTimingLink>
      <JourneyPatternTimingLink id="JPSection-6-SEC2-POS28">
        <From>
          <Activity>pickUpAndSetDown</Activity>
          <StopPointRef>0610VR0034</StopPointRef>
          <TimingStatus>OTH</TimingStatus>
        </From>
        <To>
          <Activity>pickUpAndSetDown</Activity>
          <StopPointRef>0610VR17920</StopPointRef>
          <TimingStatus>PTP</TimingStatus>
        </To>
        <RunTime>PT2M</RunTime>
      </JourneyPatternTimingLink>
      <JourneyPatternTimingLink id="JPSection-6-SEC2-POS29">
        <From>
          <Activity>pickUpAndSetDown</Activity>
          <StopPointRef>0610VR17920</StopPointRef>
          <TimingStatus>PTP</TimingStatus>
        </From>
        <To>
          <Activity>pickUpAndSetDown</Activity>
          <StopPointRef>0610VR0044</StopPointRef>
          <TimingStatus>OTH</TimingStatus>
        </To>
        <RunTime>PT1M</RunTime>
      </JourneyPatternTimingLink>
      <JourneyPatternTimingLink id="JPSection-6-SEC1-POS2">
        <From>
          <Activity>pickUpAndSetDown</Activity>
          <StopPointRef>0610VR0044</StopPointRef>
          <TimingStatus>OTH</TimingStatus>
        </From>
        <To>
          <Activity>pickUpAndSetDown</Activity>
          <StopPointRef>0610VR0043</StopPointRef>
          <TimingStatus>PTP</TimingStatus>
        </To>
        <RunTime>PT1M</RunTime>
      </JourneyPatternTimingLink>
      <JourneyPatternTimingLink id="JPSection-6-SEC1-POS3">
        <From>
          <Activity>pickUpAndSetDown</Activity>
          <StopPointRef>0610VR0043</StopPointRef>
          <TimingStatus>PTP</TimingStatus>
        </From>
        <To>
          <Activity>pickUpAndSetDown</Activity>
          <StopPointRef>0610VR19039</StopPointRef>
          <TimingStatus>OTH</TimingStatus>
        </To>
        <RunTime>PT2M</RunTime>
      </JourneyPatternTimingLink>
      <JourneyPatternTimingLink id="JPSection-6-SEC1-POS4">
        <From>
          <Activity>pickUpAndSetDown</Activity>
          <StopPointRef>0610VR19039</StopPointRef>
          <TimingStatus>OTH</TimingStatus>
        </From>
        <To>
          <Activity>pickUpAndSetDown</Activity>
          <StopPointRef>0610VR19001</StopPointRef>
          <TimingStatus>OTH</TimingStatus>
        </To>
        <RunTime>PT1M</RunTime>
      </JourneyPatternTimingLink>
      <JourneyPatternTimingLink id="JPSection-6-SEC1-POS5">
        <From>
          <Activity>pickUpAndSetDown</Activity>
          <StopPointRef>0610VR19001</StopPointRef>
          <TimingStatus>OTH</TimingStatus>
        </From>
        <To>
          <Activity>setDown</Activity>
          <StopPointRef>0610VR19003</StopPointRef>
          <TimingStatus>PTP</TimingStatus>
        </To>
        <RunTime>PT1M</RunTime>
      </JourneyPatternTimingLink>
    </JourneyPatternSection>
    <JourneyPatternSection id="JPSection-7">
      <JourneyPatternTimingLink id="JPSection-7-SEC4-POS59">
        <From>
          <Activity>pickUpAndSetDown</Activity>
          <StopPointRef>0610VR415</StopPointRef>
          <TimingStatus>OTH</TimingStatus>
        </From>
        <To>
          <Activity>setDown</Activity>
          <StopPointRef>0610VR196</StopPointRef>
          <TimingStatus>PTP</TimingStatus>
        </To>
        <RunTime>PT1M</RunTime>
      </JourneyPatternTimingLink>
    </JourneyPatternSection>
    <JourneyPatternSection id="JPSection-8">
      <JourneyPatternTimingLink id="JPSection-8-SEC4-POS59">
        <From>
          <Activity>pickUpAndSetDown</Activity>
          <StopPointRef>0610VR415</StopPointRef>
          <TimingStatus>OTH</TimingStatus>
        </From>
        <To>
          <Activity>setDown</Activity>
          <StopPointRef>0610VR196</StopPointRef>
          <TimingStatus>PTP</TimingStatus>
        </To>
        <RunTime>PT1M</RunTime>
      </JourneyPatternTimingLink>
    </JourneyPatternSection>
    <JourneyPatternSection id="JPSection-9">
      <JourneyPatternTimingLink id="JPSection-9-SEC4-POS57">
        <From>
          <Activity>pickUpAndSetDown</Activity>
          <StopPointRef>0610VR1047</StopPointRef>
          <TimingStatus>OTH</TimingStatus>
        </From>
        <To>
          <Activity>pickUpAndSetDown</Activity>
          <StopPointRef>0610VR1045</StopPointRef>
          <TimingStatus>OTH</TimingStatus>
        </To>
        <RunTime>PT1M</RunTime>
      </JourneyPatternTimingLink>
    </JourneyPatternSection>
    <JourneyPatternSection id="JPSection-10">
      <JourneyPatternTimingLink id="JPSection-10-SEC4-POS57">
        <From>
          <Activity>pickUpAndSetDown</Activity>
          <StopPointRef>0610VR1047</StopPointRef>
          <TimingStatus>OTH</TimingStatus>
        </From>
        <To>
          <Activity>pickUpAndSetDown</Activity>
          <StopPointRef>0610VR1045</StopPointRef>
          <TimingStatus>OTH</TimingStatus>
        </To>
        <RunTime>PT1M</RunTime>
      </JourneyPatternTimingLink>
    </JourneyPatternSection>
    <JourneyPatternSection id="JPSection-11">
      <JourneyPatternTimingLink id="JPSection-11-SEC4-POS55">
        <From>
          <Activity>pickUpAndSetDown</Activity>
          <StopPointRef>0610VR1048</StopPointRef>
          <TimingStatus>PTP</TimingStatus>
        </From>
        <To>
          <Activity>pickUpAndSetDown</Activity>
          <StopPointRef>0610VR17897</StopPointRef>
          <TimingStatus>OTH</TimingStatus>
        </To>
        <RunTime>PT0M</RunTime>
      </JourneyPatternTimingLink>
    </JourneyPatternSection>
    <JourneyPatternSection id="JPSection-12">
      <JourneyPatternTimingLink id="JPSection-12-SEC4-POS55">
        <From>
          <Activity>pickUpAndSetDown</Activity>
          <StopPointRef>0610VR1048</StopPointRef>
          <TimingStatus>PTP</TimingStatus>
        </From>
        <To>
          <Activity>pickUpAndSetDown</Activity>
          <StopPointRef>0610VR17897</StopPointRef>
          <TimingStatus>OTH</TimingStatus>
        </To>
        <RunTime>PT0M</RunTime>
      </JourneyPatternTimingLink>
    </JourneyPatternSection>
    <JourneyPatternSection id="JPSection-13">
      <JourneyPatternTimingLink id="JPSection-13-SEC1-POS1">
        <From>
          <Activity>pickUp</Activity>
          <StopPointRef>0610VR17920</StopPointRef>
          <TimingStatus>PTP</TimingStatus>
        </From>
        <To>
          <Activity>pickUpAndSetDown</Activity>
          <StopPointRef>0610VR0044</StopPointRef>
          <TimingStatus>OTH</TimingStatus>
        </To>
        <RunTime>PT1M</RunTime>
      </JourneyPatternTimingLink>
      <JourneyPatternTimingLink id="JPSection-13-SEC1-POS2">
        <From>
          <Activity>pickUpAndSetDown</Activity>
          <StopPointRef>0610VR0044</StopPointRef>
          <TimingStatus>OTH</TimingStatus>
        </From>
        <To>
          <Activity>pickUpAndSetDown</Activity>
          <StopPointRef>0610VR0043</StopPointRef>
          <TimingStatus>PTP</TimingStatus>
        </To>
        <RunTime>PT1M</RunTime>
      </JourneyPatternTimingLink>
      <JourneyPatternTimingLink id="JPSection-13-SEC1-POS3">
        <From>
          <Activity>pickUpAndSetDown</Activity>
          <StopPointRef>0610VR0043</StopPointRef>
          <TimingStatus>PTP</TimingStatus>
        </From>
        <To>
          <Activity>pickUpAndSetDown</Activity>
          <StopPointRef>0610VR19039</StopPointRef>
          <TimingStatus>OTH</TimingStatus>
        </To>
        <RunTime>PT2M</RunTime>
      </JourneyPatternTimingLink>
      <JourneyPatternTimingLink id="JPSection-13-SEC1-POS4">
        <From>
          <Activity>pickUpAndSetDown</Activity>
          <StopPointRef>0610VR19039</StopPointRef>
          <TimingStatus>OTH</TimingStatus>
        </From>
        <To>
          <Activity>pickUpAndSetDown</Activity>
          <StopPointRef>0610VR19001</StopPointRef>
          <TimingStatus>OTH</TimingStatus>
        </To>
        <RunTime>PT1M</RunTime>
      </JourneyPatternTimingLink>
      <JourneyPatternTimingLink id="JPSection-13-SEC1-POS5">
        <From>
          <Activity>pickUpAndSetDown</Activity>
          <StopPointRef>0610VR19001</StopPointRef>
          <TimingStatus>OTH</TimingStatus>
        </From>
        <To>
          <Activity>setDown</Activity>
          <StopPointRef>0610VR19003</StopPointRef>
          <TimingStatus>PTP</TimingStatus>
        </To>
        <RunTime>PT1M</RunTime>
      </JourneyPatternTimingLink>
    </JourneyPatternSection>
    <JourneyPatternSection id="JPSection-14">
      <JourneyPatternTimingLink id="JPSection-14-SEC2-POS25">
        <From>
          <Activity>pickUpAndSetDown</Activity>
          <StopPointRef>0610VR0003</StopPointRef>
          <TimingStatus>OTH</TimingStatus>
        </From>
        <To>
          <WaitTime>PT5M</WaitTime>
          <Activity>pickUpAndSetDown</Activity>
          <StopPointRef>0610VR0005</StopPointRef>
          <TimingStatus>PTP</TimingStatus>
        </To>
        <RunTime>PT1M</RunTime>
      </JourneyPatternTimingLink>
    </JourneyPatternSection>
    <JourneyPatternSection id="JPSection-15">
      <JourneyPatternTimingLink id="JPSection-15-SEC3-POS30">
        <From>
          <Activity>pickUpAndSetDown</Activity>
          <StopPointRef>0610VR0003</StopPointRef>
          <TimingStatus>OTH</TimingStatus>
        </From>
        <To>
          <Activity>pickUpAndSetDown</Activity>
          <StopPointRef>0610VR0005</StopPointRef>
          <TimingStatus>PTP</TimingStatus>
        </To>
        <RunTime>PT1M</RunTime>
      </JourneyPatternTimingLink>
    </JourneyPatternSection>
    <JourneyPatternSection id="JPSection-16">
      <JourneyPatternTimingLink id="JPSection-16-SEC4-POS54">
        <From>
          <Activity>pickUpAndSetDown</Activity>
          <StopPointRef>0610VR17891</StopPointRef>
          <TimingStatus>OTH</TimingStatus>
        </From>
        <To>
          <Activity>pickUpAndSetDown</Activity>
          <StopPointRef>0610VR1048</StopPointRef>
          <TimingStatus>PTP</TimingStatus>
        </To>
        <RunTime>PT1M</RunTime>
      </JourneyPatternTimingLink>
    </JourneyPatternSection>
    <JourneyPatternSection id="JPSection-17">
      <JourneyPatternTimingLink id="JPSection-17-SEC4-POS56">
        <From>
          <Activity>pickUpAndSetDown</Activity>
          <StopPointRef>0610VR17897</StopPointRef>
          <TimingStatus>OTH</TimingStatus>
        </From>
        <To>
          <Activity>pickUpAndSetDown</Activity>
          <StopPointRef>0610VR1047</StopPointRef>
          <TimingStatus>OTH</TimingStatus>
        </To>
        <RunTime>PT2M</RunTime>
      </JourneyPatternTimingLink>
    </JourneyPatternSection>
    <JourneyPatternSection id="JPSection-18">
      <JourneyPatternTimingLink id="JPSection-18-SEC4-POS58">
        <From>
          <Activity>pickUpAndSetDown</Activity>
          <StopPointRef>0610VR1045</StopPointRef>
          <TimingStatus>OTH</TimingStatus>
        </From>
        <To>
          <Activity>pickUpAndSetDown</Activity>
          <StopPointRef>0610VR415</StopPointRef>
          <TimingStatus>OTH</TimingStatus>
        </To>
        <RunTime>PT1M</RunTime>
      </JourneyPatternTimingLink>
    </JourneyPatternSection>
    <JourneyPatternSection id="JPSection-19">
      <JourneyPatternTimingLink id="JPSection-19-SEC5-POS60">
        <From>
          <Activity>pickUpAndSetDown</Activity>
          <StopPointRef>0610VR17891</StopPointRef>
          <TimingStatus>OTH</TimingStatus>
        </From>
        <To>
          <Activity>pickUpAndSetDown</Activity>
          <StopPointRef>0610VR1048</StopPointRef>
          <TimingStatus>PTP</TimingStatus>
        </To>
        <RunTime>PT2M</RunTime>
      </JourneyPatternTimingLink>
    </JourneyPatternSection>
    <JourneyPatternSection id="JPSection-20">
      <JourneyPatternTimingLink id="JPSection-20-SEC5-POS61">
        <From>
          <Activity>pickUpAndSetDown</Activity>
          <StopPointRef>0610VR17897</StopPointRef>
          <TimingStatus>OTH</TimingStatus>
        </From>
        <To>
          <Activity>pickUpAndSetDown</Activity>
          <StopPointRef>0610VR1047</StopPointRef>
          <TimingStatus>OTH</TimingStatus>
        </To>
        <RunTime>PT3M</RunTime>
      </JourneyPatternTimingLink>
    </JourneyPatternSection>
    <JourneyPatternSection id="JPSection-21">
      <JourneyPatternTimingLink id="JPSection-21-SEC5-POS62">
        <From>
          <Activity>pickUpAndSetDown</Activity>
          <StopPointRef>0610VR1045</StopPointRef>
          <TimingStatus>OTH</TimingStatus>
        </From>
        <To>
          <Activity>pickUpAndSetDown</Activity>
          <StopPointRef>0610VR415</StopPointRef>
          <TimingStatus>OTH</TimingStatus>
        </To>
        <RunTime>PT2M</RunTime>
      </JourneyPatternTimingLink>
    </JourneyPatternSection>
    <JourneyPatternSection id="JPSection-22">
      <JourneyPatternTimingLink id="JPSection-22-SEC4-POS31">
        <From>
          <Activity>pickUp</Activity>
          <StopPointRef>0610VR19003</StopPointRef>
          <TimingStatus>PTP</TimingStatus>
        </From>
        <To>
          <Activity>pickUpAndSetDown</Activity>
          <StopPointRef>0610VR0038</StopPointRef>
          <TimingStatus>OTH</TimingStatus>
        </To>
        <RunTime>PT0M</RunTime>
      </JourneyPatternTimingLink>
      <JourneyPatternTimingLink id="JPSection-22-SEC4-POS32">
        <From>
          <Activity>pickUpAndSetDown</Activity>
          <StopPointRef>0610VR0038</StopPointRef>
          <TimingStatus>OTH</TimingStatus>
        </From>
        <To>
          <Activity>pickUpAndSetDown</Activity>
          <StopPointRef>0610VR0037A</StopPointRef>
          <TimingStatus>OTH</TimingStatus>
        </To>
        <RunTime>PT1M</RunTime>
      </JourneyPatternTimingLink>
      <JourneyPatternTimingLink id="JPSection-22-SEC4-POS33">
        <From>
          <Activity>pickUpAndSetDown</Activity>
          <StopPointRef>0610VR0037A</StopPointRef>
          <TimingStatus>OTH</TimingStatus>
        </From>
        <To>
          <Activity>pickUpAndSetDown</Activity>
          <StopPointRef>0610VR408A</StopPointRef>
          <TimingStatus>OTH</TimingStatus>
        </To>
        <RunTime>PT1M</RunTime>
      </JourneyPatternTimingLink>
      <JourneyPatternTimingLink id="JPSection-22-SEC4-POS34">
        <From>
          <Activity>pickUpAndSetDown</Activity>
          <StopPointRef>0610VR408A</StopPointRef>
          <TimingStatus>OTH</TimingStatus>
        </From>
        <To>
          <Activity>pickUpAndSetDown</Activity>
          <StopPointRef>0610VR411</StopPointRef>
          <TimingStatus>OTH</TimingStatus>
        </To>
        <RunTime>PT0M</RunTime>
      </JourneyPatternTimingLink>
      <JourneyPatternTimingLink id="JPSection-22-SEC4-POS35">
        <From>
          <Activity>pickUpAndSetDown</Activity>
          <StopPointRef>0610VR411</StopPointRef>
          <TimingStatus>OTH</TimingStatus>
        </From>
        <To>
          <Activity>pickUpAndSetDown</Activity>
          <StopPointRef>0610VR410</StopPointRef>
          <TimingStatus>OTH</TimingStatus>
        </To>
        <RunTime>PT1M</RunTime>
      </JourneyPatternTimingLink>
      <JourneyPatternTimingLink id="JPSection-22-SEC4-POS36">
        <From>
          <Activity>pickUpAndSetDown</Activity>
          <StopPointRef>0610VR410</StopPointRef>
          <TimingStatus>OTH</TimingStatus>
        </From>
        <To>
          <Activity>pickUpAndSetDown</Activity>
          <StopPointRef>0610VR0011</StopPointRef>
          <TimingStatus>PTP</TimingStatus>
        </To>
        <RunTime>PT1M</RunTime>
      </JourneyPatternTimingLink>
    </JourneyPatternSection>
  </JourneyPatternSections>
  <Operators>
    <Operator id="OId_ANW">
      <NationalOperatorCode>ANWE</NationalOperatorCode>
      <OperatorCode>ANW</OperatorCode>
      <OperatorShortName>ANW</OperatorShortName>
    </Operator>
  </Operators>
  <Services>
    <Service>
      <ServiceCode>NW_02_ANW_X29_1</ServiceCode>
      <Lines>
        <Line id="l_X29_ANW">
          <LineName>X29</LineName>
        </Line>
      </Lines>
      <OperatingPeriod>
        <StartDate>2017-08-04</StartDate>
        <EndDate>2099-12-31</EndDate>
      </OperatingPeriod>
      <RegisteredOperatorRef>OId_ANW</RegisteredOperatorRef>
      <StopRequirements>
        <NoNewStopsRequired />
      </StopRequirements>
      <Mode>bus</Mode>
      <Description>Northwich - Winsford - Over St Johns</Description>
      <StandardService>
        <Origin>Over, Winsford</Origin>
        <Destination>Northwich</Destination>
        <JourneyPattern id="JP1">
          <Direction>outbound</Direction>
          <JourneyPatternSectionRefs>JPSection-13</JourneyPatternSectionRefs>
        </JourneyPattern>
        <JourneyPattern id="JP2">
          <Direction>outbound</Direction>
          <JourneyPatternSectionRefs>JPSection-3</JourneyPatternSectionRefs>
          <JourneyPatternSectionRefs>JPSection-14</JourneyPatternSectionRefs>
          <JourneyPatternSectionRefs>JPSection-5</JourneyPatternSectionRefs>
        </JourneyPattern>
        <JourneyPattern id="JP4">
          <Direction>outbound</Direction>
          <JourneyPatternSectionRefs>JPSection-4</JourneyPatternSectionRefs>
          <JourneyPatternSectionRefs>JPSection-15</JourneyPatternSectionRefs>
          <JourneyPatternSectionRefs>JPSection-6</JourneyPatternSectionRefs>
        </JourneyPattern>
        <JourneyPattern id="JP6">
          <Direction>inbound</Direction>
          <JourneyPatternSectionRefs>JPSection-1</JourneyPatternSectionRefs>
          <JourneyPatternSectionRefs>JPSection-16</JourneyPatternSectionRefs>
          <JourneyPatternSectionRefs>JPSection-11</JourneyPatternSectionRefs>
          <JourneyPatternSectionRefs>JPSection-17</JourneyPatternSectionRefs>
          <JourneyPatternSectionRefs>JPSection-9</JourneyPatternSectionRefs>
          <JourneyPatternSectionRefs>JPSection-18</JourneyPatternSectionRefs>
          <JourneyPatternSectionRefs>JPSection-7</JourneyPatternSectionRefs>
        </JourneyPattern>
        <JourneyPattern id="JP7">
          <Direction>inbound</Direction>
          <JourneyPatternSectionRefs>JPSection-2</JourneyPatternSectionRefs>
          <JourneyPatternSectionRefs>JPSection-19</JourneyPatternSectionRefs>
          <JourneyPatternSectionRefs>JPSection-12</JourneyPatternSectionRefs>
          <JourneyPatternSectionRefs>JPSection-20</JourneyPatternSectionRefs>
          <JourneyPatternSectionRefs>JPSection-10</JourneyPatternSectionRefs>
          <JourneyPatternSectionRefs>JPSection-21</JourneyPatternSectionRefs>
          <JourneyPatternSectionRefs>JPSection-8</JourneyPatternSectionRefs>
        </JourneyPattern>
        <JourneyPattern id="JP10">
          <Direction>inbound</Direction>
          <JourneyPatternSectionRefs>JPSection-22</JourneyPatternSectionRefs>
        </JourneyPattern>
      </StandardService>
    </Service>
  </Services>
  <VehicleJourneys>
    <VehicleJourney>
      <PrivateCode>J20</PrivateCode>
      <Operational>
        <VehicleType>
          <VehicleTypeCode>BUS</VehicleTypeCode>
          <Description>BUS</Description>
        </VehicleType>
      </Operational>
      <OperatingProfile>
        <RegularDayType>
          <DaysOfWeek>
            <Friday />
          </DaysOfWeek>
        </RegularDayType>
        <BankHolidayOperation>
          <DaysOfNonOperation>
            <AllBankHolidays />
          </DaysOfNonOperation>
        </BankHolidayOperation>
      </OperatingProfile>
      <VehicleJourneyCode>J20</VehicleJourneyCode>
      <ServiceRef>NW_02_ANW_X29_1</ServiceRef>
      <LineRef>l_X29_ANW</LineRef>
      <JourneyPatternRef>JP1</JourneyPatternRef>
      <Note>
        <NoteCode>FO</NoteCode>
        <NoteText>Fridays Only</NoteText>
      </Note>
      <DepartureTime>18:45:00</DepartureTime>
    </VehicleJourney>
    <VehicleJourney>
      <PrivateCode>J1</PrivateCode>
      <Operational>
        <VehicleType>
          <VehicleTypeCode>BUS</VehicleTypeCode>
          <Description>BUS</Description>
        </VehicleType>
      </Operational>
      <OperatingProfile>
        <RegularDayType>
          <DaysOfWeek>
            <Friday />
          </DaysOfWeek>
        </RegularDayType>
        <BankHolidayOperation>
          <DaysOfNonOperation>
            <AllBankHolidays />
          </DaysOfNonOperation>
        </BankHolidayOperation>
      </OperatingProfile>
      <VehicleJourneyCode>J1</VehicleJourneyCode>
      <ServiceRef>NW_02_ANW_X29_1</ServiceRef>
      <LineRef>l_X29_ANW</LineRef>
      <JourneyPatternRef>JP2</JourneyPatternRef>
      <Note>
        <NoteCode>FO</NoteCode>
        <NoteText>Fridays Only</NoteText>
      </Note>
      <DepartureTime>19:30:00</DepartureTime>
    </VehicleJourney>
    <VehicleJourney>
      <PrivateCode>J2</PrivateCode>
      <Operational>
        <VehicleType>
          <VehicleTypeCode>BUS</VehicleTypeCode>
          <Description>BUS</Description>
        </VehicleType>
      </Operational>
      <OperatingProfile>
        <RegularDayType>
          <DaysOfWeek>
            <Friday />
          </DaysOfWeek>
        </RegularDayType>
        <BankHolidayOperation>
          <DaysOfNonOperation>
            <AllBankHolidays />
          </DaysOfNonOperation>
        </BankHolidayOperation>
      </OperatingProfile>
      <VehicleJourneyCode>J2</VehicleJourneyCode>
      <ServiceRef>NW_02_ANW_X29_1</ServiceRef>
      <LineRef>l_X29_ANW</LineRef>
      <VehicleJourneyRef>J1</VehicleJourneyRef>
      <Note>
        <NoteCode>FO</NoteCode>
        <NoteText>Fridays Only</NoteText>
      </Note>
      <DepartureTime>20:45:00</DepartureTime>
    </VehicleJourney>
    <VehicleJourney>
      <PrivateCode>J3</PrivateCode>
      <Operational>
        <VehicleType>
          <VehicleTypeCode>BUS</VehicleTypeCode>
          <Description>BUS</Description>
        </VehicleType>
      </Operational>
      <OperatingProfile>
        <RegularDayType>
          <DaysOfWeek>
            <Friday />
          </DaysOfWeek>
        </RegularDayType>
        <BankHolidayOperation>
          <DaysOfNonOperation>
            <AllBankHolidays />
          </DaysOfNonOperation>
        </BankHolidayOperation>
      </OperatingProfile>
      <VehicleJourneyCode>J3</VehicleJourneyCode>
      <ServiceRef>NW_02_ANW_X29_1</ServiceRef>
      <LineRef>l_X29_ANW</LineRef>
      <JourneyPatternRef>JP4</JourneyPatternRef>
      <Note>
        <NoteCode>FO</NoteCode>
        <NoteText>Fridays Only</NoteText>
      </Note>
      <DepartureTime>22:15:00</DepartureTime>
    </VehicleJourney>
    <VehicleJourney>
      <PrivateCode>J4</PrivateCode>
      <Operational>
        <VehicleType>
          <VehicleTypeCode>BUS</VehicleTypeCode>
          <Description>BUS</Description>
        </VehicleType>
      </Operational>
      <OperatingProfile>
        <RegularDayType>
          <DaysOfWeek>
            <Friday />
          </DaysOfWeek>
        </RegularDayType>
        <BankHolidayOperation>
          <DaysOfNonOperation>
            <AllBankHolidays />
          </DaysOfNonOperation>
        </BankHolidayOperation>
      </OperatingProfile>
      <VehicleJourneyCode>J4</VehicleJourneyCode>
      <ServiceRef>NW_02_ANW_X29_1</ServiceRef>
      <LineRef>l_X29_ANW</LineRef>
      <VehicleJourneyRef>J3</VehicleJourneyRef>
      <Note>
        <NoteCode>FO</NoteCode>
        <NoteText>Fridays Only</NoteText>
      </Note>
      <DepartureTime>23:15:00</DepartureTime>
    </VehicleJourney>
    <VehicleJourney>
      <PrivateCode>J5</PrivateCode>
      <Operational>
        <VehicleType>
          <VehicleTypeCode>BUS</VehicleTypeCode>
          <Description>BUS</Description>
        </VehicleType>
      </Operational>
      <OperatingProfile>
        <RegularDayType>
          <DaysOfWeek>
            <Friday />
          </DaysOfWeek>
        </RegularDayType>
        <BankHolidayOperation>
          <DaysOfNonOperation>
            <AllBankHolidays />
          </DaysOfNonOperation>
        </BankHolidayOperation>
      </OperatingProfile>
      <VehicleJourneyCode>J5</VehicleJourneyCode>
      <ServiceRef>NW_02_ANW_X29_1</ServiceRef>
      <LineRef>l_X29_ANW</LineRef>
      <JourneyPatternRef>JP6</JourneyPatternRef>
      <Note>
        <NoteCode>FO</NoteCode>
        <NoteText>Fridays Only</NoteText>
      </Note>
      <DepartureTime>18:51:00</DepartureTime>
    </VehicleJourney>
    <VehicleJourney>
      <PrivateCode>J6</PrivateCode>
      <Operational>
        <VehicleType>
          <VehicleTypeCode>BUS</VehicleTypeCode>
          <Description>BUS</Description>
        </VehicleType>
      </Operational>
      <OperatingProfile>
        <RegularDayType>
          <DaysOfWeek>
            <Friday />
          </DaysOfWeek>
        </RegularDayType>
        <BankHolidayOperation>
          <DaysOfNonOperation>
            <AllBankHolidays />
          </DaysOfNonOperation>
        </BankHolidayOperation>
      </OperatingProfile>
      <VehicleJourneyCode>J6</VehicleJourneyCode>
      <ServiceRef>NW_02_ANW_X29_1</ServiceRef>
      <LineRef>l_X29_ANW</LineRef>
      <JourneyPatternRef>JP7</JourneyPatternRef>
      <Note>
        <NoteCode>FO</NoteCode>
        <NoteText>Fridays Only</NoteText>
      </Note>
      <DepartureTime>20:06:00</DepartureTime>
    </VehicleJourney>
    <VehicleJourney>
      <PrivateCode>J7</PrivateCode>
      <Operational>
        <VehicleType>
          <VehicleTypeCode>BUS</VehicleTypeCode>
          <Description>BUS</Description>
        </VehicleType>
      </Operational>
      <OperatingProfile>
        <RegularDayType>
          <DaysOfWeek>
            <Friday />
          </DaysOfWeek>
        </RegularDayType>
        <BankHolidayOperation>
          <DaysOfNonOperation>
            <AllBankHolidays />
          </DaysOfNonOperation>
        </BankHolidayOperation>
      </OperatingProfile>
      <VehicleJourneyCode>J7</VehicleJourneyCode>
      <ServiceRef>NW_02_ANW_X29_1</ServiceRef>
      <LineRef>l_X29_ANW</LineRef>
      <VehicleJourneyRef>J6</VehicleJourneyRef>
      <Note>
        <NoteCode>FO</NoteCode>
        <NoteText>Fridays Only</NoteText>
      </Note>
      <DepartureTime>21:21:00</DepartureTime>
    </VehicleJourney>
    <VehicleJourney>
      <PrivateCode>J8</PrivateCode>
      <Operational>
        <VehicleType>
          <VehicleTypeCode>BUS</VehicleTypeCode>
          <Description>BUS</Description>
        </VehicleType>
      </Operational>
      <OperatingProfile>
        <RegularDayType>
          <DaysOfWeek>
            <Friday />
          </DaysOfWeek>
        </RegularDayType>
        <BankHolidayOperation>
          <DaysOfNonOperation>
            <AllBankHolidays />
          </DaysOfNonOperation>
        </BankHolidayOperation>
      </OperatingProfile>
      <VehicleJourneyCode>J8</VehicleJourneyCode>
      <ServiceRef>NW_02_ANW_X29_1</ServiceRef>
      <LineRef>l_X29_ANW</LineRef>
      <VehicleJourneyRef>J6</VehicleJourneyRef>
      <Note>
        <NoteCode>FO</NoteCode>
        <NoteText>Fridays Only</NoteText>
      </Note>
      <DepartureTime>22:46:00</DepartureTime>
    </VehicleJourney>
    <VehicleJourney>
      <PrivateCode>J9</PrivateCode>
      <Operational>
        <VehicleType>
          <VehicleTypeCode>BUS</VehicleTypeCode>
          <Description>BUS</Description>
        </VehicleType>
      </Operational>
      <OperatingProfile>
        <RegularDayType>
          <DaysOfWeek>
            <Friday />
          </DaysOfWeek>
        </RegularDayType>
        <BankHolidayOperation>
          <DaysOfNonOperation>
            <AllBankHolidays />
          </DaysOfNonOperation>
        </BankHolidayOperation>
      </OperatingProfile>
      <VehicleJourneyCode>J9</VehicleJourneyCode>
      <ServiceRef>NW_02_ANW_X29_1</ServiceRef>
      <LineRef>l_X29_ANW</LineRef>
      <JourneyPatternRef>JP10</JourneyPatternRef>
      <Note>
        <NoteCode>FO</NoteCode>
        <NoteText>Fridays Only</NoteText>
      </Note>
      <DepartureTime>23:46:00</DepartureTime>
    </VehicleJourney>
    <VehicleJourney>
      <PrivateCode>J10</PrivateCode>
      <Operational>
        <VehicleType>
          <VehicleTypeCode>BUS</VehicleTypeCode>
          <Description>BUS</Description>
        </VehicleType>
      </Operational>
      <OperatingProfile>
        <RegularDayType>
          <DaysOfWeek>
            <Saturday />
          </DaysOfWeek>
        </RegularDayType>
        <BankHolidayOperation>
          <DaysOfNonOperation>
            <AllBankHolidays />
          </DaysOfNonOperation>
        </BankHolidayOperation>
      </OperatingProfile>
      <VehicleJourneyCode>J10</VehicleJourneyCode>
      <ServiceRef>NW_02_ANW_X29_1</ServiceRef>
      <LineRef>l_X29_ANW</LineRef>
      <VehicleJourneyRef>J20</VehicleJourneyRef>
      <DepartureTime>18:45:00</DepartureTime>
    </VehicleJourney>
    <VehicleJourney>
      <PrivateCode>J11</PrivateCode>
      <Operational>
        <VehicleType>
          <VehicleTypeCode>BUS</VehicleTypeCode>
          <Description>BUS</Description>
        </VehicleType>
      </Operational>
      <OperatingProfile>
        <RegularDayType>
          <DaysOfWeek>
            <Saturday />
          </DaysOfWeek>
        </RegularDayType>
        <BankHolidayOperation>
          <DaysOfNonOperation>
            <AllBankHolidays />
          </DaysOfNonOperation>
        </BankHolidayOperation>
      </OperatingProfile>
      <VehicleJourneyCode>J11</VehicleJourneyCode>
      <ServiceRef>NW_02_ANW_X29_1</ServiceRef>
      <LineRef>l_X29_ANW</LineRef>
      <VehicleJourneyRef>J1</VehicleJourneyRef>
      <DepartureTime>19:30:00</DepartureTime>
    </VehicleJourney>
    <VehicleJourney>
      <PrivateCode>J12</PrivateCode>
      <Operational>
        <VehicleType>
          <VehicleTypeCode>BUS</VehicleTypeCode>
          <Description>BUS</Description>
        </VehicleType>
      </Operational>
      <OperatingProfile>
        <RegularDayType>
          <DaysOfWeek>
            <Saturday />
          </DaysOfWeek>
        </RegularDayType>
        <BankHolidayOperation>
          <DaysOfNonOperation>
            <AllBankHolidays />
          </DaysOfNonOperation>
        </BankHolidayOperation>
      </OperatingProfile>
      <VehicleJourneyCode>J12</VehicleJourneyCode>
      <ServiceRef>NW_02_ANW_X29_1</ServiceRef>
      <LineRef>l_X29_ANW</LineRef>
      <VehicleJourneyRef>J1</VehicleJourneyRef>
      <DepartureTime>20:45:00</DepartureTime>
    </VehicleJourney>
    <VehicleJourney>
      <PrivateCode>J13</PrivateCode>
      <Operational>
        <VehicleType>
          <VehicleTypeCode>BUS</VehicleTypeCode>
          <Description>BUS</Description>
        </VehicleType>
      </Operational>
      <OperatingProfile>
        <RegularDayType>
          <DaysOfWeek>
            <Saturday />
          </DaysOfWeek>
        </RegularDayType>
        <BankHolidayOperation>
          <DaysOfNonOperation>
            <AllBankHolidays />
          </DaysOfNonOperation>
        </BankHolidayOperation>
      </OperatingProfile>
      <VehicleJourneyCode>J13</VehicleJourneyCode>
      <ServiceRef>NW_02_ANW_X29_1</ServiceRef>
      <LineRef>l_X29_ANW</LineRef>
      <VehicleJourneyRef>J3</VehicleJourneyRef>
      <DepartureTime>22:15:00</DepartureTime>
    </VehicleJourney>
    <VehicleJourney>
      <PrivateCode>J14</PrivateCode>
      <Operational>
        <VehicleType>
          <VehicleTypeCode>BUS</VehicleTypeCode>
          <Description>BUS</Description>
        </VehicleType>
      </Operational>
      <OperatingProfile>
        <RegularDayType>
          <DaysOfWeek>
            <Saturday />
          </DaysOfWeek>
        </RegularDayType>
        <BankHolidayOperation>
          <DaysOfNonOperation>
            <AllBankHolidays />
          </DaysOfNonOperation>
        </BankHolidayOperation>
      </OperatingProfile>
      <VehicleJourneyCode>J14</VehicleJourneyCode>
      <ServiceRef>NW_02_ANW_X29_1</ServiceRef>
      <LineRef>l_X29_ANW</LineRef>
      <VehicleJourneyRef>J3</VehicleJourneyRef>
      <DepartureTime>23:15:00</DepartureTime>
    </VehicleJourney>
    <VehicleJourney>
      <PrivateCode>J15</PrivateCode>
      <Operational>
        <VehicleType>
          <VehicleTypeCode>BUS</VehicleTypeCode>
          <Description>BUS</Description>
        </VehicleType>
      </Operational>
      <OperatingProfile>
        <RegularDayType>
          <DaysOfWeek>
            <Saturday />
          </DaysOfWeek>
        </RegularDayType>
        <BankHolidayOperation>
          <DaysOfNonOperation>
            <AllBankHolidays />
          </DaysOfNonOperation>
        </BankHolidayOperation>
      </OperatingProfile>
      <VehicleJourneyCode>J15</VehicleJourneyCode>
      <ServiceRef>NW_02_ANW_X29_1</ServiceRef>
      <LineRef>l_X29_ANW</LineRef>
      <VehicleJourneyRef>J6</VehicleJourneyRef>
      <DepartureTime>18:51:00</DepartureTime>
    </VehicleJourney>
    <VehicleJourney>
      <PrivateCode>J16</PrivateCode>
      <Operational>
        <VehicleType>
          <VehicleTypeCode>BUS</VehicleTypeCode>
          <Description>BUS</Description>
        </VehicleType>
      </Operational>
      <OperatingProfile>
        <RegularDayType>
          <DaysOfWeek>
            <Saturday />
          </DaysOfWeek>
        </RegularDayType>
        <BankHolidayOperation>
          <DaysOfNonOperation>
            <AllBankHolidays />
          </DaysOfNonOperation>
        </BankHolidayOperation>
      </OperatingProfile>
      <VehicleJourneyCode>J16</VehicleJourneyCode>
      <ServiceRef>NW_02_ANW_X29_1</ServiceRef>
      <LineRef>l_X29_ANW</LineRef>
      <VehicleJourneyRef>J6</VehicleJourneyRef>
      <DepartureTime>20:06:00</DepartureTime>
    </VehicleJourney>
    <VehicleJourney>
      <PrivateCode>J17</PrivateCode>
      <Operational>
        <VehicleType>
          <VehicleTypeCode>BUS</VehicleTypeCode>
          <Description>BUS</Description>
        </VehicleType>
      </Operational>
      <OperatingProfile>
        <RegularDayType>
          <DaysOfWeek>
            <Saturday />
          </DaysOfWeek>
        </RegularDayType>
        <BankHolidayOperation>
          <DaysOfNonOperation>
            <AllBankHolidays />
          </DaysOfNonOperation>
        </BankHolidayOperation>
      </OperatingProfile>
      <VehicleJourneyCode>J17</VehicleJourneyCode>
      <ServiceRef>NW_02_ANW_X29_1</ServiceRef>
      <LineRef>l_X29_ANW</LineRef>
      <VehicleJourneyRef>J6</VehicleJourneyRef>
      <DepartureTime>21:21:00</DepartureTime>
    </VehicleJourney>
    <VehicleJourney>
      <PrivateCode>J18</PrivateCode>
      <Operational>
        <VehicleType>
          <VehicleTypeCode>BUS</VehicleTypeCode>
          <Description>BUS</Description>
        </VehicleType>
      </Operational>
      <OperatingProfile>
        <RegularDayType>
          <DaysOfWeek>
            <Saturday />
          </DaysOfWeek>
        </RegularDayType>
        <BankHolidayOperation>
          <DaysOfNonOperation>
            <AllBankHolidays />
          </DaysOfNonOperation>
        </BankHolidayOperation>
      </OperatingProfile>
      <VehicleJourneyCode>J18</VehicleJourneyCode>
      <ServiceRef>NW_02_ANW_X29_1</ServiceRef>
      <LineRef>l_X29_ANW</LineRef>
      <VehicleJourneyRef>J6</VehicleJourneyRef>
      <DepartureTime>22:46:00</DepartureTime>
    </VehicleJourney>
    <VehicleJourney>
      <PrivateCode>J19</PrivateCode>
      <Operational>
        <VehicleType>
          <VehicleTypeCode>BUS</VehicleTypeCode>
          <Description>BUS</Description>
        </VehicleType>
      </Operational>
      <OperatingProfile>
        <RegularDayType>
          <DaysOfWeek>
            <Saturday />
          </DaysOfWeek>
        </RegularDayType>
        <BankHolidayOperation>
          <DaysOfNonOperation>
            <AllBankHolidays />
          </DaysOfNonOperation>
        </BankHolidayOperation>
      </OperatingProfile>
      <VehicleJourneyCode>J19</VehicleJourneyCode>
      <ServiceRef>NW_02_ANW_X29_1</ServiceRef>
      <LineRef>l_X29_ANW</LineRef>
      <VehicleJourneyRef>J9</VehicleJourneyRef>
      <DepartureTime>23:46:00</DepartureTime>
    </VehicleJourney>
  </VehicleJourneys>
</TransXChange>