<?xml version="1.0" encoding="utf-8"?>
<TransXChange xmlns:xsd="http://www.w3.org/2001/XMLSchema" xmlns:xsi="http://www.w3.org/2001/XMLSchema-instance" xsi:schemaLocation="http://www.transxchange.org.uk/ http://www.transxchange.org.uk/schema/2.1/TransXChange_general.xsd" CreationDateTime="2017-09-21T11:28:13.7696744+01:00" ModificationDateTime="2017-09-21T11:28:13.7696744+01:00" Modification="new" RevisionNumber="1" FileName="TXC.xml" SchemaVersion="2.1" RegistrationDocument="false" xmlns="http://www.transxchange.org.uk/">
  <StopPoints>
    <AnnotatedStopPointRef>
      <StopPointRef>0610CH1415</StopPointRef>
      <CommonName>Police Headquarters</CommonName>
      <LocalityName>Blacon</LocalityName>
      <LocalityQualifier>Chester</LocalityQualifier>
    </AnnotatedStopPointRef>
    <AnnotatedStopPointRef>
      <StopPointRef>0610CH1494</StopPointRef>
      <CommonName>Rhuddlan Road</CommonName>
      <LocalityName>Blacon</LocalityName>
      <LocalityQualifier>Chester</LocalityQualifier>
    </AnnotatedStopPointRef>
    <AnnotatedStopPointRef>
      <StopPointRef>0610CH1410</StopPointRef>
      <CommonName>Stamford Road</CommonName>
      <LocalityName>Blacon</LocalityName>
      <LocalityQualifier>Chester</LocalityQualifier>
    </AnnotatedStopPointRef>
    <AnnotatedStopPointRef>
      <StopPointRef>0610CH1485</StopPointRef>
      <CommonName>Graham Road</CommonName>
      <LocalityName>Blacon</LocalityName>
      <LocalityQualifier>Chester</LocalityQualifier>
    </AnnotatedStopPointRef>
    <AnnotatedStopPointRef>
      <StopPointRef>0610CH1486</StopPointRef>
      <CommonName>Bridgeman Road</CommonName>
      <LocalityName>Blacon</LocalityName>
      <LocalityQualifier>Chester</LocalityQualifier>
    </AnnotatedStopPointRef>
    <AnnotatedStopPointRef>
      <StopPointRef>0610CH1489</StopPointRef>
      <CommonName>Dyserth Road</CommonName>
      <LocalityName>Blacon</LocalityName>
      <LocalityQualifier>Chester</LocalityQualifier>
    </AnnotatedStopPointRef>
    <AnnotatedStopPointRef>
      <StopPointRef>0610CH2494</StopPointRef>
      <CommonName>High School</CommonName>
      <LocalityName>Blacon</LocalityName>
      <LocalityQualifier>Chester</LocalityQualifier>
    </AnnotatedStopPointRef>
    <AnnotatedStopPointRef>
      <StopPointRef>0610CH1481</StopPointRef>
      <CommonName>St Chad's Road</CommonName>
      <LocalityName>Blacon</LocalityName>
      <LocalityQualifier>Chester</LocalityQualifier>
    </AnnotatedStopPointRef>
    <AnnotatedStopPointRef>
      <StopPointRef>0610CH1491</StopPointRef>
      <CommonName>Treborth Road</CommonName>
      <LocalityName>Blacon</LocalityName>
      <LocalityQualifier>Chester</LocalityQualifier>
    </AnnotatedStopPointRef>
    <AnnotatedStopPointRef>
      <StopPointRef>0610CH1412</StopPointRef>
      <CommonName>Lichfield Road</CommonName>
      <LocalityName>Blacon</LocalityName>
      <LocalityQualifier>Chester</LocalityQualifier>
    </AnnotatedStopPointRef>
    <AnnotatedStopPointRef>
      <StopPointRef>0610CH1407</StopPointRef>
      <CommonName>Blacon Parade</CommonName>
      <LocalityName>Blacon</LocalityName>
      <LocalityQualifier>Chester</LocalityQualifier>
    </AnnotatedStopPointRef>
    <AnnotatedStopPointRef>
      <StopPointRef>0610CH1414</StopPointRef>
      <CommonName>Ludlow Road</CommonName>
      <LocalityName>Blacon</LocalityName>
      <LocalityQualifier>Chester</LocalityQualifier>
    </AnnotatedStopPointRef>
    <AnnotatedStopPointRef>
      <StopPointRef>0610CH1451</StopPointRef>
      <CommonName>Adelaide Road</CommonName>
      <LocalityName>Blacon</LocalityName>
      <LocalityQualifier>Chester</LocalityQualifier>
    </AnnotatedStopPointRef>
    <AnnotatedStopPointRef>
      <StopPointRef>0610CH1054</StopPointRef>
      <CommonName>Chester Bus Interchange</CommonName>
      <LocalityName>Chester</LocalityName>
      <LocalityQualifier>Chester</LocalityQualifier>
    </AnnotatedStopPointRef>
    <AnnotatedStopPointRef>
      <StopPointRef>0610CH2479</StopPointRef>
      <CommonName>Main Entrance</CommonName>
      <LocalityName>Bache</LocalityName>
      <LocalityQualifier>Chester</LocalityQualifier>
    </AnnotatedStopPointRef>
    <AnnotatedStopPointRef>
      <StopPointRef>0610CH19048</StopPointRef>
      <CommonName>Delamere Street</CommonName>
      <LocalityName>Chester</LocalityName>
      <LocalityQualifier>Chester</LocalityQualifier>
    </AnnotatedStopPointRef>
    <AnnotatedStopPointRef>
      <StopPointRef>0610CH511</StopPointRef>
      <CommonName>The Little Owl</CommonName>
      <LocalityName>Chester</LocalityName>
      <LocalityQualifier>Chester</LocalityQualifier>
    </AnnotatedStopPointRef>
    <AnnotatedStopPointRef>
      <StopPointRef>0610CH1127</StopPointRef>
      <CommonName>Countess Hospital</CommonName>
      <LocalityName>Bache</LocalityName>
      <LocalityQualifier>Chester</LocalityQualifier>
    </AnnotatedStopPointRef>
    <AnnotatedStopPointRef>
      <StopPointRef>0610CH1128</StopPointRef>
      <CommonName>Egerton Arms PH</CommonName>
      <LocalityName>Bache</LocalityName>
      <LocalityQualifier>Chester</LocalityQualifier>
    </AnnotatedStopPointRef>
    <AnnotatedStopPointRef>
      <StopPointRef>0610CH1115</StopPointRef>
      <CommonName>Waterloo Road</CommonName>
      <LocalityName>Chester</LocalityName>
      <LocalityQualifier>Chester</LocalityQualifier>
    </AnnotatedStopPointRef>
    <AnnotatedStopPointRef>
      <StopPointRef>0610CH1117</StopPointRef>
      <CommonName>Abbot's Drive</CommonName>
      <LocalityName>Chester</LocalityName>
      <LocalityQualifier>Chester</LocalityQualifier>
    </AnnotatedStopPointRef>
    <AnnotatedStopPointRef>
      <StopPointRef>0610CH1118</StopPointRef>
      <CommonName>Countess Hospital</CommonName>
      <LocalityName>Bache</LocalityName>
      <LocalityQualifier>Chester</LocalityQualifier>
    </AnnotatedStopPointRef>
    <AnnotatedStopPointRef>
      <StopPointRef>0610CH1153</StopPointRef>
      <CommonName>Abbot's Grange</CommonName>
      <LocalityName>Chester</LocalityName>
      <LocalityQualifier>Chester</LocalityQualifier>
    </AnnotatedStopPointRef>
    <AnnotatedStopPointRef>
      <StopPointRef>0610CH703</StopPointRef>
      <CommonName>Cairns Crescent</CommonName>
      <LocalityName>Blacon</LocalityName>
      <LocalityQualifier>Chester</LocalityQualifier>
    </AnnotatedStopPointRef>
    <AnnotatedStopPointRef>
      <StopPointRef>0610CH2491</StopPointRef>
      <CommonName>High School</CommonName>
      <LocalityName>Blacon</LocalityName>
      <LocalityQualifier>Chester</LocalityQualifier>
    </AnnotatedStopPointRef>
    <AnnotatedStopPointRef>
      <StopPointRef>0610CH2519</StopPointRef>
      <CommonName>Northgate Pharmacy Alighting</CommonName>
      <LocalityName>Chester</LocalityName>
      <LocalityQualifier>Chester</LocalityQualifier>
    </AnnotatedStopPointRef>
    <AnnotatedStopPointRef>
      <StopPointRef>0610CH1395</StopPointRef>
      <CommonName>Cranleigh Crescent</CommonName>
      <LocalityName>Chester</LocalityName>
      <LocalityQualifier>Chester</LocalityQualifier>
    </AnnotatedStopPointRef>
    <AnnotatedStopPointRef>
      <StopPointRef>0610CH1405</StopPointRef>
      <CommonName>The Arches School</CommonName>
      <LocalityName>Blacon</LocalityName>
      <LocalityQualifier>Chester</LocalityQualifier>
    </AnnotatedStopPointRef>
    <AnnotatedStopPointRef>
      <StopPointRef>0610CH1480</StopPointRef>
      <CommonName>The Lodge</CommonName>
      <LocalityName>Blacon</LocalityName>
      <LocalityQualifier>Chester</LocalityQualifier>
    </AnnotatedStopPointRef>
    <AnnotatedStopPointRef>
      <StopPointRef>0610CH1477</StopPointRef>
      <CommonName>Furne Road</CommonName>
      <LocalityName>Blacon</LocalityName>
      <LocalityQualifier>Chester</LocalityQualifier>
    </AnnotatedStopPointRef>
    <AnnotatedStopPointRef>
      <StopPointRef>0610CH1478</StopPointRef>
      <CommonName>The Highfield</CommonName>
      <LocalityName>Blacon</LocalityName>
      <LocalityQualifier>Chester</LocalityQualifier>
    </AnnotatedStopPointRef>
  </StopPoints>
  <JourneyPatternSections>
    <JourneyPatternSection id="JPSection-1">
      <JourneyPatternTimingLink id="JPSection-1-SEC2-POS6">
        <From>
          <Activity>pickUp</Activity>
          <StopPointRef>0610CH1480</StopPointRef>
          <TimingStatus>PTP</TimingStatus>
        </From>
        <To>
          <Activity>pickUpAndSetDown</Activity>
          <StopPointRef>0610CH1481</StopPointRef>
          <TimingStatus>OTH</TimingStatus>
        </To>
        <RunTime>PT0M</RunTime>
      </JourneyPatternTimingLink>
      <JourneyPatternTimingLink id="JPSection-1-SEC2-POS7">
        <From>
          <Activity>pickUpAndSetDown</Activity>
          <StopPointRef>0610CH1481</StopPointRef>
          <TimingStatus>OTH</TimingStatus>
        </From>
        <To>
          <Activity>pickUpAndSetDown</Activity>
          <StopPointRef>0610CH1485</StopPointRef>
          <TimingStatus>OTH</TimingStatus>
        </To>
        <RunTime>PT1M</RunTime>
      </JourneyPatternTimingLink>
      <JourneyPatternTimingLink id="JPSection-1-SEC2-POS8">
        <From>
          <Activity>pickUpAndSetDown</Activity>
          <StopPointRef>0610CH1485</StopPointRef>
          <TimingStatus>OTH</TimingStatus>
        </From>
        <To>
          <Activity>pickUpAndSetDown</Activity>
          <StopPointRef>0610CH1486</StopPointRef>
          <TimingStatus>OTH</TimingStatus>
        </To>
        <RunTime>PT1M</RunTime>
      </JourneyPatternTimingLink>
      <JourneyPatternTimingLink id="JPSection-1-SEC2-POS9">
        <From>
          <Activity>pickUpAndSetDown</Activity>
          <StopPointRef>0610CH1486</StopPointRef>
          <TimingStatus>OTH</TimingStatus>
        </From>
        <To>
          <Activity>pickUpAndSetDown</Activity>
          <StopPointRef>0610CH1489</StopPointRef>
          <TimingStatus>OTH</TimingStatus>
        </To>
        <RunTime>PT1M</RunTime>
      </JourneyPatternTimingLink>
      <JourneyPatternTimingLink id="JPSection-1-SEC2-POS10">
        <From>
          <Activity>pickUpAndSetDown</Activity>
          <StopPointRef>0610CH1489</StopPointRef>
          <TimingStatus>OTH</TimingStatus>
        </From>
        <To>
          <Activity>pickUpAndSetDown</Activity>
          <StopPointRef>0610CH1491</StopPointRef>
          <TimingStatus>OTH</TimingStatus>
        </To>
        <RunTime>PT0M</RunTime>
      </JourneyPatternTimingLink>
      <JourneyPatternTimingLink id="JPSection-1-SEC2-POS11">
        <From>
          <Activity>pickUpAndSetDown</Activity>
          <StopPointRef>0610CH1491</StopPointRef>
          <TimingStatus>OTH</TimingStatus>
        </From>
        <To>
          <Activity>pickUpAndSetDown</Activity>
          <StopPointRef>0610CH1494</StopPointRef>
          <TimingStatus>OTH</TimingStatus>
        </To>
        <RunTime>PT1M</RunTime>
      </JourneyPatternTimingLink>
      <JourneyPatternTimingLink id="JPSection-1-SEC2-POS12">
        <From>
          <Activity>pickUpAndSetDown</Activity>
          <StopPointRef>0610CH1494</StopPointRef>
          <TimingStatus>OTH</TimingStatus>
        </From>
        <To>
          <Activity>pickUpAndSetDown</Activity>
          <StopPointRef>0610CH1451</StopPointRef>
          <TimingStatus>PTP</TimingStatus>
        </To>
        <RunTime>PT1M</RunTime>
      </JourneyPatternTimingLink>
      <JourneyPatternTimingLink id="JPSection-1-SEC2-POS13">
        <From>
          <Activity>pickUpAndSetDown</Activity>
          <StopPointRef>0610CH1451</StopPointRef>
          <TimingStatus>PTP</TimingStatus>
        </From>
        <To>
          <Activity>pickUpAndSetDown</Activity>
          <StopPointRef>0610CH2494</StopPointRef>
          <TimingStatus>OTH</TimingStatus>
        </To>
        <RunTime>PT0M</RunTime>
      </JourneyPatternTimingLink>
      <JourneyPatternTimingLink id="JPSection-1-SEC2-POS14">
        <From>
          <Activity>pickUpAndSetDown</Activity>
          <StopPointRef>0610CH2494</StopPointRef>
          <TimingStatus>OTH</TimingStatus>
        </From>
        <To>
          <Activity>pickUpAndSetDown</Activity>
          <StopPointRef>0610CH2491</StopPointRef>
          <TimingStatus>OTH</TimingStatus>
        </To>
        <RunTime>PT1M</RunTime>
      </JourneyPatternTimingLink>
      <JourneyPatternTimingLink id="JPSection-1-SEC2-POS15">
        <From>
          <Activity>pickUpAndSetDown</Activity>
          <StopPointRef>0610CH2491</StopPointRef>
          <TimingStatus>OTH</TimingStatus>
        </From>
        <To>
          <Activity>pickUpAndSetDown</Activity>
          <StopPointRef>0610CH703</StopPointRef>
          <TimingStatus>OTH</TimingStatus>
        </To>
        <RunTime>PT0M</RunTime>
      </JourneyPatternTimingLink>
      <JourneyPatternTimingLink id="JPSection-1-SEC2-POS16">
        <From>
          <Activity>pickUpAndSetDown</Activity>
          <StopPointRef>0610CH703</StopPointRef>
          <TimingStatus>OTH</TimingStatus>
        </From>
        <To>
          <Activity>pickUpAndSetDown</Activity>
          <StopPointRef>0610CH1477</StopPointRef>
          <TimingStatus>OTH</TimingStatus>
        </To>
        <RunTime>PT1M</RunTime>
      </JourneyPatternTimingLink>
      <JourneyPatternTimingLink id="JPSection-1-SEC2-POS17">
        <From>
          <Activity>pickUpAndSetDown</Activity>
          <StopPointRef>0610CH1477</StopPointRef>
          <TimingStatus>OTH</TimingStatus>
        </From>
        <To>
          <Activity>pickUpAndSetDown</Activity>
          <StopPointRef>0610CH1478</StopPointRef>
          <TimingStatus>OTH</TimingStatus>
        </To>
        <RunTime>PT1M</RunTime>
      </JourneyPatternTimingLink>
      <JourneyPatternTimingLink id="JPSection-1-SEC2-POS18">
        <From>
          <Activity>pickUpAndSetDown</Activity>
          <StopPointRef>0610CH1478</StopPointRef>
          <TimingStatus>OTH</TimingStatus>
        </From>
        <To>
          <Activity>pickUpAndSetDown</Activity>
          <StopPointRef>0610CH1405</StopPointRef>
          <TimingStatus>OTH</TimingStatus>
        </To>
        <RunTime>PT0M</RunTime>
      </JourneyPatternTimingLink>
      <JourneyPatternTimingLink id="JPSection-1-SEC2-POS19">
        <From>
          <Activity>pickUpAndSetDown</Activity>
          <StopPointRef>0610CH1405</StopPointRef>
          <TimingStatus>OTH</TimingStatus>
        </From>
        <To>
          <Activity>pickUpAndSetDown</Activity>
          <StopPointRef>0610CH1407</StopPointRef>
          <TimingStatus>PTP</TimingStatus>
        </To>
        <RunTime>PT1M</RunTime>
      </JourneyPatternTimingLink>
      <JourneyPatternTimingLink id="JPSection-1-SEC2-POS20">
        <From>
          <Activity>pickUpAndSetDown</Activity>
          <StopPointRef>0610CH1407</StopPointRef>
          <TimingStatus>PTP</TimingStatus>
        </From>
        <To>
          <Activity>pickUpAndSetDown</Activity>
          <StopPointRef>0610CH1410</StopPointRef>
          <TimingStatus>OTH</TimingStatus>
        </To>
        <RunTime>PT1M</RunTime>
      </JourneyPatternTimingLink>
      <JourneyPatternTimingLink id="JPSection-1-SEC2-POS21">
        <From>
          <Activity>pickUpAndSetDown</Activity>
          <StopPointRef>0610CH1410</StopPointRef>
          <TimingStatus>OTH</TimingStatus>
        </From>
        <To>
          <Activity>pickUpAndSetDown</Activity>
          <StopPointRef>0610CH1412</StopPointRef>
          <TimingStatus>OTH</TimingStatus>
        </To>
        <RunTime>PT1M</RunTime>
      </JourneyPatternTimingLink>
      <JourneyPatternTimingLink id="JPSection-1-SEC2-POS22">
        <From>
          <Activity>pickUpAndSetDown</Activity>
          <StopPointRef>0610CH1412</StopPointRef>
          <TimingStatus>OTH</TimingStatus>
        </From>
        <To>
          <Activity>pickUpAndSetDown</Activity>
          <StopPointRef>0610CH1414</StopPointRef>
          <TimingStatus>OTH</TimingStatus>
        </To>
        <RunTime>PT1M</RunTime>
      </JourneyPatternTimingLink>
      <JourneyPatternTimingLink id="JPSection-1-SEC2-POS23">
        <From>
          <Activity>pickUpAndSetDown</Activity>
          <StopPointRef>0610CH1414</StopPointRef>
          <TimingStatus>OTH</TimingStatus>
        </From>
        <To>
          <Activity>pickUpAndSetDown</Activity>
          <StopPointRef>0610CH1415</StopPointRef>
          <TimingStatus>OTH</TimingStatus>
        </To>
        <RunTime>PT0M</RunTime>
      </JourneyPatternTimingLink>
      <JourneyPatternTimingLink id="JPSection-1-SEC2-POS24">
        <From>
          <Activity>pickUpAndSetDown</Activity>
          <StopPointRef>0610CH1415</StopPointRef>
          <TimingStatus>OTH</TimingStatus>
        </From>
        <To>
          <Activity>pickUpAndSetDown</Activity>
          <StopPointRef>0610CH1118</StopPointRef>
          <TimingStatus>OTH</TimingStatus>
        </To>
        <RunTime>PT4M</RunTime>
      </JourneyPatternTimingLink>
      <JourneyPatternTimingLink id="JPSection-1-SEC2-POS25">
        <From>
          <Activity>pickUpAndSetDown</Activity>
          <StopPointRef>0610CH1118</StopPointRef>
          <TimingStatus>OTH</TimingStatus>
        </From>
        <To>
          <Activity>setDown</Activity>
          <StopPointRef>0610CH2479</StopPointRef>
          <TimingStatus>PTP</TimingStatus>
        </To>
        <RunTime>PT1M</RunTime>
      </JourneyPatternTimingLink>
    </JourneyPatternSection>
    <JourneyPatternSection id="JPSection-2">
      <JourneyPatternTimingLink id="JPSection-2-SEC2-POS6">
        <From>
          <Activity>pickUp</Activity>
          <StopPointRef>0610CH1480</StopPointRef>
          <TimingStatus>PTP</TimingStatus>
        </From>
        <To>
          <Activity>pickUpAndSetDown</Activity>
          <StopPointRef>0610CH1481</StopPointRef>
          <TimingStatus>OTH</TimingStatus>
        </To>
        <RunTime>PT0M</RunTime>
      </JourneyPatternTimingLink>
      <JourneyPatternTimingLink id="JPSection-2-SEC2-POS7">
        <From>
          <Activity>pickUpAndSetDown</Activity>
          <StopPointRef>0610CH1481</StopPointRef>
          <TimingStatus>OTH</TimingStatus>
        </From>
        <To>
          <Activity>pickUpAndSetDown</Activity>
          <StopPointRef>0610CH1485</StopPointRef>
          <TimingStatus>OTH</TimingStatus>
        </To>
        <RunTime>PT1M</RunTime>
      </JourneyPatternTimingLink>
      <JourneyPatternTimingLink id="JPSection-2-SEC2-POS8">
        <From>
          <Activity>pickUpAndSetDown</Activity>
          <StopPointRef>0610CH1485</StopPointRef>
          <TimingStatus>OTH</TimingStatus>
        </From>
        <To>
          <Activity>pickUpAndSetDown</Activity>
          <StopPointRef>0610CH1486</StopPointRef>
          <TimingStatus>OTH</TimingStatus>
        </To>
        <RunTime>PT1M</RunTime>
      </JourneyPatternTimingLink>
      <JourneyPatternTimingLink id="JPSection-2-SEC2-POS9">
        <From>
          <Activity>pickUpAndSetDown</Activity>
          <StopPointRef>0610CH1486</StopPointRef>
          <TimingStatus>OTH</TimingStatus>
        </From>
        <To>
          <Activity>pickUpAndSetDown</Activity>
          <StopPointRef>0610CH1489</StopPointRef>
          <TimingStatus>OTH</TimingStatus>
        </To>
        <RunTime>PT1M</RunTime>
      </JourneyPatternTimingLink>
      <JourneyPatternTimingLink id="JPSection-2-SEC2-POS10">
        <From>
          <Activity>pickUpAndSetDown</Activity>
          <StopPointRef>0610CH1489</StopPointRef>
          <TimingStatus>OTH</TimingStatus>
        </From>
        <To>
          <Activity>pickUpAndSetDown</Activity>
          <StopPointRef>0610CH1491</StopPointRef>
          <TimingStatus>OTH</TimingStatus>
        </To>
        <RunTime>PT0M</RunTime>
      </JourneyPatternTimingLink>
      <JourneyPatternTimingLink id="JPSection-2-SEC2-POS11">
        <From>
          <Activity>pickUpAndSetDown</Activity>
          <StopPointRef>0610CH1491</StopPointRef>
          <TimingStatus>OTH</TimingStatus>
        </From>
        <To>
          <Activity>pickUpAndSetDown</Activity>
          <StopPointRef>0610CH1494</StopPointRef>
          <TimingStatus>OTH</TimingStatus>
        </To>
        <RunTime>PT1M</RunTime>
      </JourneyPatternTimingLink>
      <JourneyPatternTimingLink id="JPSection-2-SEC2-POS12">
        <From>
          <Activity>pickUpAndSetDown</Activity>
          <StopPointRef>0610CH1494</StopPointRef>
          <TimingStatus>OTH</TimingStatus>
        </From>
        <To>
          <Activity>pickUpAndSetDown</Activity>
          <StopPointRef>0610CH1451</StopPointRef>
          <TimingStatus>PTP</TimingStatus>
        </To>
        <RunTime>PT1M</RunTime>
      </JourneyPatternTimingLink>
      <JourneyPatternTimingLink id="JPSection-2-SEC2-POS13">
        <From>
          <Activity>pickUpAndSetDown</Activity>
          <StopPointRef>0610CH1451</StopPointRef>
          <TimingStatus>PTP</TimingStatus>
        </From>
        <To>
          <Activity>pickUpAndSetDown</Activity>
          <StopPointRef>0610CH2494</StopPointRef>
          <TimingStatus>OTH</TimingStatus>
        </To>
        <RunTime>PT0M</RunTime>
      </JourneyPatternTimingLink>
      <JourneyPatternTimingLink id="JPSection-2-SEC2-POS14">
        <From>
          <Activity>pickUpAndSetDown</Activity>
          <StopPointRef>0610CH2494</StopPointRef>
          <TimingStatus>OTH</TimingStatus>
        </From>
        <To>
          <Activity>pickUpAndSetDown</Activity>
          <StopPointRef>0610CH2491</StopPointRef>
          <TimingStatus>OTH</TimingStatus>
        </To>
        <RunTime>PT1M</RunTime>
      </JourneyPatternTimingLink>
      <JourneyPatternTimingLink id="JPSection-2-SEC2-POS15">
        <From>
          <Activity>pickUpAndSetDown</Activity>
          <StopPointRef>0610CH2491</StopPointRef>
          <TimingStatus>OTH</TimingStatus>
        </From>
        <To>
          <Activity>pickUpAndSetDown</Activity>
          <StopPointRef>0610CH703</StopPointRef>
          <TimingStatus>OTH</TimingStatus>
        </To>
        <RunTime>PT0M</RunTime>
      </JourneyPatternTimingLink>
      <JourneyPatternTimingLink id="JPSection-2-SEC2-POS16">
        <From>
          <Activity>pickUpAndSetDown</Activity>
          <StopPointRef>0610CH703</StopPointRef>
          <TimingStatus>OTH</TimingStatus>
        </From>
        <To>
          <Activity>pickUpAndSetDown</Activity>
          <StopPointRef>0610CH1477</StopPointRef>
          <TimingStatus>OTH</TimingStatus>
        </To>
        <RunTime>PT1M</RunTime>
      </JourneyPatternTimingLink>
      <JourneyPatternTimingLink id="JPSection-2-SEC2-POS17">
        <From>
          <Activity>pickUpAndSetDown</Activity>
          <StopPointRef>0610CH1477</StopPointRef>
          <TimingStatus>OTH</TimingStatus>
        </From>
        <To>
          <Activity>pickUpAndSetDown</Activity>
          <StopPointRef>0610CH1478</StopPointRef>
          <TimingStatus>OTH</TimingStatus>
        </To>
        <RunTime>PT1M</RunTime>
      </JourneyPatternTimingLink>
      <JourneyPatternTimingLink id="JPSection-2-SEC2-POS18">
        <From>
          <Activity>pickUpAndSetDown</Activity>
          <StopPointRef>0610CH1478</StopPointRef>
          <TimingStatus>OTH</TimingStatus>
        </From>
        <To>
          <Activity>pickUpAndSetDown</Activity>
          <StopPointRef>0610CH1405</StopPointRef>
          <TimingStatus>OTH</TimingStatus>
        </To>
        <RunTime>PT0M</RunTime>
      </JourneyPatternTimingLink>
      <JourneyPatternTimingLink id="JPSection-2-SEC2-POS19">
        <From>
          <Activity>pickUpAndSetDown</Activity>
          <StopPointRef>0610CH1405</StopPointRef>
          <TimingStatus>OTH</TimingStatus>
        </From>
        <To>
          <Activity>pickUpAndSetDown</Activity>
          <StopPointRef>0610CH1407</StopPointRef>
          <TimingStatus>PTP</TimingStatus>
        </To>
        <RunTime>PT1M</RunTime>
      </JourneyPatternTimingLink>
      <JourneyPatternTimingLink id="JPSection-2-SEC2-POS20">
        <From>
          <Activity>pickUpAndSetDown</Activity>
          <StopPointRef>0610CH1407</StopPointRef>
          <TimingStatus>PTP</TimingStatus>
        </From>
        <To>
          <Activity>pickUpAndSetDown</Activity>
          <StopPointRef>0610CH1410</StopPointRef>
          <TimingStatus>OTH</TimingStatus>
        </To>
        <RunTime>PT1M</RunTime>
      </JourneyPatternTimingLink>
      <JourneyPatternTimingLink id="JPSection-2-SEC2-POS21">
        <From>
          <Activity>pickUpAndSetDown</Activity>
          <StopPointRef>0610CH1410</StopPointRef>
          <TimingStatus>OTH</TimingStatus>
        </From>
        <To>
          <Activity>pickUpAndSetDown</Activity>
          <StopPointRef>0610CH1412</StopPointRef>
          <TimingStatus>OTH</TimingStatus>
        </To>
        <RunTime>PT1M</RunTime>
      </JourneyPatternTimingLink>
      <JourneyPatternTimingLink id="JPSection-2-SEC2-POS22">
        <From>
          <Activity>pickUpAndSetDown</Activity>
          <StopPointRef>0610CH1412</StopPointRef>
          <TimingStatus>OTH</TimingStatus>
        </From>
        <To>
          <Activity>pickUpAndSetDown</Activity>
          <StopPointRef>0610CH1414</StopPointRef>
          <TimingStatus>OTH</TimingStatus>
        </To>
        <RunTime>PT1M</RunTime>
      </JourneyPatternTimingLink>
      <JourneyPatternTimingLink id="JPSection-2-SEC2-POS23">
        <From>
          <Activity>pickUpAndSetDown</Activity>
          <StopPointRef>0610CH1414</StopPointRef>
          <TimingStatus>OTH</TimingStatus>
        </From>
        <To>
          <Activity>pickUpAndSetDown</Activity>
          <StopPointRef>0610CH1415</StopPointRef>
          <TimingStatus>OTH</TimingStatus>
        </To>
        <RunTime>PT0M</RunTime>
      </JourneyPatternTimingLink>
      <JourneyPatternTimingLink id="JPSection-2-SEC2-POS24">
        <From>
          <Activity>pickUpAndSetDown</Activity>
          <StopPointRef>0610CH1415</StopPointRef>
          <TimingStatus>OTH</TimingStatus>
        </From>
        <To>
          <Activity>pickUpAndSetDown</Activity>
          <StopPointRef>0610CH1118</StopPointRef>
          <TimingStatus>OTH</TimingStatus>
        </To>
        <RunTime>PT4M</RunTime>
      </JourneyPatternTimingLink>
      <JourneyPatternTimingLink id="JPSection-2-SEC2-POS25">
        <From>
          <Activity>pickUpAndSetDown</Activity>
          <StopPointRef>0610CH1118</StopPointRef>
          <TimingStatus>OTH</TimingStatus>
        </From>
        <To>
          <Activity>setDown</Activity>
          <StopPointRef>0610CH2479</StopPointRef>
          <TimingStatus>PTP</TimingStatus>
        </To>
        <RunTime>PT1M</RunTime>
      </JourneyPatternTimingLink>
    </JourneyPatternSection>
    <JourneyPatternSection id="JPSection-3">
      <JourneyPatternTimingLink id="JPSection-3-SEC1-POS1">
        <From>
          <Activity>pickUp</Activity>
          <StopPointRef>0610CH2479</StopPointRef>
          <TimingStatus>PTP</TimingStatus>
        </From>
        <To>
          <Activity>pickUpAndSetDown</Activity>
          <StopPointRef>0610CH1127</StopPointRef>
          <TimingStatus>OTH</TimingStatus>
        </To>
        <RunTime>PT0M</RunTime>
      </JourneyPatternTimingLink>
      <JourneyPatternTimingLink id="JPSection-3-SEC1-POS2">
        <From>
          <Activity>pickUpAndSetDown</Activity>
          <StopPointRef>0610CH1127</StopPointRef>
          <TimingStatus>OTH</TimingStatus>
        </From>
        <To>
          <Activity>pickUpAndSetDown</Activity>
          <StopPointRef>0610CH1128</StopPointRef>
          <TimingStatus>OTH</TimingStatus>
        </To>
        <RunTime>PT0M</RunTime>
      </JourneyPatternTimingLink>
      <JourneyPatternTimingLink id="JPSection-3-SEC1-POS3">
        <From>
          <Activity>pickUpAndSetDown</Activity>
          <StopPointRef>0610CH1128</StopPointRef>
          <TimingStatus>OTH</TimingStatus>
        </From>
        <To>
          <Activity>pickUpAndSetDown</Activity>
          <StopPointRef>0610CH511</StopPointRef>
          <TimingStatus>OTH</TimingStatus>
        </To>
        <RunTime>PT2M</RunTime>
      </JourneyPatternTimingLink>
      <JourneyPatternTimingLink id="JPSection-3-SEC1-POS4">
        <From>
          <Activity>pickUpAndSetDown</Activity>
          <StopPointRef>0610CH511</StopPointRef>
          <TimingStatus>OTH</TimingStatus>
        </From>
        <To>
          <Activity>pickUpAndSetDown</Activity>
          <StopPointRef>0610CH1395</StopPointRef>
          <TimingStatus>OTH</TimingStatus>
        </To>
        <RunTime>PT2M</RunTime>
      </JourneyPatternTimingLink>
      <JourneyPatternTimingLink id="JPSection-3-SEC1-POS5">
        <From>
          <Activity>pickUpAndSetDown</Activity>
          <StopPointRef>0610CH1395</StopPointRef>
          <TimingStatus>OTH</TimingStatus>
        </From>
        <To>
          <Activity>setDown</Activity>
          <StopPointRef>0610CH1480</StopPointRef>
          <TimingStatus>PTP</TimingStatus>
        </To>
        <RunTime>PT2M</RunTime>
      </JourneyPatternTimingLink>
    </JourneyPatternSection>
    <JourneyPatternSection id="JPSection-4">
      <JourneyPatternTimingLink id="JPSection-4-SEC3-POS26">
        <From>
          <Activity>pickUpAndSetDown</Activity>
          <StopPointRef>0610CH2479</StopPointRef>
          <TimingStatus>PTP</TimingStatus>
        </From>
        <To>
          <Activity>pickUpAndSetDown</Activity>
          <StopPointRef>0610CH1127</StopPointRef>
          <TimingStatus>OTH</TimingStatus>
        </To>
        <RunTime>PT0M</RunTime>
      </JourneyPatternTimingLink>
      <JourneyPatternTimingLink id="JPSection-4-SEC3-POS27">
        <From>
          <Activity>pickUpAndSetDown</Activity>
          <StopPointRef>0610CH1127</StopPointRef>
          <TimingStatus>OTH</TimingStatus>
        </From>
        <To>
          <Activity>pickUpAndSetDown</Activity>
          <StopPointRef>0610CH1128</StopPointRef>
          <TimingStatus>OTH</TimingStatus>
        </To>
        <RunTime>PT1M</RunTime>
      </JourneyPatternTimingLink>
      <JourneyPatternTimingLink id="JPSection-4-SEC3-POS28">
        <From>
          <Activity>pickUpAndSetDown</Activity>
          <StopPointRef>0610CH1128</StopPointRef>
          <TimingStatus>OTH</TimingStatus>
        </From>
        <To>
          <Activity>pickUpAndSetDown</Activity>
          <StopPointRef>0610CH1117</StopPointRef>
          <TimingStatus>OTH</TimingStatus>
        </To>
        <RunTime>PT1M</RunTime>
      </JourneyPatternTimingLink>
      <JourneyPatternTimingLink id="JPSection-4-SEC3-POS29">
        <From>
          <Activity>pickUpAndSetDown</Activity>
          <StopPointRef>0610CH1117</StopPointRef>
          <TimingStatus>OTH</TimingStatus>
        </From>
        <To>
          <Activity>pickUpAndSetDown</Activity>
          <StopPointRef>0610CH1115</StopPointRef>
          <TimingStatus>OTH</TimingStatus>
        </To>
        <RunTime>PT1M</RunTime>
      </JourneyPatternTimingLink>
      <JourneyPatternTimingLink id="JPSection-4-SEC3-POS30">
        <From>
          <Activity>pickUpAndSetDown</Activity>
          <StopPointRef>0610CH1115</StopPointRef>
          <TimingStatus>OTH</TimingStatus>
        </From>
        <To>
          <Activity>pickUpAndSetDown</Activity>
          <StopPointRef>0610CH1153</StopPointRef>
          <TimingStatus>OTH</TimingStatus>
        </To>
        <RunTime>PT2M</RunTime>
      </JourneyPatternTimingLink>
      <JourneyPatternTimingLink id="JPSection-4-SEC3-POS31">
        <From>
          <Activity>pickUpAndSetDown</Activity>
          <StopPointRef>0610CH1153</StopPointRef>
          <TimingStatus>OTH</TimingStatus>
        </From>
        <To>
          <Activity>pickUpAndSetDown</Activity>
          <StopPointRef>0610CH2519</StopPointRef>
          <TimingStatus>OTH</TimingStatus>
        </To>
        <RunTime>PT1M</RunTime>
      </JourneyPatternTimingLink>
      <JourneyPatternTimingLink id="JPSection-4-SEC3-POS32">
        <From>
          <Activity>pickUpAndSetDown</Activity>
          <StopPointRef>0610CH2519</StopPointRef>
          <TimingStatus>OTH</TimingStatus>
        </From>
        <To>
          <Activity>pickUpAndSetDown</Activity>
          <StopPointRef>0610CH19048</StopPointRef>
          <TimingStatus>OTH</TimingStatus>
        </To>
        <RunTime>PT1M</RunTime>
      </JourneyPatternTimingLink>
      <JourneyPatternTimingLink id="JPSection-4-SEC3-POS33">
        <From>
          <Activity>pickUpAndSetDown</Activity>
          <StopPointRef>0610CH19048</StopPointRef>
          <TimingStatus>OTH</TimingStatus>
        </From>
        <To>
          <Activity>setDown</Activity>
          <StopPointRef>0610CH1054</StopPointRef>
          <TimingStatus>PTP</TimingStatus>
        </To>
        <RunTime>PT2M</RunTime>
      </JourneyPatternTimingLink>
    </JourneyPatternSection>
  </JourneyPatternSections>
  <Operators>
    <Operator id="OId_ACY">
      <NationalOperatorCode>ACYM</NationalOperatorCode>
      <OperatorCode>ACY</OperatorCode>
      <OperatorShortName>ACY</OperatorShortName>
    </Operator>
  </Operators>
  <Services>
    <Service>
      <ServiceCode>NW_02_ACY_15B_1</ServiceCode>
      <Lines>
        <Line id="l_15B_ACY">
          <LineName>15B</LineName>
        </Line>
      </Lines>
      <OperatingPeriod>
        <StartDate>2017-04-09</StartDate>
        <EndDate>2099-12-31</EndDate>
      </OperatingPeriod>
      <RegisteredOperatorRef>OId_ACY</RegisteredOperatorRef>
      <StopRequirements>
        <NoNewStopsRequired />
      </StopRequirements>
      <Mode>bus</Mode>
      <Description>Countess Hospital - Blacon</Description>
      <StandardService>
        <Origin>Blacon, Chester</Origin>
        <Destination>Chester</Destination>
        <JourneyPattern id="JP1">
          <Direction>outbound</Direction>
          <JourneyPatternSectionRefs>JPSection-3</JourneyPatternSectionRefs>
        </JourneyPattern>
        <JourneyPattern id="JP2">
          <Direction>inbound</Direction>
          <JourneyPatternSectionRefs>JPSection-1</JourneyPatternSectionRefs>
        </JourneyPattern>
        <JourneyPattern id="JP3">
          <Direction>inbound</Direction>
          <JourneyPatternSectionRefs>JPSection-2</JourneyPatternSectionRefs>
          <JourneyPatternSectionRefs>JPSection-4</JourneyPatternSectionRefs>
        </JourneyPattern>
      </StandardService>
    </Service>
  </Services>
  <VehicleJourneys>
    <VehicleJourney>
      <PrivateCode>J3</PrivateCode>
      <Operational>
        <VehicleType>
          <VehicleTypeCode>BUS</VehicleTypeCode>
          <Description>BUS</Description>
        </VehicleType>
      </Operational>
      <OperatingProfile>
        <RegularDayType>
          <DaysOfWeek>
            <MondayToFriday />
          </DaysOfWeek>
        </RegularDayType>
        <BankHolidayOperation>
          <DaysOfNonOperation>
            <AllBankHolidays />
          </DaysOfNonOperation>
        </BankHolidayOperation>
      </OperatingProfile>
      <VehicleJourneyCode>J3</VehicleJourneyCode>
      <ServiceRef>NW_02_ACY_15B_1</ServiceRef>
      <LineRef>l_15B_ACY</LineRef>
      <JourneyPatternRef>JP1</JourneyPatternRef>
      <DepartureTime>06:58:00</DepartureTime>
    </VehicleJourney>
    <VehicleJourney>
      <PrivateCode>J1</PrivateCode>
      <Operational>
        <VehicleType>
          <VehicleTypeCode>BUS</VehicleTypeCode>
          <Description>BUS</Description>
        </VehicleType>
      </Operational>
      <OperatingProfile>
        <RegularDayType>
          <DaysOfWeek>
            <MondayToFriday />
          </DaysOfWeek>
        </RegularDayType>
        <BankHolidayOperation>
          <DaysOfNonOperation>
            <AllBankHolidays />
          </DaysOfNonOperation>
        </BankHolidayOperation>
      </OperatingProfile>
      <VehicleJourneyCode>J1</VehicleJourneyCode>
      <ServiceRef>NW_02_ACY_15B_1</ServiceRef>
      <LineRef>l_15B_ACY</LineRef>
      <JourneyPatternRef>JP2</JourneyPatternRef>
      <DepartureTime>06:34:00</DepartureTime>
    </VehicleJourney>
    <VehicleJourney>
      <PrivateCode>J2</PrivateCode>
      <Operational>
        <VehicleType>
          <VehicleTypeCode>BUS</VehicleTypeCode>
          <Description>BUS</Description>
        </VehicleType>
      </Operational>
      <OperatingProfile>
        <RegularDayType>
          <DaysOfWeek>
            <MondayToFriday />
          </DaysOfWeek>
        </RegularDayType>
        <BankHolidayOperation>
          <DaysOfNonOperation>
            <AllBankHolidays />
          </DaysOfNonOperation>
        </BankHolidayOperation>
      </OperatingProfile>
      <VehicleJourneyCode>J2</VehicleJourneyCode>
      <ServiceRef>NW_02_ACY_15B_1</ServiceRef>
      <LineRef>l_15B_ACY</LineRef>
      <JourneyPatternRef>JP3</JourneyPatternRef>
      <DepartureTime>07:04:00</DepartureTime>
    </VehicleJourney>
  </VehicleJourneys>
</TransXChange>