<?xml version="1.0" encoding="utf-8"?>
<TransXChange xmlns:xsd="http://www.w3.org/2001/XMLSchema" xmlns:xsi="http://www.w3.org/2001/XMLSchema-instance" xsi:schemaLocation="http://www.transxchange.org.uk/ http://www.transxchange.org.uk/schema/2.1/TransXChange_general.xsd" CreationDateTime="2017-09-21T11:33:36.0169342+01:00" ModificationDateTime="2017-09-21T11:33:36.0169342+01:00" Modification="new" RevisionNumber="1" FileName="TXC.xml" SchemaVersion="2.1" RegistrationDocument="false" xmlns="http://www.transxchange.org.uk/">
  <StopPoints>
    <AnnotatedStopPointRef>
      <StopPointRef>090033101564</StopPointRef>
      <CommonName>Bus Station (Ca)</CommonName>
      <LocalityName>Carlisle</LocalityName>
      <LocalityQualifier>Carlisle</LocalityQualifier>
    </AnnotatedStopPointRef>
    <AnnotatedStopPointRef>
      <StopPointRef>090074201072</StopPointRef>
      <CommonName>The Old Sun Inn</CommonName>
      <LocalityName>Skirwith</LocalityName>
      <LocalityQualifier>Skirwith</LocalityQualifier>
    </AnnotatedStopPointRef>
    <AnnotatedStopPointRef>
      <StopPointRef>090074371841</StopPointRef>
      <CommonName>Village Green</CommonName>
      <LocalityName>Langwathby</LocalityName>
      <LocalityQualifier>Langwathby</LocalityQualifier>
    </AnnotatedStopPointRef>
    <AnnotatedStopPointRef>
      <StopPointRef>090074372126</StopPointRef>
      <CommonName>War Memorial</CommonName>
      <LocalityName>Edenhall</LocalityName>
      <LocalityQualifier>Edenhall</LocalityQualifier>
    </AnnotatedStopPointRef>
    <AnnotatedStopPointRef>
      <StopPointRef>090074242765</StopPointRef>
      <CommonName>School and Church</CommonName>
      <LocalityName>Great Salkeld</LocalityName>
      <LocalityQualifier>Great Salkeld</LocalityQualifier>
    </AnnotatedStopPointRef>
    <AnnotatedStopPointRef>
      <StopPointRef>090074361802</StopPointRef>
      <CommonName>Berry Moor Common</CommonName>
      <LocalityName>High Bankhill</LocalityName>
      <LocalityQualifier>High Bankhill</LocalityQualifier>
    </AnnotatedStopPointRef>
    <AnnotatedStopPointRef>
      <StopPointRef>090074542210</StopPointRef>
      <CommonName>The Fox Inn</CommonName>
      <LocalityName>Ousby</LocalityName>
      <LocalityQualifier>Ousby</LocalityQualifier>
    </AnnotatedStopPointRef>
    <AnnotatedStopPointRef>
      <StopPointRef>090074383774</StopPointRef>
      <CommonName>Town Head</CommonName>
      <LocalityName>Lazonby</LocalityName>
      <LocalityQualifier>Lazonby</LocalityQualifier>
    </AnnotatedStopPointRef>
    <AnnotatedStopPointRef>
      <StopPointRef>090074543658</StopPointRef>
      <CommonName>The New Inn</CommonName>
      <LocalityName>Melmerby</LocalityName>
      <LocalityQualifier>Melmerby</LocalityQualifier>
    </AnnotatedStopPointRef>
    <AnnotatedStopPointRef>
      <StopPointRef>090074243776</StopPointRef>
      <CommonName>Village Hall</CommonName>
      <LocalityName>Great Salkeld</LocalityName>
      <LocalityQualifier>Great Salkeld</LocalityQualifier>
    </AnnotatedStopPointRef>
    <AnnotatedStopPointRef>
      <StopPointRef>090074203952</StopPointRef>
      <CommonName>War Memorial</CommonName>
      <LocalityName>Culgaith</LocalityName>
      <LocalityQualifier>Culgaith</LocalityQualifier>
    </AnnotatedStopPointRef>
    <AnnotatedStopPointRef>
      <StopPointRef>090074383955</StopPointRef>
      <CommonName>Village Hall</CommonName>
      <LocalityName>Lazonby</LocalityName>
      <LocalityQualifier>Lazonby</LocalityQualifier>
    </AnnotatedStopPointRef>
    <AnnotatedStopPointRef>
      <StopPointRef>090074363954</StopPointRef>
      <CommonName>Market Square</CommonName>
      <LocalityName>Kirkoswald</LocalityName>
      <LocalityQualifier>Kirkoswald</LocalityQualifier>
    </AnnotatedStopPointRef>
  </StopPoints>
  <JourneyPatternSections>
    <JourneyPatternSection id="JPSection-1">
      <JourneyPatternTimingLink id="JPSection-1-SEC1-POS1">
        <From>
          <Activity>pickUp</Activity>
          <StopPointRef>090074543658</StopPointRef>
          <TimingStatus>PTP</TimingStatus>
        </From>
        <To>
          <Activity>pickUpAndSetDown</Activity>
          <StopPointRef>090074542210</StopPointRef>
          <TimingStatus>PTP</TimingStatus>
        </To>
        <RunTime>PT4M</RunTime>
      </JourneyPatternTimingLink>
      <JourneyPatternTimingLink id="JPSection-1-SEC1-POS2">
        <From>
          <Activity>pickUpAndSetDown</Activity>
          <StopPointRef>090074542210</StopPointRef>
          <TimingStatus>PTP</TimingStatus>
        </From>
        <To>
          <Activity>pickUpAndSetDown</Activity>
          <StopPointRef>090074201072</StopPointRef>
          <TimingStatus>PTP</TimingStatus>
        </To>
        <RunTime>PT5M</RunTime>
      </JourneyPatternTimingLink>
      <JourneyPatternTimingLink id="JPSection-1-SEC1-POS3">
        <From>
          <Activity>pickUpAndSetDown</Activity>
          <StopPointRef>090074201072</StopPointRef>
          <TimingStatus>PTP</TimingStatus>
        </From>
        <To>
          <Activity>pickUpAndSetDown</Activity>
          <StopPointRef>090074203952</StopPointRef>
          <TimingStatus>PTP</TimingStatus>
        </To>
        <RunTime>PT5M</RunTime>
      </JourneyPatternTimingLink>
      <JourneyPatternTimingLink id="JPSection-1-SEC1-POS4">
        <From>
          <Activity>pickUpAndSetDown</Activity>
          <StopPointRef>090074203952</StopPointRef>
          <TimingStatus>PTP</TimingStatus>
        </From>
        <To>
          <Activity>pickUpAndSetDown</Activity>
          <StopPointRef>090074371841</StopPointRef>
          <TimingStatus>PTP</TimingStatus>
        </To>
        <RunTime>PT11M</RunTime>
      </JourneyPatternTimingLink>
      <JourneyPatternTimingLink id="JPSection-1-SEC1-POS5">
        <From>
          <Activity>pickUpAndSetDown</Activity>
          <StopPointRef>090074371841</StopPointRef>
          <TimingStatus>PTP</TimingStatus>
        </From>
        <To>
          <Activity>pickUpAndSetDown</Activity>
          <StopPointRef>090074372126</StopPointRef>
          <TimingStatus>PTP</TimingStatus>
        </To>
        <RunTime>PT4M</RunTime>
      </JourneyPatternTimingLink>
      <JourneyPatternTimingLink id="JPSection-1-SEC1-POS6">
        <From>
          <Activity>pickUpAndSetDown</Activity>
          <StopPointRef>090074372126</StopPointRef>
          <TimingStatus>PTP</TimingStatus>
        </From>
        <To>
          <Activity>pickUpAndSetDown</Activity>
          <StopPointRef>090074242765</StopPointRef>
          <TimingStatus>PTP</TimingStatus>
        </To>
        <RunTime>PT6M</RunTime>
      </JourneyPatternTimingLink>
      <JourneyPatternTimingLink id="JPSection-1-SEC1-POS7">
        <From>
          <Activity>pickUpAndSetDown</Activity>
          <StopPointRef>090074242765</StopPointRef>
          <TimingStatus>PTP</TimingStatus>
        </From>
        <To>
          <Activity>pickUpAndSetDown</Activity>
          <StopPointRef>090074243776</StopPointRef>
          <TimingStatus>PTP</TimingStatus>
        </To>
        <RunTime>PT0M</RunTime>
      </JourneyPatternTimingLink>
      <JourneyPatternTimingLink id="JPSection-1-SEC1-POS8">
        <From>
          <Activity>pickUpAndSetDown</Activity>
          <StopPointRef>090074243776</StopPointRef>
          <TimingStatus>PTP</TimingStatus>
        </From>
        <To>
          <Activity>pickUpAndSetDown</Activity>
          <StopPointRef>090074361802</StopPointRef>
          <TimingStatus>PTP</TimingStatus>
        </To>
        <RunTime>PT10M</RunTime>
      </JourneyPatternTimingLink>
      <JourneyPatternTimingLink id="JPSection-1-SEC1-POS9">
        <From>
          <Activity>pickUpAndSetDown</Activity>
          <StopPointRef>090074361802</StopPointRef>
          <TimingStatus>PTP</TimingStatus>
        </From>
        <To>
          <Activity>pickUpAndSetDown</Activity>
          <StopPointRef>090074363954</StopPointRef>
          <TimingStatus>PTP</TimingStatus>
        </To>
        <RunTime>PT2M</RunTime>
      </JourneyPatternTimingLink>
      <JourneyPatternTimingLink id="JPSection-1-SEC1-POS10">
        <From>
          <Activity>pickUpAndSetDown</Activity>
          <StopPointRef>090074363954</StopPointRef>
          <TimingStatus>PTP</TimingStatus>
        </From>
        <To>
          <Activity>pickUpAndSetDown</Activity>
          <StopPointRef>090074383955</StopPointRef>
          <TimingStatus>PTP</TimingStatus>
        </To>
        <RunTime>PT5M</RunTime>
      </JourneyPatternTimingLink>
      <JourneyPatternTimingLink id="JPSection-1-SEC1-POS11">
        <From>
          <Activity>pickUpAndSetDown</Activity>
          <StopPointRef>090074383955</StopPointRef>
          <TimingStatus>PTP</TimingStatus>
        </From>
        <To>
          <Activity>pickUpAndSetDown</Activity>
          <StopPointRef>090074383774</StopPointRef>
          <TimingStatus>PTP</TimingStatus>
        </To>
        <RunTime>PT2M</RunTime>
      </JourneyPatternTimingLink>
      <JourneyPatternTimingLink id="JPSection-1-SEC1-POS12">
        <From>
          <Activity>pickUpAndSetDown</Activity>
          <StopPointRef>090074383774</StopPointRef>
          <TimingStatus>PTP</TimingStatus>
        </From>
        <To>
          <Activity>setDown</Activity>
          <StopPointRef>090033101564</StopPointRef>
          <TimingStatus>PTP</TimingStatus>
        </To>
        <RunTime>PT33M</RunTime>
      </JourneyPatternTimingLink>
    </JourneyPatternSection>
  </JourneyPatternSections>
  <Operators>
    <Operator id="OId_FEL">
      <NationalOperatorCode>FELL</NationalOperatorCode>
      <OperatorCode>FEL</OperatorCode>
      <OperatorShortName>FEL</OperatorShortName>
    </Operator>
  </Operators>
  <Services>
    <Service>
      <ServiceCode>NW_03_FEL_130_1</ServiceCode>
      <Lines>
        <Line id="l_130_FEL">
          <LineName>130</LineName>
        </Line>
      </Lines>
      <OperatingPeriod>
        <StartDate>2016-12-28</StartDate>
        <EndDate>2017-12-24</EndDate>
      </OperatingPeriod>
      <RegisteredOperatorRef>OId_FEL</RegisteredOperatorRef>
      <StopRequirements>
        <NoNewStopsRequired />
      </StopRequirements>
      <Mode>bus</Mode>
      <Description>Melmerby - Carlisle</Description>
      <StandardService>
        <Origin>Melmerby</Origin>
        <Destination>Carlisle</Destination>
        <JourneyPattern id="JP1888">
          <Direction>inbound</Direction>
          <JourneyPatternSectionRefs>JPSection-1</JourneyPatternSectionRefs>
        </JourneyPattern>
      </StandardService>
    </Service>
  </Services>
  <VehicleJourneys>
    <VehicleJourney>
      <PrivateCode>309950</PrivateCode>
      <Operational>
        <VehicleType>
          <VehicleTypeCode>Bus</VehicleTypeCode>
          <Description>Bus</Description>
        </VehicleType>
      </Operational>
      <OperatingProfile>
        <RegularDayType>
          <DaysOfWeek>
            <Wednesday />
          </DaysOfWeek>
        </RegularDayType>
      </OperatingProfile>
      <VehicleJourneyCode>309950</VehicleJourneyCode>
      <ServiceRef>NW_03_FEL_130_1</ServiceRef>
      <LineRef>l_130_FEL</LineRef>
      <JourneyPatternRef>JP1888</JourneyPatternRef>
      <DepartureTime>09:08:00</DepartureTime>
    </VehicleJourney>
  </VehicleJourneys>
</TransXChange>