<?xml version="1.0" encoding="utf-8"?>
<TransXChange xmlns:xsd="http://www.w3.org/2001/XMLSchema" xmlns:xsi="http://www.w3.org/2001/XMLSchema-instance" xsi:schemaLocation="http://www.transxchange.org.uk/ http://www.transxchange.org.uk/schema/2.1/TransXChange_general.xsd" CreationDateTime="2017-09-21T11:35:01.9224573+01:00" ModificationDateTime="2017-09-21T11:35:01.9224573+01:00" Modification="new" RevisionNumber="1" FileName="TXC.xml" SchemaVersion="2.1" RegistrationDocument="false" xmlns="http://www.transxchange.org.uk/">
  <StopPoints>
    <AnnotatedStopPointRef>
      <StopPointRef>090074341266</StopPointRef>
      <CommonName>HSBC Bank</CommonName>
      <LocalityName>Kirkby Stephen</LocalityName>
      <LocalityQualifier>Kirkby Stephen</LocalityQualifier>
    </AnnotatedStopPointRef>
    <AnnotatedStopPointRef>
      <StopPointRef>090074501024</StopPointRef>
      <CommonName>The Black Bull</CommonName>
      <LocalityName>Nateby</LocalityName>
      <LocalityQualifier>Nateby</LocalityQualifier>
    </AnnotatedStopPointRef>
    <AnnotatedStopPointRef>
      <StopPointRef>090074341007</StopPointRef>
      <CommonName>Rail Station</CommonName>
      <LocalityName>Easgill Head</LocalityName>
      <LocalityQualifier>Easgill Head</LocalityQualifier>
    </AnnotatedStopPointRef>
    <AnnotatedStopPointRef>
      <StopPointRef>090074341008</StopPointRef>
      <CommonName>Rail Station</CommonName>
      <LocalityName>Easgill Head</LocalityName>
      <LocalityQualifier>Easgill Head</LocalityQualifier>
    </AnnotatedStopPointRef>
    <AnnotatedStopPointRef>
      <StopPointRef>090074574213</StopPointRef>
      <CommonName>School</CommonName>
      <LocalityName>Ravenstonedale</LocalityName>
      <LocalityQualifier>Ravenstonedale</LocalityQualifier>
    </AnnotatedStopPointRef>
    <AnnotatedStopPointRef>
      <StopPointRef>090074571033</StopPointRef>
      <CommonName>The Fat Lamb Inn</CommonName>
      <LocalityName>Fell End</LocalityName>
      <LocalityQualifier>Fell End</LocalityQualifier>
    </AnnotatedStopPointRef>
    <AnnotatedStopPointRef>
      <StopPointRef>090074571433</StopPointRef>
      <CommonName>Row Foot road end</CommonName>
      <LocalityName>Ravenstonedale</LocalityName>
      <LocalityQualifier>Ravenstonedale</LocalityQualifier>
    </AnnotatedStopPointRef>
    <AnnotatedStopPointRef>
      <StopPointRef>090074571002</StopPointRef>
      <CommonName>Endowed School</CommonName>
      <LocalityName>Ravenstonedale</LocalityName>
      <LocalityQualifier>Ravenstonedale</LocalityQualifier>
    </AnnotatedStopPointRef>
    <AnnotatedStopPointRef>
      <StopPointRef>090074573314</StopPointRef>
      <CommonName>The Fat Lamb Inn</CommonName>
      <LocalityName>Fell End</LocalityName>
      <LocalityQualifier>Fell End</LocalityQualifier>
    </AnnotatedStopPointRef>
    <AnnotatedStopPointRef>
      <StopPointRef>090074573313</StopPointRef>
      <CommonName>Row Foot road end</CommonName>
      <LocalityName>Ravenstonedale</LocalityName>
      <LocalityQualifier>Ravenstonedale</LocalityQualifier>
    </AnnotatedStopPointRef>
    <AnnotatedStopPointRef>
      <StopPointRef>090074573617</StopPointRef>
      <CommonName>The Black Swan</CommonName>
      <LocalityName>Ravenstonedale</LocalityName>
      <LocalityQualifier>Ravenstonedale</LocalityQualifier>
    </AnnotatedStopPointRef>
    <AnnotatedStopPointRef>
      <StopPointRef>090074573797</StopPointRef>
      <CommonName>Classic Coaches bus depot</CommonName>
      <LocalityName>Ravenstonedale</LocalityName>
      <LocalityQualifier>Ravenstonedale</LocalityQualifier>
    </AnnotatedStopPointRef>
    <AnnotatedStopPointRef>
      <StopPointRef>090074423804</StopPointRef>
      <CommonName>Outhgill Farm</CommonName>
      <LocalityName>Outhgill</LocalityName>
      <LocalityQualifier>Outhgill</LocalityQualifier>
    </AnnotatedStopPointRef>
    <AnnotatedStopPointRef>
      <StopPointRef>090074503805</StopPointRef>
      <CommonName>The Black Bull Inn</CommonName>
      <LocalityName>Nateby</LocalityName>
      <LocalityQualifier>Nateby</LocalityQualifier>
    </AnnotatedStopPointRef>
    <AnnotatedStopPointRef>
      <StopPointRef>090074344902</StopPointRef>
      <CommonName>Croglin Castle Hotel</CommonName>
      <LocalityName>Kirkby Stephen</LocalityName>
      <LocalityQualifier>Kirkby Stephen</LocalityQualifier>
    </AnnotatedStopPointRef>
    <AnnotatedStopPointRef>
      <StopPointRef>090074344903</StopPointRef>
      <CommonName>Croglin Castle Hotel</CommonName>
      <LocalityName>Kirkby Stephen</LocalityName>
      <LocalityQualifier>Kirkby Stephen</LocalityQualifier>
    </AnnotatedStopPointRef>
    <AnnotatedStopPointRef>
      <StopPointRef>3200YNA96817</StopPointRef>
      <CommonName>Moorcock Inn</CommonName>
      <LocalityName>Cotterdale</LocalityName>
      <LocalityQualifier>Cotterdale</LocalityQualifier>
    </AnnotatedStopPointRef>
    <AnnotatedStopPointRef>
      <StopPointRef>3200YNA96818</StopPointRef>
      <CommonName>Opp Moorcock Inn</CommonName>
      <LocalityName>Cotterdale</LocalityName>
      <LocalityQualifier>Cotterdale</LocalityQualifier>
    </AnnotatedStopPointRef>
    <AnnotatedStopPointRef>
      <StopPointRef>3200YNB00983</StopPointRef>
      <CommonName>Wensleydale Creamery</CommonName>
      <LocalityName>Gayle</LocalityName>
      <LocalityQualifier>Gayle</LocalityQualifier>
    </AnnotatedStopPointRef>
    <AnnotatedStopPointRef>
      <StopPointRef>3200YNB00984</StopPointRef>
      <CommonName>Wensleydale Creamery</CommonName>
      <LocalityName>Gayle</LocalityName>
      <LocalityQualifier>Gayle</LocalityQualifier>
    </AnnotatedStopPointRef>
    <AnnotatedStopPointRef>
      <StopPointRef>3200YNB00988</StopPointRef>
      <CommonName>Dales Countryside Museum</CommonName>
      <LocalityName>Hawes</LocalityName>
      <LocalityQualifier>Hawes</LocalityQualifier>
    </AnnotatedStopPointRef>
  </StopPoints>
  <JourneyPatternSections>
    <JourneyPatternSection id="JPSection-1">
      <JourneyPatternTimingLink id="JPSection-1-SEC1-POS1">
        <From>
          <Activity>pickUp</Activity>
          <StopPointRef>3200YNB00984</StopPointRef>
          <TimingStatus>PTP</TimingStatus>
        </From>
        <To>
          <Activity>pickUpAndSetDown</Activity>
          <StopPointRef>3200YNB00988</StopPointRef>
          <TimingStatus>PTP</TimingStatus>
        </To>
        <RunTime>PT5M</RunTime>
      </JourneyPatternTimingLink>
      <JourneyPatternTimingLink id="JPSection-1-SEC1-POS2">
        <From>
          <Activity>pickUpAndSetDown</Activity>
          <StopPointRef>3200YNB00988</StopPointRef>
          <TimingStatus>PTP</TimingStatus>
        </From>
        <To>
          <Activity>pickUpAndSetDown</Activity>
          <StopPointRef>3200YNA96818</StopPointRef>
          <TimingStatus>PTP</TimingStatus>
        </To>
        <RunTime>PT20M</RunTime>
      </JourneyPatternTimingLink>
      <JourneyPatternTimingLink id="JPSection-1-SEC1-POS3">
        <From>
          <Activity>pickUpAndSetDown</Activity>
          <StopPointRef>3200YNA96818</StopPointRef>
          <TimingStatus>PTP</TimingStatus>
        </From>
        <To>
          <Activity>pickUpAndSetDown</Activity>
          <StopPointRef>090074423804</StopPointRef>
          <TimingStatus>PTP</TimingStatus>
        </To>
        <RunTime>PT22M</RunTime>
      </JourneyPatternTimingLink>
      <JourneyPatternTimingLink id="JPSection-1-SEC1-POS4">
        <From>
          <Activity>pickUpAndSetDown</Activity>
          <StopPointRef>090074423804</StopPointRef>
          <TimingStatus>PTP</TimingStatus>
        </From>
        <To>
          <Activity>pickUpAndSetDown</Activity>
          <StopPointRef>090074503805</StopPointRef>
          <TimingStatus>PTP</TimingStatus>
        </To>
        <RunTime>PT8M</RunTime>
      </JourneyPatternTimingLink>
      <JourneyPatternTimingLink id="JPSection-1-SEC1-POS5">
        <From>
          <Activity>pickUpAndSetDown</Activity>
          <StopPointRef>090074503805</StopPointRef>
          <TimingStatus>PTP</TimingStatus>
        </From>
        <To>
          <Activity>pickUpAndSetDown</Activity>
          <StopPointRef>090074341266</StopPointRef>
          <TimingStatus>PTP</TimingStatus>
        </To>
        <RunTime>PT5M</RunTime>
      </JourneyPatternTimingLink>
      <JourneyPatternTimingLink id="JPSection-1-SEC1-POS6">
        <From>
          <Activity>pickUpAndSetDown</Activity>
          <StopPointRef>090074341266</StopPointRef>
          <TimingStatus>PTP</TimingStatus>
        </From>
        <To>
          <Activity>pickUpAndSetDown</Activity>
          <StopPointRef>090074344903</StopPointRef>
          <TimingStatus>PTP</TimingStatus>
        </To>
        <RunTime>PT2M</RunTime>
      </JourneyPatternTimingLink>
      <JourneyPatternTimingLink id="JPSection-1-SEC1-POS7">
        <From>
          <Activity>pickUpAndSetDown</Activity>
          <StopPointRef>090074344903</StopPointRef>
          <TimingStatus>PTP</TimingStatus>
        </From>
        <To>
          <Activity>pickUpAndSetDown</Activity>
          <StopPointRef>090074341008</StopPointRef>
          <TimingStatus>PTP</TimingStatus>
        </To>
        <RunTime>PT3M</RunTime>
      </JourneyPatternTimingLink>
      <JourneyPatternTimingLink id="JPSection-1-SEC1-POS8">
        <From>
          <Activity>pickUpAndSetDown</Activity>
          <StopPointRef>090074341008</StopPointRef>
          <TimingStatus>PTP</TimingStatus>
        </From>
        <To>
          <Activity>pickUpAndSetDown</Activity>
          <StopPointRef>090074574213</StopPointRef>
          <TimingStatus>PTP</TimingStatus>
        </To>
        <RunTime>PT12M</RunTime>
      </JourneyPatternTimingLink>
      <JourneyPatternTimingLink id="JPSection-1-SEC1-POS9">
        <From>
          <Activity>pickUpAndSetDown</Activity>
          <StopPointRef>090074574213</StopPointRef>
          <TimingStatus>PTP</TimingStatus>
        </From>
        <To>
          <Activity>pickUpAndSetDown</Activity>
          <StopPointRef>090074573313</StopPointRef>
          <TimingStatus>PTP</TimingStatus>
        </To>
        <RunTime>PT3M</RunTime>
      </JourneyPatternTimingLink>
      <JourneyPatternTimingLink id="JPSection-1-SEC1-POS10">
        <From>
          <Activity>pickUpAndSetDown</Activity>
          <StopPointRef>090074573313</StopPointRef>
          <TimingStatus>PTP</TimingStatus>
        </From>
        <To>
          <Activity>pickUpAndSetDown</Activity>
          <StopPointRef>090074571033</StopPointRef>
          <TimingStatus>PTP</TimingStatus>
        </To>
        <RunTime>PT10M</RunTime>
      </JourneyPatternTimingLink>
      <JourneyPatternTimingLink id="JPSection-1-SEC1-POS11">
        <From>
          <Activity>pickUpAndSetDown</Activity>
          <StopPointRef>090074571033</StopPointRef>
          <TimingStatus>PTP</TimingStatus>
        </From>
        <To>
          <Activity>setDown</Activity>
          <StopPointRef>090074573797</StopPointRef>
          <TimingStatus>PTP</TimingStatus>
        </To>
        <RunTime>PT5M</RunTime>
      </JourneyPatternTimingLink>
    </JourneyPatternSection>
    <JourneyPatternSection id="JPSection-2">
      <JourneyPatternTimingLink id="JPSection-2-SEC2-POS12">
        <From>
          <Activity>pickUp</Activity>
          <StopPointRef>090074573797</StopPointRef>
          <TimingStatus>PTP</TimingStatus>
        </From>
        <To>
          <Activity>pickUpAndSetDown</Activity>
          <StopPointRef>090074573314</StopPointRef>
          <TimingStatus>PTP</TimingStatus>
        </To>
        <RunTime>PT5M</RunTime>
      </JourneyPatternTimingLink>
      <JourneyPatternTimingLink id="JPSection-2-SEC2-POS13">
        <From>
          <Activity>pickUpAndSetDown</Activity>
          <StopPointRef>090074573314</StopPointRef>
          <TimingStatus>PTP</TimingStatus>
        </From>
        <To>
          <Activity>pickUpAndSetDown</Activity>
          <StopPointRef>090074571433</StopPointRef>
          <TimingStatus>PTP</TimingStatus>
        </To>
        <RunTime>PT5M</RunTime>
      </JourneyPatternTimingLink>
      <JourneyPatternTimingLink id="JPSection-2-SEC2-POS14">
        <From>
          <Activity>pickUpAndSetDown</Activity>
          <StopPointRef>090074571433</StopPointRef>
          <TimingStatus>PTP</TimingStatus>
        </From>
        <To>
          <Activity>pickUpAndSetDown</Activity>
          <StopPointRef>090074573617</StopPointRef>
          <TimingStatus>PTP</TimingStatus>
        </To>
        <RunTime>PT1M</RunTime>
      </JourneyPatternTimingLink>
      <JourneyPatternTimingLink id="JPSection-2-SEC2-POS15">
        <From>
          <Activity>pickUpAndSetDown</Activity>
          <StopPointRef>090074573617</StopPointRef>
          <TimingStatus>PTP</TimingStatus>
        </From>
        <To>
          <Activity>pickUpAndSetDown</Activity>
          <StopPointRef>090074571002</StopPointRef>
          <TimingStatus>PTP</TimingStatus>
        </To>
        <RunTime>PT2M</RunTime>
      </JourneyPatternTimingLink>
      <JourneyPatternTimingLink id="JPSection-2-SEC2-POS16">
        <From>
          <Activity>pickUpAndSetDown</Activity>
          <StopPointRef>090074571002</StopPointRef>
          <TimingStatus>PTP</TimingStatus>
        </From>
        <To>
          <Activity>pickUpAndSetDown</Activity>
          <StopPointRef>090074341007</StopPointRef>
          <TimingStatus>PTP</TimingStatus>
        </To>
        <RunTime>PT12M</RunTime>
      </JourneyPatternTimingLink>
      <JourneyPatternTimingLink id="JPSection-2-SEC2-POS17">
        <From>
          <Activity>pickUpAndSetDown</Activity>
          <StopPointRef>090074341007</StopPointRef>
          <TimingStatus>PTP</TimingStatus>
        </From>
        <To>
          <Activity>pickUpAndSetDown</Activity>
          <StopPointRef>090074344902</StopPointRef>
          <TimingStatus>PTP</TimingStatus>
        </To>
        <RunTime>PT2M</RunTime>
      </JourneyPatternTimingLink>
      <JourneyPatternTimingLink id="JPSection-2-SEC2-POS18">
        <From>
          <Activity>pickUpAndSetDown</Activity>
          <StopPointRef>090074344902</StopPointRef>
          <TimingStatus>PTP</TimingStatus>
        </From>
        <To>
          <WaitTime>PT10M</WaitTime>
          <Activity>pickUpAndSetDown</Activity>
          <StopPointRef>090074341266</StopPointRef>
          <TimingStatus>PTP</TimingStatus>
        </To>
        <RunTime>PT8M</RunTime>
      </JourneyPatternTimingLink>
      <JourneyPatternTimingLink id="JPSection-2-SEC2-POS19">
        <From>
          <Activity>pickUpAndSetDown</Activity>
          <StopPointRef>090074341266</StopPointRef>
          <TimingStatus>PTP</TimingStatus>
        </From>
        <To>
          <Activity>pickUpAndSetDown</Activity>
          <StopPointRef>090074501024</StopPointRef>
          <TimingStatus>PTP</TimingStatus>
        </To>
        <RunTime>PT5M</RunTime>
      </JourneyPatternTimingLink>
      <JourneyPatternTimingLink id="JPSection-2-SEC2-POS20">
        <From>
          <Activity>pickUpAndSetDown</Activity>
          <StopPointRef>090074501024</StopPointRef>
          <TimingStatus>PTP</TimingStatus>
        </From>
        <To>
          <Activity>pickUpAndSetDown</Activity>
          <StopPointRef>090074423804</StopPointRef>
          <TimingStatus>PTP</TimingStatus>
        </To>
        <RunTime>PT8M</RunTime>
      </JourneyPatternTimingLink>
      <JourneyPatternTimingLink id="JPSection-2-SEC2-POS21">
        <From>
          <Activity>pickUpAndSetDown</Activity>
          <StopPointRef>090074423804</StopPointRef>
          <TimingStatus>PTP</TimingStatus>
        </From>
        <To>
          <Activity>pickUpAndSetDown</Activity>
          <StopPointRef>3200YNA96817</StopPointRef>
          <TimingStatus>PTP</TimingStatus>
        </To>
        <RunTime>PT20M</RunTime>
      </JourneyPatternTimingLink>
      <JourneyPatternTimingLink id="JPSection-2-SEC2-POS22">
        <From>
          <Activity>pickUpAndSetDown</Activity>
          <StopPointRef>3200YNA96817</StopPointRef>
          <TimingStatus>PTP</TimingStatus>
        </From>
        <To>
          <Activity>pickUpAndSetDown</Activity>
          <StopPointRef>3200YNB00988</StopPointRef>
          <TimingStatus>PTP</TimingStatus>
        </To>
        <RunTime>PT27M</RunTime>
      </JourneyPatternTimingLink>
      <JourneyPatternTimingLink id="JPSection-2-SEC2-POS23">
        <From>
          <Activity>pickUpAndSetDown</Activity>
          <StopPointRef>3200YNB00988</StopPointRef>
          <TimingStatus>PTP</TimingStatus>
        </From>
        <To>
          <Activity>setDown</Activity>
          <StopPointRef>3200YNB00983</StopPointRef>
          <TimingStatus>PTP</TimingStatus>
        </To>
        <RunTime>PT5M</RunTime>
      </JourneyPatternTimingLink>
    </JourneyPatternSection>
  </JourneyPatternSections>
  <Operators>
    <Operator id="OId_CLC">
      <NationalOperatorCode>CUCC</NationalOperatorCode>
      <OperatorCode>CLC</OperatorCode>
      <OperatorShortName>CLC</OperatorShortName>
    </Operator>
  </Operators>
  <Services>
    <Service>
      <ServiceCode>NW_03_CLC_569_1</ServiceCode>
      <Lines>
        <Line id="l_569_CLC">
          <LineName>569</LineName>
        </Line>
      </Lines>
      <OperatingPeriod>
        <StartDate>2017-04-18</StartDate>
        <EndDate>2017-10-31</EndDate>
      </OperatingPeriod>
      <RegisteredOperatorRef>OId_CLC</RegisteredOperatorRef>
      <StopRequirements>
        <NoNewStopsRequired />
      </StopRequirements>
      <Mode>bus</Mode>
      <Description>Ravenstonedale - Gayle</Description>
      <StandardService>
        <Origin>Ravenstonedale</Origin>
        <Destination>Gayle</Destination>
        <JourneyPattern id="JP3070">
          <Direction>outbound</Direction>
          <JourneyPatternSectionRefs>JPSection-1</JourneyPatternSectionRefs>
        </JourneyPattern>
        <JourneyPattern id="JP4380">
          <Direction>inbound</Direction>
          <JourneyPatternSectionRefs>JPSection-2</JourneyPatternSectionRefs>
        </JourneyPattern>
      </StandardService>
    </Service>
  </Services>
  <VehicleJourneys>
    <VehicleJourney>
      <PrivateCode>316781</PrivateCode>
      <Operational>
        <VehicleType>
          <VehicleTypeCode>Bus</VehicleTypeCode>
          <Description>Bus</Description>
        </VehicleType>
      </Operational>
      <OperatingProfile>
        <RegularDayType>
          <DaysOfWeek>
            <Tuesday />
          </DaysOfWeek>
        </RegularDayType>
        <BankHolidayOperation>
          <DaysOfNonOperation>
            <AllBankHolidays />
          </DaysOfNonOperation>
        </BankHolidayOperation>
      </OperatingProfile>
      <VehicleJourneyCode>316781</VehicleJourneyCode>
      <ServiceRef>NW_03_CLC_569_1</ServiceRef>
      <LineRef>l_569_CLC</LineRef>
      <JourneyPatternRef>JP3070</JourneyPatternRef>
      <DepartureTime>15:10:00</DepartureTime>
    </VehicleJourney>
    <VehicleJourney>
      <PrivateCode>316779</PrivateCode>
      <Operational>
        <VehicleType>
          <VehicleTypeCode>Bus</VehicleTypeCode>
          <Description>Bus</Description>
        </VehicleType>
      </Operational>
      <OperatingProfile>
        <RegularDayType>
          <DaysOfWeek>
            <Tuesday />
          </DaysOfWeek>
        </RegularDayType>
        <BankHolidayOperation>
          <DaysOfNonOperation>
            <AllBankHolidays />
          </DaysOfNonOperation>
        </BankHolidayOperation>
      </OperatingProfile>
      <VehicleJourneyCode>316779</VehicleJourneyCode>
      <ServiceRef>NW_03_CLC_569_1</ServiceRef>
      <LineRef>l_569_CLC</LineRef>
      <JourneyPatternRef>JP4380</JourneyPatternRef>
      <DepartureTime>10:10:00</DepartureTime>
    </VehicleJourney>
  </VehicleJourneys>
</TransXChange>