<?xml version="1.0" encoding="utf-8"?>
<TransXChange xmlns:xsd="http://www.w3.org/2001/XMLSchema" xmlns:xsi="http://www.w3.org/2001/XMLSchema-instance" xsi:schemaLocation="http://www.transxchange.org.uk/ http://www.transxchange.org.uk/schema/2.1/TransXChange_general.xsd" CreationDateTime="2017-09-21T11:34:40.1726409+01:00" ModificationDateTime="2017-09-21T11:34:40.1726409+01:00" Modification="new" RevisionNumber="1" FileName="TXC.xml" SchemaVersion="2.1" RegistrationDocument="false" xmlns="http://www.transxchange.org.uk/">
  <StopPoints>
    <AnnotatedStopPointRef>
      <StopPointRef>090002430347</StopPointRef>
      <CommonName>Co-op</CommonName>
      <LocalityName>Maryport</LocalityName>
      <LocalityQualifier>Maryport</LocalityQualifier>
    </AnnotatedStopPointRef>
    <AnnotatedStopPointRef>
      <StopPointRef>090002430350</StopPointRef>
      <CommonName>Trinity Baptist church</CommonName>
      <LocalityName>Maryport</LocalityName>
      <LocalityQualifier>Maryport</LocalityQualifier>
    </AnnotatedStopPointRef>
    <AnnotatedStopPointRef>
      <StopPointRef>090002430357</StopPointRef>
      <CommonName>Ennerdale Road</CommonName>
      <LocalityName>Ewanrigg</LocalityName>
      <LocalityQualifier>Maryport</LocalityQualifier>
    </AnnotatedStopPointRef>
    <AnnotatedStopPointRef>
      <StopPointRef>090002430358</StopPointRef>
      <CommonName>Main Street</CommonName>
      <LocalityName>Ellenborough</LocalityName>
      <LocalityQualifier>Maryport</LocalityQualifier>
    </AnnotatedStopPointRef>
    <AnnotatedStopPointRef>
      <StopPointRef>090002431939</StopPointRef>
      <CommonName>Bounty Inn</CommonName>
      <LocalityName>Netherton</LocalityName>
      <LocalityQualifier>Maryport</LocalityQualifier>
    </AnnotatedStopPointRef>
    <AnnotatedStopPointRef>
      <StopPointRef>090002432671</StopPointRef>
      <CommonName>Maryport Labour Club</CommonName>
      <LocalityName>Maryport</LocalityName>
      <LocalityQualifier>Maryport</LocalityQualifier>
    </AnnotatedStopPointRef>
    <AnnotatedStopPointRef>
      <StopPointRef>090002433012</StopPointRef>
      <CommonName>Medical Centre</CommonName>
      <LocalityName>Maryport</LocalityName>
      <LocalityQualifier>Maryport</LocalityQualifier>
    </AnnotatedStopPointRef>
    <AnnotatedStopPointRef>
      <StopPointRef>090002433015</StopPointRef>
      <CommonName>Thirlmere Road</CommonName>
      <LocalityName>Ellenborough</LocalityName>
      <LocalityQualifier>Maryport</LocalityQualifier>
    </AnnotatedStopPointRef>
    <AnnotatedStopPointRef>
      <StopPointRef>090002433016</StopPointRef>
      <CommonName>Ellenborough Road</CommonName>
      <LocalityName>Ellenborough</LocalityName>
      <LocalityQualifier>Maryport</LocalityQualifier>
    </AnnotatedStopPointRef>
    <AnnotatedStopPointRef>
      <StopPointRef>090002433018</StopPointRef>
      <CommonName>Moorside Drive</CommonName>
      <LocalityName>Ellenborough</LocalityName>
      <LocalityQualifier>Maryport</LocalityQualifier>
    </AnnotatedStopPointRef>
    <AnnotatedStopPointRef>
      <StopPointRef>090002432603</StopPointRef>
      <CommonName>John Street</CommonName>
      <LocalityName>Maryport</LocalityName>
      <LocalityQualifier>Maryport</LocalityQualifier>
    </AnnotatedStopPointRef>
    <AnnotatedStopPointRef>
      <StopPointRef>090002432240</StopPointRef>
      <CommonName>War Memorial Gardens</CommonName>
      <LocalityName>Maryport</LocalityName>
      <LocalityQualifier>Maryport</LocalityQualifier>
    </AnnotatedStopPointRef>
    <AnnotatedStopPointRef>
      <StopPointRef>090002432427</StopPointRef>
      <CommonName>Cumberland Building Society</CommonName>
      <LocalityName>Maryport</LocalityName>
      <LocalityQualifier>Maryport</LocalityQualifier>
    </AnnotatedStopPointRef>
    <AnnotatedStopPointRef>
      <StopPointRef>090002434353</StopPointRef>
      <CommonName>Meadow Close</CommonName>
      <LocalityName>Maryport</LocalityName>
      <LocalityQualifier>Maryport</LocalityQualifier>
    </AnnotatedStopPointRef>
    <AnnotatedStopPointRef>
      <StopPointRef>090002434351</StopPointRef>
      <CommonName>Laburmum Grange</CommonName>
      <LocalityName>Maryport</LocalityName>
      <LocalityQualifier>Maryport</LocalityQualifier>
    </AnnotatedStopPointRef>
    <AnnotatedStopPointRef>
      <StopPointRef>090002434446</StopPointRef>
      <CommonName>The Arches</CommonName>
      <LocalityName>Ewanrigg</LocalityName>
      <LocalityQualifier>Maryport</LocalityQualifier>
    </AnnotatedStopPointRef>
    <AnnotatedStopPointRef>
      <StopPointRef>090002434447</StopPointRef>
      <CommonName>New Bridge Street</CommonName>
      <LocalityName>Ewanrigg</LocalityName>
      <LocalityQualifier>Maryport</LocalityQualifier>
    </AnnotatedStopPointRef>
  </StopPoints>
  <JourneyPatternSections>
    <JourneyPatternSection id="JPSection-1">
      <JourneyPatternTimingLink id="JPSection-1-SEC1-POS3">
        <From>
          <Activity>pickUpAndSetDown</Activity>
          <StopPointRef>090002432240</StopPointRef>
          <TimingStatus>PTP</TimingStatus>
        </From>
        <To>
          <Activity>pickUpAndSetDown</Activity>
          <StopPointRef>090002431939</StopPointRef>
          <TimingStatus>PTP</TimingStatus>
        </To>
        <RunTime>PT1M</RunTime>
      </JourneyPatternTimingLink>
      <JourneyPatternTimingLink id="JPSection-1-SEC1-POS4">
        <From>
          <Activity>pickUpAndSetDown</Activity>
          <StopPointRef>090002431939</StopPointRef>
          <TimingStatus>PTP</TimingStatus>
        </From>
        <To>
          <Activity>pickUpAndSetDown</Activity>
          <StopPointRef>090002434351</StopPointRef>
          <TimingStatus>PTP</TimingStatus>
        </To>
        <RunTime>PT1M</RunTime>
      </JourneyPatternTimingLink>
      <JourneyPatternTimingLink id="JPSection-1-SEC1-POS5">
        <From>
          <Activity>pickUpAndSetDown</Activity>
          <StopPointRef>090002434351</StopPointRef>
          <TimingStatus>PTP</TimingStatus>
        </From>
        <To>
          <Activity>pickUpAndSetDown</Activity>
          <StopPointRef>090002434353</StopPointRef>
          <TimingStatus>PTP</TimingStatus>
        </To>
        <RunTime>PT3M</RunTime>
      </JourneyPatternTimingLink>
      <JourneyPatternTimingLink id="JPSection-1-SEC1-POS6">
        <From>
          <Activity>pickUpAndSetDown</Activity>
          <StopPointRef>090002434353</StopPointRef>
          <TimingStatus>PTP</TimingStatus>
        </From>
        <To>
          <Activity>pickUpAndSetDown</Activity>
          <StopPointRef>090002433015</StopPointRef>
          <TimingStatus>PTP</TimingStatus>
        </To>
        <RunTime>PT4M</RunTime>
      </JourneyPatternTimingLink>
      <JourneyPatternTimingLink id="JPSection-1-SEC1-POS7">
        <From>
          <Activity>pickUpAndSetDown</Activity>
          <StopPointRef>090002433015</StopPointRef>
          <TimingStatus>PTP</TimingStatus>
        </From>
        <To>
          <Activity>pickUpAndSetDown</Activity>
          <StopPointRef>090002433016</StopPointRef>
          <TimingStatus>PTP</TimingStatus>
        </To>
        <RunTime>PT0M</RunTime>
      </JourneyPatternTimingLink>
      <JourneyPatternTimingLink id="JPSection-1-SEC1-POS8">
        <From>
          <Activity>pickUpAndSetDown</Activity>
          <StopPointRef>090002433016</StopPointRef>
          <TimingStatus>PTP</TimingStatus>
        </From>
        <To>
          <Activity>pickUpAndSetDown</Activity>
          <StopPointRef>090002430358</StopPointRef>
          <TimingStatus>PTP</TimingStatus>
        </To>
        <RunTime>PT2M</RunTime>
      </JourneyPatternTimingLink>
      <JourneyPatternTimingLink id="JPSection-1-SEC1-POS9">
        <From>
          <Activity>pickUpAndSetDown</Activity>
          <StopPointRef>090002430358</StopPointRef>
          <TimingStatus>PTP</TimingStatus>
        </From>
        <To>
          <Activity>pickUpAndSetDown</Activity>
          <StopPointRef>090002433018</StopPointRef>
          <TimingStatus>PTP</TimingStatus>
        </To>
        <RunTime>PT2M</RunTime>
      </JourneyPatternTimingLink>
      <JourneyPatternTimingLink id="JPSection-1-SEC1-POS10">
        <From>
          <Activity>pickUpAndSetDown</Activity>
          <StopPointRef>090002433018</StopPointRef>
          <TimingStatus>PTP</TimingStatus>
        </From>
        <To>
          <Activity>pickUpAndSetDown</Activity>
          <StopPointRef>090002430357</StopPointRef>
          <TimingStatus>PTP</TimingStatus>
        </To>
        <RunTime>PT2M</RunTime>
      </JourneyPatternTimingLink>
      <JourneyPatternTimingLink id="JPSection-1-SEC1-POS11">
        <From>
          <Activity>pickUpAndSetDown</Activity>
          <StopPointRef>090002430357</StopPointRef>
          <TimingStatus>PTP</TimingStatus>
        </From>
        <To>
          <Activity>pickUpAndSetDown</Activity>
          <StopPointRef>090002434446</StopPointRef>
          <TimingStatus>PTP</TimingStatus>
        </To>
        <RunTime>PT1M</RunTime>
      </JourneyPatternTimingLink>
      <JourneyPatternTimingLink id="JPSection-1-SEC1-POS12">
        <From>
          <Activity>pickUpAndSetDown</Activity>
          <StopPointRef>090002434446</StopPointRef>
          <TimingStatus>PTP</TimingStatus>
        </From>
        <To>
          <Activity>pickUpAndSetDown</Activity>
          <StopPointRef>090002433012</StopPointRef>
          <TimingStatus>PTP</TimingStatus>
        </To>
        <RunTime>PT2M</RunTime>
      </JourneyPatternTimingLink>
      <JourneyPatternTimingLink id="JPSection-1-SEC1-POS13">
        <From>
          <Activity>pickUpAndSetDown</Activity>
          <StopPointRef>090002433012</StopPointRef>
          <TimingStatus>PTP</TimingStatus>
        </From>
        <To>
          <Activity>pickUpAndSetDown</Activity>
          <StopPointRef>090002434447</StopPointRef>
          <TimingStatus>PTP</TimingStatus>
        </To>
        <RunTime>PT1M</RunTime>
      </JourneyPatternTimingLink>
      <JourneyPatternTimingLink id="JPSection-1-SEC1-POS14">
        <From>
          <Activity>pickUpAndSetDown</Activity>
          <StopPointRef>090002434447</StopPointRef>
          <TimingStatus>PTP</TimingStatus>
        </From>
        <To>
          <Activity>pickUpAndSetDown</Activity>
          <StopPointRef>090002430350</StopPointRef>
          <TimingStatus>PTP</TimingStatus>
        </To>
        <RunTime>PT4M</RunTime>
      </JourneyPatternTimingLink>
      <JourneyPatternTimingLink id="JPSection-1-SEC1-POS15">
        <From>
          <Activity>pickUpAndSetDown</Activity>
          <StopPointRef>090002430350</StopPointRef>
          <TimingStatus>PTP</TimingStatus>
        </From>
        <To>
          <Activity>setDown</Activity>
          <StopPointRef>090002432671</StopPointRef>
          <TimingStatus>PTP</TimingStatus>
        </To>
        <RunTime>PT2M</RunTime>
      </JourneyPatternTimingLink>
    </JourneyPatternSection>
    <JourneyPatternSection id="JPSection-2">
      <JourneyPatternTimingLink id="JPSection-2-SEC1-POS3">
        <From>
          <Activity>pickUpAndSetDown</Activity>
          <StopPointRef>090002432240</StopPointRef>
          <TimingStatus>PTP</TimingStatus>
        </From>
        <To>
          <Activity>pickUpAndSetDown</Activity>
          <StopPointRef>090002431939</StopPointRef>
          <TimingStatus>PTP</TimingStatus>
        </To>
        <RunTime>PT1M</RunTime>
      </JourneyPatternTimingLink>
      <JourneyPatternTimingLink id="JPSection-2-SEC1-POS4">
        <From>
          <Activity>pickUpAndSetDown</Activity>
          <StopPointRef>090002431939</StopPointRef>
          <TimingStatus>PTP</TimingStatus>
        </From>
        <To>
          <Activity>pickUpAndSetDown</Activity>
          <StopPointRef>090002434351</StopPointRef>
          <TimingStatus>PTP</TimingStatus>
        </To>
        <RunTime>PT1M</RunTime>
      </JourneyPatternTimingLink>
      <JourneyPatternTimingLink id="JPSection-2-SEC1-POS5">
        <From>
          <Activity>pickUpAndSetDown</Activity>
          <StopPointRef>090002434351</StopPointRef>
          <TimingStatus>PTP</TimingStatus>
        </From>
        <To>
          <Activity>pickUpAndSetDown</Activity>
          <StopPointRef>090002434353</StopPointRef>
          <TimingStatus>PTP</TimingStatus>
        </To>
        <RunTime>PT3M</RunTime>
      </JourneyPatternTimingLink>
      <JourneyPatternTimingLink id="JPSection-2-SEC1-POS6">
        <From>
          <Activity>pickUpAndSetDown</Activity>
          <StopPointRef>090002434353</StopPointRef>
          <TimingStatus>PTP</TimingStatus>
        </From>
        <To>
          <Activity>pickUpAndSetDown</Activity>
          <StopPointRef>090002433015</StopPointRef>
          <TimingStatus>PTP</TimingStatus>
        </To>
        <RunTime>PT4M</RunTime>
      </JourneyPatternTimingLink>
      <JourneyPatternTimingLink id="JPSection-2-SEC1-POS7">
        <From>
          <Activity>pickUpAndSetDown</Activity>
          <StopPointRef>090002433015</StopPointRef>
          <TimingStatus>PTP</TimingStatus>
        </From>
        <To>
          <Activity>pickUpAndSetDown</Activity>
          <StopPointRef>090002433016</StopPointRef>
          <TimingStatus>PTP</TimingStatus>
        </To>
        <RunTime>PT0M</RunTime>
      </JourneyPatternTimingLink>
      <JourneyPatternTimingLink id="JPSection-2-SEC1-POS8">
        <From>
          <Activity>pickUpAndSetDown</Activity>
          <StopPointRef>090002433016</StopPointRef>
          <TimingStatus>PTP</TimingStatus>
        </From>
        <To>
          <Activity>pickUpAndSetDown</Activity>
          <StopPointRef>090002430358</StopPointRef>
          <TimingStatus>PTP</TimingStatus>
        </To>
        <RunTime>PT2M</RunTime>
      </JourneyPatternTimingLink>
      <JourneyPatternTimingLink id="JPSection-2-SEC1-POS9">
        <From>
          <Activity>pickUpAndSetDown</Activity>
          <StopPointRef>090002430358</StopPointRef>
          <TimingStatus>PTP</TimingStatus>
        </From>
        <To>
          <Activity>pickUpAndSetDown</Activity>
          <StopPointRef>090002433018</StopPointRef>
          <TimingStatus>PTP</TimingStatus>
        </To>
        <RunTime>PT2M</RunTime>
      </JourneyPatternTimingLink>
      <JourneyPatternTimingLink id="JPSection-2-SEC1-POS10">
        <From>
          <Activity>pickUpAndSetDown</Activity>
          <StopPointRef>090002433018</StopPointRef>
          <TimingStatus>PTP</TimingStatus>
        </From>
        <To>
          <Activity>pickUpAndSetDown</Activity>
          <StopPointRef>090002430357</StopPointRef>
          <TimingStatus>PTP</TimingStatus>
        </To>
        <RunTime>PT2M</RunTime>
      </JourneyPatternTimingLink>
      <JourneyPatternTimingLink id="JPSection-2-SEC1-POS11">
        <From>
          <Activity>pickUpAndSetDown</Activity>
          <StopPointRef>090002430357</StopPointRef>
          <TimingStatus>PTP</TimingStatus>
        </From>
        <To>
          <Activity>pickUpAndSetDown</Activity>
          <StopPointRef>090002434446</StopPointRef>
          <TimingStatus>PTP</TimingStatus>
        </To>
        <RunTime>PT1M</RunTime>
      </JourneyPatternTimingLink>
      <JourneyPatternTimingLink id="JPSection-2-SEC1-POS12">
        <From>
          <Activity>pickUpAndSetDown</Activity>
          <StopPointRef>090002434446</StopPointRef>
          <TimingStatus>PTP</TimingStatus>
        </From>
        <To>
          <Activity>pickUpAndSetDown</Activity>
          <StopPointRef>090002433012</StopPointRef>
          <TimingStatus>PTP</TimingStatus>
        </To>
        <RunTime>PT2M</RunTime>
      </JourneyPatternTimingLink>
      <JourneyPatternTimingLink id="JPSection-2-SEC1-POS13">
        <From>
          <Activity>pickUpAndSetDown</Activity>
          <StopPointRef>090002433012</StopPointRef>
          <TimingStatus>PTP</TimingStatus>
        </From>
        <To>
          <Activity>pickUpAndSetDown</Activity>
          <StopPointRef>090002434447</StopPointRef>
          <TimingStatus>PTP</TimingStatus>
        </To>
        <RunTime>PT1M</RunTime>
      </JourneyPatternTimingLink>
      <JourneyPatternTimingLink id="JPSection-2-SEC1-POS14">
        <From>
          <Activity>pickUpAndSetDown</Activity>
          <StopPointRef>090002434447</StopPointRef>
          <TimingStatus>PTP</TimingStatus>
        </From>
        <To>
          <Activity>pickUpAndSetDown</Activity>
          <StopPointRef>090002430350</StopPointRef>
          <TimingStatus>PTP</TimingStatus>
        </To>
        <RunTime>PT4M</RunTime>
      </JourneyPatternTimingLink>
      <JourneyPatternTimingLink id="JPSection-2-SEC1-POS15">
        <From>
          <Activity>pickUpAndSetDown</Activity>
          <StopPointRef>090002430350</StopPointRef>
          <TimingStatus>PTP</TimingStatus>
        </From>
        <To>
          <Activity>setDown</Activity>
          <StopPointRef>090002432671</StopPointRef>
          <TimingStatus>PTP</TimingStatus>
        </To>
        <RunTime>PT2M</RunTime>
      </JourneyPatternTimingLink>
    </JourneyPatternSection>
    <JourneyPatternSection id="JPSection-3">
      <JourneyPatternTimingLink id="JPSection-3-SEC1-POS4">
        <From>
          <Activity>pickUpAndSetDown</Activity>
          <StopPointRef>090002431939</StopPointRef>
          <TimingStatus>PTP</TimingStatus>
        </From>
        <To>
          <Activity>pickUpAndSetDown</Activity>
          <StopPointRef>090002434351</StopPointRef>
          <TimingStatus>PTP</TimingStatus>
        </To>
        <RunTime>PT1M</RunTime>
      </JourneyPatternTimingLink>
      <JourneyPatternTimingLink id="JPSection-3-SEC1-POS5">
        <From>
          <Activity>pickUpAndSetDown</Activity>
          <StopPointRef>090002434351</StopPointRef>
          <TimingStatus>PTP</TimingStatus>
        </From>
        <To>
          <Activity>pickUpAndSetDown</Activity>
          <StopPointRef>090002434353</StopPointRef>
          <TimingStatus>PTP</TimingStatus>
        </To>
        <RunTime>PT3M</RunTime>
      </JourneyPatternTimingLink>
      <JourneyPatternTimingLink id="JPSection-3-SEC1-POS6">
        <From>
          <Activity>pickUpAndSetDown</Activity>
          <StopPointRef>090002434353</StopPointRef>
          <TimingStatus>PTP</TimingStatus>
        </From>
        <To>
          <Activity>pickUpAndSetDown</Activity>
          <StopPointRef>090002433015</StopPointRef>
          <TimingStatus>PTP</TimingStatus>
        </To>
        <RunTime>PT4M</RunTime>
      </JourneyPatternTimingLink>
      <JourneyPatternTimingLink id="JPSection-3-SEC1-POS7">
        <From>
          <Activity>pickUpAndSetDown</Activity>
          <StopPointRef>090002433015</StopPointRef>
          <TimingStatus>PTP</TimingStatus>
        </From>
        <To>
          <Activity>pickUpAndSetDown</Activity>
          <StopPointRef>090002433016</StopPointRef>
          <TimingStatus>PTP</TimingStatus>
        </To>
        <RunTime>PT0M</RunTime>
      </JourneyPatternTimingLink>
      <JourneyPatternTimingLink id="JPSection-3-SEC1-POS8">
        <From>
          <Activity>pickUpAndSetDown</Activity>
          <StopPointRef>090002433016</StopPointRef>
          <TimingStatus>PTP</TimingStatus>
        </From>
        <To>
          <Activity>pickUpAndSetDown</Activity>
          <StopPointRef>090002430358</StopPointRef>
          <TimingStatus>PTP</TimingStatus>
        </To>
        <RunTime>PT2M</RunTime>
      </JourneyPatternTimingLink>
      <JourneyPatternTimingLink id="JPSection-3-SEC1-POS9">
        <From>
          <Activity>pickUpAndSetDown</Activity>
          <StopPointRef>090002430358</StopPointRef>
          <TimingStatus>PTP</TimingStatus>
        </From>
        <To>
          <Activity>pickUpAndSetDown</Activity>
          <StopPointRef>090002433018</StopPointRef>
          <TimingStatus>PTP</TimingStatus>
        </To>
        <RunTime>PT2M</RunTime>
      </JourneyPatternTimingLink>
      <JourneyPatternTimingLink id="JPSection-3-SEC1-POS10">
        <From>
          <Activity>pickUpAndSetDown</Activity>
          <StopPointRef>090002433018</StopPointRef>
          <TimingStatus>PTP</TimingStatus>
        </From>
        <To>
          <Activity>pickUpAndSetDown</Activity>
          <StopPointRef>090002430357</StopPointRef>
          <TimingStatus>PTP</TimingStatus>
        </To>
        <RunTime>PT2M</RunTime>
      </JourneyPatternTimingLink>
      <JourneyPatternTimingLink id="JPSection-3-SEC1-POS11">
        <From>
          <Activity>pickUpAndSetDown</Activity>
          <StopPointRef>090002430357</StopPointRef>
          <TimingStatus>PTP</TimingStatus>
        </From>
        <To>
          <Activity>pickUpAndSetDown</Activity>
          <StopPointRef>090002434446</StopPointRef>
          <TimingStatus>PTP</TimingStatus>
        </To>
        <RunTime>PT1M</RunTime>
      </JourneyPatternTimingLink>
      <JourneyPatternTimingLink id="JPSection-3-SEC1-POS12">
        <From>
          <Activity>pickUpAndSetDown</Activity>
          <StopPointRef>090002434446</StopPointRef>
          <TimingStatus>PTP</TimingStatus>
        </From>
        <To>
          <Activity>pickUpAndSetDown</Activity>
          <StopPointRef>090002433012</StopPointRef>
          <TimingStatus>PTP</TimingStatus>
        </To>
        <RunTime>PT2M</RunTime>
      </JourneyPatternTimingLink>
      <JourneyPatternTimingLink id="JPSection-3-SEC1-POS13">
        <From>
          <Activity>pickUpAndSetDown</Activity>
          <StopPointRef>090002433012</StopPointRef>
          <TimingStatus>PTP</TimingStatus>
        </From>
        <To>
          <Activity>pickUpAndSetDown</Activity>
          <StopPointRef>090002434447</StopPointRef>
          <TimingStatus>PTP</TimingStatus>
        </To>
        <RunTime>PT1M</RunTime>
      </JourneyPatternTimingLink>
      <JourneyPatternTimingLink id="JPSection-3-SEC1-POS14">
        <From>
          <Activity>pickUpAndSetDown</Activity>
          <StopPointRef>090002434447</StopPointRef>
          <TimingStatus>PTP</TimingStatus>
        </From>
        <To>
          <Activity>pickUpAndSetDown</Activity>
          <StopPointRef>090002430350</StopPointRef>
          <TimingStatus>PTP</TimingStatus>
        </To>
        <RunTime>PT4M</RunTime>
      </JourneyPatternTimingLink>
    </JourneyPatternSection>
    <JourneyPatternSection id="JPSection-4">
      <JourneyPatternTimingLink id="JPSection-4-SEC1-POS4">
        <From>
          <Activity>pickUpAndSetDown</Activity>
          <StopPointRef>090002431939</StopPointRef>
          <TimingStatus>PTP</TimingStatus>
        </From>
        <To>
          <Activity>pickUpAndSetDown</Activity>
          <StopPointRef>090002434351</StopPointRef>
          <TimingStatus>PTP</TimingStatus>
        </To>
        <RunTime>PT1M</RunTime>
      </JourneyPatternTimingLink>
      <JourneyPatternTimingLink id="JPSection-4-SEC1-POS5">
        <From>
          <Activity>pickUpAndSetDown</Activity>
          <StopPointRef>090002434351</StopPointRef>
          <TimingStatus>PTP</TimingStatus>
        </From>
        <To>
          <Activity>pickUpAndSetDown</Activity>
          <StopPointRef>090002434353</StopPointRef>
          <TimingStatus>PTP</TimingStatus>
        </To>
        <RunTime>PT3M</RunTime>
      </JourneyPatternTimingLink>
      <JourneyPatternTimingLink id="JPSection-4-SEC1-POS6">
        <From>
          <Activity>pickUpAndSetDown</Activity>
          <StopPointRef>090002434353</StopPointRef>
          <TimingStatus>PTP</TimingStatus>
        </From>
        <To>
          <Activity>pickUpAndSetDown</Activity>
          <StopPointRef>090002433015</StopPointRef>
          <TimingStatus>PTP</TimingStatus>
        </To>
        <RunTime>PT4M</RunTime>
      </JourneyPatternTimingLink>
      <JourneyPatternTimingLink id="JPSection-4-SEC1-POS7">
        <From>
          <Activity>pickUpAndSetDown</Activity>
          <StopPointRef>090002433015</StopPointRef>
          <TimingStatus>PTP</TimingStatus>
        </From>
        <To>
          <Activity>pickUpAndSetDown</Activity>
          <StopPointRef>090002433016</StopPointRef>
          <TimingStatus>PTP</TimingStatus>
        </To>
        <RunTime>PT0M</RunTime>
      </JourneyPatternTimingLink>
      <JourneyPatternTimingLink id="JPSection-4-SEC1-POS8">
        <From>
          <Activity>pickUpAndSetDown</Activity>
          <StopPointRef>090002433016</StopPointRef>
          <TimingStatus>PTP</TimingStatus>
        </From>
        <To>
          <Activity>pickUpAndSetDown</Activity>
          <StopPointRef>090002430358</StopPointRef>
          <TimingStatus>PTP</TimingStatus>
        </To>
        <RunTime>PT2M</RunTime>
      </JourneyPatternTimingLink>
      <JourneyPatternTimingLink id="JPSection-4-SEC1-POS9">
        <From>
          <Activity>pickUpAndSetDown</Activity>
          <StopPointRef>090002430358</StopPointRef>
          <TimingStatus>PTP</TimingStatus>
        </From>
        <To>
          <Activity>pickUpAndSetDown</Activity>
          <StopPointRef>090002433018</StopPointRef>
          <TimingStatus>PTP</TimingStatus>
        </To>
        <RunTime>PT2M</RunTime>
      </JourneyPatternTimingLink>
      <JourneyPatternTimingLink id="JPSection-4-SEC1-POS10">
        <From>
          <Activity>pickUpAndSetDown</Activity>
          <StopPointRef>090002433018</StopPointRef>
          <TimingStatus>PTP</TimingStatus>
        </From>
        <To>
          <Activity>pickUpAndSetDown</Activity>
          <StopPointRef>090002430357</StopPointRef>
          <TimingStatus>PTP</TimingStatus>
        </To>
        <RunTime>PT2M</RunTime>
      </JourneyPatternTimingLink>
      <JourneyPatternTimingLink id="JPSection-4-SEC1-POS11">
        <From>
          <Activity>pickUpAndSetDown</Activity>
          <StopPointRef>090002430357</StopPointRef>
          <TimingStatus>PTP</TimingStatus>
        </From>
        <To>
          <Activity>pickUpAndSetDown</Activity>
          <StopPointRef>090002434446</StopPointRef>
          <TimingStatus>PTP</TimingStatus>
        </To>
        <RunTime>PT1M</RunTime>
      </JourneyPatternTimingLink>
      <JourneyPatternTimingLink id="JPSection-4-SEC1-POS12">
        <From>
          <Activity>pickUpAndSetDown</Activity>
          <StopPointRef>090002434446</StopPointRef>
          <TimingStatus>PTP</TimingStatus>
        </From>
        <To>
          <Activity>pickUpAndSetDown</Activity>
          <StopPointRef>090002433012</StopPointRef>
          <TimingStatus>PTP</TimingStatus>
        </To>
        <RunTime>PT2M</RunTime>
      </JourneyPatternTimingLink>
      <JourneyPatternTimingLink id="JPSection-4-SEC1-POS13">
        <From>
          <Activity>pickUpAndSetDown</Activity>
          <StopPointRef>090002433012</StopPointRef>
          <TimingStatus>PTP</TimingStatus>
        </From>
        <To>
          <Activity>pickUpAndSetDown</Activity>
          <StopPointRef>090002434447</StopPointRef>
          <TimingStatus>PTP</TimingStatus>
        </To>
        <RunTime>PT1M</RunTime>
      </JourneyPatternTimingLink>
      <JourneyPatternTimingLink id="JPSection-4-SEC1-POS14">
        <From>
          <Activity>pickUpAndSetDown</Activity>
          <StopPointRef>090002434447</StopPointRef>
          <TimingStatus>PTP</TimingStatus>
        </From>
        <To>
          <Activity>pickUpAndSetDown</Activity>
          <StopPointRef>090002430350</StopPointRef>
          <TimingStatus>PTP</TimingStatus>
        </To>
        <RunTime>PT4M</RunTime>
      </JourneyPatternTimingLink>
    </JourneyPatternSection>
    <JourneyPatternSection id="JPSection-5">
      <JourneyPatternTimingLink id="JPSection-5-SEC1-POS3">
        <From>
          <Activity>pickUpAndSetDown</Activity>
          <StopPointRef>090002432240</StopPointRef>
          <TimingStatus>PTP</TimingStatus>
        </From>
        <To>
          <Activity>pickUpAndSetDown</Activity>
          <StopPointRef>090002431939</StopPointRef>
          <TimingStatus>PTP</TimingStatus>
        </To>
        <RunTime>PT1M</RunTime>
      </JourneyPatternTimingLink>
      <JourneyPatternTimingLink id="JPSection-5-SEC1-POS4">
        <From>
          <Activity>pickUpAndSetDown</Activity>
          <StopPointRef>090002431939</StopPointRef>
          <TimingStatus>PTP</TimingStatus>
        </From>
        <To>
          <Activity>pickUpAndSetDown</Activity>
          <StopPointRef>090002434351</StopPointRef>
          <TimingStatus>PTP</TimingStatus>
        </To>
        <RunTime>PT1M</RunTime>
      </JourneyPatternTimingLink>
      <JourneyPatternTimingLink id="JPSection-5-SEC1-POS5">
        <From>
          <Activity>pickUpAndSetDown</Activity>
          <StopPointRef>090002434351</StopPointRef>
          <TimingStatus>PTP</TimingStatus>
        </From>
        <To>
          <Activity>pickUpAndSetDown</Activity>
          <StopPointRef>090002434353</StopPointRef>
          <TimingStatus>PTP</TimingStatus>
        </To>
        <RunTime>PT3M</RunTime>
      </JourneyPatternTimingLink>
      <JourneyPatternTimingLink id="JPSection-5-SEC1-POS6">
        <From>
          <Activity>pickUpAndSetDown</Activity>
          <StopPointRef>090002434353</StopPointRef>
          <TimingStatus>PTP</TimingStatus>
        </From>
        <To>
          <Activity>pickUpAndSetDown</Activity>
          <StopPointRef>090002433015</StopPointRef>
          <TimingStatus>PTP</TimingStatus>
        </To>
        <RunTime>PT4M</RunTime>
      </JourneyPatternTimingLink>
      <JourneyPatternTimingLink id="JPSection-5-SEC1-POS7">
        <From>
          <Activity>pickUpAndSetDown</Activity>
          <StopPointRef>090002433015</StopPointRef>
          <TimingStatus>PTP</TimingStatus>
        </From>
        <To>
          <Activity>pickUpAndSetDown</Activity>
          <StopPointRef>090002433016</StopPointRef>
          <TimingStatus>PTP</TimingStatus>
        </To>
        <RunTime>PT0M</RunTime>
      </JourneyPatternTimingLink>
      <JourneyPatternTimingLink id="JPSection-5-SEC1-POS8">
        <From>
          <Activity>pickUpAndSetDown</Activity>
          <StopPointRef>090002433016</StopPointRef>
          <TimingStatus>PTP</TimingStatus>
        </From>
        <To>
          <Activity>pickUpAndSetDown</Activity>
          <StopPointRef>090002430358</StopPointRef>
          <TimingStatus>PTP</TimingStatus>
        </To>
        <RunTime>PT2M</RunTime>
      </JourneyPatternTimingLink>
      <JourneyPatternTimingLink id="JPSection-5-SEC1-POS9">
        <From>
          <Activity>pickUpAndSetDown</Activity>
          <StopPointRef>090002430358</StopPointRef>
          <TimingStatus>PTP</TimingStatus>
        </From>
        <To>
          <Activity>pickUpAndSetDown</Activity>
          <StopPointRef>090002433018</StopPointRef>
          <TimingStatus>PTP</TimingStatus>
        </To>
        <RunTime>PT2M</RunTime>
      </JourneyPatternTimingLink>
      <JourneyPatternTimingLink id="JPSection-5-SEC1-POS10">
        <From>
          <Activity>pickUpAndSetDown</Activity>
          <StopPointRef>090002433018</StopPointRef>
          <TimingStatus>PTP</TimingStatus>
        </From>
        <To>
          <Activity>pickUpAndSetDown</Activity>
          <StopPointRef>090002430357</StopPointRef>
          <TimingStatus>PTP</TimingStatus>
        </To>
        <RunTime>PT2M</RunTime>
      </JourneyPatternTimingLink>
      <JourneyPatternTimingLink id="JPSection-5-SEC1-POS11">
        <From>
          <Activity>pickUpAndSetDown</Activity>
          <StopPointRef>090002430357</StopPointRef>
          <TimingStatus>PTP</TimingStatus>
        </From>
        <To>
          <Activity>pickUpAndSetDown</Activity>
          <StopPointRef>090002434446</StopPointRef>
          <TimingStatus>PTP</TimingStatus>
        </To>
        <RunTime>PT1M</RunTime>
      </JourneyPatternTimingLink>
      <JourneyPatternTimingLink id="JPSection-5-SEC1-POS12">
        <From>
          <Activity>pickUpAndSetDown</Activity>
          <StopPointRef>090002434446</StopPointRef>
          <TimingStatus>PTP</TimingStatus>
        </From>
        <To>
          <Activity>pickUpAndSetDown</Activity>
          <StopPointRef>090002433012</StopPointRef>
          <TimingStatus>PTP</TimingStatus>
        </To>
        <RunTime>PT2M</RunTime>
      </JourneyPatternTimingLink>
      <JourneyPatternTimingLink id="JPSection-5-SEC1-POS13">
        <From>
          <Activity>pickUpAndSetDown</Activity>
          <StopPointRef>090002433012</StopPointRef>
          <TimingStatus>PTP</TimingStatus>
        </From>
        <To>
          <Activity>pickUpAndSetDown</Activity>
          <StopPointRef>090002434447</StopPointRef>
          <TimingStatus>PTP</TimingStatus>
        </To>
        <RunTime>PT1M</RunTime>
      </JourneyPatternTimingLink>
    </JourneyPatternSection>
    <JourneyPatternSection id="JPSection-6">
      <JourneyPatternTimingLink id="JPSection-6-SEC1-POS1">
        <From>
          <Activity>pickUp</Activity>
          <StopPointRef>090002430347</StopPointRef>
          <TimingStatus>PTP</TimingStatus>
        </From>
        <To>
          <Activity>pickUpAndSetDown</Activity>
          <StopPointRef>090002432671</StopPointRef>
          <TimingStatus>PTP</TimingStatus>
        </To>
        <RunTime>PT5M</RunTime>
      </JourneyPatternTimingLink>
    </JourneyPatternSection>
    <JourneyPatternSection id="JPSection-7">
      <JourneyPatternTimingLink id="JPSection-7-SEC1-POS1">
        <From>
          <Activity>pickUp</Activity>
          <StopPointRef>090002430347</StopPointRef>
          <TimingStatus>PTP</TimingStatus>
        </From>
        <To>
          <Activity>pickUpAndSetDown</Activity>
          <StopPointRef>090002432671</StopPointRef>
          <TimingStatus>PTP</TimingStatus>
        </To>
        <RunTime>PT5M</RunTime>
      </JourneyPatternTimingLink>
    </JourneyPatternSection>
    <JourneyPatternSection id="JPSection-8">
      <JourneyPatternTimingLink id="JPSection-8-SEC1-POS2">
        <From>
          <Activity>pickUpAndSetDown</Activity>
          <StopPointRef>090002432671</StopPointRef>
          <TimingStatus>PTP</TimingStatus>
        </From>
        <To>
          <Activity>pickUpAndSetDown</Activity>
          <StopPointRef>090002432240</StopPointRef>
          <TimingStatus>PTP</TimingStatus>
        </To>
        <RunTime>PT2M</RunTime>
      </JourneyPatternTimingLink>
    </JourneyPatternSection>
    <JourneyPatternSection id="JPSection-9">
      <JourneyPatternTimingLink id="JPSection-9-SEC2-POS16">
        <From>
          <Activity>pickUpAndSetDown</Activity>
          <StopPointRef>090002432671</StopPointRef>
          <TimingStatus>PTP</TimingStatus>
        </From>
        <To>
          <Activity>pickUpAndSetDown</Activity>
          <StopPointRef>090002431939</StopPointRef>
          <TimingStatus>PTP</TimingStatus>
        </To>
        <RunTime>PT3M</RunTime>
      </JourneyPatternTimingLink>
    </JourneyPatternSection>
    <JourneyPatternSection id="JPSection-10">
      <JourneyPatternTimingLink id="JPSection-10-SEC1-POS15">
        <From>
          <Activity>pickUpAndSetDown</Activity>
          <StopPointRef>090002430350</StopPointRef>
          <TimingStatus>PTP</TimingStatus>
        </From>
        <To>
          <Activity>setDown</Activity>
          <StopPointRef>090002432671</StopPointRef>
          <TimingStatus>PTP</TimingStatus>
        </To>
        <RunTime>PT2M</RunTime>
      </JourneyPatternTimingLink>
    </JourneyPatternSection>
    <JourneyPatternSection id="JPSection-11">
      <JourneyPatternTimingLink id="JPSection-11-SEC3-POS17">
        <From>
          <Activity>pickUp</Activity>
          <StopPointRef>090002432427</StopPointRef>
          <TimingStatus>PTP</TimingStatus>
        </From>
        <To>
          <Activity>pickUpAndSetDown</Activity>
          <StopPointRef>090002432603</StopPointRef>
          <TimingStatus>PTP</TimingStatus>
        </To>
        <RunTime>PT0M</RunTime>
      </JourneyPatternTimingLink>
      <JourneyPatternTimingLink id="JPSection-11-SEC3-POS18">
        <From>
          <Activity>pickUpAndSetDown</Activity>
          <StopPointRef>090002432603</StopPointRef>
          <TimingStatus>PTP</TimingStatus>
        </From>
        <To>
          <Activity>pickUpAndSetDown</Activity>
          <StopPointRef>090002432240</StopPointRef>
          <TimingStatus>PTP</TimingStatus>
        </To>
        <RunTime>PT2M</RunTime>
      </JourneyPatternTimingLink>
    </JourneyPatternSection>
    <JourneyPatternSection id="JPSection-12">
      <JourneyPatternTimingLink id="JPSection-12-SEC4-POS19">
        <From>
          <Activity>pickUp</Activity>
          <StopPointRef>090002430347</StopPointRef>
          <TimingStatus>PTP</TimingStatus>
        </From>
        <To>
          <Activity>pickUpAndSetDown</Activity>
          <StopPointRef>090002432427</StopPointRef>
          <TimingStatus>PTP</TimingStatus>
        </To>
        <RunTime>PT5M</RunTime>
      </JourneyPatternTimingLink>
      <JourneyPatternTimingLink id="JPSection-12-SEC4-POS20">
        <From>
          <Activity>pickUpAndSetDown</Activity>
          <StopPointRef>090002432427</StopPointRef>
          <TimingStatus>PTP</TimingStatus>
        </From>
        <To>
          <Activity>pickUpAndSetDown</Activity>
          <StopPointRef>090002432240</StopPointRef>
          <TimingStatus>PTP</TimingStatus>
        </To>
        <RunTime>PT2M</RunTime>
      </JourneyPatternTimingLink>
      <JourneyPatternTimingLink id="JPSection-12-SEC1-POS3">
        <From>
          <Activity>pickUpAndSetDown</Activity>
          <StopPointRef>090002432240</StopPointRef>
          <TimingStatus>PTP</TimingStatus>
        </From>
        <To>
          <Activity>pickUpAndSetDown</Activity>
          <StopPointRef>090002431939</StopPointRef>
          <TimingStatus>PTP</TimingStatus>
        </To>
        <RunTime>PT1M</RunTime>
      </JourneyPatternTimingLink>
    </JourneyPatternSection>
    <JourneyPatternSection id="JPSection-13">
      <JourneyPatternTimingLink id="JPSection-13-SEC4-POS21">
        <From>
          <Activity>pickUpAndSetDown</Activity>
          <StopPointRef>090002430350</StopPointRef>
          <TimingStatus>PTP</TimingStatus>
        </From>
        <To>
          <Activity>setDown</Activity>
          <StopPointRef>090002432427</StopPointRef>
          <TimingStatus>PTP</TimingStatus>
        </To>
        <RunTime>PT2M</RunTime>
      </JourneyPatternTimingLink>
    </JourneyPatternSection>
    <JourneyPatternSection id="JPSection-14">
      <JourneyPatternTimingLink id="JPSection-14-SEC5-POS22">
        <From>
          <Activity>pickUp</Activity>
          <StopPointRef>090002432427</StopPointRef>
          <TimingStatus>PTP</TimingStatus>
        </From>
        <To>
          <Activity>pickUpAndSetDown</Activity>
          <StopPointRef>090002432240</StopPointRef>
          <TimingStatus>PTP</TimingStatus>
        </To>
        <RunTime>PT2M</RunTime>
      </JourneyPatternTimingLink>
    </JourneyPatternSection>
    <JourneyPatternSection id="JPSection-15">
      <JourneyPatternTimingLink id="JPSection-15-SEC5-POS23">
        <From>
          <Activity>pickUpAndSetDown</Activity>
          <StopPointRef>090002434447</StopPointRef>
          <TimingStatus>PTP</TimingStatus>
        </From>
        <To>
          <Activity>pickUpAndSetDown</Activity>
          <StopPointRef>090002430347</StopPointRef>
          <TimingStatus>PTP</TimingStatus>
        </To>
        <RunTime>PT4M</RunTime>
      </JourneyPatternTimingLink>
      <JourneyPatternTimingLink id="JPSection-15-SEC5-POS24">
        <From>
          <Activity>pickUpAndSetDown</Activity>
          <StopPointRef>090002430347</StopPointRef>
          <TimingStatus>PTP</TimingStatus>
        </From>
        <To>
          <Activity>setDown</Activity>
          <StopPointRef>090002432427</StopPointRef>
          <TimingStatus>PTP</TimingStatus>
        </To>
        <RunTime>PT2M</RunTime>
      </JourneyPatternTimingLink>
    </JourneyPatternSection>
  </JourneyPatternSections>
  <Operators>
    <Operator id="OId_SCC">
      <NationalOperatorCode>SCMB</NationalOperatorCode>
      <OperatorCode>SCC</OperatorCode>
      <OperatorShortName>SCC</OperatorShortName>
    </Operator>
  </Operators>
  <Services>
    <Service>
      <ServiceCode>NW_03_SCC_57_1</ServiceCode>
      <Lines>
        <Line id="l_57_SCC">
          <LineName>57</LineName>
        </Line>
      </Lines>
      <OperatingPeriod>
        <StartDate>2017-01-03</StartDate>
        <EndDate>2017-12-24</EndDate>
      </OperatingPeriod>
      <RegisteredOperatorRef>OId_SCC</RegisteredOperatorRef>
      <StopRequirements>
        <NoNewStopsRequired />
      </StopRequirements>
      <Mode>bus</Mode>
      <Description>Maryport - Maryport</Description>
      <StandardService>
        <Origin>Maryport</Origin>
        <Destination>Maryport</Destination>
        <JourneyPattern id="JP176">
          <Direction>outbound</Direction>
          <JourneyPatternSectionRefs>JPSection-6</JourneyPatternSectionRefs>
          <JourneyPatternSectionRefs>JPSection-8</JourneyPatternSectionRefs>
          <JourneyPatternSectionRefs>JPSection-1</JourneyPatternSectionRefs>
        </JourneyPattern>
        <JourneyPattern id="JP1817">
          <Direction>outbound</Direction>
          <JourneyPatternSectionRefs>JPSection-7</JourneyPatternSectionRefs>
          <JourneyPatternSectionRefs>JPSection-9</JourneyPatternSectionRefs>
          <JourneyPatternSectionRefs>JPSection-3</JourneyPatternSectionRefs>
          <JourneyPatternSectionRefs>JPSection-10</JourneyPatternSectionRefs>
        </JourneyPattern>
        <JourneyPattern id="JP2082">
          <Direction>outbound</Direction>
          <JourneyPatternSectionRefs>JPSection-11</JourneyPatternSectionRefs>
          <JourneyPatternSectionRefs>JPSection-2</JourneyPatternSectionRefs>
        </JourneyPattern>
        <JourneyPattern id="JP5390">
          <Direction>outbound</Direction>
          <JourneyPatternSectionRefs>JPSection-12</JourneyPatternSectionRefs>
          <JourneyPatternSectionRefs>JPSection-4</JourneyPatternSectionRefs>
          <JourneyPatternSectionRefs>JPSection-13</JourneyPatternSectionRefs>
        </JourneyPattern>
        <JourneyPattern id="JP5425">
          <Direction>outbound</Direction>
          <JourneyPatternSectionRefs>JPSection-14</JourneyPatternSectionRefs>
          <JourneyPatternSectionRefs>JPSection-5</JourneyPatternSectionRefs>
          <JourneyPatternSectionRefs>JPSection-15</JourneyPatternSectionRefs>
        </JourneyPattern>
      </StandardService>
    </Service>
  </Services>
  <VehicleJourneys>
    <VehicleJourney>
      <PrivateCode>302971</PrivateCode>
      <Operational>
        <VehicleType>
          <VehicleTypeCode>LwFlrBs</VehicleTypeCode>
          <Description>LwFlrBs</Description>
        </VehicleType>
      </Operational>
      <OperatingProfile>
        <RegularDayType>
          <DaysOfWeek>
            <MondayToFriday />
          </DaysOfWeek>
        </RegularDayType>
        <BankHolidayOperation>
          <DaysOfNonOperation>
            <AllBankHolidays />
          </DaysOfNonOperation>
        </BankHolidayOperation>
      </OperatingProfile>
      <VehicleJourneyCode>302971</VehicleJourneyCode>
      <ServiceRef>NW_03_SCC_57_1</ServiceRef>
      <LineRef>l_57_SCC</LineRef>
      <JourneyPatternRef>JP176</JourneyPatternRef>
      <DepartureTime>12:15:00</DepartureTime>
    </VehicleJourney>
    <VehicleJourney>
      <PrivateCode>302981</PrivateCode>
      <Operational>
        <VehicleType>
          <VehicleTypeCode>LwFlrBs</VehicleTypeCode>
          <Description>LwFlrBs</Description>
        </VehicleType>
      </Operational>
      <OperatingProfile>
        <RegularDayType>
          <DaysOfWeek>
            <Saturday />
          </DaysOfWeek>
        </RegularDayType>
        <BankHolidayOperation>
          <DaysOfNonOperation>
            <AllBankHolidays />
          </DaysOfNonOperation>
        </BankHolidayOperation>
      </OperatingProfile>
      <VehicleJourneyCode>302981</VehicleJourneyCode>
      <ServiceRef>NW_03_SCC_57_1</ServiceRef>
      <LineRef>l_57_SCC</LineRef>
      <VehicleJourneyRef>302971</VehicleJourneyRef>
      <DepartureTime>12:45:00</DepartureTime>
    </VehicleJourney>
    <VehicleJourney>
      <PrivateCode>302972</PrivateCode>
      <Operational>
        <VehicleType>
          <VehicleTypeCode>LwFlrBs</VehicleTypeCode>
          <Description>LwFlrBs</Description>
        </VehicleType>
      </Operational>
      <OperatingProfile>
        <RegularDayType>
          <DaysOfWeek>
            <MondayToFriday />
          </DaysOfWeek>
        </RegularDayType>
        <BankHolidayOperation>
          <DaysOfNonOperation>
            <AllBankHolidays />
          </DaysOfNonOperation>
        </BankHolidayOperation>
      </OperatingProfile>
      <VehicleJourneyCode>302972</VehicleJourneyCode>
      <ServiceRef>NW_03_SCC_57_1</ServiceRef>
      <LineRef>l_57_SCC</LineRef>
      <VehicleJourneyRef>302971</VehicleJourneyRef>
      <DepartureTime>12:45:00</DepartureTime>
    </VehicleJourney>
    <VehicleJourney>
      <PrivateCode>302975</PrivateCode>
      <Operational>
        <VehicleType>
          <VehicleTypeCode>LwFlrBs</VehicleTypeCode>
          <Description>LwFlrBs</Description>
        </VehicleType>
      </Operational>
      <OperatingProfile>
        <RegularDayType>
          <DaysOfWeek>
            <MondayToFriday />
          </DaysOfWeek>
        </RegularDayType>
        <BankHolidayOperation>
          <DaysOfNonOperation>
            <AllBankHolidays />
          </DaysOfNonOperation>
        </BankHolidayOperation>
      </OperatingProfile>
      <VehicleJourneyCode>302975</VehicleJourneyCode>
      <ServiceRef>NW_03_SCC_57_1</ServiceRef>
      <LineRef>l_57_SCC</LineRef>
      <VehicleJourneyRef>302971</VehicleJourneyRef>
      <DepartureTime>14:15:00</DepartureTime>
    </VehicleJourney>
    <VehicleJourney>
      <PrivateCode>302967</PrivateCode>
      <Operational>
        <VehicleType>
          <VehicleTypeCode>LwFlrBs</VehicleTypeCode>
          <Description>LwFlrBs</Description>
        </VehicleType>
      </Operational>
      <OperatingProfile>
        <RegularDayType>
          <DaysOfWeek>
            <MondayToFriday />
          </DaysOfWeek>
        </RegularDayType>
        <BankHolidayOperation>
          <DaysOfNonOperation>
            <AllBankHolidays />
          </DaysOfNonOperation>
        </BankHolidayOperation>
      </OperatingProfile>
      <VehicleJourneyCode>302967</VehicleJourneyCode>
      <ServiceRef>NW_03_SCC_57_1</ServiceRef>
      <LineRef>l_57_SCC</LineRef>
      <JourneyPatternRef>JP1817</JourneyPatternRef>
      <DepartureTime>09:45:00</DepartureTime>
    </VehicleJourney>
    <VehicleJourney>
      <PrivateCode>302968</PrivateCode>
      <Operational>
        <VehicleType>
          <VehicleTypeCode>LwFlrBs</VehicleTypeCode>
          <Description>LwFlrBs</Description>
        </VehicleType>
      </Operational>
      <OperatingProfile>
        <RegularDayType>
          <DaysOfWeek>
            <MondayToFriday />
          </DaysOfWeek>
        </RegularDayType>
        <BankHolidayOperation>
          <DaysOfNonOperation>
            <AllBankHolidays />
          </DaysOfNonOperation>
        </BankHolidayOperation>
      </OperatingProfile>
      <VehicleJourneyCode>302968</VehicleJourneyCode>
      <ServiceRef>NW_03_SCC_57_1</ServiceRef>
      <LineRef>l_57_SCC</LineRef>
      <VehicleJourneyRef>302967</VehicleJourneyRef>
      <DepartureTime>10:45:00</DepartureTime>
    </VehicleJourney>
    <VehicleJourney>
      <PrivateCode>302983</PrivateCode>
      <Operational>
        <VehicleType>
          <VehicleTypeCode>LwFlrBs</VehicleTypeCode>
          <Description>LwFlrBs</Description>
        </VehicleType>
      </Operational>
      <OperatingProfile>
        <RegularDayType>
          <DaysOfWeek>
            <Saturday />
          </DaysOfWeek>
        </RegularDayType>
        <BankHolidayOperation>
          <DaysOfNonOperation>
            <AllBankHolidays />
          </DaysOfNonOperation>
        </BankHolidayOperation>
      </OperatingProfile>
      <VehicleJourneyCode>302983</VehicleJourneyCode>
      <ServiceRef>NW_03_SCC_57_1</ServiceRef>
      <LineRef>l_57_SCC</LineRef>
      <JourneyPatternRef>JP2082</JourneyPatternRef>
      <DepartureTime>09:50:00</DepartureTime>
    </VehicleJourney>
    <VehicleJourney>
      <PrivateCode>302969</PrivateCode>
      <Operational>
        <VehicleType>
          <VehicleTypeCode>LwFlrBs</VehicleTypeCode>
          <Description>LwFlrBs</Description>
        </VehicleType>
      </Operational>
      <OperatingProfile>
        <RegularDayType>
          <DaysOfWeek>
            <MondayToFriday />
          </DaysOfWeek>
        </RegularDayType>
        <BankHolidayOperation>
          <DaysOfNonOperation>
            <AllBankHolidays />
          </DaysOfNonOperation>
        </BankHolidayOperation>
      </OperatingProfile>
      <VehicleJourneyCode>302969</VehicleJourneyCode>
      <ServiceRef>NW_03_SCC_57_1</ServiceRef>
      <LineRef>l_57_SCC</LineRef>
      <VehicleJourneyRef>302967</VehicleJourneyRef>
      <DepartureTime>11:15:00</DepartureTime>
    </VehicleJourney>
    <VehicleJourney>
      <PrivateCode>303031</PrivateCode>
      <Operational>
        <VehicleType>
          <VehicleTypeCode>LwFlrBs</VehicleTypeCode>
          <Description>LwFlrBs</Description>
        </VehicleType>
      </Operational>
      <OperatingProfile>
        <RegularDayType>
          <DaysOfWeek>
            <MondayToFriday />
          </DaysOfWeek>
        </RegularDayType>
        <BankHolidayOperation>
          <DaysOfNonOperation>
            <AllBankHolidays />
          </DaysOfNonOperation>
        </BankHolidayOperation>
      </OperatingProfile>
      <VehicleJourneyCode>303031</VehicleJourneyCode>
      <ServiceRef>NW_03_SCC_57_1</ServiceRef>
      <LineRef>l_57_SCC</LineRef>
      <VehicleJourneyRef>302971</VehicleJourneyRef>
      <DepartureTime>13:45:00</DepartureTime>
    </VehicleJourney>
    <VehicleJourney>
      <PrivateCode>302976</PrivateCode>
      <Operational>
        <VehicleType>
          <VehicleTypeCode>LwFlrBs</VehicleTypeCode>
          <Description>LwFlrBs</Description>
        </VehicleType>
      </Operational>
      <OperatingProfile>
        <RegularDayType>
          <DaysOfWeek>
            <Saturday />
          </DaysOfWeek>
        </RegularDayType>
        <BankHolidayOperation>
          <DaysOfNonOperation>
            <AllBankHolidays />
          </DaysOfNonOperation>
        </BankHolidayOperation>
      </OperatingProfile>
      <VehicleJourneyCode>302976</VehicleJourneyCode>
      <ServiceRef>NW_03_SCC_57_1</ServiceRef>
      <LineRef>l_57_SCC</LineRef>
      <VehicleJourneyRef>302971</VehicleJourneyRef>
      <DepartureTime>10:15:00</DepartureTime>
    </VehicleJourney>
    <VehicleJourney>
      <PrivateCode>302977</PrivateCode>
      <Operational>
        <VehicleType>
          <VehicleTypeCode>LwFlrBs</VehicleTypeCode>
          <Description>LwFlrBs</Description>
        </VehicleType>
      </Operational>
      <OperatingProfile>
        <RegularDayType>
          <DaysOfWeek>
            <Saturday />
          </DaysOfWeek>
        </RegularDayType>
        <BankHolidayOperation>
          <DaysOfNonOperation>
            <AllBankHolidays />
          </DaysOfNonOperation>
        </BankHolidayOperation>
      </OperatingProfile>
      <VehicleJourneyCode>302977</VehicleJourneyCode>
      <ServiceRef>NW_03_SCC_57_1</ServiceRef>
      <LineRef>l_57_SCC</LineRef>
      <VehicleJourneyRef>302971</VehicleJourneyRef>
      <DepartureTime>10:45:00</DepartureTime>
    </VehicleJourney>
    <VehicleJourney>
      <PrivateCode>302980</PrivateCode>
      <Operational>
        <VehicleType>
          <VehicleTypeCode>LwFlrBs</VehicleTypeCode>
          <Description>LwFlrBs</Description>
        </VehicleType>
      </Operational>
      <OperatingProfile>
        <RegularDayType>
          <DaysOfWeek>
            <Saturday />
          </DaysOfWeek>
        </RegularDayType>
        <BankHolidayOperation>
          <DaysOfNonOperation>
            <AllBankHolidays />
          </DaysOfNonOperation>
        </BankHolidayOperation>
      </OperatingProfile>
      <VehicleJourneyCode>302980</VehicleJourneyCode>
      <ServiceRef>NW_03_SCC_57_1</ServiceRef>
      <LineRef>l_57_SCC</LineRef>
      <VehicleJourneyRef>302971</VehicleJourneyRef>
      <DepartureTime>12:15:00</DepartureTime>
    </VehicleJourney>
    <VehicleJourney>
      <PrivateCode>302974</PrivateCode>
      <Operational>
        <VehicleType>
          <VehicleTypeCode>LwFlrBs</VehicleTypeCode>
          <Description>LwFlrBs</Description>
        </VehicleType>
      </Operational>
      <OperatingProfile>
        <RegularDayType>
          <DaysOfWeek>
            <Saturday />
          </DaysOfWeek>
        </RegularDayType>
        <BankHolidayOperation>
          <DaysOfNonOperation>
            <AllBankHolidays />
          </DaysOfNonOperation>
        </BankHolidayOperation>
      </OperatingProfile>
      <VehicleJourneyCode>302974</VehicleJourneyCode>
      <ServiceRef>NW_03_SCC_57_1</ServiceRef>
      <LineRef>l_57_SCC</LineRef>
      <VehicleJourneyRef>302971</VehicleJourneyRef>
      <DepartureTime>13:45:00</DepartureTime>
    </VehicleJourney>
    <VehicleJourney>
      <PrivateCode>302979</PrivateCode>
      <Operational>
        <VehicleType>
          <VehicleTypeCode>LwFlrBs</VehicleTypeCode>
          <Description>LwFlrBs</Description>
        </VehicleType>
      </Operational>
      <OperatingProfile>
        <RegularDayType>
          <DaysOfWeek>
            <Saturday />
          </DaysOfWeek>
        </RegularDayType>
        <BankHolidayOperation>
          <DaysOfNonOperation>
            <AllBankHolidays />
          </DaysOfNonOperation>
        </BankHolidayOperation>
      </OperatingProfile>
      <VehicleJourneyCode>302979</VehicleJourneyCode>
      <ServiceRef>NW_03_SCC_57_1</ServiceRef>
      <LineRef>l_57_SCC</LineRef>
      <VehicleJourneyRef>302971</VehicleJourneyRef>
      <DepartureTime>11:45:00</DepartureTime>
    </VehicleJourney>
    <VehicleJourney>
      <PrivateCode>302970</PrivateCode>
      <Operational>
        <VehicleType>
          <VehicleTypeCode>LwFlrBs</VehicleTypeCode>
          <Description>LwFlrBs</Description>
        </VehicleType>
      </Operational>
      <OperatingProfile>
        <RegularDayType>
          <DaysOfWeek>
            <MondayToFriday />
          </DaysOfWeek>
        </RegularDayType>
        <BankHolidayOperation>
          <DaysOfNonOperation>
            <AllBankHolidays />
          </DaysOfNonOperation>
        </BankHolidayOperation>
      </OperatingProfile>
      <VehicleJourneyCode>302970</VehicleJourneyCode>
      <ServiceRef>NW_03_SCC_57_1</ServiceRef>
      <LineRef>l_57_SCC</LineRef>
      <JourneyPatternRef>JP5390</JourneyPatternRef>
      <DepartureTime>11:45:00</DepartureTime>
    </VehicleJourney>
    <VehicleJourney>
      <PrivateCode>302965</PrivateCode>
      <Operational>
        <VehicleType>
          <VehicleTypeCode>LwFlrBs</VehicleTypeCode>
          <Description>LwFlrBs</Description>
        </VehicleType>
      </Operational>
      <OperatingProfile>
        <RegularDayType>
          <DaysOfWeek>
            <MondayToFriday />
          </DaysOfWeek>
        </RegularDayType>
        <BankHolidayOperation>
          <DaysOfNonOperation>
            <AllBankHolidays />
          </DaysOfNonOperation>
        </BankHolidayOperation>
      </OperatingProfile>
      <VehicleJourneyCode>302965</VehicleJourneyCode>
      <ServiceRef>NW_03_SCC_57_1</ServiceRef>
      <LineRef>l_57_SCC</LineRef>
      <JourneyPatternRef>JP5425</JourneyPatternRef>
      <DepartureTime>08:50:00</DepartureTime>
    </VehicleJourney>
    <VehicleJourney>
      <PrivateCode>303030</PrivateCode>
      <Operational>
        <VehicleType>
          <VehicleTypeCode>LwFlrBs</VehicleTypeCode>
          <Description>LwFlrBs</Description>
        </VehicleType>
      </Operational>
      <OperatingProfile>
        <RegularDayType>
          <DaysOfWeek>
            <MondayToFriday />
          </DaysOfWeek>
        </RegularDayType>
        <BankHolidayOperation>
          <DaysOfNonOperation>
            <AllBankHolidays />
          </DaysOfNonOperation>
        </BankHolidayOperation>
      </OperatingProfile>
      <VehicleJourneyCode>303030</VehicleJourneyCode>
      <ServiceRef>NW_03_SCC_57_1</ServiceRef>
      <LineRef>l_57_SCC</LineRef>
      <VehicleJourneyRef>302971</VehicleJourneyRef>
      <DepartureTime>10:15:00</DepartureTime>
    </VehicleJourney>
    <VehicleJourney>
      <PrivateCode>302982</PrivateCode>
      <Operational>
        <VehicleType>
          <VehicleTypeCode>LwFlrBs</VehicleTypeCode>
          <Description>LwFlrBs</Description>
        </VehicleType>
      </Operational>
      <OperatingProfile>
        <RegularDayType>
          <DaysOfWeek>
            <Saturday />
          </DaysOfWeek>
        </RegularDayType>
        <BankHolidayOperation>
          <DaysOfNonOperation>
            <AllBankHolidays />
          </DaysOfNonOperation>
        </BankHolidayOperation>
      </OperatingProfile>
      <VehicleJourneyCode>302982</VehicleJourneyCode>
      <ServiceRef>NW_03_SCC_57_1</ServiceRef>
      <LineRef>l_57_SCC</LineRef>
      <VehicleJourneyRef>302971</VehicleJourneyRef>
      <DepartureTime>13:15:00</DepartureTime>
    </VehicleJourney>
    <VehicleJourney>
      <PrivateCode>302978</PrivateCode>
      <Operational>
        <VehicleType>
          <VehicleTypeCode>LwFlrBs</VehicleTypeCode>
          <Description>LwFlrBs</Description>
        </VehicleType>
      </Operational>
      <OperatingProfile>
        <RegularDayType>
          <DaysOfWeek>
            <Saturday />
          </DaysOfWeek>
        </RegularDayType>
        <BankHolidayOperation>
          <DaysOfNonOperation>
            <AllBankHolidays />
          </DaysOfNonOperation>
        </BankHolidayOperation>
      </OperatingProfile>
      <VehicleJourneyCode>302978</VehicleJourneyCode>
      <ServiceRef>NW_03_SCC_57_1</ServiceRef>
      <LineRef>l_57_SCC</LineRef>
      <VehicleJourneyRef>302971</VehicleJourneyRef>
      <DepartureTime>11:15:00</DepartureTime>
    </VehicleJourney>
    <VehicleJourney>
      <PrivateCode>302973</PrivateCode>
      <Operational>
        <VehicleType>
          <VehicleTypeCode>LwFlrBs</VehicleTypeCode>
          <Description>LwFlrBs</Description>
        </VehicleType>
      </Operational>
      <OperatingProfile>
        <RegularDayType>
          <DaysOfWeek>
            <MondayToFriday />
          </DaysOfWeek>
        </RegularDayType>
        <BankHolidayOperation>
          <DaysOfNonOperation>
            <AllBankHolidays />
          </DaysOfNonOperation>
        </BankHolidayOperation>
      </OperatingProfile>
      <VehicleJourneyCode>302973</VehicleJourneyCode>
      <ServiceRef>NW_03_SCC_57_1</ServiceRef>
      <LineRef>l_57_SCC</LineRef>
      <VehicleJourneyRef>302971</VehicleJourneyRef>
      <DepartureTime>13:15:00</DepartureTime>
    </VehicleJourney>
    <VehicleJourney>
      <PrivateCode>302966</PrivateCode>
      <Operational>
        <VehicleType>
          <VehicleTypeCode>LwFlrBs</VehicleTypeCode>
          <Description>LwFlrBs</Description>
        </VehicleType>
      </Operational>
      <OperatingProfile>
        <RegularDayType>
          <DaysOfWeek>
            <MondayToFriday />
          </DaysOfWeek>
        </RegularDayType>
        <BankHolidayOperation>
          <DaysOfNonOperation>
            <AllBankHolidays />
          </DaysOfNonOperation>
        </BankHolidayOperation>
      </OperatingProfile>
      <VehicleJourneyCode>302966</VehicleJourneyCode>
      <ServiceRef>NW_03_SCC_57_1</ServiceRef>
      <LineRef>l_57_SCC</LineRef>
      <VehicleJourneyRef>302971</VehicleJourneyRef>
      <DepartureTime>09:15:00</DepartureTime>
    </VehicleJourney>
  </VehicleJourneys>
</TransXChange>