<?xml version="1.0" encoding="utf-8"?>
<TransXChange xmlns:xsd="http://www.w3.org/2001/XMLSchema" xmlns:xsi="http://www.w3.org/2001/XMLSchema-instance" xsi:schemaLocation="http://www.transxchange.org.uk/ http://www.transxchange.org.uk/schema/2.1/TransXChange_general.xsd" CreationDateTime="2017-09-21T14:22:22.3643919+01:00" ModificationDateTime="2017-09-21T14:22:22.3643919+01:00" Modification="new" RevisionNumber="1" FileName="TXC.xml" SchemaVersion="2.1" RegistrationDocument="false" xmlns="http://www.transxchange.org.uk/">
  <StopPoints>
    <AnnotatedStopPointRef>
      <StopPointRef>0600CR389</StopPointRef>
      <CommonName>Middlewich Road</CommonName>
      <LocalityName>Bradfield Green</LocalityName>
      <LocalityQualifier>Bradfield Green</LocalityQualifier>
    </AnnotatedStopPointRef>
    <AnnotatedStopPointRef>
      <StopPointRef>0600CR19022</StopPointRef>
      <CommonName>Middlewich Road</CommonName>
      <LocalityName>Bradfield Green</LocalityName>
      <LocalityQualifier>Bradfield Green</LocalityQualifier>
    </AnnotatedStopPointRef>
    <AnnotatedStopPointRef>
      <StopPointRef>0600CR395</StopPointRef>
      <CommonName>Frog Manor</CommonName>
      <LocalityName>Church Minshull</LocalityName>
      <LocalityQualifier>Church Minshull</LocalityQualifier>
    </AnnotatedStopPointRef>
    <AnnotatedStopPointRef>
      <StopPointRef>0600CR396</StopPointRef>
      <CommonName>Frog Manor</CommonName>
      <LocalityName>Church Minshull</LocalityName>
      <LocalityQualifier>Church Minshull</LocalityQualifier>
    </AnnotatedStopPointRef>
    <AnnotatedStopPointRef>
      <StopPointRef>0600CR19264</StopPointRef>
      <CommonName>Muslin Row</CommonName>
      <LocalityName>Church Minshull</LocalityName>
      <LocalityQualifier>Church Minshull</LocalityQualifier>
    </AnnotatedStopPointRef>
    <AnnotatedStopPointRef>
      <StopPointRef>0600CR19265</StopPointRef>
      <CommonName>Muslin Row</CommonName>
      <LocalityName>Church Minshull</LocalityName>
      <LocalityQualifier>Church Minshull</LocalityQualifier>
    </AnnotatedStopPointRef>
    <AnnotatedStopPointRef>
      <StopPointRef>0600CR393</StopPointRef>
      <CommonName>Brookhouse Lane</CommonName>
      <LocalityName>Cross Lane</LocalityName>
      <LocalityQualifier>Cross Lane</LocalityQualifier>
    </AnnotatedStopPointRef>
    <AnnotatedStopPointRef>
      <StopPointRef>0600CR394</StopPointRef>
      <CommonName>Brookhouse Lane</CommonName>
      <LocalityName>Cross Lane</LocalityName>
      <LocalityQualifier>Cross Lane</LocalityQualifier>
    </AnnotatedStopPointRef>
    <AnnotatedStopPointRef>
      <StopPointRef>0600CR390</StopPointRef>
      <CommonName>Wayside</CommonName>
      <LocalityName>Cross Lane</LocalityName>
      <LocalityQualifier>Cross Lane</LocalityQualifier>
    </AnnotatedStopPointRef>
    <AnnotatedStopPointRef>
      <StopPointRef>0600CR391</StopPointRef>
      <CommonName>Wayside</CommonName>
      <LocalityName>Cross Lane</LocalityName>
      <LocalityQualifier>Cross Lane</LocalityQualifier>
    </AnnotatedStopPointRef>
    <AnnotatedStopPointRef>
      <StopPointRef>0600CR271</StopPointRef>
      <CommonName>Water Lode</CommonName>
      <LocalityName>Nantwich</LocalityName>
      <LocalityQualifier>Nantwich</LocalityQualifier>
    </AnnotatedStopPointRef>
    <AnnotatedStopPointRef>
      <StopPointRef>0600CR123</StopPointRef>
      <CommonName>Leighton Hospital</CommonName>
      <LocalityName>Leighton</LocalityName>
      <LocalityQualifier>Leighton</LocalityQualifier>
    </AnnotatedStopPointRef>
    <AnnotatedStopPointRef>
      <StopPointRef>0600CR7302</StopPointRef>
      <CommonName>Malbank School &amp; 6th Form</CommonName>
      <LocalityName>Nantwich</LocalityName>
      <LocalityQualifier>Nantwich</LocalityQualifier>
    </AnnotatedStopPointRef>
    <AnnotatedStopPointRef>
      <StopPointRef>0600CRS7011</StopPointRef>
      <CommonName>Nanney's Bridge</CommonName>
      <LocalityName>Church Minshull</LocalityName>
      <LocalityQualifier>Church Minshull</LocalityQualifier>
    </AnnotatedStopPointRef>
    <AnnotatedStopPointRef>
      <StopPointRef>0600CR19259</StopPointRef>
      <CommonName>Nanney's Bridge</CommonName>
      <LocalityName>Church Minshull</LocalityName>
      <LocalityQualifier>Church Minshull</LocalityQualifier>
    </AnnotatedStopPointRef>
    <AnnotatedStopPointRef>
      <StopPointRef>0600CR19260</StopPointRef>
      <CommonName>Station Road Corner</CommonName>
      <LocalityName>Aston juxta Mondrum</LocalityName>
      <LocalityQualifier>Aston juxta Mondrum</LocalityQualifier>
    </AnnotatedStopPointRef>
    <AnnotatedStopPointRef>
      <StopPointRef>0600CR19261</StopPointRef>
      <CommonName>Station Road Corner</CommonName>
      <LocalityName>Aston juxta Mondrum</LocalityName>
      <LocalityQualifier>Aston juxta Mondrum</LocalityQualifier>
    </AnnotatedStopPointRef>
    <AnnotatedStopPointRef>
      <StopPointRef>0600CR290</StopPointRef>
      <CommonName>Bus Station</CommonName>
      <LocalityName>Nantwich</LocalityName>
      <LocalityQualifier>Nantwich</LocalityQualifier>
    </AnnotatedStopPointRef>
    <AnnotatedStopPointRef>
      <StopPointRef>0600CR270</StopPointRef>
      <CommonName>Frog &amp; Ferret</CommonName>
      <LocalityName>Nantwich</LocalityName>
      <LocalityQualifier>Nantwich</LocalityQualifier>
    </AnnotatedStopPointRef>
    <AnnotatedStopPointRef>
      <StopPointRef>0600CR397</StopPointRef>
      <CommonName>Woodstock</CommonName>
      <LocalityName>Church Minshull</LocalityName>
      <LocalityQualifier>Church Minshull</LocalityQualifier>
    </AnnotatedStopPointRef>
    <AnnotatedStopPointRef>
      <StopPointRef>0600CR398</StopPointRef>
      <CommonName>Woodstock</CommonName>
      <LocalityName>Church Minshull</LocalityName>
      <LocalityQualifier>Church Minshull</LocalityQualifier>
    </AnnotatedStopPointRef>
    <AnnotatedStopPointRef>
      <StopPointRef>0600CR399</StopPointRef>
      <CommonName>Mobile Home Park</CommonName>
      <LocalityName>Church Minshull</LocalityName>
      <LocalityQualifier>Church Minshull</LocalityQualifier>
    </AnnotatedStopPointRef>
    <AnnotatedStopPointRef>
      <StopPointRef>0600CR17360</StopPointRef>
      <CommonName>Weaver View</CommonName>
      <LocalityName>Church Minshull</LocalityName>
      <LocalityQualifier>Church Minshull</LocalityQualifier>
    </AnnotatedStopPointRef>
    <AnnotatedStopPointRef>
      <StopPointRef>0600CR17755</StopPointRef>
      <CommonName>St Oswald's Primary</CommonName>
      <LocalityName>Aston juxta Mondrum</LocalityName>
      <LocalityQualifier>Aston juxta Mondrum</LocalityQualifier>
    </AnnotatedStopPointRef>
    <AnnotatedStopPointRef>
      <StopPointRef>0600CR17757</StopPointRef>
      <CommonName>St Oswald's Primary</CommonName>
      <LocalityName>Aston juxta Mondrum</LocalityName>
      <LocalityQualifier>Aston juxta Mondrum</LocalityQualifier>
    </AnnotatedStopPointRef>
    <AnnotatedStopPointRef>
      <StopPointRef>0600CR19258</StopPointRef>
      <CommonName>Old Station</CommonName>
      <LocalityName>Aston juxta Mondrum</LocalityName>
      <LocalityQualifier>Aston juxta Mondrum</LocalityQualifier>
    </AnnotatedStopPointRef>
    <AnnotatedStopPointRef>
      <StopPointRef>0600CR406</StopPointRef>
      <CommonName>Old Station</CommonName>
      <LocalityName>Aston juxta Mondrum</LocalityName>
      <LocalityQualifier>Aston juxta Mondrum</LocalityQualifier>
    </AnnotatedStopPointRef>
    <AnnotatedStopPointRef>
      <StopPointRef>0600CR407</StopPointRef>
      <CommonName>Royal Oak</CommonName>
      <LocalityName>Worleston</LocalityName>
      <LocalityQualifier>Worleston</LocalityQualifier>
    </AnnotatedStopPointRef>
    <AnnotatedStopPointRef>
      <StopPointRef>0600CR17753</StopPointRef>
      <CommonName>Royal Oak</CommonName>
      <LocalityName>Worleston</LocalityName>
      <LocalityQualifier>Worleston</LocalityQualifier>
    </AnnotatedStopPointRef>
  </StopPoints>
  <JourneyPatternSections>
    <JourneyPatternSection id="JPSection-1">
      <JourneyPatternTimingLink id="JPSection-1-SEC1-POS1">
        <From>
          <Activity>pickUp</Activity>
          <StopPointRef>0600CR123</StopPointRef>
          <TimingStatus>PTP</TimingStatus>
        </From>
        <To>
          <Activity>pickUpAndSetDown</Activity>
          <StopPointRef>0600CR389</StopPointRef>
          <TimingStatus>PTP</TimingStatus>
        </To>
        <RunTime>PT2M</RunTime>
      </JourneyPatternTimingLink>
      <JourneyPatternTimingLink id="JPSection-1-SEC1-POS2">
        <From>
          <Activity>pickUpAndSetDown</Activity>
          <StopPointRef>0600CR389</StopPointRef>
          <TimingStatus>PTP</TimingStatus>
        </From>
        <To>
          <Activity>pickUpAndSetDown</Activity>
          <StopPointRef>0600CR390</StopPointRef>
          <TimingStatus>OTH</TimingStatus>
        </To>
        <RunTime>PT4M</RunTime>
      </JourneyPatternTimingLink>
      <JourneyPatternTimingLink id="JPSection-1-SEC1-POS3">
        <From>
          <Activity>pickUpAndSetDown</Activity>
          <StopPointRef>0600CR390</StopPointRef>
          <TimingStatus>OTH</TimingStatus>
        </From>
        <To>
          <Activity>pickUpAndSetDown</Activity>
          <StopPointRef>0600CR394</StopPointRef>
          <TimingStatus>OTH</TimingStatus>
        </To>
        <RunTime>PT0M</RunTime>
      </JourneyPatternTimingLink>
      <JourneyPatternTimingLink id="JPSection-1-SEC1-POS4">
        <From>
          <Activity>pickUpAndSetDown</Activity>
          <StopPointRef>0600CR394</StopPointRef>
          <TimingStatus>OTH</TimingStatus>
        </From>
        <To>
          <Activity>pickUpAndSetDown</Activity>
          <StopPointRef>0600CR395</StopPointRef>
          <TimingStatus>OTH</TimingStatus>
        </To>
        <RunTime>PT3M</RunTime>
      </JourneyPatternTimingLink>
      <JourneyPatternTimingLink id="JPSection-1-SEC1-POS5">
        <From>
          <Activity>pickUpAndSetDown</Activity>
          <StopPointRef>0600CR395</StopPointRef>
          <TimingStatus>OTH</TimingStatus>
        </From>
        <To>
          <Activity>pickUpAndSetDown</Activity>
          <StopPointRef>0600CR17360</StopPointRef>
          <TimingStatus>OTH</TimingStatus>
        </To>
        <RunTime>PT1M</RunTime>
      </JourneyPatternTimingLink>
      <JourneyPatternTimingLink id="JPSection-1-SEC1-POS6">
        <From>
          <Activity>pickUpAndSetDown</Activity>
          <StopPointRef>0600CR17360</StopPointRef>
          <TimingStatus>OTH</TimingStatus>
        </From>
        <To>
          <Activity>pickUpAndSetDown</Activity>
          <StopPointRef>0600CR397</StopPointRef>
          <TimingStatus>OTH</TimingStatus>
        </To>
        <RunTime>PT1M</RunTime>
      </JourneyPatternTimingLink>
      <JourneyPatternTimingLink id="JPSection-1-SEC1-POS7">
        <From>
          <Activity>pickUpAndSetDown</Activity>
          <StopPointRef>0600CR397</StopPointRef>
          <TimingStatus>OTH</TimingStatus>
        </From>
        <To>
          <Activity>pickUpAndSetDown</Activity>
          <StopPointRef>0600CR399</StopPointRef>
          <TimingStatus>PTP</TimingStatus>
        </To>
        <RunTime>PT2M</RunTime>
      </JourneyPatternTimingLink>
      <JourneyPatternTimingLink id="JPSection-1-SEC1-POS8">
        <From>
          <Activity>pickUpAndSetDown</Activity>
          <StopPointRef>0600CR399</StopPointRef>
          <TimingStatus>PTP</TimingStatus>
        </From>
        <To>
          <Activity>pickUpAndSetDown</Activity>
          <StopPointRef>0600CR398</StopPointRef>
          <TimingStatus>OTH</TimingStatus>
        </To>
        <RunTime>PT0M</RunTime>
      </JourneyPatternTimingLink>
      <JourneyPatternTimingLink id="JPSection-1-SEC1-POS9">
        <From>
          <Activity>pickUpAndSetDown</Activity>
          <StopPointRef>0600CR398</StopPointRef>
          <TimingStatus>OTH</TimingStatus>
        </From>
        <To>
          <Activity>pickUpAndSetDown</Activity>
          <StopPointRef>0600CR396</StopPointRef>
          <TimingStatus>PTP</TimingStatus>
        </To>
        <RunTime>PT2M</RunTime>
      </JourneyPatternTimingLink>
      <JourneyPatternTimingLink id="JPSection-1-SEC1-POS10">
        <From>
          <Activity>pickUpAndSetDown</Activity>
          <StopPointRef>0600CR396</StopPointRef>
          <TimingStatus>PTP</TimingStatus>
        </From>
        <To>
          <Activity>pickUpAndSetDown</Activity>
          <StopPointRef>0600CR19265</StopPointRef>
          <TimingStatus>PTP</TimingStatus>
        </To>
        <RunTime>PT1M</RunTime>
      </JourneyPatternTimingLink>
      <JourneyPatternTimingLink id="JPSection-1-SEC1-POS11">
        <From>
          <Activity>pickUpAndSetDown</Activity>
          <StopPointRef>0600CR19265</StopPointRef>
          <TimingStatus>PTP</TimingStatus>
        </From>
        <To>
          <Activity>pickUpAndSetDown</Activity>
          <StopPointRef>0600CR19259</StopPointRef>
          <TimingStatus>OTH</TimingStatus>
        </To>
        <RunTime>PT3M</RunTime>
      </JourneyPatternTimingLink>
      <JourneyPatternTimingLink id="JPSection-1-SEC1-POS12">
        <From>
          <Activity>pickUpAndSetDown</Activity>
          <StopPointRef>0600CR19259</StopPointRef>
          <TimingStatus>OTH</TimingStatus>
        </From>
        <To>
          <Activity>pickUpAndSetDown</Activity>
          <StopPointRef>0600CR19261</StopPointRef>
          <TimingStatus>PTP</TimingStatus>
        </To>
        <RunTime>PT2M</RunTime>
      </JourneyPatternTimingLink>
      <JourneyPatternTimingLink id="JPSection-1-SEC1-POS13">
        <From>
          <Activity>pickUpAndSetDown</Activity>
          <StopPointRef>0600CR19261</StopPointRef>
          <TimingStatus>PTP</TimingStatus>
        </From>
        <To>
          <Activity>pickUpAndSetDown</Activity>
          <StopPointRef>0600CR19258</StopPointRef>
          <TimingStatus>OTH</TimingStatus>
        </To>
        <RunTime>PT0M</RunTime>
      </JourneyPatternTimingLink>
      <JourneyPatternTimingLink id="JPSection-1-SEC1-POS14">
        <From>
          <Activity>pickUpAndSetDown</Activity>
          <StopPointRef>0600CR19258</StopPointRef>
          <TimingStatus>OTH</TimingStatus>
        </From>
        <To>
          <Activity>pickUpAndSetDown</Activity>
          <StopPointRef>0600CR17757</StopPointRef>
          <TimingStatus>PTP</TimingStatus>
        </To>
        <RunTime>PT1M</RunTime>
      </JourneyPatternTimingLink>
    </JourneyPatternSection>
    <JourneyPatternSection id="JPSection-2">
      <JourneyPatternTimingLink id="JPSection-2-SEC1-POS1">
        <From>
          <Activity>pickUp</Activity>
          <StopPointRef>0600CR123</StopPointRef>
          <TimingStatus>PTP</TimingStatus>
        </From>
        <To>
          <Activity>pickUpAndSetDown</Activity>
          <StopPointRef>0600CR389</StopPointRef>
          <TimingStatus>PTP</TimingStatus>
        </To>
        <RunTime>PT2M</RunTime>
      </JourneyPatternTimingLink>
      <JourneyPatternTimingLink id="JPSection-2-SEC1-POS2">
        <From>
          <Activity>pickUpAndSetDown</Activity>
          <StopPointRef>0600CR389</StopPointRef>
          <TimingStatus>PTP</TimingStatus>
        </From>
        <To>
          <Activity>pickUpAndSetDown</Activity>
          <StopPointRef>0600CR390</StopPointRef>
          <TimingStatus>OTH</TimingStatus>
        </To>
        <RunTime>PT4M</RunTime>
      </JourneyPatternTimingLink>
      <JourneyPatternTimingLink id="JPSection-2-SEC1-POS3">
        <From>
          <Activity>pickUpAndSetDown</Activity>
          <StopPointRef>0600CR390</StopPointRef>
          <TimingStatus>OTH</TimingStatus>
        </From>
        <To>
          <Activity>pickUpAndSetDown</Activity>
          <StopPointRef>0600CR394</StopPointRef>
          <TimingStatus>OTH</TimingStatus>
        </To>
        <RunTime>PT0M</RunTime>
      </JourneyPatternTimingLink>
      <JourneyPatternTimingLink id="JPSection-2-SEC1-POS4">
        <From>
          <Activity>pickUpAndSetDown</Activity>
          <StopPointRef>0600CR394</StopPointRef>
          <TimingStatus>OTH</TimingStatus>
        </From>
        <To>
          <Activity>pickUpAndSetDown</Activity>
          <StopPointRef>0600CR395</StopPointRef>
          <TimingStatus>OTH</TimingStatus>
        </To>
        <RunTime>PT3M</RunTime>
      </JourneyPatternTimingLink>
      <JourneyPatternTimingLink id="JPSection-2-SEC1-POS5">
        <From>
          <Activity>pickUpAndSetDown</Activity>
          <StopPointRef>0600CR395</StopPointRef>
          <TimingStatus>OTH</TimingStatus>
        </From>
        <To>
          <Activity>pickUpAndSetDown</Activity>
          <StopPointRef>0600CR17360</StopPointRef>
          <TimingStatus>OTH</TimingStatus>
        </To>
        <RunTime>PT1M</RunTime>
      </JourneyPatternTimingLink>
      <JourneyPatternTimingLink id="JPSection-2-SEC1-POS6">
        <From>
          <Activity>pickUpAndSetDown</Activity>
          <StopPointRef>0600CR17360</StopPointRef>
          <TimingStatus>OTH</TimingStatus>
        </From>
        <To>
          <Activity>pickUpAndSetDown</Activity>
          <StopPointRef>0600CR397</StopPointRef>
          <TimingStatus>OTH</TimingStatus>
        </To>
        <RunTime>PT1M</RunTime>
      </JourneyPatternTimingLink>
      <JourneyPatternTimingLink id="JPSection-2-SEC1-POS7">
        <From>
          <Activity>pickUpAndSetDown</Activity>
          <StopPointRef>0600CR397</StopPointRef>
          <TimingStatus>OTH</TimingStatus>
        </From>
        <To>
          <Activity>pickUpAndSetDown</Activity>
          <StopPointRef>0600CR399</StopPointRef>
          <TimingStatus>PTP</TimingStatus>
        </To>
        <RunTime>PT2M</RunTime>
      </JourneyPatternTimingLink>
      <JourneyPatternTimingLink id="JPSection-2-SEC1-POS8">
        <From>
          <Activity>pickUpAndSetDown</Activity>
          <StopPointRef>0600CR399</StopPointRef>
          <TimingStatus>PTP</TimingStatus>
        </From>
        <To>
          <Activity>pickUpAndSetDown</Activity>
          <StopPointRef>0600CR398</StopPointRef>
          <TimingStatus>OTH</TimingStatus>
        </To>
        <RunTime>PT0M</RunTime>
      </JourneyPatternTimingLink>
      <JourneyPatternTimingLink id="JPSection-2-SEC1-POS9">
        <From>
          <Activity>pickUpAndSetDown</Activity>
          <StopPointRef>0600CR398</StopPointRef>
          <TimingStatus>OTH</TimingStatus>
        </From>
        <To>
          <Activity>pickUpAndSetDown</Activity>
          <StopPointRef>0600CR396</StopPointRef>
          <TimingStatus>PTP</TimingStatus>
        </To>
        <RunTime>PT2M</RunTime>
      </JourneyPatternTimingLink>
      <JourneyPatternTimingLink id="JPSection-2-SEC1-POS10">
        <From>
          <Activity>pickUpAndSetDown</Activity>
          <StopPointRef>0600CR396</StopPointRef>
          <TimingStatus>PTP</TimingStatus>
        </From>
        <To>
          <Activity>pickUpAndSetDown</Activity>
          <StopPointRef>0600CR19265</StopPointRef>
          <TimingStatus>PTP</TimingStatus>
        </To>
        <RunTime>PT1M</RunTime>
      </JourneyPatternTimingLink>
      <JourneyPatternTimingLink id="JPSection-2-SEC1-POS11">
        <From>
          <Activity>pickUpAndSetDown</Activity>
          <StopPointRef>0600CR19265</StopPointRef>
          <TimingStatus>PTP</TimingStatus>
        </From>
        <To>
          <Activity>pickUpAndSetDown</Activity>
          <StopPointRef>0600CR19259</StopPointRef>
          <TimingStatus>OTH</TimingStatus>
        </To>
        <RunTime>PT3M</RunTime>
      </JourneyPatternTimingLink>
      <JourneyPatternTimingLink id="JPSection-2-SEC1-POS12">
        <From>
          <Activity>pickUpAndSetDown</Activity>
          <StopPointRef>0600CR19259</StopPointRef>
          <TimingStatus>OTH</TimingStatus>
        </From>
        <To>
          <Activity>pickUpAndSetDown</Activity>
          <StopPointRef>0600CR19261</StopPointRef>
          <TimingStatus>PTP</TimingStatus>
        </To>
        <RunTime>PT2M</RunTime>
      </JourneyPatternTimingLink>
      <JourneyPatternTimingLink id="JPSection-2-SEC1-POS13">
        <From>
          <Activity>pickUpAndSetDown</Activity>
          <StopPointRef>0600CR19261</StopPointRef>
          <TimingStatus>PTP</TimingStatus>
        </From>
        <To>
          <Activity>pickUpAndSetDown</Activity>
          <StopPointRef>0600CR19258</StopPointRef>
          <TimingStatus>OTH</TimingStatus>
        </To>
        <RunTime>PT0M</RunTime>
      </JourneyPatternTimingLink>
      <JourneyPatternTimingLink id="JPSection-2-SEC1-POS14">
        <From>
          <Activity>pickUpAndSetDown</Activity>
          <StopPointRef>0600CR19258</StopPointRef>
          <TimingStatus>OTH</TimingStatus>
        </From>
        <To>
          <Activity>pickUpAndSetDown</Activity>
          <StopPointRef>0600CR17757</StopPointRef>
          <TimingStatus>PTP</TimingStatus>
        </To>
        <RunTime>PT1M</RunTime>
      </JourneyPatternTimingLink>
    </JourneyPatternSection>
    <JourneyPatternSection id="JPSection-3">
      <JourneyPatternTimingLink id="JPSection-3-SEC5-POS37">
        <From>
          <Activity>pickUpAndSetDown</Activity>
          <StopPointRef>0600CR17755</StopPointRef>
          <TimingStatus>PTP</TimingStatus>
        </From>
        <To>
          <Activity>pickUpAndSetDown</Activity>
          <StopPointRef>0600CR406</StopPointRef>
          <TimingStatus>OTH</TimingStatus>
        </To>
        <RunTime>PT0M</RunTime>
      </JourneyPatternTimingLink>
      <JourneyPatternTimingLink id="JPSection-3-SEC5-POS38">
        <From>
          <Activity>pickUpAndSetDown</Activity>
          <StopPointRef>0600CR406</StopPointRef>
          <TimingStatus>OTH</TimingStatus>
        </From>
        <To>
          <Activity>pickUpAndSetDown</Activity>
          <StopPointRef>0600CR19260</StopPointRef>
          <TimingStatus>PTP</TimingStatus>
        </To>
        <RunTime>PT1M</RunTime>
      </JourneyPatternTimingLink>
      <JourneyPatternTimingLink id="JPSection-3-SEC4-POS28">
        <From>
          <Activity>pickUpAndSetDown</Activity>
          <StopPointRef>0600CR19260</StopPointRef>
          <TimingStatus>PTP</TimingStatus>
        </From>
        <To>
          <Activity>pickUpAndSetDown</Activity>
          <StopPointRef>0600CRS7011</StopPointRef>
          <TimingStatus>OTH</TimingStatus>
        </To>
        <RunTime>PT1M</RunTime>
      </JourneyPatternTimingLink>
      <JourneyPatternTimingLink id="JPSection-3-SEC4-POS29">
        <From>
          <Activity>pickUpAndSetDown</Activity>
          <StopPointRef>0600CRS7011</StopPointRef>
          <TimingStatus>OTH</TimingStatus>
        </From>
        <To>
          <Activity>pickUpAndSetDown</Activity>
          <StopPointRef>0600CR19264</StopPointRef>
          <TimingStatus>PTP</TimingStatus>
        </To>
        <RunTime>PT4M</RunTime>
      </JourneyPatternTimingLink>
      <JourneyPatternTimingLink id="JPSection-3-SEC4-POS30">
        <From>
          <Activity>pickUpAndSetDown</Activity>
          <StopPointRef>0600CR19264</StopPointRef>
          <TimingStatus>PTP</TimingStatus>
        </From>
        <To>
          <Activity>pickUpAndSetDown</Activity>
          <StopPointRef>0600CR395</StopPointRef>
          <TimingStatus>OTH</TimingStatus>
        </To>
        <RunTime>PT0M</RunTime>
      </JourneyPatternTimingLink>
      <JourneyPatternTimingLink id="JPSection-3-SEC4-POS31">
        <From>
          <Activity>pickUpAndSetDown</Activity>
          <StopPointRef>0600CR395</StopPointRef>
          <TimingStatus>OTH</TimingStatus>
        </From>
        <To>
          <Activity>pickUpAndSetDown</Activity>
          <StopPointRef>0600CR17360</StopPointRef>
          <TimingStatus>PTP</TimingStatus>
        </To>
        <RunTime>PT2M</RunTime>
      </JourneyPatternTimingLink>
      <JourneyPatternTimingLink id="JPSection-3-SEC4-POS32">
        <From>
          <Activity>pickUpAndSetDown</Activity>
          <StopPointRef>0600CR17360</StopPointRef>
          <TimingStatus>PTP</TimingStatus>
        </From>
        <To>
          <Activity>pickUpAndSetDown</Activity>
          <StopPointRef>0600CR397</StopPointRef>
          <TimingStatus>OTH</TimingStatus>
        </To>
        <RunTime>PT0M</RunTime>
      </JourneyPatternTimingLink>
      <JourneyPatternTimingLink id="JPSection-3-SEC4-POS33">
        <From>
          <Activity>pickUpAndSetDown</Activity>
          <StopPointRef>0600CR397</StopPointRef>
          <TimingStatus>OTH</TimingStatus>
        </From>
        <To>
          <Activity>setDown</Activity>
          <StopPointRef>0600CR399</StopPointRef>
          <TimingStatus>PTP</TimingStatus>
        </To>
        <RunTime>PT1M</RunTime>
      </JourneyPatternTimingLink>
      <JourneyPatternTimingLink id="JPSection-3-SEC5-POS39">
        <From>
          <Activity>pickUpAndSetDown</Activity>
          <StopPointRef>0600CR399</StopPointRef>
          <TimingStatus>PTP</TimingStatus>
        </From>
        <To>
          <Activity>pickUpAndSetDown</Activity>
          <StopPointRef>0600CR398</StopPointRef>
          <TimingStatus>OTH</TimingStatus>
        </To>
        <RunTime>PT1M</RunTime>
      </JourneyPatternTimingLink>
      <JourneyPatternTimingLink id="JPSection-3-SEC1-POS9">
        <From>
          <Activity>pickUpAndSetDown</Activity>
          <StopPointRef>0600CR398</StopPointRef>
          <TimingStatus>OTH</TimingStatus>
        </From>
        <To>
          <Activity>pickUpAndSetDown</Activity>
          <StopPointRef>0600CR396</StopPointRef>
          <TimingStatus>PTP</TimingStatus>
        </To>
        <RunTime>PT2M</RunTime>
      </JourneyPatternTimingLink>
      <JourneyPatternTimingLink id="JPSection-3-SEC5-POS40">
        <From>
          <Activity>pickUpAndSetDown</Activity>
          <StopPointRef>0600CR396</StopPointRef>
          <TimingStatus>OTH</TimingStatus>
        </From>
        <To>
          <Activity>pickUpAndSetDown</Activity>
          <StopPointRef>0600CR393</StopPointRef>
          <TimingStatus>OTH</TimingStatus>
        </To>
        <RunTime>PT2M</RunTime>
      </JourneyPatternTimingLink>
      <JourneyPatternTimingLink id="JPSection-3-SEC5-POS41">
        <From>
          <Activity>pickUpAndSetDown</Activity>
          <StopPointRef>0600CR393</StopPointRef>
          <TimingStatus>OTH</TimingStatus>
        </From>
        <To>
          <Activity>pickUpAndSetDown</Activity>
          <StopPointRef>0600CR391</StopPointRef>
          <TimingStatus>OTH</TimingStatus>
        </To>
        <RunTime>PT1M</RunTime>
      </JourneyPatternTimingLink>
      <JourneyPatternTimingLink id="JPSection-3-SEC5-POS42">
        <From>
          <Activity>pickUpAndSetDown</Activity>
          <StopPointRef>0600CR391</StopPointRef>
          <TimingStatus>OTH</TimingStatus>
        </From>
        <To>
          <Activity>pickUpAndSetDown</Activity>
          <StopPointRef>0600CR19022</StopPointRef>
          <TimingStatus>PTP</TimingStatus>
        </To>
        <RunTime>PT4M</RunTime>
      </JourneyPatternTimingLink>
      <JourneyPatternTimingLink id="JPSection-3-SEC5-POS43">
        <From>
          <Activity>pickUpAndSetDown</Activity>
          <StopPointRef>0600CR19022</StopPointRef>
          <TimingStatus>PTP</TimingStatus>
        </From>
        <To>
          <Activity>setDown</Activity>
          <StopPointRef>0600CR123</StopPointRef>
          <TimingStatus>PTP</TimingStatus>
        </To>
        <RunTime>PT3M</RunTime>
      </JourneyPatternTimingLink>
    </JourneyPatternSection>
    <JourneyPatternSection id="JPSection-4">
      <JourneyPatternTimingLink id="JPSection-4-SEC5-POS37">
        <From>
          <Activity>pickUpAndSetDown</Activity>
          <StopPointRef>0600CR17755</StopPointRef>
          <TimingStatus>PTP</TimingStatus>
        </From>
        <To>
          <Activity>pickUpAndSetDown</Activity>
          <StopPointRef>0600CR406</StopPointRef>
          <TimingStatus>OTH</TimingStatus>
        </To>
        <RunTime>PT0M</RunTime>
      </JourneyPatternTimingLink>
      <JourneyPatternTimingLink id="JPSection-4-SEC5-POS38">
        <From>
          <Activity>pickUpAndSetDown</Activity>
          <StopPointRef>0600CR406</StopPointRef>
          <TimingStatus>OTH</TimingStatus>
        </From>
        <To>
          <Activity>pickUpAndSetDown</Activity>
          <StopPointRef>0600CR19260</StopPointRef>
          <TimingStatus>PTP</TimingStatus>
        </To>
        <RunTime>PT1M</RunTime>
      </JourneyPatternTimingLink>
      <JourneyPatternTimingLink id="JPSection-4-SEC4-POS28">
        <From>
          <Activity>pickUpAndSetDown</Activity>
          <StopPointRef>0600CR19260</StopPointRef>
          <TimingStatus>PTP</TimingStatus>
        </From>
        <To>
          <Activity>pickUpAndSetDown</Activity>
          <StopPointRef>0600CRS7011</StopPointRef>
          <TimingStatus>OTH</TimingStatus>
        </To>
        <RunTime>PT1M</RunTime>
      </JourneyPatternTimingLink>
      <JourneyPatternTimingLink id="JPSection-4-SEC4-POS29">
        <From>
          <Activity>pickUpAndSetDown</Activity>
          <StopPointRef>0600CRS7011</StopPointRef>
          <TimingStatus>OTH</TimingStatus>
        </From>
        <To>
          <Activity>pickUpAndSetDown</Activity>
          <StopPointRef>0600CR19264</StopPointRef>
          <TimingStatus>PTP</TimingStatus>
        </To>
        <RunTime>PT4M</RunTime>
      </JourneyPatternTimingLink>
      <JourneyPatternTimingLink id="JPSection-4-SEC4-POS30">
        <From>
          <Activity>pickUpAndSetDown</Activity>
          <StopPointRef>0600CR19264</StopPointRef>
          <TimingStatus>PTP</TimingStatus>
        </From>
        <To>
          <Activity>pickUpAndSetDown</Activity>
          <StopPointRef>0600CR395</StopPointRef>
          <TimingStatus>OTH</TimingStatus>
        </To>
        <RunTime>PT0M</RunTime>
      </JourneyPatternTimingLink>
      <JourneyPatternTimingLink id="JPSection-4-SEC4-POS31">
        <From>
          <Activity>pickUpAndSetDown</Activity>
          <StopPointRef>0600CR395</StopPointRef>
          <TimingStatus>OTH</TimingStatus>
        </From>
        <To>
          <Activity>pickUpAndSetDown</Activity>
          <StopPointRef>0600CR17360</StopPointRef>
          <TimingStatus>PTP</TimingStatus>
        </To>
        <RunTime>PT2M</RunTime>
      </JourneyPatternTimingLink>
      <JourneyPatternTimingLink id="JPSection-4-SEC4-POS32">
        <From>
          <Activity>pickUpAndSetDown</Activity>
          <StopPointRef>0600CR17360</StopPointRef>
          <TimingStatus>PTP</TimingStatus>
        </From>
        <To>
          <Activity>pickUpAndSetDown</Activity>
          <StopPointRef>0600CR397</StopPointRef>
          <TimingStatus>OTH</TimingStatus>
        </To>
        <RunTime>PT0M</RunTime>
      </JourneyPatternTimingLink>
      <JourneyPatternTimingLink id="JPSection-4-SEC4-POS33">
        <From>
          <Activity>pickUpAndSetDown</Activity>
          <StopPointRef>0600CR397</StopPointRef>
          <TimingStatus>OTH</TimingStatus>
        </From>
        <To>
          <Activity>setDown</Activity>
          <StopPointRef>0600CR399</StopPointRef>
          <TimingStatus>PTP</TimingStatus>
        </To>
        <RunTime>PT1M</RunTime>
      </JourneyPatternTimingLink>
      <JourneyPatternTimingLink id="JPSection-4-SEC5-POS39">
        <From>
          <Activity>pickUpAndSetDown</Activity>
          <StopPointRef>0600CR399</StopPointRef>
          <TimingStatus>PTP</TimingStatus>
        </From>
        <To>
          <Activity>pickUpAndSetDown</Activity>
          <StopPointRef>0600CR398</StopPointRef>
          <TimingStatus>OTH</TimingStatus>
        </To>
        <RunTime>PT1M</RunTime>
      </JourneyPatternTimingLink>
      <JourneyPatternTimingLink id="JPSection-4-SEC1-POS9">
        <From>
          <Activity>pickUpAndSetDown</Activity>
          <StopPointRef>0600CR398</StopPointRef>
          <TimingStatus>OTH</TimingStatus>
        </From>
        <To>
          <Activity>pickUpAndSetDown</Activity>
          <StopPointRef>0600CR396</StopPointRef>
          <TimingStatus>PTP</TimingStatus>
        </To>
        <RunTime>PT2M</RunTime>
      </JourneyPatternTimingLink>
      <JourneyPatternTimingLink id="JPSection-4-SEC5-POS40">
        <From>
          <Activity>pickUpAndSetDown</Activity>
          <StopPointRef>0600CR396</StopPointRef>
          <TimingStatus>OTH</TimingStatus>
        </From>
        <To>
          <Activity>pickUpAndSetDown</Activity>
          <StopPointRef>0600CR393</StopPointRef>
          <TimingStatus>OTH</TimingStatus>
        </To>
        <RunTime>PT2M</RunTime>
      </JourneyPatternTimingLink>
      <JourneyPatternTimingLink id="JPSection-4-SEC5-POS41">
        <From>
          <Activity>pickUpAndSetDown</Activity>
          <StopPointRef>0600CR393</StopPointRef>
          <TimingStatus>OTH</TimingStatus>
        </From>
        <To>
          <Activity>pickUpAndSetDown</Activity>
          <StopPointRef>0600CR391</StopPointRef>
          <TimingStatus>OTH</TimingStatus>
        </To>
        <RunTime>PT1M</RunTime>
      </JourneyPatternTimingLink>
      <JourneyPatternTimingLink id="JPSection-4-SEC5-POS42">
        <From>
          <Activity>pickUpAndSetDown</Activity>
          <StopPointRef>0600CR391</StopPointRef>
          <TimingStatus>OTH</TimingStatus>
        </From>
        <To>
          <Activity>pickUpAndSetDown</Activity>
          <StopPointRef>0600CR19022</StopPointRef>
          <TimingStatus>PTP</TimingStatus>
        </To>
        <RunTime>PT4M</RunTime>
      </JourneyPatternTimingLink>
      <JourneyPatternTimingLink id="JPSection-4-SEC5-POS43">
        <From>
          <Activity>pickUpAndSetDown</Activity>
          <StopPointRef>0600CR19022</StopPointRef>
          <TimingStatus>PTP</TimingStatus>
        </From>
        <To>
          <Activity>setDown</Activity>
          <StopPointRef>0600CR123</StopPointRef>
          <TimingStatus>PTP</TimingStatus>
        </To>
        <RunTime>PT3M</RunTime>
      </JourneyPatternTimingLink>
    </JourneyPatternSection>
    <JourneyPatternSection id="JPSection-5">
      <JourneyPatternTimingLink id="JPSection-5-SEC2-POS19">
        <From>
          <Activity>pickUpAndSetDown</Activity>
          <StopPointRef>0600CR271</StopPointRef>
          <TimingStatus>OTH</TimingStatus>
        </From>
        <To>
          <Activity>setDown</Activity>
          <StopPointRef>0600CR290</StopPointRef>
          <TimingStatus>PTP</TimingStatus>
        </To>
        <RunTime>PT1M</RunTime>
      </JourneyPatternTimingLink>
    </JourneyPatternSection>
    <JourneyPatternSection id="JPSection-6">
      <JourneyPatternTimingLink id="JPSection-6-SEC2-POS19">
        <From>
          <Activity>pickUpAndSetDown</Activity>
          <StopPointRef>0600CR271</StopPointRef>
          <TimingStatus>OTH</TimingStatus>
        </From>
        <To>
          <Activity>setDown</Activity>
          <StopPointRef>0600CR290</StopPointRef>
          <TimingStatus>PTP</TimingStatus>
        </To>
        <RunTime>PT1M</RunTime>
      </JourneyPatternTimingLink>
    </JourneyPatternSection>
    <JourneyPatternSection id="JPSection-7">
      <JourneyPatternTimingLink id="JPSection-7-SEC4-POS25">
        <From>
          <Activity>pickUp</Activity>
          <StopPointRef>0600CR290</StopPointRef>
          <TimingStatus>PTP</TimingStatus>
        </From>
        <To>
          <Activity>pickUpAndSetDown</Activity>
          <StopPointRef>0600CR270</StopPointRef>
          <TimingStatus>OTH</TimingStatus>
        </To>
        <RunTime>PT0M</RunTime>
      </JourneyPatternTimingLink>
    </JourneyPatternSection>
    <JourneyPatternSection id="JPSection-8">
      <JourneyPatternTimingLink id="JPSection-8-SEC4-POS25">
        <From>
          <Activity>pickUp</Activity>
          <StopPointRef>0600CR290</StopPointRef>
          <TimingStatus>PTP</TimingStatus>
        </From>
        <To>
          <Activity>pickUpAndSetDown</Activity>
          <StopPointRef>0600CR270</StopPointRef>
          <TimingStatus>OTH</TimingStatus>
        </To>
        <RunTime>PT0M</RunTime>
      </JourneyPatternTimingLink>
    </JourneyPatternSection>
    <JourneyPatternSection id="JPSection-9">
      <JourneyPatternTimingLink id="JPSection-9-SEC1-POS15">
        <From>
          <Activity>pickUpAndSetDown</Activity>
          <StopPointRef>0600CR17757</StopPointRef>
          <TimingStatus>PTP</TimingStatus>
        </From>
        <To>
          <Activity>pickUpAndSetDown</Activity>
          <StopPointRef>0600CR7302</StopPointRef>
          <TimingStatus>PTP</TimingStatus>
        </To>
        <RunTime>PT15M</RunTime>
      </JourneyPatternTimingLink>
      <JourneyPatternTimingLink id="JPSection-9-SEC1-POS16">
        <From>
          <Activity>pickUpAndSetDown</Activity>
          <StopPointRef>0600CR7302</StopPointRef>
          <TimingStatus>PTP</TimingStatus>
        </From>
        <To>
          <Activity>pickUpAndSetDown</Activity>
          <StopPointRef>0600CR271</StopPointRef>
          <TimingStatus>OTH</TimingStatus>
        </To>
        <RunTime>PT3M</RunTime>
      </JourneyPatternTimingLink>
      <JourneyPatternTimingLink id="JPSection-9-SEC1-POS17">
        <From>
          <Activity>pickUpAndSetDown</Activity>
          <StopPointRef>0600CR271</StopPointRef>
          <TimingStatus>OTH</TimingStatus>
        </From>
        <To>
          <Activity>setDown</Activity>
          <StopPointRef>0600CR290</StopPointRef>
          <TimingStatus>PTP</TimingStatus>
        </To>
        <RunTime>PT2M</RunTime>
      </JourneyPatternTimingLink>
    </JourneyPatternSection>
    <JourneyPatternSection id="JPSection-10">
      <JourneyPatternTimingLink id="JPSection-10-SEC2-POS18">
        <From>
          <Activity>pickUpAndSetDown</Activity>
          <StopPointRef>0600CR17757</StopPointRef>
          <TimingStatus>PTP</TimingStatus>
        </From>
        <To>
          <Activity>pickUpAndSetDown</Activity>
          <StopPointRef>0600CR271</StopPointRef>
          <TimingStatus>OTH</TimingStatus>
        </To>
        <RunTime>PT14M</RunTime>
      </JourneyPatternTimingLink>
    </JourneyPatternSection>
    <JourneyPatternSection id="JPSection-11">
      <JourneyPatternTimingLink id="JPSection-11-SEC3-POS20">
        <From>
          <Activity>pickUp</Activity>
          <StopPointRef>0600CR399</StopPointRef>
          <TimingStatus>PTP</TimingStatus>
        </From>
        <To>
          <Activity>pickUpAndSetDown</Activity>
          <StopPointRef>0600CR398</StopPointRef>
          <TimingStatus>OTH</TimingStatus>
        </To>
        <RunTime>PT0M</RunTime>
      </JourneyPatternTimingLink>
      <JourneyPatternTimingLink id="JPSection-11-SEC3-POS21">
        <From>
          <Activity>pickUpAndSetDown</Activity>
          <StopPointRef>0600CR398</StopPointRef>
          <TimingStatus>OTH</TimingStatus>
        </From>
        <To>
          <Activity>pickUpAndSetDown</Activity>
          <StopPointRef>0600CR396</StopPointRef>
          <TimingStatus>PTP</TimingStatus>
        </To>
        <RunTime>PT1M</RunTime>
      </JourneyPatternTimingLink>
      <JourneyPatternTimingLink id="JPSection-11-SEC3-POS22">
        <From>
          <Activity>pickUpAndSetDown</Activity>
          <StopPointRef>0600CR396</StopPointRef>
          <TimingStatus>PTP</TimingStatus>
        </From>
        <To>
          <Activity>pickUpAndSetDown</Activity>
          <StopPointRef>0600CR19265</StopPointRef>
          <TimingStatus>PTP</TimingStatus>
        </To>
        <RunTime>PT2M</RunTime>
      </JourneyPatternTimingLink>
      <JourneyPatternTimingLink id="JPSection-11-SEC1-POS11">
        <From>
          <Activity>pickUpAndSetDown</Activity>
          <StopPointRef>0600CR19265</StopPointRef>
          <TimingStatus>PTP</TimingStatus>
        </From>
        <To>
          <Activity>pickUpAndSetDown</Activity>
          <StopPointRef>0600CR19259</StopPointRef>
          <TimingStatus>OTH</TimingStatus>
        </To>
        <RunTime>PT3M</RunTime>
      </JourneyPatternTimingLink>
      <JourneyPatternTimingLink id="JPSection-11-SEC1-POS12">
        <From>
          <Activity>pickUpAndSetDown</Activity>
          <StopPointRef>0600CR19259</StopPointRef>
          <TimingStatus>OTH</TimingStatus>
        </From>
        <To>
          <Activity>pickUpAndSetDown</Activity>
          <StopPointRef>0600CR19261</StopPointRef>
          <TimingStatus>PTP</TimingStatus>
        </To>
        <RunTime>PT2M</RunTime>
      </JourneyPatternTimingLink>
      <JourneyPatternTimingLink id="JPSection-11-SEC3-POS23">
        <From>
          <Activity>pickUpAndSetDown</Activity>
          <StopPointRef>0600CR19261</StopPointRef>
          <TimingStatus>PTP</TimingStatus>
        </From>
        <To>
          <Activity>pickUpAndSetDown</Activity>
          <StopPointRef>0600CR407</StopPointRef>
          <TimingStatus>PTP</TimingStatus>
        </To>
        <RunTime>PT2M</RunTime>
      </JourneyPatternTimingLink>
      <JourneyPatternTimingLink id="JPSection-11-SEC3-POS24">
        <From>
          <Activity>pickUpAndSetDown</Activity>
          <StopPointRef>0600CR407</StopPointRef>
          <TimingStatus>PTP</TimingStatus>
        </From>
        <To>
          <Activity>pickUpAndSetDown</Activity>
          <StopPointRef>0600CR271</StopPointRef>
          <TimingStatus>OTH</TimingStatus>
        </To>
        <RunTime>PT9M</RunTime>
      </JourneyPatternTimingLink>
    </JourneyPatternSection>
    <JourneyPatternSection id="JPSection-12">
      <JourneyPatternTimingLink id="JPSection-12-SEC4-POS26">
        <From>
          <Activity>pickUpAndSetDown</Activity>
          <StopPointRef>0600CR270</StopPointRef>
          <TimingStatus>OTH</TimingStatus>
        </From>
        <To>
          <Activity>pickUpAndSetDown</Activity>
          <StopPointRef>0600CR17753</StopPointRef>
          <TimingStatus>PTP</TimingStatus>
        </To>
        <RunTime>PT10M</RunTime>
      </JourneyPatternTimingLink>
      <JourneyPatternTimingLink id="JPSection-12-SEC4-POS27">
        <From>
          <Activity>pickUpAndSetDown</Activity>
          <StopPointRef>0600CR17753</StopPointRef>
          <TimingStatus>PTP</TimingStatus>
        </From>
        <To>
          <Activity>pickUpAndSetDown</Activity>
          <StopPointRef>0600CR19260</StopPointRef>
          <TimingStatus>PTP</TimingStatus>
        </To>
        <RunTime>PT2M</RunTime>
      </JourneyPatternTimingLink>
      <JourneyPatternTimingLink id="JPSection-12-SEC4-POS28">
        <From>
          <Activity>pickUpAndSetDown</Activity>
          <StopPointRef>0600CR19260</StopPointRef>
          <TimingStatus>PTP</TimingStatus>
        </From>
        <To>
          <Activity>pickUpAndSetDown</Activity>
          <StopPointRef>0600CRS7011</StopPointRef>
          <TimingStatus>OTH</TimingStatus>
        </To>
        <RunTime>PT1M</RunTime>
      </JourneyPatternTimingLink>
      <JourneyPatternTimingLink id="JPSection-12-SEC4-POS29">
        <From>
          <Activity>pickUpAndSetDown</Activity>
          <StopPointRef>0600CRS7011</StopPointRef>
          <TimingStatus>OTH</TimingStatus>
        </From>
        <To>
          <Activity>pickUpAndSetDown</Activity>
          <StopPointRef>0600CR19264</StopPointRef>
          <TimingStatus>PTP</TimingStatus>
        </To>
        <RunTime>PT4M</RunTime>
      </JourneyPatternTimingLink>
      <JourneyPatternTimingLink id="JPSection-12-SEC4-POS30">
        <From>
          <Activity>pickUpAndSetDown</Activity>
          <StopPointRef>0600CR19264</StopPointRef>
          <TimingStatus>PTP</TimingStatus>
        </From>
        <To>
          <Activity>pickUpAndSetDown</Activity>
          <StopPointRef>0600CR395</StopPointRef>
          <TimingStatus>OTH</TimingStatus>
        </To>
        <RunTime>PT0M</RunTime>
      </JourneyPatternTimingLink>
      <JourneyPatternTimingLink id="JPSection-12-SEC4-POS31">
        <From>
          <Activity>pickUpAndSetDown</Activity>
          <StopPointRef>0600CR395</StopPointRef>
          <TimingStatus>OTH</TimingStatus>
        </From>
        <To>
          <Activity>pickUpAndSetDown</Activity>
          <StopPointRef>0600CR17360</StopPointRef>
          <TimingStatus>PTP</TimingStatus>
        </To>
        <RunTime>PT2M</RunTime>
      </JourneyPatternTimingLink>
      <JourneyPatternTimingLink id="JPSection-12-SEC4-POS32">
        <From>
          <Activity>pickUpAndSetDown</Activity>
          <StopPointRef>0600CR17360</StopPointRef>
          <TimingStatus>PTP</TimingStatus>
        </From>
        <To>
          <Activity>pickUpAndSetDown</Activity>
          <StopPointRef>0600CR397</StopPointRef>
          <TimingStatus>OTH</TimingStatus>
        </To>
        <RunTime>PT0M</RunTime>
      </JourneyPatternTimingLink>
      <JourneyPatternTimingLink id="JPSection-12-SEC4-POS33">
        <From>
          <Activity>pickUpAndSetDown</Activity>
          <StopPointRef>0600CR397</StopPointRef>
          <TimingStatus>OTH</TimingStatus>
        </From>
        <To>
          <Activity>setDown</Activity>
          <StopPointRef>0600CR399</StopPointRef>
          <TimingStatus>PTP</TimingStatus>
        </To>
        <RunTime>PT1M</RunTime>
      </JourneyPatternTimingLink>
    </JourneyPatternSection>
    <JourneyPatternSection id="JPSection-13">
      <JourneyPatternTimingLink id="JPSection-13-SEC5-POS34">
        <From>
          <Activity>pickUp</Activity>
          <StopPointRef>0600CR290</StopPointRef>
          <TimingStatus>PTP</TimingStatus>
        </From>
        <To>
          <Activity>pickUpAndSetDown</Activity>
          <StopPointRef>0600CR270</StopPointRef>
          <TimingStatus>OTH</TimingStatus>
        </To>
        <RunTime>PT2M</RunTime>
      </JourneyPatternTimingLink>
      <JourneyPatternTimingLink id="JPSection-13-SEC5-POS35">
        <From>
          <Activity>pickUpAndSetDown</Activity>
          <StopPointRef>0600CR270</StopPointRef>
          <TimingStatus>OTH</TimingStatus>
        </From>
        <To>
          <Activity>pickUpAndSetDown</Activity>
          <StopPointRef>0600CR7302</StopPointRef>
          <TimingStatus>PTP</TimingStatus>
        </To>
        <RunTime>PT8M</RunTime>
      </JourneyPatternTimingLink>
      <JourneyPatternTimingLink id="JPSection-13-SEC5-POS36">
        <From>
          <Activity>pickUpAndSetDown</Activity>
          <StopPointRef>0600CR7302</StopPointRef>
          <TimingStatus>PTP</TimingStatus>
        </From>
        <To>
          <Activity>pickUpAndSetDown</Activity>
          <StopPointRef>0600CR17755</StopPointRef>
          <TimingStatus>PTP</TimingStatus>
        </To>
        <RunTime>PT15M</RunTime>
      </JourneyPatternTimingLink>
    </JourneyPatternSection>
    <JourneyPatternSection id="JPSection-14">
      <JourneyPatternTimingLink id="JPSection-14-SEC6-POS44">
        <From>
          <Activity>pickUpAndSetDown</Activity>
          <StopPointRef>0600CR270</StopPointRef>
          <TimingStatus>OTH</TimingStatus>
        </From>
        <To>
          <Activity>pickUpAndSetDown</Activity>
          <StopPointRef>0600CR17755</StopPointRef>
          <TimingStatus>PTP</TimingStatus>
        </To>
        <RunTime>PT10M</RunTime>
      </JourneyPatternTimingLink>
    </JourneyPatternSection>
  </JourneyPatternSections>
  <Operators>
    <Operator id="OId_DG">
      <NationalOperatorCode>DAGC</NationalOperatorCode>
      <OperatorCode>DG</OperatorCode>
      <OperatorShortName>DG</OperatorShortName>
    </Operator>
  </Operators>
  <Services>
    <Service>
      <ServiceCode>NW_01_DG_68_1</ServiceCode>
      <Lines>
        <Line id="l_68_DG">
          <LineName>68</LineName>
        </Line>
      </Lines>
      <OperatingPeriod>
        <StartDate>2016-09-07</StartDate>
        <EndDate>2099-12-31</EndDate>
      </OperatingPeriod>
      <RegisteredOperatorRef>OId_DG</RegisteredOperatorRef>
      <StopRequirements>
        <NoNewStopsRequired />
      </StopRequirements>
      <Mode>bus</Mode>
      <Description>Leighton Hospital - Church Minshull - Nantwich</Description>
      <StandardService>
        <Origin>Nantwich</Origin>
        <Destination>Leighton</Destination>
        <JourneyPattern id="JP1">
          <Direction>outbound</Direction>
          <JourneyPatternSectionRefs>JPSection-1</JourneyPatternSectionRefs>
          <JourneyPatternSectionRefs>JPSection-9</JourneyPatternSectionRefs>
        </JourneyPattern>
        <JourneyPattern id="JP2">
          <Direction>outbound</Direction>
          <JourneyPatternSectionRefs>JPSection-2</JourneyPatternSectionRefs>
          <JourneyPatternSectionRefs>JPSection-10</JourneyPatternSectionRefs>
          <JourneyPatternSectionRefs>JPSection-5</JourneyPatternSectionRefs>
        </JourneyPattern>
        <JourneyPattern id="JP4">
          <Direction>outbound</Direction>
          <JourneyPatternSectionRefs>JPSection-11</JourneyPatternSectionRefs>
          <JourneyPatternSectionRefs>JPSection-6</JourneyPatternSectionRefs>
        </JourneyPattern>
        <JourneyPattern id="JP5">
          <Direction>inbound</Direction>
          <JourneyPatternSectionRefs>JPSection-7</JourneyPatternSectionRefs>
          <JourneyPatternSectionRefs>JPSection-12</JourneyPatternSectionRefs>
        </JourneyPattern>
        <JourneyPattern id="JP6">
          <Direction>inbound</Direction>
          <JourneyPatternSectionRefs>JPSection-13</JourneyPatternSectionRefs>
          <JourneyPatternSectionRefs>JPSection-3</JourneyPatternSectionRefs>
        </JourneyPattern>
        <JourneyPattern id="JP7">
          <Direction>inbound</Direction>
          <JourneyPatternSectionRefs>JPSection-8</JourneyPatternSectionRefs>
          <JourneyPatternSectionRefs>JPSection-14</JourneyPatternSectionRefs>
          <JourneyPatternSectionRefs>JPSection-4</JourneyPatternSectionRefs>
        </JourneyPattern>
      </StandardService>
    </Service>
  </Services>
  <VehicleJourneys>
    <VehicleJourney>
      <PrivateCode>758</PrivateCode>
      <Operational>
        <VehicleType>
          <VehicleTypeCode>BUS</VehicleTypeCode>
          <Description>BUS</Description>
        </VehicleType>
      </Operational>
      <OperatingProfile>
        <RegularDayType>
          <DaysOfWeek>
            <MondayToFriday />
          </DaysOfWeek>
        </RegularDayType>
        <SpecialDaysOperation>
          <DaysOfNonOperation>
            <DateRange>
              <StartDate>2016-09-07</StartDate>
              <EndDate>2017-09-03</EndDate>
              <Note>QE Line</Note>
            </DateRange>
            <DateRange>
              <StartDate>2017-10-28</StartDate>
              <EndDate>2017-11-05</EndDate>
              <Note>QE Line</Note>
            </DateRange>
            <DateRange>
              <StartDate>2017-12-23</StartDate>
              <EndDate>2018-01-07</EndDate>
              <Note>QE Line</Note>
            </DateRange>
            <DateRange>
              <StartDate>2018-02-17</StartDate>
              <EndDate>2018-02-25</EndDate>
              <Note>QE Line</Note>
            </DateRange>
            <DateRange>
              <StartDate>2018-03-30</StartDate>
              <EndDate>2018-04-15</EndDate>
              <Note>QE Line</Note>
            </DateRange>
            <DateRange>
              <StartDate>2018-05-26</StartDate>
              <EndDate>2018-06-03</EndDate>
              <Note>QE Line</Note>
            </DateRange>
            <DateRange>
              <StartDate>2018-07-25</StartDate>
              <EndDate>2099-12-31</EndDate>
              <Note>QE Line</Note>
            </DateRange>
          </DaysOfNonOperation>
        </SpecialDaysOperation>
        <BankHolidayOperation>
          <DaysOfNonOperation>
            <AllBankHolidays />
          </DaysOfNonOperation>
        </BankHolidayOperation>
      </OperatingProfile>
      <VehicleJourneyCode>758</VehicleJourneyCode>
      <ServiceRef>NW_01_DG_68_1</ServiceRef>
      <LineRef>l_68_DG</LineRef>
      <JourneyPatternRef>JP1</JourneyPatternRef>
      <Note>
        <NoteCode>Sch</NoteCode>
        <NoteText>Runs Mon - Fri during sch term time, ask the operator for exact dates</NoteText>
      </Note>
      <Note>
        <NoteCode>CE</NoteCode>
        <NoteText>Journey provided on behalf of Cheshire East Council.</NoteText>
      </Note>
      <DepartureTime>07:58:00</DepartureTime>
    </VehicleJourney>
    <VehicleJourney>
      <PrivateCode>J1</PrivateCode>
      <Operational>
        <VehicleType>
          <VehicleTypeCode>BUS</VehicleTypeCode>
          <Description>BUS</Description>
        </VehicleType>
      </Operational>
      <OperatingProfile>
        <RegularDayType>
          <DaysOfWeek>
            <MondayToFriday />
          </DaysOfWeek>
        </RegularDayType>
        <SpecialDaysOperation>
          <DaysOfNonOperation>
            <DateRange>
              <StartDate>2017-09-04</StartDate>
              <EndDate>2017-10-27</EndDate>
              <Note>QE Line</Note>
            </DateRange>
            <DateRange>
              <StartDate>2017-11-06</StartDate>
              <EndDate>2017-12-22</EndDate>
              <Note>QE Line</Note>
            </DateRange>
            <DateRange>
              <StartDate>2018-01-08</StartDate>
              <EndDate>2018-02-16</EndDate>
              <Note>QE Line</Note>
            </DateRange>
            <DateRange>
              <StartDate>2018-02-26</StartDate>
              <EndDate>2018-03-29</EndDate>
              <Note>QE Line</Note>
            </DateRange>
            <DateRange>
              <StartDate>2018-04-16</StartDate>
              <EndDate>2018-05-25</EndDate>
              <Note>QE Line</Note>
            </DateRange>
            <DateRange>
              <StartDate>2018-06-04</StartDate>
              <EndDate>2018-07-24</EndDate>
              <Note>QE Line</Note>
            </DateRange>
          </DaysOfNonOperation>
        </SpecialDaysOperation>
        <BankHolidayOperation>
          <DaysOfNonOperation>
            <AllBankHolidays />
          </DaysOfNonOperation>
        </BankHolidayOperation>
      </OperatingProfile>
      <VehicleJourneyCode>J1</VehicleJourneyCode>
      <ServiceRef>NW_01_DG_68_1</ServiceRef>
      <LineRef>l_68_DG</LineRef>
      <JourneyPatternRef>JP2</JourneyPatternRef>
      <Note>
        <NoteCode>SH</NoteCode>
        <NoteText>Runs Mon - Fri during sch holidays, ask the operator for exact dates</NoteText>
      </Note>
      <Note>
        <NoteCode>CE</NoteCode>
        <NoteText>Journey provided on behalf of Cheshire East Council.</NoteText>
      </Note>
      <DepartureTime>07:58:00</DepartureTime>
    </VehicleJourney>
    <VehicleJourney>
      <PrivateCode>J2</PrivateCode>
      <Operational>
        <VehicleType>
          <VehicleTypeCode>BUS</VehicleTypeCode>
          <Description>BUS</Description>
        </VehicleType>
      </Operational>
      <OperatingProfile>
        <RegularDayType>
          <DaysOfWeek>
            <Saturday />
          </DaysOfWeek>
        </RegularDayType>
        <BankHolidayOperation>
          <DaysOfNonOperation>
            <AllBankHolidays />
          </DaysOfNonOperation>
        </BankHolidayOperation>
      </OperatingProfile>
      <VehicleJourneyCode>J2</VehicleJourneyCode>
      <ServiceRef>NW_01_DG_68_1</ServiceRef>
      <LineRef>l_68_DG</LineRef>
      <VehicleJourneyRef>J1</VehicleJourneyRef>
      <Note>
        <NoteCode>CE</NoteCode>
        <NoteText>Journey provided on behalf of Cheshire East Council.</NoteText>
      </Note>
      <DepartureTime>07:58:00</DepartureTime>
    </VehicleJourney>
    <VehicleJourney>
      <PrivateCode>1040</PrivateCode>
      <Operational>
        <VehicleType>
          <VehicleTypeCode>BUS</VehicleTypeCode>
          <Description>BUS</Description>
        </VehicleType>
      </Operational>
      <OperatingProfile>
        <RegularDayType>
          <DaysOfWeek>
            <Thursday />
            <Saturday />
          </DaysOfWeek>
        </RegularDayType>
        <BankHolidayOperation>
          <DaysOfNonOperation>
            <AllBankHolidays />
          </DaysOfNonOperation>
        </BankHolidayOperation>
      </OperatingProfile>
      <VehicleJourneyCode>1040</VehicleJourneyCode>
      <ServiceRef>NW_01_DG_68_1</ServiceRef>
      <LineRef>l_68_DG</LineRef>
      <JourneyPatternRef>JP4</JourneyPatternRef>
      <Note>
        <NoteCode>CE</NoteCode>
        <NoteText>Journey provided on behalf of Cheshire East Council.</NoteText>
      </Note>
      <DepartureTime>10:40:00</DepartureTime>
    </VehicleJourney>
    <VehicleJourney>
      <PrivateCode>1405</PrivateCode>
      <Operational>
        <VehicleType>
          <VehicleTypeCode>BUS</VehicleTypeCode>
          <Description>BUS</Description>
        </VehicleType>
      </Operational>
      <OperatingProfile>
        <RegularDayType>
          <DaysOfWeek>
            <Thursday />
            <Saturday />
          </DaysOfWeek>
        </RegularDayType>
        <BankHolidayOperation>
          <DaysOfNonOperation>
            <AllBankHolidays />
          </DaysOfNonOperation>
        </BankHolidayOperation>
      </OperatingProfile>
      <VehicleJourneyCode>1405</VehicleJourneyCode>
      <ServiceRef>NW_01_DG_68_1</ServiceRef>
      <LineRef>l_68_DG</LineRef>
      <JourneyPatternRef>JP5</JourneyPatternRef>
      <Note>
        <NoteCode>CE</NoteCode>
        <NoteText>Journey provided on behalf of Cheshire East Council.</NoteText>
      </Note>
      <DepartureTime>14:25:00</DepartureTime>
    </VehicleJourney>
    <VehicleJourney>
      <PrivateCode>1525</PrivateCode>
      <Operational>
        <VehicleType>
          <VehicleTypeCode>BUS</VehicleTypeCode>
          <Description>BUS</Description>
        </VehicleType>
      </Operational>
      <OperatingProfile>
        <RegularDayType>
          <DaysOfWeek>
            <MondayToFriday />
          </DaysOfWeek>
        </RegularDayType>
        <SpecialDaysOperation>
          <DaysOfNonOperation>
            <DateRange>
              <StartDate>2016-09-07</StartDate>
              <EndDate>2017-09-03</EndDate>
              <Note>QE Line</Note>
            </DateRange>
            <DateRange>
              <StartDate>2017-10-28</StartDate>
              <EndDate>2017-11-05</EndDate>
              <Note>QE Line</Note>
            </DateRange>
            <DateRange>
              <StartDate>2017-12-23</StartDate>
              <EndDate>2018-01-07</EndDate>
              <Note>QE Line</Note>
            </DateRange>
            <DateRange>
              <StartDate>2018-02-17</StartDate>
              <EndDate>2018-02-25</EndDate>
              <Note>QE Line</Note>
            </DateRange>
            <DateRange>
              <StartDate>2018-03-30</StartDate>
              <EndDate>2018-04-15</EndDate>
              <Note>QE Line</Note>
            </DateRange>
            <DateRange>
              <StartDate>2018-05-26</StartDate>
              <EndDate>2018-06-03</EndDate>
              <Note>QE Line</Note>
            </DateRange>
            <DateRange>
              <StartDate>2018-07-25</StartDate>
              <EndDate>2099-12-31</EndDate>
              <Note>QE Line</Note>
            </DateRange>
          </DaysOfNonOperation>
        </SpecialDaysOperation>
        <BankHolidayOperation>
          <DaysOfNonOperation>
            <AllBankHolidays />
          </DaysOfNonOperation>
        </BankHolidayOperation>
      </OperatingProfile>
      <VehicleJourneyCode>1525</VehicleJourneyCode>
      <ServiceRef>NW_01_DG_68_1</ServiceRef>
      <LineRef>l_68_DG</LineRef>
      <JourneyPatternRef>JP6</JourneyPatternRef>
      <Note>
        <NoteCode>Sch</NoteCode>
        <NoteText>Runs Mon - Fri during sch term time, ask the operator for exact dates</NoteText>
      </Note>
      <Note>
        <NoteCode>CE</NoteCode>
        <NoteText>Journey provided on behalf of Cheshire East Council.</NoteText>
      </Note>
      <DepartureTime>15:05:00</DepartureTime>
    </VehicleJourney>
    <VehicleJourney>
      <PrivateCode>1530</PrivateCode>
      <Operational>
        <VehicleType>
          <VehicleTypeCode>BUS</VehicleTypeCode>
          <Description>BUS</Description>
        </VehicleType>
      </Operational>
      <OperatingProfile>
        <RegularDayType>
          <DaysOfWeek>
            <MondayToFriday />
          </DaysOfWeek>
        </RegularDayType>
        <SpecialDaysOperation>
          <DaysOfNonOperation>
            <DateRange>
              <StartDate>2017-09-04</StartDate>
              <EndDate>2017-10-27</EndDate>
              <Note>QE Line</Note>
            </DateRange>
            <DateRange>
              <StartDate>2017-11-06</StartDate>
              <EndDate>2017-12-22</EndDate>
              <Note>QE Line</Note>
            </DateRange>
            <DateRange>
              <StartDate>2018-01-08</StartDate>
              <EndDate>2018-02-16</EndDate>
              <Note>QE Line</Note>
            </DateRange>
            <DateRange>
              <StartDate>2018-02-26</StartDate>
              <EndDate>2018-03-29</EndDate>
              <Note>QE Line</Note>
            </DateRange>
            <DateRange>
              <StartDate>2018-04-16</StartDate>
              <EndDate>2018-05-25</EndDate>
              <Note>QE Line</Note>
            </DateRange>
            <DateRange>
              <StartDate>2018-06-04</StartDate>
              <EndDate>2018-07-24</EndDate>
              <Note>QE Line</Note>
            </DateRange>
          </DaysOfNonOperation>
        </SpecialDaysOperation>
        <BankHolidayOperation>
          <DaysOfNonOperation>
            <AllBankHolidays />
          </DaysOfNonOperation>
        </BankHolidayOperation>
      </OperatingProfile>
      <VehicleJourneyCode>1530</VehicleJourneyCode>
      <ServiceRef>NW_01_DG_68_1</ServiceRef>
      <LineRef>l_68_DG</LineRef>
      <JourneyPatternRef>JP7</JourneyPatternRef>
      <Note>
        <NoteCode>SH</NoteCode>
        <NoteText>Runs Mon - Fri during sch holidays, ask the operator for exact dates</NoteText>
      </Note>
      <Note>
        <NoteCode>CE</NoteCode>
        <NoteText>Journey provided on behalf of Cheshire East Council.</NoteText>
      </Note>
      <DepartureTime>15:05:00</DepartureTime>
    </VehicleJourney>
    <VehicleJourney>
      <PrivateCode>J3</PrivateCode>
      <Operational>
        <VehicleType>
          <VehicleTypeCode>BUS</VehicleTypeCode>
          <Description>BUS</Description>
        </VehicleType>
      </Operational>
      <OperatingProfile>
        <RegularDayType>
          <DaysOfWeek>
            <Saturday />
          </DaysOfWeek>
        </RegularDayType>
        <BankHolidayOperation>
          <DaysOfNonOperation>
            <AllBankHolidays />
          </DaysOfNonOperation>
        </BankHolidayOperation>
      </OperatingProfile>
      <VehicleJourneyCode>J3</VehicleJourneyCode>
      <ServiceRef>NW_01_DG_68_1</ServiceRef>
      <LineRef>l_68_DG</LineRef>
      <VehicleJourneyRef>1530</VehicleJourneyRef>
      <Note>
        <NoteCode>CE</NoteCode>
        <NoteText>Journey provided on behalf of Cheshire East Council.</NoteText>
      </Note>
      <DepartureTime>15:05:00</DepartureTime>
    </VehicleJourney>
  </VehicleJourneys>
</TransXChange>