<?xml version="1.0" encoding="utf-8"?>
<TransXChange xmlns:xsd="http://www.w3.org/2001/XMLSchema" xmlns:xsi="http://www.w3.org/2001/XMLSchema-instance" xsi:schemaLocation="http://www.transxchange.org.uk/ http://www.transxchange.org.uk/schema/2.1/TransXChange_general.xsd" CreationDateTime="2017-09-21T11:34:21.7040449+01:00" ModificationDateTime="2017-09-21T11:34:21.7040449+01:00" Modification="new" RevisionNumber="1" FileName="TXC.xml" SchemaVersion="2.1" RegistrationDocument="false" xmlns="http://www.transxchange.org.uk/">
  <StopPoints>
    <AnnotatedStopPointRef>
      <StopPointRef>090079131219</StopPointRef>
      <CommonName>The Beechmount</CommonName>
      <LocalityName>Near Sawrey</LocalityName>
      <LocalityQualifier>Near Sawrey</LocalityQualifier>
    </AnnotatedStopPointRef>
    <AnnotatedStopPointRef>
      <StopPointRef>090079131437</StopPointRef>
      <CommonName>Landing Stage</CommonName>
      <LocalityName>Far Sawrey</LocalityName>
      <LocalityQualifier>Far Sawrey</LocalityQualifier>
    </AnnotatedStopPointRef>
    <AnnotatedStopPointRef>
      <StopPointRef>090079130748</StopPointRef>
      <CommonName>Ferry Landing</CommonName>
      <LocalityName>Far Sawrey</LocalityName>
      <LocalityQualifier>Far Sawrey</LocalityQualifier>
    </AnnotatedStopPointRef>
    <AnnotatedStopPointRef>
      <StopPointRef>090079281216</StopPointRef>
      <CommonName>Tourist Information Centre</CommonName>
      <LocalityName>Hawkshead</LocalityName>
      <LocalityQualifier>Hawkshead</LocalityQualifier>
    </AnnotatedStopPointRef>
    <AnnotatedStopPointRef>
      <StopPointRef>090079131221</StopPointRef>
      <CommonName>Firbank Old school</CommonName>
      <LocalityName>Far Sawrey</LocalityName>
      <LocalityQualifier>Far Sawrey</LocalityQualifier>
    </AnnotatedStopPointRef>
    <AnnotatedStopPointRef>
      <StopPointRef>090079133777</StopPointRef>
      <CommonName>Beatrix Potters Farm</CommonName>
      <LocalityName>Near Sawrey</LocalityName>
      <LocalityQualifier>Near Sawrey</LocalityQualifier>
    </AnnotatedStopPointRef>
    <AnnotatedStopPointRef>
      <StopPointRef>090079133778</StopPointRef>
      <CommonName>Beatrix Potters Farm</CommonName>
      <LocalityName>Near Sawrey</LocalityName>
      <LocalityQualifier>Near Sawrey</LocalityQualifier>
    </AnnotatedStopPointRef>
    <AnnotatedStopPointRef>
      <StopPointRef>090079133779</StopPointRef>
      <CommonName>Telephone Box</CommonName>
      <LocalityName>Far Sawrey</LocalityName>
      <LocalityQualifier>Far Sawrey</LocalityQualifier>
    </AnnotatedStopPointRef>
    <AnnotatedStopPointRef>
      <StopPointRef>090079133780</StopPointRef>
      <CommonName>Beechmount</CommonName>
      <LocalityName>Near Sawrey</LocalityName>
      <LocalityQualifier>Near Sawrey</LocalityQualifier>
    </AnnotatedStopPointRef>
  </StopPoints>
  <JourneyPatternSections>
    <JourneyPatternSection id="JPSection-1">
      <JourneyPatternTimingLink id="JPSection-1-SEC1-POS1">
        <From>
          <Activity>pickUp</Activity>
          <StopPointRef>090079281216</StopPointRef>
          <TimingStatus>PTP</TimingStatus>
        </From>
        <To>
          <Activity>pickUpAndSetDown</Activity>
          <StopPointRef>090079131219</StopPointRef>
          <TimingStatus>PTP</TimingStatus>
        </To>
        <RunTime>PT4M</RunTime>
      </JourneyPatternTimingLink>
      <JourneyPatternTimingLink id="JPSection-1-SEC1-POS2">
        <From>
          <Activity>pickUpAndSetDown</Activity>
          <StopPointRef>090079131219</StopPointRef>
          <TimingStatus>PTP</TimingStatus>
        </From>
        <To>
          <Activity>pickUpAndSetDown</Activity>
          <StopPointRef>090079133778</StopPointRef>
          <TimingStatus>PTP</TimingStatus>
        </To>
        <RunTime>PT3M</RunTime>
      </JourneyPatternTimingLink>
      <JourneyPatternTimingLink id="JPSection-1-SEC1-POS3">
        <From>
          <Activity>pickUpAndSetDown</Activity>
          <StopPointRef>090079133778</StopPointRef>
          <TimingStatus>PTP</TimingStatus>
        </From>
        <To>
          <Activity>pickUpAndSetDown</Activity>
          <StopPointRef>090079131221</StopPointRef>
          <TimingStatus>PTP</TimingStatus>
        </To>
        <RunTime>PT3M</RunTime>
      </JourneyPatternTimingLink>
      <JourneyPatternTimingLink id="JPSection-1-SEC1-POS4">
        <From>
          <Activity>pickUpAndSetDown</Activity>
          <StopPointRef>090079131221</StopPointRef>
          <TimingStatus>PTP</TimingStatus>
        </From>
        <To>
          <Activity>setDown</Activity>
          <StopPointRef>090079130748</StopPointRef>
          <TimingStatus>PTP</TimingStatus>
        </To>
        <RunTime>PT5M</RunTime>
      </JourneyPatternTimingLink>
    </JourneyPatternSection>
    <JourneyPatternSection id="JPSection-2">
      <JourneyPatternTimingLink id="JPSection-2-SEC2-POS5">
        <From>
          <Activity>pickUp</Activity>
          <StopPointRef>090079130748</StopPointRef>
          <TimingStatus>PTP</TimingStatus>
        </From>
        <To>
          <Activity>pickUpAndSetDown</Activity>
          <StopPointRef>090079131437</StopPointRef>
          <TimingStatus>PTP</TimingStatus>
        </To>
        <RunTime>PT2M</RunTime>
      </JourneyPatternTimingLink>
      <JourneyPatternTimingLink id="JPSection-2-SEC2-POS6">
        <From>
          <Activity>pickUpAndSetDown</Activity>
          <StopPointRef>090079131437</StopPointRef>
          <TimingStatus>PTP</TimingStatus>
        </From>
        <To>
          <Activity>pickUpAndSetDown</Activity>
          <StopPointRef>090079133779</StopPointRef>
          <TimingStatus>PTP</TimingStatus>
        </To>
        <RunTime>PT2M</RunTime>
      </JourneyPatternTimingLink>
      <JourneyPatternTimingLink id="JPSection-2-SEC2-POS7">
        <From>
          <Activity>pickUpAndSetDown</Activity>
          <StopPointRef>090079133779</StopPointRef>
          <TimingStatus>PTP</TimingStatus>
        </From>
        <To>
          <Activity>pickUpAndSetDown</Activity>
          <StopPointRef>090079133780</StopPointRef>
          <TimingStatus>PTP</TimingStatus>
        </To>
        <RunTime>PT3M</RunTime>
      </JourneyPatternTimingLink>
      <JourneyPatternTimingLink id="JPSection-2-SEC2-POS8">
        <From>
          <Activity>pickUpAndSetDown</Activity>
          <StopPointRef>090079133780</StopPointRef>
          <TimingStatus>PTP</TimingStatus>
        </From>
        <To>
          <Activity>pickUpAndSetDown</Activity>
          <StopPointRef>090079133777</StopPointRef>
          <TimingStatus>PTP</TimingStatus>
        </To>
        <RunTime>PT0M</RunTime>
      </JourneyPatternTimingLink>
      <JourneyPatternTimingLink id="JPSection-2-SEC2-POS9">
        <From>
          <Activity>pickUpAndSetDown</Activity>
          <StopPointRef>090079133777</StopPointRef>
          <TimingStatus>PTP</TimingStatus>
        </From>
        <To>
          <Activity>setDown</Activity>
          <StopPointRef>090079281216</StopPointRef>
          <TimingStatus>PTP</TimingStatus>
        </To>
        <RunTime>PT8M</RunTime>
      </JourneyPatternTimingLink>
    </JourneyPatternSection>
  </JourneyPatternSections>
  <Operators>
    <Operator id="OId_MTG">
      <NationalOperatorCode>MTGT</NationalOperatorCode>
      <OperatorCode>MTG</OperatorCode>
      <OperatorShortName>MTG</OperatorShortName>
    </Operator>
  </Operators>
  <Services>
    <Service>
      <ServiceCode>NW_03_MTG_525_1</ServiceCode>
      <Lines>
        <Line id="l_525_MTG">
          <LineName>525</LineName>
        </Line>
      </Lines>
      <OperatingPeriod>
        <StartDate>2017-04-01</StartDate>
        <EndDate>2017-10-29</EndDate>
      </OperatingPeriod>
      <RegisteredOperatorRef>OId_MTG</RegisteredOperatorRef>
      <StopRequirements>
        <NoNewStopsRequired />
      </StopRequirements>
      <Mode>bus</Mode>
      <Description>Far Sawrey - Hawkshead</Description>
      <StandardService>
        <Origin>Far Sawrey</Origin>
        <Destination>Hawkshead</Destination>
        <JourneyPattern id="JP22">
          <Direction>outbound</Direction>
          <JourneyPatternSectionRefs>JPSection-1</JourneyPatternSectionRefs>
        </JourneyPattern>
        <JourneyPattern id="JP170">
          <Direction>inbound</Direction>
          <JourneyPatternSectionRefs>JPSection-2</JourneyPatternSectionRefs>
        </JourneyPattern>
      </StandardService>
    </Service>
  </Services>
  <VehicleJourneys>
    <VehicleJourney>
      <PrivateCode>314347</PrivateCode>
      <Operational>
        <VehicleType>
          <VehicleTypeCode>Bus</VehicleTypeCode>
          <Description>Bus</Description>
        </VehicleType>
      </Operational>
      <OperatingProfile>
        <RegularDayType>
          <DaysOfWeek>
            <MondayToSunday />
          </DaysOfWeek>
        </RegularDayType>
        <BankHolidayOperation>
          <DaysOfNonOperation>
            <AllBankHolidays />
          </DaysOfNonOperation>
        </BankHolidayOperation>
      </OperatingProfile>
      <VehicleJourneyCode>314347</VehicleJourneyCode>
      <ServiceRef>NW_03_MTG_525_1</ServiceRef>
      <LineRef>l_525_MTG</LineRef>
      <JourneyPatternRef>JP22</JourneyPatternRef>
      <DepartureTime>14:40:00</DepartureTime>
    </VehicleJourney>
    <VehicleJourney>
      <PrivateCode>314359</PrivateCode>
      <Operational>
        <VehicleType>
          <VehicleTypeCode>Bus</VehicleTypeCode>
          <Description>Bus</Description>
        </VehicleType>
      </Operational>
      <OperatingProfile>
        <RegularDayType>
          <HolidaysOnly />
        </RegularDayType>
        <BankHolidayOperation>
          <DaysOfOperation>
            <AllBankHolidays />
          </DaysOfOperation>
        </BankHolidayOperation>
      </OperatingProfile>
      <VehicleJourneyCode>314359</VehicleJourneyCode>
      <ServiceRef>NW_03_MTG_525_1</ServiceRef>
      <LineRef>l_525_MTG</LineRef>
      <JourneyPatternRef>JP170</JourneyPatternRef>
      <DepartureTime>14:20:00</DepartureTime>
    </VehicleJourney>
    <VehicleJourney>
      <PrivateCode>314357</PrivateCode>
      <Operational>
        <VehicleType>
          <VehicleTypeCode>Bus</VehicleTypeCode>
          <Description>Bus</Description>
        </VehicleType>
      </Operational>
      <OperatingProfile>
        <RegularDayType>
          <HolidaysOnly />
        </RegularDayType>
        <BankHolidayOperation>
          <DaysOfOperation>
            <AllBankHolidays />
          </DaysOfOperation>
        </BankHolidayOperation>
      </OperatingProfile>
      <VehicleJourneyCode>314357</VehicleJourneyCode>
      <ServiceRef>NW_03_MTG_525_1</ServiceRef>
      <LineRef>l_525_MTG</LineRef>
      <VehicleJourneyRef>314359</VehicleJourneyRef>
      <DepartureTime>12:20:00</DepartureTime>
    </VehicleJourney>
    <VehicleJourney>
      <PrivateCode>314362</PrivateCode>
      <Operational>
        <VehicleType>
          <VehicleTypeCode>Bus</VehicleTypeCode>
          <Description>Bus</Description>
        </VehicleType>
      </Operational>
      <OperatingProfile>
        <RegularDayType>
          <HolidaysOnly />
        </RegularDayType>
        <BankHolidayOperation>
          <DaysOfOperation>
            <AllBankHolidays />
          </DaysOfOperation>
        </BankHolidayOperation>
      </OperatingProfile>
      <VehicleJourneyCode>314362</VehicleJourneyCode>
      <ServiceRef>NW_03_MTG_525_1</ServiceRef>
      <LineRef>l_525_MTG</LineRef>
      <VehicleJourneyRef>314359</VehicleJourneyRef>
      <DepartureTime>16:20:00</DepartureTime>
    </VehicleJourney>
    <VehicleJourney>
      <PrivateCode>314343</PrivateCode>
      <Operational>
        <VehicleType>
          <VehicleTypeCode>Bus</VehicleTypeCode>
          <Description>Bus</Description>
        </VehicleType>
      </Operational>
      <OperatingProfile>
        <RegularDayType>
          <DaysOfWeek>
            <MondayToSunday />
          </DaysOfWeek>
        </RegularDayType>
        <BankHolidayOperation>
          <DaysOfNonOperation>
            <AllBankHolidays />
          </DaysOfNonOperation>
        </BankHolidayOperation>
      </OperatingProfile>
      <VehicleJourneyCode>314343</VehicleJourneyCode>
      <ServiceRef>NW_03_MTG_525_1</ServiceRef>
      <LineRef>l_525_MTG</LineRef>
      <VehicleJourneyRef>314347</VehicleJourneyRef>
      <DepartureTime>11:20:00</DepartureTime>
    </VehicleJourney>
    <VehicleJourney>
      <PrivateCode>314340</PrivateCode>
      <Operational>
        <VehicleType>
          <VehicleTypeCode>Bus</VehicleTypeCode>
          <Description>Bus</Description>
        </VehicleType>
      </Operational>
      <OperatingProfile>
        <RegularDayType>
          <DaysOfWeek>
            <MondayToSunday />
          </DaysOfWeek>
        </RegularDayType>
        <BankHolidayOperation>
          <DaysOfNonOperation>
            <AllBankHolidays />
          </DaysOfNonOperation>
        </BankHolidayOperation>
      </OperatingProfile>
      <VehicleJourneyCode>314340</VehicleJourneyCode>
      <ServiceRef>NW_03_MTG_525_1</ServiceRef>
      <LineRef>l_525_MTG</LineRef>
      <VehicleJourneyRef>314359</VehicleJourneyRef>
      <DepartureTime>14:20:00</DepartureTime>
    </VehicleJourney>
    <VehicleJourney>
      <PrivateCode>314364</PrivateCode>
      <Operational>
        <VehicleType>
          <VehicleTypeCode>Bus</VehicleTypeCode>
          <Description>Bus</Description>
        </VehicleType>
      </Operational>
      <OperatingProfile>
        <RegularDayType>
          <HolidaysOnly />
        </RegularDayType>
        <BankHolidayOperation>
          <DaysOfOperation>
            <AllBankHolidays />
          </DaysOfOperation>
        </BankHolidayOperation>
      </OperatingProfile>
      <VehicleJourneyCode>314364</VehicleJourneyCode>
      <ServiceRef>NW_03_MTG_525_1</ServiceRef>
      <LineRef>l_525_MTG</LineRef>
      <VehicleJourneyRef>314347</VehicleJourneyRef>
      <DepartureTime>11:20:00</DepartureTime>
    </VehicleJourney>
    <VehicleJourney>
      <PrivateCode>314366</PrivateCode>
      <Operational>
        <VehicleType>
          <VehicleTypeCode>Bus</VehicleTypeCode>
          <Description>Bus</Description>
        </VehicleType>
      </Operational>
      <OperatingProfile>
        <RegularDayType>
          <HolidaysOnly />
        </RegularDayType>
        <BankHolidayOperation>
          <DaysOfOperation>
            <AllBankHolidays />
          </DaysOfOperation>
        </BankHolidayOperation>
      </OperatingProfile>
      <VehicleJourneyCode>314366</VehicleJourneyCode>
      <ServiceRef>NW_03_MTG_525_1</ServiceRef>
      <LineRef>l_525_MTG</LineRef>
      <VehicleJourneyRef>314347</VehicleJourneyRef>
      <DepartureTime>12:40:00</DepartureTime>
    </VehicleJourney>
    <VehicleJourney>
      <PrivateCode>314354</PrivateCode>
      <Operational>
        <VehicleType>
          <VehicleTypeCode>Bus</VehicleTypeCode>
          <Description>Bus</Description>
        </VehicleType>
      </Operational>
      <OperatingProfile>
        <RegularDayType>
          <DaysOfWeek>
            <MondayToSunday />
          </DaysOfWeek>
        </RegularDayType>
        <BankHolidayOperation>
          <DaysOfNonOperation>
            <AllBankHolidays />
          </DaysOfNonOperation>
        </BankHolidayOperation>
      </OperatingProfile>
      <VehicleJourneyCode>314354</VehicleJourneyCode>
      <ServiceRef>NW_03_MTG_525_1</ServiceRef>
      <LineRef>l_525_MTG</LineRef>
      <VehicleJourneyRef>314359</VehicleJourneyRef>
      <DepartureTime>17:00:00</DepartureTime>
    </VehicleJourney>
    <VehicleJourney>
      <PrivateCode>314368</PrivateCode>
      <Operational>
        <VehicleType>
          <VehicleTypeCode>Bus</VehicleTypeCode>
          <Description>Bus</Description>
        </VehicleType>
      </Operational>
      <OperatingProfile>
        <RegularDayType>
          <HolidaysOnly />
        </RegularDayType>
        <BankHolidayOperation>
          <DaysOfOperation>
            <AllBankHolidays />
          </DaysOfOperation>
        </BankHolidayOperation>
      </OperatingProfile>
      <VehicleJourneyCode>314368</VehicleJourneyCode>
      <ServiceRef>NW_03_MTG_525_1</ServiceRef>
      <LineRef>l_525_MTG</LineRef>
      <VehicleJourneyRef>314347</VehicleJourneyRef>
      <DepartureTime>14:40:00</DepartureTime>
    </VehicleJourney>
    <VehicleJourney>
      <PrivateCode>314352</PrivateCode>
      <Operational>
        <VehicleType>
          <VehicleTypeCode>Bus</VehicleTypeCode>
          <Description>Bus</Description>
        </VehicleType>
      </Operational>
      <OperatingProfile>
        <RegularDayType>
          <DaysOfWeek>
            <MondayToSunday />
          </DaysOfWeek>
        </RegularDayType>
        <BankHolidayOperation>
          <DaysOfNonOperation>
            <AllBankHolidays />
          </DaysOfNonOperation>
        </BankHolidayOperation>
      </OperatingProfile>
      <VehicleJourneyCode>314352</VehicleJourneyCode>
      <ServiceRef>NW_03_MTG_525_1</ServiceRef>
      <LineRef>l_525_MTG</LineRef>
      <VehicleJourneyRef>314359</VehicleJourneyRef>
      <DepartureTime>15:40:00</DepartureTime>
    </VehicleJourney>
    <VehicleJourney>
      <PrivateCode>314356</PrivateCode>
      <Operational>
        <VehicleType>
          <VehicleTypeCode>Bus</VehicleTypeCode>
          <Description>Bus</Description>
        </VehicleType>
      </Operational>
      <OperatingProfile>
        <RegularDayType>
          <HolidaysOnly />
        </RegularDayType>
        <BankHolidayOperation>
          <DaysOfOperation>
            <AllBankHolidays />
          </DaysOfOperation>
        </BankHolidayOperation>
      </OperatingProfile>
      <VehicleJourneyCode>314356</VehicleJourneyCode>
      <ServiceRef>NW_03_MTG_525_1</ServiceRef>
      <LineRef>l_525_MTG</LineRef>
      <VehicleJourneyRef>314359</VehicleJourneyRef>
      <DepartureTime>11:40:00</DepartureTime>
    </VehicleJourney>
    <VehicleJourney>
      <PrivateCode>314371</PrivateCode>
      <Operational>
        <VehicleType>
          <VehicleTypeCode>Bus</VehicleTypeCode>
          <Description>Bus</Description>
        </VehicleType>
      </Operational>
      <OperatingProfile>
        <RegularDayType>
          <HolidaysOnly />
        </RegularDayType>
        <BankHolidayOperation>
          <DaysOfOperation>
            <AllBankHolidays />
          </DaysOfOperation>
        </BankHolidayOperation>
      </OperatingProfile>
      <VehicleJourneyCode>314371</VehicleJourneyCode>
      <ServiceRef>NW_03_MTG_525_1</ServiceRef>
      <LineRef>l_525_MTG</LineRef>
      <VehicleJourneyRef>314347</VehicleJourneyRef>
      <DepartureTime>16:40:00</DepartureTime>
    </VehicleJourney>
    <VehicleJourney>
      <PrivateCode>314349</PrivateCode>
      <Operational>
        <VehicleType>
          <VehicleTypeCode>Bus</VehicleTypeCode>
          <Description>Bus</Description>
        </VehicleType>
      </Operational>
      <OperatingProfile>
        <RegularDayType>
          <DaysOfWeek>
            <MondayToSunday />
          </DaysOfWeek>
        </RegularDayType>
        <BankHolidayOperation>
          <DaysOfNonOperation>
            <AllBankHolidays />
          </DaysOfNonOperation>
        </BankHolidayOperation>
      </OperatingProfile>
      <VehicleJourneyCode>314349</VehicleJourneyCode>
      <ServiceRef>NW_03_MTG_525_1</ServiceRef>
      <LineRef>l_525_MTG</LineRef>
      <VehicleJourneyRef>314347</VehicleJourneyRef>
      <DepartureTime>16:00:00</DepartureTime>
    </VehicleJourney>
    <VehicleJourney>
      <PrivateCode>314339</PrivateCode>
      <Operational>
        <VehicleType>
          <VehicleTypeCode>Bus</VehicleTypeCode>
          <Description>Bus</Description>
        </VehicleType>
      </Operational>
      <OperatingProfile>
        <RegularDayType>
          <DaysOfWeek>
            <MondayToSunday />
          </DaysOfWeek>
        </RegularDayType>
        <BankHolidayOperation>
          <DaysOfNonOperation>
            <AllBankHolidays />
          </DaysOfNonOperation>
        </BankHolidayOperation>
      </OperatingProfile>
      <VehicleJourneyCode>314339</VehicleJourneyCode>
      <ServiceRef>NW_03_MTG_525_1</ServiceRef>
      <LineRef>l_525_MTG</LineRef>
      <VehicleJourneyRef>314359</VehicleJourneyRef>
      <DepartureTime>13:00:00</DepartureTime>
    </VehicleJourney>
    <VehicleJourney>
      <PrivateCode>314337</PrivateCode>
      <Operational>
        <VehicleType>
          <VehicleTypeCode>Bus</VehicleTypeCode>
          <Description>Bus</Description>
        </VehicleType>
      </Operational>
      <OperatingProfile>
        <RegularDayType>
          <DaysOfWeek>
            <MondayToSunday />
          </DaysOfWeek>
        </RegularDayType>
        <BankHolidayOperation>
          <DaysOfNonOperation>
            <AllBankHolidays />
          </DaysOfNonOperation>
        </BankHolidayOperation>
      </OperatingProfile>
      <VehicleJourneyCode>314337</VehicleJourneyCode>
      <ServiceRef>NW_03_MTG_525_1</ServiceRef>
      <LineRef>l_525_MTG</LineRef>
      <VehicleJourneyRef>314359</VehicleJourneyRef>
      <DepartureTime>11:40:00</DepartureTime>
    </VehicleJourney>
    <VehicleJourney>
      <PrivateCode>314335</PrivateCode>
      <Operational>
        <VehicleType>
          <VehicleTypeCode>Bus</VehicleTypeCode>
          <Description>Bus</Description>
        </VehicleType>
      </Operational>
      <OperatingProfile>
        <RegularDayType>
          <HolidaysOnly />
        </RegularDayType>
        <BankHolidayOperation>
          <DaysOfOperation>
            <AllBankHolidays />
          </DaysOfOperation>
        </BankHolidayOperation>
      </OperatingProfile>
      <VehicleJourneyCode>314335</VehicleJourneyCode>
      <ServiceRef>NW_03_MTG_525_1</ServiceRef>
      <LineRef>l_525_MTG</LineRef>
      <VehicleJourneyRef>314359</VehicleJourneyRef>
      <DepartureTime>10:20:00</DepartureTime>
    </VehicleJourney>
    <VehicleJourney>
      <PrivateCode>314361</PrivateCode>
      <Operational>
        <VehicleType>
          <VehicleTypeCode>Bus</VehicleTypeCode>
          <Description>Bus</Description>
        </VehicleType>
      </Operational>
      <OperatingProfile>
        <RegularDayType>
          <HolidaysOnly />
        </RegularDayType>
        <BankHolidayOperation>
          <DaysOfOperation>
            <AllBankHolidays />
          </DaysOfOperation>
        </BankHolidayOperation>
      </OperatingProfile>
      <VehicleJourneyCode>314361</VehicleJourneyCode>
      <ServiceRef>NW_03_MTG_525_1</ServiceRef>
      <LineRef>l_525_MTG</LineRef>
      <VehicleJourneyRef>314359</VehicleJourneyRef>
      <DepartureTime>15:40:00</DepartureTime>
    </VehicleJourney>
    <VehicleJourney>
      <PrivateCode>314344</PrivateCode>
      <Operational>
        <VehicleType>
          <VehicleTypeCode>Bus</VehicleTypeCode>
          <Description>Bus</Description>
        </VehicleType>
      </Operational>
      <OperatingProfile>
        <RegularDayType>
          <DaysOfWeek>
            <MondayToSunday />
          </DaysOfWeek>
        </RegularDayType>
        <BankHolidayOperation>
          <DaysOfNonOperation>
            <AllBankHolidays />
          </DaysOfNonOperation>
        </BankHolidayOperation>
      </OperatingProfile>
      <VehicleJourneyCode>314344</VehicleJourneyCode>
      <ServiceRef>NW_03_MTG_525_1</ServiceRef>
      <LineRef>l_525_MTG</LineRef>
      <VehicleJourneyRef>314347</VehicleJourneyRef>
      <DepartureTime>12:00:00</DepartureTime>
    </VehicleJourney>
    <VehicleJourney>
      <PrivateCode>314363</PrivateCode>
      <Operational>
        <VehicleType>
          <VehicleTypeCode>Bus</VehicleTypeCode>
          <Description>Bus</Description>
        </VehicleType>
      </Operational>
      <OperatingProfile>
        <RegularDayType>
          <HolidaysOnly />
        </RegularDayType>
        <BankHolidayOperation>
          <DaysOfOperation>
            <AllBankHolidays />
          </DaysOfOperation>
        </BankHolidayOperation>
      </OperatingProfile>
      <VehicleJourneyCode>314363</VehicleJourneyCode>
      <ServiceRef>NW_03_MTG_525_1</ServiceRef>
      <LineRef>l_525_MTG</LineRef>
      <VehicleJourneyRef>314359</VehicleJourneyRef>
      <DepartureTime>17:00:00</DepartureTime>
    </VehicleJourney>
    <VehicleJourney>
      <PrivateCode>314358</PrivateCode>
      <Operational>
        <VehicleType>
          <VehicleTypeCode>Bus</VehicleTypeCode>
          <Description>Bus</Description>
        </VehicleType>
      </Operational>
      <OperatingProfile>
        <RegularDayType>
          <HolidaysOnly />
        </RegularDayType>
        <BankHolidayOperation>
          <DaysOfOperation>
            <AllBankHolidays />
          </DaysOfOperation>
        </BankHolidayOperation>
      </OperatingProfile>
      <VehicleJourneyCode>314358</VehicleJourneyCode>
      <ServiceRef>NW_03_MTG_525_1</ServiceRef>
      <LineRef>l_525_MTG</LineRef>
      <VehicleJourneyRef>314359</VehicleJourneyRef>
      <DepartureTime>13:00:00</DepartureTime>
    </VehicleJourney>
    <VehicleJourney>
      <PrivateCode>314334</PrivateCode>
      <Operational>
        <VehicleType>
          <VehicleTypeCode>Bus</VehicleTypeCode>
          <Description>Bus</Description>
        </VehicleType>
      </Operational>
      <OperatingProfile>
        <RegularDayType>
          <DaysOfWeek>
            <MondayToSunday />
          </DaysOfWeek>
        </RegularDayType>
        <BankHolidayOperation>
          <DaysOfNonOperation>
            <AllBankHolidays />
          </DaysOfNonOperation>
        </BankHolidayOperation>
      </OperatingProfile>
      <VehicleJourneyCode>314334</VehicleJourneyCode>
      <ServiceRef>NW_03_MTG_525_1</ServiceRef>
      <LineRef>l_525_MTG</LineRef>
      <VehicleJourneyRef>314359</VehicleJourneyRef>
      <DepartureTime>10:20:00</DepartureTime>
    </VehicleJourney>
    <VehicleJourney>
      <PrivateCode>314365</PrivateCode>
      <Operational>
        <VehicleType>
          <VehicleTypeCode>Bus</VehicleTypeCode>
          <Description>Bus</Description>
        </VehicleType>
      </Operational>
      <OperatingProfile>
        <RegularDayType>
          <HolidaysOnly />
        </RegularDayType>
        <BankHolidayOperation>
          <DaysOfOperation>
            <AllBankHolidays />
          </DaysOfOperation>
        </BankHolidayOperation>
      </OperatingProfile>
      <VehicleJourneyCode>314365</VehicleJourneyCode>
      <ServiceRef>NW_03_MTG_525_1</ServiceRef>
      <LineRef>l_525_MTG</LineRef>
      <VehicleJourneyRef>314347</VehicleJourneyRef>
      <DepartureTime>12:00:00</DepartureTime>
    </VehicleJourney>
    <VehicleJourney>
      <PrivateCode>314346</PrivateCode>
      <Operational>
        <VehicleType>
          <VehicleTypeCode>Bus</VehicleTypeCode>
          <Description>Bus</Description>
        </VehicleType>
      </Operational>
      <OperatingProfile>
        <RegularDayType>
          <DaysOfWeek>
            <MondayToSunday />
          </DaysOfWeek>
        </RegularDayType>
        <BankHolidayOperation>
          <DaysOfNonOperation>
            <AllBankHolidays />
          </DaysOfNonOperation>
        </BankHolidayOperation>
      </OperatingProfile>
      <VehicleJourneyCode>314346</VehicleJourneyCode>
      <ServiceRef>NW_03_MTG_525_1</ServiceRef>
      <LineRef>l_525_MTG</LineRef>
      <VehicleJourneyRef>314347</VehicleJourneyRef>
      <DepartureTime>14:00:00</DepartureTime>
    </VehicleJourney>
    <VehicleJourney>
      <PrivateCode>314360</PrivateCode>
      <Operational>
        <VehicleType>
          <VehicleTypeCode>Bus</VehicleTypeCode>
          <Description>Bus</Description>
        </VehicleType>
      </Operational>
      <OperatingProfile>
        <RegularDayType>
          <HolidaysOnly />
        </RegularDayType>
        <BankHolidayOperation>
          <DaysOfOperation>
            <AllBankHolidays />
          </DaysOfOperation>
        </BankHolidayOperation>
      </OperatingProfile>
      <VehicleJourneyCode>314360</VehicleJourneyCode>
      <ServiceRef>NW_03_MTG_525_1</ServiceRef>
      <LineRef>l_525_MTG</LineRef>
      <VehicleJourneyRef>314359</VehicleJourneyRef>
      <DepartureTime>15:00:00</DepartureTime>
    </VehicleJourney>
    <VehicleJourney>
      <PrivateCode>314369</PrivateCode>
      <Operational>
        <VehicleType>
          <VehicleTypeCode>Bus</VehicleTypeCode>
          <Description>Bus</Description>
        </VehicleType>
      </Operational>
      <OperatingProfile>
        <RegularDayType>
          <HolidaysOnly />
        </RegularDayType>
        <BankHolidayOperation>
          <DaysOfOperation>
            <AllBankHolidays />
          </DaysOfOperation>
        </BankHolidayOperation>
      </OperatingProfile>
      <VehicleJourneyCode>314369</VehicleJourneyCode>
      <ServiceRef>NW_03_MTG_525_1</ServiceRef>
      <LineRef>l_525_MTG</LineRef>
      <VehicleJourneyRef>314347</VehicleJourneyRef>
      <DepartureTime>15:20:00</DepartureTime>
    </VehicleJourney>
    <VehicleJourney>
      <PrivateCode>314348</PrivateCode>
      <Operational>
        <VehicleType>
          <VehicleTypeCode>Bus</VehicleTypeCode>
          <Description>Bus</Description>
        </VehicleType>
      </Operational>
      <OperatingProfile>
        <RegularDayType>
          <DaysOfWeek>
            <MondayToSunday />
          </DaysOfWeek>
        </RegularDayType>
        <BankHolidayOperation>
          <DaysOfNonOperation>
            <AllBankHolidays />
          </DaysOfNonOperation>
        </BankHolidayOperation>
      </OperatingProfile>
      <VehicleJourneyCode>314348</VehicleJourneyCode>
      <ServiceRef>NW_03_MTG_525_1</ServiceRef>
      <LineRef>l_525_MTG</LineRef>
      <VehicleJourneyRef>314347</VehicleJourneyRef>
      <DepartureTime>15:20:00</DepartureTime>
    </VehicleJourney>
    <VehicleJourney>
      <PrivateCode>314353</PrivateCode>
      <Operational>
        <VehicleType>
          <VehicleTypeCode>Bus</VehicleTypeCode>
          <Description>Bus</Description>
        </VehicleType>
      </Operational>
      <OperatingProfile>
        <RegularDayType>
          <DaysOfWeek>
            <MondayToSunday />
          </DaysOfWeek>
        </RegularDayType>
        <BankHolidayOperation>
          <DaysOfNonOperation>
            <AllBankHolidays />
          </DaysOfNonOperation>
        </BankHolidayOperation>
      </OperatingProfile>
      <VehicleJourneyCode>314353</VehicleJourneyCode>
      <ServiceRef>NW_03_MTG_525_1</ServiceRef>
      <LineRef>l_525_MTG</LineRef>
      <VehicleJourneyRef>314359</VehicleJourneyRef>
      <DepartureTime>16:20:00</DepartureTime>
    </VehicleJourney>
    <VehicleJourney>
      <PrivateCode>314336</PrivateCode>
      <Operational>
        <VehicleType>
          <VehicleTypeCode>Bus</VehicleTypeCode>
          <Description>Bus</Description>
        </VehicleType>
      </Operational>
      <OperatingProfile>
        <RegularDayType>
          <DaysOfWeek>
            <MondayToSunday />
          </DaysOfWeek>
        </RegularDayType>
        <BankHolidayOperation>
          <DaysOfNonOperation>
            <AllBankHolidays />
          </DaysOfNonOperation>
        </BankHolidayOperation>
      </OperatingProfile>
      <VehicleJourneyCode>314336</VehicleJourneyCode>
      <ServiceRef>NW_03_MTG_525_1</ServiceRef>
      <LineRef>l_525_MTG</LineRef>
      <VehicleJourneyRef>314359</VehicleJourneyRef>
      <DepartureTime>11:00:00</DepartureTime>
    </VehicleJourney>
    <VehicleJourney>
      <PrivateCode>314338</PrivateCode>
      <Operational>
        <VehicleType>
          <VehicleTypeCode>Bus</VehicleTypeCode>
          <Description>Bus</Description>
        </VehicleType>
      </Operational>
      <OperatingProfile>
        <RegularDayType>
          <DaysOfWeek>
            <MondayToSunday />
          </DaysOfWeek>
        </RegularDayType>
        <BankHolidayOperation>
          <DaysOfNonOperation>
            <AllBankHolidays />
          </DaysOfNonOperation>
        </BankHolidayOperation>
      </OperatingProfile>
      <VehicleJourneyCode>314338</VehicleJourneyCode>
      <ServiceRef>NW_03_MTG_525_1</ServiceRef>
      <LineRef>l_525_MTG</LineRef>
      <VehicleJourneyRef>314359</VehicleJourneyRef>
      <DepartureTime>12:20:00</DepartureTime>
    </VehicleJourney>
    <VehicleJourney>
      <PrivateCode>314342</PrivateCode>
      <Operational>
        <VehicleType>
          <VehicleTypeCode>Bus</VehicleTypeCode>
          <Description>Bus</Description>
        </VehicleType>
      </Operational>
      <OperatingProfile>
        <RegularDayType>
          <HolidaysOnly />
        </RegularDayType>
        <BankHolidayOperation>
          <DaysOfOperation>
            <AllBankHolidays />
          </DaysOfOperation>
        </BankHolidayOperation>
      </OperatingProfile>
      <VehicleJourneyCode>314342</VehicleJourneyCode>
      <ServiceRef>NW_03_MTG_525_1</ServiceRef>
      <LineRef>l_525_MTG</LineRef>
      <VehicleJourneyRef>314347</VehicleJourneyRef>
      <DepartureTime>10:40:00</DepartureTime>
    </VehicleJourney>
    <VehicleJourney>
      <PrivateCode>314350</PrivateCode>
      <Operational>
        <VehicleType>
          <VehicleTypeCode>Bus</VehicleTypeCode>
          <Description>Bus</Description>
        </VehicleType>
      </Operational>
      <OperatingProfile>
        <RegularDayType>
          <DaysOfWeek>
            <MondayToSunday />
          </DaysOfWeek>
        </RegularDayType>
        <BankHolidayOperation>
          <DaysOfNonOperation>
            <AllBankHolidays />
          </DaysOfNonOperation>
        </BankHolidayOperation>
      </OperatingProfile>
      <VehicleJourneyCode>314350</VehicleJourneyCode>
      <ServiceRef>NW_03_MTG_525_1</ServiceRef>
      <LineRef>l_525_MTG</LineRef>
      <VehicleJourneyRef>314347</VehicleJourneyRef>
      <DepartureTime>16:40:00</DepartureTime>
    </VehicleJourney>
    <VehicleJourney>
      <PrivateCode>314333</PrivateCode>
      <Operational>
        <VehicleType>
          <VehicleTypeCode>Bus</VehicleTypeCode>
          <Description>Bus</Description>
        </VehicleType>
      </Operational>
      <OperatingProfile>
        <RegularDayType>
          <DaysOfWeek>
            <MondayToSunday />
          </DaysOfWeek>
        </RegularDayType>
        <BankHolidayOperation>
          <DaysOfNonOperation>
            <AllBankHolidays />
          </DaysOfNonOperation>
        </BankHolidayOperation>
      </OperatingProfile>
      <VehicleJourneyCode>314333</VehicleJourneyCode>
      <ServiceRef>NW_03_MTG_525_1</ServiceRef>
      <LineRef>l_525_MTG</LineRef>
      <VehicleJourneyRef>314347</VehicleJourneyRef>
      <DepartureTime>10:40:00</DepartureTime>
    </VehicleJourney>
    <VehicleJourney>
      <PrivateCode>314367</PrivateCode>
      <Operational>
        <VehicleType>
          <VehicleTypeCode>Bus</VehicleTypeCode>
          <Description>Bus</Description>
        </VehicleType>
      </Operational>
      <OperatingProfile>
        <RegularDayType>
          <HolidaysOnly />
        </RegularDayType>
        <BankHolidayOperation>
          <DaysOfOperation>
            <AllBankHolidays />
          </DaysOfOperation>
        </BankHolidayOperation>
      </OperatingProfile>
      <VehicleJourneyCode>314367</VehicleJourneyCode>
      <ServiceRef>NW_03_MTG_525_1</ServiceRef>
      <LineRef>l_525_MTG</LineRef>
      <VehicleJourneyRef>314347</VehicleJourneyRef>
      <DepartureTime>14:00:00</DepartureTime>
    </VehicleJourney>
    <VehicleJourney>
      <PrivateCode>314355</PrivateCode>
      <Operational>
        <VehicleType>
          <VehicleTypeCode>Bus</VehicleTypeCode>
          <Description>Bus</Description>
        </VehicleType>
      </Operational>
      <OperatingProfile>
        <RegularDayType>
          <HolidaysOnly />
        </RegularDayType>
        <BankHolidayOperation>
          <DaysOfOperation>
            <AllBankHolidays />
          </DaysOfOperation>
        </BankHolidayOperation>
      </OperatingProfile>
      <VehicleJourneyCode>314355</VehicleJourneyCode>
      <ServiceRef>NW_03_MTG_525_1</ServiceRef>
      <LineRef>l_525_MTG</LineRef>
      <VehicleJourneyRef>314359</VehicleJourneyRef>
      <DepartureTime>11:00:00</DepartureTime>
    </VehicleJourney>
    <VehicleJourney>
      <PrivateCode>314370</PrivateCode>
      <Operational>
        <VehicleType>
          <VehicleTypeCode>Bus</VehicleTypeCode>
          <Description>Bus</Description>
        </VehicleType>
      </Operational>
      <OperatingProfile>
        <RegularDayType>
          <HolidaysOnly />
        </RegularDayType>
        <BankHolidayOperation>
          <DaysOfOperation>
            <AllBankHolidays />
          </DaysOfOperation>
        </BankHolidayOperation>
      </OperatingProfile>
      <VehicleJourneyCode>314370</VehicleJourneyCode>
      <ServiceRef>NW_03_MTG_525_1</ServiceRef>
      <LineRef>l_525_MTG</LineRef>
      <VehicleJourneyRef>314347</VehicleJourneyRef>
      <DepartureTime>16:00:00</DepartureTime>
    </VehicleJourney>
    <VehicleJourney>
      <PrivateCode>314345</PrivateCode>
      <Operational>
        <VehicleType>
          <VehicleTypeCode>Bus</VehicleTypeCode>
          <Description>Bus</Description>
        </VehicleType>
      </Operational>
      <OperatingProfile>
        <RegularDayType>
          <DaysOfWeek>
            <MondayToSunday />
          </DaysOfWeek>
        </RegularDayType>
        <BankHolidayOperation>
          <DaysOfNonOperation>
            <AllBankHolidays />
          </DaysOfNonOperation>
        </BankHolidayOperation>
      </OperatingProfile>
      <VehicleJourneyCode>314345</VehicleJourneyCode>
      <ServiceRef>NW_03_MTG_525_1</ServiceRef>
      <LineRef>l_525_MTG</LineRef>
      <VehicleJourneyRef>314347</VehicleJourneyRef>
      <DepartureTime>12:40:00</DepartureTime>
    </VehicleJourney>
    <VehicleJourney>
      <PrivateCode>314351</PrivateCode>
      <Operational>
        <VehicleType>
          <VehicleTypeCode>Bus</VehicleTypeCode>
          <Description>Bus</Description>
        </VehicleType>
      </Operational>
      <OperatingProfile>
        <RegularDayType>
          <DaysOfWeek>
            <MondayToSunday />
          </DaysOfWeek>
        </RegularDayType>
        <BankHolidayOperation>
          <DaysOfNonOperation>
            <AllBankHolidays />
          </DaysOfNonOperation>
        </BankHolidayOperation>
      </OperatingProfile>
      <VehicleJourneyCode>314351</VehicleJourneyCode>
      <ServiceRef>NW_03_MTG_525_1</ServiceRef>
      <LineRef>l_525_MTG</LineRef>
      <VehicleJourneyRef>314359</VehicleJourneyRef>
      <DepartureTime>15:00:00</DepartureTime>
    </VehicleJourney>
  </VehicleJourneys>
</TransXChange>