<?xml version="1.0" encoding="utf-8"?>
<TransXChange xmlns:xsd="http://www.w3.org/2001/XMLSchema" xmlns:xsi="http://www.w3.org/2001/XMLSchema-instance" xsi:schemaLocation="http://www.transxchange.org.uk/ http://www.transxchange.org.uk/schema/2.1/TransXChange_general.xsd" CreationDateTime="2017-09-21T11:36:36.3122832+01:00" ModificationDateTime="2017-09-21T11:36:36.3122832+01:00" Modification="new" RevisionNumber="1" FileName="TXC.xml" SchemaVersion="2.1" RegistrationDocument="false" xmlns="http://www.transxchange.org.uk/">
  <StopPoints>
    <AnnotatedStopPointRef>
      <StopPointRef>090002041386</StopPointRef>
      <CommonName>Library</CommonName>
      <LocalityName>Aspatria</LocalityName>
      <LocalityQualifier>Aspatria</LocalityQualifier>
    </AnnotatedStopPointRef>
    <AnnotatedStopPointRef>
      <StopPointRef>090002041611</StopPointRef>
      <CommonName>road end</CommonName>
      <LocalityName>Harriston</LocalityName>
      <LocalityQualifier>Harriston</LocalityQualifier>
    </AnnotatedStopPointRef>
    <AnnotatedStopPointRef>
      <StopPointRef>090002022886</StopPointRef>
      <CommonName>Willow Garth</CommonName>
      <LocalityName>Baggrow</LocalityName>
      <LocalityQualifier>Baggrow</LocalityQualifier>
    </AnnotatedStopPointRef>
    <AnnotatedStopPointRef>
      <StopPointRef>090002072301</StopPointRef>
      <CommonName>Village Green</CommonName>
      <LocalityName>Blennerhasset</LocalityName>
      <LocalityQualifier>Blennerhasset</LocalityQualifier>
    </AnnotatedStopPointRef>
    <AnnotatedStopPointRef>
      <StopPointRef>090033102379</StopPointRef>
      <CommonName>Market Hall</CommonName>
      <LocalityName>Carlisle</LocalityName>
      <LocalityQualifier>Carlisle</LocalityQualifier>
    </AnnotatedStopPointRef>
    <AnnotatedStopPointRef>
      <StopPointRef>090033101978</StopPointRef>
      <CommonName>Market Hall</CommonName>
      <LocalityName>Carlisle</LocalityName>
      <LocalityQualifier>Carlisle</LocalityQualifier>
    </AnnotatedStopPointRef>
    <AnnotatedStopPointRef>
      <StopPointRef>090002563030</StopPointRef>
      <CommonName>Christies Newsagents</CommonName>
      <LocalityName>Wigton</LocalityName>
      <LocalityQualifier>Wigton</LocalityQualifier>
    </AnnotatedStopPointRef>
    <AnnotatedStopPointRef>
      <StopPointRef>090002563029</StopPointRef>
      <CommonName>Throstles Nest</CommonName>
      <LocalityName>Wigton</LocalityName>
      <LocalityQualifier>Wigton</LocalityQualifier>
    </AnnotatedStopPointRef>
    <AnnotatedStopPointRef>
      <StopPointRef>090033103181</StopPointRef>
      <CommonName>Cuimberland Infirmary Main Entrance</CommonName>
      <LocalityName>Engine Lonning</LocalityName>
      <LocalityQualifier>Engine Lonning</LocalityQualifier>
    </AnnotatedStopPointRef>
    <AnnotatedStopPointRef>
      <StopPointRef>090002044805</StopPointRef>
      <CommonName>Grapes Hotel</CommonName>
      <LocalityName>Aspatria</LocalityName>
      <LocalityQualifier>Aspatria</LocalityQualifier>
    </AnnotatedStopPointRef>
    <AnnotatedStopPointRef>
      <StopPointRef>090002021350</StopPointRef>
      <CommonName>House</CommonName>
      <LocalityName>Baggrow</LocalityName>
      <LocalityQualifier>Baggrow</LocalityQualifier>
    </AnnotatedStopPointRef>
    <AnnotatedStopPointRef>
      <StopPointRef>090002021910</StopPointRef>
      <CommonName>Social Club</CommonName>
      <LocalityName>Fletchertown</LocalityName>
      <LocalityQualifier>Fletchertown</LocalityQualifier>
    </AnnotatedStopPointRef>
    <AnnotatedStopPointRef>
      <StopPointRef>090002161534</StopPointRef>
      <CommonName>Village Centre</CommonName>
      <LocalityName>Blencogo</LocalityName>
      <LocalityQualifier>Blencogo</LocalityQualifier>
    </AnnotatedStopPointRef>
    <AnnotatedStopPointRef>
      <StopPointRef>090033102396</StopPointRef>
      <CommonName>Morrisons</CommonName>
      <LocalityName>Stanwix</LocalityName>
      <LocalityQualifier>Carlisle</LocalityQualifier>
    </AnnotatedStopPointRef>
    <AnnotatedStopPointRef>
      <StopPointRef>090033312786</StopPointRef>
      <CommonName>St Giles Church</CommonName>
      <LocalityName>Great Orton</LocalityName>
      <LocalityQualifier>Great Orton</LocalityQualifier>
    </AnnotatedStopPointRef>
    <AnnotatedStopPointRef>
      <StopPointRef>090002023252</StopPointRef>
      <CommonName>Swiss Cottage</CommonName>
      <LocalityName>Baggrow</LocalityName>
      <LocalityQualifier>Baggrow</LocalityQualifier>
    </AnnotatedStopPointRef>
    <AnnotatedStopPointRef>
      <StopPointRef>090002023253</StopPointRef>
      <CommonName>Willow Garth</CommonName>
      <LocalityName>Baggrow</LocalityName>
      <LocalityQualifier>Baggrow</LocalityQualifier>
    </AnnotatedStopPointRef>
  </StopPoints>
  <JourneyPatternSections>
    <JourneyPatternSection id="JPSection-1">
      <JourneyPatternTimingLink id="JPSection-1-SEC1-POS1">
        <From>
          <Activity>pickUp</Activity>
          <StopPointRef>090033102396</StopPointRef>
          <TimingStatus>PTP</TimingStatus>
        </From>
        <To>
          <Activity>pickUpAndSetDown</Activity>
          <StopPointRef>090033102379</StopPointRef>
          <TimingStatus>PTP</TimingStatus>
        </To>
        <RunTime>PT10M</RunTime>
      </JourneyPatternTimingLink>
      <JourneyPatternTimingLink id="JPSection-1-SEC1-POS2">
        <From>
          <Activity>pickUpAndSetDown</Activity>
          <StopPointRef>090033102379</StopPointRef>
          <TimingStatus>PTP</TimingStatus>
        </From>
        <To>
          <Activity>pickUpAndSetDown</Activity>
          <StopPointRef>090033312786</StopPointRef>
          <TimingStatus>PTP</TimingStatus>
        </To>
        <RunTime>PT7M</RunTime>
      </JourneyPatternTimingLink>
      <JourneyPatternTimingLink id="JPSection-1-SEC1-POS3">
        <From>
          <Activity>pickUpAndSetDown</Activity>
          <StopPointRef>090033312786</StopPointRef>
          <TimingStatus>PTP</TimingStatus>
        </From>
        <To>
          <Activity>pickUpAndSetDown</Activity>
          <StopPointRef>090002563030</StopPointRef>
          <TimingStatus>PTP</TimingStatus>
        </To>
        <RunTime>PT31M</RunTime>
      </JourneyPatternTimingLink>
      <JourneyPatternTimingLink id="JPSection-1-SEC1-POS4">
        <From>
          <Activity>pickUpAndSetDown</Activity>
          <StopPointRef>090002563030</StopPointRef>
          <TimingStatus>PTP</TimingStatus>
        </From>
        <To>
          <Activity>pickUpAndSetDown</Activity>
          <StopPointRef>090002161534</StopPointRef>
          <TimingStatus>PTP</TimingStatus>
        </To>
        <RunTime>PT10M</RunTime>
      </JourneyPatternTimingLink>
      <JourneyPatternTimingLink id="JPSection-1-SEC1-POS5">
        <From>
          <Activity>pickUpAndSetDown</Activity>
          <StopPointRef>090002161534</StopPointRef>
          <TimingStatus>PTP</TimingStatus>
        </From>
        <To>
          <Activity>pickUpAndSetDown</Activity>
          <StopPointRef>090002021910</StopPointRef>
          <TimingStatus>PTP</TimingStatus>
        </To>
        <RunTime>PT8M</RunTime>
      </JourneyPatternTimingLink>
      <JourneyPatternTimingLink id="JPSection-1-SEC1-POS6">
        <From>
          <Activity>pickUpAndSetDown</Activity>
          <StopPointRef>090002021910</StopPointRef>
          <TimingStatus>PTP</TimingStatus>
        </From>
        <To>
          <Activity>pickUpAndSetDown</Activity>
          <StopPointRef>090002022886</StopPointRef>
          <TimingStatus>PTP</TimingStatus>
        </To>
        <RunTime>PT3M</RunTime>
      </JourneyPatternTimingLink>
      <JourneyPatternTimingLink id="JPSection-1-SEC1-POS7">
        <From>
          <Activity>pickUpAndSetDown</Activity>
          <StopPointRef>090002022886</StopPointRef>
          <TimingStatus>PTP</TimingStatus>
        </From>
        <To>
          <Activity>pickUpAndSetDown</Activity>
          <StopPointRef>090002023252</StopPointRef>
          <TimingStatus>PTP</TimingStatus>
        </To>
        <RunTime>PT3M</RunTime>
      </JourneyPatternTimingLink>
      <JourneyPatternTimingLink id="JPSection-1-SEC1-POS8">
        <From>
          <Activity>pickUpAndSetDown</Activity>
          <StopPointRef>090002023252</StopPointRef>
          <TimingStatus>PTP</TimingStatus>
        </From>
        <To>
          <Activity>pickUpAndSetDown</Activity>
          <StopPointRef>090002072301</StopPointRef>
          <TimingStatus>PTP</TimingStatus>
        </To>
        <RunTime>PT4M</RunTime>
      </JourneyPatternTimingLink>
      <JourneyPatternTimingLink id="JPSection-1-SEC1-POS9">
        <From>
          <Activity>pickUpAndSetDown</Activity>
          <StopPointRef>090002072301</StopPointRef>
          <TimingStatus>PTP</TimingStatus>
        </From>
        <To>
          <Activity>pickUpAndSetDown</Activity>
          <StopPointRef>090002021350</StopPointRef>
          <TimingStatus>PTP</TimingStatus>
        </To>
        <RunTime>PT3M</RunTime>
      </JourneyPatternTimingLink>
      <JourneyPatternTimingLink id="JPSection-1-SEC1-POS10">
        <From>
          <Activity>pickUpAndSetDown</Activity>
          <StopPointRef>090002021350</StopPointRef>
          <TimingStatus>PTP</TimingStatus>
        </From>
        <To>
          <Activity>pickUpAndSetDown</Activity>
          <StopPointRef>090002041611</StopPointRef>
          <TimingStatus>PTP</TimingStatus>
        </To>
        <RunTime>PT8M</RunTime>
      </JourneyPatternTimingLink>
      <JourneyPatternTimingLink id="JPSection-1-SEC1-POS11">
        <From>
          <Activity>pickUpAndSetDown</Activity>
          <StopPointRef>090002041611</StopPointRef>
          <TimingStatus>PTP</TimingStatus>
        </From>
        <To>
          <Activity>setDown</Activity>
          <StopPointRef>090002044805</StopPointRef>
          <TimingStatus>PTP</TimingStatus>
        </To>
        <RunTime>PT5M</RunTime>
      </JourneyPatternTimingLink>
    </JourneyPatternSection>
    <JourneyPatternSection id="JPSection-2">
      <JourneyPatternTimingLink id="JPSection-2-SEC2-POS12">
        <From>
          <Activity>pickUp</Activity>
          <StopPointRef>090002041386</StopPointRef>
          <TimingStatus>PTP</TimingStatus>
        </From>
        <To>
          <Activity>pickUpAndSetDown</Activity>
          <StopPointRef>090002041611</StopPointRef>
          <TimingStatus>PTP</TimingStatus>
        </To>
        <RunTime>PT6M</RunTime>
      </JourneyPatternTimingLink>
      <JourneyPatternTimingLink id="JPSection-2-SEC2-POS13">
        <From>
          <Activity>pickUpAndSetDown</Activity>
          <StopPointRef>090002041611</StopPointRef>
          <TimingStatus>PTP</TimingStatus>
        </From>
        <To>
          <Activity>pickUpAndSetDown</Activity>
          <StopPointRef>090002023252</StopPointRef>
          <TimingStatus>PTP</TimingStatus>
        </To>
        <RunTime>PT10M</RunTime>
      </JourneyPatternTimingLink>
      <JourneyPatternTimingLink id="JPSection-2-SEC2-POS14">
        <From>
          <Activity>pickUpAndSetDown</Activity>
          <StopPointRef>090002023252</StopPointRef>
          <TimingStatus>PTP</TimingStatus>
        </From>
        <To>
          <Activity>pickUpAndSetDown</Activity>
          <StopPointRef>090002072301</StopPointRef>
          <TimingStatus>PTP</TimingStatus>
        </To>
        <RunTime>PT2M</RunTime>
      </JourneyPatternTimingLink>
      <JourneyPatternTimingLink id="JPSection-2-SEC2-POS15">
        <From>
          <Activity>pickUpAndSetDown</Activity>
          <StopPointRef>090002072301</StopPointRef>
          <TimingStatus>PTP</TimingStatus>
        </From>
        <To>
          <Activity>pickUpAndSetDown</Activity>
          <StopPointRef>090002021350</StopPointRef>
          <TimingStatus>PTP</TimingStatus>
        </To>
        <RunTime>PT2M</RunTime>
      </JourneyPatternTimingLink>
      <JourneyPatternTimingLink id="JPSection-2-SEC2-POS16">
        <From>
          <Activity>pickUpAndSetDown</Activity>
          <StopPointRef>090002021350</StopPointRef>
          <TimingStatus>PTP</TimingStatus>
        </From>
        <To>
          <Activity>pickUpAndSetDown</Activity>
          <StopPointRef>090002023253</StopPointRef>
          <TimingStatus>PTP</TimingStatus>
        </To>
        <RunTime>PT3M</RunTime>
      </JourneyPatternTimingLink>
      <JourneyPatternTimingLink id="JPSection-2-SEC2-POS17">
        <From>
          <Activity>pickUpAndSetDown</Activity>
          <StopPointRef>090002023253</StopPointRef>
          <TimingStatus>PTP</TimingStatus>
        </From>
        <To>
          <Activity>pickUpAndSetDown</Activity>
          <StopPointRef>090002021910</StopPointRef>
          <TimingStatus>PTP</TimingStatus>
        </To>
        <RunTime>PT3M</RunTime>
      </JourneyPatternTimingLink>
      <JourneyPatternTimingLink id="JPSection-2-SEC2-POS18">
        <From>
          <Activity>pickUpAndSetDown</Activity>
          <StopPointRef>090002021910</StopPointRef>
          <TimingStatus>PTP</TimingStatus>
        </From>
        <To>
          <Activity>pickUpAndSetDown</Activity>
          <StopPointRef>090002161534</StopPointRef>
          <TimingStatus>PTP</TimingStatus>
        </To>
        <RunTime>PT8M</RunTime>
      </JourneyPatternTimingLink>
      <JourneyPatternTimingLink id="JPSection-2-SEC2-POS19">
        <From>
          <Activity>pickUpAndSetDown</Activity>
          <StopPointRef>090002161534</StopPointRef>
          <TimingStatus>PTP</TimingStatus>
        </From>
        <To>
          <Activity>pickUpAndSetDown</Activity>
          <StopPointRef>090002563029</StopPointRef>
          <TimingStatus>PTP</TimingStatus>
        </To>
        <RunTime>PT10M</RunTime>
      </JourneyPatternTimingLink>
      <JourneyPatternTimingLink id="JPSection-2-SEC2-POS20">
        <From>
          <Activity>pickUpAndSetDown</Activity>
          <StopPointRef>090002563029</StopPointRef>
          <TimingStatus>PTP</TimingStatus>
        </From>
        <To>
          <Activity>pickUpAndSetDown</Activity>
          <StopPointRef>090033312786</StopPointRef>
          <TimingStatus>PTP</TimingStatus>
        </To>
        <RunTime>PT16M</RunTime>
      </JourneyPatternTimingLink>
      <JourneyPatternTimingLink id="JPSection-2-SEC2-POS21">
        <From>
          <Activity>pickUpAndSetDown</Activity>
          <StopPointRef>090033312786</StopPointRef>
          <TimingStatus>PTP</TimingStatus>
        </From>
        <To>
          <Activity>pickUpAndSetDown</Activity>
          <StopPointRef>090033103181</StopPointRef>
          <TimingStatus>PTP</TimingStatus>
        </To>
        <RunTime>PT15M</RunTime>
      </JourneyPatternTimingLink>
      <JourneyPatternTimingLink id="JPSection-2-SEC2-POS22">
        <From>
          <Activity>pickUpAndSetDown</Activity>
          <StopPointRef>090033103181</StopPointRef>
          <TimingStatus>PTP</TimingStatus>
        </From>
        <To>
          <Activity>pickUpAndSetDown</Activity>
          <StopPointRef>090033101978</StopPointRef>
          <TimingStatus>PTP</TimingStatus>
        </To>
        <RunTime>PT7M</RunTime>
      </JourneyPatternTimingLink>
      <JourneyPatternTimingLink id="JPSection-2-SEC2-POS23">
        <From>
          <Activity>pickUpAndSetDown</Activity>
          <StopPointRef>090033101978</StopPointRef>
          <TimingStatus>PTP</TimingStatus>
        </From>
        <To>
          <Activity>setDown</Activity>
          <StopPointRef>090033102396</StopPointRef>
          <TimingStatus>PTP</TimingStatus>
        </To>
        <RunTime>PT10M</RunTime>
      </JourneyPatternTimingLink>
    </JourneyPatternSection>
  </JourneyPatternSections>
  <Operators>
    <Operator id="OId_REA">
      <NationalOperatorCode>REAY</NationalOperatorCode>
      <OperatorCode>REA</OperatorCode>
      <OperatorShortName>REA</OperatorShortName>
    </Operator>
  </Operators>
  <Services>
    <Service>
      <ServiceCode>NW_03_REA_39_1</ServiceCode>
      <Lines>
        <Line id="l_39_REA">
          <LineName>39</LineName>
        </Line>
      </Lines>
      <OperatingPeriod>
        <StartDate>2017-01-03</StartDate>
        <EndDate>2017-12-24</EndDate>
      </OperatingPeriod>
      <RegisteredOperatorRef>OId_REA</RegisteredOperatorRef>
      <StopRequirements>
        <NoNewStopsRequired />
      </StopRequirements>
      <Mode>bus</Mode>
      <Description>Aspatria - Stanwix,Carlisle</Description>
      <StandardService>
        <Origin>Aspatria</Origin>
        <Destination>Stanwix, Carlisle</Destination>
        <JourneyPattern id="JP305">
          <Direction>inbound</Direction>
          <JourneyPatternSectionRefs>JPSection-1</JourneyPatternSectionRefs>
        </JourneyPattern>
        <JourneyPattern id="JP960">
          <Direction>outbound</Direction>
          <JourneyPatternSectionRefs>JPSection-2</JourneyPatternSectionRefs>
        </JourneyPattern>
      </StandardService>
    </Service>
  </Services>
  <VehicleJourneys>
    <VehicleJourney>
      <PrivateCode>297771</PrivateCode>
      <Operational>
        <VehicleType>
          <VehicleTypeCode>Bus</VehicleTypeCode>
          <Description>Bus</Description>
        </VehicleType>
      </Operational>
      <OperatingProfile>
        <RegularDayType>
          <DaysOfWeek>
            <Tuesday />
            <Friday />
          </DaysOfWeek>
        </RegularDayType>
        <BankHolidayOperation>
          <DaysOfNonOperation>
            <AllBankHolidays />
          </DaysOfNonOperation>
        </BankHolidayOperation>
      </OperatingProfile>
      <VehicleJourneyCode>297771</VehicleJourneyCode>
      <ServiceRef>NW_03_REA_39_1</ServiceRef>
      <LineRef>l_39_REA</LineRef>
      <JourneyPatternRef>JP305</JourneyPatternRef>
      <DepartureTime>13:10:00</DepartureTime>
    </VehicleJourney>
    <VehicleJourney>
      <PrivateCode>297770</PrivateCode>
      <Operational>
        <VehicleType>
          <VehicleTypeCode>Bus</VehicleTypeCode>
          <Description>Bus</Description>
        </VehicleType>
      </Operational>
      <OperatingProfile>
        <RegularDayType>
          <DaysOfWeek>
            <Tuesday />
            <Friday />
          </DaysOfWeek>
        </RegularDayType>
        <BankHolidayOperation>
          <DaysOfNonOperation>
            <AllBankHolidays />
          </DaysOfNonOperation>
        </BankHolidayOperation>
      </OperatingProfile>
      <VehicleJourneyCode>297770</VehicleJourneyCode>
      <ServiceRef>NW_03_REA_39_1</ServiceRef>
      <LineRef>l_39_REA</LineRef>
      <JourneyPatternRef>JP960</JourneyPatternRef>
      <DepartureTime>09:40:00</DepartureTime>
    </VehicleJourney>
  </VehicleJourneys>
</TransXChange>