<?xml version="1.0" encoding="utf-8"?>
<TransXChange xmlns:xsd="http://www.w3.org/2001/XMLSchema" xmlns:xsi="http://www.w3.org/2001/XMLSchema-instance" xsi:schemaLocation="http://www.transxchange.org.uk/ http://www.transxchange.org.uk/schema/2.1/TransXChange_general.xsd" CreationDateTime="2017-09-21T11:35:26.5003723+01:00" ModificationDateTime="2017-09-21T11:35:26.5316208+01:00" Modification="new" RevisionNumber="1" FileName="TXC.xml" SchemaVersion="2.1" RegistrationDocument="false" xmlns="http://www.transxchange.org.uk/">
  <StopPoints>
    <AnnotatedStopPointRef>
      <StopPointRef>090079682982</StopPointRef>
      <CommonName>Kiosk</CommonName>
      <LocalityName>Ulverston</LocalityName>
      <LocalityQualifier>Ulverston</LocalityQualifier>
    </AnnotatedStopPointRef>
    <AnnotatedStopPointRef>
      <StopPointRef>090079682986</StopPointRef>
      <CommonName>St Mary's Church</CommonName>
      <LocalityName>Ulverston</LocalityName>
      <LocalityQualifier>Ulverston</LocalityQualifier>
    </AnnotatedStopPointRef>
    <AnnotatedStopPointRef>
      <StopPointRef>090079680690</StopPointRef>
      <CommonName>Rail Station</CommonName>
      <LocalityName>Ulverston</LocalityName>
      <LocalityQualifier>Ulverston</LocalityQualifier>
    </AnnotatedStopPointRef>
    <AnnotatedStopPointRef>
      <StopPointRef>090079680691</StopPointRef>
      <CommonName>Victoria High School</CommonName>
      <LocalityName>Ulverston</LocalityName>
      <LocalityQualifier>Ulverston</LocalityQualifier>
    </AnnotatedStopPointRef>
    <AnnotatedStopPointRef>
      <StopPointRef>090079680701</StopPointRef>
      <CommonName>Elmhurst</CommonName>
      <LocalityName>Ulverston</LocalityName>
      <LocalityQualifier>Ulverston</LocalityQualifier>
    </AnnotatedStopPointRef>
    <AnnotatedStopPointRef>
      <StopPointRef>090079680703</StopPointRef>
      <CommonName>Leisure Centre</CommonName>
      <LocalityName>Croftlands</LocalityName>
      <LocalityQualifier>Croftlands</LocalityQualifier>
    </AnnotatedStopPointRef>
    <AnnotatedStopPointRef>
      <StopPointRef>090079680705</StopPointRef>
      <CommonName>Booths</CommonName>
      <LocalityName>Ulverston</LocalityName>
      <LocalityQualifier>Ulverston</LocalityQualifier>
    </AnnotatedStopPointRef>
    <AnnotatedStopPointRef>
      <StopPointRef>090079681490</StopPointRef>
      <CommonName>Limetree Road</CommonName>
      <LocalityName>Croftlands</LocalityName>
      <LocalityQualifier>Croftlands</LocalityQualifier>
    </AnnotatedStopPointRef>
    <AnnotatedStopPointRef>
      <StopPointRef>090079682257</StopPointRef>
      <CommonName>Croftlands School</CommonName>
      <LocalityName>Croftlands</LocalityName>
      <LocalityQualifier>Croftlands</LocalityQualifier>
    </AnnotatedStopPointRef>
    <AnnotatedStopPointRef>
      <StopPointRef>090079682844</StopPointRef>
      <CommonName>Rose and Crown</CommonName>
      <LocalityName>Ulverston</LocalityName>
      <LocalityQualifier>Ulverston</LocalityQualifier>
    </AnnotatedStopPointRef>
    <AnnotatedStopPointRef>
      <StopPointRef>090079683171</StopPointRef>
      <CommonName>Rusland Crescent</CommonName>
      <LocalityName>Croftlands</LocalityName>
      <LocalityQualifier>Croftlands</LocalityQualifier>
    </AnnotatedStopPointRef>
    <AnnotatedStopPointRef>
      <StopPointRef>090079684188</StopPointRef>
      <CommonName>Jefferson Drive West</CommonName>
      <LocalityName>Croftlands</LocalityName>
      <LocalityQualifier>Croftlands</LocalityQualifier>
    </AnnotatedStopPointRef>
    <AnnotatedStopPointRef>
      <StopPointRef>090079684189</StopPointRef>
      <CommonName>Rusland Crescent</CommonName>
      <LocalityName>Croftlands</LocalityName>
      <LocalityQualifier>Croftlands</LocalityQualifier>
    </AnnotatedStopPointRef>
    <AnnotatedStopPointRef>
      <StopPointRef>090079684190</StopPointRef>
      <CommonName>Birkett Drive exit</CommonName>
      <LocalityName>Croftlands</LocalityName>
      <LocalityQualifier>Croftlands</LocalityQualifier>
    </AnnotatedStopPointRef>
    <AnnotatedStopPointRef>
      <StopPointRef>090079684191</StopPointRef>
      <CommonName>Underwood Road</CommonName>
      <LocalityName>Croftlands</LocalityName>
      <LocalityQualifier>Croftlands</LocalityQualifier>
    </AnnotatedStopPointRef>
    <AnnotatedStopPointRef>
      <StopPointRef>090079684192</StopPointRef>
      <CommonName>Grasmere Road</CommonName>
      <LocalityName>Ulverston</LocalityName>
      <LocalityQualifier>Ulverston</LocalityQualifier>
    </AnnotatedStopPointRef>
    <AnnotatedStopPointRef>
      <StopPointRef>090079684193</StopPointRef>
      <CommonName>Grasmere Road</CommonName>
      <LocalityName>Ulverston</LocalityName>
      <LocalityQualifier>Ulverston</LocalityQualifier>
    </AnnotatedStopPointRef>
    <AnnotatedStopPointRef>
      <StopPointRef>090079684187</StopPointRef>
      <CommonName>Hallfield</CommonName>
      <LocalityName>Ulverston</LocalityName>
      <LocalityQualifier>Ulverston</LocalityQualifier>
    </AnnotatedStopPointRef>
    <AnnotatedStopPointRef>
      <StopPointRef>090079684586</StopPointRef>
      <CommonName>Monument Way</CommonName>
      <LocalityName>Ulverston</LocalityName>
      <LocalityQualifier>Ulverston</LocalityQualifier>
    </AnnotatedStopPointRef>
    <AnnotatedStopPointRef>
      <StopPointRef>090079684587</StopPointRef>
      <CommonName>Glaxo Main Gate</CommonName>
      <LocalityName>Sandside</LocalityName>
      <LocalityQualifier>Ulverston</LocalityQualifier>
    </AnnotatedStopPointRef>
    <AnnotatedStopPointRef>
      <StopPointRef>090079683201</StopPointRef>
      <CommonName>Glaxo</CommonName>
      <LocalityName>Sandside</LocalityName>
      <LocalityQualifier>Ulverston</LocalityQualifier>
    </AnnotatedStopPointRef>
    <AnnotatedStopPointRef>
      <StopPointRef>090079683202</StopPointRef>
      <CommonName>Glaxo</CommonName>
      <LocalityName>Sandside</LocalityName>
      <LocalityQualifier>Ulverston</LocalityQualifier>
    </AnnotatedStopPointRef>
    <AnnotatedStopPointRef>
      <StopPointRef>090079683204</StopPointRef>
      <CommonName>Cross Lane</CommonName>
      <LocalityName>South Ulverston</LocalityName>
      <LocalityQualifier>Ulverston</LocalityQualifier>
    </AnnotatedStopPointRef>
    <AnnotatedStopPointRef>
      <StopPointRef>090079683206</StopPointRef>
      <CommonName>Garages</CommonName>
      <LocalityName>Ulverston</LocalityName>
      <LocalityQualifier>Ulverston</LocalityQualifier>
    </AnnotatedStopPointRef>
    <AnnotatedStopPointRef>
      <StopPointRef>090079681359</StopPointRef>
      <CommonName>Ainsle Street</CommonName>
      <LocalityName>Ulverston</LocalityName>
      <LocalityQualifier>Ulverston</LocalityQualifier>
    </AnnotatedStopPointRef>
    <AnnotatedStopPointRef>
      <StopPointRef>090079683378</StopPointRef>
      <CommonName>turning point</CommonName>
      <LocalityName>Canal Foot</LocalityName>
      <LocalityQualifier>Ulverston</LocalityQualifier>
    </AnnotatedStopPointRef>
    <AnnotatedStopPointRef>
      <StopPointRef>090079683639</StopPointRef>
      <CommonName>Car Park</CommonName>
      <LocalityName>North Ulverston</LocalityName>
      <LocalityQualifier>North Ulverston</LocalityQualifier>
    </AnnotatedStopPointRef>
    <AnnotatedStopPointRef>
      <StopPointRef>090079683940</StopPointRef>
      <CommonName>Health Centre</CommonName>
      <LocalityName>North Ulverston</LocalityName>
      <LocalityQualifier>North Ulverston</LocalityQualifier>
    </AnnotatedStopPointRef>
    <AnnotatedStopPointRef>
      <StopPointRef>090079684323</StopPointRef>
      <CommonName>Waite's Factory</CommonName>
      <LocalityName>South Ulverston</LocalityName>
      <LocalityQualifier>Ulverston</LocalityQualifier>
    </AnnotatedStopPointRef>
    <AnnotatedStopPointRef>
      <StopPointRef>090079684589</StopPointRef>
      <CommonName>Glaxo Main Gate</CommonName>
      <LocalityName>Sandside</LocalityName>
      <LocalityQualifier>Ulverston</LocalityQualifier>
    </AnnotatedStopPointRef>
    <AnnotatedStopPointRef>
      <StopPointRef>090079684859</StopPointRef>
      <CommonName>Golden Swan</CommonName>
      <LocalityName>Ulverston</LocalityName>
      <LocalityQualifier>Ulverston</LocalityQualifier>
    </AnnotatedStopPointRef>
    <AnnotatedStopPointRef>
      <StopPointRef>090079684860</StopPointRef>
      <CommonName>Well Street</CommonName>
      <LocalityName>Ulverston</LocalityName>
      <LocalityQualifier>Ulverston</LocalityQualifier>
    </AnnotatedStopPointRef>
    <AnnotatedStopPointRef>
      <StopPointRef>090079684858</StopPointRef>
      <CommonName>Neville Court</CommonName>
      <LocalityName>Ulverston</LocalityName>
      <LocalityQualifier>Ulverston</LocalityQualifier>
    </AnnotatedStopPointRef>
  </StopPoints>
  <JourneyPatternSections>
    <JourneyPatternSection id="JPSection-1">
      <JourneyPatternTimingLink id="JPSection-1-SEC1-POS1">
        <From>
          <Activity>pickUp</Activity>
          <StopPointRef>090079683940</StopPointRef>
          <TimingStatus>PTP</TimingStatus>
        </From>
        <To>
          <Activity>pickUpAndSetDown</Activity>
          <StopPointRef>090079682844</StopPointRef>
          <TimingStatus>PTP</TimingStatus>
        </To>
        <RunTime>PT2M</RunTime>
      </JourneyPatternTimingLink>
      <JourneyPatternTimingLink id="JPSection-1-SEC1-POS2">
        <From>
          <Activity>pickUpAndSetDown</Activity>
          <StopPointRef>090079682844</StopPointRef>
          <TimingStatus>PTP</TimingStatus>
        </From>
        <To>
          <Activity>pickUpAndSetDown</Activity>
          <StopPointRef>090079680690</StopPointRef>
          <TimingStatus>PTP</TimingStatus>
        </To>
        <RunTime>PT4M</RunTime>
      </JourneyPatternTimingLink>
      <JourneyPatternTimingLink id="JPSection-1-SEC1-POS3">
        <From>
          <Activity>pickUpAndSetDown</Activity>
          <StopPointRef>090079680690</StopPointRef>
          <TimingStatus>PTP</TimingStatus>
        </From>
        <To>
          <Activity>pickUpAndSetDown</Activity>
          <StopPointRef>090079680691</StopPointRef>
          <TimingStatus>PTP</TimingStatus>
        </To>
        <RunTime>PT0M</RunTime>
      </JourneyPatternTimingLink>
      <JourneyPatternTimingLink id="JPSection-1-SEC1-POS4">
        <From>
          <Activity>pickUpAndSetDown</Activity>
          <StopPointRef>090079680691</StopPointRef>
          <TimingStatus>PTP</TimingStatus>
        </From>
        <To>
          <Activity>pickUpAndSetDown</Activity>
          <StopPointRef>090079682986</StopPointRef>
          <TimingStatus>PTP</TimingStatus>
        </To>
        <RunTime>PT0M</RunTime>
      </JourneyPatternTimingLink>
      <JourneyPatternTimingLink id="JPSection-1-SEC1-POS5">
        <From>
          <Activity>pickUpAndSetDown</Activity>
          <StopPointRef>090079682986</StopPointRef>
          <TimingStatus>PTP</TimingStatus>
        </From>
        <To>
          <Activity>pickUpAndSetDown</Activity>
          <StopPointRef>090079684187</StopPointRef>
          <TimingStatus>PTP</TimingStatus>
        </To>
        <RunTime>PT5M</RunTime>
      </JourneyPatternTimingLink>
      <JourneyPatternTimingLink id="JPSection-1-SEC1-POS6">
        <From>
          <Activity>pickUpAndSetDown</Activity>
          <StopPointRef>090079684187</StopPointRef>
          <TimingStatus>PTP</TimingStatus>
        </From>
        <To>
          <Activity>pickUpAndSetDown</Activity>
          <StopPointRef>090079684188</StopPointRef>
          <TimingStatus>PTP</TimingStatus>
        </To>
        <RunTime>PT2M</RunTime>
      </JourneyPatternTimingLink>
      <JourneyPatternTimingLink id="JPSection-1-SEC1-POS7">
        <From>
          <Activity>pickUpAndSetDown</Activity>
          <StopPointRef>090079684188</StopPointRef>
          <TimingStatus>PTP</TimingStatus>
        </From>
        <To>
          <Activity>pickUpAndSetDown</Activity>
          <StopPointRef>090079684189</StopPointRef>
          <TimingStatus>PTP</TimingStatus>
        </To>
        <RunTime>PT0M</RunTime>
      </JourneyPatternTimingLink>
      <JourneyPatternTimingLink id="JPSection-1-SEC1-POS8">
        <From>
          <Activity>pickUpAndSetDown</Activity>
          <StopPointRef>090079684189</StopPointRef>
          <TimingStatus>PTP</TimingStatus>
        </From>
        <To>
          <Activity>pickUpAndSetDown</Activity>
          <StopPointRef>090079684190</StopPointRef>
          <TimingStatus>PTP</TimingStatus>
        </To>
        <RunTime>PT0M</RunTime>
      </JourneyPatternTimingLink>
      <JourneyPatternTimingLink id="JPSection-1-SEC1-POS9">
        <From>
          <Activity>pickUpAndSetDown</Activity>
          <StopPointRef>090079684190</StopPointRef>
          <TimingStatus>PTP</TimingStatus>
        </From>
        <To>
          <Activity>pickUpAndSetDown</Activity>
          <StopPointRef>090079682257</StopPointRef>
          <TimingStatus>PTP</TimingStatus>
        </To>
        <RunTime>PT0M</RunTime>
      </JourneyPatternTimingLink>
      <JourneyPatternTimingLink id="JPSection-1-SEC1-POS10">
        <From>
          <Activity>pickUpAndSetDown</Activity>
          <StopPointRef>090079682257</StopPointRef>
          <TimingStatus>PTP</TimingStatus>
        </From>
        <To>
          <Activity>pickUpAndSetDown</Activity>
          <StopPointRef>090079683171</StopPointRef>
          <TimingStatus>PTP</TimingStatus>
        </To>
        <RunTime>PT0M</RunTime>
      </JourneyPatternTimingLink>
      <JourneyPatternTimingLink id="JPSection-1-SEC1-POS11">
        <From>
          <Activity>pickUpAndSetDown</Activity>
          <StopPointRef>090079683171</StopPointRef>
          <TimingStatus>PTP</TimingStatus>
        </From>
        <To>
          <Activity>pickUpAndSetDown</Activity>
          <StopPointRef>090079681490</StopPointRef>
          <TimingStatus>PTP</TimingStatus>
        </To>
        <RunTime>PT1M</RunTime>
      </JourneyPatternTimingLink>
      <JourneyPatternTimingLink id="JPSection-1-SEC1-POS12">
        <From>
          <Activity>pickUpAndSetDown</Activity>
          <StopPointRef>090079681490</StopPointRef>
          <TimingStatus>PTP</TimingStatus>
        </From>
        <To>
          <Activity>pickUpAndSetDown</Activity>
          <StopPointRef>090079684191</StopPointRef>
          <TimingStatus>PTP</TimingStatus>
        </To>
        <RunTime>PT0M</RunTime>
      </JourneyPatternTimingLink>
      <JourneyPatternTimingLink id="JPSection-1-SEC1-POS13">
        <From>
          <Activity>pickUpAndSetDown</Activity>
          <StopPointRef>090079684191</StopPointRef>
          <TimingStatus>PTP</TimingStatus>
        </From>
        <To>
          <Activity>pickUpAndSetDown</Activity>
          <StopPointRef>090079680701</StopPointRef>
          <TimingStatus>PTP</TimingStatus>
        </To>
        <RunTime>PT1M</RunTime>
      </JourneyPatternTimingLink>
      <JourneyPatternTimingLink id="JPSection-1-SEC1-POS14">
        <From>
          <Activity>pickUpAndSetDown</Activity>
          <StopPointRef>090079680701</StopPointRef>
          <TimingStatus>PTP</TimingStatus>
        </From>
        <To>
          <Activity>pickUpAndSetDown</Activity>
          <StopPointRef>090079680703</StopPointRef>
          <TimingStatus>PTP</TimingStatus>
        </To>
        <RunTime>PT0M</RunTime>
      </JourneyPatternTimingLink>
      <JourneyPatternTimingLink id="JPSection-1-SEC1-POS15">
        <From>
          <Activity>pickUpAndSetDown</Activity>
          <StopPointRef>090079680703</StopPointRef>
          <TimingStatus>PTP</TimingStatus>
        </From>
        <To>
          <Activity>pickUpAndSetDown</Activity>
          <StopPointRef>090079684192</StopPointRef>
          <TimingStatus>PTP</TimingStatus>
        </To>
        <RunTime>PT1M</RunTime>
      </JourneyPatternTimingLink>
      <JourneyPatternTimingLink id="JPSection-1-SEC1-POS16">
        <From>
          <Activity>pickUpAndSetDown</Activity>
          <StopPointRef>090079684192</StopPointRef>
          <TimingStatus>PTP</TimingStatus>
        </From>
        <To>
          <Activity>pickUpAndSetDown</Activity>
          <StopPointRef>090079684193</StopPointRef>
          <TimingStatus>PTP</TimingStatus>
        </To>
        <RunTime>PT5M</RunTime>
      </JourneyPatternTimingLink>
      <JourneyPatternTimingLink id="JPSection-1-SEC1-POS17">
        <From>
          <Activity>pickUpAndSetDown</Activity>
          <StopPointRef>090079684193</StopPointRef>
          <TimingStatus>PTP</TimingStatus>
        </From>
        <To>
          <Activity>pickUpAndSetDown</Activity>
          <StopPointRef>090079683201</StopPointRef>
          <TimingStatus>PTP</TimingStatus>
        </To>
        <RunTime>PT1M</RunTime>
      </JourneyPatternTimingLink>
      <JourneyPatternTimingLink id="JPSection-1-SEC1-POS18">
        <From>
          <Activity>pickUpAndSetDown</Activity>
          <StopPointRef>090079683201</StopPointRef>
          <TimingStatus>PTP</TimingStatus>
        </From>
        <To>
          <Activity>pickUpAndSetDown</Activity>
          <StopPointRef>090079683202</StopPointRef>
          <TimingStatus>PTP</TimingStatus>
        </To>
        <RunTime>PT3M</RunTime>
      </JourneyPatternTimingLink>
      <JourneyPatternTimingLink id="JPSection-1-SEC1-POS19">
        <From>
          <Activity>pickUpAndSetDown</Activity>
          <StopPointRef>090079683202</StopPointRef>
          <TimingStatus>PTP</TimingStatus>
        </From>
        <To>
          <Activity>pickUpAndSetDown</Activity>
          <StopPointRef>090079683378</StopPointRef>
          <TimingStatus>PTP</TimingStatus>
        </To>
        <RunTime>PT0M</RunTime>
      </JourneyPatternTimingLink>
      <JourneyPatternTimingLink id="JPSection-1-SEC1-POS20">
        <From>
          <Activity>pickUpAndSetDown</Activity>
          <StopPointRef>090079683378</StopPointRef>
          <TimingStatus>PTP</TimingStatus>
        </From>
        <To>
          <Activity>pickUpAndSetDown</Activity>
          <StopPointRef>090079684589</StopPointRef>
          <TimingStatus>PTP</TimingStatus>
        </To>
        <RunTime>PT1M</RunTime>
      </JourneyPatternTimingLink>
      <JourneyPatternTimingLink id="JPSection-1-SEC1-POS21">
        <From>
          <Activity>pickUpAndSetDown</Activity>
          <StopPointRef>090079684589</StopPointRef>
          <TimingStatus>PTP</TimingStatus>
        </From>
        <To>
          <Activity>pickUpAndSetDown</Activity>
          <StopPointRef>090079683204</StopPointRef>
          <TimingStatus>PTP</TimingStatus>
        </To>
        <RunTime>PT1M</RunTime>
      </JourneyPatternTimingLink>
      <JourneyPatternTimingLink id="JPSection-1-SEC1-POS22">
        <From>
          <Activity>pickUpAndSetDown</Activity>
          <StopPointRef>090079683204</StopPointRef>
          <TimingStatus>PTP</TimingStatus>
        </From>
        <To>
          <Activity>pickUpAndSetDown</Activity>
          <StopPointRef>090079684323</StopPointRef>
          <TimingStatus>PTP</TimingStatus>
        </To>
        <RunTime>PT0M</RunTime>
      </JourneyPatternTimingLink>
      <JourneyPatternTimingLink id="JPSection-1-SEC1-POS23">
        <From>
          <Activity>pickUpAndSetDown</Activity>
          <StopPointRef>090079684323</StopPointRef>
          <TimingStatus>PTP</TimingStatus>
        </From>
        <To>
          <Activity>pickUpAndSetDown</Activity>
          <StopPointRef>090079684586</StopPointRef>
          <TimingStatus>PTP</TimingStatus>
        </To>
        <RunTime>PT2M</RunTime>
      </JourneyPatternTimingLink>
      <JourneyPatternTimingLink id="JPSection-1-SEC1-POS24">
        <From>
          <Activity>pickUpAndSetDown</Activity>
          <StopPointRef>090079684586</StopPointRef>
          <TimingStatus>PTP</TimingStatus>
        </From>
        <To>
          <Activity>pickUpAndSetDown</Activity>
          <StopPointRef>090079683206</StopPointRef>
          <TimingStatus>PTP</TimingStatus>
        </To>
        <RunTime>PT5M</RunTime>
      </JourneyPatternTimingLink>
      <JourneyPatternTimingLink id="JPSection-1-SEC1-POS25">
        <From>
          <Activity>pickUpAndSetDown</Activity>
          <StopPointRef>090079683206</StopPointRef>
          <TimingStatus>PTP</TimingStatus>
        </From>
        <To>
          <Activity>pickUpAndSetDown</Activity>
          <StopPointRef>090079684858</StopPointRef>
          <TimingStatus>PTP</TimingStatus>
        </To>
        <RunTime>PT2M</RunTime>
      </JourneyPatternTimingLink>
      <JourneyPatternTimingLink id="JPSection-1-SEC1-POS26">
        <From>
          <Activity>pickUpAndSetDown</Activity>
          <StopPointRef>090079684858</StopPointRef>
          <TimingStatus>PTP</TimingStatus>
        </From>
        <To>
          <Activity>pickUpAndSetDown</Activity>
          <StopPointRef>090079682982</StopPointRef>
          <TimingStatus>PTP</TimingStatus>
        </To>
        <RunTime>PT3M</RunTime>
      </JourneyPatternTimingLink>
    </JourneyPatternSection>
    <JourneyPatternSection id="JPSection-2">
      <JourneyPatternTimingLink id="JPSection-2-SEC1-POS1">
        <From>
          <Activity>pickUp</Activity>
          <StopPointRef>090079683940</StopPointRef>
          <TimingStatus>PTP</TimingStatus>
        </From>
        <To>
          <Activity>pickUpAndSetDown</Activity>
          <StopPointRef>090079682844</StopPointRef>
          <TimingStatus>PTP</TimingStatus>
        </To>
        <RunTime>PT2M</RunTime>
      </JourneyPatternTimingLink>
      <JourneyPatternTimingLink id="JPSection-2-SEC1-POS2">
        <From>
          <Activity>pickUpAndSetDown</Activity>
          <StopPointRef>090079682844</StopPointRef>
          <TimingStatus>PTP</TimingStatus>
        </From>
        <To>
          <Activity>pickUpAndSetDown</Activity>
          <StopPointRef>090079680690</StopPointRef>
          <TimingStatus>PTP</TimingStatus>
        </To>
        <RunTime>PT4M</RunTime>
      </JourneyPatternTimingLink>
      <JourneyPatternTimingLink id="JPSection-2-SEC1-POS3">
        <From>
          <Activity>pickUpAndSetDown</Activity>
          <StopPointRef>090079680690</StopPointRef>
          <TimingStatus>PTP</TimingStatus>
        </From>
        <To>
          <Activity>pickUpAndSetDown</Activity>
          <StopPointRef>090079680691</StopPointRef>
          <TimingStatus>PTP</TimingStatus>
        </To>
        <RunTime>PT0M</RunTime>
      </JourneyPatternTimingLink>
      <JourneyPatternTimingLink id="JPSection-2-SEC1-POS4">
        <From>
          <Activity>pickUpAndSetDown</Activity>
          <StopPointRef>090079680691</StopPointRef>
          <TimingStatus>PTP</TimingStatus>
        </From>
        <To>
          <Activity>pickUpAndSetDown</Activity>
          <StopPointRef>090079682986</StopPointRef>
          <TimingStatus>PTP</TimingStatus>
        </To>
        <RunTime>PT0M</RunTime>
      </JourneyPatternTimingLink>
      <JourneyPatternTimingLink id="JPSection-2-SEC1-POS5">
        <From>
          <Activity>pickUpAndSetDown</Activity>
          <StopPointRef>090079682986</StopPointRef>
          <TimingStatus>PTP</TimingStatus>
        </From>
        <To>
          <Activity>pickUpAndSetDown</Activity>
          <StopPointRef>090079684187</StopPointRef>
          <TimingStatus>PTP</TimingStatus>
        </To>
        <RunTime>PT5M</RunTime>
      </JourneyPatternTimingLink>
      <JourneyPatternTimingLink id="JPSection-2-SEC1-POS6">
        <From>
          <Activity>pickUpAndSetDown</Activity>
          <StopPointRef>090079684187</StopPointRef>
          <TimingStatus>PTP</TimingStatus>
        </From>
        <To>
          <Activity>pickUpAndSetDown</Activity>
          <StopPointRef>090079684188</StopPointRef>
          <TimingStatus>PTP</TimingStatus>
        </To>
        <RunTime>PT2M</RunTime>
      </JourneyPatternTimingLink>
      <JourneyPatternTimingLink id="JPSection-2-SEC1-POS7">
        <From>
          <Activity>pickUpAndSetDown</Activity>
          <StopPointRef>090079684188</StopPointRef>
          <TimingStatus>PTP</TimingStatus>
        </From>
        <To>
          <Activity>pickUpAndSetDown</Activity>
          <StopPointRef>090079684189</StopPointRef>
          <TimingStatus>PTP</TimingStatus>
        </To>
        <RunTime>PT0M</RunTime>
      </JourneyPatternTimingLink>
      <JourneyPatternTimingLink id="JPSection-2-SEC1-POS8">
        <From>
          <Activity>pickUpAndSetDown</Activity>
          <StopPointRef>090079684189</StopPointRef>
          <TimingStatus>PTP</TimingStatus>
        </From>
        <To>
          <Activity>pickUpAndSetDown</Activity>
          <StopPointRef>090079684190</StopPointRef>
          <TimingStatus>PTP</TimingStatus>
        </To>
        <RunTime>PT0M</RunTime>
      </JourneyPatternTimingLink>
      <JourneyPatternTimingLink id="JPSection-2-SEC1-POS9">
        <From>
          <Activity>pickUpAndSetDown</Activity>
          <StopPointRef>090079684190</StopPointRef>
          <TimingStatus>PTP</TimingStatus>
        </From>
        <To>
          <Activity>pickUpAndSetDown</Activity>
          <StopPointRef>090079682257</StopPointRef>
          <TimingStatus>PTP</TimingStatus>
        </To>
        <RunTime>PT0M</RunTime>
      </JourneyPatternTimingLink>
      <JourneyPatternTimingLink id="JPSection-2-SEC1-POS10">
        <From>
          <Activity>pickUpAndSetDown</Activity>
          <StopPointRef>090079682257</StopPointRef>
          <TimingStatus>PTP</TimingStatus>
        </From>
        <To>
          <Activity>pickUpAndSetDown</Activity>
          <StopPointRef>090079683171</StopPointRef>
          <TimingStatus>PTP</TimingStatus>
        </To>
        <RunTime>PT0M</RunTime>
      </JourneyPatternTimingLink>
      <JourneyPatternTimingLink id="JPSection-2-SEC1-POS11">
        <From>
          <Activity>pickUpAndSetDown</Activity>
          <StopPointRef>090079683171</StopPointRef>
          <TimingStatus>PTP</TimingStatus>
        </From>
        <To>
          <Activity>pickUpAndSetDown</Activity>
          <StopPointRef>090079681490</StopPointRef>
          <TimingStatus>PTP</TimingStatus>
        </To>
        <RunTime>PT1M</RunTime>
      </JourneyPatternTimingLink>
      <JourneyPatternTimingLink id="JPSection-2-SEC1-POS12">
        <From>
          <Activity>pickUpAndSetDown</Activity>
          <StopPointRef>090079681490</StopPointRef>
          <TimingStatus>PTP</TimingStatus>
        </From>
        <To>
          <Activity>pickUpAndSetDown</Activity>
          <StopPointRef>090079684191</StopPointRef>
          <TimingStatus>PTP</TimingStatus>
        </To>
        <RunTime>PT0M</RunTime>
      </JourneyPatternTimingLink>
      <JourneyPatternTimingLink id="JPSection-2-SEC1-POS13">
        <From>
          <Activity>pickUpAndSetDown</Activity>
          <StopPointRef>090079684191</StopPointRef>
          <TimingStatus>PTP</TimingStatus>
        </From>
        <To>
          <Activity>pickUpAndSetDown</Activity>
          <StopPointRef>090079680701</StopPointRef>
          <TimingStatus>PTP</TimingStatus>
        </To>
        <RunTime>PT1M</RunTime>
      </JourneyPatternTimingLink>
      <JourneyPatternTimingLink id="JPSection-2-SEC1-POS14">
        <From>
          <Activity>pickUpAndSetDown</Activity>
          <StopPointRef>090079680701</StopPointRef>
          <TimingStatus>PTP</TimingStatus>
        </From>
        <To>
          <Activity>pickUpAndSetDown</Activity>
          <StopPointRef>090079680703</StopPointRef>
          <TimingStatus>PTP</TimingStatus>
        </To>
        <RunTime>PT0M</RunTime>
      </JourneyPatternTimingLink>
      <JourneyPatternTimingLink id="JPSection-2-SEC1-POS15">
        <From>
          <Activity>pickUpAndSetDown</Activity>
          <StopPointRef>090079680703</StopPointRef>
          <TimingStatus>PTP</TimingStatus>
        </From>
        <To>
          <Activity>pickUpAndSetDown</Activity>
          <StopPointRef>090079684192</StopPointRef>
          <TimingStatus>PTP</TimingStatus>
        </To>
        <RunTime>PT1M</RunTime>
      </JourneyPatternTimingLink>
      <JourneyPatternTimingLink id="JPSection-2-SEC1-POS16">
        <From>
          <Activity>pickUpAndSetDown</Activity>
          <StopPointRef>090079684192</StopPointRef>
          <TimingStatus>PTP</TimingStatus>
        </From>
        <To>
          <Activity>pickUpAndSetDown</Activity>
          <StopPointRef>090079684193</StopPointRef>
          <TimingStatus>PTP</TimingStatus>
        </To>
        <RunTime>PT5M</RunTime>
      </JourneyPatternTimingLink>
      <JourneyPatternTimingLink id="JPSection-2-SEC1-POS17">
        <From>
          <Activity>pickUpAndSetDown</Activity>
          <StopPointRef>090079684193</StopPointRef>
          <TimingStatus>PTP</TimingStatus>
        </From>
        <To>
          <Activity>pickUpAndSetDown</Activity>
          <StopPointRef>090079683201</StopPointRef>
          <TimingStatus>PTP</TimingStatus>
        </To>
        <RunTime>PT1M</RunTime>
      </JourneyPatternTimingLink>
      <JourneyPatternTimingLink id="JPSection-2-SEC1-POS18">
        <From>
          <Activity>pickUpAndSetDown</Activity>
          <StopPointRef>090079683201</StopPointRef>
          <TimingStatus>PTP</TimingStatus>
        </From>
        <To>
          <Activity>pickUpAndSetDown</Activity>
          <StopPointRef>090079683202</StopPointRef>
          <TimingStatus>PTP</TimingStatus>
        </To>
        <RunTime>PT3M</RunTime>
      </JourneyPatternTimingLink>
      <JourneyPatternTimingLink id="JPSection-2-SEC1-POS19">
        <From>
          <Activity>pickUpAndSetDown</Activity>
          <StopPointRef>090079683202</StopPointRef>
          <TimingStatus>PTP</TimingStatus>
        </From>
        <To>
          <Activity>pickUpAndSetDown</Activity>
          <StopPointRef>090079683378</StopPointRef>
          <TimingStatus>PTP</TimingStatus>
        </To>
        <RunTime>PT0M</RunTime>
      </JourneyPatternTimingLink>
      <JourneyPatternTimingLink id="JPSection-2-SEC1-POS20">
        <From>
          <Activity>pickUpAndSetDown</Activity>
          <StopPointRef>090079683378</StopPointRef>
          <TimingStatus>PTP</TimingStatus>
        </From>
        <To>
          <Activity>pickUpAndSetDown</Activity>
          <StopPointRef>090079684589</StopPointRef>
          <TimingStatus>PTP</TimingStatus>
        </To>
        <RunTime>PT1M</RunTime>
      </JourneyPatternTimingLink>
      <JourneyPatternTimingLink id="JPSection-2-SEC1-POS21">
        <From>
          <Activity>pickUpAndSetDown</Activity>
          <StopPointRef>090079684589</StopPointRef>
          <TimingStatus>PTP</TimingStatus>
        </From>
        <To>
          <Activity>pickUpAndSetDown</Activity>
          <StopPointRef>090079683204</StopPointRef>
          <TimingStatus>PTP</TimingStatus>
        </To>
        <RunTime>PT1M</RunTime>
      </JourneyPatternTimingLink>
      <JourneyPatternTimingLink id="JPSection-2-SEC1-POS22">
        <From>
          <Activity>pickUpAndSetDown</Activity>
          <StopPointRef>090079683204</StopPointRef>
          <TimingStatus>PTP</TimingStatus>
        </From>
        <To>
          <Activity>pickUpAndSetDown</Activity>
          <StopPointRef>090079684323</StopPointRef>
          <TimingStatus>PTP</TimingStatus>
        </To>
        <RunTime>PT0M</RunTime>
      </JourneyPatternTimingLink>
      <JourneyPatternTimingLink id="JPSection-2-SEC1-POS23">
        <From>
          <Activity>pickUpAndSetDown</Activity>
          <StopPointRef>090079684323</StopPointRef>
          <TimingStatus>PTP</TimingStatus>
        </From>
        <To>
          <Activity>pickUpAndSetDown</Activity>
          <StopPointRef>090079684586</StopPointRef>
          <TimingStatus>PTP</TimingStatus>
        </To>
        <RunTime>PT2M</RunTime>
      </JourneyPatternTimingLink>
      <JourneyPatternTimingLink id="JPSection-2-SEC1-POS24">
        <From>
          <Activity>pickUpAndSetDown</Activity>
          <StopPointRef>090079684586</StopPointRef>
          <TimingStatus>PTP</TimingStatus>
        </From>
        <To>
          <Activity>pickUpAndSetDown</Activity>
          <StopPointRef>090079683206</StopPointRef>
          <TimingStatus>PTP</TimingStatus>
        </To>
        <RunTime>PT5M</RunTime>
      </JourneyPatternTimingLink>
      <JourneyPatternTimingLink id="JPSection-2-SEC1-POS25">
        <From>
          <Activity>pickUpAndSetDown</Activity>
          <StopPointRef>090079683206</StopPointRef>
          <TimingStatus>PTP</TimingStatus>
        </From>
        <To>
          <Activity>pickUpAndSetDown</Activity>
          <StopPointRef>090079684858</StopPointRef>
          <TimingStatus>PTP</TimingStatus>
        </To>
        <RunTime>PT2M</RunTime>
      </JourneyPatternTimingLink>
      <JourneyPatternTimingLink id="JPSection-2-SEC1-POS26">
        <From>
          <Activity>pickUpAndSetDown</Activity>
          <StopPointRef>090079684858</StopPointRef>
          <TimingStatus>PTP</TimingStatus>
        </From>
        <To>
          <Activity>pickUpAndSetDown</Activity>
          <StopPointRef>090079682982</StopPointRef>
          <TimingStatus>PTP</TimingStatus>
        </To>
        <RunTime>PT3M</RunTime>
      </JourneyPatternTimingLink>
    </JourneyPatternSection>
    <JourneyPatternSection id="JPSection-3">
      <JourneyPatternTimingLink id="JPSection-3-SEC1-POS27">
        <From>
          <Activity>pickUpAndSetDown</Activity>
          <StopPointRef>090079682982</StopPointRef>
          <TimingStatus>PTP</TimingStatus>
        </From>
        <To>
          <Activity>pickUpAndSetDown</Activity>
          <StopPointRef>090079680705</StopPointRef>
          <TimingStatus>PTP</TimingStatus>
        </To>
        <RunTime>PT4M</RunTime>
      </JourneyPatternTimingLink>
      <JourneyPatternTimingLink id="JPSection-3-SEC1-POS28">
        <From>
          <Activity>pickUpAndSetDown</Activity>
          <StopPointRef>090079680705</StopPointRef>
          <TimingStatus>PTP</TimingStatus>
        </From>
        <To>
          <Activity>pickUpAndSetDown</Activity>
          <StopPointRef>090079684859</StopPointRef>
          <TimingStatus>PTP</TimingStatus>
        </To>
        <RunTime>PT1M</RunTime>
      </JourneyPatternTimingLink>
      <JourneyPatternTimingLink id="JPSection-3-SEC1-POS29">
        <From>
          <Activity>pickUpAndSetDown</Activity>
          <StopPointRef>090079684859</StopPointRef>
          <TimingStatus>PTP</TimingStatus>
        </From>
        <To>
          <Activity>pickUpAndSetDown</Activity>
          <StopPointRef>090079684860</StopPointRef>
          <TimingStatus>PTP</TimingStatus>
        </To>
        <RunTime>PT1M</RunTime>
      </JourneyPatternTimingLink>
      <JourneyPatternTimingLink id="JPSection-3-SEC1-POS30">
        <From>
          <Activity>pickUpAndSetDown</Activity>
          <StopPointRef>090079684860</StopPointRef>
          <TimingStatus>PTP</TimingStatus>
        </From>
        <To>
          <Activity>pickUpAndSetDown</Activity>
          <StopPointRef>090079681359</StopPointRef>
          <TimingStatus>PTP</TimingStatus>
        </To>
        <RunTime>PT0M</RunTime>
      </JourneyPatternTimingLink>
      <JourneyPatternTimingLink id="JPSection-3-SEC1-POS31">
        <From>
          <Activity>pickUpAndSetDown</Activity>
          <StopPointRef>090079681359</StopPointRef>
          <TimingStatus>PTP</TimingStatus>
        </From>
        <To>
          <Activity>pickUpAndSetDown</Activity>
          <StopPointRef>090079683639</StopPointRef>
          <TimingStatus>PTP</TimingStatus>
        </To>
        <RunTime>PT1M</RunTime>
      </JourneyPatternTimingLink>
      <JourneyPatternTimingLink id="JPSection-3-SEC1-POS32">
        <From>
          <Activity>pickUpAndSetDown</Activity>
          <StopPointRef>090079683639</StopPointRef>
          <TimingStatus>PTP</TimingStatus>
        </From>
        <To>
          <Activity>setDown</Activity>
          <StopPointRef>090079683940</StopPointRef>
          <TimingStatus>PTP</TimingStatus>
        </To>
        <RunTime>PT3M</RunTime>
      </JourneyPatternTimingLink>
    </JourneyPatternSection>
    <JourneyPatternSection id="JPSection-4">
      <JourneyPatternTimingLink id="JPSection-4-SEC1-POS27">
        <From>
          <Activity>pickUpAndSetDown</Activity>
          <StopPointRef>090079682982</StopPointRef>
          <TimingStatus>PTP</TimingStatus>
        </From>
        <To>
          <Activity>pickUpAndSetDown</Activity>
          <StopPointRef>090079680705</StopPointRef>
          <TimingStatus>PTP</TimingStatus>
        </To>
        <RunTime>PT4M</RunTime>
      </JourneyPatternTimingLink>
      <JourneyPatternTimingLink id="JPSection-4-SEC1-POS28">
        <From>
          <Activity>pickUpAndSetDown</Activity>
          <StopPointRef>090079680705</StopPointRef>
          <TimingStatus>PTP</TimingStatus>
        </From>
        <To>
          <Activity>pickUpAndSetDown</Activity>
          <StopPointRef>090079684859</StopPointRef>
          <TimingStatus>PTP</TimingStatus>
        </To>
        <RunTime>PT1M</RunTime>
      </JourneyPatternTimingLink>
      <JourneyPatternTimingLink id="JPSection-4-SEC1-POS29">
        <From>
          <Activity>pickUpAndSetDown</Activity>
          <StopPointRef>090079684859</StopPointRef>
          <TimingStatus>PTP</TimingStatus>
        </From>
        <To>
          <Activity>pickUpAndSetDown</Activity>
          <StopPointRef>090079684860</StopPointRef>
          <TimingStatus>PTP</TimingStatus>
        </To>
        <RunTime>PT1M</RunTime>
      </JourneyPatternTimingLink>
      <JourneyPatternTimingLink id="JPSection-4-SEC1-POS30">
        <From>
          <Activity>pickUpAndSetDown</Activity>
          <StopPointRef>090079684860</StopPointRef>
          <TimingStatus>PTP</TimingStatus>
        </From>
        <To>
          <Activity>pickUpAndSetDown</Activity>
          <StopPointRef>090079681359</StopPointRef>
          <TimingStatus>PTP</TimingStatus>
        </To>
        <RunTime>PT0M</RunTime>
      </JourneyPatternTimingLink>
      <JourneyPatternTimingLink id="JPSection-4-SEC1-POS31">
        <From>
          <Activity>pickUpAndSetDown</Activity>
          <StopPointRef>090079681359</StopPointRef>
          <TimingStatus>PTP</TimingStatus>
        </From>
        <To>
          <Activity>pickUpAndSetDown</Activity>
          <StopPointRef>090079683639</StopPointRef>
          <TimingStatus>PTP</TimingStatus>
        </To>
        <RunTime>PT1M</RunTime>
      </JourneyPatternTimingLink>
      <JourneyPatternTimingLink id="JPSection-4-SEC1-POS32">
        <From>
          <Activity>pickUpAndSetDown</Activity>
          <StopPointRef>090079683639</StopPointRef>
          <TimingStatus>PTP</TimingStatus>
        </From>
        <To>
          <Activity>setDown</Activity>
          <StopPointRef>090079683940</StopPointRef>
          <TimingStatus>PTP</TimingStatus>
        </To>
        <RunTime>PT3M</RunTime>
      </JourneyPatternTimingLink>
    </JourneyPatternSection>
    <JourneyPatternSection id="JPSection-5">
      <JourneyPatternTimingLink id="JPSection-5-SEC1-POS1">
        <From>
          <Activity>pickUp</Activity>
          <StopPointRef>090079683940</StopPointRef>
          <TimingStatus>PTP</TimingStatus>
        </From>
        <To>
          <Activity>pickUpAndSetDown</Activity>
          <StopPointRef>090079682844</StopPointRef>
          <TimingStatus>PTP</TimingStatus>
        </To>
        <RunTime>PT2M</RunTime>
      </JourneyPatternTimingLink>
      <JourneyPatternTimingLink id="JPSection-5-SEC2-POS33">
        <From>
          <Activity>pickUpAndSetDown</Activity>
          <StopPointRef>090079682844</StopPointRef>
          <TimingStatus>PTP</TimingStatus>
        </From>
        <To>
          <Activity>setDown</Activity>
          <StopPointRef>090079682986</StopPointRef>
          <TimingStatus>PTP</TimingStatus>
        </To>
        <RunTime>PT4M</RunTime>
      </JourneyPatternTimingLink>
    </JourneyPatternSection>
    <JourneyPatternSection id="JPSection-6">
      <JourneyPatternTimingLink id="JPSection-6-SEC1-POS1">
        <From>
          <Activity>pickUp</Activity>
          <StopPointRef>090079683940</StopPointRef>
          <TimingStatus>PTP</TimingStatus>
        </From>
        <To>
          <Activity>pickUpAndSetDown</Activity>
          <StopPointRef>090079682844</StopPointRef>
          <TimingStatus>PTP</TimingStatus>
        </To>
        <RunTime>PT2M</RunTime>
      </JourneyPatternTimingLink>
      <JourneyPatternTimingLink id="JPSection-6-SEC2-POS33">
        <From>
          <Activity>pickUpAndSetDown</Activity>
          <StopPointRef>090079682844</StopPointRef>
          <TimingStatus>PTP</TimingStatus>
        </From>
        <To>
          <Activity>setDown</Activity>
          <StopPointRef>090079682986</StopPointRef>
          <TimingStatus>PTP</TimingStatus>
        </To>
        <RunTime>PT4M</RunTime>
      </JourneyPatternTimingLink>
    </JourneyPatternSection>
    <JourneyPatternSection id="JPSection-7">
      <JourneyPatternTimingLink id="JPSection-7-SEC3-POS34">
        <From>
          <Activity>pickUp</Activity>
          <StopPointRef>090079683940</StopPointRef>
          <TimingStatus>PTP</TimingStatus>
        </From>
        <To>
          <Activity>pickUpAndSetDown</Activity>
          <StopPointRef>090079684187</StopPointRef>
          <TimingStatus>PTP</TimingStatus>
        </To>
        <RunTime>PT7M</RunTime>
      </JourneyPatternTimingLink>
      <JourneyPatternTimingLink id="JPSection-7-SEC1-POS6">
        <From>
          <Activity>pickUpAndSetDown</Activity>
          <StopPointRef>090079684187</StopPointRef>
          <TimingStatus>PTP</TimingStatus>
        </From>
        <To>
          <Activity>pickUpAndSetDown</Activity>
          <StopPointRef>090079684188</StopPointRef>
          <TimingStatus>PTP</TimingStatus>
        </To>
        <RunTime>PT2M</RunTime>
      </JourneyPatternTimingLink>
      <JourneyPatternTimingLink id="JPSection-7-SEC1-POS7">
        <From>
          <Activity>pickUpAndSetDown</Activity>
          <StopPointRef>090079684188</StopPointRef>
          <TimingStatus>PTP</TimingStatus>
        </From>
        <To>
          <Activity>pickUpAndSetDown</Activity>
          <StopPointRef>090079684189</StopPointRef>
          <TimingStatus>PTP</TimingStatus>
        </To>
        <RunTime>PT0M</RunTime>
      </JourneyPatternTimingLink>
      <JourneyPatternTimingLink id="JPSection-7-SEC1-POS8">
        <From>
          <Activity>pickUpAndSetDown</Activity>
          <StopPointRef>090079684189</StopPointRef>
          <TimingStatus>PTP</TimingStatus>
        </From>
        <To>
          <Activity>pickUpAndSetDown</Activity>
          <StopPointRef>090079684190</StopPointRef>
          <TimingStatus>PTP</TimingStatus>
        </To>
        <RunTime>PT0M</RunTime>
      </JourneyPatternTimingLink>
      <JourneyPatternTimingLink id="JPSection-7-SEC3-POS35">
        <From>
          <Activity>pickUpAndSetDown</Activity>
          <StopPointRef>090079684190</StopPointRef>
          <TimingStatus>PTP</TimingStatus>
        </From>
        <To>
          <Activity>pickUpAndSetDown</Activity>
          <StopPointRef>090079683171</StopPointRef>
          <TimingStatus>PTP</TimingStatus>
        </To>
        <RunTime>PT0M</RunTime>
      </JourneyPatternTimingLink>
      <JourneyPatternTimingLink id="JPSection-7-SEC3-POS36">
        <From>
          <Activity>pickUpAndSetDown</Activity>
          <StopPointRef>090079683171</StopPointRef>
          <TimingStatus>PTP</TimingStatus>
        </From>
        <To>
          <Activity>pickUpAndSetDown</Activity>
          <StopPointRef>090079682257</StopPointRef>
          <TimingStatus>PTP</TimingStatus>
        </To>
        <RunTime>PT0M</RunTime>
      </JourneyPatternTimingLink>
      <JourneyPatternTimingLink id="JPSection-7-SEC3-POS37">
        <From>
          <Activity>pickUpAndSetDown</Activity>
          <StopPointRef>090079682257</StopPointRef>
          <TimingStatus>PTP</TimingStatus>
        </From>
        <To>
          <Activity>pickUpAndSetDown</Activity>
          <StopPointRef>090079681490</StopPointRef>
          <TimingStatus>PTP</TimingStatus>
        </To>
        <RunTime>PT1M</RunTime>
      </JourneyPatternTimingLink>
      <JourneyPatternTimingLink id="JPSection-7-SEC1-POS12">
        <From>
          <Activity>pickUpAndSetDown</Activity>
          <StopPointRef>090079681490</StopPointRef>
          <TimingStatus>PTP</TimingStatus>
        </From>
        <To>
          <Activity>pickUpAndSetDown</Activity>
          <StopPointRef>090079684191</StopPointRef>
          <TimingStatus>PTP</TimingStatus>
        </To>
        <RunTime>PT0M</RunTime>
      </JourneyPatternTimingLink>
      <JourneyPatternTimingLink id="JPSection-7-SEC1-POS13">
        <From>
          <Activity>pickUpAndSetDown</Activity>
          <StopPointRef>090079684191</StopPointRef>
          <TimingStatus>PTP</TimingStatus>
        </From>
        <To>
          <Activity>pickUpAndSetDown</Activity>
          <StopPointRef>090079680701</StopPointRef>
          <TimingStatus>PTP</TimingStatus>
        </To>
        <RunTime>PT1M</RunTime>
      </JourneyPatternTimingLink>
      <JourneyPatternTimingLink id="JPSection-7-SEC1-POS14">
        <From>
          <Activity>pickUpAndSetDown</Activity>
          <StopPointRef>090079680701</StopPointRef>
          <TimingStatus>PTP</TimingStatus>
        </From>
        <To>
          <Activity>pickUpAndSetDown</Activity>
          <StopPointRef>090079680703</StopPointRef>
          <TimingStatus>PTP</TimingStatus>
        </To>
        <RunTime>PT0M</RunTime>
      </JourneyPatternTimingLink>
      <JourneyPatternTimingLink id="JPSection-7-SEC1-POS15">
        <From>
          <Activity>pickUpAndSetDown</Activity>
          <StopPointRef>090079680703</StopPointRef>
          <TimingStatus>PTP</TimingStatus>
        </From>
        <To>
          <Activity>pickUpAndSetDown</Activity>
          <StopPointRef>090079684192</StopPointRef>
          <TimingStatus>PTP</TimingStatus>
        </To>
        <RunTime>PT1M</RunTime>
      </JourneyPatternTimingLink>
      <JourneyPatternTimingLink id="JPSection-7-SEC1-POS16">
        <From>
          <Activity>pickUpAndSetDown</Activity>
          <StopPointRef>090079684192</StopPointRef>
          <TimingStatus>PTP</TimingStatus>
        </From>
        <To>
          <Activity>pickUpAndSetDown</Activity>
          <StopPointRef>090079684193</StopPointRef>
          <TimingStatus>PTP</TimingStatus>
        </To>
        <RunTime>PT5M</RunTime>
      </JourneyPatternTimingLink>
      <JourneyPatternTimingLink id="JPSection-7-SEC1-POS17">
        <From>
          <Activity>pickUpAndSetDown</Activity>
          <StopPointRef>090079684193</StopPointRef>
          <TimingStatus>PTP</TimingStatus>
        </From>
        <To>
          <Activity>pickUpAndSetDown</Activity>
          <StopPointRef>090079683201</StopPointRef>
          <TimingStatus>PTP</TimingStatus>
        </To>
        <RunTime>PT1M</RunTime>
      </JourneyPatternTimingLink>
      <JourneyPatternTimingLink id="JPSection-7-SEC3-POS38">
        <From>
          <Activity>pickUpAndSetDown</Activity>
          <StopPointRef>090079683201</StopPointRef>
          <TimingStatus>PTP</TimingStatus>
        </From>
        <To>
          <Activity>pickUpAndSetDown</Activity>
          <StopPointRef>090079684587</StopPointRef>
          <TimingStatus>PTP</TimingStatus>
        </To>
        <RunTime>PT0M</RunTime>
      </JourneyPatternTimingLink>
      <JourneyPatternTimingLink id="JPSection-7-SEC3-POS39">
        <From>
          <Activity>pickUpAndSetDown</Activity>
          <StopPointRef>090079684587</StopPointRef>
          <TimingStatus>PTP</TimingStatus>
        </From>
        <To>
          <Activity>pickUpAndSetDown</Activity>
          <StopPointRef>090079683378</StopPointRef>
          <TimingStatus>PTP</TimingStatus>
        </To>
        <RunTime>PT3M</RunTime>
      </JourneyPatternTimingLink>
      <JourneyPatternTimingLink id="JPSection-7-SEC3-POS40">
        <From>
          <Activity>pickUpAndSetDown</Activity>
          <StopPointRef>090079683378</StopPointRef>
          <TimingStatus>PTP</TimingStatus>
        </From>
        <To>
          <Activity>pickUpAndSetDown</Activity>
          <StopPointRef>090079683202</StopPointRef>
          <TimingStatus>PTP</TimingStatus>
        </To>
        <RunTime>PT0M</RunTime>
      </JourneyPatternTimingLink>
      <JourneyPatternTimingLink id="JPSection-7-SEC3-POS41">
        <From>
          <Activity>pickUpAndSetDown</Activity>
          <StopPointRef>090079683202</StopPointRef>
          <TimingStatus>PTP</TimingStatus>
        </From>
        <To>
          <Activity>pickUpAndSetDown</Activity>
          <StopPointRef>090079684589</StopPointRef>
          <TimingStatus>PTP</TimingStatus>
        </To>
        <RunTime>PT1M</RunTime>
      </JourneyPatternTimingLink>
      <JourneyPatternTimingLink id="JPSection-7-SEC1-POS21">
        <From>
          <Activity>pickUpAndSetDown</Activity>
          <StopPointRef>090079684589</StopPointRef>
          <TimingStatus>PTP</TimingStatus>
        </From>
        <To>
          <Activity>pickUpAndSetDown</Activity>
          <StopPointRef>090079683204</StopPointRef>
          <TimingStatus>PTP</TimingStatus>
        </To>
        <RunTime>PT1M</RunTime>
      </JourneyPatternTimingLink>
      <JourneyPatternTimingLink id="JPSection-7-SEC1-POS22">
        <From>
          <Activity>pickUpAndSetDown</Activity>
          <StopPointRef>090079683204</StopPointRef>
          <TimingStatus>PTP</TimingStatus>
        </From>
        <To>
          <Activity>pickUpAndSetDown</Activity>
          <StopPointRef>090079684323</StopPointRef>
          <TimingStatus>PTP</TimingStatus>
        </To>
        <RunTime>PT0M</RunTime>
      </JourneyPatternTimingLink>
      <JourneyPatternTimingLink id="JPSection-7-SEC1-POS23">
        <From>
          <Activity>pickUpAndSetDown</Activity>
          <StopPointRef>090079684323</StopPointRef>
          <TimingStatus>PTP</TimingStatus>
        </From>
        <To>
          <Activity>pickUpAndSetDown</Activity>
          <StopPointRef>090079684586</StopPointRef>
          <TimingStatus>PTP</TimingStatus>
        </To>
        <RunTime>PT2M</RunTime>
      </JourneyPatternTimingLink>
      <JourneyPatternTimingLink id="JPSection-7-SEC1-POS24">
        <From>
          <Activity>pickUpAndSetDown</Activity>
          <StopPointRef>090079684586</StopPointRef>
          <TimingStatus>PTP</TimingStatus>
        </From>
        <To>
          <Activity>pickUpAndSetDown</Activity>
          <StopPointRef>090079683206</StopPointRef>
          <TimingStatus>PTP</TimingStatus>
        </To>
        <RunTime>PT5M</RunTime>
      </JourneyPatternTimingLink>
      <JourneyPatternTimingLink id="JPSection-7-SEC1-POS25">
        <From>
          <Activity>pickUpAndSetDown</Activity>
          <StopPointRef>090079683206</StopPointRef>
          <TimingStatus>PTP</TimingStatus>
        </From>
        <To>
          <Activity>pickUpAndSetDown</Activity>
          <StopPointRef>090079684858</StopPointRef>
          <TimingStatus>PTP</TimingStatus>
        </To>
        <RunTime>PT2M</RunTime>
      </JourneyPatternTimingLink>
      <JourneyPatternTimingLink id="JPSection-7-SEC1-POS26">
        <From>
          <Activity>pickUpAndSetDown</Activity>
          <StopPointRef>090079684858</StopPointRef>
          <TimingStatus>PTP</TimingStatus>
        </From>
        <To>
          <Activity>pickUpAndSetDown</Activity>
          <StopPointRef>090079682982</StopPointRef>
          <TimingStatus>PTP</TimingStatus>
        </To>
        <RunTime>PT3M</RunTime>
      </JourneyPatternTimingLink>
    </JourneyPatternSection>
    <JourneyPatternSection id="JPSection-8">
      <JourneyPatternTimingLink id="JPSection-8-SEC4-POS42">
        <From>
          <Activity>pickUpAndSetDown</Activity>
          <StopPointRef>090079682986</StopPointRef>
          <TimingStatus>PTP</TimingStatus>
        </From>
        <To>
          <Activity>pickUpAndSetDown</Activity>
          <StopPointRef>090079682982</StopPointRef>
          <TimingStatus>PTP</TimingStatus>
        </To>
        <RunTime>PT4M</RunTime>
      </JourneyPatternTimingLink>
      <JourneyPatternTimingLink id="JPSection-8-SEC4-POS43">
        <From>
          <Activity>pickUpAndSetDown</Activity>
          <StopPointRef>090079682982</StopPointRef>
          <TimingStatus>PTP</TimingStatus>
        </From>
        <To>
          <Activity>setDown</Activity>
          <StopPointRef>090079680705</StopPointRef>
          <TimingStatus>PTP</TimingStatus>
        </To>
        <RunTime>PT1M</RunTime>
      </JourneyPatternTimingLink>
    </JourneyPatternSection>
    <JourneyPatternSection id="JPSection-9">
      <JourneyPatternTimingLink id="JPSection-9-SEC5-POS44">
        <From>
          <Activity>pickUpAndSetDown</Activity>
          <StopPointRef>090079682982</StopPointRef>
          <TimingStatus>PTP</TimingStatus>
        </From>
        <To>
          <Activity>setDown</Activity>
          <StopPointRef>090079683940</StopPointRef>
          <TimingStatus>PTP</TimingStatus>
        </To>
        <RunTime>PT5M</RunTime>
      </JourneyPatternTimingLink>
    </JourneyPatternSection>
  </JourneyPatternSections>
  <Operators>
    <Operator id="OId_BPH">
      <NationalOperatorCode>BPHI</NationalOperatorCode>
      <OperatorCode>BPH</OperatorCode>
      <OperatorShortName>BPH</OperatorShortName>
    </Operator>
  </Operators>
  <Services>
    <Service>
      <ServiceCode>NW_03_BPH_X70_1</ServiceCode>
      <Lines>
        <Line id="l_X70_BPH">
          <LineName>X70</LineName>
        </Line>
      </Lines>
      <OperatingPeriod>
        <StartDate>2017-01-03</StartDate>
        <EndDate>2017-12-24</EndDate>
      </OperatingPeriod>
      <RegisteredOperatorRef>OId_BPH</RegisteredOperatorRef>
      <StopRequirements>
        <NoNewStopsRequired />
      </StopRequirements>
      <Mode>bus</Mode>
      <Description>North Ulverston - North Ulverston</Description>
      <StandardService>
        <Origin>North Ulverston</Origin>
        <Destination>North Ulverston</Destination>
        <JourneyPattern id="JP739">
          <Direction>inbound</Direction>
          <JourneyPatternSectionRefs>JPSection-1</JourneyPatternSectionRefs>
          <JourneyPatternSectionRefs>JPSection-3</JourneyPatternSectionRefs>
        </JourneyPattern>
        <JourneyPattern id="JP4223">
          <Direction>inbound</Direction>
          <JourneyPatternSectionRefs>JPSection-5</JourneyPatternSectionRefs>
        </JourneyPattern>
        <JourneyPattern id="JP4378">
          <Direction>inbound</Direction>
          <JourneyPatternSectionRefs>JPSection-7</JourneyPatternSectionRefs>
          <JourneyPatternSectionRefs>JPSection-4</JourneyPatternSectionRefs>
        </JourneyPattern>
        <JourneyPattern id="JP6017">
          <Direction>inbound</Direction>
          <JourneyPatternSectionRefs>JPSection-6</JourneyPatternSectionRefs>
          <JourneyPatternSectionRefs>JPSection-8</JourneyPatternSectionRefs>
        </JourneyPattern>
        <JourneyPattern id="JP6421">
          <Direction>inbound</Direction>
          <JourneyPatternSectionRefs>JPSection-2</JourneyPatternSectionRefs>
          <JourneyPatternSectionRefs>JPSection-9</JourneyPatternSectionRefs>
        </JourneyPattern>
      </StandardService>
    </Service>
  </Services>
  <VehicleJourneys>
    <VehicleJourney>
      <PrivateCode>297346</PrivateCode>
      <Operational>
        <VehicleType>
          <VehicleTypeCode>LwFlrBs</VehicleTypeCode>
          <Description>LwFlrBs</Description>
        </VehicleType>
      </Operational>
      <OperatingProfile>
        <RegularDayType>
          <DaysOfWeek>
            <MondayToFriday />
          </DaysOfWeek>
        </RegularDayType>
        <BankHolidayOperation>
          <DaysOfNonOperation>
            <AllBankHolidays />
          </DaysOfNonOperation>
        </BankHolidayOperation>
      </OperatingProfile>
      <VehicleJourneyCode>297346</VehicleJourneyCode>
      <ServiceRef>NW_03_BPH_X70_1</ServiceRef>
      <LineRef>l_X70_BPH</LineRef>
      <JourneyPatternRef>JP739</JourneyPatternRef>
      <DepartureTime>12:21:00</DepartureTime>
    </VehicleJourney>
    <VehicleJourney>
      <PrivateCode>297345</PrivateCode>
      <Operational>
        <VehicleType>
          <VehicleTypeCode>LwFlrBs</VehicleTypeCode>
          <Description>LwFlrBs</Description>
        </VehicleType>
      </Operational>
      <OperatingProfile>
        <RegularDayType>
          <DaysOfWeek>
            <MondayToFriday />
          </DaysOfWeek>
        </RegularDayType>
        <BankHolidayOperation>
          <DaysOfNonOperation>
            <AllBankHolidays />
          </DaysOfNonOperation>
        </BankHolidayOperation>
      </OperatingProfile>
      <VehicleJourneyCode>297345</VehicleJourneyCode>
      <ServiceRef>NW_03_BPH_X70_1</ServiceRef>
      <LineRef>l_X70_BPH</LineRef>
      <JourneyPatternRef>JP4223</JourneyPatternRef>
      <DepartureTime>10:21:00</DepartureTime>
    </VehicleJourney>
    <VehicleJourney>
      <PrivateCode>297344</PrivateCode>
      <Operational>
        <VehicleType>
          <VehicleTypeCode>LwFlrBs</VehicleTypeCode>
          <Description>LwFlrBs</Description>
        </VehicleType>
      </Operational>
      <OperatingProfile>
        <RegularDayType>
          <DaysOfWeek>
            <MondayToFriday />
          </DaysOfWeek>
        </RegularDayType>
        <BankHolidayOperation>
          <DaysOfNonOperation>
            <AllBankHolidays />
          </DaysOfNonOperation>
        </BankHolidayOperation>
      </OperatingProfile>
      <VehicleJourneyCode>297344</VehicleJourneyCode>
      <ServiceRef>NW_03_BPH_X70_1</ServiceRef>
      <LineRef>l_X70_BPH</LineRef>
      <JourneyPatternRef>JP4378</JourneyPatternRef>
      <DepartureTime>09:25:00</DepartureTime>
    </VehicleJourney>
    <VehicleJourney>
      <PrivateCode>297349</PrivateCode>
      <Operational>
        <VehicleType>
          <VehicleTypeCode>LwFlrBs</VehicleTypeCode>
          <Description>LwFlrBs</Description>
        </VehicleType>
      </Operational>
      <OperatingProfile>
        <RegularDayType>
          <DaysOfWeek>
            <MondayToFriday />
          </DaysOfWeek>
        </RegularDayType>
        <BankHolidayOperation>
          <DaysOfNonOperation>
            <AllBankHolidays />
          </DaysOfNonOperation>
        </BankHolidayOperation>
      </OperatingProfile>
      <VehicleJourneyCode>297349</VehicleJourneyCode>
      <ServiceRef>NW_03_BPH_X70_1</ServiceRef>
      <LineRef>l_X70_BPH</LineRef>
      <JourneyPatternRef>JP6017</JourneyPatternRef>
      <DepartureTime>13:55:00</DepartureTime>
    </VehicleJourney>
    <VehicleJourney>
      <PrivateCode>297347</PrivateCode>
      <Operational>
        <VehicleType>
          <VehicleTypeCode>LwFlrBs</VehicleTypeCode>
          <Description>LwFlrBs</Description>
        </VehicleType>
      </Operational>
      <OperatingProfile>
        <RegularDayType>
          <DaysOfWeek>
            <MondayToFriday />
          </DaysOfWeek>
        </RegularDayType>
        <BankHolidayOperation>
          <DaysOfNonOperation>
            <AllBankHolidays />
          </DaysOfNonOperation>
        </BankHolidayOperation>
      </OperatingProfile>
      <VehicleJourneyCode>297347</VehicleJourneyCode>
      <ServiceRef>NW_03_BPH_X70_1</ServiceRef>
      <LineRef>l_X70_BPH</LineRef>
      <VehicleJourneyRef>297346</VehicleJourneyRef>
      <DepartureTime>11:26:00</DepartureTime>
    </VehicleJourney>
    <VehicleJourney>
      <PrivateCode>297348</PrivateCode>
      <Operational>
        <VehicleType>
          <VehicleTypeCode>LwFlrBs</VehicleTypeCode>
          <Description>LwFlrBs</Description>
        </VehicleType>
      </Operational>
      <OperatingProfile>
        <RegularDayType>
          <DaysOfWeek>
            <MondayToFriday />
          </DaysOfWeek>
        </RegularDayType>
        <BankHolidayOperation>
          <DaysOfNonOperation>
            <AllBankHolidays />
          </DaysOfNonOperation>
        </BankHolidayOperation>
      </OperatingProfile>
      <VehicleJourneyCode>297348</VehicleJourneyCode>
      <ServiceRef>NW_03_BPH_X70_1</ServiceRef>
      <LineRef>l_X70_BPH</LineRef>
      <JourneyPatternRef>JP6421</JourneyPatternRef>
      <DepartureTime>13:11:00</DepartureTime>
    </VehicleJourney>
  </VehicleJourneys>
</TransXChange>