<?xml version="1.0" encoding="utf-8"?>
<TransXChange xmlns:xsd="http://www.w3.org/2001/XMLSchema" xmlns:xsi="http://www.w3.org/2001/XMLSchema-instance" xsi:schemaLocation="http://www.transxchange.org.uk/ http://www.transxchange.org.uk/schema/2.1/TransXChange_general.xsd" CreationDateTime="2017-09-21T11:29:35.7220945+01:00" ModificationDateTime="2017-09-21T11:29:35.7220945+01:00" Modification="new" RevisionNumber="1" FileName="TXC.xml" SchemaVersion="2.1" RegistrationDocument="false" xmlns="http://www.transxchange.org.uk/">
  <StopPoints>
    <AnnotatedStopPointRef>
      <StopPointRef>0610CH1009</StopPointRef>
      <CommonName>St Paul's Church</CommonName>
      <LocalityName>Boughton</LocalityName>
      <LocalityQualifier>Chester</LocalityQualifier>
    </AnnotatedStopPointRef>
    <AnnotatedStopPointRef>
      <StopPointRef>0610CH1010</StopPointRef>
      <CommonName>Health Centre</CommonName>
      <LocalityName>Boughton</LocalityName>
      <LocalityQualifier>Chester</LocalityQualifier>
    </AnnotatedStopPointRef>
    <AnnotatedStopPointRef>
      <StopPointRef>0610CH1011A</StopPointRef>
      <CommonName>St Paul's Church</CommonName>
      <LocalityName>Boughton</LocalityName>
      <LocalityQualifier>Chester</LocalityQualifier>
    </AnnotatedStopPointRef>
    <AnnotatedStopPointRef>
      <StopPointRef>0610VR163</StopPointRef>
      <CommonName>Cuddington Primary School</CommonName>
      <LocalityName>Sandiway</LocalityName>
      <LocalityQualifier>Sandiway</LocalityQualifier>
    </AnnotatedStopPointRef>
    <AnnotatedStopPointRef>
      <StopPointRef>0610VR164</StopPointRef>
      <CommonName>Cuddington Primary School</CommonName>
      <LocalityName>Sandiway</LocalityName>
      <LocalityQualifier>Sandiway</LocalityQualifier>
    </AnnotatedStopPointRef>
    <AnnotatedStopPointRef>
      <StopPointRef>0610VR162</StopPointRef>
      <CommonName>Shops</CommonName>
      <LocalityName>Sandiway</LocalityName>
      <LocalityQualifier>Sandiway</LocalityQualifier>
    </AnnotatedStopPointRef>
    <AnnotatedStopPointRef>
      <StopPointRef>0610VR19197</StopPointRef>
      <CommonName>Shops</CommonName>
      <LocalityName>Sandiway</LocalityName>
      <LocalityQualifier>Sandiway</LocalityQualifier>
    </AnnotatedStopPointRef>
    <AnnotatedStopPointRef>
      <StopPointRef>0610VR19231</StopPointRef>
      <CommonName>Cuddington School</CommonName>
      <LocalityName>Cuddington</LocalityName>
      <LocalityQualifier>Cuddington</LocalityQualifier>
    </AnnotatedStopPointRef>
    <AnnotatedStopPointRef>
      <StopPointRef>0610CH1011</StopPointRef>
      <CommonName>Health Centre</CommonName>
      <LocalityName>Boughton</LocalityName>
      <LocalityQualifier>Chester</LocalityQualifier>
    </AnnotatedStopPointRef>
    <AnnotatedStopPointRef>
      <StopPointRef>0610VR151</StopPointRef>
      <CommonName>Abbey Arms PH</CommonName>
      <LocalityName>Oakmere</LocalityName>
      <LocalityQualifier>Oakmere</LocalityQualifier>
    </AnnotatedStopPointRef>
    <AnnotatedStopPointRef>
      <StopPointRef>0610VR152</StopPointRef>
      <CommonName>Abbey Arms PH</CommonName>
      <LocalityName>Oakmere</LocalityName>
      <LocalityQualifier>Oakmere</LocalityQualifier>
    </AnnotatedStopPointRef>
    <AnnotatedStopPointRef>
      <StopPointRef>0610CH19053</StopPointRef>
      <CommonName>Chester Bus Interchange</CommonName>
      <LocalityName>Chester</LocalityName>
      <LocalityQualifier>Chester</LocalityQualifier>
    </AnnotatedStopPointRef>
    <AnnotatedStopPointRef>
      <StopPointRef>0610CH1239</StopPointRef>
      <CommonName>Ashton Lane</CommonName>
      <LocalityName>Tarvin</LocalityName>
      <LocalityQualifier>Tarvin</LocalityQualifier>
    </AnnotatedStopPointRef>
    <AnnotatedStopPointRef>
      <StopPointRef>0610CH1234</StopPointRef>
      <CommonName>Ashton Lane</CommonName>
      <LocalityName>Tarvin</LocalityName>
      <LocalityQualifier>Tarvin</LocalityQualifier>
    </AnnotatedStopPointRef>
    <AnnotatedStopPointRef>
      <StopPointRef>0610VR109</StopPointRef>
      <CommonName>Abbey Lane</CommonName>
      <LocalityName>Hartford</LocalityName>
      <LocalityQualifier>Northwich</LocalityQualifier>
    </AnnotatedStopPointRef>
    <AnnotatedStopPointRef>
      <StopPointRef>0610CHM116</StopPointRef>
      <CommonName>The Oak PH</CommonName>
      <LocalityName>Kelsall</LocalityName>
      <LocalityQualifier>Kelsall</LocalityQualifier>
    </AnnotatedStopPointRef>
    <AnnotatedStopPointRef>
      <StopPointRef>0610VR155</StopPointRef>
      <CommonName>Primary School</CommonName>
      <LocalityName>Delamere</LocalityName>
      <LocalityQualifier>Delamere</LocalityQualifier>
    </AnnotatedStopPointRef>
    <AnnotatedStopPointRef>
      <StopPointRef>0610CH508</StopPointRef>
      <CommonName>Farmers Arms PH</CommonName>
      <LocalityName>Kelsall</LocalityName>
      <LocalityQualifier>Kelsall</LocalityQualifier>
    </AnnotatedStopPointRef>
    <AnnotatedStopPointRef>
      <StopPointRef>0610CH546</StopPointRef>
      <CommonName>Sable Cottage</CommonName>
      <LocalityName>Kelsall</LocalityName>
      <LocalityQualifier>Kelsall</LocalityQualifier>
    </AnnotatedStopPointRef>
    <AnnotatedStopPointRef>
      <StopPointRef>0610CH547</StopPointRef>
      <CommonName>Old Bank Surgery</CommonName>
      <LocalityName>Kelsall</LocalityName>
      <LocalityQualifier>Kelsall</LocalityQualifier>
    </AnnotatedStopPointRef>
    <AnnotatedStopPointRef>
      <StopPointRef>0610VR118</StopPointRef>
      <CommonName>Cockpitt Lane</CommonName>
      <LocalityName>Sandiway</LocalityName>
      <LocalityQualifier>Sandiway</LocalityQualifier>
    </AnnotatedStopPointRef>
    <AnnotatedStopPointRef>
      <StopPointRef>0610VR144</StopPointRef>
      <CommonName>Shell Garage</CommonName>
      <LocalityName>Oakmere</LocalityName>
      <LocalityQualifier>Oakmere</LocalityQualifier>
    </AnnotatedStopPointRef>
    <AnnotatedStopPointRef>
      <StopPointRef>0610VR145</StopPointRef>
      <CommonName>Bookstore</CommonName>
      <LocalityName>Oakmere</LocalityName>
      <LocalityQualifier>Oakmere</LocalityQualifier>
    </AnnotatedStopPointRef>
    <AnnotatedStopPointRef>
      <StopPointRef>0610VR146</StopPointRef>
      <CommonName>Bookstore</CommonName>
      <LocalityName>Oakmere</LocalityName>
      <LocalityQualifier>Oakmere</LocalityQualifier>
    </AnnotatedStopPointRef>
    <AnnotatedStopPointRef>
      <StopPointRef>0610VR147</StopPointRef>
      <CommonName>Fourways Quarry</CommonName>
      <LocalityName>Oakmere</LocalityName>
      <LocalityQualifier>Oakmere</LocalityQualifier>
    </AnnotatedStopPointRef>
    <AnnotatedStopPointRef>
      <StopPointRef>0610VR148</StopPointRef>
      <CommonName>Fourways Quarry</CommonName>
      <LocalityName>Oakmere</LocalityName>
      <LocalityQualifier>Oakmere</LocalityQualifier>
    </AnnotatedStopPointRef>
    <AnnotatedStopPointRef>
      <StopPointRef>0610VR149</StopPointRef>
      <CommonName>Harrington Caravans</CommonName>
      <LocalityName>Oakmere</LocalityName>
      <LocalityQualifier>Oakmere</LocalityQualifier>
    </AnnotatedStopPointRef>
    <AnnotatedStopPointRef>
      <StopPointRef>0610VR105</StopPointRef>
      <CommonName>Hayes Park</CommonName>
      <LocalityName>Hartford</LocalityName>
      <LocalityQualifier>Northwich</LocalityQualifier>
    </AnnotatedStopPointRef>
    <AnnotatedStopPointRef>
      <StopPointRef>0610VR108</StopPointRef>
      <CommonName>Walnut Lane</CommonName>
      <LocalityName>Hartford</LocalityName>
      <LocalityQualifier>Northwich</LocalityQualifier>
    </AnnotatedStopPointRef>
    <AnnotatedStopPointRef>
      <StopPointRef>0610VR119</StopPointRef>
      <CommonName>Blue Cap Hotel</CommonName>
      <LocalityName>Sandiway</LocalityName>
      <LocalityQualifier>Sandiway</LocalityQualifier>
    </AnnotatedStopPointRef>
    <AnnotatedStopPointRef>
      <StopPointRef>0610CH1235</StopPointRef>
      <CommonName>Farmers Arms PH</CommonName>
      <LocalityName>Kelsall</LocalityName>
      <LocalityQualifier>Kelsall</LocalityQualifier>
    </AnnotatedStopPointRef>
    <AnnotatedStopPointRef>
      <StopPointRef>0610VR114</StopPointRef>
      <CommonName>Littledales Lane</CommonName>
      <LocalityName>Hartford</LocalityName>
      <LocalityQualifier>Northwich</LocalityQualifier>
    </AnnotatedStopPointRef>
    <AnnotatedStopPointRef>
      <StopPointRef>0610VR115</StopPointRef>
      <CommonName>Norley Road</CommonName>
      <LocalityName>Sandiway</LocalityName>
      <LocalityQualifier>Sandiway</LocalityQualifier>
    </AnnotatedStopPointRef>
    <AnnotatedStopPointRef>
      <StopPointRef>0610VR116</StopPointRef>
      <CommonName>Golf Club</CommonName>
      <LocalityName>Sandiway</LocalityName>
      <LocalityQualifier>Sandiway</LocalityQualifier>
    </AnnotatedStopPointRef>
    <AnnotatedStopPointRef>
      <StopPointRef>0610VR117</StopPointRef>
      <CommonName>Norley Road</CommonName>
      <LocalityName>Sandiway</LocalityName>
      <LocalityQualifier>Sandiway</LocalityQualifier>
    </AnnotatedStopPointRef>
    <AnnotatedStopPointRef>
      <StopPointRef>0610VR19146</StopPointRef>
      <CommonName>Hayes Park</CommonName>
      <LocalityName>Hartford</LocalityName>
      <LocalityQualifier>Northwich</LocalityQualifier>
    </AnnotatedStopPointRef>
    <AnnotatedStopPointRef>
      <StopPointRef>0610VR153</StopPointRef>
      <CommonName>St Peter's Church</CommonName>
      <LocalityName>Delamere</LocalityName>
      <LocalityQualifier>Delamere</LocalityQualifier>
    </AnnotatedStopPointRef>
    <AnnotatedStopPointRef>
      <StopPointRef>0610VR326</StopPointRef>
      <CommonName>Old Toll House</CommonName>
      <LocalityName>Delamere</LocalityName>
      <LocalityQualifier>Delamere</LocalityQualifier>
    </AnnotatedStopPointRef>
    <AnnotatedStopPointRef>
      <StopPointRef>0610CH1027</StopPointRef>
      <CommonName>Foregate Street Stop GG</CommonName>
      <LocalityName>Chester</LocalityName>
      <LocalityQualifier>Chester</LocalityQualifier>
    </AnnotatedStopPointRef>
    <AnnotatedStopPointRef>
      <StopPointRef>0610VR150</StopPointRef>
      <CommonName>Harrington Caravans</CommonName>
      <LocalityName>Oakmere</LocalityName>
      <LocalityQualifier>Oakmere</LocalityQualifier>
    </AnnotatedStopPointRef>
    <AnnotatedStopPointRef>
      <StopPointRef>0610VR154</StopPointRef>
      <CommonName>Primary School</CommonName>
      <LocalityName>Delamere</LocalityName>
      <LocalityQualifier>Delamere</LocalityQualifier>
    </AnnotatedStopPointRef>
    <AnnotatedStopPointRef>
      <StopPointRef>0610CH697</StopPointRef>
      <CommonName>Bramley Court</CommonName>
      <LocalityName>Kelsall</LocalityName>
      <LocalityQualifier>Kelsall</LocalityQualifier>
    </AnnotatedStopPointRef>
    <AnnotatedStopPointRef>
      <StopPointRef>0610CH698</StopPointRef>
      <CommonName>Bramley Court</CommonName>
      <LocalityName>Kelsall</LocalityName>
      <LocalityQualifier>Kelsall</LocalityQualifier>
    </AnnotatedStopPointRef>
    <AnnotatedStopPointRef>
      <StopPointRef>0610VR104</StopPointRef>
      <CommonName>Speedwell Cottages</CommonName>
      <LocalityName>Hartford</LocalityName>
      <LocalityQualifier>Northwich</LocalityQualifier>
    </AnnotatedStopPointRef>
    <AnnotatedStopPointRef>
      <StopPointRef>0610VR106</StopPointRef>
      <CommonName>Railway Station</CommonName>
      <LocalityName>Hartford</LocalityName>
      <LocalityQualifier>Northwich</LocalityQualifier>
    </AnnotatedStopPointRef>
    <AnnotatedStopPointRef>
      <StopPointRef>0610VR107</StopPointRef>
      <CommonName>Railway Station</CommonName>
      <LocalityName>Hartford</LocalityName>
      <LocalityQualifier>Northwich</LocalityQualifier>
    </AnnotatedStopPointRef>
    <AnnotatedStopPointRef>
      <StopPointRef>0610VR165</StopPointRef>
      <CommonName>Caravan Park</CommonName>
      <LocalityName>Sandiway</LocalityName>
      <LocalityQualifier>Sandiway</LocalityQualifier>
    </AnnotatedStopPointRef>
    <AnnotatedStopPointRef>
      <StopPointRef>0610VR166</StopPointRef>
      <CommonName>Caravan Park</CommonName>
      <LocalityName>Sandiway</LocalityName>
      <LocalityQualifier>Sandiway</LocalityQualifier>
    </AnnotatedStopPointRef>
    <AnnotatedStopPointRef>
      <StopPointRef>0610CH1227</StopPointRef>
      <CommonName>Holmfield</CommonName>
      <LocalityName>Tarvin</LocalityName>
      <LocalityQualifier>Tarvin</LocalityQualifier>
    </AnnotatedStopPointRef>
    <AnnotatedStopPointRef>
      <StopPointRef>0610CH1228</StopPointRef>
      <CommonName>Holmfield</CommonName>
      <LocalityName>Tarvin</LocalityName>
      <LocalityQualifier>Tarvin</LocalityQualifier>
    </AnnotatedStopPointRef>
    <AnnotatedStopPointRef>
      <StopPointRef>0610CH1230</StopPointRef>
      <CommonName>Grosvenor Road</CommonName>
      <LocalityName>Tarvin</LocalityName>
      <LocalityQualifier>Tarvin</LocalityQualifier>
    </AnnotatedStopPointRef>
    <AnnotatedStopPointRef>
      <StopPointRef>0610CH1231</StopPointRef>
      <CommonName>Grosvenor Road</CommonName>
      <LocalityName>Tarvin</LocalityName>
      <LocalityQualifier>Tarvin</LocalityQualifier>
    </AnnotatedStopPointRef>
    <AnnotatedStopPointRef>
      <StopPointRef>0610CH1243</StopPointRef>
      <CommonName>Hockenhull Lane</CommonName>
      <LocalityName>Tarvin</LocalityName>
      <LocalityQualifier>Tarvin</LocalityQualifier>
    </AnnotatedStopPointRef>
    <AnnotatedStopPointRef>
      <StopPointRef>0610CH1244</StopPointRef>
      <CommonName>Park Close</CommonName>
      <LocalityName>Tarvin</LocalityName>
      <LocalityQualifier>Tarvin</LocalityQualifier>
    </AnnotatedStopPointRef>
    <AnnotatedStopPointRef>
      <StopPointRef>0610CH507</StopPointRef>
      <CommonName>Red Lion PH</CommonName>
      <LocalityName>Tarvin</LocalityName>
      <LocalityQualifier>Tarvin</LocalityQualifier>
    </AnnotatedStopPointRef>
    <AnnotatedStopPointRef>
      <StopPointRef>0610CH1245</StopPointRef>
      <CommonName>Woodward Walk</CommonName>
      <LocalityName>Tarvin</LocalityName>
      <LocalityQualifier>Tarvin</LocalityQualifier>
    </AnnotatedStopPointRef>
    <AnnotatedStopPointRef>
      <StopPointRef>0610CH1246</StopPointRef>
      <CommonName>Londis Store</CommonName>
      <LocalityName>Tarvin</LocalityName>
      <LocalityQualifier>Tarvin</LocalityQualifier>
    </AnnotatedStopPointRef>
    <AnnotatedStopPointRef>
      <StopPointRef>0610VR1047</StopPointRef>
      <CommonName>Bowling Green Inn</CommonName>
      <LocalityName>Northwich</LocalityName>
      <LocalityQualifier>Northwich</LocalityQualifier>
    </AnnotatedStopPointRef>
    <AnnotatedStopPointRef>
      <StopPointRef>0610CH1233</StopPointRef>
      <CommonName>Pool Lane</CommonName>
      <LocalityName>Tarvin Sands</LocalityName>
      <LocalityQualifier>Tarvin Sands</LocalityQualifier>
    </AnnotatedStopPointRef>
    <AnnotatedStopPointRef>
      <StopPointRef>0610VR440</StopPointRef>
      <CommonName>Kingfisher Roundabout</CommonName>
      <LocalityName>Kingsmead</LocalityName>
      <LocalityQualifier>Northwich</LocalityQualifier>
    </AnnotatedStopPointRef>
    <AnnotatedStopPointRef>
      <StopPointRef>0610VR492</StopPointRef>
      <CommonName>Sir John Deane's College</CommonName>
      <LocalityName>Leftwich</LocalityName>
      <LocalityQualifier>Northwich</LocalityQualifier>
    </AnnotatedStopPointRef>
    <AnnotatedStopPointRef>
      <StopPointRef>0610VR1046</StopPointRef>
      <CommonName>Bowling Green Inn</CommonName>
      <LocalityName>Northwich</LocalityName>
      <LocalityQualifier>Northwich</LocalityQualifier>
    </AnnotatedStopPointRef>
    <AnnotatedStopPointRef>
      <StopPointRef>0610CH1240</StopPointRef>
      <CommonName>Shay Lane</CommonName>
      <LocalityName>Tarvin Sands</LocalityName>
      <LocalityQualifier>Tarvin Sands</LocalityQualifier>
    </AnnotatedStopPointRef>
    <AnnotatedStopPointRef>
      <StopPointRef>0610VR439</StopPointRef>
      <CommonName>Kingfisher Roundabout</CommonName>
      <LocalityName>Kingsmead</LocalityName>
      <LocalityQualifier>Northwich</LocalityQualifier>
    </AnnotatedStopPointRef>
    <AnnotatedStopPointRef>
      <StopPointRef>0610VR505</StopPointRef>
      <CommonName>Monarch Drive</CommonName>
      <LocalityName>Kingsmead</LocalityName>
      <LocalityQualifier>Northwich</LocalityQualifier>
    </AnnotatedStopPointRef>
    <AnnotatedStopPointRef>
      <StopPointRef>0610CH695</StopPointRef>
      <CommonName>Shay Lane</CommonName>
      <LocalityName>Tarvin Sands</LocalityName>
      <LocalityQualifier>Tarvin Sands</LocalityQualifier>
    </AnnotatedStopPointRef>
    <AnnotatedStopPointRef>
      <StopPointRef>0610VR493</StopPointRef>
      <CommonName>Sir John Deane's College</CommonName>
      <LocalityName>Leftwich</LocalityName>
      <LocalityQualifier>Northwich</LocalityQualifier>
    </AnnotatedStopPointRef>
    <AnnotatedStopPointRef>
      <StopPointRef>0610VR504</StopPointRef>
      <CommonName>Monarch Drive</CommonName>
      <LocalityName>Kingsmead</LocalityName>
      <LocalityQualifier>Northwich</LocalityQualifier>
    </AnnotatedStopPointRef>
    <AnnotatedStopPointRef>
      <StopPointRef>0610VR17296</StopPointRef>
      <CommonName>Weaverham Road</CommonName>
      <LocalityName>Sandiway</LocalityName>
      <LocalityQualifier>Sandiway</LocalityQualifier>
    </AnnotatedStopPointRef>
    <AnnotatedStopPointRef>
      <StopPointRef>0610VR1044</StopPointRef>
      <CommonName>Railway Arch</CommonName>
      <LocalityName>Northwich</LocalityName>
      <LocalityQualifier>Northwich</LocalityQualifier>
    </AnnotatedStopPointRef>
    <AnnotatedStopPointRef>
      <StopPointRef>0610VR1045</StopPointRef>
      <CommonName>Railway Arch</CommonName>
      <LocalityName>Northwich</LocalityName>
      <LocalityQualifier>Northwich</LocalityQualifier>
    </AnnotatedStopPointRef>
    <AnnotatedStopPointRef>
      <StopPointRef>0610VR161</StopPointRef>
      <CommonName>Weaverham Road</CommonName>
      <LocalityName>Sandiway</LocalityName>
      <LocalityQualifier>Sandiway</LocalityQualifier>
    </AnnotatedStopPointRef>
    <AnnotatedStopPointRef>
      <StopPointRef>0610VR415</StopPointRef>
      <CommonName>Waitrose</CommonName>
      <LocalityName>Northwich</LocalityName>
      <LocalityQualifier>Northwich</LocalityQualifier>
    </AnnotatedStopPointRef>
    <AnnotatedStopPointRef>
      <StopPointRef>0610CH1237</StopPointRef>
      <CommonName>Holly Farm</CommonName>
      <LocalityName>Kelsall</LocalityName>
      <LocalityQualifier>Kelsall</LocalityQualifier>
    </AnnotatedStopPointRef>
    <AnnotatedStopPointRef>
      <StopPointRef>0610CH1238</StopPointRef>
      <CommonName>Holly Farm</CommonName>
      <LocalityName>Kelsall</LocalityName>
      <LocalityQualifier>Kelsall</LocalityQualifier>
    </AnnotatedStopPointRef>
    <AnnotatedStopPointRef>
      <StopPointRef>0610VR484</StopPointRef>
      <CommonName>Interchange</CommonName>
      <LocalityName>Northwich</LocalityName>
      <LocalityQualifier>Northwich</LocalityQualifier>
    </AnnotatedStopPointRef>
    <AnnotatedStopPointRef>
      <StopPointRef>0610VR160</StopPointRef>
      <CommonName>Full Gospel Church</CommonName>
      <LocalityName>Sandiway</LocalityName>
      <LocalityQualifier>Sandiway</LocalityQualifier>
    </AnnotatedStopPointRef>
    <AnnotatedStopPointRef>
      <StopPointRef>0610VR189</StopPointRef>
      <CommonName>Whitehall Offices</CommonName>
      <LocalityName>Hartford</LocalityName>
      <LocalityQualifier>Northwich</LocalityQualifier>
    </AnnotatedStopPointRef>
    <AnnotatedStopPointRef>
      <StopPointRef>0610CH1225</StopPointRef>
      <CommonName>Cotton Lane</CommonName>
      <LocalityName>Stamford Bridge</LocalityName>
      <LocalityQualifier>Stamford Bridge</LocalityQualifier>
    </AnnotatedStopPointRef>
    <AnnotatedStopPointRef>
      <StopPointRef>0610CH1226</StopPointRef>
      <CommonName>Cotton Lane</CommonName>
      <LocalityName>Stamford Bridge</LocalityName>
      <LocalityQualifier>Stamford Bridge</LocalityQualifier>
    </AnnotatedStopPointRef>
    <AnnotatedStopPointRef>
      <StopPointRef>0610CH1028</StopPointRef>
      <CommonName>Steam Mill Street</CommonName>
      <LocalityName>Boughton</LocalityName>
      <LocalityQualifier>Chester</LocalityQualifier>
    </AnnotatedStopPointRef>
    <AnnotatedStopPointRef>
      <StopPointRef>0610CH17486</StopPointRef>
      <CommonName>Wicker Lane</CommonName>
      <LocalityName>Littleton</LocalityName>
      <LocalityQualifier>Littleton</LocalityQualifier>
    </AnnotatedStopPointRef>
    <AnnotatedStopPointRef>
      <StopPointRef>0610CH17488</StopPointRef>
      <CommonName>Wicker Lane</CommonName>
      <LocalityName>Littleton</LocalityName>
      <LocalityQualifier>Littleton</LocalityQualifier>
    </AnnotatedStopPointRef>
    <AnnotatedStopPointRef>
      <StopPointRef>0610CH749</StopPointRef>
      <CommonName>Vicars Cross Golf Club</CommonName>
      <LocalityName>Littleton</LocalityName>
      <LocalityQualifier>Littleton</LocalityQualifier>
    </AnnotatedStopPointRef>
    <AnnotatedStopPointRef>
      <StopPointRef>0610CH750</StopPointRef>
      <CommonName>Vicars Cross Golf Club</CommonName>
      <LocalityName>Littleton</LocalityName>
      <LocalityQualifier>Littleton</LocalityQualifier>
    </AnnotatedStopPointRef>
    <AnnotatedStopPointRef>
      <StopPointRef>0610CH1358</StopPointRef>
      <CommonName>Littleton Lane</CommonName>
      <LocalityName>Littleton</LocalityName>
      <LocalityQualifier>Littleton</LocalityQualifier>
    </AnnotatedStopPointRef>
    <AnnotatedStopPointRef>
      <StopPointRef>0610CH2341</StopPointRef>
      <CommonName>Cherry Road</CommonName>
      <LocalityName>Boughton</LocalityName>
      <LocalityQualifier>Chester</LocalityQualifier>
    </AnnotatedStopPointRef>
    <AnnotatedStopPointRef>
      <StopPointRef>0610CH2342</StopPointRef>
      <CommonName>Cherry Road</CommonName>
      <LocalityName>Boughton</LocalityName>
      <LocalityQualifier>Chester</LocalityQualifier>
    </AnnotatedStopPointRef>
    <AnnotatedStopPointRef>
      <StopPointRef>0610CH2343</StopPointRef>
      <CommonName>Bridge Inn</CommonName>
      <LocalityName>Boughton</LocalityName>
      <LocalityQualifier>Chester</LocalityQualifier>
    </AnnotatedStopPointRef>
    <AnnotatedStopPointRef>
      <StopPointRef>0610CH2344</StopPointRef>
      <CommonName>Bridge Inn</CommonName>
      <LocalityName>Boughton</LocalityName>
      <LocalityQualifier>Chester</LocalityQualifier>
    </AnnotatedStopPointRef>
    <AnnotatedStopPointRef>
      <StopPointRef>0610CH2345</StopPointRef>
      <CommonName>Vicars Cross Court</CommonName>
      <LocalityName>Vicar's Cross</LocalityName>
      <LocalityQualifier>Chester</LocalityQualifier>
    </AnnotatedStopPointRef>
    <AnnotatedStopPointRef>
      <StopPointRef>0610CH1353</StopPointRef>
      <CommonName>Littleton Lane</CommonName>
      <LocalityName>Littleton</LocalityName>
      <LocalityQualifier>Littleton</LocalityQualifier>
    </AnnotatedStopPointRef>
    <AnnotatedStopPointRef>
      <StopPointRef>0610CH1354</StopPointRef>
      <CommonName>Brickfield Lane</CommonName>
      <LocalityName>Littleton</LocalityName>
      <LocalityQualifier>Littleton</LocalityQualifier>
    </AnnotatedStopPointRef>
    <AnnotatedStopPointRef>
      <StopPointRef>0610CH1355</StopPointRef>
      <CommonName>Little Chef</CommonName>
      <LocalityName>Littleton</LocalityName>
      <LocalityQualifier>Littleton</LocalityQualifier>
    </AnnotatedStopPointRef>
    <AnnotatedStopPointRef>
      <StopPointRef>0610CH1356</StopPointRef>
      <CommonName>Little Chef</CommonName>
      <LocalityName>Littleton</LocalityName>
      <LocalityQualifier>Littleton</LocalityQualifier>
    </AnnotatedStopPointRef>
    <AnnotatedStopPointRef>
      <StopPointRef>0610CH1357</StopPointRef>
      <CommonName>Brickfield Lane</CommonName>
      <LocalityName>Littleton</LocalityName>
      <LocalityQualifier>Littleton</LocalityQualifier>
    </AnnotatedStopPointRef>
    <AnnotatedStopPointRef>
      <StopPointRef>0610CH2346</StopPointRef>
      <CommonName>Green lane</CommonName>
      <LocalityName>Vicar's Cross</LocalityName>
      <LocalityQualifier>Chester</LocalityQualifier>
    </AnnotatedStopPointRef>
    <AnnotatedStopPointRef>
      <StopPointRef>0610CH2347</StopPointRef>
      <CommonName>Willoway Road</CommonName>
      <LocalityName>Vicar's Cross</LocalityName>
      <LocalityQualifier>Chester</LocalityQualifier>
    </AnnotatedStopPointRef>
    <AnnotatedStopPointRef>
      <StopPointRef>0610CH2348</StopPointRef>
      <CommonName>Norton Road</CommonName>
      <LocalityName>Vicar's Cross</LocalityName>
      <LocalityQualifier>Chester</LocalityQualifier>
    </AnnotatedStopPointRef>
    <AnnotatedStopPointRef>
      <StopPointRef>0610CH2349</StopPointRef>
      <CommonName>Marbury Road</CommonName>
      <LocalityName>Vicar's Cross</LocalityName>
      <LocalityQualifier>Chester</LocalityQualifier>
    </AnnotatedStopPointRef>
  </StopPoints>
  <JourneyPatternSections>
    <JourneyPatternSection id="JPSection-1">
      <JourneyPatternTimingLink id="JPSection-1-SEC1-POS1">
        <From>
          <Activity>pickUp</Activity>
          <StopPointRef>0610CH19053</StopPointRef>
          <TimingStatus>PTP</TimingStatus>
        </From>
        <To>
          <Activity>pickUpAndSetDown</Activity>
          <StopPointRef>0610CH1027</StopPointRef>
          <TimingStatus>PTP</TimingStatus>
        </To>
        <RunTime>PT10M</RunTime>
      </JourneyPatternTimingLink>
      <JourneyPatternTimingLink id="JPSection-1-SEC1-POS2">
        <From>
          <Activity>pickUpAndSetDown</Activity>
          <StopPointRef>0610CH1027</StopPointRef>
          <TimingStatus>PTP</TimingStatus>
        </From>
        <To>
          <Activity>pickUpAndSetDown</Activity>
          <StopPointRef>0610CH1028</StopPointRef>
          <TimingStatus>OTH</TimingStatus>
        </To>
        <RunTime>PT0M</RunTime>
      </JourneyPatternTimingLink>
      <JourneyPatternTimingLink id="JPSection-1-SEC1-POS3">
        <From>
          <Activity>pickUpAndSetDown</Activity>
          <StopPointRef>0610CH1028</StopPointRef>
          <TimingStatus>OTH</TimingStatus>
        </From>
        <To>
          <Activity>pickUpAndSetDown</Activity>
          <StopPointRef>0610CH1011</StopPointRef>
          <TimingStatus>OTH</TimingStatus>
        </To>
        <RunTime>PT1M</RunTime>
      </JourneyPatternTimingLink>
      <JourneyPatternTimingLink id="JPSection-1-SEC1-POS4">
        <From>
          <Activity>pickUpAndSetDown</Activity>
          <StopPointRef>0610CH1011</StopPointRef>
          <TimingStatus>OTH</TimingStatus>
        </From>
        <To>
          <Activity>pickUpAndSetDown</Activity>
          <StopPointRef>0610CH1011A</StopPointRef>
          <TimingStatus>OTH</TimingStatus>
        </To>
        <RunTime>PT1M</RunTime>
      </JourneyPatternTimingLink>
      <JourneyPatternTimingLink id="JPSection-1-SEC1-POS5">
        <From>
          <Activity>pickUpAndSetDown</Activity>
          <StopPointRef>0610CH1011A</StopPointRef>
          <TimingStatus>OTH</TimingStatus>
        </From>
        <To>
          <Activity>pickUpAndSetDown</Activity>
          <StopPointRef>0610CH2342</StopPointRef>
          <TimingStatus>OTH</TimingStatus>
        </To>
        <RunTime>PT1M</RunTime>
      </JourneyPatternTimingLink>
      <JourneyPatternTimingLink id="JPSection-1-SEC1-POS6">
        <From>
          <Activity>pickUpAndSetDown</Activity>
          <StopPointRef>0610CH2342</StopPointRef>
          <TimingStatus>OTH</TimingStatus>
        </From>
        <To>
          <Activity>pickUpAndSetDown</Activity>
          <StopPointRef>0610CH2343</StopPointRef>
          <TimingStatus>OTH</TimingStatus>
        </To>
        <RunTime>PT0M</RunTime>
      </JourneyPatternTimingLink>
      <JourneyPatternTimingLink id="JPSection-1-SEC1-POS7">
        <From>
          <Activity>pickUpAndSetDown</Activity>
          <StopPointRef>0610CH2343</StopPointRef>
          <TimingStatus>OTH</TimingStatus>
        </From>
        <To>
          <Activity>pickUpAndSetDown</Activity>
          <StopPointRef>0610CH2345</StopPointRef>
          <TimingStatus>OTH</TimingStatus>
        </To>
        <RunTime>PT1M</RunTime>
      </JourneyPatternTimingLink>
      <JourneyPatternTimingLink id="JPSection-1-SEC1-POS8">
        <From>
          <Activity>pickUpAndSetDown</Activity>
          <StopPointRef>0610CH2345</StopPointRef>
          <TimingStatus>OTH</TimingStatus>
        </From>
        <To>
          <Activity>pickUpAndSetDown</Activity>
          <StopPointRef>0610CH2346</StopPointRef>
          <TimingStatus>OTH</TimingStatus>
        </To>
        <RunTime>PT1M</RunTime>
      </JourneyPatternTimingLink>
      <JourneyPatternTimingLink id="JPSection-1-SEC1-POS9">
        <From>
          <Activity>pickUpAndSetDown</Activity>
          <StopPointRef>0610CH2346</StopPointRef>
          <TimingStatus>OTH</TimingStatus>
        </From>
        <To>
          <Activity>pickUpAndSetDown</Activity>
          <StopPointRef>0610CH2349</StopPointRef>
          <TimingStatus>PTP</TimingStatus>
        </To>
        <RunTime>PT1M</RunTime>
      </JourneyPatternTimingLink>
      <JourneyPatternTimingLink id="JPSection-1-SEC1-POS10">
        <From>
          <Activity>pickUpAndSetDown</Activity>
          <StopPointRef>0610CH2349</StopPointRef>
          <TimingStatus>PTP</TimingStatus>
        </From>
        <To>
          <Activity>pickUpAndSetDown</Activity>
          <StopPointRef>0610CH1353</StopPointRef>
          <TimingStatus>OTH</TimingStatus>
        </To>
        <RunTime>PT1M</RunTime>
      </JourneyPatternTimingLink>
      <JourneyPatternTimingLink id="JPSection-1-SEC1-POS11">
        <From>
          <Activity>pickUpAndSetDown</Activity>
          <StopPointRef>0610CH1353</StopPointRef>
          <TimingStatus>OTH</TimingStatus>
        </From>
        <To>
          <Activity>pickUpAndSetDown</Activity>
          <StopPointRef>0610CH1354</StopPointRef>
          <TimingStatus>OTH</TimingStatus>
        </To>
        <RunTime>PT0M</RunTime>
      </JourneyPatternTimingLink>
      <JourneyPatternTimingLink id="JPSection-1-SEC1-POS12">
        <From>
          <Activity>pickUpAndSetDown</Activity>
          <StopPointRef>0610CH1354</StopPointRef>
          <TimingStatus>OTH</TimingStatus>
        </From>
        <To>
          <Activity>pickUpAndSetDown</Activity>
          <StopPointRef>0610CH1355</StopPointRef>
          <TimingStatus>OTH</TimingStatus>
        </To>
        <RunTime>PT1M</RunTime>
      </JourneyPatternTimingLink>
      <JourneyPatternTimingLink id="JPSection-1-SEC1-POS13">
        <From>
          <Activity>pickUpAndSetDown</Activity>
          <StopPointRef>0610CH1355</StopPointRef>
          <TimingStatus>OTH</TimingStatus>
        </From>
        <To>
          <Activity>pickUpAndSetDown</Activity>
          <StopPointRef>0610CH749</StopPointRef>
          <TimingStatus>OTH</TimingStatus>
        </To>
        <RunTime>PT1M</RunTime>
      </JourneyPatternTimingLink>
      <JourneyPatternTimingLink id="JPSection-1-SEC1-POS14">
        <From>
          <Activity>pickUpAndSetDown</Activity>
          <StopPointRef>0610CH749</StopPointRef>
          <TimingStatus>OTH</TimingStatus>
        </From>
        <To>
          <Activity>pickUpAndSetDown</Activity>
          <StopPointRef>0610CH17486</StopPointRef>
          <TimingStatus>OTH</TimingStatus>
        </To>
        <RunTime>PT1M</RunTime>
      </JourneyPatternTimingLink>
      <JourneyPatternTimingLink id="JPSection-1-SEC1-POS15">
        <From>
          <Activity>pickUpAndSetDown</Activity>
          <StopPointRef>0610CH17486</StopPointRef>
          <TimingStatus>OTH</TimingStatus>
        </From>
        <To>
          <Activity>pickUpAndSetDown</Activity>
          <StopPointRef>0610CH1225</StopPointRef>
          <TimingStatus>OTH</TimingStatus>
        </To>
        <RunTime>PT1M</RunTime>
      </JourneyPatternTimingLink>
      <JourneyPatternTimingLink id="JPSection-1-SEC1-POS16">
        <From>
          <Activity>pickUpAndSetDown</Activity>
          <StopPointRef>0610CH1225</StopPointRef>
          <TimingStatus>OTH</TimingStatus>
        </From>
        <To>
          <Activity>pickUpAndSetDown</Activity>
          <StopPointRef>0610CH1227</StopPointRef>
          <TimingStatus>OTH</TimingStatus>
        </To>
        <RunTime>PT3M</RunTime>
      </JourneyPatternTimingLink>
      <JourneyPatternTimingLink id="JPSection-1-SEC1-POS17">
        <From>
          <Activity>pickUpAndSetDown</Activity>
          <StopPointRef>0610CH1227</StopPointRef>
          <TimingStatus>OTH</TimingStatus>
        </From>
        <To>
          <Activity>pickUpAndSetDown</Activity>
          <StopPointRef>0610CH1230</StopPointRef>
          <TimingStatus>OTH</TimingStatus>
        </To>
        <RunTime>PT1M</RunTime>
      </JourneyPatternTimingLink>
      <JourneyPatternTimingLink id="JPSection-1-SEC1-POS18">
        <From>
          <Activity>pickUpAndSetDown</Activity>
          <StopPointRef>0610CH1230</StopPointRef>
          <TimingStatus>OTH</TimingStatus>
        </From>
        <To>
          <Activity>pickUpAndSetDown</Activity>
          <StopPointRef>0610CH1244</StopPointRef>
          <TimingStatus>PTP</TimingStatus>
        </To>
        <RunTime>PT1M</RunTime>
      </JourneyPatternTimingLink>
      <JourneyPatternTimingLink id="JPSection-1-SEC1-POS19">
        <From>
          <Activity>pickUpAndSetDown</Activity>
          <StopPointRef>0610CH1244</StopPointRef>
          <TimingStatus>PTP</TimingStatus>
        </From>
        <To>
          <Activity>pickUpAndSetDown</Activity>
          <StopPointRef>0610CH507</StopPointRef>
          <TimingStatus>OTH</TimingStatus>
        </To>
        <RunTime>PT0M</RunTime>
      </JourneyPatternTimingLink>
      <JourneyPatternTimingLink id="JPSection-1-SEC1-POS20">
        <From>
          <Activity>pickUpAndSetDown</Activity>
          <StopPointRef>0610CH507</StopPointRef>
          <TimingStatus>OTH</TimingStatus>
        </From>
        <To>
          <Activity>pickUpAndSetDown</Activity>
          <StopPointRef>0610CH1233</StopPointRef>
          <TimingStatus>OTH</TimingStatus>
        </To>
        <RunTime>PT1M</RunTime>
      </JourneyPatternTimingLink>
      <JourneyPatternTimingLink id="JPSection-1-SEC1-POS21">
        <From>
          <Activity>pickUpAndSetDown</Activity>
          <StopPointRef>0610CH1233</StopPointRef>
          <TimingStatus>OTH</TimingStatus>
        </From>
        <To>
          <Activity>pickUpAndSetDown</Activity>
          <StopPointRef>0610CH1240</StopPointRef>
          <TimingStatus>OTH</TimingStatus>
        </To>
        <RunTime>PT1M</RunTime>
      </JourneyPatternTimingLink>
      <JourneyPatternTimingLink id="JPSection-1-SEC1-POS22">
        <From>
          <Activity>pickUpAndSetDown</Activity>
          <StopPointRef>0610CH1240</StopPointRef>
          <TimingStatus>OTH</TimingStatus>
        </From>
        <To>
          <Activity>pickUpAndSetDown</Activity>
          <StopPointRef>0610CH1234</StopPointRef>
          <TimingStatus>OTH</TimingStatus>
        </To>
        <RunTime>PT3M</RunTime>
      </JourneyPatternTimingLink>
      <JourneyPatternTimingLink id="JPSection-1-SEC1-POS23">
        <From>
          <Activity>pickUpAndSetDown</Activity>
          <StopPointRef>0610CH1234</StopPointRef>
          <TimingStatus>OTH</TimingStatus>
        </From>
        <To>
          <Activity>pickUpAndSetDown</Activity>
          <StopPointRef>0610CH1237</StopPointRef>
          <TimingStatus>OTH</TimingStatus>
        </To>
        <RunTime>PT3M</RunTime>
      </JourneyPatternTimingLink>
      <JourneyPatternTimingLink id="JPSection-1-SEC1-POS24">
        <From>
          <Activity>pickUpAndSetDown</Activity>
          <StopPointRef>0610CH1237</StopPointRef>
          <TimingStatus>OTH</TimingStatus>
        </From>
        <To>
          <Activity>pickUpAndSetDown</Activity>
          <StopPointRef>0610CHM116</StopPointRef>
          <TimingStatus>OTH</TimingStatus>
        </To>
        <RunTime>PT1M</RunTime>
      </JourneyPatternTimingLink>
      <JourneyPatternTimingLink id="JPSection-1-SEC1-POS25">
        <From>
          <Activity>pickUpAndSetDown</Activity>
          <StopPointRef>0610CHM116</StopPointRef>
          <TimingStatus>OTH</TimingStatus>
        </From>
        <To>
          <Activity>pickUpAndSetDown</Activity>
          <StopPointRef>0610CH546</StopPointRef>
          <TimingStatus>PTP</TimingStatus>
        </To>
        <RunTime>PT2M</RunTime>
      </JourneyPatternTimingLink>
      <JourneyPatternTimingLink id="JPSection-1-SEC1-POS26">
        <From>
          <Activity>pickUpAndSetDown</Activity>
          <StopPointRef>0610CH546</StopPointRef>
          <TimingStatus>PTP</TimingStatus>
        </From>
        <To>
          <Activity>pickUpAndSetDown</Activity>
          <StopPointRef>0610CH697</StopPointRef>
          <TimingStatus>OTH</TimingStatus>
        </To>
        <RunTime>PT1M</RunTime>
      </JourneyPatternTimingLink>
      <JourneyPatternTimingLink id="JPSection-1-SEC1-POS27">
        <From>
          <Activity>pickUpAndSetDown</Activity>
          <StopPointRef>0610CH697</StopPointRef>
          <TimingStatus>OTH</TimingStatus>
        </From>
        <To>
          <Activity>pickUpAndSetDown</Activity>
          <StopPointRef>0610CH508</StopPointRef>
          <TimingStatus>OTH</TimingStatus>
        </To>
        <RunTime>PT1M</RunTime>
      </JourneyPatternTimingLink>
      <JourneyPatternTimingLink id="JPSection-1-SEC1-POS28">
        <From>
          <Activity>pickUpAndSetDown</Activity>
          <StopPointRef>0610CH508</StopPointRef>
          <TimingStatus>OTH</TimingStatus>
        </From>
        <To>
          <Activity>pickUpAndSetDown</Activity>
          <StopPointRef>0610VR326</StopPointRef>
          <TimingStatus>OTH</TimingStatus>
        </To>
        <RunTime>PT2M</RunTime>
      </JourneyPatternTimingLink>
      <JourneyPatternTimingLink id="JPSection-1-SEC1-POS29">
        <From>
          <Activity>pickUpAndSetDown</Activity>
          <StopPointRef>0610VR326</StopPointRef>
          <TimingStatus>OTH</TimingStatus>
        </From>
        <To>
          <Activity>pickUpAndSetDown</Activity>
          <StopPointRef>0610VR155</StopPointRef>
          <TimingStatus>OTH</TimingStatus>
        </To>
        <RunTime>PT3M</RunTime>
      </JourneyPatternTimingLink>
      <JourneyPatternTimingLink id="JPSection-1-SEC1-POS30">
        <From>
          <Activity>pickUpAndSetDown</Activity>
          <StopPointRef>0610VR155</StopPointRef>
          <TimingStatus>OTH</TimingStatus>
        </From>
        <To>
          <Activity>pickUpAndSetDown</Activity>
          <StopPointRef>0610VR153</StopPointRef>
          <TimingStatus>OTH</TimingStatus>
        </To>
        <RunTime>PT1M</RunTime>
      </JourneyPatternTimingLink>
      <JourneyPatternTimingLink id="JPSection-1-SEC1-POS31">
        <From>
          <Activity>pickUpAndSetDown</Activity>
          <StopPointRef>0610VR153</StopPointRef>
          <TimingStatus>OTH</TimingStatus>
        </From>
        <To>
          <Activity>pickUpAndSetDown</Activity>
          <StopPointRef>0610VR152</StopPointRef>
          <TimingStatus>OTH</TimingStatus>
        </To>
        <RunTime>PT1M</RunTime>
      </JourneyPatternTimingLink>
      <JourneyPatternTimingLink id="JPSection-1-SEC1-POS32">
        <From>
          <Activity>pickUpAndSetDown</Activity>
          <StopPointRef>0610VR152</StopPointRef>
          <TimingStatus>OTH</TimingStatus>
        </From>
        <To>
          <Activity>pickUpAndSetDown</Activity>
          <StopPointRef>0610VR150</StopPointRef>
          <TimingStatus>OTH</TimingStatus>
        </To>
        <RunTime>PT1M</RunTime>
      </JourneyPatternTimingLink>
      <JourneyPatternTimingLink id="JPSection-1-SEC1-POS33">
        <From>
          <Activity>pickUpAndSetDown</Activity>
          <StopPointRef>0610VR150</StopPointRef>
          <TimingStatus>OTH</TimingStatus>
        </From>
        <To>
          <Activity>pickUpAndSetDown</Activity>
          <StopPointRef>0610VR147</StopPointRef>
          <TimingStatus>OTH</TimingStatus>
        </To>
        <RunTime>PT2M</RunTime>
      </JourneyPatternTimingLink>
      <JourneyPatternTimingLink id="JPSection-1-SEC1-POS34">
        <From>
          <Activity>pickUpAndSetDown</Activity>
          <StopPointRef>0610VR147</StopPointRef>
          <TimingStatus>OTH</TimingStatus>
        </From>
        <To>
          <Activity>pickUpAndSetDown</Activity>
          <StopPointRef>0610VR145</StopPointRef>
          <TimingStatus>OTH</TimingStatus>
        </To>
        <RunTime>PT2M</RunTime>
      </JourneyPatternTimingLink>
      <JourneyPatternTimingLink id="JPSection-1-SEC1-POS35">
        <From>
          <Activity>pickUpAndSetDown</Activity>
          <StopPointRef>0610VR145</StopPointRef>
          <TimingStatus>OTH</TimingStatus>
        </From>
        <To>
          <Activity>pickUpAndSetDown</Activity>
          <StopPointRef>0610VR166</StopPointRef>
          <TimingStatus>OTH</TimingStatus>
        </To>
        <RunTime>PT4M</RunTime>
      </JourneyPatternTimingLink>
      <JourneyPatternTimingLink id="JPSection-1-SEC1-POS36">
        <From>
          <Activity>pickUpAndSetDown</Activity>
          <StopPointRef>0610VR166</StopPointRef>
          <TimingStatus>OTH</TimingStatus>
        </From>
        <To>
          <Activity>pickUpAndSetDown</Activity>
          <StopPointRef>0610VR164</StopPointRef>
          <TimingStatus>OTH</TimingStatus>
        </To>
        <RunTime>PT1M</RunTime>
      </JourneyPatternTimingLink>
      <JourneyPatternTimingLink id="JPSection-1-SEC1-POS37">
        <From>
          <Activity>pickUpAndSetDown</Activity>
          <StopPointRef>0610VR164</StopPointRef>
          <TimingStatus>OTH</TimingStatus>
        </From>
        <To>
          <Activity>pickUpAndSetDown</Activity>
          <StopPointRef>0610VR19231</StopPointRef>
          <TimingStatus>OTH</TimingStatus>
        </To>
        <RunTime>PT0M</RunTime>
      </JourneyPatternTimingLink>
      <JourneyPatternTimingLink id="JPSection-1-SEC1-POS38">
        <From>
          <Activity>pickUpAndSetDown</Activity>
          <StopPointRef>0610VR19231</StopPointRef>
          <TimingStatus>OTH</TimingStatus>
        </From>
        <To>
          <Activity>pickUpAndSetDown</Activity>
          <StopPointRef>0610VR162</StopPointRef>
          <TimingStatus>PTP</TimingStatus>
        </To>
        <RunTime>PT1M</RunTime>
      </JourneyPatternTimingLink>
      <JourneyPatternTimingLink id="JPSection-1-SEC1-POS39">
        <From>
          <Activity>pickUpAndSetDown</Activity>
          <StopPointRef>0610VR162</StopPointRef>
          <TimingStatus>PTP</TimingStatus>
        </From>
        <To>
          <Activity>pickUpAndSetDown</Activity>
          <StopPointRef>0610VR17296</StopPointRef>
          <TimingStatus>OTH</TimingStatus>
        </To>
        <RunTime>PT1M</RunTime>
      </JourneyPatternTimingLink>
      <JourneyPatternTimingLink id="JPSection-1-SEC1-POS40">
        <From>
          <Activity>pickUpAndSetDown</Activity>
          <StopPointRef>0610VR17296</StopPointRef>
          <TimingStatus>OTH</TimingStatus>
        </From>
        <To>
          <Activity>pickUpAndSetDown</Activity>
          <StopPointRef>0610VR160</StopPointRef>
          <TimingStatus>OTH</TimingStatus>
        </To>
        <RunTime>PT0M</RunTime>
      </JourneyPatternTimingLink>
      <JourneyPatternTimingLink id="JPSection-1-SEC1-POS41">
        <From>
          <Activity>pickUpAndSetDown</Activity>
          <StopPointRef>0610VR160</StopPointRef>
          <TimingStatus>OTH</TimingStatus>
        </From>
        <To>
          <Activity>pickUpAndSetDown</Activity>
          <StopPointRef>0610VR118</StopPointRef>
          <TimingStatus>OTH</TimingStatus>
        </To>
        <RunTime>PT1M</RunTime>
      </JourneyPatternTimingLink>
      <JourneyPatternTimingLink id="JPSection-1-SEC1-POS42">
        <From>
          <Activity>pickUpAndSetDown</Activity>
          <StopPointRef>0610VR118</StopPointRef>
          <TimingStatus>OTH</TimingStatus>
        </From>
        <To>
          <Activity>pickUpAndSetDown</Activity>
          <StopPointRef>0610VR115</StopPointRef>
          <TimingStatus>OTH</TimingStatus>
        </To>
        <RunTime>PT2M</RunTime>
      </JourneyPatternTimingLink>
      <JourneyPatternTimingLink id="JPSection-1-SEC1-POS43">
        <From>
          <Activity>pickUpAndSetDown</Activity>
          <StopPointRef>0610VR115</StopPointRef>
          <TimingStatus>OTH</TimingStatus>
        </From>
        <To>
          <Activity>pickUpAndSetDown</Activity>
          <StopPointRef>0610VR114</StopPointRef>
          <TimingStatus>OTH</TimingStatus>
        </To>
        <RunTime>PT4M</RunTime>
      </JourneyPatternTimingLink>
      <JourneyPatternTimingLink id="JPSection-1-SEC1-POS44">
        <From>
          <Activity>pickUpAndSetDown</Activity>
          <StopPointRef>0610VR114</StopPointRef>
          <TimingStatus>OTH</TimingStatus>
        </From>
        <To>
          <Activity>pickUpAndSetDown</Activity>
          <StopPointRef>0610VR19146</StopPointRef>
          <TimingStatus>OTH</TimingStatus>
        </To>
        <RunTime>PT1M</RunTime>
      </JourneyPatternTimingLink>
      <JourneyPatternTimingLink id="JPSection-1-SEC1-POS45">
        <From>
          <Activity>pickUpAndSetDown</Activity>
          <StopPointRef>0610VR19146</StopPointRef>
          <TimingStatus>OTH</TimingStatus>
        </From>
        <To>
          <Activity>pickUpAndSetDown</Activity>
          <StopPointRef>0610VR107</StopPointRef>
          <TimingStatus>PTP</TimingStatus>
        </To>
        <RunTime>PT3M</RunTime>
      </JourneyPatternTimingLink>
      <JourneyPatternTimingLink id="JPSection-1-SEC1-POS46">
        <From>
          <Activity>pickUpAndSetDown</Activity>
          <StopPointRef>0610VR107</StopPointRef>
          <TimingStatus>PTP</TimingStatus>
        </From>
        <To>
          <Activity>pickUpAndSetDown</Activity>
          <StopPointRef>0610VR108</StopPointRef>
          <TimingStatus>OTH</TimingStatus>
        </To>
        <RunTime>PT2M</RunTime>
      </JourneyPatternTimingLink>
      <JourneyPatternTimingLink id="JPSection-1-SEC1-POS47">
        <From>
          <Activity>pickUpAndSetDown</Activity>
          <StopPointRef>0610VR108</StopPointRef>
          <TimingStatus>OTH</TimingStatus>
        </From>
        <To>
          <Activity>pickUpAndSetDown</Activity>
          <StopPointRef>0610VR440</StopPointRef>
          <TimingStatus>OTH</TimingStatus>
        </To>
        <RunTime>PT12M</RunTime>
      </JourneyPatternTimingLink>
      <JourneyPatternTimingLink id="JPSection-1-SEC1-POS48">
        <From>
          <Activity>pickUpAndSetDown</Activity>
          <StopPointRef>0610VR440</StopPointRef>
          <TimingStatus>OTH</TimingStatus>
        </From>
        <To>
          <Activity>pickUpAndSetDown</Activity>
          <StopPointRef>0610VR505</StopPointRef>
          <TimingStatus>OTH</TimingStatus>
        </To>
        <RunTime>PT2M</RunTime>
      </JourneyPatternTimingLink>
      <JourneyPatternTimingLink id="JPSection-1-SEC1-POS49">
        <From>
          <Activity>pickUpAndSetDown</Activity>
          <StopPointRef>0610VR505</StopPointRef>
          <TimingStatus>OTH</TimingStatus>
        </From>
        <To>
          <Activity>pickUpAndSetDown</Activity>
          <StopPointRef>0610VR492</StopPointRef>
          <TimingStatus>OTH</TimingStatus>
        </To>
        <RunTime>PT3M</RunTime>
      </JourneyPatternTimingLink>
      <JourneyPatternTimingLink id="JPSection-1-SEC1-POS50">
        <From>
          <Activity>pickUpAndSetDown</Activity>
          <StopPointRef>0610VR492</StopPointRef>
          <TimingStatus>OTH</TimingStatus>
        </From>
        <To>
          <Activity>pickUpAndSetDown</Activity>
          <StopPointRef>0610VR1047</StopPointRef>
          <TimingStatus>OTH</TimingStatus>
        </To>
        <RunTime>PT3M</RunTime>
      </JourneyPatternTimingLink>
      <JourneyPatternTimingLink id="JPSection-1-SEC1-POS51">
        <From>
          <Activity>pickUpAndSetDown</Activity>
          <StopPointRef>0610VR1047</StopPointRef>
          <TimingStatus>OTH</TimingStatus>
        </From>
        <To>
          <Activity>pickUpAndSetDown</Activity>
          <StopPointRef>0610VR1045</StopPointRef>
          <TimingStatus>OTH</TimingStatus>
        </To>
        <RunTime>PT1M</RunTime>
      </JourneyPatternTimingLink>
      <JourneyPatternTimingLink id="JPSection-1-SEC1-POS52">
        <From>
          <Activity>pickUpAndSetDown</Activity>
          <StopPointRef>0610VR1045</StopPointRef>
          <TimingStatus>OTH</TimingStatus>
        </From>
        <To>
          <Activity>pickUpAndSetDown</Activity>
          <StopPointRef>0610VR415</StopPointRef>
          <TimingStatus>OTH</TimingStatus>
        </To>
        <RunTime>PT2M</RunTime>
      </JourneyPatternTimingLink>
      <JourneyPatternTimingLink id="JPSection-1-SEC1-POS53">
        <From>
          <Activity>pickUpAndSetDown</Activity>
          <StopPointRef>0610VR415</StopPointRef>
          <TimingStatus>OTH</TimingStatus>
        </From>
        <To>
          <Activity>setDown</Activity>
          <StopPointRef>0610VR484</StopPointRef>
          <TimingStatus>PTP</TimingStatus>
        </To>
        <RunTime>PT2M</RunTime>
      </JourneyPatternTimingLink>
    </JourneyPatternSection>
    <JourneyPatternSection id="JPSection-2">
      <JourneyPatternTimingLink id="JPSection-2-SEC2-POS54">
        <From>
          <Activity>pickUp</Activity>
          <StopPointRef>0610VR484</StopPointRef>
          <TimingStatus>PTP</TimingStatus>
        </From>
        <To>
          <Activity>pickUpAndSetDown</Activity>
          <StopPointRef>0610VR1044</StopPointRef>
          <TimingStatus>OTH</TimingStatus>
        </To>
        <RunTime>PT1M</RunTime>
      </JourneyPatternTimingLink>
      <JourneyPatternTimingLink id="JPSection-2-SEC2-POS55">
        <From>
          <Activity>pickUpAndSetDown</Activity>
          <StopPointRef>0610VR1044</StopPointRef>
          <TimingStatus>OTH</TimingStatus>
        </From>
        <To>
          <Activity>pickUpAndSetDown</Activity>
          <StopPointRef>0610VR1046</StopPointRef>
          <TimingStatus>OTH</TimingStatus>
        </To>
        <RunTime>PT1M</RunTime>
      </JourneyPatternTimingLink>
      <JourneyPatternTimingLink id="JPSection-2-SEC2-POS56">
        <From>
          <Activity>pickUpAndSetDown</Activity>
          <StopPointRef>0610VR1046</StopPointRef>
          <TimingStatus>OTH</TimingStatus>
        </From>
        <To>
          <Activity>pickUpAndSetDown</Activity>
          <StopPointRef>0610VR493</StopPointRef>
          <TimingStatus>OTH</TimingStatus>
        </To>
        <RunTime>PT2M</RunTime>
      </JourneyPatternTimingLink>
      <JourneyPatternTimingLink id="JPSection-2-SEC2-POS57">
        <From>
          <Activity>pickUpAndSetDown</Activity>
          <StopPointRef>0610VR493</StopPointRef>
          <TimingStatus>OTH</TimingStatus>
        </From>
        <To>
          <Activity>pickUpAndSetDown</Activity>
          <StopPointRef>0610VR504</StopPointRef>
          <TimingStatus>OTH</TimingStatus>
        </To>
        <RunTime>PT1M</RunTime>
      </JourneyPatternTimingLink>
      <JourneyPatternTimingLink id="JPSection-2-SEC2-POS58">
        <From>
          <Activity>pickUpAndSetDown</Activity>
          <StopPointRef>0610VR504</StopPointRef>
          <TimingStatus>OTH</TimingStatus>
        </From>
        <To>
          <Activity>pickUpAndSetDown</Activity>
          <StopPointRef>0610VR439</StopPointRef>
          <TimingStatus>OTH</TimingStatus>
        </To>
        <RunTime>PT2M</RunTime>
      </JourneyPatternTimingLink>
      <JourneyPatternTimingLink id="JPSection-2-SEC2-POS59">
        <From>
          <Activity>pickUpAndSetDown</Activity>
          <StopPointRef>0610VR439</StopPointRef>
          <TimingStatus>OTH</TimingStatus>
        </From>
        <To>
          <Activity>pickUpAndSetDown</Activity>
          <StopPointRef>0610VR504</StopPointRef>
          <TimingStatus>OTH</TimingStatus>
        </To>
        <RunTime>PT1M</RunTime>
      </JourneyPatternTimingLink>
      <JourneyPatternTimingLink id="JPSection-2-SEC2-POS60">
        <From>
          <Activity>pickUpAndSetDown</Activity>
          <StopPointRef>0610VR504</StopPointRef>
          <TimingStatus>OTH</TimingStatus>
        </From>
        <To>
          <Activity>pickUpAndSetDown</Activity>
          <StopPointRef>0610VR439</StopPointRef>
          <TimingStatus>OTH</TimingStatus>
        </To>
        <RunTime>PT1M</RunTime>
      </JourneyPatternTimingLink>
      <JourneyPatternTimingLink id="JPSection-2-SEC2-POS61">
        <From>
          <Activity>pickUpAndSetDown</Activity>
          <StopPointRef>0610VR439</StopPointRef>
          <TimingStatus>OTH</TimingStatus>
        </From>
        <To>
          <Activity>pickUpAndSetDown</Activity>
          <StopPointRef>0610VR189</StopPointRef>
          <TimingStatus>OTH</TimingStatus>
        </To>
        <RunTime>PT5M</RunTime>
      </JourneyPatternTimingLink>
      <JourneyPatternTimingLink id="JPSection-2-SEC2-POS62">
        <From>
          <Activity>pickUpAndSetDown</Activity>
          <StopPointRef>0610VR189</StopPointRef>
          <TimingStatus>OTH</TimingStatus>
        </From>
        <To>
          <Activity>pickUpAndSetDown</Activity>
          <StopPointRef>0610VR109</StopPointRef>
          <TimingStatus>OTH</TimingStatus>
        </To>
        <RunTime>PT2M</RunTime>
      </JourneyPatternTimingLink>
      <JourneyPatternTimingLink id="JPSection-2-SEC2-POS63">
        <From>
          <Activity>pickUpAndSetDown</Activity>
          <StopPointRef>0610VR109</StopPointRef>
          <TimingStatus>OTH</TimingStatus>
        </From>
        <To>
          <Activity>pickUpAndSetDown</Activity>
          <StopPointRef>0610VR106</StopPointRef>
          <TimingStatus>PTP</TimingStatus>
        </To>
        <RunTime>PT2M</RunTime>
      </JourneyPatternTimingLink>
      <JourneyPatternTimingLink id="JPSection-2-SEC2-POS64">
        <From>
          <Activity>pickUpAndSetDown</Activity>
          <StopPointRef>0610VR106</StopPointRef>
          <TimingStatus>PTP</TimingStatus>
        </From>
        <To>
          <Activity>pickUpAndSetDown</Activity>
          <StopPointRef>0610VR105</StopPointRef>
          <TimingStatus>OTH</TimingStatus>
        </To>
        <RunTime>PT1M</RunTime>
      </JourneyPatternTimingLink>
      <JourneyPatternTimingLink id="JPSection-2-SEC2-POS65">
        <From>
          <Activity>pickUpAndSetDown</Activity>
          <StopPointRef>0610VR105</StopPointRef>
          <TimingStatus>OTH</TimingStatus>
        </From>
        <To>
          <Activity>pickUpAndSetDown</Activity>
          <StopPointRef>0610VR104</StopPointRef>
          <TimingStatus>OTH</TimingStatus>
        </To>
        <RunTime>PT1M</RunTime>
      </JourneyPatternTimingLink>
      <JourneyPatternTimingLink id="JPSection-2-SEC2-POS66">
        <From>
          <Activity>pickUpAndSetDown</Activity>
          <StopPointRef>0610VR104</StopPointRef>
          <TimingStatus>OTH</TimingStatus>
        </From>
        <To>
          <Activity>pickUpAndSetDown</Activity>
          <StopPointRef>0610VR116</StopPointRef>
          <TimingStatus>OTH</TimingStatus>
        </To>
        <RunTime>PT1M</RunTime>
      </JourneyPatternTimingLink>
      <JourneyPatternTimingLink id="JPSection-2-SEC2-POS67">
        <From>
          <Activity>pickUpAndSetDown</Activity>
          <StopPointRef>0610VR116</StopPointRef>
          <TimingStatus>OTH</TimingStatus>
        </From>
        <To>
          <Activity>pickUpAndSetDown</Activity>
          <StopPointRef>0610VR117</StopPointRef>
          <TimingStatus>OTH</TimingStatus>
        </To>
        <RunTime>PT2M</RunTime>
      </JourneyPatternTimingLink>
      <JourneyPatternTimingLink id="JPSection-2-SEC2-POS68">
        <From>
          <Activity>pickUpAndSetDown</Activity>
          <StopPointRef>0610VR117</StopPointRef>
          <TimingStatus>OTH</TimingStatus>
        </From>
        <To>
          <Activity>pickUpAndSetDown</Activity>
          <StopPointRef>0610VR119</StopPointRef>
          <TimingStatus>OTH</TimingStatus>
        </To>
        <RunTime>PT0M</RunTime>
      </JourneyPatternTimingLink>
      <JourneyPatternTimingLink id="JPSection-2-SEC2-POS69">
        <From>
          <Activity>pickUpAndSetDown</Activity>
          <StopPointRef>0610VR119</StopPointRef>
          <TimingStatus>OTH</TimingStatus>
        </From>
        <To>
          <Activity>pickUpAndSetDown</Activity>
          <StopPointRef>0610VR161</StopPointRef>
          <TimingStatus>PTP</TimingStatus>
        </To>
        <RunTime>PT2M</RunTime>
      </JourneyPatternTimingLink>
      <JourneyPatternTimingLink id="JPSection-2-SEC2-POS70">
        <From>
          <Activity>pickUpAndSetDown</Activity>
          <StopPointRef>0610VR161</StopPointRef>
          <TimingStatus>PTP</TimingStatus>
        </From>
        <To>
          <Activity>pickUpAndSetDown</Activity>
          <StopPointRef>0610VR19197</StopPointRef>
          <TimingStatus>OTH</TimingStatus>
        </To>
        <RunTime>PT0M</RunTime>
      </JourneyPatternTimingLink>
      <JourneyPatternTimingLink id="JPSection-2-SEC2-POS71">
        <From>
          <Activity>pickUpAndSetDown</Activity>
          <StopPointRef>0610VR19197</StopPointRef>
          <TimingStatus>OTH</TimingStatus>
        </From>
        <To>
          <Activity>pickUpAndSetDown</Activity>
          <StopPointRef>0610VR163</StopPointRef>
          <TimingStatus>OTH</TimingStatus>
        </To>
        <RunTime>PT1M</RunTime>
      </JourneyPatternTimingLink>
      <JourneyPatternTimingLink id="JPSection-2-SEC2-POS72">
        <From>
          <Activity>pickUpAndSetDown</Activity>
          <StopPointRef>0610VR163</StopPointRef>
          <TimingStatus>OTH</TimingStatus>
        </From>
        <To>
          <Activity>pickUpAndSetDown</Activity>
          <StopPointRef>0610VR165</StopPointRef>
          <TimingStatus>OTH</TimingStatus>
        </To>
        <RunTime>PT0M</RunTime>
      </JourneyPatternTimingLink>
      <JourneyPatternTimingLink id="JPSection-2-SEC2-POS73">
        <From>
          <Activity>pickUpAndSetDown</Activity>
          <StopPointRef>0610VR165</StopPointRef>
          <TimingStatus>OTH</TimingStatus>
        </From>
        <To>
          <Activity>pickUpAndSetDown</Activity>
          <StopPointRef>0610VR144</StopPointRef>
          <TimingStatus>OTH</TimingStatus>
        </To>
        <RunTime>PT1M</RunTime>
      </JourneyPatternTimingLink>
      <JourneyPatternTimingLink id="JPSection-2-SEC2-POS74">
        <From>
          <Activity>pickUpAndSetDown</Activity>
          <StopPointRef>0610VR144</StopPointRef>
          <TimingStatus>OTH</TimingStatus>
        </From>
        <To>
          <Activity>pickUpAndSetDown</Activity>
          <StopPointRef>0610VR146</StopPointRef>
          <TimingStatus>OTH</TimingStatus>
        </To>
        <RunTime>PT2M</RunTime>
      </JourneyPatternTimingLink>
      <JourneyPatternTimingLink id="JPSection-2-SEC2-POS75">
        <From>
          <Activity>pickUpAndSetDown</Activity>
          <StopPointRef>0610VR146</StopPointRef>
          <TimingStatus>OTH</TimingStatus>
        </From>
        <To>
          <Activity>pickUpAndSetDown</Activity>
          <StopPointRef>0610VR148</StopPointRef>
          <TimingStatus>OTH</TimingStatus>
        </To>
        <RunTime>PT1M</RunTime>
      </JourneyPatternTimingLink>
      <JourneyPatternTimingLink id="JPSection-2-SEC2-POS76">
        <From>
          <Activity>pickUpAndSetDown</Activity>
          <StopPointRef>0610VR148</StopPointRef>
          <TimingStatus>OTH</TimingStatus>
        </From>
        <To>
          <Activity>pickUpAndSetDown</Activity>
          <StopPointRef>0610VR149</StopPointRef>
          <TimingStatus>OTH</TimingStatus>
        </To>
        <RunTime>PT2M</RunTime>
      </JourneyPatternTimingLink>
      <JourneyPatternTimingLink id="JPSection-2-SEC2-POS77">
        <From>
          <Activity>pickUpAndSetDown</Activity>
          <StopPointRef>0610VR149</StopPointRef>
          <TimingStatus>OTH</TimingStatus>
        </From>
        <To>
          <Activity>pickUpAndSetDown</Activity>
          <StopPointRef>0610VR151</StopPointRef>
          <TimingStatus>OTH</TimingStatus>
        </To>
        <RunTime>PT0M</RunTime>
      </JourneyPatternTimingLink>
      <JourneyPatternTimingLink id="JPSection-2-SEC2-POS78">
        <From>
          <Activity>pickUpAndSetDown</Activity>
          <StopPointRef>0610VR151</StopPointRef>
          <TimingStatus>OTH</TimingStatus>
        </From>
        <To>
          <Activity>pickUpAndSetDown</Activity>
          <StopPointRef>0610VR154</StopPointRef>
          <TimingStatus>OTH</TimingStatus>
        </To>
        <RunTime>PT2M</RunTime>
      </JourneyPatternTimingLink>
      <JourneyPatternTimingLink id="JPSection-2-SEC2-POS79">
        <From>
          <Activity>pickUpAndSetDown</Activity>
          <StopPointRef>0610VR154</StopPointRef>
          <TimingStatus>OTH</TimingStatus>
        </From>
        <To>
          <Activity>pickUpAndSetDown</Activity>
          <StopPointRef>0610CH1235</StopPointRef>
          <TimingStatus>OTH</TimingStatus>
        </To>
        <RunTime>PT4M</RunTime>
      </JourneyPatternTimingLink>
      <JourneyPatternTimingLink id="JPSection-2-SEC2-POS80">
        <From>
          <Activity>pickUpAndSetDown</Activity>
          <StopPointRef>0610CH1235</StopPointRef>
          <TimingStatus>OTH</TimingStatus>
        </From>
        <To>
          <Activity>pickUpAndSetDown</Activity>
          <StopPointRef>0610CH698</StopPointRef>
          <TimingStatus>OTH</TimingStatus>
        </To>
        <RunTime>PT1M</RunTime>
      </JourneyPatternTimingLink>
      <JourneyPatternTimingLink id="JPSection-2-SEC2-POS81">
        <From>
          <Activity>pickUpAndSetDown</Activity>
          <StopPointRef>0610CH698</StopPointRef>
          <TimingStatus>OTH</TimingStatus>
        </From>
        <To>
          <Activity>pickUpAndSetDown</Activity>
          <StopPointRef>0610CH547</StopPointRef>
          <TimingStatus>PTP</TimingStatus>
        </To>
        <RunTime>PT1M</RunTime>
      </JourneyPatternTimingLink>
      <JourneyPatternTimingLink id="JPSection-2-SEC2-POS82">
        <From>
          <Activity>pickUpAndSetDown</Activity>
          <StopPointRef>0610CH547</StopPointRef>
          <TimingStatus>PTP</TimingStatus>
        </From>
        <To>
          <Activity>pickUpAndSetDown</Activity>
          <StopPointRef>0610CH1238</StopPointRef>
          <TimingStatus>OTH</TimingStatus>
        </To>
        <RunTime>PT1M</RunTime>
      </JourneyPatternTimingLink>
      <JourneyPatternTimingLink id="JPSection-2-SEC2-POS83">
        <From>
          <Activity>pickUpAndSetDown</Activity>
          <StopPointRef>0610CH1238</StopPointRef>
          <TimingStatus>OTH</TimingStatus>
        </From>
        <To>
          <Activity>pickUpAndSetDown</Activity>
          <StopPointRef>0610CH1239</StopPointRef>
          <TimingStatus>OTH</TimingStatus>
        </To>
        <RunTime>PT2M</RunTime>
      </JourneyPatternTimingLink>
      <JourneyPatternTimingLink id="JPSection-2-SEC2-POS84">
        <From>
          <Activity>pickUpAndSetDown</Activity>
          <StopPointRef>0610CH1239</StopPointRef>
          <TimingStatus>OTH</TimingStatus>
        </From>
        <To>
          <Activity>pickUpAndSetDown</Activity>
          <StopPointRef>0610CH695</StopPointRef>
          <TimingStatus>OTH</TimingStatus>
        </To>
        <RunTime>PT1M</RunTime>
      </JourneyPatternTimingLink>
      <JourneyPatternTimingLink id="JPSection-2-SEC2-POS85">
        <From>
          <Activity>pickUpAndSetDown</Activity>
          <StopPointRef>0610CH695</StopPointRef>
          <TimingStatus>OTH</TimingStatus>
        </From>
        <To>
          <Activity>pickUpAndSetDown</Activity>
          <StopPointRef>0610CH1245</StopPointRef>
          <TimingStatus>OTH</TimingStatus>
        </To>
        <RunTime>PT1M</RunTime>
      </JourneyPatternTimingLink>
      <JourneyPatternTimingLink id="JPSection-2-SEC2-POS86">
        <From>
          <Activity>pickUpAndSetDown</Activity>
          <StopPointRef>0610CH1245</StopPointRef>
          <TimingStatus>OTH</TimingStatus>
        </From>
        <To>
          <Activity>pickUpAndSetDown</Activity>
          <StopPointRef>0610CH1246</StopPointRef>
          <TimingStatus>OTH</TimingStatus>
        </To>
        <RunTime>PT0M</RunTime>
      </JourneyPatternTimingLink>
      <JourneyPatternTimingLink id="JPSection-2-SEC2-POS87">
        <From>
          <Activity>pickUpAndSetDown</Activity>
          <StopPointRef>0610CH1246</StopPointRef>
          <TimingStatus>OTH</TimingStatus>
        </From>
        <To>
          <Activity>pickUpAndSetDown</Activity>
          <StopPointRef>0610CH1243</StopPointRef>
          <TimingStatus>PTP</TimingStatus>
        </To>
        <RunTime>PT1M</RunTime>
      </JourneyPatternTimingLink>
      <JourneyPatternTimingLink id="JPSection-2-SEC2-POS88">
        <From>
          <Activity>pickUpAndSetDown</Activity>
          <StopPointRef>0610CH1243</StopPointRef>
          <TimingStatus>PTP</TimingStatus>
        </From>
        <To>
          <Activity>pickUpAndSetDown</Activity>
          <StopPointRef>0610CH1231</StopPointRef>
          <TimingStatus>OTH</TimingStatus>
        </To>
        <RunTime>PT1M</RunTime>
      </JourneyPatternTimingLink>
      <JourneyPatternTimingLink id="JPSection-2-SEC2-POS89">
        <From>
          <Activity>pickUpAndSetDown</Activity>
          <StopPointRef>0610CH1231</StopPointRef>
          <TimingStatus>OTH</TimingStatus>
        </From>
        <To>
          <Activity>pickUpAndSetDown</Activity>
          <StopPointRef>0610CH1228</StopPointRef>
          <TimingStatus>OTH</TimingStatus>
        </To>
        <RunTime>PT1M</RunTime>
      </JourneyPatternTimingLink>
      <JourneyPatternTimingLink id="JPSection-2-SEC2-POS90">
        <From>
          <Activity>pickUpAndSetDown</Activity>
          <StopPointRef>0610CH1228</StopPointRef>
          <TimingStatus>OTH</TimingStatus>
        </From>
        <To>
          <Activity>pickUpAndSetDown</Activity>
          <StopPointRef>0610CH1226</StopPointRef>
          <TimingStatus>OTH</TimingStatus>
        </To>
        <RunTime>PT4M</RunTime>
      </JourneyPatternTimingLink>
      <JourneyPatternTimingLink id="JPSection-2-SEC2-POS91">
        <From>
          <Activity>pickUpAndSetDown</Activity>
          <StopPointRef>0610CH1226</StopPointRef>
          <TimingStatus>OTH</TimingStatus>
        </From>
        <To>
          <Activity>pickUpAndSetDown</Activity>
          <StopPointRef>0610CH17488</StopPointRef>
          <TimingStatus>OTH</TimingStatus>
        </To>
        <RunTime>PT1M</RunTime>
      </JourneyPatternTimingLink>
      <JourneyPatternTimingLink id="JPSection-2-SEC2-POS92">
        <From>
          <Activity>pickUpAndSetDown</Activity>
          <StopPointRef>0610CH17488</StopPointRef>
          <TimingStatus>OTH</TimingStatus>
        </From>
        <To>
          <Activity>pickUpAndSetDown</Activity>
          <StopPointRef>0610CH750</StopPointRef>
          <TimingStatus>OTH</TimingStatus>
        </To>
        <RunTime>PT1M</RunTime>
      </JourneyPatternTimingLink>
      <JourneyPatternTimingLink id="JPSection-2-SEC2-POS93">
        <From>
          <Activity>pickUpAndSetDown</Activity>
          <StopPointRef>0610CH750</StopPointRef>
          <TimingStatus>OTH</TimingStatus>
        </From>
        <To>
          <Activity>pickUpAndSetDown</Activity>
          <StopPointRef>0610CH1356</StopPointRef>
          <TimingStatus>OTH</TimingStatus>
        </To>
        <RunTime>PT1M</RunTime>
      </JourneyPatternTimingLink>
      <JourneyPatternTimingLink id="JPSection-2-SEC2-POS94">
        <From>
          <Activity>pickUpAndSetDown</Activity>
          <StopPointRef>0610CH1356</StopPointRef>
          <TimingStatus>OTH</TimingStatus>
        </From>
        <To>
          <Activity>pickUpAndSetDown</Activity>
          <StopPointRef>0610CH1357</StopPointRef>
          <TimingStatus>OTH</TimingStatus>
        </To>
        <RunTime>PT2M</RunTime>
      </JourneyPatternTimingLink>
      <JourneyPatternTimingLink id="JPSection-2-SEC2-POS95">
        <From>
          <Activity>pickUpAndSetDown</Activity>
          <StopPointRef>0610CH1357</StopPointRef>
          <TimingStatus>OTH</TimingStatus>
        </From>
        <To>
          <Activity>pickUpAndSetDown</Activity>
          <StopPointRef>0610CH1358</StopPointRef>
          <TimingStatus>OTH</TimingStatus>
        </To>
        <RunTime>PT0M</RunTime>
      </JourneyPatternTimingLink>
      <JourneyPatternTimingLink id="JPSection-2-SEC2-POS96">
        <From>
          <Activity>pickUpAndSetDown</Activity>
          <StopPointRef>0610CH1358</StopPointRef>
          <TimingStatus>OTH</TimingStatus>
        </From>
        <To>
          <Activity>pickUpAndSetDown</Activity>
          <StopPointRef>0610CH2348</StopPointRef>
          <TimingStatus>PTP</TimingStatus>
        </To>
        <RunTime>PT3M</RunTime>
      </JourneyPatternTimingLink>
      <JourneyPatternTimingLink id="JPSection-2-SEC2-POS97">
        <From>
          <Activity>pickUpAndSetDown</Activity>
          <StopPointRef>0610CH2348</StopPointRef>
          <TimingStatus>PTP</TimingStatus>
        </From>
        <To>
          <Activity>pickUpAndSetDown</Activity>
          <StopPointRef>0610CH2347</StopPointRef>
          <TimingStatus>OTH</TimingStatus>
        </To>
        <RunTime>PT0M</RunTime>
      </JourneyPatternTimingLink>
      <JourneyPatternTimingLink id="JPSection-2-SEC2-POS98">
        <From>
          <Activity>pickUpAndSetDown</Activity>
          <StopPointRef>0610CH2347</StopPointRef>
          <TimingStatus>OTH</TimingStatus>
        </From>
        <To>
          <Activity>pickUpAndSetDown</Activity>
          <StopPointRef>0610CH2344</StopPointRef>
          <TimingStatus>OTH</TimingStatus>
        </To>
        <RunTime>PT3M</RunTime>
      </JourneyPatternTimingLink>
      <JourneyPatternTimingLink id="JPSection-2-SEC2-POS99">
        <From>
          <Activity>pickUpAndSetDown</Activity>
          <StopPointRef>0610CH2344</StopPointRef>
          <TimingStatus>OTH</TimingStatus>
        </From>
        <To>
          <Activity>pickUpAndSetDown</Activity>
          <StopPointRef>0610CH2341</StopPointRef>
          <TimingStatus>OTH</TimingStatus>
        </To>
        <RunTime>PT1M</RunTime>
      </JourneyPatternTimingLink>
      <JourneyPatternTimingLink id="JPSection-2-SEC2-POS100">
        <From>
          <Activity>pickUpAndSetDown</Activity>
          <StopPointRef>0610CH2341</StopPointRef>
          <TimingStatus>OTH</TimingStatus>
        </From>
        <To>
          <Activity>pickUpAndSetDown</Activity>
          <StopPointRef>0610CH1009</StopPointRef>
          <TimingStatus>OTH</TimingStatus>
        </To>
        <RunTime>PT2M</RunTime>
      </JourneyPatternTimingLink>
      <JourneyPatternTimingLink id="JPSection-2-SEC2-POS101">
        <From>
          <Activity>pickUpAndSetDown</Activity>
          <StopPointRef>0610CH1009</StopPointRef>
          <TimingStatus>OTH</TimingStatus>
        </From>
        <To>
          <Activity>pickUpAndSetDown</Activity>
          <StopPointRef>0610CH1010</StopPointRef>
          <TimingStatus>OTH</TimingStatus>
        </To>
        <RunTime>PT1M</RunTime>
      </JourneyPatternTimingLink>
      <JourneyPatternTimingLink id="JPSection-2-SEC2-POS102">
        <From>
          <Activity>pickUpAndSetDown</Activity>
          <StopPointRef>0610CH1010</StopPointRef>
          <TimingStatus>OTH</TimingStatus>
        </From>
        <To>
          <Activity>setDown</Activity>
          <StopPointRef>0610CH1027</StopPointRef>
          <TimingStatus>PTP</TimingStatus>
        </To>
        <RunTime>PT3M</RunTime>
      </JourneyPatternTimingLink>
    </JourneyPatternSection>
  </JourneyPatternSections>
  <Operators>
    <Operator id="OId_ACY">
      <NationalOperatorCode>ACYM</NationalOperatorCode>
      <OperatorCode>ACY</OperatorCode>
      <OperatorShortName>ACY</OperatorShortName>
    </Operator>
  </Operators>
  <Services>
    <Service>
      <ServiceCode>NW_02_ACY_82A_1</ServiceCode>
      <Lines>
        <Line id="l_82A_ACY">
          <LineName>82A</LineName>
        </Line>
      </Lines>
      <OperatingPeriod>
        <StartDate>2017-07-23</StartDate>
        <EndDate>2099-12-31</EndDate>
      </OperatingPeriod>
      <RegisteredOperatorRef>OId_ACY</RegisteredOperatorRef>
      <StopRequirements>
        <NoNewStopsRequired />
      </StopRequirements>
      <Mode>bus</Mode>
      <Description>Chester - Tarvin - Kelsall - Hartford - Sir John Deanes College - No</Description>
      <StandardService>
        <Origin>Chester</Origin>
        <Destination>Northwich</Destination>
        <JourneyPattern id="JP1">
          <Direction>outbound</Direction>
          <JourneyPatternSectionRefs>JPSection-1</JourneyPatternSectionRefs>
        </JourneyPattern>
        <JourneyPattern id="JP2">
          <Direction>inbound</Direction>
          <JourneyPatternSectionRefs>JPSection-2</JourneyPatternSectionRefs>
        </JourneyPattern>
      </StandardService>
    </Service>
  </Services>
  <VehicleJourneys>
    <VehicleJourney>
      <PrivateCode>J2</PrivateCode>
      <Operational>
        <VehicleType>
          <VehicleTypeCode>BUS</VehicleTypeCode>
          <Description>BUS</Description>
        </VehicleType>
      </Operational>
      <OperatingProfile>
        <RegularDayType>
          <DaysOfWeek>
            <MondayToFriday />
          </DaysOfWeek>
        </RegularDayType>
        <BankHolidayOperation>
          <DaysOfNonOperation>
            <AllBankHolidays />
          </DaysOfNonOperation>
        </BankHolidayOperation>
      </OperatingProfile>
      <VehicleJourneyCode>J2</VehicleJourneyCode>
      <ServiceRef>NW_02_ACY_82A_1</ServiceRef>
      <LineRef>l_82A_ACY</LineRef>
      <JourneyPatternRef>JP1</JourneyPatternRef>
      <Note>
        <NoteCode>Sch</NoteCode>
        <NoteText>Runs Mon - Fri during School term time, ask the operator for exact dates</NoteText>
      </Note>
      <DepartureTime>07:14:00</DepartureTime>
    </VehicleJourney>
    <VehicleJourney>
      <PrivateCode>J1</PrivateCode>
      <Operational>
        <VehicleType>
          <VehicleTypeCode>BUS</VehicleTypeCode>
          <Description>BUS</Description>
        </VehicleType>
      </Operational>
      <OperatingProfile>
        <RegularDayType>
          <DaysOfWeek>
            <MondayToFriday />
          </DaysOfWeek>
        </RegularDayType>
        <BankHolidayOperation>
          <DaysOfNonOperation>
            <AllBankHolidays />
          </DaysOfNonOperation>
        </BankHolidayOperation>
      </OperatingProfile>
      <VehicleJourneyCode>J1</VehicleJourneyCode>
      <ServiceRef>NW_02_ACY_82A_1</ServiceRef>
      <LineRef>l_82A_ACY</LineRef>
      <JourneyPatternRef>JP2</JourneyPatternRef>
      <Note>
        <NoteCode>Sch</NoteCode>
        <NoteText>Runs Mon - Fri during School term time, ask the operator for exact dates</NoteText>
      </Note>
      <DepartureTime>16:17:00</DepartureTime>
    </VehicleJourney>
  </VehicleJourneys>
</TransXChange>