<?xml version="1.0" encoding="utf-8"?>
<TransXChange xmlns:xsd="http://www.w3.org/2001/XMLSchema" xmlns:xsi="http://www.w3.org/2001/XMLSchema-instance" xsi:schemaLocation="http://www.transxchange.org.uk/ http://www.transxchange.org.uk/schema/2.1/TransXChange_general.xsd" CreationDateTime="2017-09-21T11:36:38.0153924+01:00" ModificationDateTime="2017-09-21T11:36:38.0153924+01:00" Modification="new" RevisionNumber="1" FileName="TXC.xml" SchemaVersion="2.1" RegistrationDocument="false" xmlns="http://www.transxchange.org.uk/">
  <StopPoints>
    <AnnotatedStopPointRef>
      <StopPointRef>090050030046</StopPointRef>
      <CommonName>Wath Brow Corner</CommonName>
      <LocalityName>Wath Brow</LocalityName>
      <LocalityQualifier>Cleator Moor</LocalityQualifier>
    </AnnotatedStopPointRef>
    <AnnotatedStopPointRef>
      <StopPointRef>090050010348</StopPointRef>
      <CommonName>Library</CommonName>
      <LocalityName>Frizington</LocalityName>
      <LocalityQualifier>Frizington</LocalityQualifier>
    </AnnotatedStopPointRef>
    <AnnotatedStopPointRef>
      <StopPointRef>090050010349</StopPointRef>
      <CommonName>Library</CommonName>
      <LocalityName>Frizington</LocalityName>
      <LocalityQualifier>Frizington</LocalityQualifier>
    </AnnotatedStopPointRef>
    <AnnotatedStopPointRef>
      <StopPointRef>090050030316</StopPointRef>
      <CommonName>The Square High Street</CommonName>
      <LocalityName>Cleator Moor</LocalityName>
      <LocalityQualifier>Cleator Moor</LocalityQualifier>
    </AnnotatedStopPointRef>
    <AnnotatedStopPointRef>
      <StopPointRef>090050010048</StopPointRef>
      <CommonName>Harras Villas</CommonName>
      <LocalityName>Frizington</LocalityName>
      <LocalityQualifier>Frizington</LocalityQualifier>
    </AnnotatedStopPointRef>
    <AnnotatedStopPointRef>
      <StopPointRef>090050010336</StopPointRef>
      <CommonName>Kangol Factory</CommonName>
      <LocalityName>Frizington</LocalityName>
      <LocalityQualifier>Frizington</LocalityQualifier>
    </AnnotatedStopPointRef>
    <AnnotatedStopPointRef>
      <StopPointRef>090050010337</StopPointRef>
      <CommonName>Freemasons Hall</CommonName>
      <LocalityName>Frizington</LocalityName>
      <LocalityQualifier>Frizington</LocalityQualifier>
    </AnnotatedStopPointRef>
    <AnnotatedStopPointRef>
      <StopPointRef>090050010338</StopPointRef>
      <CommonName>Parkside Inn</CommonName>
      <LocalityName>Wath Brow</LocalityName>
      <LocalityQualifier>Cleator Moor</LocalityQualifier>
    </AnnotatedStopPointRef>
    <AnnotatedStopPointRef>
      <StopPointRef>090050010343</StopPointRef>
      <CommonName>Yeathouse Road</CommonName>
      <LocalityName>Frizington</LocalityName>
      <LocalityQualifier>Frizington</LocalityQualifier>
    </AnnotatedStopPointRef>
    <AnnotatedStopPointRef>
      <StopPointRef>090050030042</StopPointRef>
      <CommonName>Square</CommonName>
      <LocalityName>Cleator Moor</LocalityName>
      <LocalityQualifier>Cleator Moor</LocalityQualifier>
    </AnnotatedStopPointRef>
    <AnnotatedStopPointRef>
      <StopPointRef>090050030333</StopPointRef>
      <CommonName>Wath Brow Corner</CommonName>
      <LocalityName>Wath Brow</LocalityName>
      <LocalityQualifier>Cleator Moor</LocalityQualifier>
    </AnnotatedStopPointRef>
    <AnnotatedStopPointRef>
      <StopPointRef>090050300014</StopPointRef>
      <CommonName>Morrisons</CommonName>
      <LocalityName>Whitehaven</LocalityName>
      <LocalityQualifier>Whitehaven</LocalityQualifier>
    </AnnotatedStopPointRef>
    <AnnotatedStopPointRef>
      <StopPointRef>090050282010</StopPointRef>
      <CommonName>Keekle Terrace</CommonName>
      <LocalityName>Keekle</LocalityName>
      <LocalityQualifier>Keekle</LocalityQualifier>
    </AnnotatedStopPointRef>
    <AnnotatedStopPointRef>
      <StopPointRef>090050282349</StopPointRef>
      <CommonName>The Keekle Inn</CommonName>
      <LocalityName>Keekle</LocalityName>
      <LocalityQualifier>Keekle</LocalityQualifier>
    </AnnotatedStopPointRef>
    <AnnotatedStopPointRef>
      <StopPointRef>090050302127</StopPointRef>
      <CommonName>West Cumberland Hospital</CommonName>
      <LocalityName>South Hensingham</LocalityName>
      <LocalityQualifier>South Hensingham</LocalityQualifier>
    </AnnotatedStopPointRef>
    <AnnotatedStopPointRef>
      <StopPointRef>090050300010</StopPointRef>
      <CommonName>Wilkinsons</CommonName>
      <LocalityName>Whitehaven</LocalityName>
      <LocalityQualifier>Whitehaven</LocalityQualifier>
    </AnnotatedStopPointRef>
    <AnnotatedStopPointRef>
      <StopPointRef>090050302318</StopPointRef>
      <CommonName>Lincoln Road</CommonName>
      <LocalityName>Hensingham</LocalityName>
      <LocalityQualifier>Hensingham</LocalityQualifier>
    </AnnotatedStopPointRef>
    <AnnotatedStopPointRef>
      <StopPointRef>090050302399</StopPointRef>
      <CommonName>Garlieston Court</CommonName>
      <LocalityName>Corkickle</LocalityName>
      <LocalityQualifier>Whitehaven</LocalityQualifier>
    </AnnotatedStopPointRef>
    <AnnotatedStopPointRef>
      <StopPointRef>090050031493</StopPointRef>
      <CommonName>Whinney Hill</CommonName>
      <LocalityName>Bowthorn</LocalityName>
      <LocalityQualifier>Cleator Moor</LocalityQualifier>
    </AnnotatedStopPointRef>
    <AnnotatedStopPointRef>
      <StopPointRef>090050031949</StopPointRef>
      <CommonName>Bowthorn Road</CommonName>
      <LocalityName>Bowthorn</LocalityName>
      <LocalityQualifier>Cleator Moor</LocalityQualifier>
    </AnnotatedStopPointRef>
    <AnnotatedStopPointRef>
      <StopPointRef>090050031959</StopPointRef>
      <CommonName>Whinney Hill</CommonName>
      <LocalityName>Bowthorn</LocalityName>
      <LocalityQualifier>Cleator Moor</LocalityQualifier>
    </AnnotatedStopPointRef>
    <AnnotatedStopPointRef>
      <StopPointRef>090050032340</StopPointRef>
      <CommonName>Robert Owen Avenue</CommonName>
      <LocalityName>Cleator Moor</LocalityName>
      <LocalityQualifier>Cleator Moor</LocalityQualifier>
    </AnnotatedStopPointRef>
    <AnnotatedStopPointRef>
      <StopPointRef>090050032705</StopPointRef>
      <CommonName>Orchard House</CommonName>
      <LocalityName>Cleator Moor</LocalityName>
      <LocalityQualifier>Cleator Moor</LocalityQualifier>
    </AnnotatedStopPointRef>
    <AnnotatedStopPointRef>
      <StopPointRef>090050301476</StopPointRef>
      <CommonName>The Square</CommonName>
      <LocalityName>Hensingham</LocalityName>
      <LocalityQualifier>Hensingham</LocalityQualifier>
    </AnnotatedStopPointRef>
    <AnnotatedStopPointRef>
      <StopPointRef>090050301783</StopPointRef>
      <CommonName>Mariners Way</CommonName>
      <LocalityName>Hensingham</LocalityName>
      <LocalityQualifier>Hensingham</LocalityQualifier>
    </AnnotatedStopPointRef>
    <AnnotatedStopPointRef>
      <StopPointRef>090050302684</StopPointRef>
      <CommonName>Ullswater Avenue</CommonName>
      <LocalityName>Hensingham</LocalityName>
      <LocalityQualifier>Hensingham</LocalityQualifier>
    </AnnotatedStopPointRef>
    <AnnotatedStopPointRef>
      <StopPointRef>090050302807</StopPointRef>
      <CommonName>Lincoln Road</CommonName>
      <LocalityName>Hensingham</LocalityName>
      <LocalityQualifier>Hensingham</LocalityQualifier>
    </AnnotatedStopPointRef>
    <AnnotatedStopPointRef>
      <StopPointRef>090050302815</StopPointRef>
      <CommonName>Garlieston Court</CommonName>
      <LocalityName>Corkickle</LocalityName>
      <LocalityQualifier>Whitehaven</LocalityQualifier>
    </AnnotatedStopPointRef>
    <AnnotatedStopPointRef>
      <StopPointRef>090050012716</StopPointRef>
      <CommonName>Chemist</CommonName>
      <LocalityName>Frizington</LocalityName>
      <LocalityQualifier>Frizington</LocalityQualifier>
    </AnnotatedStopPointRef>
    <AnnotatedStopPointRef>
      <StopPointRef>090050301454</StopPointRef>
      <CommonName>Hensingham Road</CommonName>
      <LocalityName>Hensingham</LocalityName>
      <LocalityQualifier>Hensingham</LocalityQualifier>
    </AnnotatedStopPointRef>
    <AnnotatedStopPointRef>
      <StopPointRef>090050302001</StopPointRef>
      <CommonName>The Square</CommonName>
      <LocalityName>Hensingham</LocalityName>
      <LocalityQualifier>Hensingham</LocalityQualifier>
    </AnnotatedStopPointRef>
    <AnnotatedStopPointRef>
      <StopPointRef>090050301668</StopPointRef>
      <CommonName>West Cumberland Hospital</CommonName>
      <LocalityName>South Hensingham</LocalityName>
      <LocalityQualifier>South Hensingham</LocalityQualifier>
    </AnnotatedStopPointRef>
    <AnnotatedStopPointRef>
      <StopPointRef>090050300158</StopPointRef>
      <CommonName>Morrisons</CommonName>
      <LocalityName>Whitehaven</LocalityName>
      <LocalityQualifier>Whitehaven</LocalityQualifier>
    </AnnotatedStopPointRef>
    <AnnotatedStopPointRef>
      <StopPointRef>090050301742</StopPointRef>
      <CommonName>Patterdale Avenue</CommonName>
      <LocalityName>Hensingham</LocalityName>
      <LocalityQualifier>Hensingham</LocalityQualifier>
    </AnnotatedStopPointRef>
    <AnnotatedStopPointRef>
      <StopPointRef>090050302508</StopPointRef>
      <CommonName>Sneckyeat Road</CommonName>
      <LocalityName>Hensingham</LocalityName>
      <LocalityQualifier>Hensingham</LocalityQualifier>
    </AnnotatedStopPointRef>
    <AnnotatedStopPointRef>
      <StopPointRef>090050303999</StopPointRef>
      <CommonName>Duke Street</CommonName>
      <LocalityName>Whitehaven</LocalityName>
      <LocalityQualifier>Whitehaven</LocalityQualifier>
    </AnnotatedStopPointRef>
    <AnnotatedStopPointRef>
      <StopPointRef>090050010340</StopPointRef>
      <CommonName>Mowbray Farm Road end</CommonName>
      <LocalityName>Frizington</LocalityName>
      <LocalityQualifier>Frizington</LocalityQualifier>
    </AnnotatedStopPointRef>
    <AnnotatedStopPointRef>
      <StopPointRef>090050010342</StopPointRef>
      <CommonName>Yeathouse Road</CommonName>
      <LocalityName>Frizington</LocalityName>
      <LocalityQualifier>Frizington</LocalityQualifier>
    </AnnotatedStopPointRef>
    <AnnotatedStopPointRef>
      <StopPointRef>090050031718</StopPointRef>
      <CommonName>The Crown</CommonName>
      <LocalityName>Bowthorn</LocalityName>
      <LocalityQualifier>Cleator Moor</LocalityQualifier>
    </AnnotatedStopPointRef>
    <AnnotatedStopPointRef>
      <StopPointRef>090050301510</StopPointRef>
      <CommonName>Lowther Arms</CommonName>
      <LocalityName>Hensingham</LocalityName>
      <LocalityQualifier>Hensingham</LocalityQualifier>
    </AnnotatedStopPointRef>
    <AnnotatedStopPointRef>
      <StopPointRef>090050301755</StopPointRef>
      <CommonName>Muncaster Road</CommonName>
      <LocalityName>Hensingham</LocalityName>
      <LocalityQualifier>Hensingham</LocalityQualifier>
    </AnnotatedStopPointRef>
    <AnnotatedStopPointRef>
      <StopPointRef>090050033236</StopPointRef>
      <CommonName>Coop</CommonName>
      <LocalityName>Cleator Moor</LocalityName>
      <LocalityQualifier>Cleator Moor</LocalityQualifier>
    </AnnotatedStopPointRef>
    <AnnotatedStopPointRef>
      <StopPointRef>090050031339</StopPointRef>
      <CommonName>Coop</CommonName>
      <LocalityName>Cleator Moor</LocalityName>
      <LocalityQualifier>Cleator Moor</LocalityQualifier>
    </AnnotatedStopPointRef>
    <AnnotatedStopPointRef>
      <StopPointRef>090050014690</StopPointRef>
      <CommonName>The Griffin</CommonName>
      <LocalityName>Frizington</LocalityName>
      <LocalityQualifier>Frizington</LocalityQualifier>
    </AnnotatedStopPointRef>
    <AnnotatedStopPointRef>
      <StopPointRef>090050014691</StopPointRef>
      <CommonName>Griffin</CommonName>
      <LocalityName>Frizington</LocalityName>
      <LocalityQualifier>Frizington</LocalityQualifier>
    </AnnotatedStopPointRef>
  </StopPoints>
  <JourneyPatternSections>
    <JourneyPatternSection id="JPSection-1">
      <JourneyPatternTimingLink id="JPSection-1-SEC1-POS1">
        <From>
          <Activity>pickUp</Activity>
          <StopPointRef>090050300010</StopPointRef>
          <TimingStatus>PTP</TimingStatus>
        </From>
        <To>
          <Activity>pickUpAndSetDown</Activity>
          <StopPointRef>090050303999</StopPointRef>
          <TimingStatus>PTP</TimingStatus>
        </To>
        <RunTime>PT3M</RunTime>
      </JourneyPatternTimingLink>
      <JourneyPatternTimingLink id="JPSection-1-SEC1-POS2">
        <From>
          <Activity>pickUpAndSetDown</Activity>
          <StopPointRef>090050303999</StopPointRef>
          <TimingStatus>PTP</TimingStatus>
        </From>
        <To>
          <Activity>pickUpAndSetDown</Activity>
          <StopPointRef>090050300158</StopPointRef>
          <TimingStatus>PTP</TimingStatus>
        </To>
        <RunTime>PT2M</RunTime>
      </JourneyPatternTimingLink>
      <JourneyPatternTimingLink id="JPSection-1-SEC1-POS3">
        <From>
          <Activity>pickUpAndSetDown</Activity>
          <StopPointRef>090050300158</StopPointRef>
          <TimingStatus>PTP</TimingStatus>
        </From>
        <To>
          <Activity>pickUpAndSetDown</Activity>
          <StopPointRef>090050302399</StopPointRef>
          <TimingStatus>PTP</TimingStatus>
        </To>
        <RunTime>PT1M</RunTime>
      </JourneyPatternTimingLink>
      <JourneyPatternTimingLink id="JPSection-1-SEC1-POS4">
        <From>
          <Activity>pickUpAndSetDown</Activity>
          <StopPointRef>090050302399</StopPointRef>
          <TimingStatus>PTP</TimingStatus>
        </From>
        <To>
          <Activity>pickUpAndSetDown</Activity>
          <StopPointRef>090050301454</StopPointRef>
          <TimingStatus>PTP</TimingStatus>
        </To>
        <RunTime>PT3M</RunTime>
      </JourneyPatternTimingLink>
      <JourneyPatternTimingLink id="JPSection-1-SEC1-POS5">
        <From>
          <Activity>pickUpAndSetDown</Activity>
          <StopPointRef>090050301454</StopPointRef>
          <TimingStatus>PTP</TimingStatus>
        </From>
        <To>
          <Activity>pickUpAndSetDown</Activity>
          <StopPointRef>090050301476</StopPointRef>
          <TimingStatus>PTP</TimingStatus>
        </To>
        <RunTime>PT0M</RunTime>
      </JourneyPatternTimingLink>
      <JourneyPatternTimingLink id="JPSection-1-SEC1-POS6">
        <From>
          <Activity>pickUpAndSetDown</Activity>
          <StopPointRef>090050301476</StopPointRef>
          <TimingStatus>PTP</TimingStatus>
        </From>
        <To>
          <Activity>pickUpAndSetDown</Activity>
          <StopPointRef>090050302807</StopPointRef>
          <TimingStatus>PTP</TimingStatus>
        </To>
        <RunTime>PT1M</RunTime>
      </JourneyPatternTimingLink>
      <JourneyPatternTimingLink id="JPSection-1-SEC1-POS7">
        <From>
          <Activity>pickUpAndSetDown</Activity>
          <StopPointRef>090050302807</StopPointRef>
          <TimingStatus>PTP</TimingStatus>
        </From>
        <To>
          <Activity>pickUpAndSetDown</Activity>
          <StopPointRef>090050302127</StopPointRef>
          <TimingStatus>PTP</TimingStatus>
        </To>
        <RunTime>PT2M</RunTime>
      </JourneyPatternTimingLink>
      <JourneyPatternTimingLink id="JPSection-1-SEC1-POS8">
        <From>
          <Activity>pickUpAndSetDown</Activity>
          <StopPointRef>090050302127</StopPointRef>
          <TimingStatus>PTP</TimingStatus>
        </From>
        <To>
          <Activity>pickUpAndSetDown</Activity>
          <StopPointRef>090050302508</StopPointRef>
          <TimingStatus>PTP</TimingStatus>
        </To>
        <RunTime>PT0M</RunTime>
      </JourneyPatternTimingLink>
      <JourneyPatternTimingLink id="JPSection-1-SEC1-POS9">
        <From>
          <Activity>pickUpAndSetDown</Activity>
          <StopPointRef>090050302508</StopPointRef>
          <TimingStatus>PTP</TimingStatus>
        </From>
        <To>
          <Activity>pickUpAndSetDown</Activity>
          <StopPointRef>090050302684</StopPointRef>
          <TimingStatus>PTP</TimingStatus>
        </To>
        <RunTime>PT1M</RunTime>
      </JourneyPatternTimingLink>
      <JourneyPatternTimingLink id="JPSection-1-SEC1-POS10">
        <From>
          <Activity>pickUpAndSetDown</Activity>
          <StopPointRef>090050302684</StopPointRef>
          <TimingStatus>PTP</TimingStatus>
        </From>
        <To>
          <Activity>pickUpAndSetDown</Activity>
          <StopPointRef>090050301742</StopPointRef>
          <TimingStatus>PTP</TimingStatus>
        </To>
        <RunTime>PT0M</RunTime>
      </JourneyPatternTimingLink>
      <JourneyPatternTimingLink id="JPSection-1-SEC1-POS11">
        <From>
          <Activity>pickUpAndSetDown</Activity>
          <StopPointRef>090050301742</StopPointRef>
          <TimingStatus>PTP</TimingStatus>
        </From>
        <To>
          <Activity>pickUpAndSetDown</Activity>
          <StopPointRef>090050282010</StopPointRef>
          <TimingStatus>PTP</TimingStatus>
        </To>
        <RunTime>PT1M</RunTime>
      </JourneyPatternTimingLink>
      <JourneyPatternTimingLink id="JPSection-1-SEC1-POS12">
        <From>
          <Activity>pickUpAndSetDown</Activity>
          <StopPointRef>090050282010</StopPointRef>
          <TimingStatus>PTP</TimingStatus>
        </From>
        <To>
          <Activity>pickUpAndSetDown</Activity>
          <StopPointRef>090050031493</StopPointRef>
          <TimingStatus>PTP</TimingStatus>
        </To>
        <RunTime>PT2M</RunTime>
      </JourneyPatternTimingLink>
      <JourneyPatternTimingLink id="JPSection-1-SEC1-POS13">
        <From>
          <Activity>pickUpAndSetDown</Activity>
          <StopPointRef>090050031493</StopPointRef>
          <TimingStatus>PTP</TimingStatus>
        </From>
        <To>
          <Activity>pickUpAndSetDown</Activity>
          <StopPointRef>090050031718</StopPointRef>
          <TimingStatus>PTP</TimingStatus>
        </To>
        <RunTime>PT0M</RunTime>
      </JourneyPatternTimingLink>
      <JourneyPatternTimingLink id="JPSection-1-SEC1-POS14">
        <From>
          <Activity>pickUpAndSetDown</Activity>
          <StopPointRef>090050031718</StopPointRef>
          <TimingStatus>PTP</TimingStatus>
        </From>
        <To>
          <Activity>pickUpAndSetDown</Activity>
          <StopPointRef>090050031339</StopPointRef>
          <TimingStatus>PTP</TimingStatus>
        </To>
        <RunTime>PT1M</RunTime>
      </JourneyPatternTimingLink>
      <JourneyPatternTimingLink id="JPSection-1-SEC1-POS15">
        <From>
          <Activity>pickUpAndSetDown</Activity>
          <StopPointRef>090050031339</StopPointRef>
          <TimingStatus>PTP</TimingStatus>
        </From>
        <To>
          <Activity>pickUpAndSetDown</Activity>
          <StopPointRef>090050030316</StopPointRef>
          <TimingStatus>PTP</TimingStatus>
        </To>
        <RunTime>PT3M</RunTime>
      </JourneyPatternTimingLink>
      <JourneyPatternTimingLink id="JPSection-1-SEC1-POS16">
        <From>
          <Activity>pickUpAndSetDown</Activity>
          <StopPointRef>090050030316</StopPointRef>
          <TimingStatus>PTP</TimingStatus>
        </From>
        <To>
          <Activity>pickUpAndSetDown</Activity>
          <StopPointRef>090050032340</StopPointRef>
          <TimingStatus>PTP</TimingStatus>
        </To>
        <RunTime>PT1M</RunTime>
      </JourneyPatternTimingLink>
      <JourneyPatternTimingLink id="JPSection-1-SEC1-POS17">
        <From>
          <Activity>pickUpAndSetDown</Activity>
          <StopPointRef>090050032340</StopPointRef>
          <TimingStatus>PTP</TimingStatus>
        </From>
        <To>
          <Activity>pickUpAndSetDown</Activity>
          <StopPointRef>090050030046</StopPointRef>
          <TimingStatus>PTP</TimingStatus>
        </To>
        <RunTime>PT1M</RunTime>
      </JourneyPatternTimingLink>
      <JourneyPatternTimingLink id="JPSection-1-SEC1-POS18">
        <From>
          <Activity>pickUpAndSetDown</Activity>
          <StopPointRef>090050030046</StopPointRef>
          <TimingStatus>PTP</TimingStatus>
        </From>
        <To>
          <Activity>pickUpAndSetDown</Activity>
          <StopPointRef>090050010337</StopPointRef>
          <TimingStatus>PTP</TimingStatus>
        </To>
        <RunTime>PT6M</RunTime>
      </JourneyPatternTimingLink>
      <JourneyPatternTimingLink id="JPSection-1-SEC1-POS19">
        <From>
          <Activity>pickUpAndSetDown</Activity>
          <StopPointRef>090050010337</StopPointRef>
          <TimingStatus>PTP</TimingStatus>
        </From>
        <To>
          <Activity>pickUpAndSetDown</Activity>
          <StopPointRef>090050012716</StopPointRef>
          <TimingStatus>PTP</TimingStatus>
        </To>
        <RunTime>PT0M</RunTime>
      </JourneyPatternTimingLink>
      <JourneyPatternTimingLink id="JPSection-1-SEC1-POS20">
        <From>
          <Activity>pickUpAndSetDown</Activity>
          <StopPointRef>090050012716</StopPointRef>
          <TimingStatus>PTP</TimingStatus>
        </From>
        <To>
          <Activity>pickUpAndSetDown</Activity>
          <StopPointRef>090050014690</StopPointRef>
          <TimingStatus>PTP</TimingStatus>
        </To>
        <RunTime>PT0M</RunTime>
      </JourneyPatternTimingLink>
      <JourneyPatternTimingLink id="JPSection-1-SEC1-POS21">
        <From>
          <Activity>pickUpAndSetDown</Activity>
          <StopPointRef>090050014690</StopPointRef>
          <TimingStatus>PTP</TimingStatus>
        </From>
        <To>
          <Activity>pickUpAndSetDown</Activity>
          <StopPointRef>090050010342</StopPointRef>
          <TimingStatus>PTP</TimingStatus>
        </To>
        <RunTime>PT1M</RunTime>
      </JourneyPatternTimingLink>
      <JourneyPatternTimingLink id="JPSection-1-SEC1-POS22">
        <From>
          <Activity>pickUpAndSetDown</Activity>
          <StopPointRef>090050010342</StopPointRef>
          <TimingStatus>PTP</TimingStatus>
        </From>
        <To>
          <Activity>pickUpAndSetDown</Activity>
          <StopPointRef>090050010349</StopPointRef>
          <TimingStatus>PTP</TimingStatus>
        </To>
        <RunTime>PT0M</RunTime>
      </JourneyPatternTimingLink>
      <JourneyPatternTimingLink id="JPSection-1-SEC1-POS23">
        <From>
          <Activity>pickUpAndSetDown</Activity>
          <StopPointRef>090050010349</StopPointRef>
          <TimingStatus>PTP</TimingStatus>
        </From>
        <To>
          <Activity>setDown</Activity>
          <StopPointRef>090050010048</StopPointRef>
          <TimingStatus>PTP</TimingStatus>
        </To>
        <RunTime>PT0M</RunTime>
      </JourneyPatternTimingLink>
    </JourneyPatternSection>
    <JourneyPatternSection id="JPSection-2">
      <JourneyPatternTimingLink id="JPSection-2-SEC2-POS24">
        <From>
          <Activity>pickUp</Activity>
          <StopPointRef>090050010048</StopPointRef>
          <TimingStatus>PTP</TimingStatus>
        </From>
        <To>
          <Activity>pickUpAndSetDown</Activity>
          <StopPointRef>090050010348</StopPointRef>
          <TimingStatus>PTP</TimingStatus>
        </To>
        <RunTime>PT0M</RunTime>
      </JourneyPatternTimingLink>
      <JourneyPatternTimingLink id="JPSection-2-SEC2-POS25">
        <From>
          <Activity>pickUpAndSetDown</Activity>
          <StopPointRef>090050010348</StopPointRef>
          <TimingStatus>PTP</TimingStatus>
        </From>
        <To>
          <Activity>pickUpAndSetDown</Activity>
          <StopPointRef>090050010343</StopPointRef>
          <TimingStatus>PTP</TimingStatus>
        </To>
        <RunTime>PT1M</RunTime>
      </JourneyPatternTimingLink>
      <JourneyPatternTimingLink id="JPSection-2-SEC2-POS26">
        <From>
          <Activity>pickUpAndSetDown</Activity>
          <StopPointRef>090050010343</StopPointRef>
          <TimingStatus>PTP</TimingStatus>
        </From>
        <To>
          <Activity>pickUpAndSetDown</Activity>
          <StopPointRef>090050014691</StopPointRef>
          <TimingStatus>PTP</TimingStatus>
        </To>
        <RunTime>PT1M</RunTime>
      </JourneyPatternTimingLink>
      <JourneyPatternTimingLink id="JPSection-2-SEC2-POS27">
        <From>
          <Activity>pickUpAndSetDown</Activity>
          <StopPointRef>090050014691</StopPointRef>
          <TimingStatus>PTP</TimingStatus>
        </From>
        <To>
          <Activity>pickUpAndSetDown</Activity>
          <StopPointRef>090050010336</StopPointRef>
          <TimingStatus>PTP</TimingStatus>
        </To>
        <RunTime>PT1M</RunTime>
      </JourneyPatternTimingLink>
      <JourneyPatternTimingLink id="JPSection-2-SEC2-POS28">
        <From>
          <Activity>pickUpAndSetDown</Activity>
          <StopPointRef>090050010336</StopPointRef>
          <TimingStatus>PTP</TimingStatus>
        </From>
        <To>
          <Activity>pickUpAndSetDown</Activity>
          <StopPointRef>090050010340</StopPointRef>
          <TimingStatus>PTP</TimingStatus>
        </To>
        <RunTime>PT1M</RunTime>
      </JourneyPatternTimingLink>
      <JourneyPatternTimingLink id="JPSection-2-SEC2-POS29">
        <From>
          <Activity>pickUpAndSetDown</Activity>
          <StopPointRef>090050010340</StopPointRef>
          <TimingStatus>PTP</TimingStatus>
        </From>
        <To>
          <Activity>pickUpAndSetDown</Activity>
          <StopPointRef>090050030333</StopPointRef>
          <TimingStatus>PTP</TimingStatus>
        </To>
        <RunTime>PT3M</RunTime>
      </JourneyPatternTimingLink>
      <JourneyPatternTimingLink id="JPSection-2-SEC2-POS30">
        <From>
          <Activity>pickUpAndSetDown</Activity>
          <StopPointRef>090050030333</StopPointRef>
          <TimingStatus>PTP</TimingStatus>
        </From>
        <To>
          <Activity>pickUpAndSetDown</Activity>
          <StopPointRef>090050010338</StopPointRef>
          <TimingStatus>PTP</TimingStatus>
        </To>
        <RunTime>PT1M</RunTime>
      </JourneyPatternTimingLink>
      <JourneyPatternTimingLink id="JPSection-2-SEC2-POS31">
        <From>
          <Activity>pickUpAndSetDown</Activity>
          <StopPointRef>090050010338</StopPointRef>
          <TimingStatus>PTP</TimingStatus>
        </From>
        <To>
          <Activity>pickUpAndSetDown</Activity>
          <StopPointRef>090050032705</StopPointRef>
          <TimingStatus>PTP</TimingStatus>
        </To>
        <RunTime>PT0M</RunTime>
      </JourneyPatternTimingLink>
      <JourneyPatternTimingLink id="JPSection-2-SEC2-POS32">
        <From>
          <Activity>pickUpAndSetDown</Activity>
          <StopPointRef>090050032705</StopPointRef>
          <TimingStatus>PTP</TimingStatus>
        </From>
        <To>
          <Activity>pickUpAndSetDown</Activity>
          <StopPointRef>090050030042</StopPointRef>
          <TimingStatus>PTP</TimingStatus>
        </To>
        <RunTime>PT2M</RunTime>
      </JourneyPatternTimingLink>
      <JourneyPatternTimingLink id="JPSection-2-SEC2-POS33">
        <From>
          <Activity>pickUpAndSetDown</Activity>
          <StopPointRef>090050030042</StopPointRef>
          <TimingStatus>PTP</TimingStatus>
        </From>
        <To>
          <Activity>pickUpAndSetDown</Activity>
          <StopPointRef>090050033236</StopPointRef>
          <TimingStatus>PTP</TimingStatus>
        </To>
        <RunTime>PT1M</RunTime>
      </JourneyPatternTimingLink>
      <JourneyPatternTimingLink id="JPSection-2-SEC2-POS34">
        <From>
          <Activity>pickUpAndSetDown</Activity>
          <StopPointRef>090050033236</StopPointRef>
          <TimingStatus>PTP</TimingStatus>
        </From>
        <To>
          <Activity>pickUpAndSetDown</Activity>
          <StopPointRef>090050031949</StopPointRef>
          <TimingStatus>PTP</TimingStatus>
        </To>
        <RunTime>PT1M</RunTime>
      </JourneyPatternTimingLink>
      <JourneyPatternTimingLink id="JPSection-2-SEC2-POS35">
        <From>
          <Activity>pickUpAndSetDown</Activity>
          <StopPointRef>090050031949</StopPointRef>
          <TimingStatus>PTP</TimingStatus>
        </From>
        <To>
          <Activity>pickUpAndSetDown</Activity>
          <StopPointRef>090050031959</StopPointRef>
          <TimingStatus>PTP</TimingStatus>
        </To>
        <RunTime>PT0M</RunTime>
      </JourneyPatternTimingLink>
      <JourneyPatternTimingLink id="JPSection-2-SEC2-POS36">
        <From>
          <Activity>pickUpAndSetDown</Activity>
          <StopPointRef>090050031959</StopPointRef>
          <TimingStatus>PTP</TimingStatus>
        </From>
        <To>
          <Activity>pickUpAndSetDown</Activity>
          <StopPointRef>090050282349</StopPointRef>
          <TimingStatus>PTP</TimingStatus>
        </To>
        <RunTime>PT1M</RunTime>
      </JourneyPatternTimingLink>
      <JourneyPatternTimingLink id="JPSection-2-SEC2-POS37">
        <From>
          <Activity>pickUpAndSetDown</Activity>
          <StopPointRef>090050282349</StopPointRef>
          <TimingStatus>PTP</TimingStatus>
        </From>
        <To>
          <Activity>pickUpAndSetDown</Activity>
          <StopPointRef>090050301755</StopPointRef>
          <TimingStatus>PTP</TimingStatus>
        </To>
        <RunTime>PT0M</RunTime>
      </JourneyPatternTimingLink>
      <JourneyPatternTimingLink id="JPSection-2-SEC2-POS38">
        <From>
          <Activity>pickUpAndSetDown</Activity>
          <StopPointRef>090050301755</StopPointRef>
          <TimingStatus>PTP</TimingStatus>
        </From>
        <To>
          <Activity>pickUpAndSetDown</Activity>
          <StopPointRef>090050301783</StopPointRef>
          <TimingStatus>PTP</TimingStatus>
        </To>
        <RunTime>PT5M</RunTime>
      </JourneyPatternTimingLink>
      <JourneyPatternTimingLink id="JPSection-2-SEC2-POS39">
        <From>
          <Activity>pickUpAndSetDown</Activity>
          <StopPointRef>090050301783</StopPointRef>
          <TimingStatus>PTP</TimingStatus>
        </From>
        <To>
          <Activity>pickUpAndSetDown</Activity>
          <StopPointRef>090050301668</StopPointRef>
          <TimingStatus>PTP</TimingStatus>
        </To>
        <RunTime>PT0M</RunTime>
      </JourneyPatternTimingLink>
      <JourneyPatternTimingLink id="JPSection-2-SEC2-POS40">
        <From>
          <Activity>pickUpAndSetDown</Activity>
          <StopPointRef>090050301668</StopPointRef>
          <TimingStatus>PTP</TimingStatus>
        </From>
        <To>
          <Activity>pickUpAndSetDown</Activity>
          <StopPointRef>090050302318</StopPointRef>
          <TimingStatus>PTP</TimingStatus>
        </To>
        <RunTime>PT1M</RunTime>
      </JourneyPatternTimingLink>
      <JourneyPatternTimingLink id="JPSection-2-SEC2-POS41">
        <From>
          <Activity>pickUpAndSetDown</Activity>
          <StopPointRef>090050302318</StopPointRef>
          <TimingStatus>PTP</TimingStatus>
        </From>
        <To>
          <Activity>pickUpAndSetDown</Activity>
          <StopPointRef>090050302001</StopPointRef>
          <TimingStatus>PTP</TimingStatus>
        </To>
        <RunTime>PT2M</RunTime>
      </JourneyPatternTimingLink>
      <JourneyPatternTimingLink id="JPSection-2-SEC2-POS42">
        <From>
          <Activity>pickUpAndSetDown</Activity>
          <StopPointRef>090050302001</StopPointRef>
          <TimingStatus>PTP</TimingStatus>
        </From>
        <To>
          <Activity>pickUpAndSetDown</Activity>
          <StopPointRef>090050301510</StopPointRef>
          <TimingStatus>PTP</TimingStatus>
        </To>
        <RunTime>PT1M</RunTime>
      </JourneyPatternTimingLink>
      <JourneyPatternTimingLink id="JPSection-2-SEC2-POS43">
        <From>
          <Activity>pickUpAndSetDown</Activity>
          <StopPointRef>090050301510</StopPointRef>
          <TimingStatus>PTP</TimingStatus>
        </From>
        <To>
          <Activity>pickUpAndSetDown</Activity>
          <StopPointRef>090050302815</StopPointRef>
          <TimingStatus>PTP</TimingStatus>
        </To>
        <RunTime>PT1M</RunTime>
      </JourneyPatternTimingLink>
      <JourneyPatternTimingLink id="JPSection-2-SEC2-POS44">
        <From>
          <Activity>pickUpAndSetDown</Activity>
          <StopPointRef>090050302815</StopPointRef>
          <TimingStatus>PTP</TimingStatus>
        </From>
        <To>
          <Activity>pickUpAndSetDown</Activity>
          <StopPointRef>090050300014</StopPointRef>
          <TimingStatus>PTP</TimingStatus>
        </To>
        <RunTime>PT2M</RunTime>
      </JourneyPatternTimingLink>
      <JourneyPatternTimingLink id="JPSection-2-SEC2-POS45">
        <From>
          <Activity>pickUpAndSetDown</Activity>
          <StopPointRef>090050300014</StopPointRef>
          <TimingStatus>PTP</TimingStatus>
        </From>
        <To>
          <Activity>setDown</Activity>
          <StopPointRef>090050300010</StopPointRef>
          <TimingStatus>PTP</TimingStatus>
        </To>
        <RunTime>PT2M</RunTime>
      </JourneyPatternTimingLink>
    </JourneyPatternSection>
  </JourneyPatternSections>
  <Operators>
    <Operator id="OId_REA">
      <NationalOperatorCode>REAY</NationalOperatorCode>
      <OperatorCode>REA</OperatorCode>
      <OperatorShortName>REA</OperatorShortName>
    </Operator>
  </Operators>
  <Services>
    <Service>
      <ServiceCode>NW_03_REA_21_1</ServiceCode>
      <Lines>
        <Line id="l_21_REA">
          <LineName>21</LineName>
        </Line>
      </Lines>
      <OperatingPeriod>
        <StartDate>2017-06-05</StartDate>
        <EndDate>2017-12-24</EndDate>
      </OperatingPeriod>
      <RegisteredOperatorRef>OId_REA</RegisteredOperatorRef>
      <StopRequirements>
        <NoNewStopsRequired />
      </StopRequirements>
      <Mode>bus</Mode>
      <Description>Whitehaven - Frizington</Description>
      <StandardService>
        <Origin>Whitehaven</Origin>
        <Destination>Frizington</Destination>
        <JourneyPattern id="JP321">
          <Direction>outbound</Direction>
          <JourneyPatternSectionRefs>JPSection-1</JourneyPatternSectionRefs>
        </JourneyPattern>
        <JourneyPattern id="JP1110">
          <Direction>inbound</Direction>
          <JourneyPatternSectionRefs>JPSection-2</JourneyPatternSectionRefs>
        </JourneyPattern>
      </StandardService>
    </Service>
  </Services>
  <VehicleJourneys>
    <VehicleJourney>
      <PrivateCode>316194</PrivateCode>
      <Operational>
        <VehicleType>
          <VehicleTypeCode>LwFlrBs</VehicleTypeCode>
          <Description>LwFlrBs</Description>
        </VehicleType>
      </Operational>
      <OperatingProfile>
        <RegularDayType>
          <DaysOfWeek>
            <MondayToFriday />
          </DaysOfWeek>
        </RegularDayType>
        <BankHolidayOperation>
          <DaysOfNonOperation>
            <AllBankHolidays />
          </DaysOfNonOperation>
        </BankHolidayOperation>
      </OperatingProfile>
      <VehicleJourneyCode>316194</VehicleJourneyCode>
      <ServiceRef>NW_03_REA_21_1</ServiceRef>
      <LineRef>l_21_REA</LineRef>
      <JourneyPatternRef>JP321</JourneyPatternRef>
      <DepartureTime>09:57:00</DepartureTime>
    </VehicleJourney>
    <VehicleJourney>
      <PrivateCode>316196</PrivateCode>
      <Operational>
        <VehicleType>
          <VehicleTypeCode>LwFlrBs</VehicleTypeCode>
          <Description>LwFlrBs</Description>
        </VehicleType>
      </Operational>
      <OperatingProfile>
        <RegularDayType>
          <DaysOfWeek>
            <Saturday />
          </DaysOfWeek>
        </RegularDayType>
        <BankHolidayOperation>
          <DaysOfNonOperation>
            <AllBankHolidays />
          </DaysOfNonOperation>
        </BankHolidayOperation>
      </OperatingProfile>
      <VehicleJourneyCode>316196</VehicleJourneyCode>
      <ServiceRef>NW_03_REA_21_1</ServiceRef>
      <LineRef>l_21_REA</LineRef>
      <VehicleJourneyRef>316194</VehicleJourneyRef>
      <DepartureTime>10:27:00</DepartureTime>
    </VehicleJourney>
    <VehicleJourney>
      <PrivateCode>316184</PrivateCode>
      <Operational>
        <VehicleType>
          <VehicleTypeCode>LwFlrBs</VehicleTypeCode>
          <Description>LwFlrBs</Description>
        </VehicleType>
      </Operational>
      <OperatingProfile>
        <RegularDayType>
          <DaysOfWeek>
            <MondayToFriday />
          </DaysOfWeek>
        </RegularDayType>
        <BankHolidayOperation>
          <DaysOfNonOperation>
            <AllBankHolidays />
          </DaysOfNonOperation>
        </BankHolidayOperation>
      </OperatingProfile>
      <VehicleJourneyCode>316184</VehicleJourneyCode>
      <ServiceRef>NW_03_REA_21_1</ServiceRef>
      <LineRef>l_21_REA</LineRef>
      <JourneyPatternRef>JP1110</JourneyPatternRef>
      <DepartureTime>10:30:00</DepartureTime>
    </VehicleJourney>
    <VehicleJourney>
      <PrivateCode>316187</PrivateCode>
      <Operational>
        <VehicleType>
          <VehicleTypeCode>LwFlrBs</VehicleTypeCode>
          <Description>LwFlrBs</Description>
        </VehicleType>
      </Operational>
      <OperatingProfile>
        <RegularDayType>
          <DaysOfWeek>
            <MondayToFriday />
          </DaysOfWeek>
        </RegularDayType>
        <BankHolidayOperation>
          <DaysOfNonOperation>
            <AllBankHolidays />
          </DaysOfNonOperation>
        </BankHolidayOperation>
      </OperatingProfile>
      <VehicleJourneyCode>316187</VehicleJourneyCode>
      <ServiceRef>NW_03_REA_21_1</ServiceRef>
      <LineRef>l_21_REA</LineRef>
      <VehicleJourneyRef>316184</VehicleJourneyRef>
      <DepartureTime>12:00:00</DepartureTime>
    </VehicleJourney>
    <VehicleJourney>
      <PrivateCode>316203</PrivateCode>
      <Operational>
        <VehicleType>
          <VehicleTypeCode>LwFlrBs</VehicleTypeCode>
          <Description>LwFlrBs</Description>
        </VehicleType>
      </Operational>
      <OperatingProfile>
        <RegularDayType>
          <DaysOfWeek>
            <MondayToFriday />
          </DaysOfWeek>
        </RegularDayType>
        <BankHolidayOperation>
          <DaysOfNonOperation>
            <AllBankHolidays />
          </DaysOfNonOperation>
        </BankHolidayOperation>
      </OperatingProfile>
      <VehicleJourneyCode>316203</VehicleJourneyCode>
      <ServiceRef>NW_03_REA_21_1</ServiceRef>
      <LineRef>l_21_REA</LineRef>
      <VehicleJourneyRef>316194</VehicleJourneyRef>
      <DepartureTime>10:27:00</DepartureTime>
    </VehicleJourney>
    <VehicleJourney>
      <PrivateCode>316199</PrivateCode>
      <Operational>
        <VehicleType>
          <VehicleTypeCode>LwFlrBs</VehicleTypeCode>
          <Description>LwFlrBs</Description>
        </VehicleType>
      </Operational>
      <OperatingProfile>
        <RegularDayType>
          <DaysOfWeek>
            <Saturday />
          </DaysOfWeek>
        </RegularDayType>
        <BankHolidayOperation>
          <DaysOfNonOperation>
            <AllBankHolidays />
          </DaysOfNonOperation>
        </BankHolidayOperation>
      </OperatingProfile>
      <VehicleJourneyCode>316199</VehicleJourneyCode>
      <ServiceRef>NW_03_REA_21_1</ServiceRef>
      <LineRef>l_21_REA</LineRef>
      <VehicleJourneyRef>316194</VehicleJourneyRef>
      <DepartureTime>13:57:00</DepartureTime>
    </VehicleJourney>
    <VehicleJourney>
      <PrivateCode>316206</PrivateCode>
      <Operational>
        <VehicleType>
          <VehicleTypeCode>LwFlrBs</VehicleTypeCode>
          <Description>LwFlrBs</Description>
        </VehicleType>
      </Operational>
      <OperatingProfile>
        <RegularDayType>
          <DaysOfWeek>
            <MondayToFriday />
          </DaysOfWeek>
        </RegularDayType>
        <BankHolidayOperation>
          <DaysOfNonOperation>
            <AllBankHolidays />
          </DaysOfNonOperation>
        </BankHolidayOperation>
      </OperatingProfile>
      <VehicleJourneyCode>316206</VehicleJourneyCode>
      <ServiceRef>NW_03_REA_21_1</ServiceRef>
      <LineRef>l_21_REA</LineRef>
      <VehicleJourneyRef>316194</VehicleJourneyRef>
      <DepartureTime>12:27:00</DepartureTime>
    </VehicleJourney>
    <VehicleJourney>
      <PrivateCode>316181</PrivateCode>
      <Operational>
        <VehicleType>
          <VehicleTypeCode>LwFlrBs</VehicleTypeCode>
          <Description>LwFlrBs</Description>
        </VehicleType>
      </Operational>
      <OperatingProfile>
        <RegularDayType>
          <DaysOfWeek>
            <Saturday />
          </DaysOfWeek>
        </RegularDayType>
        <BankHolidayOperation>
          <DaysOfNonOperation>
            <AllBankHolidays />
          </DaysOfNonOperation>
        </BankHolidayOperation>
      </OperatingProfile>
      <VehicleJourneyCode>316181</VehicleJourneyCode>
      <ServiceRef>NW_03_REA_21_1</ServiceRef>
      <LineRef>l_21_REA</LineRef>
      <VehicleJourneyRef>316184</VehicleJourneyRef>
      <DepartureTime>15:30:00</DepartureTime>
    </VehicleJourney>
    <VehicleJourney>
      <PrivateCode>316209</PrivateCode>
      <Operational>
        <VehicleType>
          <VehicleTypeCode>LwFlrBs</VehicleTypeCode>
          <Description>LwFlrBs</Description>
        </VehicleType>
      </Operational>
      <OperatingProfile>
        <RegularDayType>
          <DaysOfWeek>
            <MondayToFriday />
          </DaysOfWeek>
        </RegularDayType>
        <BankHolidayOperation>
          <DaysOfNonOperation>
            <AllBankHolidays />
          </DaysOfNonOperation>
        </BankHolidayOperation>
      </OperatingProfile>
      <VehicleJourneyCode>316209</VehicleJourneyCode>
      <ServiceRef>NW_03_REA_21_1</ServiceRef>
      <LineRef>l_21_REA</LineRef>
      <VehicleJourneyRef>316194</VehicleJourneyRef>
      <DepartureTime>13:57:00</DepartureTime>
    </VehicleJourney>
    <VehicleJourney>
      <PrivateCode>316174</PrivateCode>
      <Operational>
        <VehicleType>
          <VehicleTypeCode>LwFlrBs</VehicleTypeCode>
          <Description>LwFlrBs</Description>
        </VehicleType>
      </Operational>
      <OperatingProfile>
        <RegularDayType>
          <DaysOfWeek>
            <Saturday />
          </DaysOfWeek>
        </RegularDayType>
        <BankHolidayOperation>
          <DaysOfNonOperation>
            <AllBankHolidays />
          </DaysOfNonOperation>
        </BankHolidayOperation>
      </OperatingProfile>
      <VehicleJourneyCode>316174</VehicleJourneyCode>
      <ServiceRef>NW_03_REA_21_1</ServiceRef>
      <LineRef>l_21_REA</LineRef>
      <VehicleJourneyRef>316184</VehicleJourneyRef>
      <DepartureTime>09:00:00</DepartureTime>
    </VehicleJourney>
    <VehicleJourney>
      <PrivateCode>316189</PrivateCode>
      <Operational>
        <VehicleType>
          <VehicleTypeCode>LwFlrBs</VehicleTypeCode>
          <Description>LwFlrBs</Description>
        </VehicleType>
      </Operational>
      <OperatingProfile>
        <RegularDayType>
          <DaysOfWeek>
            <MondayToFriday />
          </DaysOfWeek>
        </RegularDayType>
        <BankHolidayOperation>
          <DaysOfNonOperation>
            <AllBankHolidays />
          </DaysOfNonOperation>
        </BankHolidayOperation>
      </OperatingProfile>
      <VehicleJourneyCode>316189</VehicleJourneyCode>
      <ServiceRef>NW_03_REA_21_1</ServiceRef>
      <LineRef>l_21_REA</LineRef>
      <VehicleJourneyRef>316184</VehicleJourneyRef>
      <DepartureTime>13:00:00</DepartureTime>
    </VehicleJourney>
    <VehicleJourney>
      <PrivateCode>316193</PrivateCode>
      <Operational>
        <VehicleType>
          <VehicleTypeCode>LwFlrBs</VehicleTypeCode>
          <Description>LwFlrBs</Description>
        </VehicleType>
      </Operational>
      <OperatingProfile>
        <RegularDayType>
          <DaysOfWeek>
            <Saturday />
          </DaysOfWeek>
        </RegularDayType>
        <BankHolidayOperation>
          <DaysOfNonOperation>
            <AllBankHolidays />
          </DaysOfNonOperation>
        </BankHolidayOperation>
      </OperatingProfile>
      <VehicleJourneyCode>316193</VehicleJourneyCode>
      <ServiceRef>NW_03_REA_21_1</ServiceRef>
      <LineRef>l_21_REA</LineRef>
      <VehicleJourneyRef>316194</VehicleJourneyRef>
      <DepartureTime>08:27:00</DepartureTime>
    </VehicleJourney>
    <VehicleJourney>
      <PrivateCode>316177</PrivateCode>
      <Operational>
        <VehicleType>
          <VehicleTypeCode>LwFlrBs</VehicleTypeCode>
          <Description>LwFlrBs</Description>
        </VehicleType>
      </Operational>
      <OperatingProfile>
        <RegularDayType>
          <DaysOfWeek>
            <Saturday />
          </DaysOfWeek>
        </RegularDayType>
        <BankHolidayOperation>
          <DaysOfNonOperation>
            <AllBankHolidays />
          </DaysOfNonOperation>
        </BankHolidayOperation>
      </OperatingProfile>
      <VehicleJourneyCode>316177</VehicleJourneyCode>
      <ServiceRef>NW_03_REA_21_1</ServiceRef>
      <LineRef>l_21_REA</LineRef>
      <VehicleJourneyRef>316184</VehicleJourneyRef>
      <DepartureTime>11:00:00</DepartureTime>
    </VehicleJourney>
    <VehicleJourney>
      <PrivateCode>316204</PrivateCode>
      <Operational>
        <VehicleType>
          <VehicleTypeCode>LwFlrBs</VehicleTypeCode>
          <Description>LwFlrBs</Description>
        </VehicleType>
      </Operational>
      <OperatingProfile>
        <RegularDayType>
          <DaysOfWeek>
            <MondayToFriday />
          </DaysOfWeek>
        </RegularDayType>
        <BankHolidayOperation>
          <DaysOfNonOperation>
            <AllBankHolidays />
          </DaysOfNonOperation>
        </BankHolidayOperation>
      </OperatingProfile>
      <VehicleJourneyCode>316204</VehicleJourneyCode>
      <ServiceRef>NW_03_REA_21_1</ServiceRef>
      <LineRef>l_21_REA</LineRef>
      <VehicleJourneyRef>316194</VehicleJourneyRef>
      <DepartureTime>11:27:00</DepartureTime>
    </VehicleJourney>
    <VehicleJourney>
      <PrivateCode>316200</PrivateCode>
      <Operational>
        <VehicleType>
          <VehicleTypeCode>LwFlrBs</VehicleTypeCode>
          <Description>LwFlrBs</Description>
        </VehicleType>
      </Operational>
      <OperatingProfile>
        <RegularDayType>
          <DaysOfWeek>
            <Saturday />
          </DaysOfWeek>
        </RegularDayType>
        <BankHolidayOperation>
          <DaysOfNonOperation>
            <AllBankHolidays />
          </DaysOfNonOperation>
        </BankHolidayOperation>
      </OperatingProfile>
      <VehicleJourneyCode>316200</VehicleJourneyCode>
      <ServiceRef>NW_03_REA_21_1</ServiceRef>
      <LineRef>l_21_REA</LineRef>
      <VehicleJourneyRef>316194</VehicleJourneyRef>
      <DepartureTime>14:57:00</DepartureTime>
    </VehicleJourney>
    <VehicleJourney>
      <PrivateCode>316205</PrivateCode>
      <Operational>
        <VehicleType>
          <VehicleTypeCode>LwFlrBs</VehicleTypeCode>
          <Description>LwFlrBs</Description>
        </VehicleType>
      </Operational>
      <OperatingProfile>
        <RegularDayType>
          <DaysOfWeek>
            <MondayToFriday />
          </DaysOfWeek>
        </RegularDayType>
        <BankHolidayOperation>
          <DaysOfNonOperation>
            <AllBankHolidays />
          </DaysOfNonOperation>
        </BankHolidayOperation>
      </OperatingProfile>
      <VehicleJourneyCode>316205</VehicleJourneyCode>
      <ServiceRef>NW_03_REA_21_1</ServiceRef>
      <LineRef>l_21_REA</LineRef>
      <VehicleJourneyRef>316194</VehicleJourneyRef>
      <DepartureTime>11:57:00</DepartureTime>
    </VehicleJourney>
    <VehicleJourney>
      <PrivateCode>316182</PrivateCode>
      <Operational>
        <VehicleType>
          <VehicleTypeCode>LwFlrBs</VehicleTypeCode>
          <Description>LwFlrBs</Description>
        </VehicleType>
      </Operational>
      <OperatingProfile>
        <RegularDayType>
          <DaysOfWeek>
            <MondayToFriday />
          </DaysOfWeek>
        </RegularDayType>
        <BankHolidayOperation>
          <DaysOfNonOperation>
            <AllBankHolidays />
          </DaysOfNonOperation>
        </BankHolidayOperation>
      </OperatingProfile>
      <VehicleJourneyCode>316182</VehicleJourneyCode>
      <ServiceRef>NW_03_REA_21_1</ServiceRef>
      <LineRef>l_21_REA</LineRef>
      <VehicleJourneyRef>316184</VehicleJourneyRef>
      <DepartureTime>09:30:00</DepartureTime>
    </VehicleJourney>
    <VehicleJourney>
      <PrivateCode>316180</PrivateCode>
      <Operational>
        <VehicleType>
          <VehicleTypeCode>LwFlrBs</VehicleTypeCode>
          <Description>LwFlrBs</Description>
        </VehicleType>
      </Operational>
      <OperatingProfile>
        <RegularDayType>
          <DaysOfWeek>
            <Saturday />
          </DaysOfWeek>
        </RegularDayType>
        <BankHolidayOperation>
          <DaysOfNonOperation>
            <AllBankHolidays />
          </DaysOfNonOperation>
        </BankHolidayOperation>
      </OperatingProfile>
      <VehicleJourneyCode>316180</VehicleJourneyCode>
      <ServiceRef>NW_03_REA_21_1</ServiceRef>
      <LineRef>l_21_REA</LineRef>
      <VehicleJourneyRef>316184</VehicleJourneyRef>
      <DepartureTime>14:30:00</DepartureTime>
    </VehicleJourney>
    <VehicleJourney>
      <PrivateCode>316183</PrivateCode>
      <Operational>
        <VehicleType>
          <VehicleTypeCode>LwFlrBs</VehicleTypeCode>
          <Description>LwFlrBs</Description>
        </VehicleType>
      </Operational>
      <OperatingProfile>
        <RegularDayType>
          <DaysOfWeek>
            <MondayToFriday />
          </DaysOfWeek>
        </RegularDayType>
        <BankHolidayOperation>
          <DaysOfNonOperation>
            <AllBankHolidays />
          </DaysOfNonOperation>
        </BankHolidayOperation>
      </OperatingProfile>
      <VehicleJourneyCode>316183</VehicleJourneyCode>
      <ServiceRef>NW_03_REA_21_1</ServiceRef>
      <LineRef>l_21_REA</LineRef>
      <VehicleJourneyRef>316184</VehicleJourneyRef>
      <DepartureTime>10:00:00</DepartureTime>
    </VehicleJourney>
    <VehicleJourney>
      <PrivateCode>316197</PrivateCode>
      <Operational>
        <VehicleType>
          <VehicleTypeCode>LwFlrBs</VehicleTypeCode>
          <Description>LwFlrBs</Description>
        </VehicleType>
      </Operational>
      <OperatingProfile>
        <RegularDayType>
          <DaysOfWeek>
            <Saturday />
          </DaysOfWeek>
        </RegularDayType>
        <BankHolidayOperation>
          <DaysOfNonOperation>
            <AllBankHolidays />
          </DaysOfNonOperation>
        </BankHolidayOperation>
      </OperatingProfile>
      <VehicleJourneyCode>316197</VehicleJourneyCode>
      <ServiceRef>NW_03_REA_21_1</ServiceRef>
      <LineRef>l_21_REA</LineRef>
      <VehicleJourneyRef>316194</VehicleJourneyRef>
      <DepartureTime>11:27:00</DepartureTime>
    </VehicleJourney>
    <VehicleJourney>
      <PrivateCode>316198</PrivateCode>
      <Operational>
        <VehicleType>
          <VehicleTypeCode>LwFlrBs</VehicleTypeCode>
          <Description>LwFlrBs</Description>
        </VehicleType>
      </Operational>
      <OperatingProfile>
        <RegularDayType>
          <DaysOfWeek>
            <Saturday />
          </DaysOfWeek>
        </RegularDayType>
        <BankHolidayOperation>
          <DaysOfNonOperation>
            <AllBankHolidays />
          </DaysOfNonOperation>
        </BankHolidayOperation>
      </OperatingProfile>
      <VehicleJourneyCode>316198</VehicleJourneyCode>
      <ServiceRef>NW_03_REA_21_1</ServiceRef>
      <LineRef>l_21_REA</LineRef>
      <VehicleJourneyRef>316194</VehicleJourneyRef>
      <DepartureTime>12:57:00</DepartureTime>
    </VehicleJourney>
    <VehicleJourney>
      <PrivateCode>316202</PrivateCode>
      <Operational>
        <VehicleType>
          <VehicleTypeCode>LwFlrBs</VehicleTypeCode>
          <Description>LwFlrBs</Description>
        </VehicleType>
      </Operational>
      <OperatingProfile>
        <RegularDayType>
          <DaysOfWeek>
            <MondayToFriday />
          </DaysOfWeek>
        </RegularDayType>
        <BankHolidayOperation>
          <DaysOfNonOperation>
            <AllBankHolidays />
          </DaysOfNonOperation>
        </BankHolidayOperation>
      </OperatingProfile>
      <VehicleJourneyCode>316202</VehicleJourneyCode>
      <ServiceRef>NW_03_REA_21_1</ServiceRef>
      <LineRef>l_21_REA</LineRef>
      <VehicleJourneyRef>316194</VehicleJourneyRef>
      <DepartureTime>10:57:00</DepartureTime>
    </VehicleJourney>
    <VehicleJourney>
      <PrivateCode>316178</PrivateCode>
      <Operational>
        <VehicleType>
          <VehicleTypeCode>LwFlrBs</VehicleTypeCode>
          <Description>LwFlrBs</Description>
        </VehicleType>
      </Operational>
      <OperatingProfile>
        <RegularDayType>
          <DaysOfWeek>
            <Saturday />
          </DaysOfWeek>
        </RegularDayType>
        <BankHolidayOperation>
          <DaysOfNonOperation>
            <AllBankHolidays />
          </DaysOfNonOperation>
        </BankHolidayOperation>
      </OperatingProfile>
      <VehicleJourneyCode>316178</VehicleJourneyCode>
      <ServiceRef>NW_03_REA_21_1</ServiceRef>
      <LineRef>l_21_REA</LineRef>
      <VehicleJourneyRef>316184</VehicleJourneyRef>
      <DepartureTime>12:30:00</DepartureTime>
    </VehicleJourney>
    <VehicleJourney>
      <PrivateCode>316175</PrivateCode>
      <Operational>
        <VehicleType>
          <VehicleTypeCode>LwFlrBs</VehicleTypeCode>
          <Description>LwFlrBs</Description>
        </VehicleType>
      </Operational>
      <OperatingProfile>
        <RegularDayType>
          <DaysOfWeek>
            <Saturday />
          </DaysOfWeek>
        </RegularDayType>
        <BankHolidayOperation>
          <DaysOfNonOperation>
            <AllBankHolidays />
          </DaysOfNonOperation>
        </BankHolidayOperation>
      </OperatingProfile>
      <VehicleJourneyCode>316175</VehicleJourneyCode>
      <ServiceRef>NW_03_REA_21_1</ServiceRef>
      <LineRef>l_21_REA</LineRef>
      <VehicleJourneyRef>316184</VehicleJourneyRef>
      <DepartureTime>08:00:00</DepartureTime>
    </VehicleJourney>
    <VehicleJourney>
      <PrivateCode>316185</PrivateCode>
      <Operational>
        <VehicleType>
          <VehicleTypeCode>LwFlrBs</VehicleTypeCode>
          <Description>LwFlrBs</Description>
        </VehicleType>
      </Operational>
      <OperatingProfile>
        <RegularDayType>
          <DaysOfWeek>
            <MondayToFriday />
          </DaysOfWeek>
        </RegularDayType>
        <BankHolidayOperation>
          <DaysOfNonOperation>
            <AllBankHolidays />
          </DaysOfNonOperation>
        </BankHolidayOperation>
      </OperatingProfile>
      <VehicleJourneyCode>316185</VehicleJourneyCode>
      <ServiceRef>NW_03_REA_21_1</ServiceRef>
      <LineRef>l_21_REA</LineRef>
      <VehicleJourneyRef>316184</VehicleJourneyRef>
      <DepartureTime>11:00:00</DepartureTime>
    </VehicleJourney>
    <VehicleJourney>
      <PrivateCode>316179</PrivateCode>
      <Operational>
        <VehicleType>
          <VehicleTypeCode>LwFlrBs</VehicleTypeCode>
          <Description>LwFlrBs</Description>
        </VehicleType>
      </Operational>
      <OperatingProfile>
        <RegularDayType>
          <DaysOfWeek>
            <Saturday />
          </DaysOfWeek>
        </RegularDayType>
        <BankHolidayOperation>
          <DaysOfNonOperation>
            <AllBankHolidays />
          </DaysOfNonOperation>
        </BankHolidayOperation>
      </OperatingProfile>
      <VehicleJourneyCode>316179</VehicleJourneyCode>
      <ServiceRef>NW_03_REA_21_1</ServiceRef>
      <LineRef>l_21_REA</LineRef>
      <VehicleJourneyRef>316184</VehicleJourneyRef>
      <DepartureTime>13:30:00</DepartureTime>
    </VehicleJourney>
    <VehicleJourney>
      <PrivateCode>316186</PrivateCode>
      <Operational>
        <VehicleType>
          <VehicleTypeCode>LwFlrBs</VehicleTypeCode>
          <Description>LwFlrBs</Description>
        </VehicleType>
      </Operational>
      <OperatingProfile>
        <RegularDayType>
          <DaysOfWeek>
            <MondayToFriday />
          </DaysOfWeek>
        </RegularDayType>
        <BankHolidayOperation>
          <DaysOfNonOperation>
            <AllBankHolidays />
          </DaysOfNonOperation>
        </BankHolidayOperation>
      </OperatingProfile>
      <VehicleJourneyCode>316186</VehicleJourneyCode>
      <ServiceRef>NW_03_REA_21_1</ServiceRef>
      <LineRef>l_21_REA</LineRef>
      <VehicleJourneyRef>316184</VehicleJourneyRef>
      <DepartureTime>11:30:00</DepartureTime>
    </VehicleJourney>
    <VehicleJourney>
      <PrivateCode>316192</PrivateCode>
      <Operational>
        <VehicleType>
          <VehicleTypeCode>LwFlrBs</VehicleTypeCode>
          <Description>LwFlrBs</Description>
        </VehicleType>
      </Operational>
      <OperatingProfile>
        <RegularDayType>
          <DaysOfWeek>
            <Saturday />
          </DaysOfWeek>
        </RegularDayType>
        <BankHolidayOperation>
          <DaysOfNonOperation>
            <AllBankHolidays />
          </DaysOfNonOperation>
        </BankHolidayOperation>
      </OperatingProfile>
      <VehicleJourneyCode>316192</VehicleJourneyCode>
      <ServiceRef>NW_03_REA_21_1</ServiceRef>
      <LineRef>l_21_REA</LineRef>
      <VehicleJourneyRef>316194</VehicleJourneyRef>
      <DepartureTime>09:27:00</DepartureTime>
    </VehicleJourney>
    <VehicleJourney>
      <PrivateCode>316190</PrivateCode>
      <Operational>
        <VehicleType>
          <VehicleTypeCode>LwFlrBs</VehicleTypeCode>
          <Description>LwFlrBs</Description>
        </VehicleType>
      </Operational>
      <OperatingProfile>
        <RegularDayType>
          <DaysOfWeek>
            <MondayToFriday />
          </DaysOfWeek>
        </RegularDayType>
        <BankHolidayOperation>
          <DaysOfNonOperation>
            <AllBankHolidays />
          </DaysOfNonOperation>
        </BankHolidayOperation>
      </OperatingProfile>
      <VehicleJourneyCode>316190</VehicleJourneyCode>
      <ServiceRef>NW_03_REA_21_1</ServiceRef>
      <LineRef>l_21_REA</LineRef>
      <VehicleJourneyRef>316184</VehicleJourneyRef>
      <DepartureTime>13:30:00</DepartureTime>
    </VehicleJourney>
    <VehicleJourney>
      <PrivateCode>316176</PrivateCode>
      <Operational>
        <VehicleType>
          <VehicleTypeCode>LwFlrBs</VehicleTypeCode>
          <Description>LwFlrBs</Description>
        </VehicleType>
      </Operational>
      <OperatingProfile>
        <RegularDayType>
          <DaysOfWeek>
            <Saturday />
          </DaysOfWeek>
        </RegularDayType>
        <BankHolidayOperation>
          <DaysOfNonOperation>
            <AllBankHolidays />
          </DaysOfNonOperation>
        </BankHolidayOperation>
      </OperatingProfile>
      <VehicleJourneyCode>316176</VehicleJourneyCode>
      <ServiceRef>NW_03_REA_21_1</ServiceRef>
      <LineRef>l_21_REA</LineRef>
      <VehicleJourneyRef>316184</VehicleJourneyRef>
      <DepartureTime>10:00:00</DepartureTime>
    </VehicleJourney>
    <VehicleJourney>
      <PrivateCode>316201</PrivateCode>
      <Operational>
        <VehicleType>
          <VehicleTypeCode>LwFlrBs</VehicleTypeCode>
          <Description>LwFlrBs</Description>
        </VehicleType>
      </Operational>
      <OperatingProfile>
        <RegularDayType>
          <DaysOfWeek>
            <Saturday />
          </DaysOfWeek>
        </RegularDayType>
        <BankHolidayOperation>
          <DaysOfNonOperation>
            <AllBankHolidays />
          </DaysOfNonOperation>
        </BankHolidayOperation>
      </OperatingProfile>
      <VehicleJourneyCode>316201</VehicleJourneyCode>
      <ServiceRef>NW_03_REA_21_1</ServiceRef>
      <LineRef>l_21_REA</LineRef>
      <VehicleJourneyRef>316194</VehicleJourneyRef>
      <DepartureTime>15:57:00</DepartureTime>
    </VehicleJourney>
    <VehicleJourney>
      <PrivateCode>316207</PrivateCode>
      <Operational>
        <VehicleType>
          <VehicleTypeCode>LwFlrBs</VehicleTypeCode>
          <Description>LwFlrBs</Description>
        </VehicleType>
      </Operational>
      <OperatingProfile>
        <RegularDayType>
          <DaysOfWeek>
            <MondayToFriday />
          </DaysOfWeek>
        </RegularDayType>
        <BankHolidayOperation>
          <DaysOfNonOperation>
            <AllBankHolidays />
          </DaysOfNonOperation>
        </BankHolidayOperation>
      </OperatingProfile>
      <VehicleJourneyCode>316207</VehicleJourneyCode>
      <ServiceRef>NW_03_REA_21_1</ServiceRef>
      <LineRef>l_21_REA</LineRef>
      <VehicleJourneyRef>316194</VehicleJourneyRef>
      <DepartureTime>12:57:00</DepartureTime>
    </VehicleJourney>
    <VehicleJourney>
      <PrivateCode>316188</PrivateCode>
      <Operational>
        <VehicleType>
          <VehicleTypeCode>LwFlrBs</VehicleTypeCode>
          <Description>LwFlrBs</Description>
        </VehicleType>
      </Operational>
      <OperatingProfile>
        <RegularDayType>
          <DaysOfWeek>
            <MondayToFriday />
          </DaysOfWeek>
        </RegularDayType>
        <BankHolidayOperation>
          <DaysOfNonOperation>
            <AllBankHolidays />
          </DaysOfNonOperation>
        </BankHolidayOperation>
      </OperatingProfile>
      <VehicleJourneyCode>316188</VehicleJourneyCode>
      <ServiceRef>NW_03_REA_21_1</ServiceRef>
      <LineRef>l_21_REA</LineRef>
      <VehicleJourneyRef>316184</VehicleJourneyRef>
      <DepartureTime>12:30:00</DepartureTime>
    </VehicleJourney>
    <VehicleJourney>
      <PrivateCode>316208</PrivateCode>
      <Operational>
        <VehicleType>
          <VehicleTypeCode>LwFlrBs</VehicleTypeCode>
          <Description>LwFlrBs</Description>
        </VehicleType>
      </Operational>
      <OperatingProfile>
        <RegularDayType>
          <DaysOfWeek>
            <MondayToFriday />
          </DaysOfWeek>
        </RegularDayType>
        <BankHolidayOperation>
          <DaysOfNonOperation>
            <AllBankHolidays />
          </DaysOfNonOperation>
        </BankHolidayOperation>
      </OperatingProfile>
      <VehicleJourneyCode>316208</VehicleJourneyCode>
      <ServiceRef>NW_03_REA_21_1</ServiceRef>
      <LineRef>l_21_REA</LineRef>
      <VehicleJourneyRef>316194</VehicleJourneyRef>
      <DepartureTime>13:27:00</DepartureTime>
    </VehicleJourney>
  </VehicleJourneys>
</TransXChange>