<?xml version="1.0" encoding="utf-8"?>
<TransXChange xmlns:xsd="http://www.w3.org/2001/XMLSchema" xmlns:xsi="http://www.w3.org/2001/XMLSchema-instance" xsi:schemaLocation="http://www.transxchange.org.uk/ http://www.transxchange.org.uk/schema/2.1/TransXChange_general.xsd" CreationDateTime="2017-09-21T11:35:16.9067069+01:00" ModificationDateTime="2017-09-21T11:35:16.9067069+01:00" Modification="new" RevisionNumber="1" FileName="TXC.xml" SchemaVersion="2.1" RegistrationDocument="false" xmlns="http://www.transxchange.org.uk/">
  <StopPoints>
    <AnnotatedStopPointRef>
      <StopPointRef>090010020511</StopPointRef>
      <CommonName>House of Lords</CommonName>
      <LocalityName>Barrow-in-Furness</LocalityName>
      <LocalityQualifier>Barrow-in-Furness</LocalityQualifier>
    </AnnotatedStopPointRef>
    <AnnotatedStopPointRef>
      <StopPointRef>090010020512</StopPointRef>
      <CommonName>VSEL</CommonName>
      <LocalityName>Barrow Island</LocalityName>
      <LocalityQualifier>Barrow Island</LocalityQualifier>
    </AnnotatedStopPointRef>
    <AnnotatedStopPointRef>
      <StopPointRef>090010020514</StopPointRef>
      <CommonName>Cavendish Street</CommonName>
      <LocalityName>Barrow-in-Furness</LocalityName>
      <LocalityQualifier>Barrow-in-Furness</LocalityQualifier>
    </AnnotatedStopPointRef>
    <AnnotatedStopPointRef>
      <StopPointRef>090010020515</StopPointRef>
      <CommonName>VSEL</CommonName>
      <LocalityName>Barrow Island</LocalityName>
      <LocalityQualifier>Barrow Island</LocalityQualifier>
    </AnnotatedStopPointRef>
    <AnnotatedStopPointRef>
      <StopPointRef>090010020516</StopPointRef>
      <CommonName>Tea House</CommonName>
      <LocalityName>Barrow Island</LocalityName>
      <LocalityQualifier>Barrow Island</LocalityQualifier>
    </AnnotatedStopPointRef>
    <AnnotatedStopPointRef>
      <StopPointRef>090010020517</StopPointRef>
      <CommonName>Town Hall</CommonName>
      <LocalityName>Barrow-in-Furness</LocalityName>
      <LocalityQualifier>Barrow-in-Furness</LocalityQualifier>
    </AnnotatedStopPointRef>
    <AnnotatedStopPointRef>
      <StopPointRef>090010020518</StopPointRef>
      <CommonName>St Johns Church</CommonName>
      <LocalityName>Barrow Island</LocalityName>
      <LocalityQualifier>Barrow Island</LocalityQualifier>
    </AnnotatedStopPointRef>
    <AnnotatedStopPointRef>
      <StopPointRef>090010020431</StopPointRef>
      <CommonName>Caravan Park</CommonName>
      <LocalityName>West Shore</LocalityName>
      <LocalityQualifier>West Shore</LocalityQualifier>
    </AnnotatedStopPointRef>
    <AnnotatedStopPointRef>
      <StopPointRef>090010020432</StopPointRef>
      <CommonName>Cow Tarns Lane</CommonName>
      <LocalityName>West Shore</LocalityName>
      <LocalityQualifier>West Shore</LocalityQualifier>
    </AnnotatedStopPointRef>
    <AnnotatedStopPointRef>
      <StopPointRef>090010020433</StopPointRef>
      <CommonName>Cow Tarns Lane</CommonName>
      <LocalityName>West Shore</LocalityName>
      <LocalityQualifier>West Shore</LocalityQualifier>
    </AnnotatedStopPointRef>
    <AnnotatedStopPointRef>
      <StopPointRef>090010020504</StopPointRef>
      <CommonName>Coffee House</CommonName>
      <LocalityName>Barrow Island</LocalityName>
      <LocalityQualifier>Barrow Island</LocalityQualifier>
    </AnnotatedStopPointRef>
    <AnnotatedStopPointRef>
      <StopPointRef>090010020505</StopPointRef>
      <CommonName>Coffee House</CommonName>
      <LocalityName>Barrow Island</LocalityName>
      <LocalityQualifier>Barrow Island</LocalityQualifier>
    </AnnotatedStopPointRef>
    <AnnotatedStopPointRef>
      <StopPointRef>090010020506</StopPointRef>
      <CommonName>Ramsden Square</CommonName>
      <LocalityName>Barrow-in-Furness</LocalityName>
      <LocalityQualifier>Barrow-in-Furness</LocalityQualifier>
    </AnnotatedStopPointRef>
    <AnnotatedStopPointRef>
      <StopPointRef>090010020500</StopPointRef>
      <CommonName>BAE Systems</CommonName>
      <LocalityName>Barrow Island</LocalityName>
      <LocalityQualifier>Barrow Island</LocalityQualifier>
    </AnnotatedStopPointRef>
    <AnnotatedStopPointRef>
      <StopPointRef>090010020435</StopPointRef>
      <CommonName>Severn Road</CommonName>
      <LocalityName>West Shore</LocalityName>
      <LocalityQualifier>West Shore</LocalityQualifier>
    </AnnotatedStopPointRef>
    <AnnotatedStopPointRef>
      <StopPointRef>090010020436</StopPointRef>
      <CommonName>Severn Road</CommonName>
      <LocalityName>West Shore</LocalityName>
      <LocalityQualifier>West Shore</LocalityQualifier>
    </AnnotatedStopPointRef>
    <AnnotatedStopPointRef>
      <StopPointRef>090010020437</StopPointRef>
      <CommonName>Derwent Bank</CommonName>
      <LocalityName>West Shore</LocalityName>
      <LocalityQualifier>West Shore</LocalityQualifier>
    </AnnotatedStopPointRef>
    <AnnotatedStopPointRef>
      <StopPointRef>090010020438</StopPointRef>
      <CommonName>Mersey Road</CommonName>
      <LocalityName>West Shore</LocalityName>
      <LocalityQualifier>West Shore</LocalityQualifier>
    </AnnotatedStopPointRef>
    <AnnotatedStopPointRef>
      <StopPointRef>090010020439</StopPointRef>
      <CommonName>Mersey Road</CommonName>
      <LocalityName>West Shore</LocalityName>
      <LocalityQualifier>West Shore</LocalityQualifier>
    </AnnotatedStopPointRef>
    <AnnotatedStopPointRef>
      <StopPointRef>090010020463</StopPointRef>
      <CommonName>Community Centre</CommonName>
      <LocalityName>Walney</LocalityName>
      <LocalityQualifier>Walney</LocalityQualifier>
    </AnnotatedStopPointRef>
    <AnnotatedStopPointRef>
      <StopPointRef>090010020474</StopPointRef>
      <CommonName>Park Lane</CommonName>
      <LocalityName>Walney</LocalityName>
      <LocalityQualifier>Walney</LocalityQualifier>
    </AnnotatedStopPointRef>
    <AnnotatedStopPointRef>
      <StopPointRef>090010020476</StopPointRef>
      <CommonName>Park Lane</CommonName>
      <LocalityName>Walney</LocalityName>
      <LocalityQualifier>Walney</LocalityQualifier>
    </AnnotatedStopPointRef>
    <AnnotatedStopPointRef>
      <StopPointRef>090010020480</StopPointRef>
      <CommonName>St Mary's Church</CommonName>
      <LocalityName>Walney</LocalityName>
      <LocalityQualifier>Walney</LocalityQualifier>
    </AnnotatedStopPointRef>
    <AnnotatedStopPointRef>
      <StopPointRef>090010020489</StopPointRef>
      <CommonName>Jubilee Bridge</CommonName>
      <LocalityName>Walney</LocalityName>
      <LocalityQualifier>Walney</LocalityQualifier>
    </AnnotatedStopPointRef>
    <AnnotatedStopPointRef>
      <StopPointRef>090010020492</StopPointRef>
      <CommonName>roundabout</CommonName>
      <LocalityName>Hindpool</LocalityName>
      <LocalityQualifier>Hindpool</LocalityQualifier>
    </AnnotatedStopPointRef>
    <AnnotatedStopPointRef>
      <StopPointRef>090010020501</StopPointRef>
      <CommonName>The Devonshire</CommonName>
      <LocalityName>Barrow Island</LocalityName>
      <LocalityQualifier>Barrow Island</LocalityQualifier>
    </AnnotatedStopPointRef>
    <AnnotatedStopPointRef>
      <StopPointRef>090010020496</StopPointRef>
      <CommonName>Earle Street</CommonName>
      <LocalityName>Barrow Island</LocalityName>
      <LocalityQualifier>Barrow Island</LocalityQualifier>
    </AnnotatedStopPointRef>
    <AnnotatedStopPointRef>
      <StopPointRef>090010020497</StopPointRef>
      <CommonName>Shipyard</CommonName>
      <LocalityName>Barrow Island</LocalityName>
      <LocalityQualifier>Barrow Island</LocalityQualifier>
    </AnnotatedStopPointRef>
    <AnnotatedStopPointRef>
      <StopPointRef>090010020498</StopPointRef>
      <CommonName>Shipyard</CommonName>
      <LocalityName>Barrow Island</LocalityName>
      <LocalityQualifier>Barrow Island</LocalityQualifier>
    </AnnotatedStopPointRef>
    <AnnotatedStopPointRef>
      <StopPointRef>090010020499</StopPointRef>
      <CommonName>Bridge Road Works</CommonName>
      <LocalityName>Barrow Island</LocalityName>
      <LocalityQualifier>Barrow Island</LocalityQualifier>
    </AnnotatedStopPointRef>
    <AnnotatedStopPointRef>
      <StopPointRef>090010020440</StopPointRef>
      <CommonName>Eden Avenue</CommonName>
      <LocalityName>West Shore</LocalityName>
      <LocalityQualifier>West Shore</LocalityQualifier>
    </AnnotatedStopPointRef>
    <AnnotatedStopPointRef>
      <StopPointRef>090010020441</StopPointRef>
      <CommonName>Southport Drive</CommonName>
      <LocalityName>West Shore</LocalityName>
      <LocalityQualifier>West Shore</LocalityQualifier>
    </AnnotatedStopPointRef>
    <AnnotatedStopPointRef>
      <StopPointRef>090010020442</StopPointRef>
      <CommonName>Shops</CommonName>
      <LocalityName>West Shore</LocalityName>
      <LocalityQualifier>West Shore</LocalityQualifier>
    </AnnotatedStopPointRef>
    <AnnotatedStopPointRef>
      <StopPointRef>090010020443</StopPointRef>
      <CommonName>Wensium Lea</CommonName>
      <LocalityName>West Shore</LocalityName>
      <LocalityQualifier>West Shore</LocalityQualifier>
    </AnnotatedStopPointRef>
    <AnnotatedStopPointRef>
      <StopPointRef>090010020444</StopPointRef>
      <CommonName>Southport Drive</CommonName>
      <LocalityName>West Shore</LocalityName>
      <LocalityQualifier>West Shore</LocalityQualifier>
    </AnnotatedStopPointRef>
    <AnnotatedStopPointRef>
      <StopPointRef>090010020445</StopPointRef>
      <CommonName>shops</CommonName>
      <LocalityName>West Shore</LocalityName>
      <LocalityQualifier>West Shore</LocalityQualifier>
    </AnnotatedStopPointRef>
    <AnnotatedStopPointRef>
      <StopPointRef>090010020449</StopPointRef>
      <CommonName>Furness Golf Club</CommonName>
      <LocalityName>West Shore</LocalityName>
      <LocalityQualifier>West Shore</LocalityQualifier>
    </AnnotatedStopPointRef>
    <AnnotatedStopPointRef>
      <StopPointRef>090010020450</StopPointRef>
      <CommonName>School playing fields</CommonName>
      <LocalityName>West Shore</LocalityName>
      <LocalityQualifier>West Shore</LocalityQualifier>
    </AnnotatedStopPointRef>
    <AnnotatedStopPointRef>
      <StopPointRef>090010020494</StopPointRef>
      <CommonName>Stewart Street</CommonName>
      <LocalityName>Hindpool</LocalityName>
      <LocalityQualifier>Hindpool</LocalityQualifier>
    </AnnotatedStopPointRef>
    <AnnotatedStopPointRef>
      <StopPointRef>090010020495</StopPointRef>
      <CommonName>Earle Street</CommonName>
      <LocalityName>Barrow Island</LocalityName>
      <LocalityQualifier>Barrow Island</LocalityQualifier>
    </AnnotatedStopPointRef>
    <AnnotatedStopPointRef>
      <StopPointRef>090010020452</StopPointRef>
      <CommonName>Furness Golf Club</CommonName>
      <LocalityName>Walney</LocalityName>
      <LocalityQualifier>Walney</LocalityQualifier>
    </AnnotatedStopPointRef>
    <AnnotatedStopPointRef>
      <StopPointRef>090010020454</StopPointRef>
      <CommonName>George Hotel</CommonName>
      <LocalityName>Walney</LocalityName>
      <LocalityQualifier>Walney</LocalityQualifier>
    </AnnotatedStopPointRef>
    <AnnotatedStopPointRef>
      <StopPointRef>090010020552</StopPointRef>
      <CommonName>Ostley House</CommonName>
      <LocalityName>Abbey</LocalityName>
      <LocalityQualifier>Barrow-in-Furness</LocalityQualifier>
    </AnnotatedStopPointRef>
    <AnnotatedStopPointRef>
      <StopPointRef>090010020553</StopPointRef>
      <CommonName>Ostley House</CommonName>
      <LocalityName>Abbey</LocalityName>
      <LocalityQualifier>Barrow-in-Furness</LocalityQualifier>
    </AnnotatedStopPointRef>
    <AnnotatedStopPointRef>
      <StopPointRef>090010021160</StopPointRef>
      <CommonName>Community Centre</CommonName>
      <LocalityName>Walney</LocalityName>
      <LocalityQualifier>Walney</LocalityQualifier>
    </AnnotatedStopPointRef>
    <AnnotatedStopPointRef>
      <StopPointRef>090010021164</StopPointRef>
      <CommonName>County Court</CommonName>
      <LocalityName>Barrow-in-Furness</LocalityName>
      <LocalityQualifier>Barrow-in-Furness</LocalityQualifier>
    </AnnotatedStopPointRef>
    <AnnotatedStopPointRef>
      <StopPointRef>090010020563</StopPointRef>
      <CommonName>Leith Flat Brow</CommonName>
      <LocalityName>Abbey</LocalityName>
      <LocalityQualifier>Barrow-in-Furness</LocalityQualifier>
    </AnnotatedStopPointRef>
    <AnnotatedStopPointRef>
      <StopPointRef>090010020567</StopPointRef>
      <CommonName>Rating Lane</CommonName>
      <LocalityName>Abbey</LocalityName>
      <LocalityQualifier>Barrow-in-Furness</LocalityQualifier>
    </AnnotatedStopPointRef>
    <AnnotatedStopPointRef>
      <StopPointRef>090010020526</StopPointRef>
      <CommonName>Craven House</CommonName>
      <LocalityName>Barrow-in-Furness</LocalityName>
      <LocalityQualifier>Barrow-in-Furness</LocalityQualifier>
    </AnnotatedStopPointRef>
    <AnnotatedStopPointRef>
      <StopPointRef>090010020527</StopPointRef>
      <CommonName>Craven House</CommonName>
      <LocalityName>Barrow-in-Furness</LocalityName>
      <LocalityQualifier>Barrow-in-Furness</LocalityQualifier>
    </AnnotatedStopPointRef>
    <AnnotatedStopPointRef>
      <StopPointRef>090010021168</StopPointRef>
      <CommonName>The Strawberry Hotel</CommonName>
      <LocalityName>Abbey</LocalityName>
      <LocalityQualifier>Barrow-in-Furness</LocalityQualifier>
    </AnnotatedStopPointRef>
    <AnnotatedStopPointRef>
      <StopPointRef>090010020529</StopPointRef>
      <CommonName>Magistrates Courts</CommonName>
      <LocalityName>Barrow-in-Furness</LocalityName>
      <LocalityQualifier>Barrow-in-Furness</LocalityQualifier>
    </AnnotatedStopPointRef>
    <AnnotatedStopPointRef>
      <StopPointRef>090010020530</StopPointRef>
      <CommonName>Post Office</CommonName>
      <LocalityName>Barrow-in-Furness</LocalityName>
      <LocalityQualifier>Barrow-in-Furness</LocalityQualifier>
    </AnnotatedStopPointRef>
    <AnnotatedStopPointRef>
      <StopPointRef>090010020532</StopPointRef>
      <CommonName>West View Road</CommonName>
      <LocalityName>Abbey</LocalityName>
      <LocalityQualifier>Barrow-in-Furness</LocalityQualifier>
    </AnnotatedStopPointRef>
    <AnnotatedStopPointRef>
      <StopPointRef>090010020534</StopPointRef>
      <CommonName>Baptist Church</CommonName>
      <LocalityName>Abbey</LocalityName>
      <LocalityQualifier>Barrow-in-Furness</LocalityQualifier>
    </AnnotatedStopPointRef>
    <AnnotatedStopPointRef>
      <StopPointRef>090010020535</StopPointRef>
      <CommonName>Whitehouse Hotel</CommonName>
      <LocalityName>Abbey</LocalityName>
      <LocalityQualifier>Barrow-in-Furness</LocalityQualifier>
    </AnnotatedStopPointRef>
    <AnnotatedStopPointRef>
      <StopPointRef>090010020536</StopPointRef>
      <CommonName>Kwik Fit</CommonName>
      <LocalityName>Abbey</LocalityName>
      <LocalityQualifier>Barrow-in-Furness</LocalityQualifier>
    </AnnotatedStopPointRef>
    <AnnotatedStopPointRef>
      <StopPointRef>090010020538</StopPointRef>
      <CommonName>Victoria Avenue</CommonName>
      <LocalityName>Abbey</LocalityName>
      <LocalityQualifier>Barrow-in-Furness</LocalityQualifier>
    </AnnotatedStopPointRef>
    <AnnotatedStopPointRef>
      <StopPointRef>090010020545</StopPointRef>
      <CommonName>Strawberry Hotel</CommonName>
      <LocalityName>Abbey</LocalityName>
      <LocalityQualifier>Barrow-in-Furness</LocalityQualifier>
    </AnnotatedStopPointRef>
    <AnnotatedStopPointRef>
      <StopPointRef>090010020540</StopPointRef>
      <CommonName>Ilkley Road</CommonName>
      <LocalityName>Abbey</LocalityName>
      <LocalityQualifier>Barrow-in-Furness</LocalityQualifier>
    </AnnotatedStopPointRef>
    <AnnotatedStopPointRef>
      <StopPointRef>090010020541</StopPointRef>
      <CommonName>Ilkley Road</CommonName>
      <LocalityName>Abbey</LocalityName>
      <LocalityQualifier>Barrow-in-Furness</LocalityQualifier>
    </AnnotatedStopPointRef>
    <AnnotatedStopPointRef>
      <StopPointRef>090010020543</StopPointRef>
      <CommonName>Abbey Road Petrol Station</CommonName>
      <LocalityName>Abbey</LocalityName>
      <LocalityQualifier>Barrow-in-Furness</LocalityQualifier>
    </AnnotatedStopPointRef>
    <AnnotatedStopPointRef>
      <StopPointRef>090010020544</StopPointRef>
      <CommonName>Arlington House Hotel</CommonName>
      <LocalityName>Abbey</LocalityName>
      <LocalityQualifier>Barrow-in-Furness</LocalityQualifier>
    </AnnotatedStopPointRef>
    <AnnotatedStopPointRef>
      <StopPointRef>090010020558</StopPointRef>
      <CommonName>Infield Crescent</CommonName>
      <LocalityName>Abbey</LocalityName>
      <LocalityQualifier>Barrow-in-Furness</LocalityQualifier>
    </AnnotatedStopPointRef>
    <AnnotatedStopPointRef>
      <StopPointRef>090010020520</StopPointRef>
      <CommonName>The Furness Railway</CommonName>
      <LocalityName>Barrow-in-Furness</LocalityName>
      <LocalityQualifier>Barrow-in-Furness</LocalityQualifier>
    </AnnotatedStopPointRef>
    <AnnotatedStopPointRef>
      <StopPointRef>090010021525</StopPointRef>
      <CommonName>Market Hall</CommonName>
      <LocalityName>Barrow-in-Furness</LocalityName>
      <LocalityQualifier>Barrow-in-Furness</LocalityQualifier>
    </AnnotatedStopPointRef>
    <AnnotatedStopPointRef>
      <StopPointRef>090010021861</StopPointRef>
      <CommonName>Sixth Form College</CommonName>
      <LocalityName>Furness Abbey</LocalityName>
      <LocalityQualifier>Barrow-in-Furness</LocalityQualifier>
    </AnnotatedStopPointRef>
    <AnnotatedStopPointRef>
      <StopPointRef>090010020561</StopPointRef>
      <CommonName>Priors Lea</CommonName>
      <LocalityName>Abbey</LocalityName>
      <LocalityQualifier>Barrow-in-Furness</LocalityQualifier>
    </AnnotatedStopPointRef>
    <AnnotatedStopPointRef>
      <StopPointRef>090010022175</StopPointRef>
      <CommonName>Sixth Form College</CommonName>
      <LocalityName>Furness Abbey</LocalityName>
      <LocalityQualifier>Barrow-in-Furness</LocalityQualifier>
    </AnnotatedStopPointRef>
    <AnnotatedStopPointRef>
      <StopPointRef>090010021710</StopPointRef>
      <CommonName>Manor Farm</CommonName>
      <LocalityName>Furness Abbey</LocalityName>
      <LocalityQualifier>Barrow-in-Furness</LocalityQualifier>
    </AnnotatedStopPointRef>
    <AnnotatedStopPointRef>
      <StopPointRef>090010020482</StopPointRef>
      <CommonName>Promenade</CommonName>
      <LocalityName>Walney</LocalityName>
      <LocalityQualifier>Walney</LocalityQualifier>
    </AnnotatedStopPointRef>
  </StopPoints>
  <JourneyPatternSections>
    <JourneyPatternSection id="JPSection-1">
      <JourneyPatternTimingLink id="JPSection-1-SEC1-POS1">
        <From>
          <Activity>pickUp</Activity>
          <StopPointRef>090010020431</StopPointRef>
          <TimingStatus>PTP</TimingStatus>
        </From>
        <To>
          <Activity>pickUpAndSetDown</Activity>
          <StopPointRef>090010020433</StopPointRef>
          <TimingStatus>PTP</TimingStatus>
        </To>
        <RunTime>PT0M</RunTime>
      </JourneyPatternTimingLink>
      <JourneyPatternTimingLink id="JPSection-1-SEC1-POS2">
        <From>
          <Activity>pickUpAndSetDown</Activity>
          <StopPointRef>090010020433</StopPointRef>
          <TimingStatus>PTP</TimingStatus>
        </From>
        <To>
          <Activity>pickUpAndSetDown</Activity>
          <StopPointRef>090010020436</StopPointRef>
          <TimingStatus>PTP</TimingStatus>
        </To>
        <RunTime>PT1M</RunTime>
      </JourneyPatternTimingLink>
      <JourneyPatternTimingLink id="JPSection-1-SEC1-POS3">
        <From>
          <Activity>pickUpAndSetDown</Activity>
          <StopPointRef>090010020436</StopPointRef>
          <TimingStatus>PTP</TimingStatus>
        </From>
        <To>
          <Activity>pickUpAndSetDown</Activity>
          <StopPointRef>090010020440</StopPointRef>
          <TimingStatus>PTP</TimingStatus>
        </To>
        <RunTime>PT0M</RunTime>
      </JourneyPatternTimingLink>
      <JourneyPatternTimingLink id="JPSection-1-SEC1-POS4">
        <From>
          <Activity>pickUpAndSetDown</Activity>
          <StopPointRef>090010020440</StopPointRef>
          <TimingStatus>PTP</TimingStatus>
        </From>
        <To>
          <Activity>pickUpAndSetDown</Activity>
          <StopPointRef>090010020445</StopPointRef>
          <TimingStatus>PTP</TimingStatus>
        </To>
        <RunTime>PT1M</RunTime>
      </JourneyPatternTimingLink>
      <JourneyPatternTimingLink id="JPSection-1-SEC1-POS5">
        <From>
          <Activity>pickUpAndSetDown</Activity>
          <StopPointRef>090010020445</StopPointRef>
          <TimingStatus>PTP</TimingStatus>
        </From>
        <To>
          <Activity>pickUpAndSetDown</Activity>
          <StopPointRef>090010020441</StopPointRef>
          <TimingStatus>PTP</TimingStatus>
        </To>
        <RunTime>PT1M</RunTime>
      </JourneyPatternTimingLink>
      <JourneyPatternTimingLink id="JPSection-1-SEC1-POS6">
        <From>
          <Activity>pickUpAndSetDown</Activity>
          <StopPointRef>090010020441</StopPointRef>
          <TimingStatus>PTP</TimingStatus>
        </From>
        <To>
          <Activity>pickUpAndSetDown</Activity>
          <StopPointRef>090010020439</StopPointRef>
          <TimingStatus>PTP</TimingStatus>
        </To>
        <RunTime>PT0M</RunTime>
      </JourneyPatternTimingLink>
      <JourneyPatternTimingLink id="JPSection-1-SEC1-POS7">
        <From>
          <Activity>pickUpAndSetDown</Activity>
          <StopPointRef>090010020439</StopPointRef>
          <TimingStatus>PTP</TimingStatus>
        </From>
        <To>
          <Activity>pickUpAndSetDown</Activity>
          <StopPointRef>090010020449</StopPointRef>
          <TimingStatus>PTP</TimingStatus>
        </To>
        <RunTime>PT1M</RunTime>
      </JourneyPatternTimingLink>
      <JourneyPatternTimingLink id="JPSection-1-SEC1-POS8">
        <From>
          <Activity>pickUpAndSetDown</Activity>
          <StopPointRef>090010020449</StopPointRef>
          <TimingStatus>PTP</TimingStatus>
        </From>
        <To>
          <Activity>pickUpAndSetDown</Activity>
          <StopPointRef>090010020476</StopPointRef>
          <TimingStatus>PTP</TimingStatus>
        </To>
        <RunTime>PT1M</RunTime>
      </JourneyPatternTimingLink>
      <JourneyPatternTimingLink id="JPSection-1-SEC1-POS9">
        <From>
          <Activity>pickUpAndSetDown</Activity>
          <StopPointRef>090010020476</StopPointRef>
          <TimingStatus>PTP</TimingStatus>
        </From>
        <To>
          <Activity>pickUpAndSetDown</Activity>
          <StopPointRef>090010021160</StopPointRef>
          <TimingStatus>PTP</TimingStatus>
        </To>
        <RunTime>PT0M</RunTime>
      </JourneyPatternTimingLink>
      <JourneyPatternTimingLink id="JPSection-1-SEC1-POS10">
        <From>
          <Activity>pickUpAndSetDown</Activity>
          <StopPointRef>090010021160</StopPointRef>
          <TimingStatus>PTP</TimingStatus>
        </From>
        <To>
          <Activity>pickUpAndSetDown</Activity>
          <StopPointRef>090010020482</StopPointRef>
          <TimingStatus>PTP</TimingStatus>
        </To>
        <RunTime>PT1M</RunTime>
      </JourneyPatternTimingLink>
      <JourneyPatternTimingLink id="JPSection-1-SEC1-POS11">
        <From>
          <Activity>pickUpAndSetDown</Activity>
          <StopPointRef>090010020482</StopPointRef>
          <TimingStatus>PTP</TimingStatus>
        </From>
        <To>
          <Activity>pickUpAndSetDown</Activity>
          <StopPointRef>090010020489</StopPointRef>
          <TimingStatus>PTP</TimingStatus>
        </To>
        <RunTime>PT0M</RunTime>
      </JourneyPatternTimingLink>
      <JourneyPatternTimingLink id="JPSection-1-SEC1-POS12">
        <From>
          <Activity>pickUpAndSetDown</Activity>
          <StopPointRef>090010020489</StopPointRef>
          <TimingStatus>PTP</TimingStatus>
        </From>
        <To>
          <Activity>pickUpAndSetDown</Activity>
          <StopPointRef>090010020494</StopPointRef>
          <TimingStatus>PTP</TimingStatus>
        </To>
        <RunTime>PT2M</RunTime>
      </JourneyPatternTimingLink>
      <JourneyPatternTimingLink id="JPSection-1-SEC1-POS13">
        <From>
          <Activity>pickUpAndSetDown</Activity>
          <StopPointRef>090010020494</StopPointRef>
          <TimingStatus>PTP</TimingStatus>
        </From>
        <To>
          <Activity>pickUpAndSetDown</Activity>
          <StopPointRef>090010020496</StopPointRef>
          <TimingStatus>PTP</TimingStatus>
        </To>
        <RunTime>PT0M</RunTime>
      </JourneyPatternTimingLink>
      <JourneyPatternTimingLink id="JPSection-1-SEC1-POS14">
        <From>
          <Activity>pickUpAndSetDown</Activity>
          <StopPointRef>090010020496</StopPointRef>
          <TimingStatus>PTP</TimingStatus>
        </From>
        <To>
          <Activity>pickUpAndSetDown</Activity>
          <StopPointRef>090010020498</StopPointRef>
          <TimingStatus>PTP</TimingStatus>
        </To>
        <RunTime>PT1M</RunTime>
      </JourneyPatternTimingLink>
      <JourneyPatternTimingLink id="JPSection-1-SEC1-POS15">
        <From>
          <Activity>pickUpAndSetDown</Activity>
          <StopPointRef>090010020498</StopPointRef>
          <TimingStatus>PTP</TimingStatus>
        </From>
        <To>
          <Activity>pickUpAndSetDown</Activity>
          <StopPointRef>090010020500</StopPointRef>
          <TimingStatus>PTP</TimingStatus>
        </To>
        <RunTime>PT0M</RunTime>
      </JourneyPatternTimingLink>
      <JourneyPatternTimingLink id="JPSection-1-SEC1-POS16">
        <From>
          <Activity>pickUpAndSetDown</Activity>
          <StopPointRef>090010020500</StopPointRef>
          <TimingStatus>PTP</TimingStatus>
        </From>
        <To>
          <Activity>pickUpAndSetDown</Activity>
          <StopPointRef>090010020518</StopPointRef>
          <TimingStatus>PTP</TimingStatus>
        </To>
        <RunTime>PT2M</RunTime>
      </JourneyPatternTimingLink>
      <JourneyPatternTimingLink id="JPSection-1-SEC1-POS17">
        <From>
          <Activity>pickUpAndSetDown</Activity>
          <StopPointRef>090010020518</StopPointRef>
          <TimingStatus>PTP</TimingStatus>
        </From>
        <To>
          <Activity>pickUpAndSetDown</Activity>
          <StopPointRef>090010020516</StopPointRef>
          <TimingStatus>PTP</TimingStatus>
        </To>
        <RunTime>PT0M</RunTime>
      </JourneyPatternTimingLink>
      <JourneyPatternTimingLink id="JPSection-1-SEC1-POS18">
        <From>
          <Activity>pickUpAndSetDown</Activity>
          <StopPointRef>090010020516</StopPointRef>
          <TimingStatus>PTP</TimingStatus>
        </From>
        <To>
          <Activity>pickUpAndSetDown</Activity>
          <StopPointRef>090010020501</StopPointRef>
          <TimingStatus>PTP</TimingStatus>
        </To>
        <RunTime>PT1M</RunTime>
      </JourneyPatternTimingLink>
      <JourneyPatternTimingLink id="JPSection-1-SEC1-POS19">
        <From>
          <Activity>pickUpAndSetDown</Activity>
          <StopPointRef>090010020501</StopPointRef>
          <TimingStatus>PTP</TimingStatus>
        </From>
        <To>
          <Activity>pickUpAndSetDown</Activity>
          <StopPointRef>090010020504</StopPointRef>
          <TimingStatus>PTP</TimingStatus>
        </To>
        <RunTime>PT1M</RunTime>
      </JourneyPatternTimingLink>
      <JourneyPatternTimingLink id="JPSection-1-SEC1-POS20">
        <From>
          <Activity>pickUpAndSetDown</Activity>
          <StopPointRef>090010020504</StopPointRef>
          <TimingStatus>PTP</TimingStatus>
        </From>
        <To>
          <Activity>pickUpAndSetDown</Activity>
          <StopPointRef>090010020512</StopPointRef>
          <TimingStatus>PTP</TimingStatus>
        </To>
        <RunTime>PT0M</RunTime>
      </JourneyPatternTimingLink>
      <JourneyPatternTimingLink id="JPSection-1-SEC1-POS21">
        <From>
          <Activity>pickUpAndSetDown</Activity>
          <StopPointRef>090010020512</StopPointRef>
          <TimingStatus>PTP</TimingStatus>
        </From>
        <To>
          <Activity>pickUpAndSetDown</Activity>
          <StopPointRef>090010021164</StopPointRef>
          <TimingStatus>PTP</TimingStatus>
        </To>
        <RunTime>PT1M</RunTime>
      </JourneyPatternTimingLink>
      <JourneyPatternTimingLink id="JPSection-1-SEC1-POS22">
        <From>
          <Activity>pickUpAndSetDown</Activity>
          <StopPointRef>090010021164</StopPointRef>
          <TimingStatus>PTP</TimingStatus>
        </From>
        <To>
          <Activity>pickUpAndSetDown</Activity>
          <StopPointRef>090010020526</StopPointRef>
          <TimingStatus>PTP</TimingStatus>
        </To>
        <RunTime>PT0M</RunTime>
      </JourneyPatternTimingLink>
      <JourneyPatternTimingLink id="JPSection-1-SEC1-POS23">
        <From>
          <Activity>pickUpAndSetDown</Activity>
          <StopPointRef>090010020526</StopPointRef>
          <TimingStatus>PTP</TimingStatus>
        </From>
        <To>
          <Activity>pickUpAndSetDown</Activity>
          <StopPointRef>090010020517</StopPointRef>
          <TimingStatus>PTP</TimingStatus>
        </To>
        <RunTime>PT1M</RunTime>
      </JourneyPatternTimingLink>
      <JourneyPatternTimingLink id="JPSection-1-SEC1-POS24">
        <From>
          <Activity>pickUpAndSetDown</Activity>
          <StopPointRef>090010020517</StopPointRef>
          <TimingStatus>PTP</TimingStatus>
        </From>
        <To>
          <Activity>pickUpAndSetDown</Activity>
          <StopPointRef>090010020506</StopPointRef>
          <TimingStatus>PTP</TimingStatus>
        </To>
        <RunTime>PT1M</RunTime>
      </JourneyPatternTimingLink>
      <JourneyPatternTimingLink id="JPSection-1-SEC1-POS25">
        <From>
          <Activity>pickUpAndSetDown</Activity>
          <StopPointRef>090010020506</StopPointRef>
          <TimingStatus>PTP</TimingStatus>
        </From>
        <To>
          <Activity>pickUpAndSetDown</Activity>
          <StopPointRef>090010020529</StopPointRef>
          <TimingStatus>PTP</TimingStatus>
        </To>
        <RunTime>PT1M</RunTime>
      </JourneyPatternTimingLink>
      <JourneyPatternTimingLink id="JPSection-1-SEC1-POS26">
        <From>
          <Activity>pickUpAndSetDown</Activity>
          <StopPointRef>090010020529</StopPointRef>
          <TimingStatus>PTP</TimingStatus>
        </From>
        <To>
          <Activity>pickUpAndSetDown</Activity>
          <StopPointRef>090010020532</StopPointRef>
          <TimingStatus>PTP</TimingStatus>
        </To>
        <RunTime>PT2M</RunTime>
      </JourneyPatternTimingLink>
      <JourneyPatternTimingLink id="JPSection-1-SEC1-POS27">
        <From>
          <Activity>pickUpAndSetDown</Activity>
          <StopPointRef>090010020532</StopPointRef>
          <TimingStatus>PTP</TimingStatus>
        </From>
        <To>
          <Activity>pickUpAndSetDown</Activity>
          <StopPointRef>090010020535</StopPointRef>
          <TimingStatus>PTP</TimingStatus>
        </To>
        <RunTime>PT1M</RunTime>
      </JourneyPatternTimingLink>
      <JourneyPatternTimingLink id="JPSection-1-SEC1-POS28">
        <From>
          <Activity>pickUpAndSetDown</Activity>
          <StopPointRef>090010020535</StopPointRef>
          <TimingStatus>PTP</TimingStatus>
        </From>
        <To>
          <Activity>pickUpAndSetDown</Activity>
          <StopPointRef>090010020538</StopPointRef>
          <TimingStatus>PTP</TimingStatus>
        </To>
        <RunTime>PT1M</RunTime>
      </JourneyPatternTimingLink>
      <JourneyPatternTimingLink id="JPSection-1-SEC1-POS29">
        <From>
          <Activity>pickUpAndSetDown</Activity>
          <StopPointRef>090010020538</StopPointRef>
          <TimingStatus>PTP</TimingStatus>
        </From>
        <To>
          <Activity>pickUpAndSetDown</Activity>
          <StopPointRef>090010020541</StopPointRef>
          <TimingStatus>PTP</TimingStatus>
        </To>
        <RunTime>PT0M</RunTime>
      </JourneyPatternTimingLink>
      <JourneyPatternTimingLink id="JPSection-1-SEC1-POS30">
        <From>
          <Activity>pickUpAndSetDown</Activity>
          <StopPointRef>090010020541</StopPointRef>
          <TimingStatus>PTP</TimingStatus>
        </From>
        <To>
          <Activity>pickUpAndSetDown</Activity>
          <StopPointRef>090010020543</StopPointRef>
          <TimingStatus>PTP</TimingStatus>
        </To>
        <RunTime>PT1M</RunTime>
      </JourneyPatternTimingLink>
      <JourneyPatternTimingLink id="JPSection-1-SEC1-POS31">
        <From>
          <Activity>pickUpAndSetDown</Activity>
          <StopPointRef>090010020543</StopPointRef>
          <TimingStatus>PTP</TimingStatus>
        </From>
        <To>
          <Activity>pickUpAndSetDown</Activity>
          <StopPointRef>090010020545</StopPointRef>
          <TimingStatus>PTP</TimingStatus>
        </To>
        <RunTime>PT1M</RunTime>
      </JourneyPatternTimingLink>
      <JourneyPatternTimingLink id="JPSection-1-SEC1-POS32">
        <From>
          <Activity>pickUpAndSetDown</Activity>
          <StopPointRef>090010020545</StopPointRef>
          <TimingStatus>PTP</TimingStatus>
        </From>
        <To>
          <Activity>pickUpAndSetDown</Activity>
          <StopPointRef>090010020552</StopPointRef>
          <TimingStatus>PTP</TimingStatus>
        </To>
        <RunTime>PT1M</RunTime>
      </JourneyPatternTimingLink>
      <JourneyPatternTimingLink id="JPSection-1-SEC1-POS33">
        <From>
          <Activity>pickUpAndSetDown</Activity>
          <StopPointRef>090010020552</StopPointRef>
          <TimingStatus>PTP</TimingStatus>
        </From>
        <To>
          <Activity>pickUpAndSetDown</Activity>
          <StopPointRef>090010020558</StopPointRef>
          <TimingStatus>PTP</TimingStatus>
        </To>
        <RunTime>PT1M</RunTime>
      </JourneyPatternTimingLink>
      <JourneyPatternTimingLink id="JPSection-1-SEC1-POS34">
        <From>
          <Activity>pickUpAndSetDown</Activity>
          <StopPointRef>090010020558</StopPointRef>
          <TimingStatus>PTP</TimingStatus>
        </From>
        <To>
          <Activity>pickUpAndSetDown</Activity>
          <StopPointRef>090010020563</StopPointRef>
          <TimingStatus>PTP</TimingStatus>
        </To>
        <RunTime>PT2M</RunTime>
      </JourneyPatternTimingLink>
      <JourneyPatternTimingLink id="JPSection-1-SEC1-POS35">
        <From>
          <Activity>pickUpAndSetDown</Activity>
          <StopPointRef>090010020563</StopPointRef>
          <TimingStatus>PTP</TimingStatus>
        </From>
        <To>
          <Activity>pickUpAndSetDown</Activity>
          <StopPointRef>090010021710</StopPointRef>
          <TimingStatus>PTP</TimingStatus>
        </To>
        <RunTime>PT1M</RunTime>
      </JourneyPatternTimingLink>
      <JourneyPatternTimingLink id="JPSection-1-SEC1-POS36">
        <From>
          <Activity>pickUpAndSetDown</Activity>
          <StopPointRef>090010021710</StopPointRef>
          <TimingStatus>PTP</TimingStatus>
        </From>
        <To>
          <Activity>setDown</Activity>
          <StopPointRef>090010022175</StopPointRef>
          <TimingStatus>PTP</TimingStatus>
        </To>
        <RunTime>PT2M</RunTime>
      </JourneyPatternTimingLink>
    </JourneyPatternSection>
    <JourneyPatternSection id="JPSection-2">
      <JourneyPatternTimingLink id="JPSection-2-SEC2-POS37">
        <From>
          <Activity>pickUp</Activity>
          <StopPointRef>090010021861</StopPointRef>
          <TimingStatus>PTP</TimingStatus>
        </From>
        <To>
          <Activity>pickUpAndSetDown</Activity>
          <StopPointRef>090010020567</StopPointRef>
          <TimingStatus>PTP</TimingStatus>
        </To>
        <RunTime>PT1M</RunTime>
      </JourneyPatternTimingLink>
      <JourneyPatternTimingLink id="JPSection-2-SEC2-POS38">
        <From>
          <Activity>pickUpAndSetDown</Activity>
          <StopPointRef>090010020567</StopPointRef>
          <TimingStatus>PTP</TimingStatus>
        </From>
        <To>
          <Activity>pickUpAndSetDown</Activity>
          <StopPointRef>090010020561</StopPointRef>
          <TimingStatus>PTP</TimingStatus>
        </To>
        <RunTime>PT2M</RunTime>
      </JourneyPatternTimingLink>
      <JourneyPatternTimingLink id="JPSection-2-SEC2-POS39">
        <From>
          <Activity>pickUpAndSetDown</Activity>
          <StopPointRef>090010020561</StopPointRef>
          <TimingStatus>PTP</TimingStatus>
        </From>
        <To>
          <Activity>pickUpAndSetDown</Activity>
          <StopPointRef>090010020553</StopPointRef>
          <TimingStatus>PTP</TimingStatus>
        </To>
        <RunTime>PT1M</RunTime>
      </JourneyPatternTimingLink>
      <JourneyPatternTimingLink id="JPSection-2-SEC2-POS40">
        <From>
          <Activity>pickUpAndSetDown</Activity>
          <StopPointRef>090010020553</StopPointRef>
          <TimingStatus>PTP</TimingStatus>
        </From>
        <To>
          <Activity>pickUpAndSetDown</Activity>
          <StopPointRef>090010020544</StopPointRef>
          <TimingStatus>PTP</TimingStatus>
        </To>
        <RunTime>PT2M</RunTime>
      </JourneyPatternTimingLink>
      <JourneyPatternTimingLink id="JPSection-2-SEC2-POS41">
        <From>
          <Activity>pickUpAndSetDown</Activity>
          <StopPointRef>090010020544</StopPointRef>
          <TimingStatus>PTP</TimingStatus>
        </From>
        <To>
          <Activity>pickUpAndSetDown</Activity>
          <StopPointRef>090010021168</StopPointRef>
          <TimingStatus>PTP</TimingStatus>
        </To>
        <RunTime>PT0M</RunTime>
      </JourneyPatternTimingLink>
      <JourneyPatternTimingLink id="JPSection-2-SEC2-POS42">
        <From>
          <Activity>pickUpAndSetDown</Activity>
          <StopPointRef>090010021168</StopPointRef>
          <TimingStatus>PTP</TimingStatus>
        </From>
        <To>
          <Activity>pickUpAndSetDown</Activity>
          <StopPointRef>090010020540</StopPointRef>
          <TimingStatus>PTP</TimingStatus>
        </To>
        <RunTime>PT1M</RunTime>
      </JourneyPatternTimingLink>
      <JourneyPatternTimingLink id="JPSection-2-SEC2-POS43">
        <From>
          <Activity>pickUpAndSetDown</Activity>
          <StopPointRef>090010020540</StopPointRef>
          <TimingStatus>PTP</TimingStatus>
        </From>
        <To>
          <Activity>pickUpAndSetDown</Activity>
          <StopPointRef>090010020536</StopPointRef>
          <TimingStatus>PTP</TimingStatus>
        </To>
        <RunTime>PT1M</RunTime>
      </JourneyPatternTimingLink>
      <JourneyPatternTimingLink id="JPSection-2-SEC2-POS44">
        <From>
          <Activity>pickUpAndSetDown</Activity>
          <StopPointRef>090010020536</StopPointRef>
          <TimingStatus>PTP</TimingStatus>
        </From>
        <To>
          <Activity>pickUpAndSetDown</Activity>
          <StopPointRef>090010020534</StopPointRef>
          <TimingStatus>PTP</TimingStatus>
        </To>
        <RunTime>PT1M</RunTime>
      </JourneyPatternTimingLink>
      <JourneyPatternTimingLink id="JPSection-2-SEC2-POS45">
        <From>
          <Activity>pickUpAndSetDown</Activity>
          <StopPointRef>090010020534</StopPointRef>
          <TimingStatus>PTP</TimingStatus>
        </From>
        <To>
          <Activity>pickUpAndSetDown</Activity>
          <StopPointRef>090010020530</StopPointRef>
          <TimingStatus>PTP</TimingStatus>
        </To>
        <RunTime>PT2M</RunTime>
      </JourneyPatternTimingLink>
      <JourneyPatternTimingLink id="JPSection-2-SEC2-POS46">
        <From>
          <Activity>pickUpAndSetDown</Activity>
          <StopPointRef>090010020530</StopPointRef>
          <TimingStatus>PTP</TimingStatus>
        </From>
        <To>
          <Activity>pickUpAndSetDown</Activity>
          <StopPointRef>090010020520</StopPointRef>
          <TimingStatus>PTP</TimingStatus>
        </To>
        <RunTime>PT1M</RunTime>
      </JourneyPatternTimingLink>
      <JourneyPatternTimingLink id="JPSection-2-SEC2-POS47">
        <From>
          <Activity>pickUpAndSetDown</Activity>
          <StopPointRef>090010020520</StopPointRef>
          <TimingStatus>PTP</TimingStatus>
        </From>
        <To>
          <Activity>pickUpAndSetDown</Activity>
          <StopPointRef>090010020511</StopPointRef>
          <TimingStatus>PTP</TimingStatus>
        </To>
        <RunTime>PT1M</RunTime>
      </JourneyPatternTimingLink>
      <JourneyPatternTimingLink id="JPSection-2-SEC2-POS48">
        <From>
          <Activity>pickUpAndSetDown</Activity>
          <StopPointRef>090010020511</StopPointRef>
          <TimingStatus>PTP</TimingStatus>
        </From>
        <To>
          <Activity>pickUpAndSetDown</Activity>
          <StopPointRef>090010020514</StopPointRef>
          <TimingStatus>PTP</TimingStatus>
        </To>
        <RunTime>PT1M</RunTime>
      </JourneyPatternTimingLink>
      <JourneyPatternTimingLink id="JPSection-2-SEC2-POS49">
        <From>
          <Activity>pickUpAndSetDown</Activity>
          <StopPointRef>090010020514</StopPointRef>
          <TimingStatus>PTP</TimingStatus>
        </From>
        <To>
          <Activity>pickUpAndSetDown</Activity>
          <StopPointRef>090010020527</StopPointRef>
          <TimingStatus>PTP</TimingStatus>
        </To>
        <RunTime>PT1M</RunTime>
      </JourneyPatternTimingLink>
      <JourneyPatternTimingLink id="JPSection-2-SEC2-POS50">
        <From>
          <Activity>pickUpAndSetDown</Activity>
          <StopPointRef>090010020527</StopPointRef>
          <TimingStatus>PTP</TimingStatus>
        </From>
        <To>
          <Activity>pickUpAndSetDown</Activity>
          <StopPointRef>090010021525</StopPointRef>
          <TimingStatus>PTP</TimingStatus>
        </To>
        <RunTime>PT0M</RunTime>
      </JourneyPatternTimingLink>
      <JourneyPatternTimingLink id="JPSection-2-SEC2-POS51">
        <From>
          <Activity>pickUpAndSetDown</Activity>
          <StopPointRef>090010021525</StopPointRef>
          <TimingStatus>PTP</TimingStatus>
        </From>
        <To>
          <Activity>pickUpAndSetDown</Activity>
          <StopPointRef>090010020515</StopPointRef>
          <TimingStatus>PTP</TimingStatus>
        </To>
        <RunTime>PT1M</RunTime>
      </JourneyPatternTimingLink>
      <JourneyPatternTimingLink id="JPSection-2-SEC2-POS52">
        <From>
          <Activity>pickUpAndSetDown</Activity>
          <StopPointRef>090010020515</StopPointRef>
          <TimingStatus>PTP</TimingStatus>
        </From>
        <To>
          <Activity>pickUpAndSetDown</Activity>
          <StopPointRef>090010020505</StopPointRef>
          <TimingStatus>PTP</TimingStatus>
        </To>
        <RunTime>PT1M</RunTime>
      </JourneyPatternTimingLink>
      <JourneyPatternTimingLink id="JPSection-2-SEC2-POS53">
        <From>
          <Activity>pickUpAndSetDown</Activity>
          <StopPointRef>090010020505</StopPointRef>
          <TimingStatus>PTP</TimingStatus>
        </From>
        <To>
          <Activity>pickUpAndSetDown</Activity>
          <StopPointRef>090010020501</StopPointRef>
          <TimingStatus>PTP</TimingStatus>
        </To>
        <RunTime>PT1M</RunTime>
      </JourneyPatternTimingLink>
      <JourneyPatternTimingLink id="JPSection-2-SEC2-POS54">
        <From>
          <Activity>pickUpAndSetDown</Activity>
          <StopPointRef>090010020501</StopPointRef>
          <TimingStatus>PTP</TimingStatus>
        </From>
        <To>
          <Activity>pickUpAndSetDown</Activity>
          <StopPointRef>090010020516</StopPointRef>
          <TimingStatus>PTP</TimingStatus>
        </To>
        <RunTime>PT0M</RunTime>
      </JourneyPatternTimingLink>
      <JourneyPatternTimingLink id="JPSection-2-SEC2-POS55">
        <From>
          <Activity>pickUpAndSetDown</Activity>
          <StopPointRef>090010020516</StopPointRef>
          <TimingStatus>PTP</TimingStatus>
        </From>
        <To>
          <Activity>pickUpAndSetDown</Activity>
          <StopPointRef>090010020518</StopPointRef>
          <TimingStatus>PTP</TimingStatus>
        </To>
        <RunTime>PT0M</RunTime>
      </JourneyPatternTimingLink>
      <JourneyPatternTimingLink id="JPSection-2-SEC2-POS56">
        <From>
          <Activity>pickUpAndSetDown</Activity>
          <StopPointRef>090010020518</StopPointRef>
          <TimingStatus>PTP</TimingStatus>
        </From>
        <To>
          <Activity>pickUpAndSetDown</Activity>
          <StopPointRef>090010020492</StopPointRef>
          <TimingStatus>PTP</TimingStatus>
        </To>
        <RunTime>PT1M</RunTime>
      </JourneyPatternTimingLink>
      <JourneyPatternTimingLink id="JPSection-2-SEC2-POS57">
        <From>
          <Activity>pickUpAndSetDown</Activity>
          <StopPointRef>090010020492</StopPointRef>
          <TimingStatus>PTP</TimingStatus>
        </From>
        <To>
          <Activity>pickUpAndSetDown</Activity>
          <StopPointRef>090010020495</StopPointRef>
          <TimingStatus>PTP</TimingStatus>
        </To>
        <RunTime>PT0M</RunTime>
      </JourneyPatternTimingLink>
      <JourneyPatternTimingLink id="JPSection-2-SEC2-POS58">
        <From>
          <Activity>pickUpAndSetDown</Activity>
          <StopPointRef>090010020495</StopPointRef>
          <TimingStatus>PTP</TimingStatus>
        </From>
        <To>
          <Activity>pickUpAndSetDown</Activity>
          <StopPointRef>090010020497</StopPointRef>
          <TimingStatus>PTP</TimingStatus>
        </To>
        <RunTime>PT0M</RunTime>
      </JourneyPatternTimingLink>
      <JourneyPatternTimingLink id="JPSection-2-SEC2-POS59">
        <From>
          <Activity>pickUpAndSetDown</Activity>
          <StopPointRef>090010020497</StopPointRef>
          <TimingStatus>PTP</TimingStatus>
        </From>
        <To>
          <Activity>pickUpAndSetDown</Activity>
          <StopPointRef>090010020499</StopPointRef>
          <TimingStatus>PTP</TimingStatus>
        </To>
        <RunTime>PT0M</RunTime>
      </JourneyPatternTimingLink>
      <JourneyPatternTimingLink id="JPSection-2-SEC2-POS60">
        <From>
          <Activity>pickUpAndSetDown</Activity>
          <StopPointRef>090010020499</StopPointRef>
          <TimingStatus>PTP</TimingStatus>
        </From>
        <To>
          <Activity>pickUpAndSetDown</Activity>
          <StopPointRef>090010020474</StopPointRef>
          <TimingStatus>PTP</TimingStatus>
        </To>
        <RunTime>PT1M</RunTime>
      </JourneyPatternTimingLink>
      <JourneyPatternTimingLink id="JPSection-2-SEC2-POS61">
        <From>
          <Activity>pickUpAndSetDown</Activity>
          <StopPointRef>090010020474</StopPointRef>
          <TimingStatus>PTP</TimingStatus>
        </From>
        <To>
          <Activity>pickUpAndSetDown</Activity>
          <StopPointRef>090010020480</StopPointRef>
          <TimingStatus>PTP</TimingStatus>
        </To>
        <RunTime>PT0M</RunTime>
      </JourneyPatternTimingLink>
      <JourneyPatternTimingLink id="JPSection-2-SEC2-POS62">
        <From>
          <Activity>pickUpAndSetDown</Activity>
          <StopPointRef>090010020480</StopPointRef>
          <TimingStatus>PTP</TimingStatus>
        </From>
        <To>
          <Activity>pickUpAndSetDown</Activity>
          <StopPointRef>090010020452</StopPointRef>
          <TimingStatus>PTP</TimingStatus>
        </To>
        <RunTime>PT1M</RunTime>
      </JourneyPatternTimingLink>
      <JourneyPatternTimingLink id="JPSection-2-SEC2-POS63">
        <From>
          <Activity>pickUpAndSetDown</Activity>
          <StopPointRef>090010020452</StopPointRef>
          <TimingStatus>PTP</TimingStatus>
        </From>
        <To>
          <Activity>pickUpAndSetDown</Activity>
          <StopPointRef>090010020454</StopPointRef>
          <TimingStatus>PTP</TimingStatus>
        </To>
        <RunTime>PT0M</RunTime>
      </JourneyPatternTimingLink>
      <JourneyPatternTimingLink id="JPSection-2-SEC2-POS64">
        <From>
          <Activity>pickUpAndSetDown</Activity>
          <StopPointRef>090010020454</StopPointRef>
          <TimingStatus>PTP</TimingStatus>
        </From>
        <To>
          <Activity>pickUpAndSetDown</Activity>
          <StopPointRef>090010020463</StopPointRef>
          <TimingStatus>PTP</TimingStatus>
        </To>
        <RunTime>PT0M</RunTime>
      </JourneyPatternTimingLink>
      <JourneyPatternTimingLink id="JPSection-2-SEC2-POS65">
        <From>
          <Activity>pickUpAndSetDown</Activity>
          <StopPointRef>090010020463</StopPointRef>
          <TimingStatus>PTP</TimingStatus>
        </From>
        <To>
          <Activity>pickUpAndSetDown</Activity>
          <StopPointRef>090010020444</StopPointRef>
          <TimingStatus>PTP</TimingStatus>
        </To>
        <RunTime>PT0M</RunTime>
      </JourneyPatternTimingLink>
      <JourneyPatternTimingLink id="JPSection-2-SEC2-POS66">
        <From>
          <Activity>pickUpAndSetDown</Activity>
          <StopPointRef>090010020444</StopPointRef>
          <TimingStatus>PTP</TimingStatus>
        </From>
        <To>
          <Activity>pickUpAndSetDown</Activity>
          <StopPointRef>090010020450</StopPointRef>
          <TimingStatus>PTP</TimingStatus>
        </To>
        <RunTime>PT1M</RunTime>
      </JourneyPatternTimingLink>
      <JourneyPatternTimingLink id="JPSection-2-SEC2-POS67">
        <From>
          <Activity>pickUpAndSetDown</Activity>
          <StopPointRef>090010020450</StopPointRef>
          <TimingStatus>PTP</TimingStatus>
        </From>
        <To>
          <Activity>pickUpAndSetDown</Activity>
          <StopPointRef>090010020437</StopPointRef>
          <TimingStatus>PTP</TimingStatus>
        </To>
        <RunTime>PT0M</RunTime>
      </JourneyPatternTimingLink>
      <JourneyPatternTimingLink id="JPSection-2-SEC2-POS68">
        <From>
          <Activity>pickUpAndSetDown</Activity>
          <StopPointRef>090010020437</StopPointRef>
          <TimingStatus>PTP</TimingStatus>
        </From>
        <To>
          <Activity>pickUpAndSetDown</Activity>
          <StopPointRef>090010020438</StopPointRef>
          <TimingStatus>PTP</TimingStatus>
        </To>
        <RunTime>PT0M</RunTime>
      </JourneyPatternTimingLink>
      <JourneyPatternTimingLink id="JPSection-2-SEC2-POS69">
        <From>
          <Activity>pickUpAndSetDown</Activity>
          <StopPointRef>090010020438</StopPointRef>
          <TimingStatus>PTP</TimingStatus>
        </From>
        <To>
          <Activity>pickUpAndSetDown</Activity>
          <StopPointRef>090010020442</StopPointRef>
          <TimingStatus>PTP</TimingStatus>
        </To>
        <RunTime>PT0M</RunTime>
      </JourneyPatternTimingLink>
      <JourneyPatternTimingLink id="JPSection-2-SEC2-POS70">
        <From>
          <Activity>pickUpAndSetDown</Activity>
          <StopPointRef>090010020442</StopPointRef>
          <TimingStatus>PTP</TimingStatus>
        </From>
        <To>
          <Activity>pickUpAndSetDown</Activity>
          <StopPointRef>090010020443</StopPointRef>
          <TimingStatus>PTP</TimingStatus>
        </To>
        <RunTime>PT0M</RunTime>
      </JourneyPatternTimingLink>
      <JourneyPatternTimingLink id="JPSection-2-SEC2-POS71">
        <From>
          <Activity>pickUpAndSetDown</Activity>
          <StopPointRef>090010020443</StopPointRef>
          <TimingStatus>PTP</TimingStatus>
        </From>
        <To>
          <Activity>pickUpAndSetDown</Activity>
          <StopPointRef>090010020432</StopPointRef>
          <TimingStatus>PTP</TimingStatus>
        </To>
        <RunTime>PT1M</RunTime>
      </JourneyPatternTimingLink>
      <JourneyPatternTimingLink id="JPSection-2-SEC2-POS72">
        <From>
          <Activity>pickUpAndSetDown</Activity>
          <StopPointRef>090010020432</StopPointRef>
          <TimingStatus>PTP</TimingStatus>
        </From>
        <To>
          <Activity>pickUpAndSetDown</Activity>
          <StopPointRef>090010020435</StopPointRef>
          <TimingStatus>PTP</TimingStatus>
        </To>
        <RunTime>PT0M</RunTime>
      </JourneyPatternTimingLink>
      <JourneyPatternTimingLink id="JPSection-2-SEC2-POS73">
        <From>
          <Activity>pickUpAndSetDown</Activity>
          <StopPointRef>090010020435</StopPointRef>
          <TimingStatus>PTP</TimingStatus>
        </From>
        <To>
          <Activity>setDown</Activity>
          <StopPointRef>090010020431</StopPointRef>
          <TimingStatus>PTP</TimingStatus>
        </To>
        <RunTime>PT1M</RunTime>
      </JourneyPatternTimingLink>
    </JourneyPatternSection>
  </JourneyPatternSections>
  <Operators>
    <Operator id="OId_SCC">
      <NationalOperatorCode>SCMB</NationalOperatorCode>
      <OperatorCode>SCC</OperatorCode>
      <OperatorShortName>SCC</OperatorShortName>
    </Operator>
  </Operators>
  <Services>
    <Service>
      <ServiceCode>NW_03_SCC_21_1</ServiceCode>
      <Lines>
        <Line id="l_21_SCC">
          <LineName>21</LineName>
        </Line>
      </Lines>
      <OperatingPeriod>
        <StartDate>2017-06-12</StartDate>
        <EndDate>2017-12-24</EndDate>
      </OperatingPeriod>
      <RegisteredOperatorRef>OId_SCC</RegisteredOperatorRef>
      <StopRequirements>
        <NoNewStopsRequired />
      </StopRequirements>
      <Mode>bus</Mode>
      <Description>Furness Abbey,Barrow-in-Furness - West Shore</Description>
      <StandardService>
        <Origin>Furness Abbey, Barrow-in-Furness</Origin>
        <Destination>West Shore</Destination>
        <JourneyPattern id="JP1221">
          <Direction>inbound</Direction>
          <JourneyPatternSectionRefs>JPSection-1</JourneyPatternSectionRefs>
        </JourneyPattern>
        <JourneyPattern id="JP2061">
          <Direction>outbound</Direction>
          <JourneyPatternSectionRefs>JPSection-2</JourneyPatternSectionRefs>
        </JourneyPattern>
      </StandardService>
    </Service>
  </Services>
  <VehicleJourneys>
    <VehicleJourney>
      <PrivateCode>316854</PrivateCode>
      <Operational>
        <VehicleType>
          <VehicleTypeCode>Bus</VehicleTypeCode>
          <Description>Bus</Description>
        </VehicleType>
      </Operational>
      <OperatingProfile>
        <RegularDayType>
          <DaysOfWeek>
            <MondayToFriday />
          </DaysOfWeek>
        </RegularDayType>
        <SpecialDaysOperation />
        <BankHolidayOperation>
          <DaysOfNonOperation>
            <AllBankHolidays />
          </DaysOfNonOperation>
        </BankHolidayOperation>
      </OperatingProfile>
      <VehicleJourneyCode>316854</VehicleJourneyCode>
      <ServiceRef>NW_03_SCC_21_1</ServiceRef>
      <LineRef>l_21_SCC</LineRef>
      <JourneyPatternRef>JP1221</JourneyPatternRef>
      <Note>
        <NoteCode>S</NoteCode>
        <NoteText>Operates school term time only</NoteText>
      </Note>
      <DepartureTime>08:00:00</DepartureTime>
    </VehicleJourney>
    <VehicleJourney>
      <PrivateCode>317743</PrivateCode>
      <Operational>
        <VehicleType>
          <VehicleTypeCode>Bus</VehicleTypeCode>
          <Description>Bus</Description>
        </VehicleType>
      </Operational>
      <OperatingProfile>
        <RegularDayType>
          <DaysOfWeek>
            <MondayToFriday />
          </DaysOfWeek>
        </RegularDayType>
        <SpecialDaysOperation>
          <DaysOfNonOperation>
            <DateRange>
              <StartDate>2017-06-12</StartDate>
              <EndDate>2017-09-03</EndDate>
            </DateRange>
          </DaysOfNonOperation>
        </SpecialDaysOperation>
        <BankHolidayOperation>
          <DaysOfNonOperation>
            <AllBankHolidays />
          </DaysOfNonOperation>
        </BankHolidayOperation>
      </OperatingProfile>
      <VehicleJourneyCode>317743</VehicleJourneyCode>
      <ServiceRef>NW_03_SCC_21_1</ServiceRef>
      <LineRef>l_21_SCC</LineRef>
      <JourneyPatternRef>JP2061</JourneyPatternRef>
      <Note>
        <NoteCode>S</NoteCode>
        <NoteText>Operates school term time only</NoteText>
      </Note>
      <DepartureTime>15:25:00</DepartureTime>
    </VehicleJourney>
  </VehicleJourneys>
</TransXChange>