<?xml version="1.0" encoding="utf-8"?>
<TransXChange xmlns:xsd="http://www.w3.org/2001/XMLSchema" xmlns:xsi="http://www.w3.org/2001/XMLSchema-instance" xsi:schemaLocation="http://www.transxchange.org.uk/ http://www.transxchange.org.uk/schema/2.1/TransXChange_general.xsd" CreationDateTime="2017-09-21T14:21:27.7866572+01:00" ModificationDateTime="2017-09-21T14:21:27.7866572+01:00" Modification="new" RevisionNumber="1" FileName="TXC.xml" SchemaVersion="2.1" RegistrationDocument="false" xmlns="http://www.transxchange.org.uk/">
  <StopPoints>
    <AnnotatedStopPointRef>
      <StopPointRef>0600CR666</StopPointRef>
      <CommonName>Bus Station</CommonName>
      <LocalityName>Crewe</LocalityName>
      <LocalityQualifier>Crewe</LocalityQualifier>
    </AnnotatedStopPointRef>
    <AnnotatedStopPointRef>
      <StopPointRef>0600CR19226</StopPointRef>
      <CommonName>Tesco Extra Store</CommonName>
      <LocalityName>Crewe</LocalityName>
      <LocalityQualifier>Crewe</LocalityQualifier>
    </AnnotatedStopPointRef>
  </StopPoints>
  <JourneyPatternSections>
    <JourneyPatternSection id="JPSection-1">
      <JourneyPatternTimingLink id="JPSection-1-SEC1-POS1">
        <From>
          <Activity>pickUp</Activity>
          <StopPointRef>0600CR666</StopPointRef>
          <TimingStatus>PTP</TimingStatus>
        </From>
        <To>
          <Activity>setDown</Activity>
          <StopPointRef>0600CR19226</StopPointRef>
          <TimingStatus>PTP</TimingStatus>
        </To>
        <RunTime>PT5M</RunTime>
      </JourneyPatternTimingLink>
    </JourneyPatternSection>
    <JourneyPatternSection id="JPSection-2">
      <JourneyPatternTimingLink id="JPSection-2-SEC2-POS2">
        <From>
          <Activity>pickUp</Activity>
          <StopPointRef>0600CR19226</StopPointRef>
          <TimingStatus>PTP</TimingStatus>
        </From>
        <To>
          <Activity>setDown</Activity>
          <StopPointRef>0600CR666</StopPointRef>
          <TimingStatus>PTP</TimingStatus>
        </To>
        <RunTime>PT5M</RunTime>
      </JourneyPatternTimingLink>
    </JourneyPatternSection>
  </JourneyPatternSections>
  <Operators>
    <Operator id="OId_DG">
      <NationalOperatorCode>DAGC</NationalOperatorCode>
      <OperatorCode>DG</OperatorCode>
      <OperatorShortName>DG</OperatorShortName>
    </Operator>
  </Operators>
  <Services>
    <Service>
      <ServiceCode>NW_01_DG_T1_1</ServiceCode>
      <Lines>
        <Line id="l_T1_DG">
          <LineName>T1</LineName>
        </Line>
      </Lines>
      <OperatingPeriod>
        <StartDate>2016-02-03</StartDate>
        <EndDate>2099-12-31</EndDate>
      </OperatingPeriod>
      <RegisteredOperatorRef>OId_DG</RegisteredOperatorRef>
      <StopRequirements>
        <NoNewStopsRequired />
      </StopRequirements>
      <Mode>bus</Mode>
      <Description>Crewe Bus Station - Tesco Extra Free Bus Service</Description>
      <StandardService>
        <Origin>Crewe</Origin>
        <Destination>Crewe</Destination>
        <JourneyPattern id="JP1">
          <Direction>outbound</Direction>
          <JourneyPatternSectionRefs>JPSection-1</JourneyPatternSectionRefs>
        </JourneyPattern>
        <JourneyPattern id="JP18">
          <Direction>inbound</Direction>
          <JourneyPatternSectionRefs>JPSection-2</JourneyPatternSectionRefs>
        </JourneyPattern>
      </StandardService>
    </Service>
  </Services>
  <VehicleJourneys>
    <VehicleJourney>
      <PrivateCode>1</PrivateCode>
      <Operational>
        <VehicleType>
          <VehicleTypeCode>BUS</VehicleTypeCode>
          <Description>BUS</Description>
        </VehicleType>
      </Operational>
      <OperatingProfile>
        <RegularDayType>
          <DaysOfWeek>
            <MondayToFriday />
          </DaysOfWeek>
        </RegularDayType>
        <BankHolidayOperation>
          <DaysOfNonOperation>
            <AllBankHolidays />
          </DaysOfNonOperation>
        </BankHolidayOperation>
      </OperatingProfile>
      <VehicleJourneyCode>1</VehicleJourneyCode>
      <ServiceRef>NW_01_DG_T1_1</ServiceRef>
      <LineRef>l_T1_DG</LineRef>
      <JourneyPatternRef>JP1</JourneyPatternRef>
      <Note>
        <NoteCode>TF</NoteCode>
        <NoteText>Tesco Extra Free Bus Service</NoteText>
      </Note>
      <DepartureTime>09:45:00</DepartureTime>
    </VehicleJourney>
    <VehicleJourney>
      <PrivateCode>2</PrivateCode>
      <Operational>
        <VehicleType>
          <VehicleTypeCode>BUS</VehicleTypeCode>
          <Description>BUS</Description>
        </VehicleType>
      </Operational>
      <OperatingProfile>
        <RegularDayType>
          <DaysOfWeek>
            <MondayToFriday />
          </DaysOfWeek>
        </RegularDayType>
        <BankHolidayOperation>
          <DaysOfNonOperation>
            <AllBankHolidays />
          </DaysOfNonOperation>
        </BankHolidayOperation>
      </OperatingProfile>
      <VehicleJourneyCode>2</VehicleJourneyCode>
      <ServiceRef>NW_01_DG_T1_1</ServiceRef>
      <LineRef>l_T1_DG</LineRef>
      <VehicleJourneyRef>1</VehicleJourneyRef>
      <Note>
        <NoteCode>TF</NoteCode>
        <NoteText>Tesco Extra Free Bus Service</NoteText>
      </Note>
      <DepartureTime>10:00:00</DepartureTime>
    </VehicleJourney>
    <VehicleJourney>
      <PrivateCode>3</PrivateCode>
      <Operational>
        <VehicleType>
          <VehicleTypeCode>BUS</VehicleTypeCode>
          <Description>BUS</Description>
        </VehicleType>
      </Operational>
      <OperatingProfile>
        <RegularDayType>
          <DaysOfWeek>
            <MondayToFriday />
          </DaysOfWeek>
        </RegularDayType>
        <BankHolidayOperation>
          <DaysOfNonOperation>
            <AllBankHolidays />
          </DaysOfNonOperation>
        </BankHolidayOperation>
      </OperatingProfile>
      <VehicleJourneyCode>3</VehicleJourneyCode>
      <ServiceRef>NW_01_DG_T1_1</ServiceRef>
      <LineRef>l_T1_DG</LineRef>
      <VehicleJourneyRef>1</VehicleJourneyRef>
      <Note>
        <NoteCode>TF</NoteCode>
        <NoteText>Tesco Extra Free Bus Service</NoteText>
      </Note>
      <DepartureTime>10:15:00</DepartureTime>
    </VehicleJourney>
    <VehicleJourney>
      <PrivateCode>4</PrivateCode>
      <Operational>
        <VehicleType>
          <VehicleTypeCode>BUS</VehicleTypeCode>
          <Description>BUS</Description>
        </VehicleType>
      </Operational>
      <OperatingProfile>
        <RegularDayType>
          <DaysOfWeek>
            <MondayToFriday />
          </DaysOfWeek>
        </RegularDayType>
        <BankHolidayOperation>
          <DaysOfNonOperation>
            <AllBankHolidays />
          </DaysOfNonOperation>
        </BankHolidayOperation>
      </OperatingProfile>
      <VehicleJourneyCode>4</VehicleJourneyCode>
      <ServiceRef>NW_01_DG_T1_1</ServiceRef>
      <LineRef>l_T1_DG</LineRef>
      <VehicleJourneyRef>1</VehicleJourneyRef>
      <Note>
        <NoteCode>TF</NoteCode>
        <NoteText>Tesco Extra Free Bus Service</NoteText>
      </Note>
      <DepartureTime>10:30:00</DepartureTime>
    </VehicleJourney>
    <VehicleJourney>
      <PrivateCode>5</PrivateCode>
      <Operational>
        <VehicleType>
          <VehicleTypeCode>BUS</VehicleTypeCode>
          <Description>BUS</Description>
        </VehicleType>
      </Operational>
      <OperatingProfile>
        <RegularDayType>
          <DaysOfWeek>
            <MondayToFriday />
          </DaysOfWeek>
        </RegularDayType>
        <BankHolidayOperation>
          <DaysOfNonOperation>
            <AllBankHolidays />
          </DaysOfNonOperation>
        </BankHolidayOperation>
      </OperatingProfile>
      <VehicleJourneyCode>5</VehicleJourneyCode>
      <ServiceRef>NW_01_DG_T1_1</ServiceRef>
      <LineRef>l_T1_DG</LineRef>
      <VehicleJourneyRef>1</VehicleJourneyRef>
      <Note>
        <NoteCode>TF</NoteCode>
        <NoteText>Tesco Extra Free Bus Service</NoteText>
      </Note>
      <DepartureTime>10:45:00</DepartureTime>
    </VehicleJourney>
    <VehicleJourney>
      <PrivateCode>6</PrivateCode>
      <Operational>
        <VehicleType>
          <VehicleTypeCode>BUS</VehicleTypeCode>
          <Description>BUS</Description>
        </VehicleType>
      </Operational>
      <OperatingProfile>
        <RegularDayType>
          <DaysOfWeek>
            <MondayToFriday />
          </DaysOfWeek>
        </RegularDayType>
        <BankHolidayOperation>
          <DaysOfNonOperation>
            <AllBankHolidays />
          </DaysOfNonOperation>
        </BankHolidayOperation>
      </OperatingProfile>
      <VehicleJourneyCode>6</VehicleJourneyCode>
      <ServiceRef>NW_01_DG_T1_1</ServiceRef>
      <LineRef>l_T1_DG</LineRef>
      <VehicleJourneyRef>1</VehicleJourneyRef>
      <Note>
        <NoteCode>TF</NoteCode>
        <NoteText>Tesco Extra Free Bus Service</NoteText>
      </Note>
      <DepartureTime>11:00:00</DepartureTime>
    </VehicleJourney>
    <VehicleJourney>
      <PrivateCode>7</PrivateCode>
      <Operational>
        <VehicleType>
          <VehicleTypeCode>BUS</VehicleTypeCode>
          <Description>BUS</Description>
        </VehicleType>
      </Operational>
      <OperatingProfile>
        <RegularDayType>
          <DaysOfWeek>
            <MondayToFriday />
          </DaysOfWeek>
        </RegularDayType>
        <BankHolidayOperation>
          <DaysOfNonOperation>
            <AllBankHolidays />
          </DaysOfNonOperation>
        </BankHolidayOperation>
      </OperatingProfile>
      <VehicleJourneyCode>7</VehicleJourneyCode>
      <ServiceRef>NW_01_DG_T1_1</ServiceRef>
      <LineRef>l_T1_DG</LineRef>
      <VehicleJourneyRef>1</VehicleJourneyRef>
      <Note>
        <NoteCode>TF</NoteCode>
        <NoteText>Tesco Extra Free Bus Service</NoteText>
      </Note>
      <DepartureTime>11:15:00</DepartureTime>
    </VehicleJourney>
    <VehicleJourney>
      <PrivateCode>8</PrivateCode>
      <Operational>
        <VehicleType>
          <VehicleTypeCode>BUS</VehicleTypeCode>
          <Description>BUS</Description>
        </VehicleType>
      </Operational>
      <OperatingProfile>
        <RegularDayType>
          <DaysOfWeek>
            <MondayToFriday />
          </DaysOfWeek>
        </RegularDayType>
        <BankHolidayOperation>
          <DaysOfNonOperation>
            <AllBankHolidays />
          </DaysOfNonOperation>
        </BankHolidayOperation>
      </OperatingProfile>
      <VehicleJourneyCode>8</VehicleJourneyCode>
      <ServiceRef>NW_01_DG_T1_1</ServiceRef>
      <LineRef>l_T1_DG</LineRef>
      <VehicleJourneyRef>1</VehicleJourneyRef>
      <Note>
        <NoteCode>TF</NoteCode>
        <NoteText>Tesco Extra Free Bus Service</NoteText>
      </Note>
      <DepartureTime>11:30:00</DepartureTime>
    </VehicleJourney>
    <VehicleJourney>
      <PrivateCode>9</PrivateCode>
      <Operational>
        <VehicleType>
          <VehicleTypeCode>BUS</VehicleTypeCode>
          <Description>BUS</Description>
        </VehicleType>
      </Operational>
      <OperatingProfile>
        <RegularDayType>
          <DaysOfWeek>
            <MondayToFriday />
          </DaysOfWeek>
        </RegularDayType>
        <BankHolidayOperation>
          <DaysOfNonOperation>
            <AllBankHolidays />
          </DaysOfNonOperation>
        </BankHolidayOperation>
      </OperatingProfile>
      <VehicleJourneyCode>9</VehicleJourneyCode>
      <ServiceRef>NW_01_DG_T1_1</ServiceRef>
      <LineRef>l_T1_DG</LineRef>
      <VehicleJourneyRef>1</VehicleJourneyRef>
      <Note>
        <NoteCode>TF</NoteCode>
        <NoteText>Tesco Extra Free Bus Service</NoteText>
      </Note>
      <DepartureTime>11:45:00</DepartureTime>
    </VehicleJourney>
    <VehicleJourney>
      <PrivateCode>10</PrivateCode>
      <Operational>
        <VehicleType>
          <VehicleTypeCode>BUS</VehicleTypeCode>
          <Description>BUS</Description>
        </VehicleType>
      </Operational>
      <OperatingProfile>
        <RegularDayType>
          <DaysOfWeek>
            <MondayToFriday />
          </DaysOfWeek>
        </RegularDayType>
        <BankHolidayOperation>
          <DaysOfNonOperation>
            <AllBankHolidays />
          </DaysOfNonOperation>
        </BankHolidayOperation>
      </OperatingProfile>
      <VehicleJourneyCode>10</VehicleJourneyCode>
      <ServiceRef>NW_01_DG_T1_1</ServiceRef>
      <LineRef>l_T1_DG</LineRef>
      <VehicleJourneyRef>1</VehicleJourneyRef>
      <Note>
        <NoteCode>TF</NoteCode>
        <NoteText>Tesco Extra Free Bus Service</NoteText>
      </Note>
      <DepartureTime>12:00:00</DepartureTime>
    </VehicleJourney>
    <VehicleJourney>
      <PrivateCode>11</PrivateCode>
      <Operational>
        <VehicleType>
          <VehicleTypeCode>BUS</VehicleTypeCode>
          <Description>BUS</Description>
        </VehicleType>
      </Operational>
      <OperatingProfile>
        <RegularDayType>
          <DaysOfWeek>
            <MondayToFriday />
          </DaysOfWeek>
        </RegularDayType>
        <BankHolidayOperation>
          <DaysOfNonOperation>
            <AllBankHolidays />
          </DaysOfNonOperation>
        </BankHolidayOperation>
      </OperatingProfile>
      <VehicleJourneyCode>11</VehicleJourneyCode>
      <ServiceRef>NW_01_DG_T1_1</ServiceRef>
      <LineRef>l_T1_DG</LineRef>
      <VehicleJourneyRef>1</VehicleJourneyRef>
      <Note>
        <NoteCode>TF</NoteCode>
        <NoteText>Tesco Extra Free Bus Service</NoteText>
      </Note>
      <DepartureTime>12:15:00</DepartureTime>
    </VehicleJourney>
    <VehicleJourney>
      <PrivateCode>12</PrivateCode>
      <Operational>
        <VehicleType>
          <VehicleTypeCode>BUS</VehicleTypeCode>
          <Description>BUS</Description>
        </VehicleType>
      </Operational>
      <OperatingProfile>
        <RegularDayType>
          <DaysOfWeek>
            <MondayToFriday />
          </DaysOfWeek>
        </RegularDayType>
        <BankHolidayOperation>
          <DaysOfNonOperation>
            <AllBankHolidays />
          </DaysOfNonOperation>
        </BankHolidayOperation>
      </OperatingProfile>
      <VehicleJourneyCode>12</VehicleJourneyCode>
      <ServiceRef>NW_01_DG_T1_1</ServiceRef>
      <LineRef>l_T1_DG</LineRef>
      <VehicleJourneyRef>1</VehicleJourneyRef>
      <Note>
        <NoteCode>TF</NoteCode>
        <NoteText>Tesco Extra Free Bus Service</NoteText>
      </Note>
      <DepartureTime>13:15:00</DepartureTime>
    </VehicleJourney>
    <VehicleJourney>
      <PrivateCode>13</PrivateCode>
      <Operational>
        <VehicleType>
          <VehicleTypeCode>BUS</VehicleTypeCode>
          <Description>BUS</Description>
        </VehicleType>
      </Operational>
      <OperatingProfile>
        <RegularDayType>
          <DaysOfWeek>
            <MondayToFriday />
          </DaysOfWeek>
        </RegularDayType>
        <BankHolidayOperation>
          <DaysOfNonOperation>
            <AllBankHolidays />
          </DaysOfNonOperation>
        </BankHolidayOperation>
      </OperatingProfile>
      <VehicleJourneyCode>13</VehicleJourneyCode>
      <ServiceRef>NW_01_DG_T1_1</ServiceRef>
      <LineRef>l_T1_DG</LineRef>
      <VehicleJourneyRef>1</VehicleJourneyRef>
      <Note>
        <NoteCode>TF</NoteCode>
        <NoteText>Tesco Extra Free Bus Service</NoteText>
      </Note>
      <DepartureTime>13:30:00</DepartureTime>
    </VehicleJourney>
    <VehicleJourney>
      <PrivateCode>14</PrivateCode>
      <Operational>
        <VehicleType>
          <VehicleTypeCode>BUS</VehicleTypeCode>
          <Description>BUS</Description>
        </VehicleType>
      </Operational>
      <OperatingProfile>
        <RegularDayType>
          <DaysOfWeek>
            <MondayToFriday />
          </DaysOfWeek>
        </RegularDayType>
        <BankHolidayOperation>
          <DaysOfNonOperation>
            <AllBankHolidays />
          </DaysOfNonOperation>
        </BankHolidayOperation>
      </OperatingProfile>
      <VehicleJourneyCode>14</VehicleJourneyCode>
      <ServiceRef>NW_01_DG_T1_1</ServiceRef>
      <LineRef>l_T1_DG</LineRef>
      <VehicleJourneyRef>1</VehicleJourneyRef>
      <Note>
        <NoteCode>TF</NoteCode>
        <NoteText>Tesco Extra Free Bus Service</NoteText>
      </Note>
      <DepartureTime>13:45:00</DepartureTime>
    </VehicleJourney>
    <VehicleJourney>
      <PrivateCode>15</PrivateCode>
      <Operational>
        <VehicleType>
          <VehicleTypeCode>BUS</VehicleTypeCode>
          <Description>BUS</Description>
        </VehicleType>
      </Operational>
      <OperatingProfile>
        <RegularDayType>
          <DaysOfWeek>
            <MondayToFriday />
          </DaysOfWeek>
        </RegularDayType>
        <BankHolidayOperation>
          <DaysOfNonOperation>
            <AllBankHolidays />
          </DaysOfNonOperation>
        </BankHolidayOperation>
      </OperatingProfile>
      <VehicleJourneyCode>15</VehicleJourneyCode>
      <ServiceRef>NW_01_DG_T1_1</ServiceRef>
      <LineRef>l_T1_DG</LineRef>
      <VehicleJourneyRef>1</VehicleJourneyRef>
      <Note>
        <NoteCode>TF</NoteCode>
        <NoteText>Tesco Extra Free Bus Service</NoteText>
      </Note>
      <DepartureTime>14:00:00</DepartureTime>
    </VehicleJourney>
    <VehicleJourney>
      <PrivateCode>16</PrivateCode>
      <Operational>
        <VehicleType>
          <VehicleTypeCode>BUS</VehicleTypeCode>
          <Description>BUS</Description>
        </VehicleType>
      </Operational>
      <OperatingProfile>
        <RegularDayType>
          <DaysOfWeek>
            <MondayToFriday />
          </DaysOfWeek>
        </RegularDayType>
        <BankHolidayOperation>
          <DaysOfNonOperation>
            <AllBankHolidays />
          </DaysOfNonOperation>
        </BankHolidayOperation>
      </OperatingProfile>
      <VehicleJourneyCode>16</VehicleJourneyCode>
      <ServiceRef>NW_01_DG_T1_1</ServiceRef>
      <LineRef>l_T1_DG</LineRef>
      <VehicleJourneyRef>1</VehicleJourneyRef>
      <Note>
        <NoteCode>TF</NoteCode>
        <NoteText>Tesco Extra Free Bus Service</NoteText>
      </Note>
      <DepartureTime>14:15:00</DepartureTime>
    </VehicleJourney>
    <VehicleJourney>
      <PrivateCode>17</PrivateCode>
      <Operational>
        <VehicleType>
          <VehicleTypeCode>BUS</VehicleTypeCode>
          <Description>BUS</Description>
        </VehicleType>
      </Operational>
      <OperatingProfile>
        <RegularDayType>
          <DaysOfWeek>
            <MondayToFriday />
          </DaysOfWeek>
        </RegularDayType>
        <BankHolidayOperation>
          <DaysOfNonOperation>
            <AllBankHolidays />
          </DaysOfNonOperation>
        </BankHolidayOperation>
      </OperatingProfile>
      <VehicleJourneyCode>17</VehicleJourneyCode>
      <ServiceRef>NW_01_DG_T1_1</ServiceRef>
      <LineRef>l_T1_DG</LineRef>
      <VehicleJourneyRef>1</VehicleJourneyRef>
      <Note>
        <NoteCode>TF</NoteCode>
        <NoteText>Tesco Extra Free Bus Service</NoteText>
      </Note>
      <DepartureTime>14:30:00</DepartureTime>
    </VehicleJourney>
    <VehicleJourney>
      <PrivateCode>J1</PrivateCode>
      <Operational>
        <VehicleType>
          <VehicleTypeCode>BUS</VehicleTypeCode>
          <Description>BUS</Description>
        </VehicleType>
      </Operational>
      <OperatingProfile>
        <RegularDayType>
          <DaysOfWeek>
            <MondayToFriday />
          </DaysOfWeek>
        </RegularDayType>
        <BankHolidayOperation>
          <DaysOfNonOperation>
            <AllBankHolidays />
          </DaysOfNonOperation>
        </BankHolidayOperation>
      </OperatingProfile>
      <VehicleJourneyCode>J1</VehicleJourneyCode>
      <ServiceRef>NW_01_DG_T1_1</ServiceRef>
      <LineRef>l_T1_DG</LineRef>
      <JourneyPatternRef>JP18</JourneyPatternRef>
      <Note>
        <NoteCode>TF</NoteCode>
        <NoteText>Tesco Extra Free Bus Service</NoteText>
      </Note>
      <DepartureTime>09:55:00</DepartureTime>
    </VehicleJourney>
    <VehicleJourney>
      <PrivateCode>J2</PrivateCode>
      <Operational>
        <VehicleType>
          <VehicleTypeCode>BUS</VehicleTypeCode>
          <Description>BUS</Description>
        </VehicleType>
      </Operational>
      <OperatingProfile>
        <RegularDayType>
          <DaysOfWeek>
            <MondayToFriday />
          </DaysOfWeek>
        </RegularDayType>
        <BankHolidayOperation>
          <DaysOfNonOperation>
            <AllBankHolidays />
          </DaysOfNonOperation>
        </BankHolidayOperation>
      </OperatingProfile>
      <VehicleJourneyCode>J2</VehicleJourneyCode>
      <ServiceRef>NW_01_DG_T1_1</ServiceRef>
      <LineRef>l_T1_DG</LineRef>
      <VehicleJourneyRef>J1</VehicleJourneyRef>
      <Note>
        <NoteCode>TF</NoteCode>
        <NoteText>Tesco Extra Free Bus Service</NoteText>
      </Note>
      <DepartureTime>10:10:00</DepartureTime>
    </VehicleJourney>
    <VehicleJourney>
      <PrivateCode>J3</PrivateCode>
      <Operational>
        <VehicleType>
          <VehicleTypeCode>BUS</VehicleTypeCode>
          <Description>BUS</Description>
        </VehicleType>
      </Operational>
      <OperatingProfile>
        <RegularDayType>
          <DaysOfWeek>
            <MondayToFriday />
          </DaysOfWeek>
        </RegularDayType>
        <BankHolidayOperation>
          <DaysOfNonOperation>
            <AllBankHolidays />
          </DaysOfNonOperation>
        </BankHolidayOperation>
      </OperatingProfile>
      <VehicleJourneyCode>J3</VehicleJourneyCode>
      <ServiceRef>NW_01_DG_T1_1</ServiceRef>
      <LineRef>l_T1_DG</LineRef>
      <VehicleJourneyRef>J1</VehicleJourneyRef>
      <Note>
        <NoteCode>TF</NoteCode>
        <NoteText>Tesco Extra Free Bus Service</NoteText>
      </Note>
      <DepartureTime>10:25:00</DepartureTime>
    </VehicleJourney>
    <VehicleJourney>
      <PrivateCode>J4</PrivateCode>
      <Operational>
        <VehicleType>
          <VehicleTypeCode>BUS</VehicleTypeCode>
          <Description>BUS</Description>
        </VehicleType>
      </Operational>
      <OperatingProfile>
        <RegularDayType>
          <DaysOfWeek>
            <MondayToFriday />
          </DaysOfWeek>
        </RegularDayType>
        <BankHolidayOperation>
          <DaysOfNonOperation>
            <AllBankHolidays />
          </DaysOfNonOperation>
        </BankHolidayOperation>
      </OperatingProfile>
      <VehicleJourneyCode>J4</VehicleJourneyCode>
      <ServiceRef>NW_01_DG_T1_1</ServiceRef>
      <LineRef>l_T1_DG</LineRef>
      <VehicleJourneyRef>J1</VehicleJourneyRef>
      <Note>
        <NoteCode>TF</NoteCode>
        <NoteText>Tesco Extra Free Bus Service</NoteText>
      </Note>
      <DepartureTime>10:40:00</DepartureTime>
    </VehicleJourney>
    <VehicleJourney>
      <PrivateCode>J5</PrivateCode>
      <Operational>
        <VehicleType>
          <VehicleTypeCode>BUS</VehicleTypeCode>
          <Description>BUS</Description>
        </VehicleType>
      </Operational>
      <OperatingProfile>
        <RegularDayType>
          <DaysOfWeek>
            <MondayToFriday />
          </DaysOfWeek>
        </RegularDayType>
        <BankHolidayOperation>
          <DaysOfNonOperation>
            <AllBankHolidays />
          </DaysOfNonOperation>
        </BankHolidayOperation>
      </OperatingProfile>
      <VehicleJourneyCode>J5</VehicleJourneyCode>
      <ServiceRef>NW_01_DG_T1_1</ServiceRef>
      <LineRef>l_T1_DG</LineRef>
      <VehicleJourneyRef>J1</VehicleJourneyRef>
      <Note>
        <NoteCode>TF</NoteCode>
        <NoteText>Tesco Extra Free Bus Service</NoteText>
      </Note>
      <DepartureTime>10:55:00</DepartureTime>
    </VehicleJourney>
    <VehicleJourney>
      <PrivateCode>J6</PrivateCode>
      <Operational>
        <VehicleType>
          <VehicleTypeCode>BUS</VehicleTypeCode>
          <Description>BUS</Description>
        </VehicleType>
      </Operational>
      <OperatingProfile>
        <RegularDayType>
          <DaysOfWeek>
            <MondayToFriday />
          </DaysOfWeek>
        </RegularDayType>
        <BankHolidayOperation>
          <DaysOfNonOperation>
            <AllBankHolidays />
          </DaysOfNonOperation>
        </BankHolidayOperation>
      </OperatingProfile>
      <VehicleJourneyCode>J6</VehicleJourneyCode>
      <ServiceRef>NW_01_DG_T1_1</ServiceRef>
      <LineRef>l_T1_DG</LineRef>
      <VehicleJourneyRef>J1</VehicleJourneyRef>
      <Note>
        <NoteCode>TF</NoteCode>
        <NoteText>Tesco Extra Free Bus Service</NoteText>
      </Note>
      <DepartureTime>11:10:00</DepartureTime>
    </VehicleJourney>
    <VehicleJourney>
      <PrivateCode>J7</PrivateCode>
      <Operational>
        <VehicleType>
          <VehicleTypeCode>BUS</VehicleTypeCode>
          <Description>BUS</Description>
        </VehicleType>
      </Operational>
      <OperatingProfile>
        <RegularDayType>
          <DaysOfWeek>
            <MondayToFriday />
          </DaysOfWeek>
        </RegularDayType>
        <BankHolidayOperation>
          <DaysOfNonOperation>
            <AllBankHolidays />
          </DaysOfNonOperation>
        </BankHolidayOperation>
      </OperatingProfile>
      <VehicleJourneyCode>J7</VehicleJourneyCode>
      <ServiceRef>NW_01_DG_T1_1</ServiceRef>
      <LineRef>l_T1_DG</LineRef>
      <VehicleJourneyRef>J1</VehicleJourneyRef>
      <Note>
        <NoteCode>TF</NoteCode>
        <NoteText>Tesco Extra Free Bus Service</NoteText>
      </Note>
      <DepartureTime>11:25:00</DepartureTime>
    </VehicleJourney>
    <VehicleJourney>
      <PrivateCode>J8</PrivateCode>
      <Operational>
        <VehicleType>
          <VehicleTypeCode>BUS</VehicleTypeCode>
          <Description>BUS</Description>
        </VehicleType>
      </Operational>
      <OperatingProfile>
        <RegularDayType>
          <DaysOfWeek>
            <MondayToFriday />
          </DaysOfWeek>
        </RegularDayType>
        <BankHolidayOperation>
          <DaysOfNonOperation>
            <AllBankHolidays />
          </DaysOfNonOperation>
        </BankHolidayOperation>
      </OperatingProfile>
      <VehicleJourneyCode>J8</VehicleJourneyCode>
      <ServiceRef>NW_01_DG_T1_1</ServiceRef>
      <LineRef>l_T1_DG</LineRef>
      <VehicleJourneyRef>J1</VehicleJourneyRef>
      <Note>
        <NoteCode>TF</NoteCode>
        <NoteText>Tesco Extra Free Bus Service</NoteText>
      </Note>
      <DepartureTime>11:40:00</DepartureTime>
    </VehicleJourney>
    <VehicleJourney>
      <PrivateCode>J9</PrivateCode>
      <Operational>
        <VehicleType>
          <VehicleTypeCode>BUS</VehicleTypeCode>
          <Description>BUS</Description>
        </VehicleType>
      </Operational>
      <OperatingProfile>
        <RegularDayType>
          <DaysOfWeek>
            <MondayToFriday />
          </DaysOfWeek>
        </RegularDayType>
        <BankHolidayOperation>
          <DaysOfNonOperation>
            <AllBankHolidays />
          </DaysOfNonOperation>
        </BankHolidayOperation>
      </OperatingProfile>
      <VehicleJourneyCode>J9</VehicleJourneyCode>
      <ServiceRef>NW_01_DG_T1_1</ServiceRef>
      <LineRef>l_T1_DG</LineRef>
      <VehicleJourneyRef>J1</VehicleJourneyRef>
      <Note>
        <NoteCode>TF</NoteCode>
        <NoteText>Tesco Extra Free Bus Service</NoteText>
      </Note>
      <DepartureTime>11:55:00</DepartureTime>
    </VehicleJourney>
    <VehicleJourney>
      <PrivateCode>J10</PrivateCode>
      <Operational>
        <VehicleType>
          <VehicleTypeCode>BUS</VehicleTypeCode>
          <Description>BUS</Description>
        </VehicleType>
      </Operational>
      <OperatingProfile>
        <RegularDayType>
          <DaysOfWeek>
            <MondayToFriday />
          </DaysOfWeek>
        </RegularDayType>
        <BankHolidayOperation>
          <DaysOfNonOperation>
            <AllBankHolidays />
          </DaysOfNonOperation>
        </BankHolidayOperation>
      </OperatingProfile>
      <VehicleJourneyCode>J10</VehicleJourneyCode>
      <ServiceRef>NW_01_DG_T1_1</ServiceRef>
      <LineRef>l_T1_DG</LineRef>
      <VehicleJourneyRef>J1</VehicleJourneyRef>
      <Note>
        <NoteCode>TF</NoteCode>
        <NoteText>Tesco Extra Free Bus Service</NoteText>
      </Note>
      <DepartureTime>12:10:00</DepartureTime>
    </VehicleJourney>
    <VehicleJourney>
      <PrivateCode>J11</PrivateCode>
      <Operational>
        <VehicleType>
          <VehicleTypeCode>BUS</VehicleTypeCode>
          <Description>BUS</Description>
        </VehicleType>
      </Operational>
      <OperatingProfile>
        <RegularDayType>
          <DaysOfWeek>
            <MondayToFriday />
          </DaysOfWeek>
        </RegularDayType>
        <BankHolidayOperation>
          <DaysOfNonOperation>
            <AllBankHolidays />
          </DaysOfNonOperation>
        </BankHolidayOperation>
      </OperatingProfile>
      <VehicleJourneyCode>J11</VehicleJourneyCode>
      <ServiceRef>NW_01_DG_T1_1</ServiceRef>
      <LineRef>l_T1_DG</LineRef>
      <VehicleJourneyRef>J1</VehicleJourneyRef>
      <Note>
        <NoteCode>TF</NoteCode>
        <NoteText>Tesco Extra Free Bus Service</NoteText>
      </Note>
      <DepartureTime>13:10:00</DepartureTime>
    </VehicleJourney>
    <VehicleJourney>
      <PrivateCode>J12</PrivateCode>
      <Operational>
        <VehicleType>
          <VehicleTypeCode>BUS</VehicleTypeCode>
          <Description>BUS</Description>
        </VehicleType>
      </Operational>
      <OperatingProfile>
        <RegularDayType>
          <DaysOfWeek>
            <MondayToFriday />
          </DaysOfWeek>
        </RegularDayType>
        <BankHolidayOperation>
          <DaysOfNonOperation>
            <AllBankHolidays />
          </DaysOfNonOperation>
        </BankHolidayOperation>
      </OperatingProfile>
      <VehicleJourneyCode>J12</VehicleJourneyCode>
      <ServiceRef>NW_01_DG_T1_1</ServiceRef>
      <LineRef>l_T1_DG</LineRef>
      <VehicleJourneyRef>J1</VehicleJourneyRef>
      <Note>
        <NoteCode>TF</NoteCode>
        <NoteText>Tesco Extra Free Bus Service</NoteText>
      </Note>
      <DepartureTime>13:25:00</DepartureTime>
    </VehicleJourney>
    <VehicleJourney>
      <PrivateCode>J13</PrivateCode>
      <Operational>
        <VehicleType>
          <VehicleTypeCode>BUS</VehicleTypeCode>
          <Description>BUS</Description>
        </VehicleType>
      </Operational>
      <OperatingProfile>
        <RegularDayType>
          <DaysOfWeek>
            <MondayToFriday />
          </DaysOfWeek>
        </RegularDayType>
        <BankHolidayOperation>
          <DaysOfNonOperation>
            <AllBankHolidays />
          </DaysOfNonOperation>
        </BankHolidayOperation>
      </OperatingProfile>
      <VehicleJourneyCode>J13</VehicleJourneyCode>
      <ServiceRef>NW_01_DG_T1_1</ServiceRef>
      <LineRef>l_T1_DG</LineRef>
      <VehicleJourneyRef>J1</VehicleJourneyRef>
      <Note>
        <NoteCode>TF</NoteCode>
        <NoteText>Tesco Extra Free Bus Service</NoteText>
      </Note>
      <DepartureTime>13:40:00</DepartureTime>
    </VehicleJourney>
    <VehicleJourney>
      <PrivateCode>J14</PrivateCode>
      <Operational>
        <VehicleType>
          <VehicleTypeCode>BUS</VehicleTypeCode>
          <Description>BUS</Description>
        </VehicleType>
      </Operational>
      <OperatingProfile>
        <RegularDayType>
          <DaysOfWeek>
            <MondayToFriday />
          </DaysOfWeek>
        </RegularDayType>
        <BankHolidayOperation>
          <DaysOfNonOperation>
            <AllBankHolidays />
          </DaysOfNonOperation>
        </BankHolidayOperation>
      </OperatingProfile>
      <VehicleJourneyCode>J14</VehicleJourneyCode>
      <ServiceRef>NW_01_DG_T1_1</ServiceRef>
      <LineRef>l_T1_DG</LineRef>
      <VehicleJourneyRef>J1</VehicleJourneyRef>
      <Note>
        <NoteCode>TF</NoteCode>
        <NoteText>Tesco Extra Free Bus Service</NoteText>
      </Note>
      <DepartureTime>13:55:00</DepartureTime>
    </VehicleJourney>
    <VehicleJourney>
      <PrivateCode>J15</PrivateCode>
      <Operational>
        <VehicleType>
          <VehicleTypeCode>BUS</VehicleTypeCode>
          <Description>BUS</Description>
        </VehicleType>
      </Operational>
      <OperatingProfile>
        <RegularDayType>
          <DaysOfWeek>
            <MondayToFriday />
          </DaysOfWeek>
        </RegularDayType>
        <BankHolidayOperation>
          <DaysOfNonOperation>
            <AllBankHolidays />
          </DaysOfNonOperation>
        </BankHolidayOperation>
      </OperatingProfile>
      <VehicleJourneyCode>J15</VehicleJourneyCode>
      <ServiceRef>NW_01_DG_T1_1</ServiceRef>
      <LineRef>l_T1_DG</LineRef>
      <VehicleJourneyRef>J1</VehicleJourneyRef>
      <Note>
        <NoteCode>TF</NoteCode>
        <NoteText>Tesco Extra Free Bus Service</NoteText>
      </Note>
      <DepartureTime>14:10:00</DepartureTime>
    </VehicleJourney>
    <VehicleJourney>
      <PrivateCode>J16</PrivateCode>
      <Operational>
        <VehicleType>
          <VehicleTypeCode>BUS</VehicleTypeCode>
          <Description>BUS</Description>
        </VehicleType>
      </Operational>
      <OperatingProfile>
        <RegularDayType>
          <DaysOfWeek>
            <MondayToFriday />
          </DaysOfWeek>
        </RegularDayType>
        <BankHolidayOperation>
          <DaysOfNonOperation>
            <AllBankHolidays />
          </DaysOfNonOperation>
        </BankHolidayOperation>
      </OperatingProfile>
      <VehicleJourneyCode>J16</VehicleJourneyCode>
      <ServiceRef>NW_01_DG_T1_1</ServiceRef>
      <LineRef>l_T1_DG</LineRef>
      <VehicleJourneyRef>J1</VehicleJourneyRef>
      <Note>
        <NoteCode>TF</NoteCode>
        <NoteText>Tesco Extra Free Bus Service</NoteText>
      </Note>
      <DepartureTime>14:25:00</DepartureTime>
    </VehicleJourney>
    <VehicleJourney>
      <PrivateCode>J17</PrivateCode>
      <Operational>
        <VehicleType>
          <VehicleTypeCode>BUS</VehicleTypeCode>
          <Description>BUS</Description>
        </VehicleType>
      </Operational>
      <OperatingProfile>
        <RegularDayType>
          <DaysOfWeek>
            <MondayToFriday />
          </DaysOfWeek>
        </RegularDayType>
        <BankHolidayOperation>
          <DaysOfNonOperation>
            <AllBankHolidays />
          </DaysOfNonOperation>
        </BankHolidayOperation>
      </OperatingProfile>
      <VehicleJourneyCode>J17</VehicleJourneyCode>
      <ServiceRef>NW_01_DG_T1_1</ServiceRef>
      <LineRef>l_T1_DG</LineRef>
      <VehicleJourneyRef>J1</VehicleJourneyRef>
      <Note>
        <NoteCode>TF</NoteCode>
        <NoteText>Tesco Extra Free Bus Service</NoteText>
      </Note>
      <DepartureTime>14:40:00</DepartureTime>
    </VehicleJourney>
  </VehicleJourneys>
</TransXChange>