<?xml version="1.0" encoding="utf-8"?>
<TransXChange xmlns:xsd="http://www.w3.org/2001/XMLSchema" xmlns:xsi="http://www.w3.org/2001/XMLSchema-instance" xsi:schemaLocation="http://www.transxchange.org.uk/ http://www.transxchange.org.uk/schema/2.1/TransXChange_general.xsd" CreationDateTime="2017-09-21T11:34:45.4069720+01:00" ModificationDateTime="2017-09-21T11:34:45.4069720+01:00" Modification="new" RevisionNumber="1" FileName="TXC.xml" SchemaVersion="2.1" RegistrationDocument="false" xmlns="http://www.transxchange.org.uk/">
  <StopPoints>
    <AnnotatedStopPointRef>
      <StopPointRef>090074560835</StopPointRef>
      <CommonName>Monnington Way</CommonName>
      <LocalityName>Fairhill</LocalityName>
      <LocalityQualifier>Penrith</LocalityQualifier>
    </AnnotatedStopPointRef>
    <AnnotatedStopPointRef>
      <StopPointRef>090074560837</StopPointRef>
      <CommonName>Booth's Supermarket</CommonName>
      <LocalityName>Penrith</LocalityName>
      <LocalityQualifier>Penrith</LocalityQualifier>
    </AnnotatedStopPointRef>
    <AnnotatedStopPointRef>
      <StopPointRef>090074560851</StopPointRef>
      <CommonName>Holme Riggs Avenue</CommonName>
      <LocalityName>Wetheriggs</LocalityName>
      <LocalityQualifier>Wetheriggs</LocalityQualifier>
    </AnnotatedStopPointRef>
    <AnnotatedStopPointRef>
      <StopPointRef>090074560852</StopPointRef>
      <CommonName>Mayburgh Avenue</CommonName>
      <LocalityName>Wetheriggs</LocalityName>
      <LocalityQualifier>Wetheriggs</LocalityQualifier>
    </AnnotatedStopPointRef>
    <AnnotatedStopPointRef>
      <StopPointRef>090074560854</StopPointRef>
      <CommonName>Wetheriggs Rise</CommonName>
      <LocalityName>Wetheriggs</LocalityName>
      <LocalityQualifier>Wetheriggs</LocalityQualifier>
    </AnnotatedStopPointRef>
    <AnnotatedStopPointRef>
      <StopPointRef>090074560864</StopPointRef>
      <CommonName>Herald Office</CommonName>
      <LocalityName>Penrith</LocalityName>
      <LocalityQualifier>Penrith</LocalityQualifier>
    </AnnotatedStopPointRef>
    <AnnotatedStopPointRef>
      <StopPointRef>090074560883</StopPointRef>
      <CommonName>Jubilee Lodge</CommonName>
      <LocalityName>Beacon Bank</LocalityName>
      <LocalityQualifier>Penrith</LocalityQualifier>
    </AnnotatedStopPointRef>
    <AnnotatedStopPointRef>
      <StopPointRef>090074560894</StopPointRef>
      <CommonName>Health Centre</CommonName>
      <LocalityName>Penrith</LocalityName>
      <LocalityQualifier>Penrith</LocalityQualifier>
    </AnnotatedStopPointRef>
    <AnnotatedStopPointRef>
      <StopPointRef>090074560897</StopPointRef>
      <CommonName>Fir Bank</CommonName>
      <LocalityName>Beacon Bank</LocalityName>
      <LocalityQualifier>Penrith</LocalityQualifier>
    </AnnotatedStopPointRef>
    <AnnotatedStopPointRef>
      <StopPointRef>090074560895</StopPointRef>
      <CommonName>Hutton Hill</CommonName>
      <LocalityName>Scaws</LocalityName>
      <LocalityQualifier>Scaws</LocalityQualifier>
    </AnnotatedStopPointRef>
    <AnnotatedStopPointRef>
      <StopPointRef>090074560914</StopPointRef>
      <CommonName>Coldsprings Park</CommonName>
      <LocalityName>Scaws</LocalityName>
      <LocalityQualifier>Scaws</LocalityQualifier>
    </AnnotatedStopPointRef>
    <AnnotatedStopPointRef>
      <StopPointRef>090074560917</StopPointRef>
      <CommonName>Pennine Way</CommonName>
      <LocalityName>Scaws</LocalityName>
      <LocalityQualifier>Scaws</LocalityQualifier>
    </AnnotatedStopPointRef>
    <AnnotatedStopPointRef>
      <StopPointRef>090074560845</StopPointRef>
      <CommonName>Wilderswood</CommonName>
      <LocalityName>Beacon Bank</LocalityName>
      <LocalityQualifier>Penrith</LocalityQualifier>
    </AnnotatedStopPointRef>
    <AnnotatedStopPointRef>
      <StopPointRef>090074560853</StopPointRef>
      <CommonName>West Lane</CommonName>
      <LocalityName>Penrith</LocalityName>
      <LocalityQualifier>Penrith</LocalityQualifier>
    </AnnotatedStopPointRef>
    <AnnotatedStopPointRef>
      <StopPointRef>090074560857</StopPointRef>
      <CommonName>Bus Station (P)</CommonName>
      <LocalityName>Penrith</LocalityName>
      <LocalityQualifier>Penrith</LocalityQualifier>
    </AnnotatedStopPointRef>
    <AnnotatedStopPointRef>
      <StopPointRef>090074560858</StopPointRef>
      <CommonName>Bus Station (P)</CommonName>
      <LocalityName>Penrith</LocalityName>
      <LocalityQualifier>Penrith</LocalityQualifier>
    </AnnotatedStopPointRef>
    <AnnotatedStopPointRef>
      <StopPointRef>090074560859</StopPointRef>
      <CommonName>Bus Station (P)</CommonName>
      <LocalityName>Penrith</LocalityName>
      <LocalityQualifier>Penrith</LocalityQualifier>
    </AnnotatedStopPointRef>
    <AnnotatedStopPointRef>
      <StopPointRef>090074560862</StopPointRef>
      <CommonName>Beacon Edge Cemetery</CommonName>
      <LocalityName>Beacon Bank</LocalityName>
      <LocalityQualifier>Penrith</LocalityQualifier>
    </AnnotatedStopPointRef>
    <AnnotatedStopPointRef>
      <StopPointRef>090074560867</StopPointRef>
      <CommonName>Cricket Ground</CommonName>
      <LocalityName>Wetheriggs</LocalityName>
      <LocalityQualifier>Wetheriggs</LocalityQualifier>
    </AnnotatedStopPointRef>
    <AnnotatedStopPointRef>
      <StopPointRef>090074560869</StopPointRef>
      <CommonName>Crescent</CommonName>
      <LocalityName>Wetheriggs</LocalityName>
      <LocalityQualifier>Wetheriggs</LocalityQualifier>
    </AnnotatedStopPointRef>
    <AnnotatedStopPointRef>
      <StopPointRef>090074560876</StopPointRef>
      <CommonName>Netherend Road</CommonName>
      <LocalityName>Wetheriggs</LocalityName>
      <LocalityQualifier>Wetheriggs</LocalityQualifier>
    </AnnotatedStopPointRef>
    <AnnotatedStopPointRef>
      <StopPointRef>090074560899</StopPointRef>
      <CommonName>Beacon Lodge</CommonName>
      <LocalityName>Beacon Bank</LocalityName>
      <LocalityQualifier>Penrith</LocalityQualifier>
    </AnnotatedStopPointRef>
    <AnnotatedStopPointRef>
      <StopPointRef>090074561108</StopPointRef>
      <CommonName>Ullswater Community College</CommonName>
      <LocalityName>Penrith</LocalityName>
      <LocalityQualifier>Penrith</LocalityQualifier>
    </AnnotatedStopPointRef>
    <AnnotatedStopPointRef>
      <StopPointRef>090074560904</StopPointRef>
      <CommonName>Pategill Court</CommonName>
      <LocalityName>Pategill</LocalityName>
      <LocalityQualifier>Pategill</LocalityQualifier>
    </AnnotatedStopPointRef>
    <AnnotatedStopPointRef>
      <StopPointRef>090074560821</StopPointRef>
      <CommonName>Newlands Place</CommonName>
      <LocalityName>Penrith</LocalityName>
      <LocalityQualifier>Penrith</LocalityQualifier>
    </AnnotatedStopPointRef>
    <AnnotatedStopPointRef>
      <StopPointRef>090074560824</StopPointRef>
      <CommonName>Raiselands Croft</CommonName>
      <LocalityName>Penrith</LocalityName>
      <LocalityQualifier>Penrith</LocalityQualifier>
    </AnnotatedStopPointRef>
    <AnnotatedStopPointRef>
      <StopPointRef>090074560826</StopPointRef>
      <CommonName>Acorn Guest House</CommonName>
      <LocalityName>Penrith</LocalityName>
      <LocalityQualifier>Penrith</LocalityQualifier>
    </AnnotatedStopPointRef>
    <AnnotatedStopPointRef>
      <StopPointRef>090074560831</StopPointRef>
      <CommonName>Fair Hill</CommonName>
      <LocalityName>Fairhill</LocalityName>
      <LocalityQualifier>Penrith</LocalityQualifier>
    </AnnotatedStopPointRef>
    <AnnotatedStopPointRef>
      <StopPointRef>090074560881</StopPointRef>
      <CommonName>Brent Gardens</CommonName>
      <LocalityName>Scaws</LocalityName>
      <LocalityQualifier>Scaws</LocalityQualifier>
    </AnnotatedStopPointRef>
    <AnnotatedStopPointRef>
      <StopPointRef>090074564357</StopPointRef>
      <CommonName>Graham Street</CommonName>
      <LocalityName>Penrith</LocalityName>
      <LocalityQualifier>Penrith</LocalityQualifier>
    </AnnotatedStopPointRef>
    <AnnotatedStopPointRef>
      <StopPointRef>090074560855</StopPointRef>
      <CommonName>Wetheriggs Junior School</CommonName>
      <LocalityName>Wetheriggs</LocalityName>
      <LocalityQualifier>Wetheriggs</LocalityQualifier>
    </AnnotatedStopPointRef>
    <AnnotatedStopPointRef>
      <StopPointRef>090074560902</StopPointRef>
      <CommonName>Askham Crescent</CommonName>
      <LocalityName>Scaws</LocalityName>
      <LocalityQualifier>Scaws</LocalityQualifier>
    </AnnotatedStopPointRef>
    <AnnotatedStopPointRef>
      <StopPointRef>090074561451</StopPointRef>
      <CommonName>Thirlmere Park</CommonName>
      <LocalityName>Wetheriggs</LocalityName>
      <LocalityQualifier>Wetheriggs</LocalityQualifier>
    </AnnotatedStopPointRef>
    <AnnotatedStopPointRef>
      <StopPointRef>090074563492</StopPointRef>
      <CommonName>Top</CommonName>
      <LocalityName>Penrith</LocalityName>
      <LocalityQualifier>Penrith</LocalityQualifier>
    </AnnotatedStopPointRef>
    <AnnotatedStopPointRef>
      <StopPointRef>090074564335</StopPointRef>
      <CommonName>Skirsgill Gardens</CommonName>
      <LocalityName>Penrith</LocalityName>
      <LocalityQualifier>Penrith</LocalityQualifier>
    </AnnotatedStopPointRef>
  </StopPoints>
  <JourneyPatternSections>
    <JourneyPatternSection id="JPSection-1">
      <JourneyPatternTimingLink id="JPSection-1-SEC1-POS1">
        <From>
          <Activity>pickUp</Activity>
          <StopPointRef>090074560857</StopPointRef>
          <TimingStatus>PTP</TimingStatus>
        </From>
        <To>
          <Activity>pickUpAndSetDown</Activity>
          <StopPointRef>090074560895</StopPointRef>
          <TimingStatus>PTP</TimingStatus>
        </To>
        <RunTime>PT4M</RunTime>
      </JourneyPatternTimingLink>
      <JourneyPatternTimingLink id="JPSection-1-SEC1-POS2">
        <From>
          <Activity>pickUpAndSetDown</Activity>
          <StopPointRef>090074560895</StopPointRef>
          <TimingStatus>PTP</TimingStatus>
        </From>
        <To>
          <Activity>pickUpAndSetDown</Activity>
          <StopPointRef>090074560914</StopPointRef>
          <TimingStatus>PTP</TimingStatus>
        </To>
        <RunTime>PT0M</RunTime>
      </JourneyPatternTimingLink>
      <JourneyPatternTimingLink id="JPSection-1-SEC1-POS3">
        <From>
          <Activity>pickUpAndSetDown</Activity>
          <StopPointRef>090074560914</StopPointRef>
          <TimingStatus>PTP</TimingStatus>
        </From>
        <To>
          <Activity>pickUpAndSetDown</Activity>
          <StopPointRef>090074560917</StopPointRef>
          <TimingStatus>PTP</TimingStatus>
        </To>
        <RunTime>PT0M</RunTime>
      </JourneyPatternTimingLink>
      <JourneyPatternTimingLink id="JPSection-1-SEC1-POS4">
        <From>
          <Activity>pickUpAndSetDown</Activity>
          <StopPointRef>090074560917</StopPointRef>
          <TimingStatus>PTP</TimingStatus>
        </From>
        <To>
          <Activity>pickUpAndSetDown</Activity>
          <StopPointRef>090074560902</StopPointRef>
          <TimingStatus>PTP</TimingStatus>
        </To>
        <RunTime>PT1M</RunTime>
      </JourneyPatternTimingLink>
      <JourneyPatternTimingLink id="JPSection-1-SEC1-POS5">
        <From>
          <Activity>pickUpAndSetDown</Activity>
          <StopPointRef>090074560902</StopPointRef>
          <TimingStatus>PTP</TimingStatus>
        </From>
        <To>
          <Activity>pickUpAndSetDown</Activity>
          <StopPointRef>090074560881</StopPointRef>
          <TimingStatus>PTP</TimingStatus>
        </To>
        <RunTime>PT1M</RunTime>
      </JourneyPatternTimingLink>
      <JourneyPatternTimingLink id="JPSection-1-SEC1-POS6">
        <From>
          <Activity>pickUpAndSetDown</Activity>
          <StopPointRef>090074560881</StopPointRef>
          <TimingStatus>PTP</TimingStatus>
        </From>
        <To>
          <Activity>pickUpAndSetDown</Activity>
          <StopPointRef>090074560904</StopPointRef>
          <TimingStatus>PTP</TimingStatus>
        </To>
        <RunTime>PT4M</RunTime>
      </JourneyPatternTimingLink>
      <JourneyPatternTimingLink id="JPSection-1-SEC1-POS7">
        <From>
          <Activity>pickUpAndSetDown</Activity>
          <StopPointRef>090074560904</StopPointRef>
          <TimingStatus>PTP</TimingStatus>
        </From>
        <To>
          <Activity>pickUpAndSetDown</Activity>
          <StopPointRef>090074560894</StopPointRef>
          <TimingStatus>PTP</TimingStatus>
        </To>
        <RunTime>PT5M</RunTime>
      </JourneyPatternTimingLink>
      <JourneyPatternTimingLink id="JPSection-1-SEC1-POS8">
        <From>
          <Activity>pickUpAndSetDown</Activity>
          <StopPointRef>090074560894</StopPointRef>
          <TimingStatus>PTP</TimingStatus>
        </From>
        <To>
          <Activity>pickUpAndSetDown</Activity>
          <StopPointRef>090074561108</StopPointRef>
          <TimingStatus>PTP</TimingStatus>
        </To>
        <RunTime>PT2M</RunTime>
      </JourneyPatternTimingLink>
      <JourneyPatternTimingLink id="JPSection-1-SEC1-POS9">
        <From>
          <Activity>pickUpAndSetDown</Activity>
          <StopPointRef>090074561108</StopPointRef>
          <TimingStatus>PTP</TimingStatus>
        </From>
        <To>
          <Activity>setDown</Activity>
          <StopPointRef>090074560864</StopPointRef>
          <TimingStatus>PTP</TimingStatus>
        </To>
        <RunTime>PT3M</RunTime>
      </JourneyPatternTimingLink>
    </JourneyPatternSection>
    <JourneyPatternSection id="JPSection-2">
      <JourneyPatternTimingLink id="JPSection-2-SEC1-POS1">
        <From>
          <Activity>pickUp</Activity>
          <StopPointRef>090074560857</StopPointRef>
          <TimingStatus>PTP</TimingStatus>
        </From>
        <To>
          <Activity>pickUpAndSetDown</Activity>
          <StopPointRef>090074560895</StopPointRef>
          <TimingStatus>PTP</TimingStatus>
        </To>
        <RunTime>PT4M</RunTime>
      </JourneyPatternTimingLink>
      <JourneyPatternTimingLink id="JPSection-2-SEC1-POS2">
        <From>
          <Activity>pickUpAndSetDown</Activity>
          <StopPointRef>090074560895</StopPointRef>
          <TimingStatus>PTP</TimingStatus>
        </From>
        <To>
          <Activity>pickUpAndSetDown</Activity>
          <StopPointRef>090074560914</StopPointRef>
          <TimingStatus>PTP</TimingStatus>
        </To>
        <RunTime>PT0M</RunTime>
      </JourneyPatternTimingLink>
      <JourneyPatternTimingLink id="JPSection-2-SEC1-POS3">
        <From>
          <Activity>pickUpAndSetDown</Activity>
          <StopPointRef>090074560914</StopPointRef>
          <TimingStatus>PTP</TimingStatus>
        </From>
        <To>
          <Activity>pickUpAndSetDown</Activity>
          <StopPointRef>090074560917</StopPointRef>
          <TimingStatus>PTP</TimingStatus>
        </To>
        <RunTime>PT0M</RunTime>
      </JourneyPatternTimingLink>
      <JourneyPatternTimingLink id="JPSection-2-SEC1-POS4">
        <From>
          <Activity>pickUpAndSetDown</Activity>
          <StopPointRef>090074560917</StopPointRef>
          <TimingStatus>PTP</TimingStatus>
        </From>
        <To>
          <Activity>pickUpAndSetDown</Activity>
          <StopPointRef>090074560902</StopPointRef>
          <TimingStatus>PTP</TimingStatus>
        </To>
        <RunTime>PT1M</RunTime>
      </JourneyPatternTimingLink>
      <JourneyPatternTimingLink id="JPSection-2-SEC1-POS5">
        <From>
          <Activity>pickUpAndSetDown</Activity>
          <StopPointRef>090074560902</StopPointRef>
          <TimingStatus>PTP</TimingStatus>
        </From>
        <To>
          <Activity>pickUpAndSetDown</Activity>
          <StopPointRef>090074560881</StopPointRef>
          <TimingStatus>PTP</TimingStatus>
        </To>
        <RunTime>PT1M</RunTime>
      </JourneyPatternTimingLink>
      <JourneyPatternTimingLink id="JPSection-2-SEC1-POS6">
        <From>
          <Activity>pickUpAndSetDown</Activity>
          <StopPointRef>090074560881</StopPointRef>
          <TimingStatus>PTP</TimingStatus>
        </From>
        <To>
          <Activity>pickUpAndSetDown</Activity>
          <StopPointRef>090074560904</StopPointRef>
          <TimingStatus>PTP</TimingStatus>
        </To>
        <RunTime>PT4M</RunTime>
      </JourneyPatternTimingLink>
      <JourneyPatternTimingLink id="JPSection-2-SEC1-POS7">
        <From>
          <Activity>pickUpAndSetDown</Activity>
          <StopPointRef>090074560904</StopPointRef>
          <TimingStatus>PTP</TimingStatus>
        </From>
        <To>
          <Activity>pickUpAndSetDown</Activity>
          <StopPointRef>090074560894</StopPointRef>
          <TimingStatus>PTP</TimingStatus>
        </To>
        <RunTime>PT5M</RunTime>
      </JourneyPatternTimingLink>
      <JourneyPatternTimingLink id="JPSection-2-SEC1-POS8">
        <From>
          <Activity>pickUpAndSetDown</Activity>
          <StopPointRef>090074560894</StopPointRef>
          <TimingStatus>PTP</TimingStatus>
        </From>
        <To>
          <Activity>pickUpAndSetDown</Activity>
          <StopPointRef>090074561108</StopPointRef>
          <TimingStatus>PTP</TimingStatus>
        </To>
        <RunTime>PT2M</RunTime>
      </JourneyPatternTimingLink>
      <JourneyPatternTimingLink id="JPSection-2-SEC1-POS9">
        <From>
          <Activity>pickUpAndSetDown</Activity>
          <StopPointRef>090074561108</StopPointRef>
          <TimingStatus>PTP</TimingStatus>
        </From>
        <To>
          <Activity>setDown</Activity>
          <StopPointRef>090074560864</StopPointRef>
          <TimingStatus>PTP</TimingStatus>
        </To>
        <RunTime>PT3M</RunTime>
      </JourneyPatternTimingLink>
    </JourneyPatternSection>
    <JourneyPatternSection id="JPSection-3">
      <JourneyPatternTimingLink id="JPSection-3-SEC2-POS10">
        <From>
          <Activity>pickUpAndSetDown</Activity>
          <StopPointRef>090074560864</StopPointRef>
          <TimingStatus>PTP</TimingStatus>
        </From>
        <To>
          <Activity>pickUpAndSetDown</Activity>
          <StopPointRef>090074564335</StopPointRef>
          <TimingStatus>PTP</TimingStatus>
        </To>
        <RunTime>PT1M</RunTime>
      </JourneyPatternTimingLink>
      <JourneyPatternTimingLink id="JPSection-3-SEC2-POS11">
        <From>
          <Activity>pickUpAndSetDown</Activity>
          <StopPointRef>090074564335</StopPointRef>
          <TimingStatus>PTP</TimingStatus>
        </From>
        <To>
          <Activity>pickUpAndSetDown</Activity>
          <StopPointRef>090074561451</StopPointRef>
          <TimingStatus>PTP</TimingStatus>
        </To>
        <RunTime>PT1M</RunTime>
      </JourneyPatternTimingLink>
      <JourneyPatternTimingLink id="JPSection-3-SEC2-POS12">
        <From>
          <Activity>pickUpAndSetDown</Activity>
          <StopPointRef>090074561451</StopPointRef>
          <TimingStatus>PTP</TimingStatus>
        </From>
        <To>
          <Activity>pickUpAndSetDown</Activity>
          <StopPointRef>090074560869</StopPointRef>
          <TimingStatus>PTP</TimingStatus>
        </To>
        <RunTime>PT1M</RunTime>
      </JourneyPatternTimingLink>
      <JourneyPatternTimingLink id="JPSection-3-SEC2-POS13">
        <From>
          <Activity>pickUpAndSetDown</Activity>
          <StopPointRef>090074560869</StopPointRef>
          <TimingStatus>PTP</TimingStatus>
        </From>
        <To>
          <Activity>pickUpAndSetDown</Activity>
          <StopPointRef>090074560876</StopPointRef>
          <TimingStatus>PTP</TimingStatus>
        </To>
        <RunTime>PT1M</RunTime>
      </JourneyPatternTimingLink>
      <JourneyPatternTimingLink id="JPSection-3-SEC2-POS14">
        <From>
          <Activity>pickUpAndSetDown</Activity>
          <StopPointRef>090074560876</StopPointRef>
          <TimingStatus>PTP</TimingStatus>
        </From>
        <To>
          <Activity>pickUpAndSetDown</Activity>
          <StopPointRef>090074560867</StopPointRef>
          <TimingStatus>PTP</TimingStatus>
        </To>
        <RunTime>PT2M</RunTime>
      </JourneyPatternTimingLink>
      <JourneyPatternTimingLink id="JPSection-3-SEC2-POS15">
        <From>
          <Activity>pickUpAndSetDown</Activity>
          <StopPointRef>090074560867</StopPointRef>
          <TimingStatus>PTP</TimingStatus>
        </From>
        <To>
          <Activity>pickUpAndSetDown</Activity>
          <StopPointRef>090074560851</StopPointRef>
          <TimingStatus>PTP</TimingStatus>
        </To>
        <RunTime>PT0M</RunTime>
      </JourneyPatternTimingLink>
      <JourneyPatternTimingLink id="JPSection-3-SEC2-POS16">
        <From>
          <Activity>pickUpAndSetDown</Activity>
          <StopPointRef>090074560851</StopPointRef>
          <TimingStatus>PTP</TimingStatus>
        </From>
        <To>
          <Activity>pickUpAndSetDown</Activity>
          <StopPointRef>090074560852</StopPointRef>
          <TimingStatus>PTP</TimingStatus>
        </To>
        <RunTime>PT1M</RunTime>
      </JourneyPatternTimingLink>
      <JourneyPatternTimingLink id="JPSection-3-SEC2-POS17">
        <From>
          <Activity>pickUpAndSetDown</Activity>
          <StopPointRef>090074560852</StopPointRef>
          <TimingStatus>PTP</TimingStatus>
        </From>
        <To>
          <Activity>pickUpAndSetDown</Activity>
          <StopPointRef>090074560855</StopPointRef>
          <TimingStatus>PTP</TimingStatus>
        </To>
        <RunTime>PT1M</RunTime>
      </JourneyPatternTimingLink>
      <JourneyPatternTimingLink id="JPSection-3-SEC2-POS18">
        <From>
          <Activity>pickUpAndSetDown</Activity>
          <StopPointRef>090074560855</StopPointRef>
          <TimingStatus>PTP</TimingStatus>
        </From>
        <To>
          <Activity>pickUpAndSetDown</Activity>
          <StopPointRef>090074560853</StopPointRef>
          <TimingStatus>PTP</TimingStatus>
        </To>
        <RunTime>PT1M</RunTime>
      </JourneyPatternTimingLink>
      <JourneyPatternTimingLink id="JPSection-3-SEC2-POS19">
        <From>
          <Activity>pickUpAndSetDown</Activity>
          <StopPointRef>090074560853</StopPointRef>
          <TimingStatus>PTP</TimingStatus>
        </From>
        <To>
          <Activity>pickUpAndSetDown</Activity>
          <StopPointRef>090074560854</StopPointRef>
          <TimingStatus>PTP</TimingStatus>
        </To>
        <RunTime>PT0M</RunTime>
      </JourneyPatternTimingLink>
      <JourneyPatternTimingLink id="JPSection-3-SEC2-POS20">
        <From>
          <Activity>pickUpAndSetDown</Activity>
          <StopPointRef>090074560854</StopPointRef>
          <TimingStatus>PTP</TimingStatus>
        </From>
        <To>
          <Activity>pickUpAndSetDown</Activity>
          <StopPointRef>090074560821</StopPointRef>
          <TimingStatus>PTP</TimingStatus>
        </To>
        <RunTime>PT6M</RunTime>
      </JourneyPatternTimingLink>
      <JourneyPatternTimingLink id="JPSection-3-SEC2-POS21">
        <From>
          <Activity>pickUpAndSetDown</Activity>
          <StopPointRef>090074560821</StopPointRef>
          <TimingStatus>PTP</TimingStatus>
        </From>
        <To>
          <Activity>pickUpAndSetDown</Activity>
          <StopPointRef>090074560837</StopPointRef>
          <TimingStatus>PTP</TimingStatus>
        </To>
        <RunTime>PT2M</RunTime>
      </JourneyPatternTimingLink>
      <JourneyPatternTimingLink id="JPSection-3-SEC2-POS22">
        <From>
          <Activity>pickUpAndSetDown</Activity>
          <StopPointRef>090074560837</StopPointRef>
          <TimingStatus>PTP</TimingStatus>
        </From>
        <To>
          <Activity>pickUpAndSetDown</Activity>
          <StopPointRef>090074560859</StopPointRef>
          <TimingStatus>PTP</TimingStatus>
        </To>
        <RunTime>PT4M</RunTime>
      </JourneyPatternTimingLink>
      <JourneyPatternTimingLink id="JPSection-3-SEC2-POS23">
        <From>
          <Activity>pickUpAndSetDown</Activity>
          <StopPointRef>090074560859</StopPointRef>
          <TimingStatus>PTP</TimingStatus>
        </From>
        <To>
          <Activity>pickUpAndSetDown</Activity>
          <StopPointRef>090074564357</StopPointRef>
          <TimingStatus>PTP</TimingStatus>
        </To>
        <RunTime>PT1M</RunTime>
      </JourneyPatternTimingLink>
      <JourneyPatternTimingLink id="JPSection-3-SEC2-POS24">
        <From>
          <Activity>pickUpAndSetDown</Activity>
          <StopPointRef>090074564357</StopPointRef>
          <TimingStatus>PTP</TimingStatus>
        </From>
        <To>
          <Activity>pickUpAndSetDown</Activity>
          <StopPointRef>090074563492</StopPointRef>
          <TimingStatus>PTP</TimingStatus>
        </To>
        <RunTime>PT3M</RunTime>
      </JourneyPatternTimingLink>
      <JourneyPatternTimingLink id="JPSection-3-SEC2-POS25">
        <From>
          <Activity>pickUpAndSetDown</Activity>
          <StopPointRef>090074563492</StopPointRef>
          <TimingStatus>PTP</TimingStatus>
        </From>
        <To>
          <Activity>pickUpAndSetDown</Activity>
          <StopPointRef>090074560826</StopPointRef>
          <TimingStatus>PTP</TimingStatus>
        </To>
        <RunTime>PT0M</RunTime>
      </JourneyPatternTimingLink>
      <JourneyPatternTimingLink id="JPSection-3-SEC2-POS26">
        <From>
          <Activity>pickUpAndSetDown</Activity>
          <StopPointRef>090074560826</StopPointRef>
          <TimingStatus>PTP</TimingStatus>
        </From>
        <To>
          <Activity>pickUpAndSetDown</Activity>
          <StopPointRef>090074560831</StopPointRef>
          <TimingStatus>PTP</TimingStatus>
        </To>
        <RunTime>PT1M</RunTime>
      </JourneyPatternTimingLink>
      <JourneyPatternTimingLink id="JPSection-3-SEC2-POS27">
        <From>
          <Activity>pickUpAndSetDown</Activity>
          <StopPointRef>090074560831</StopPointRef>
          <TimingStatus>PTP</TimingStatus>
        </From>
        <To>
          <Activity>pickUpAndSetDown</Activity>
          <StopPointRef>090074560824</StopPointRef>
          <TimingStatus>PTP</TimingStatus>
        </To>
        <RunTime>PT0M</RunTime>
      </JourneyPatternTimingLink>
      <JourneyPatternTimingLink id="JPSection-3-SEC2-POS28">
        <From>
          <Activity>pickUpAndSetDown</Activity>
          <StopPointRef>090074560824</StopPointRef>
          <TimingStatus>PTP</TimingStatus>
        </From>
        <To>
          <Activity>pickUpAndSetDown</Activity>
          <StopPointRef>090074560835</StopPointRef>
          <TimingStatus>PTP</TimingStatus>
        </To>
        <RunTime>PT1M</RunTime>
      </JourneyPatternTimingLink>
      <JourneyPatternTimingLink id="JPSection-3-SEC2-POS29">
        <From>
          <Activity>pickUpAndSetDown</Activity>
          <StopPointRef>090074560835</StopPointRef>
          <TimingStatus>PTP</TimingStatus>
        </From>
        <To>
          <Activity>pickUpAndSetDown</Activity>
          <StopPointRef>090074560862</StopPointRef>
          <TimingStatus>PTP</TimingStatus>
        </To>
        <RunTime>PT0M</RunTime>
      </JourneyPatternTimingLink>
      <JourneyPatternTimingLink id="JPSection-3-SEC2-POS30">
        <From>
          <Activity>pickUpAndSetDown</Activity>
          <StopPointRef>090074560862</StopPointRef>
          <TimingStatus>PTP</TimingStatus>
        </From>
        <To>
          <Activity>pickUpAndSetDown</Activity>
          <StopPointRef>090074560845</StopPointRef>
          <TimingStatus>PTP</TimingStatus>
        </To>
        <RunTime>PT0M</RunTime>
      </JourneyPatternTimingLink>
      <JourneyPatternTimingLink id="JPSection-3-SEC2-POS31">
        <From>
          <Activity>pickUpAndSetDown</Activity>
          <StopPointRef>090074560845</StopPointRef>
          <TimingStatus>PTP</TimingStatus>
        </From>
        <To>
          <Activity>pickUpAndSetDown</Activity>
          <StopPointRef>090074560883</StopPointRef>
          <TimingStatus>PTP</TimingStatus>
        </To>
        <RunTime>PT0M</RunTime>
      </JourneyPatternTimingLink>
      <JourneyPatternTimingLink id="JPSection-3-SEC2-POS32">
        <From>
          <Activity>pickUpAndSetDown</Activity>
          <StopPointRef>090074560883</StopPointRef>
          <TimingStatus>PTP</TimingStatus>
        </From>
        <To>
          <Activity>pickUpAndSetDown</Activity>
          <StopPointRef>090074560899</StopPointRef>
          <TimingStatus>PTP</TimingStatus>
        </To>
        <RunTime>PT1M</RunTime>
      </JourneyPatternTimingLink>
      <JourneyPatternTimingLink id="JPSection-3-SEC2-POS33">
        <From>
          <Activity>pickUpAndSetDown</Activity>
          <StopPointRef>090074560899</StopPointRef>
          <TimingStatus>PTP</TimingStatus>
        </From>
        <To>
          <Activity>pickUpAndSetDown</Activity>
          <StopPointRef>090074560897</StopPointRef>
          <TimingStatus>PTP</TimingStatus>
        </To>
        <RunTime>PT1M</RunTime>
      </JourneyPatternTimingLink>
      <JourneyPatternTimingLink id="JPSection-3-SEC2-POS34">
        <From>
          <Activity>pickUpAndSetDown</Activity>
          <StopPointRef>090074560897</StopPointRef>
          <TimingStatus>PTP</TimingStatus>
        </From>
        <To>
          <Activity>setDown</Activity>
          <StopPointRef>090074560858</StopPointRef>
          <TimingStatus>PTP</TimingStatus>
        </To>
        <RunTime>PT4M</RunTime>
      </JourneyPatternTimingLink>
    </JourneyPatternSection>
  </JourneyPatternSections>
  <Operators>
    <Operator id="OId_NBM">
      <NationalOperatorCode>NBMH</NationalOperatorCode>
      <OperatorCode>NBM</OperatorCode>
      <OperatorShortName>NBM</OperatorShortName>
    </Operator>
  </Operators>
  <Services>
    <Service>
      <ServiceCode>NW_03_NBM_646_1</ServiceCode>
      <Lines>
        <Line id="l_646_NBM">
          <LineName>646</LineName>
        </Line>
      </Lines>
      <OperatingPeriod>
        <StartDate>2017-01-03</StartDate>
        <EndDate>2017-12-24</EndDate>
      </OperatingPeriod>
      <RegisteredOperatorRef>OId_NBM</RegisteredOperatorRef>
      <StopRequirements>
        <NoNewStopsRequired />
      </StopRequirements>
      <Mode>bus</Mode>
      <Description>Penrith - Penrith</Description>
      <StandardService>
        <Origin>Penrith</Origin>
        <Destination>Penrith</Destination>
        <JourneyPattern id="JP1725">
          <Direction>outbound</Direction>
          <JourneyPatternSectionRefs>JPSection-1</JourneyPatternSectionRefs>
        </JourneyPattern>
        <JourneyPattern id="JP2131">
          <Direction>outbound</Direction>
          <JourneyPatternSectionRefs>JPSection-2</JourneyPatternSectionRefs>
          <JourneyPatternSectionRefs>JPSection-3</JourneyPatternSectionRefs>
        </JourneyPattern>
      </StandardService>
    </Service>
  </Services>
  <VehicleJourneys>
    <VehicleJourney>
      <PrivateCode>297651</PrivateCode>
      <Operational>
        <VehicleType>
          <VehicleTypeCode>LwFlrBs</VehicleTypeCode>
          <Description>LwFlrBs</Description>
        </VehicleType>
      </Operational>
      <OperatingProfile>
        <RegularDayType>
          <DaysOfWeek>
            <MondayToSaturday />
          </DaysOfWeek>
        </RegularDayType>
        <BankHolidayOperation>
          <DaysOfNonOperation>
            <AllBankHolidays />
          </DaysOfNonOperation>
        </BankHolidayOperation>
      </OperatingProfile>
      <VehicleJourneyCode>297651</VehicleJourneyCode>
      <ServiceRef>NW_03_NBM_646_1</ServiceRef>
      <LineRef>l_646_NBM</LineRef>
      <JourneyPatternRef>JP1725</JourneyPatternRef>
      <DepartureTime>15:30:00</DepartureTime>
    </VehicleJourney>
    <VehicleJourney>
      <PrivateCode>297649</PrivateCode>
      <Operational>
        <VehicleType>
          <VehicleTypeCode>LwFlrBs</VehicleTypeCode>
          <Description>LwFlrBs</Description>
        </VehicleType>
      </Operational>
      <OperatingProfile>
        <RegularDayType>
          <DaysOfWeek>
            <MondayToSaturday />
          </DaysOfWeek>
        </RegularDayType>
        <BankHolidayOperation>
          <DaysOfNonOperation>
            <AllBankHolidays />
          </DaysOfNonOperation>
        </BankHolidayOperation>
      </OperatingProfile>
      <VehicleJourneyCode>297649</VehicleJourneyCode>
      <ServiceRef>NW_03_NBM_646_1</ServiceRef>
      <LineRef>l_646_NBM</LineRef>
      <JourneyPatternRef>JP2131</JourneyPatternRef>
      <DepartureTime>13:30:00</DepartureTime>
    </VehicleJourney>
    <VehicleJourney>
      <PrivateCode>297647</PrivateCode>
      <Operational>
        <VehicleType>
          <VehicleTypeCode>LwFlrBs</VehicleTypeCode>
          <Description>LwFlrBs</Description>
        </VehicleType>
      </Operational>
      <OperatingProfile>
        <RegularDayType>
          <DaysOfWeek>
            <MondayToSaturday />
          </DaysOfWeek>
        </RegularDayType>
        <BankHolidayOperation>
          <DaysOfNonOperation>
            <AllBankHolidays />
          </DaysOfNonOperation>
        </BankHolidayOperation>
      </OperatingProfile>
      <VehicleJourneyCode>297647</VehicleJourneyCode>
      <ServiceRef>NW_03_NBM_646_1</ServiceRef>
      <LineRef>l_646_NBM</LineRef>
      <VehicleJourneyRef>297649</VehicleJourneyRef>
      <DepartureTime>11:30:00</DepartureTime>
    </VehicleJourney>
    <VehicleJourney>
      <PrivateCode>297650</PrivateCode>
      <Operational>
        <VehicleType>
          <VehicleTypeCode>LwFlrBs</VehicleTypeCode>
          <Description>LwFlrBs</Description>
        </VehicleType>
      </Operational>
      <OperatingProfile>
        <RegularDayType>
          <DaysOfWeek>
            <MondayToSaturday />
          </DaysOfWeek>
        </RegularDayType>
        <BankHolidayOperation>
          <DaysOfNonOperation>
            <AllBankHolidays />
          </DaysOfNonOperation>
        </BankHolidayOperation>
      </OperatingProfile>
      <VehicleJourneyCode>297650</VehicleJourneyCode>
      <ServiceRef>NW_03_NBM_646_1</ServiceRef>
      <LineRef>l_646_NBM</LineRef>
      <VehicleJourneyRef>297649</VehicleJourneyRef>
      <DepartureTime>14:30:00</DepartureTime>
    </VehicleJourney>
    <VehicleJourney>
      <PrivateCode>297648</PrivateCode>
      <Operational>
        <VehicleType>
          <VehicleTypeCode>LwFlrBs</VehicleTypeCode>
          <Description>LwFlrBs</Description>
        </VehicleType>
      </Operational>
      <OperatingProfile>
        <RegularDayType>
          <DaysOfWeek>
            <MondayToSaturday />
          </DaysOfWeek>
        </RegularDayType>
        <BankHolidayOperation>
          <DaysOfNonOperation>
            <AllBankHolidays />
          </DaysOfNonOperation>
        </BankHolidayOperation>
      </OperatingProfile>
      <VehicleJourneyCode>297648</VehicleJourneyCode>
      <ServiceRef>NW_03_NBM_646_1</ServiceRef>
      <LineRef>l_646_NBM</LineRef>
      <VehicleJourneyRef>297649</VehicleJourneyRef>
      <DepartureTime>12:30:00</DepartureTime>
    </VehicleJourney>
    <VehicleJourney>
      <PrivateCode>297645</PrivateCode>
      <Operational>
        <VehicleType>
          <VehicleTypeCode>LwFlrBs</VehicleTypeCode>
          <Description>LwFlrBs</Description>
        </VehicleType>
      </Operational>
      <OperatingProfile>
        <RegularDayType>
          <DaysOfWeek>
            <MondayToSaturday />
          </DaysOfWeek>
        </RegularDayType>
        <BankHolidayOperation>
          <DaysOfNonOperation>
            <AllBankHolidays />
          </DaysOfNonOperation>
        </BankHolidayOperation>
      </OperatingProfile>
      <VehicleJourneyCode>297645</VehicleJourneyCode>
      <ServiceRef>NW_03_NBM_646_1</ServiceRef>
      <LineRef>l_646_NBM</LineRef>
      <VehicleJourneyRef>297649</VehicleJourneyRef>
      <DepartureTime>09:30:00</DepartureTime>
    </VehicleJourney>
    <VehicleJourney>
      <PrivateCode>297646</PrivateCode>
      <Operational>
        <VehicleType>
          <VehicleTypeCode>LwFlrBs</VehicleTypeCode>
          <Description>LwFlrBs</Description>
        </VehicleType>
      </Operational>
      <OperatingProfile>
        <RegularDayType>
          <DaysOfWeek>
            <MondayToSaturday />
          </DaysOfWeek>
        </RegularDayType>
        <BankHolidayOperation>
          <DaysOfNonOperation>
            <AllBankHolidays />
          </DaysOfNonOperation>
        </BankHolidayOperation>
      </OperatingProfile>
      <VehicleJourneyCode>297646</VehicleJourneyCode>
      <ServiceRef>NW_03_NBM_646_1</ServiceRef>
      <LineRef>l_646_NBM</LineRef>
      <VehicleJourneyRef>297649</VehicleJourneyRef>
      <DepartureTime>10:30:00</DepartureTime>
    </VehicleJourney>
  </VehicleJourneys>
</TransXChange>