<?xml version="1.0" encoding="utf-8"?>
<TransXChange xmlns:xsd="http://www.w3.org/2001/XMLSchema" xmlns:xsi="http://www.w3.org/2001/XMLSchema-instance" xsi:schemaLocation="http://www.transxchange.org.uk/ http://www.transxchange.org.uk/schema/2.1/TransXChange_general.xsd" CreationDateTime="2017-09-21T11:27:51.9261126+01:00" ModificationDateTime="2017-09-21T11:27:51.9261126+01:00" Modification="new" RevisionNumber="1" FileName="TXC.xml" SchemaVersion="2.1" RegistrationDocument="false" xmlns="http://www.transxchange.org.uk/">
  <StopPoints>
    <AnnotatedStopPointRef>
      <StopPointRef>0610VR0011</StopPointRef>
      <CommonName>Bexton Avenue</CommonName>
      <LocalityName>Winsford</LocalityName>
      <LocalityQualifier>Winsford</LocalityQualifier>
    </AnnotatedStopPointRef>
    <AnnotatedStopPointRef>
      <StopPointRef>0610VR0013</StopPointRef>
      <CommonName>Shops</CommonName>
      <LocalityName>Winsford</LocalityName>
      <LocalityQualifier>Winsford</LocalityQualifier>
    </AnnotatedStopPointRef>
    <AnnotatedStopPointRef>
      <StopPointRef>0610VR454</StopPointRef>
      <CommonName>The Swan PH</CommonName>
      <LocalityName>Wharton</LocalityName>
      <LocalityQualifier>Winsford</LocalityQualifier>
    </AnnotatedStopPointRef>
    <AnnotatedStopPointRef>
      <StopPointRef>0610VR455</StopPointRef>
      <CommonName>The Swan PH</CommonName>
      <LocalityName>Wharton</LocalityName>
      <LocalityQualifier>Winsford</LocalityQualifier>
    </AnnotatedStopPointRef>
    <AnnotatedStopPointRef>
      <StopPointRef>0610VR456</StopPointRef>
      <CommonName>Dart Walk</CommonName>
      <LocalityName>Wharton</LocalityName>
      <LocalityQualifier>Winsford</LocalityQualifier>
    </AnnotatedStopPointRef>
    <AnnotatedStopPointRef>
      <StopPointRef>0610VR459</StopPointRef>
      <CommonName>Library</CommonName>
      <LocalityName>Wharton</LocalityName>
      <LocalityQualifier>Winsford</LocalityQualifier>
    </AnnotatedStopPointRef>
    <AnnotatedStopPointRef>
      <StopPointRef>0610VR089</StopPointRef>
      <CommonName>Morrisons Distribution Centre</CommonName>
      <LocalityName>Wharton Green</LocalityName>
      <LocalityQualifier>Winsford</LocalityQualifier>
    </AnnotatedStopPointRef>
    <AnnotatedStopPointRef>
      <StopPointRef>0610VR457</StopPointRef>
      <CommonName>Dart Walk</CommonName>
      <LocalityName>Wharton</LocalityName>
      <LocalityQualifier>Winsford</LocalityQualifier>
    </AnnotatedStopPointRef>
    <AnnotatedStopPointRef>
      <StopPointRef>0610VR458</StopPointRef>
      <CommonName>Willow Wood School</CommonName>
      <LocalityName>Wharton</LocalityName>
      <LocalityQualifier>Winsford</LocalityQualifier>
    </AnnotatedStopPointRef>
    <AnnotatedStopPointRef>
      <StopPointRef>0610VR088</StopPointRef>
      <CommonName>Morrisons Distribution Centre</CommonName>
      <LocalityName>Wharton Green</LocalityName>
      <LocalityQualifier>Winsford</LocalityQualifier>
    </AnnotatedStopPointRef>
    <AnnotatedStopPointRef>
      <StopPointRef>0610VR413</StopPointRef>
      <CommonName>Wharton Road</CommonName>
      <LocalityName>Wharton</LocalityName>
      <LocalityQualifier>Winsford</LocalityQualifier>
    </AnnotatedStopPointRef>
    <AnnotatedStopPointRef>
      <StopPointRef>0610VR1056</StopPointRef>
      <CommonName>Shops</CommonName>
      <LocalityName>Leftwich</LocalityName>
      <LocalityQualifier>Northwich</LocalityQualifier>
    </AnnotatedStopPointRef>
    <AnnotatedStopPointRef>
      <StopPointRef>0610VR414</StopPointRef>
      <CommonName>Wharton Road</CommonName>
      <LocalityName>Wharton</LocalityName>
      <LocalityQualifier>Winsford</LocalityQualifier>
    </AnnotatedStopPointRef>
    <AnnotatedStopPointRef>
      <StopPointRef>0610VR408A</StopPointRef>
      <CommonName>George &amp; Dragon PH</CommonName>
      <LocalityName>Over</LocalityName>
      <LocalityQualifier>Winsford</LocalityQualifier>
    </AnnotatedStopPointRef>
    <AnnotatedStopPointRef>
      <StopPointRef>0610VR091</StopPointRef>
      <CommonName>Christ Church</CommonName>
      <LocalityName>Wharton</LocalityName>
      <LocalityQualifier>Winsford</LocalityQualifier>
    </AnnotatedStopPointRef>
    <AnnotatedStopPointRef>
      <StopPointRef>0610VR092</StopPointRef>
      <CommonName>Christ Church</CommonName>
      <LocalityName>Wharton</LocalityName>
      <LocalityQualifier>Winsford</LocalityQualifier>
    </AnnotatedStopPointRef>
    <AnnotatedStopPointRef>
      <StopPointRef>0610VR411</StopPointRef>
      <CommonName>St John's Church</CommonName>
      <LocalityName>Over</LocalityName>
      <LocalityQualifier>Winsford</LocalityQualifier>
    </AnnotatedStopPointRef>
    <AnnotatedStopPointRef>
      <StopPointRef>0610VR0007</StopPointRef>
      <CommonName>Winsford Academy</CommonName>
      <LocalityName>Winsford</LocalityName>
      <LocalityQualifier>Winsford</LocalityQualifier>
    </AnnotatedStopPointRef>
    <AnnotatedStopPointRef>
      <StopPointRef>0610VR19041</StopPointRef>
      <CommonName>Standford Drive</CommonName>
      <LocalityName>Leftwich</LocalityName>
      <LocalityQualifier>Northwich</LocalityQualifier>
    </AnnotatedStopPointRef>
    <AnnotatedStopPointRef>
      <StopPointRef>0610VR0001</StopPointRef>
      <CommonName>Town Bridge</CommonName>
      <LocalityName>Winsford</LocalityName>
      <LocalityQualifier>Winsford</LocalityQualifier>
    </AnnotatedStopPointRef>
    <AnnotatedStopPointRef>
      <StopPointRef>0610VR0002</StopPointRef>
      <CommonName>Town Bridge</CommonName>
      <LocalityName>Winsford</LocalityName>
      <LocalityQualifier>Winsford</LocalityQualifier>
    </AnnotatedStopPointRef>
    <AnnotatedStopPointRef>
      <StopPointRef>0610VR0003</StopPointRef>
      <CommonName>Siddon Street</CommonName>
      <LocalityName>Winsford</LocalityName>
      <LocalityQualifier>Winsford</LocalityQualifier>
    </AnnotatedStopPointRef>
    <AnnotatedStopPointRef>
      <StopPointRef>0610VR0004</StopPointRef>
      <CommonName>Siddon Street</CommonName>
      <LocalityName>Winsford</LocalityName>
      <LocalityQualifier>Winsford</LocalityQualifier>
    </AnnotatedStopPointRef>
    <AnnotatedStopPointRef>
      <StopPointRef>0610VR1047</StopPointRef>
      <CommonName>Bowling Green Inn</CommonName>
      <LocalityName>Northwich</LocalityName>
      <LocalityQualifier>Northwich</LocalityQualifier>
    </AnnotatedStopPointRef>
    <AnnotatedStopPointRef>
      <StopPointRef>0610VR1046</StopPointRef>
      <CommonName>Bowling Green Inn</CommonName>
      <LocalityName>Northwich</LocalityName>
      <LocalityQualifier>Northwich</LocalityQualifier>
    </AnnotatedStopPointRef>
    <AnnotatedStopPointRef>
      <StopPointRef>0610VR080</StopPointRef>
      <CommonName>Industrial Estate Roundabout</CommonName>
      <LocalityName>Wharton Green</LocalityName>
      <LocalityQualifier>Winsford</LocalityQualifier>
    </AnnotatedStopPointRef>
    <AnnotatedStopPointRef>
      <StopPointRef>0610VR081</StopPointRef>
      <CommonName>Industrial Estate Roundabout</CommonName>
      <LocalityName>Wharton Green</LocalityName>
      <LocalityQualifier>Winsford</LocalityQualifier>
    </AnnotatedStopPointRef>
    <AnnotatedStopPointRef>
      <StopPointRef>0610VR062</StopPointRef>
      <CommonName>Fountain Lane</CommonName>
      <LocalityName>Davenham</LocalityName>
      <LocalityQualifier>Northwich</LocalityQualifier>
    </AnnotatedStopPointRef>
    <AnnotatedStopPointRef>
      <StopPointRef>0610VR061</StopPointRef>
      <CommonName>Bull's Head</CommonName>
      <LocalityName>Davenham</LocalityName>
      <LocalityQualifier>Northwich</LocalityQualifier>
    </AnnotatedStopPointRef>
    <AnnotatedStopPointRef>
      <StopPointRef>0610VR025</StopPointRef>
      <CommonName>Jack Lane</CommonName>
      <LocalityName>Mere Heath</LocalityName>
      <LocalityQualifier>Davenham</LocalityQualifier>
    </AnnotatedStopPointRef>
    <AnnotatedStopPointRef>
      <StopPointRef>0610VR060</StopPointRef>
      <CommonName>Green Lane</CommonName>
      <LocalityName>Davenham</LocalityName>
      <LocalityQualifier>Northwich</LocalityQualifier>
    </AnnotatedStopPointRef>
    <AnnotatedStopPointRef>
      <StopPointRef>0610VR17891</StopPointRef>
      <CommonName>The Elms</CommonName>
      <LocalityName>Leftwich</LocalityName>
      <LocalityQualifier>Northwich</LocalityQualifier>
    </AnnotatedStopPointRef>
    <AnnotatedStopPointRef>
      <StopPointRef>0610VR17893</StopPointRef>
      <CommonName>Old Post Office</CommonName>
      <LocalityName>Leftwich</LocalityName>
      <LocalityQualifier>Northwich</LocalityQualifier>
    </AnnotatedStopPointRef>
    <AnnotatedStopPointRef>
      <StopPointRef>0610VR17895</StopPointRef>
      <CommonName>Kingsley Drive</CommonName>
      <LocalityName>Leftwich</LocalityName>
      <LocalityQualifier>Northwich</LocalityQualifier>
    </AnnotatedStopPointRef>
    <AnnotatedStopPointRef>
      <StopPointRef>0610VR063</StopPointRef>
      <CommonName>Fountain Lane</CommonName>
      <LocalityName>Davenham</LocalityName>
      <LocalityQualifier>Northwich</LocalityQualifier>
    </AnnotatedStopPointRef>
    <AnnotatedStopPointRef>
      <StopPointRef>0610VR19048</StopPointRef>
      <CommonName>Green Lane</CommonName>
      <LocalityName>Davenham</LocalityName>
      <LocalityQualifier>Northwich</LocalityQualifier>
    </AnnotatedStopPointRef>
    <AnnotatedStopPointRef>
      <StopPointRef>0610VR064</StopPointRef>
      <CommonName>Jack Lane</CommonName>
      <LocalityName>Mere Heath</LocalityName>
      <LocalityQualifier>Davenham</LocalityQualifier>
    </AnnotatedStopPointRef>
    <AnnotatedStopPointRef>
      <StopPointRef>0610VR19070</StopPointRef>
      <CommonName>Woodpecker Drive</CommonName>
      <LocalityName>Leftwich</LocalityName>
      <LocalityQualifier>Northwich</LocalityQualifier>
    </AnnotatedStopPointRef>
    <AnnotatedStopPointRef>
      <StopPointRef>0610VR19093</StopPointRef>
      <CommonName>Whittington Gardens</CommonName>
      <LocalityName>Davenham</LocalityName>
      <LocalityQualifier>Northwich</LocalityQualifier>
    </AnnotatedStopPointRef>
    <AnnotatedStopPointRef>
      <StopPointRef>0610VR1044</StopPointRef>
      <CommonName>Railway Arch</CommonName>
      <LocalityName>Northwich</LocalityName>
      <LocalityQualifier>Northwich</LocalityQualifier>
    </AnnotatedStopPointRef>
    <AnnotatedStopPointRef>
      <StopPointRef>0610VR1045</StopPointRef>
      <CommonName>Railway Arch</CommonName>
      <LocalityName>Northwich</LocalityName>
      <LocalityQualifier>Northwich</LocalityQualifier>
    </AnnotatedStopPointRef>
    <AnnotatedStopPointRef>
      <StopPointRef>0610VR1048</StopPointRef>
      <CommonName>Lime Avenue</CommonName>
      <LocalityName>Leftwich</LocalityName>
      <LocalityQualifier>Northwich</LocalityQualifier>
    </AnnotatedStopPointRef>
    <AnnotatedStopPointRef>
      <StopPointRef>0610VR1049</StopPointRef>
      <CommonName>Old Hall Road</CommonName>
      <LocalityName>Leftwich</LocalityName>
      <LocalityQualifier>Northwich</LocalityQualifier>
    </AnnotatedStopPointRef>
    <AnnotatedStopPointRef>
      <StopPointRef>0610VR17897</StopPointRef>
      <CommonName>Kingsley Drive</CommonName>
      <LocalityName>Leftwich</LocalityName>
      <LocalityQualifier>Northwich</LocalityQualifier>
    </AnnotatedStopPointRef>
    <AnnotatedStopPointRef>
      <StopPointRef>0610VR141</StopPointRef>
      <CommonName>Whittington Gardens</CommonName>
      <LocalityName>Davenham</LocalityName>
      <LocalityQualifier>Northwich</LocalityQualifier>
    </AnnotatedStopPointRef>
    <AnnotatedStopPointRef>
      <StopPointRef>0610VR415</StopPointRef>
      <CommonName>Waitrose</CommonName>
      <LocalityName>Northwich</LocalityName>
      <LocalityQualifier>Northwich</LocalityQualifier>
    </AnnotatedStopPointRef>
    <AnnotatedStopPointRef>
      <StopPointRef>0610VR1052</StopPointRef>
      <CommonName>Playground</CommonName>
      <LocalityName>Leftwich</LocalityName>
      <LocalityQualifier>Northwich</LocalityQualifier>
    </AnnotatedStopPointRef>
    <AnnotatedStopPointRef>
      <StopPointRef>0610VR1053</StopPointRef>
      <CommonName>Belgrave Road</CommonName>
      <LocalityName>Leftwich</LocalityName>
      <LocalityQualifier>Northwich</LocalityQualifier>
    </AnnotatedStopPointRef>
    <AnnotatedStopPointRef>
      <StopPointRef>0610VR404</StopPointRef>
      <CommonName>Saxon Crossway</CommonName>
      <LocalityName>Winsford</LocalityName>
      <LocalityQualifier>Winsford</LocalityQualifier>
    </AnnotatedStopPointRef>
    <AnnotatedStopPointRef>
      <StopPointRef>0610VR1050</StopPointRef>
      <CommonName>Granville Road</CommonName>
      <LocalityName>Leftwich</LocalityName>
      <LocalityQualifier>Northwich</LocalityQualifier>
    </AnnotatedStopPointRef>
    <AnnotatedStopPointRef>
      <StopPointRef>0610VR1051</StopPointRef>
      <CommonName>Meadow Grove</CommonName>
      <LocalityName>Leftwich</LocalityName>
      <LocalityQualifier>Northwich</LocalityQualifier>
    </AnnotatedStopPointRef>
    <AnnotatedStopPointRef>
      <StopPointRef>0610VR1054</StopPointRef>
      <CommonName>Community Primary School</CommonName>
      <LocalityName>Leftwich</LocalityName>
      <LocalityQualifier>Northwich</LocalityQualifier>
    </AnnotatedStopPointRef>
    <AnnotatedStopPointRef>
      <StopPointRef>0610VR410</StopPointRef>
      <CommonName>Delamere Street</CommonName>
      <LocalityName>Littler</LocalityName>
      <LocalityQualifier>Littler</LocalityQualifier>
    </AnnotatedStopPointRef>
    <AnnotatedStopPointRef>
      <StopPointRef>0610VR196</StopPointRef>
      <CommonName>Interchange</CommonName>
      <LocalityName>Northwich</LocalityName>
      <LocalityQualifier>Northwich</LocalityQualifier>
    </AnnotatedStopPointRef>
    <AnnotatedStopPointRef>
      <StopPointRef>0610VR19043</StopPointRef>
      <CommonName>Wharton Gardens</CommonName>
      <LocalityName>Wharton</LocalityName>
      <LocalityQualifier>Winsford</LocalityQualifier>
    </AnnotatedStopPointRef>
    <AnnotatedStopPointRef>
      <StopPointRef>0610VR19203</StopPointRef>
      <CommonName>Morrisons</CommonName>
      <LocalityName>Wharton</LocalityName>
      <LocalityQualifier>Winsford</LocalityQualifier>
    </AnnotatedStopPointRef>
    <AnnotatedStopPointRef>
      <StopPointRef>0610VR327</StopPointRef>
      <CommonName>Ledward Street</CommonName>
      <LocalityName>Wharton</LocalityName>
      <LocalityQualifier>Winsford</LocalityQualifier>
    </AnnotatedStopPointRef>
    <AnnotatedStopPointRef>
      <StopPointRef>0610VR328</StopPointRef>
      <CommonName>Wesley Court</CommonName>
      <LocalityName>Wharton</LocalityName>
      <LocalityQualifier>Winsford</LocalityQualifier>
    </AnnotatedStopPointRef>
    <AnnotatedStopPointRef>
      <StopPointRef>0610VR090</StopPointRef>
      <CommonName>Wharton Gardens</CommonName>
      <LocalityName>Wharton</LocalityName>
      <LocalityQualifier>Winsford</LocalityQualifier>
    </AnnotatedStopPointRef>
    <AnnotatedStopPointRef>
      <StopPointRef>0610VR0005</StopPointRef>
      <CommonName>Library</CommonName>
      <LocalityName>Winsford</LocalityName>
      <LocalityQualifier>Winsford</LocalityQualifier>
    </AnnotatedStopPointRef>
    <AnnotatedStopPointRef>
      <StopPointRef>0610VR0006</StopPointRef>
      <CommonName>Guildhall</CommonName>
      <LocalityName>Winsford</LocalityName>
      <LocalityQualifier>Winsford</LocalityQualifier>
    </AnnotatedStopPointRef>
  </StopPoints>
  <JourneyPatternSections>
    <JourneyPatternSection id="JPSection-1">
      <JourneyPatternTimingLink id="JPSection-1-SEC2-POS35">
        <From>
          <Activity>pickUp</Activity>
          <StopPointRef>0610VR0011</StopPointRef>
          <TimingStatus>PTP</TimingStatus>
        </From>
        <To>
          <Activity>pickUpAndSetDown</Activity>
          <StopPointRef>0610VR0013</StopPointRef>
          <TimingStatus>OTH</TimingStatus>
        </To>
        <RunTime>PT1M</RunTime>
      </JourneyPatternTimingLink>
      <JourneyPatternTimingLink id="JPSection-1-SEC2-POS36">
        <From>
          <Activity>pickUpAndSetDown</Activity>
          <StopPointRef>0610VR0013</StopPointRef>
          <TimingStatus>OTH</TimingStatus>
        </From>
        <To>
          <Activity>pickUpAndSetDown</Activity>
          <StopPointRef>0610VR404</StopPointRef>
          <TimingStatus>OTH</TimingStatus>
        </To>
        <RunTime>PT1M</RunTime>
      </JourneyPatternTimingLink>
      <JourneyPatternTimingLink id="JPSection-1-SEC2-POS37">
        <From>
          <Activity>pickUpAndSetDown</Activity>
          <StopPointRef>0610VR404</StopPointRef>
          <TimingStatus>OTH</TimingStatus>
        </From>
        <To>
          <Activity>pickUpAndSetDown</Activity>
          <StopPointRef>0610VR0007</StopPointRef>
          <TimingStatus>OTH</TimingStatus>
        </To>
        <RunTime>PT1M</RunTime>
      </JourneyPatternTimingLink>
      <JourneyPatternTimingLink id="JPSection-1-SEC2-POS38">
        <From>
          <Activity>pickUpAndSetDown</Activity>
          <StopPointRef>0610VR0007</StopPointRef>
          <TimingStatus>OTH</TimingStatus>
        </From>
        <To>
          <WaitTime>PT5M</WaitTime>
          <Activity>pickUpAndSetDown</Activity>
          <StopPointRef>0610VR0006</StopPointRef>
          <TimingStatus>PTP</TimingStatus>
        </To>
        <RunTime>PT2M</RunTime>
      </JourneyPatternTimingLink>
      <JourneyPatternTimingLink id="JPSection-1-SEC2-POS39">
        <From>
          <Activity>pickUpAndSetDown</Activity>
          <StopPointRef>0610VR0006</StopPointRef>
          <TimingStatus>PTP</TimingStatus>
        </From>
        <To>
          <Activity>pickUpAndSetDown</Activity>
          <StopPointRef>0610VR0004</StopPointRef>
          <TimingStatus>OTH</TimingStatus>
        </To>
        <RunTime>PT1M</RunTime>
      </JourneyPatternTimingLink>
      <JourneyPatternTimingLink id="JPSection-1-SEC2-POS40">
        <From>
          <Activity>pickUpAndSetDown</Activity>
          <StopPointRef>0610VR0004</StopPointRef>
          <TimingStatus>OTH</TimingStatus>
        </From>
        <To>
          <Activity>pickUpAndSetDown</Activity>
          <StopPointRef>0610VR0002</StopPointRef>
          <TimingStatus>OTH</TimingStatus>
        </To>
        <RunTime>PT0M</RunTime>
      </JourneyPatternTimingLink>
      <JourneyPatternTimingLink id="JPSection-1-SEC2-POS41">
        <From>
          <Activity>pickUpAndSetDown</Activity>
          <StopPointRef>0610VR0002</StopPointRef>
          <TimingStatus>OTH</TimingStatus>
        </From>
        <To>
          <Activity>pickUpAndSetDown</Activity>
          <StopPointRef>0610VR19203</StopPointRef>
          <TimingStatus>PTP</TimingStatus>
        </To>
        <RunTime>PT2M</RunTime>
      </JourneyPatternTimingLink>
      <JourneyPatternTimingLink id="JPSection-1-SEC2-POS42">
        <From>
          <Activity>pickUpAndSetDown</Activity>
          <StopPointRef>0610VR19203</StopPointRef>
          <TimingStatus>PTP</TimingStatus>
        </From>
        <To>
          <Activity>pickUpAndSetDown</Activity>
          <StopPointRef>0610VR328</StopPointRef>
          <TimingStatus>OTH</TimingStatus>
        </To>
        <RunTime>PT1M</RunTime>
      </JourneyPatternTimingLink>
      <JourneyPatternTimingLink id="JPSection-1-SEC2-POS43">
        <From>
          <Activity>pickUpAndSetDown</Activity>
          <StopPointRef>0610VR328</StopPointRef>
          <TimingStatus>OTH</TimingStatus>
        </From>
        <To>
          <Activity>pickUpAndSetDown</Activity>
          <StopPointRef>0610VR413</StopPointRef>
          <TimingStatus>OTH</TimingStatus>
        </To>
        <RunTime>PT1M</RunTime>
      </JourneyPatternTimingLink>
      <JourneyPatternTimingLink id="JPSection-1-SEC2-POS44">
        <From>
          <Activity>pickUpAndSetDown</Activity>
          <StopPointRef>0610VR413</StopPointRef>
          <TimingStatus>OTH</TimingStatus>
        </From>
        <To>
          <Activity>pickUpAndSetDown</Activity>
          <StopPointRef>0610VR092</StopPointRef>
          <TimingStatus>OTH</TimingStatus>
        </To>
        <RunTime>PT1M</RunTime>
      </JourneyPatternTimingLink>
      <JourneyPatternTimingLink id="JPSection-1-SEC2-POS45">
        <From>
          <Activity>pickUpAndSetDown</Activity>
          <StopPointRef>0610VR092</StopPointRef>
          <TimingStatus>OTH</TimingStatus>
        </From>
        <To>
          <Activity>pickUpAndSetDown</Activity>
          <StopPointRef>0610VR459</StopPointRef>
          <TimingStatus>OTH</TimingStatus>
        </To>
        <RunTime>PT1M</RunTime>
      </JourneyPatternTimingLink>
      <JourneyPatternTimingLink id="JPSection-1-SEC2-POS46">
        <From>
          <Activity>pickUpAndSetDown</Activity>
          <StopPointRef>0610VR459</StopPointRef>
          <TimingStatus>OTH</TimingStatus>
        </From>
        <To>
          <Activity>pickUpAndSetDown</Activity>
          <StopPointRef>0610VR457</StopPointRef>
          <TimingStatus>OTH</TimingStatus>
        </To>
        <RunTime>PT1M</RunTime>
      </JourneyPatternTimingLink>
      <JourneyPatternTimingLink id="JPSection-1-SEC2-POS47">
        <From>
          <Activity>pickUpAndSetDown</Activity>
          <StopPointRef>0610VR457</StopPointRef>
          <TimingStatus>OTH</TimingStatus>
        </From>
        <To>
          <Activity>pickUpAndSetDown</Activity>
          <StopPointRef>0610VR454</StopPointRef>
          <TimingStatus>OTH</TimingStatus>
        </To>
        <RunTime>PT1M</RunTime>
      </JourneyPatternTimingLink>
      <JourneyPatternTimingLink id="JPSection-1-SEC2-POS48">
        <From>
          <Activity>pickUpAndSetDown</Activity>
          <StopPointRef>0610VR454</StopPointRef>
          <TimingStatus>OTH</TimingStatus>
        </From>
        <To>
          <Activity>pickUpAndSetDown</Activity>
          <StopPointRef>0610VR090</StopPointRef>
          <TimingStatus>PTP</TimingStatus>
        </To>
        <RunTime>PT1M</RunTime>
      </JourneyPatternTimingLink>
      <JourneyPatternTimingLink id="JPSection-1-SEC2-POS49">
        <From>
          <Activity>pickUpAndSetDown</Activity>
          <StopPointRef>0610VR090</StopPointRef>
          <TimingStatus>PTP</TimingStatus>
        </From>
        <To>
          <Activity>pickUpAndSetDown</Activity>
          <StopPointRef>0610VR088</StopPointRef>
          <TimingStatus>OTH</TimingStatus>
        </To>
        <RunTime>PT0M</RunTime>
      </JourneyPatternTimingLink>
      <JourneyPatternTimingLink id="JPSection-1-SEC2-POS50">
        <From>
          <Activity>pickUpAndSetDown</Activity>
          <StopPointRef>0610VR088</StopPointRef>
          <TimingStatus>OTH</TimingStatus>
        </From>
        <To>
          <Activity>pickUpAndSetDown</Activity>
          <StopPointRef>0610VR080</StopPointRef>
          <TimingStatus>OTH</TimingStatus>
        </To>
        <RunTime>PT1M</RunTime>
      </JourneyPatternTimingLink>
      <JourneyPatternTimingLink id="JPSection-1-SEC2-POS51">
        <From>
          <Activity>pickUpAndSetDown</Activity>
          <StopPointRef>0610VR080</StopPointRef>
          <TimingStatus>OTH</TimingStatus>
        </From>
        <To>
          <Activity>pickUpAndSetDown</Activity>
          <StopPointRef>0610VR064</StopPointRef>
          <TimingStatus>OTH</TimingStatus>
        </To>
        <RunTime>PT4M</RunTime>
      </JourneyPatternTimingLink>
      <JourneyPatternTimingLink id="JPSection-1-SEC2-POS52">
        <From>
          <Activity>pickUpAndSetDown</Activity>
          <StopPointRef>0610VR064</StopPointRef>
          <TimingStatus>OTH</TimingStatus>
        </From>
        <To>
          <Activity>pickUpAndSetDown</Activity>
          <StopPointRef>0610VR19093</StopPointRef>
          <TimingStatus>OTH</TimingStatus>
        </To>
        <RunTime>PT0M</RunTime>
      </JourneyPatternTimingLink>
      <JourneyPatternTimingLink id="JPSection-1-SEC2-POS53">
        <From>
          <Activity>pickUpAndSetDown</Activity>
          <StopPointRef>0610VR19093</StopPointRef>
          <TimingStatus>OTH</TimingStatus>
        </From>
        <To>
          <Activity>pickUpAndSetDown</Activity>
          <StopPointRef>0610VR063</StopPointRef>
          <TimingStatus>OTH</TimingStatus>
        </To>
        <RunTime>PT1M</RunTime>
      </JourneyPatternTimingLink>
      <JourneyPatternTimingLink id="JPSection-1-SEC2-POS54">
        <From>
          <Activity>pickUpAndSetDown</Activity>
          <StopPointRef>0610VR063</StopPointRef>
          <TimingStatus>OTH</TimingStatus>
        </From>
        <To>
          <Activity>pickUpAndSetDown</Activity>
          <StopPointRef>0610VR060</StopPointRef>
          <TimingStatus>OTH</TimingStatus>
        </To>
        <RunTime>PT0M</RunTime>
      </JourneyPatternTimingLink>
      <JourneyPatternTimingLink id="JPSection-1-SEC2-POS55">
        <From>
          <Activity>pickUpAndSetDown</Activity>
          <StopPointRef>0610VR060</StopPointRef>
          <TimingStatus>OTH</TimingStatus>
        </From>
        <To>
          <Activity>pickUpAndSetDown</Activity>
          <StopPointRef>0610VR17891</StopPointRef>
          <TimingStatus>OTH</TimingStatus>
        </To>
        <RunTime>PT2M</RunTime>
      </JourneyPatternTimingLink>
      <JourneyPatternTimingLink id="JPSection-1-SEC2-POS56">
        <From>
          <Activity>pickUpAndSetDown</Activity>
          <StopPointRef>0610VR17891</StopPointRef>
          <TimingStatus>OTH</TimingStatus>
        </From>
        <To>
          <Activity>pickUpAndSetDown</Activity>
          <StopPointRef>0610VR1050</StopPointRef>
          <TimingStatus>OTH</TimingStatus>
        </To>
        <RunTime>PT0M</RunTime>
      </JourneyPatternTimingLink>
      <JourneyPatternTimingLink id="JPSection-1-SEC2-POS57">
        <From>
          <Activity>pickUpAndSetDown</Activity>
          <StopPointRef>0610VR1050</StopPointRef>
          <TimingStatus>OTH</TimingStatus>
        </From>
        <To>
          <Activity>pickUpAndSetDown</Activity>
          <StopPointRef>0610VR1051</StopPointRef>
          <TimingStatus>OTH</TimingStatus>
        </To>
        <RunTime>PT1M</RunTime>
      </JourneyPatternTimingLink>
      <JourneyPatternTimingLink id="JPSection-1-SEC1-POS7">
        <From>
          <Activity>pickUpAndSetDown</Activity>
          <StopPointRef>0610VR1051</StopPointRef>
          <TimingStatus>OTH</TimingStatus>
        </From>
        <To>
          <Activity>pickUpAndSetDown</Activity>
          <StopPointRef>0610VR1052</StopPointRef>
          <TimingStatus>OTH</TimingStatus>
        </To>
        <RunTime>PT0M</RunTime>
      </JourneyPatternTimingLink>
      <JourneyPatternTimingLink id="JPSection-1-SEC1-POS8">
        <From>
          <Activity>pickUpAndSetDown</Activity>
          <StopPointRef>0610VR1052</StopPointRef>
          <TimingStatus>OTH</TimingStatus>
        </From>
        <To>
          <Activity>pickUpAndSetDown</Activity>
          <StopPointRef>0610VR1053</StopPointRef>
          <TimingStatus>OTH</TimingStatus>
        </To>
        <RunTime>PT1M</RunTime>
      </JourneyPatternTimingLink>
      <JourneyPatternTimingLink id="JPSection-1-SEC2-POS58">
        <From>
          <Activity>pickUpAndSetDown</Activity>
          <StopPointRef>0610VR1053</StopPointRef>
          <TimingStatus>OTH</TimingStatus>
        </From>
        <To>
          <Activity>pickUpAndSetDown</Activity>
          <StopPointRef>0610VR1054</StopPointRef>
          <TimingStatus>OTH</TimingStatus>
        </To>
        <RunTime>PT0M</RunTime>
      </JourneyPatternTimingLink>
      <JourneyPatternTimingLink id="JPSection-1-SEC2-POS59">
        <From>
          <Activity>pickUpAndSetDown</Activity>
          <StopPointRef>0610VR1054</StopPointRef>
          <TimingStatus>OTH</TimingStatus>
        </From>
        <To>
          <Activity>pickUpAndSetDown</Activity>
          <StopPointRef>0610VR19041</StopPointRef>
          <TimingStatus>OTH</TimingStatus>
        </To>
        <RunTime>PT0M</RunTime>
      </JourneyPatternTimingLink>
      <JourneyPatternTimingLink id="JPSection-1-SEC2-POS60">
        <From>
          <Activity>pickUpAndSetDown</Activity>
          <StopPointRef>0610VR19041</StopPointRef>
          <TimingStatus>OTH</TimingStatus>
        </From>
        <To>
          <Activity>pickUpAndSetDown</Activity>
          <StopPointRef>0610VR1056</StopPointRef>
          <TimingStatus>PTP</TimingStatus>
        </To>
        <RunTime>PT1M</RunTime>
      </JourneyPatternTimingLink>
      <JourneyPatternTimingLink id="JPSection-1-SEC2-POS61">
        <From>
          <Activity>pickUpAndSetDown</Activity>
          <StopPointRef>0610VR1056</StopPointRef>
          <TimingStatus>PTP</TimingStatus>
        </From>
        <To>
          <Activity>pickUpAndSetDown</Activity>
          <StopPointRef>0610VR1048</StopPointRef>
          <TimingStatus>OTH</TimingStatus>
        </To>
        <RunTime>PT2M</RunTime>
      </JourneyPatternTimingLink>
    </JourneyPatternSection>
    <JourneyPatternSection id="JPSection-2">
      <JourneyPatternTimingLink id="JPSection-2-SEC2-POS35">
        <From>
          <Activity>pickUp</Activity>
          <StopPointRef>0610VR0011</StopPointRef>
          <TimingStatus>PTP</TimingStatus>
        </From>
        <To>
          <Activity>pickUpAndSetDown</Activity>
          <StopPointRef>0610VR0013</StopPointRef>
          <TimingStatus>OTH</TimingStatus>
        </To>
        <RunTime>PT1M</RunTime>
      </JourneyPatternTimingLink>
      <JourneyPatternTimingLink id="JPSection-2-SEC2-POS36">
        <From>
          <Activity>pickUpAndSetDown</Activity>
          <StopPointRef>0610VR0013</StopPointRef>
          <TimingStatus>OTH</TimingStatus>
        </From>
        <To>
          <Activity>pickUpAndSetDown</Activity>
          <StopPointRef>0610VR404</StopPointRef>
          <TimingStatus>OTH</TimingStatus>
        </To>
        <RunTime>PT1M</RunTime>
      </JourneyPatternTimingLink>
      <JourneyPatternTimingLink id="JPSection-2-SEC2-POS37">
        <From>
          <Activity>pickUpAndSetDown</Activity>
          <StopPointRef>0610VR404</StopPointRef>
          <TimingStatus>OTH</TimingStatus>
        </From>
        <To>
          <Activity>pickUpAndSetDown</Activity>
          <StopPointRef>0610VR0007</StopPointRef>
          <TimingStatus>OTH</TimingStatus>
        </To>
        <RunTime>PT1M</RunTime>
      </JourneyPatternTimingLink>
      <JourneyPatternTimingLink id="JPSection-2-SEC2-POS38">
        <From>
          <Activity>pickUpAndSetDown</Activity>
          <StopPointRef>0610VR0007</StopPointRef>
          <TimingStatus>OTH</TimingStatus>
        </From>
        <To>
          <WaitTime>PT5M</WaitTime>
          <Activity>pickUpAndSetDown</Activity>
          <StopPointRef>0610VR0006</StopPointRef>
          <TimingStatus>PTP</TimingStatus>
        </To>
        <RunTime>PT2M</RunTime>
      </JourneyPatternTimingLink>
      <JourneyPatternTimingLink id="JPSection-2-SEC2-POS39">
        <From>
          <Activity>pickUpAndSetDown</Activity>
          <StopPointRef>0610VR0006</StopPointRef>
          <TimingStatus>PTP</TimingStatus>
        </From>
        <To>
          <Activity>pickUpAndSetDown</Activity>
          <StopPointRef>0610VR0004</StopPointRef>
          <TimingStatus>OTH</TimingStatus>
        </To>
        <RunTime>PT1M</RunTime>
      </JourneyPatternTimingLink>
      <JourneyPatternTimingLink id="JPSection-2-SEC2-POS40">
        <From>
          <Activity>pickUpAndSetDown</Activity>
          <StopPointRef>0610VR0004</StopPointRef>
          <TimingStatus>OTH</TimingStatus>
        </From>
        <To>
          <Activity>pickUpAndSetDown</Activity>
          <StopPointRef>0610VR0002</StopPointRef>
          <TimingStatus>OTH</TimingStatus>
        </To>
        <RunTime>PT0M</RunTime>
      </JourneyPatternTimingLink>
      <JourneyPatternTimingLink id="JPSection-2-SEC2-POS41">
        <From>
          <Activity>pickUpAndSetDown</Activity>
          <StopPointRef>0610VR0002</StopPointRef>
          <TimingStatus>OTH</TimingStatus>
        </From>
        <To>
          <Activity>pickUpAndSetDown</Activity>
          <StopPointRef>0610VR19203</StopPointRef>
          <TimingStatus>PTP</TimingStatus>
        </To>
        <RunTime>PT2M</RunTime>
      </JourneyPatternTimingLink>
      <JourneyPatternTimingLink id="JPSection-2-SEC2-POS42">
        <From>
          <Activity>pickUpAndSetDown</Activity>
          <StopPointRef>0610VR19203</StopPointRef>
          <TimingStatus>PTP</TimingStatus>
        </From>
        <To>
          <Activity>pickUpAndSetDown</Activity>
          <StopPointRef>0610VR328</StopPointRef>
          <TimingStatus>OTH</TimingStatus>
        </To>
        <RunTime>PT1M</RunTime>
      </JourneyPatternTimingLink>
      <JourneyPatternTimingLink id="JPSection-2-SEC2-POS43">
        <From>
          <Activity>pickUpAndSetDown</Activity>
          <StopPointRef>0610VR328</StopPointRef>
          <TimingStatus>OTH</TimingStatus>
        </From>
        <To>
          <Activity>pickUpAndSetDown</Activity>
          <StopPointRef>0610VR413</StopPointRef>
          <TimingStatus>OTH</TimingStatus>
        </To>
        <RunTime>PT1M</RunTime>
      </JourneyPatternTimingLink>
      <JourneyPatternTimingLink id="JPSection-2-SEC2-POS44">
        <From>
          <Activity>pickUpAndSetDown</Activity>
          <StopPointRef>0610VR413</StopPointRef>
          <TimingStatus>OTH</TimingStatus>
        </From>
        <To>
          <Activity>pickUpAndSetDown</Activity>
          <StopPointRef>0610VR092</StopPointRef>
          <TimingStatus>OTH</TimingStatus>
        </To>
        <RunTime>PT1M</RunTime>
      </JourneyPatternTimingLink>
      <JourneyPatternTimingLink id="JPSection-2-SEC2-POS45">
        <From>
          <Activity>pickUpAndSetDown</Activity>
          <StopPointRef>0610VR092</StopPointRef>
          <TimingStatus>OTH</TimingStatus>
        </From>
        <To>
          <Activity>pickUpAndSetDown</Activity>
          <StopPointRef>0610VR459</StopPointRef>
          <TimingStatus>OTH</TimingStatus>
        </To>
        <RunTime>PT1M</RunTime>
      </JourneyPatternTimingLink>
      <JourneyPatternTimingLink id="JPSection-2-SEC2-POS46">
        <From>
          <Activity>pickUpAndSetDown</Activity>
          <StopPointRef>0610VR459</StopPointRef>
          <TimingStatus>OTH</TimingStatus>
        </From>
        <To>
          <Activity>pickUpAndSetDown</Activity>
          <StopPointRef>0610VR457</StopPointRef>
          <TimingStatus>OTH</TimingStatus>
        </To>
        <RunTime>PT1M</RunTime>
      </JourneyPatternTimingLink>
      <JourneyPatternTimingLink id="JPSection-2-SEC2-POS47">
        <From>
          <Activity>pickUpAndSetDown</Activity>
          <StopPointRef>0610VR457</StopPointRef>
          <TimingStatus>OTH</TimingStatus>
        </From>
        <To>
          <Activity>pickUpAndSetDown</Activity>
          <StopPointRef>0610VR454</StopPointRef>
          <TimingStatus>OTH</TimingStatus>
        </To>
        <RunTime>PT1M</RunTime>
      </JourneyPatternTimingLink>
      <JourneyPatternTimingLink id="JPSection-2-SEC2-POS48">
        <From>
          <Activity>pickUpAndSetDown</Activity>
          <StopPointRef>0610VR454</StopPointRef>
          <TimingStatus>OTH</TimingStatus>
        </From>
        <To>
          <Activity>pickUpAndSetDown</Activity>
          <StopPointRef>0610VR090</StopPointRef>
          <TimingStatus>PTP</TimingStatus>
        </To>
        <RunTime>PT1M</RunTime>
      </JourneyPatternTimingLink>
      <JourneyPatternTimingLink id="JPSection-2-SEC2-POS49">
        <From>
          <Activity>pickUpAndSetDown</Activity>
          <StopPointRef>0610VR090</StopPointRef>
          <TimingStatus>PTP</TimingStatus>
        </From>
        <To>
          <Activity>pickUpAndSetDown</Activity>
          <StopPointRef>0610VR088</StopPointRef>
          <TimingStatus>OTH</TimingStatus>
        </To>
        <RunTime>PT0M</RunTime>
      </JourneyPatternTimingLink>
      <JourneyPatternTimingLink id="JPSection-2-SEC2-POS50">
        <From>
          <Activity>pickUpAndSetDown</Activity>
          <StopPointRef>0610VR088</StopPointRef>
          <TimingStatus>OTH</TimingStatus>
        </From>
        <To>
          <Activity>pickUpAndSetDown</Activity>
          <StopPointRef>0610VR080</StopPointRef>
          <TimingStatus>OTH</TimingStatus>
        </To>
        <RunTime>PT1M</RunTime>
      </JourneyPatternTimingLink>
      <JourneyPatternTimingLink id="JPSection-2-SEC2-POS51">
        <From>
          <Activity>pickUpAndSetDown</Activity>
          <StopPointRef>0610VR080</StopPointRef>
          <TimingStatus>OTH</TimingStatus>
        </From>
        <To>
          <Activity>pickUpAndSetDown</Activity>
          <StopPointRef>0610VR064</StopPointRef>
          <TimingStatus>OTH</TimingStatus>
        </To>
        <RunTime>PT4M</RunTime>
      </JourneyPatternTimingLink>
      <JourneyPatternTimingLink id="JPSection-2-SEC2-POS52">
        <From>
          <Activity>pickUpAndSetDown</Activity>
          <StopPointRef>0610VR064</StopPointRef>
          <TimingStatus>OTH</TimingStatus>
        </From>
        <To>
          <Activity>pickUpAndSetDown</Activity>
          <StopPointRef>0610VR19093</StopPointRef>
          <TimingStatus>OTH</TimingStatus>
        </To>
        <RunTime>PT0M</RunTime>
      </JourneyPatternTimingLink>
      <JourneyPatternTimingLink id="JPSection-2-SEC2-POS53">
        <From>
          <Activity>pickUpAndSetDown</Activity>
          <StopPointRef>0610VR19093</StopPointRef>
          <TimingStatus>OTH</TimingStatus>
        </From>
        <To>
          <Activity>pickUpAndSetDown</Activity>
          <StopPointRef>0610VR063</StopPointRef>
          <TimingStatus>OTH</TimingStatus>
        </To>
        <RunTime>PT1M</RunTime>
      </JourneyPatternTimingLink>
      <JourneyPatternTimingLink id="JPSection-2-SEC2-POS54">
        <From>
          <Activity>pickUpAndSetDown</Activity>
          <StopPointRef>0610VR063</StopPointRef>
          <TimingStatus>OTH</TimingStatus>
        </From>
        <To>
          <Activity>pickUpAndSetDown</Activity>
          <StopPointRef>0610VR060</StopPointRef>
          <TimingStatus>OTH</TimingStatus>
        </To>
        <RunTime>PT0M</RunTime>
      </JourneyPatternTimingLink>
      <JourneyPatternTimingLink id="JPSection-2-SEC2-POS55">
        <From>
          <Activity>pickUpAndSetDown</Activity>
          <StopPointRef>0610VR060</StopPointRef>
          <TimingStatus>OTH</TimingStatus>
        </From>
        <To>
          <Activity>pickUpAndSetDown</Activity>
          <StopPointRef>0610VR17891</StopPointRef>
          <TimingStatus>OTH</TimingStatus>
        </To>
        <RunTime>PT2M</RunTime>
      </JourneyPatternTimingLink>
      <JourneyPatternTimingLink id="JPSection-2-SEC2-POS56">
        <From>
          <Activity>pickUpAndSetDown</Activity>
          <StopPointRef>0610VR17891</StopPointRef>
          <TimingStatus>OTH</TimingStatus>
        </From>
        <To>
          <Activity>pickUpAndSetDown</Activity>
          <StopPointRef>0610VR1050</StopPointRef>
          <TimingStatus>OTH</TimingStatus>
        </To>
        <RunTime>PT0M</RunTime>
      </JourneyPatternTimingLink>
      <JourneyPatternTimingLink id="JPSection-2-SEC2-POS57">
        <From>
          <Activity>pickUpAndSetDown</Activity>
          <StopPointRef>0610VR1050</StopPointRef>
          <TimingStatus>OTH</TimingStatus>
        </From>
        <To>
          <Activity>pickUpAndSetDown</Activity>
          <StopPointRef>0610VR1051</StopPointRef>
          <TimingStatus>OTH</TimingStatus>
        </To>
        <RunTime>PT1M</RunTime>
      </JourneyPatternTimingLink>
      <JourneyPatternTimingLink id="JPSection-2-SEC1-POS7">
        <From>
          <Activity>pickUpAndSetDown</Activity>
          <StopPointRef>0610VR1051</StopPointRef>
          <TimingStatus>OTH</TimingStatus>
        </From>
        <To>
          <Activity>pickUpAndSetDown</Activity>
          <StopPointRef>0610VR1052</StopPointRef>
          <TimingStatus>OTH</TimingStatus>
        </To>
        <RunTime>PT0M</RunTime>
      </JourneyPatternTimingLink>
      <JourneyPatternTimingLink id="JPSection-2-SEC1-POS8">
        <From>
          <Activity>pickUpAndSetDown</Activity>
          <StopPointRef>0610VR1052</StopPointRef>
          <TimingStatus>OTH</TimingStatus>
        </From>
        <To>
          <Activity>pickUpAndSetDown</Activity>
          <StopPointRef>0610VR1053</StopPointRef>
          <TimingStatus>OTH</TimingStatus>
        </To>
        <RunTime>PT1M</RunTime>
      </JourneyPatternTimingLink>
      <JourneyPatternTimingLink id="JPSection-2-SEC2-POS58">
        <From>
          <Activity>pickUpAndSetDown</Activity>
          <StopPointRef>0610VR1053</StopPointRef>
          <TimingStatus>OTH</TimingStatus>
        </From>
        <To>
          <Activity>pickUpAndSetDown</Activity>
          <StopPointRef>0610VR1054</StopPointRef>
          <TimingStatus>OTH</TimingStatus>
        </To>
        <RunTime>PT0M</RunTime>
      </JourneyPatternTimingLink>
      <JourneyPatternTimingLink id="JPSection-2-SEC2-POS59">
        <From>
          <Activity>pickUpAndSetDown</Activity>
          <StopPointRef>0610VR1054</StopPointRef>
          <TimingStatus>OTH</TimingStatus>
        </From>
        <To>
          <Activity>pickUpAndSetDown</Activity>
          <StopPointRef>0610VR19041</StopPointRef>
          <TimingStatus>OTH</TimingStatus>
        </To>
        <RunTime>PT0M</RunTime>
      </JourneyPatternTimingLink>
      <JourneyPatternTimingLink id="JPSection-2-SEC2-POS60">
        <From>
          <Activity>pickUpAndSetDown</Activity>
          <StopPointRef>0610VR19041</StopPointRef>
          <TimingStatus>OTH</TimingStatus>
        </From>
        <To>
          <Activity>pickUpAndSetDown</Activity>
          <StopPointRef>0610VR1056</StopPointRef>
          <TimingStatus>PTP</TimingStatus>
        </To>
        <RunTime>PT1M</RunTime>
      </JourneyPatternTimingLink>
      <JourneyPatternTimingLink id="JPSection-2-SEC2-POS61">
        <From>
          <Activity>pickUpAndSetDown</Activity>
          <StopPointRef>0610VR1056</StopPointRef>
          <TimingStatus>PTP</TimingStatus>
        </From>
        <To>
          <Activity>pickUpAndSetDown</Activity>
          <StopPointRef>0610VR1048</StopPointRef>
          <TimingStatus>OTH</TimingStatus>
        </To>
        <RunTime>PT2M</RunTime>
      </JourneyPatternTimingLink>
    </JourneyPatternSection>
    <JourneyPatternSection id="JPSection-3">
      <JourneyPatternTimingLink id="JPSection-3-SEC2-POS64">
        <From>
          <Activity>pickUpAndSetDown</Activity>
          <StopPointRef>0610VR1047</StopPointRef>
          <TimingStatus>OTH</TimingStatus>
        </From>
        <To>
          <Activity>pickUpAndSetDown</Activity>
          <StopPointRef>0610VR1045</StopPointRef>
          <TimingStatus>OTH</TimingStatus>
        </To>
        <RunTime>PT1M</RunTime>
      </JourneyPatternTimingLink>
      <JourneyPatternTimingLink id="JPSection-3-SEC2-POS65">
        <From>
          <Activity>pickUpAndSetDown</Activity>
          <StopPointRef>0610VR1045</StopPointRef>
          <TimingStatus>OTH</TimingStatus>
        </From>
        <To>
          <Activity>pickUpAndSetDown</Activity>
          <StopPointRef>0610VR415</StopPointRef>
          <TimingStatus>OTH</TimingStatus>
        </To>
        <RunTime>PT2M</RunTime>
      </JourneyPatternTimingLink>
      <JourneyPatternTimingLink id="JPSection-3-SEC2-POS66">
        <From>
          <Activity>pickUpAndSetDown</Activity>
          <StopPointRef>0610VR415</StopPointRef>
          <TimingStatus>OTH</TimingStatus>
        </From>
        <To>
          <Activity>setDown</Activity>
          <StopPointRef>0610VR196</StopPointRef>
          <TimingStatus>PTP</TimingStatus>
        </To>
        <RunTime>PT1M</RunTime>
      </JourneyPatternTimingLink>
    </JourneyPatternSection>
    <JourneyPatternSection id="JPSection-4">
      <JourneyPatternTimingLink id="JPSection-4-SEC2-POS64">
        <From>
          <Activity>pickUpAndSetDown</Activity>
          <StopPointRef>0610VR1047</StopPointRef>
          <TimingStatus>OTH</TimingStatus>
        </From>
        <To>
          <Activity>pickUpAndSetDown</Activity>
          <StopPointRef>0610VR1045</StopPointRef>
          <TimingStatus>OTH</TimingStatus>
        </To>
        <RunTime>PT1M</RunTime>
      </JourneyPatternTimingLink>
      <JourneyPatternTimingLink id="JPSection-4-SEC2-POS65">
        <From>
          <Activity>pickUpAndSetDown</Activity>
          <StopPointRef>0610VR1045</StopPointRef>
          <TimingStatus>OTH</TimingStatus>
        </From>
        <To>
          <Activity>pickUpAndSetDown</Activity>
          <StopPointRef>0610VR415</StopPointRef>
          <TimingStatus>OTH</TimingStatus>
        </To>
        <RunTime>PT2M</RunTime>
      </JourneyPatternTimingLink>
      <JourneyPatternTimingLink id="JPSection-4-SEC2-POS66">
        <From>
          <Activity>pickUpAndSetDown</Activity>
          <StopPointRef>0610VR415</StopPointRef>
          <TimingStatus>OTH</TimingStatus>
        </From>
        <To>
          <Activity>setDown</Activity>
          <StopPointRef>0610VR196</StopPointRef>
          <TimingStatus>PTP</TimingStatus>
        </To>
        <RunTime>PT1M</RunTime>
      </JourneyPatternTimingLink>
    </JourneyPatternSection>
    <JourneyPatternSection id="JPSection-5">
      <JourneyPatternTimingLink id="JPSection-5-SEC1-POS1">
        <From>
          <Activity>pickUp</Activity>
          <StopPointRef>0610VR196</StopPointRef>
          <TimingStatus>PTP</TimingStatus>
        </From>
        <To>
          <Activity>pickUpAndSetDown</Activity>
          <StopPointRef>0610VR1044</StopPointRef>
          <TimingStatus>OTH</TimingStatus>
        </To>
        <RunTime>PT2M</RunTime>
      </JourneyPatternTimingLink>
      <JourneyPatternTimingLink id="JPSection-5-SEC1-POS2">
        <From>
          <Activity>pickUpAndSetDown</Activity>
          <StopPointRef>0610VR1044</StopPointRef>
          <TimingStatus>OTH</TimingStatus>
        </From>
        <To>
          <Activity>pickUpAndSetDown</Activity>
          <StopPointRef>0610VR1046</StopPointRef>
          <TimingStatus>OTH</TimingStatus>
        </To>
        <RunTime>PT0M</RunTime>
      </JourneyPatternTimingLink>
      <JourneyPatternTimingLink id="JPSection-5-SEC1-POS3">
        <From>
          <Activity>pickUpAndSetDown</Activity>
          <StopPointRef>0610VR1046</StopPointRef>
          <TimingStatus>OTH</TimingStatus>
        </From>
        <To>
          <Activity>pickUpAndSetDown</Activity>
          <StopPointRef>0610VR17895</StopPointRef>
          <TimingStatus>OTH</TimingStatus>
        </To>
        <RunTime>PT2M</RunTime>
      </JourneyPatternTimingLink>
      <JourneyPatternTimingLink id="JPSection-5-SEC1-POS4">
        <From>
          <Activity>pickUpAndSetDown</Activity>
          <StopPointRef>0610VR17895</StopPointRef>
          <TimingStatus>OTH</TimingStatus>
        </From>
        <To>
          <Activity>pickUpAndSetDown</Activity>
          <StopPointRef>0610VR1049</StopPointRef>
          <TimingStatus>OTH</TimingStatus>
        </To>
        <RunTime>PT1M</RunTime>
      </JourneyPatternTimingLink>
      <JourneyPatternTimingLink id="JPSection-5-SEC1-POS5">
        <From>
          <Activity>pickUpAndSetDown</Activity>
          <StopPointRef>0610VR1049</StopPointRef>
          <TimingStatus>OTH</TimingStatus>
        </From>
        <To>
          <Activity>pickUpAndSetDown</Activity>
          <StopPointRef>0610VR1050</StopPointRef>
          <TimingStatus>OTH</TimingStatus>
        </To>
        <RunTime>PT0M</RunTime>
      </JourneyPatternTimingLink>
      <JourneyPatternTimingLink id="JPSection-5-SEC1-POS6">
        <From>
          <Activity>pickUpAndSetDown</Activity>
          <StopPointRef>0610VR1050</StopPointRef>
          <TimingStatus>OTH</TimingStatus>
        </From>
        <To>
          <Activity>pickUpAndSetDown</Activity>
          <StopPointRef>0610VR1051</StopPointRef>
          <TimingStatus>OTH</TimingStatus>
        </To>
        <RunTime>PT2M</RunTime>
      </JourneyPatternTimingLink>
      <JourneyPatternTimingLink id="JPSection-5-SEC1-POS7">
        <From>
          <Activity>pickUpAndSetDown</Activity>
          <StopPointRef>0610VR1051</StopPointRef>
          <TimingStatus>OTH</TimingStatus>
        </From>
        <To>
          <Activity>pickUpAndSetDown</Activity>
          <StopPointRef>0610VR1052</StopPointRef>
          <TimingStatus>OTH</TimingStatus>
        </To>
        <RunTime>PT0M</RunTime>
      </JourneyPatternTimingLink>
      <JourneyPatternTimingLink id="JPSection-5-SEC1-POS8">
        <From>
          <Activity>pickUpAndSetDown</Activity>
          <StopPointRef>0610VR1052</StopPointRef>
          <TimingStatus>OTH</TimingStatus>
        </From>
        <To>
          <Activity>pickUpAndSetDown</Activity>
          <StopPointRef>0610VR1053</StopPointRef>
          <TimingStatus>OTH</TimingStatus>
        </To>
        <RunTime>PT1M</RunTime>
      </JourneyPatternTimingLink>
      <JourneyPatternTimingLink id="JPSection-5-SEC1-POS9">
        <From>
          <Activity>pickUpAndSetDown</Activity>
          <StopPointRef>0610VR1053</StopPointRef>
          <TimingStatus>OTH</TimingStatus>
        </From>
        <To>
          <Activity>pickUpAndSetDown</Activity>
          <StopPointRef>0610VR1054</StopPointRef>
          <TimingStatus>OTH</TimingStatus>
        </To>
        <RunTime>PT1M</RunTime>
      </JourneyPatternTimingLink>
      <JourneyPatternTimingLink id="JPSection-5-SEC1-POS10">
        <From>
          <Activity>pickUpAndSetDown</Activity>
          <StopPointRef>0610VR1054</StopPointRef>
          <TimingStatus>OTH</TimingStatus>
        </From>
        <To>
          <Activity>pickUpAndSetDown</Activity>
          <StopPointRef>0610VR1056</StopPointRef>
          <TimingStatus>PTP</TimingStatus>
        </To>
        <RunTime>PT1M</RunTime>
      </JourneyPatternTimingLink>
      <JourneyPatternTimingLink id="JPSection-5-SEC1-POS11">
        <From>
          <Activity>pickUpAndSetDown</Activity>
          <StopPointRef>0610VR1056</StopPointRef>
          <TimingStatus>PTP</TimingStatus>
        </From>
        <To>
          <Activity>pickUpAndSetDown</Activity>
          <StopPointRef>0610VR17893</StopPointRef>
          <TimingStatus>OTH</TimingStatus>
        </To>
        <RunTime>PT0M</RunTime>
      </JourneyPatternTimingLink>
      <JourneyPatternTimingLink id="JPSection-5-SEC1-POS12">
        <From>
          <Activity>pickUpAndSetDown</Activity>
          <StopPointRef>0610VR17893</StopPointRef>
          <TimingStatus>OTH</TimingStatus>
        </From>
        <To>
          <Activity>pickUpAndSetDown</Activity>
          <StopPointRef>0610VR19070</StopPointRef>
          <TimingStatus>OTH</TimingStatus>
        </To>
        <RunTime>PT1M</RunTime>
      </JourneyPatternTimingLink>
      <JourneyPatternTimingLink id="JPSection-5-SEC1-POS13">
        <From>
          <Activity>pickUpAndSetDown</Activity>
          <StopPointRef>0610VR19070</StopPointRef>
          <TimingStatus>OTH</TimingStatus>
        </From>
        <To>
          <Activity>pickUpAndSetDown</Activity>
          <StopPointRef>0610VR19048</StopPointRef>
          <TimingStatus>OTH</TimingStatus>
        </To>
        <RunTime>PT1M</RunTime>
      </JourneyPatternTimingLink>
      <JourneyPatternTimingLink id="JPSection-5-SEC1-POS14">
        <From>
          <Activity>pickUpAndSetDown</Activity>
          <StopPointRef>0610VR19048</StopPointRef>
          <TimingStatus>OTH</TimingStatus>
        </From>
        <To>
          <Activity>pickUpAndSetDown</Activity>
          <StopPointRef>0610VR061</StopPointRef>
          <TimingStatus>OTH</TimingStatus>
        </To>
        <RunTime>PT0M</RunTime>
      </JourneyPatternTimingLink>
      <JourneyPatternTimingLink id="JPSection-5-SEC1-POS15">
        <From>
          <Activity>pickUpAndSetDown</Activity>
          <StopPointRef>0610VR061</StopPointRef>
          <TimingStatus>OTH</TimingStatus>
        </From>
        <To>
          <Activity>pickUpAndSetDown</Activity>
          <StopPointRef>0610VR062</StopPointRef>
          <TimingStatus>OTH</TimingStatus>
        </To>
        <RunTime>PT1M</RunTime>
      </JourneyPatternTimingLink>
      <JourneyPatternTimingLink id="JPSection-5-SEC1-POS16">
        <From>
          <Activity>pickUpAndSetDown</Activity>
          <StopPointRef>0610VR062</StopPointRef>
          <TimingStatus>OTH</TimingStatus>
        </From>
        <To>
          <Activity>pickUpAndSetDown</Activity>
          <StopPointRef>0610VR141</StopPointRef>
          <TimingStatus>OTH</TimingStatus>
        </To>
        <RunTime>PT0M</RunTime>
      </JourneyPatternTimingLink>
      <JourneyPatternTimingLink id="JPSection-5-SEC1-POS17">
        <From>
          <Activity>pickUpAndSetDown</Activity>
          <StopPointRef>0610VR141</StopPointRef>
          <TimingStatus>OTH</TimingStatus>
        </From>
        <To>
          <Activity>pickUpAndSetDown</Activity>
          <StopPointRef>0610VR025</StopPointRef>
          <TimingStatus>OTH</TimingStatus>
        </To>
        <RunTime>PT1M</RunTime>
      </JourneyPatternTimingLink>
      <JourneyPatternTimingLink id="JPSection-5-SEC1-POS18">
        <From>
          <Activity>pickUpAndSetDown</Activity>
          <StopPointRef>0610VR025</StopPointRef>
          <TimingStatus>OTH</TimingStatus>
        </From>
        <To>
          <Activity>pickUpAndSetDown</Activity>
          <StopPointRef>0610VR081</StopPointRef>
          <TimingStatus>OTH</TimingStatus>
        </To>
        <RunTime>PT4M</RunTime>
      </JourneyPatternTimingLink>
      <JourneyPatternTimingLink id="JPSection-5-SEC1-POS19">
        <From>
          <Activity>pickUpAndSetDown</Activity>
          <StopPointRef>0610VR081</StopPointRef>
          <TimingStatus>OTH</TimingStatus>
        </From>
        <To>
          <Activity>pickUpAndSetDown</Activity>
          <StopPointRef>0610VR089</StopPointRef>
          <TimingStatus>OTH</TimingStatus>
        </To>
        <RunTime>PT1M</RunTime>
      </JourneyPatternTimingLink>
      <JourneyPatternTimingLink id="JPSection-5-SEC1-POS20">
        <From>
          <Activity>pickUpAndSetDown</Activity>
          <StopPointRef>0610VR089</StopPointRef>
          <TimingStatus>OTH</TimingStatus>
        </From>
        <To>
          <Activity>pickUpAndSetDown</Activity>
          <StopPointRef>0610VR19043</StopPointRef>
          <TimingStatus>PTP</TimingStatus>
        </To>
        <RunTime>PT1M</RunTime>
      </JourneyPatternTimingLink>
      <JourneyPatternTimingLink id="JPSection-5-SEC1-POS21">
        <From>
          <Activity>pickUpAndSetDown</Activity>
          <StopPointRef>0610VR19043</StopPointRef>
          <TimingStatus>PTP</TimingStatus>
        </From>
        <To>
          <Activity>pickUpAndSetDown</Activity>
          <StopPointRef>0610VR455</StopPointRef>
          <TimingStatus>OTH</TimingStatus>
        </To>
        <RunTime>PT0M</RunTime>
      </JourneyPatternTimingLink>
      <JourneyPatternTimingLink id="JPSection-5-SEC1-POS22">
        <From>
          <Activity>pickUpAndSetDown</Activity>
          <StopPointRef>0610VR455</StopPointRef>
          <TimingStatus>OTH</TimingStatus>
        </From>
        <To>
          <Activity>pickUpAndSetDown</Activity>
          <StopPointRef>0610VR456</StopPointRef>
          <TimingStatus>OTH</TimingStatus>
        </To>
        <RunTime>PT1M</RunTime>
      </JourneyPatternTimingLink>
      <JourneyPatternTimingLink id="JPSection-5-SEC1-POS23">
        <From>
          <Activity>pickUpAndSetDown</Activity>
          <StopPointRef>0610VR456</StopPointRef>
          <TimingStatus>OTH</TimingStatus>
        </From>
        <To>
          <Activity>pickUpAndSetDown</Activity>
          <StopPointRef>0610VR458</StopPointRef>
          <TimingStatus>OTH</TimingStatus>
        </To>
        <RunTime>PT1M</RunTime>
      </JourneyPatternTimingLink>
      <JourneyPatternTimingLink id="JPSection-5-SEC1-POS24">
        <From>
          <Activity>pickUpAndSetDown</Activity>
          <StopPointRef>0610VR458</StopPointRef>
          <TimingStatus>OTH</TimingStatus>
        </From>
        <To>
          <Activity>pickUpAndSetDown</Activity>
          <StopPointRef>0610VR091</StopPointRef>
          <TimingStatus>OTH</TimingStatus>
        </To>
        <RunTime>PT1M</RunTime>
      </JourneyPatternTimingLink>
      <JourneyPatternTimingLink id="JPSection-5-SEC1-POS25">
        <From>
          <Activity>pickUpAndSetDown</Activity>
          <StopPointRef>0610VR091</StopPointRef>
          <TimingStatus>OTH</TimingStatus>
        </From>
        <To>
          <Activity>pickUpAndSetDown</Activity>
          <StopPointRef>0610VR414</StopPointRef>
          <TimingStatus>OTH</TimingStatus>
        </To>
        <RunTime>PT1M</RunTime>
      </JourneyPatternTimingLink>
      <JourneyPatternTimingLink id="JPSection-5-SEC1-POS26">
        <From>
          <Activity>pickUpAndSetDown</Activity>
          <StopPointRef>0610VR414</StopPointRef>
          <TimingStatus>OTH</TimingStatus>
        </From>
        <To>
          <Activity>pickUpAndSetDown</Activity>
          <StopPointRef>0610VR327</StopPointRef>
          <TimingStatus>OTH</TimingStatus>
        </To>
        <RunTime>PT1M</RunTime>
      </JourneyPatternTimingLink>
      <JourneyPatternTimingLink id="JPSection-5-SEC1-POS27">
        <From>
          <Activity>pickUpAndSetDown</Activity>
          <StopPointRef>0610VR327</StopPointRef>
          <TimingStatus>OTH</TimingStatus>
        </From>
        <To>
          <Activity>pickUpAndSetDown</Activity>
          <StopPointRef>0610VR19203</StopPointRef>
          <TimingStatus>PTP</TimingStatus>
        </To>
        <RunTime>PT2M</RunTime>
      </JourneyPatternTimingLink>
      <JourneyPatternTimingLink id="JPSection-5-SEC1-POS28">
        <From>
          <Activity>pickUpAndSetDown</Activity>
          <StopPointRef>0610VR19203</StopPointRef>
          <TimingStatus>PTP</TimingStatus>
        </From>
        <To>
          <Activity>pickUpAndSetDown</Activity>
          <StopPointRef>0610VR0001</StopPointRef>
          <TimingStatus>OTH</TimingStatus>
        </To>
        <RunTime>PT1M</RunTime>
      </JourneyPatternTimingLink>
      <JourneyPatternTimingLink id="JPSection-5-SEC1-POS29">
        <From>
          <Activity>pickUpAndSetDown</Activity>
          <StopPointRef>0610VR0001</StopPointRef>
          <TimingStatus>OTH</TimingStatus>
        </From>
        <To>
          <Activity>pickUpAndSetDown</Activity>
          <StopPointRef>0610VR0003</StopPointRef>
          <TimingStatus>OTH</TimingStatus>
        </To>
        <RunTime>PT1M</RunTime>
      </JourneyPatternTimingLink>
      <JourneyPatternTimingLink id="JPSection-5-SEC1-POS30">
        <From>
          <Activity>pickUpAndSetDown</Activity>
          <StopPointRef>0610VR0003</StopPointRef>
          <TimingStatus>OTH</TimingStatus>
        </From>
        <To>
          <WaitTime>PT5M</WaitTime>
          <Activity>pickUpAndSetDown</Activity>
          <StopPointRef>0610VR0005</StopPointRef>
          <TimingStatus>PTP</TimingStatus>
        </To>
        <RunTime>PT1M</RunTime>
      </JourneyPatternTimingLink>
      <JourneyPatternTimingLink id="JPSection-5-SEC1-POS31">
        <From>
          <Activity>pickUpAndSetDown</Activity>
          <StopPointRef>0610VR0005</StopPointRef>
          <TimingStatus>PTP</TimingStatus>
        </From>
        <To>
          <Activity>pickUpAndSetDown</Activity>
          <StopPointRef>0610VR408A</StopPointRef>
          <TimingStatus>OTH</TimingStatus>
        </To>
        <RunTime>PT2M</RunTime>
      </JourneyPatternTimingLink>
      <JourneyPatternTimingLink id="JPSection-5-SEC1-POS32">
        <From>
          <Activity>pickUpAndSetDown</Activity>
          <StopPointRef>0610VR408A</StopPointRef>
          <TimingStatus>OTH</TimingStatus>
        </From>
        <To>
          <Activity>pickUpAndSetDown</Activity>
          <StopPointRef>0610VR411</StopPointRef>
          <TimingStatus>OTH</TimingStatus>
        </To>
        <RunTime>PT2M</RunTime>
      </JourneyPatternTimingLink>
      <JourneyPatternTimingLink id="JPSection-5-SEC1-POS33">
        <From>
          <Activity>pickUpAndSetDown</Activity>
          <StopPointRef>0610VR411</StopPointRef>
          <TimingStatus>OTH</TimingStatus>
        </From>
        <To>
          <Activity>pickUpAndSetDown</Activity>
          <StopPointRef>0610VR410</StopPointRef>
          <TimingStatus>OTH</TimingStatus>
        </To>
        <RunTime>PT1M</RunTime>
      </JourneyPatternTimingLink>
      <JourneyPatternTimingLink id="JPSection-5-SEC1-POS34">
        <From>
          <Activity>pickUpAndSetDown</Activity>
          <StopPointRef>0610VR410</StopPointRef>
          <TimingStatus>OTH</TimingStatus>
        </From>
        <To>
          <Activity>setDown</Activity>
          <StopPointRef>0610VR0011</StopPointRef>
          <TimingStatus>PTP</TimingStatus>
        </To>
        <RunTime>PT1M</RunTime>
      </JourneyPatternTimingLink>
    </JourneyPatternSection>
    <JourneyPatternSection id="JPSection-6">
      <JourneyPatternTimingLink id="JPSection-6-SEC2-POS62">
        <From>
          <Activity>pickUpAndSetDown</Activity>
          <StopPointRef>0610VR1048</StopPointRef>
          <TimingStatus>OTH</TimingStatus>
        </From>
        <To>
          <Activity>pickUpAndSetDown</Activity>
          <StopPointRef>0610VR17897</StopPointRef>
          <TimingStatus>OTH</TimingStatus>
        </To>
        <RunTime>PT1M</RunTime>
      </JourneyPatternTimingLink>
      <JourneyPatternTimingLink id="JPSection-6-SEC2-POS63">
        <From>
          <Activity>pickUpAndSetDown</Activity>
          <StopPointRef>0610VR17897</StopPointRef>
          <TimingStatus>OTH</TimingStatus>
        </From>
        <To>
          <Activity>pickUpAndSetDown</Activity>
          <StopPointRef>0610VR1047</StopPointRef>
          <TimingStatus>OTH</TimingStatus>
        </To>
        <RunTime>PT3M</RunTime>
      </JourneyPatternTimingLink>
    </JourneyPatternSection>
    <JourneyPatternSection id="JPSection-7">
      <JourneyPatternTimingLink id="JPSection-7-SEC3-POS67">
        <From>
          <Activity>pickUpAndSetDown</Activity>
          <StopPointRef>0610VR1048</StopPointRef>
          <TimingStatus>OTH</TimingStatus>
        </From>
        <To>
          <Activity>pickUpAndSetDown</Activity>
          <StopPointRef>0610VR17897</StopPointRef>
          <TimingStatus>OTH</TimingStatus>
        </To>
        <RunTime>PT0M</RunTime>
      </JourneyPatternTimingLink>
      <JourneyPatternTimingLink id="JPSection-7-SEC3-POS68">
        <From>
          <Activity>pickUpAndSetDown</Activity>
          <StopPointRef>0610VR17897</StopPointRef>
          <TimingStatus>OTH</TimingStatus>
        </From>
        <To>
          <Activity>pickUpAndSetDown</Activity>
          <StopPointRef>0610VR1047</StopPointRef>
          <TimingStatus>OTH</TimingStatus>
        </To>
        <RunTime>PT2M</RunTime>
      </JourneyPatternTimingLink>
    </JourneyPatternSection>
  </JourneyPatternSections>
  <Operators>
    <Operator id="OId_ANW">
      <NationalOperatorCode>ANWE</NationalOperatorCode>
      <OperatorCode>ANW</OperatorCode>
      <OperatorShortName>ANW</OperatorShortName>
    </Operator>
  </Operators>
  <Services>
    <Service>
      <ServiceCode>NW_02_ANW_29A_1</ServiceCode>
      <Lines>
        <Line id="l_29A_ANW">
          <LineName>29A</LineName>
        </Line>
      </Lines>
      <OperatingPeriod>
        <StartDate>2017-01-29</StartDate>
        <EndDate>2099-12-31</EndDate>
      </OperatingPeriod>
      <RegisteredOperatorRef>OId_ANW</RegisteredOperatorRef>
      <StopRequirements>
        <NoNewStopsRequired />
      </StopRequirements>
      <Mode>bus</Mode>
      <Description>Northwich - Winsford - Winsford Bexton Avenue</Description>
      <StandardService>
        <Origin>Winsford</Origin>
        <Destination>Northwich</Destination>
        <JourneyPattern id="JP1">
          <Direction>outbound</Direction>
          <JourneyPatternSectionRefs>JPSection-5</JourneyPatternSectionRefs>
        </JourneyPattern>
        <JourneyPattern id="JP10">
          <Direction>inbound</Direction>
          <JourneyPatternSectionRefs>JPSection-1</JourneyPatternSectionRefs>
          <JourneyPatternSectionRefs>JPSection-6</JourneyPatternSectionRefs>
          <JourneyPatternSectionRefs>JPSection-3</JourneyPatternSectionRefs>
        </JourneyPattern>
        <JourneyPattern id="JP12">
          <Direction>inbound</Direction>
          <JourneyPatternSectionRefs>JPSection-2</JourneyPatternSectionRefs>
          <JourneyPatternSectionRefs>JPSection-7</JourneyPatternSectionRefs>
          <JourneyPatternSectionRefs>JPSection-4</JourneyPatternSectionRefs>
        </JourneyPattern>
      </StandardService>
    </Service>
  </Services>
  <VehicleJourneys>
    <VehicleJourney>
      <PrivateCode>J18</PrivateCode>
      <Operational>
        <VehicleType>
          <VehicleTypeCode>BUS</VehicleTypeCode>
          <Description>BUS</Description>
        </VehicleType>
      </Operational>
      <OperatingProfile>
        <RegularDayType>
          <DaysOfWeek>
            <MondayToFriday />
          </DaysOfWeek>
        </RegularDayType>
        <SpecialDaysOperation>
          <DaysOfNonOperation>
            <DateRange>
              <StartDate>2017-12-27</StartDate>
              <EndDate>2017-12-27</EndDate>
              <Note>QE Line</Note>
            </DateRange>
            <DateRange>
              <StartDate>2017-12-28</StartDate>
              <EndDate>2017-12-28</EndDate>
              <Note>QE Line</Note>
            </DateRange>
            <DateRange>
              <StartDate>2017-12-29</StartDate>
              <EndDate>2017-12-29</EndDate>
              <Note>QE Line</Note>
            </DateRange>
          </DaysOfNonOperation>
        </SpecialDaysOperation>
        <BankHolidayOperation>
          <DaysOfNonOperation>
            <AllBankHolidays />
          </DaysOfNonOperation>
        </BankHolidayOperation>
      </OperatingProfile>
      <VehicleJourneyCode>J18</VehicleJourneyCode>
      <ServiceRef>NW_02_ANW_29A_1</ServiceRef>
      <LineRef>l_29A_ANW</LineRef>
      <JourneyPatternRef>JP1</JourneyPatternRef>
      <DepartureTime>07:33:00</DepartureTime>
    </VehicleJourney>
    <VehicleJourney>
      <PrivateCode>J1</PrivateCode>
      <Operational>
        <VehicleType>
          <VehicleTypeCode>BUS</VehicleTypeCode>
          <Description>BUS</Description>
        </VehicleType>
      </Operational>
      <OperatingProfile>
        <RegularDayType>
          <DaysOfWeek>
            <MondayToFriday />
          </DaysOfWeek>
        </RegularDayType>
        <SpecialDaysOperation>
          <DaysOfNonOperation>
            <DateRange>
              <StartDate>2017-12-27</StartDate>
              <EndDate>2017-12-27</EndDate>
              <Note>QE Line</Note>
            </DateRange>
            <DateRange>
              <StartDate>2017-12-28</StartDate>
              <EndDate>2017-12-28</EndDate>
              <Note>QE Line</Note>
            </DateRange>
            <DateRange>
              <StartDate>2017-12-29</StartDate>
              <EndDate>2017-12-29</EndDate>
              <Note>QE Line</Note>
            </DateRange>
          </DaysOfNonOperation>
        </SpecialDaysOperation>
        <BankHolidayOperation>
          <DaysOfNonOperation>
            <AllBankHolidays />
          </DaysOfNonOperation>
        </BankHolidayOperation>
      </OperatingProfile>
      <VehicleJourneyCode>J1</VehicleJourneyCode>
      <ServiceRef>NW_02_ANW_29A_1</ServiceRef>
      <LineRef>l_29A_ANW</LineRef>
      <VehicleJourneyRef>J18</VehicleJourneyRef>
      <DepartureTime>08:33:00</DepartureTime>
    </VehicleJourney>
    <VehicleJourney>
      <PrivateCode>J2</PrivateCode>
      <Operational>
        <VehicleType>
          <VehicleTypeCode>BUS</VehicleTypeCode>
          <Description>BUS</Description>
        </VehicleType>
      </Operational>
      <OperatingProfile>
        <RegularDayType>
          <DaysOfWeek>
            <MondayToFriday />
          </DaysOfWeek>
        </RegularDayType>
        <SpecialDaysOperation>
          <DaysOfNonOperation>
            <DateRange>
              <StartDate>2017-12-27</StartDate>
              <EndDate>2017-12-27</EndDate>
              <Note>QE Line</Note>
            </DateRange>
            <DateRange>
              <StartDate>2017-12-28</StartDate>
              <EndDate>2017-12-28</EndDate>
              <Note>QE Line</Note>
            </DateRange>
            <DateRange>
              <StartDate>2017-12-29</StartDate>
              <EndDate>2017-12-29</EndDate>
              <Note>QE Line</Note>
            </DateRange>
          </DaysOfNonOperation>
        </SpecialDaysOperation>
        <BankHolidayOperation>
          <DaysOfNonOperation>
            <AllBankHolidays />
          </DaysOfNonOperation>
        </BankHolidayOperation>
      </OperatingProfile>
      <VehicleJourneyCode>J2</VehicleJourneyCode>
      <ServiceRef>NW_02_ANW_29A_1</ServiceRef>
      <LineRef>l_29A_ANW</LineRef>
      <VehicleJourneyRef>J18</VehicleJourneyRef>
      <DepartureTime>09:33:00</DepartureTime>
    </VehicleJourney>
    <VehicleJourney>
      <PrivateCode>J3</PrivateCode>
      <Operational>
        <VehicleType>
          <VehicleTypeCode>BUS</VehicleTypeCode>
          <Description>BUS</Description>
        </VehicleType>
      </Operational>
      <OperatingProfile>
        <RegularDayType>
          <DaysOfWeek>
            <MondayToFriday />
          </DaysOfWeek>
        </RegularDayType>
        <SpecialDaysOperation>
          <DaysOfNonOperation>
            <DateRange>
              <StartDate>2017-12-27</StartDate>
              <EndDate>2017-12-27</EndDate>
              <Note>QE Line</Note>
            </DateRange>
            <DateRange>
              <StartDate>2017-12-28</StartDate>
              <EndDate>2017-12-28</EndDate>
              <Note>QE Line</Note>
            </DateRange>
            <DateRange>
              <StartDate>2017-12-29</StartDate>
              <EndDate>2017-12-29</EndDate>
              <Note>QE Line</Note>
            </DateRange>
          </DaysOfNonOperation>
        </SpecialDaysOperation>
        <BankHolidayOperation>
          <DaysOfNonOperation>
            <AllBankHolidays />
          </DaysOfNonOperation>
        </BankHolidayOperation>
      </OperatingProfile>
      <VehicleJourneyCode>J3</VehicleJourneyCode>
      <ServiceRef>NW_02_ANW_29A_1</ServiceRef>
      <LineRef>l_29A_ANW</LineRef>
      <VehicleJourneyRef>J18</VehicleJourneyRef>
      <DepartureTime>10:33:00</DepartureTime>
    </VehicleJourney>
    <VehicleJourney>
      <PrivateCode>J4</PrivateCode>
      <Operational>
        <VehicleType>
          <VehicleTypeCode>BUS</VehicleTypeCode>
          <Description>BUS</Description>
        </VehicleType>
      </Operational>
      <OperatingProfile>
        <RegularDayType>
          <DaysOfWeek>
            <MondayToFriday />
          </DaysOfWeek>
        </RegularDayType>
        <SpecialDaysOperation>
          <DaysOfNonOperation>
            <DateRange>
              <StartDate>2017-12-27</StartDate>
              <EndDate>2017-12-27</EndDate>
              <Note>QE Line</Note>
            </DateRange>
            <DateRange>
              <StartDate>2017-12-28</StartDate>
              <EndDate>2017-12-28</EndDate>
              <Note>QE Line</Note>
            </DateRange>
            <DateRange>
              <StartDate>2017-12-29</StartDate>
              <EndDate>2017-12-29</EndDate>
              <Note>QE Line</Note>
            </DateRange>
          </DaysOfNonOperation>
        </SpecialDaysOperation>
        <BankHolidayOperation>
          <DaysOfNonOperation>
            <AllBankHolidays />
          </DaysOfNonOperation>
        </BankHolidayOperation>
      </OperatingProfile>
      <VehicleJourneyCode>J4</VehicleJourneyCode>
      <ServiceRef>NW_02_ANW_29A_1</ServiceRef>
      <LineRef>l_29A_ANW</LineRef>
      <VehicleJourneyRef>J18</VehicleJourneyRef>
      <DepartureTime>11:33:00</DepartureTime>
    </VehicleJourney>
    <VehicleJourney>
      <PrivateCode>J5</PrivateCode>
      <Operational>
        <VehicleType>
          <VehicleTypeCode>BUS</VehicleTypeCode>
          <Description>BUS</Description>
        </VehicleType>
      </Operational>
      <OperatingProfile>
        <RegularDayType>
          <DaysOfWeek>
            <MondayToFriday />
          </DaysOfWeek>
        </RegularDayType>
        <SpecialDaysOperation>
          <DaysOfNonOperation>
            <DateRange>
              <StartDate>2017-12-27</StartDate>
              <EndDate>2017-12-27</EndDate>
              <Note>QE Line</Note>
            </DateRange>
            <DateRange>
              <StartDate>2017-12-28</StartDate>
              <EndDate>2017-12-28</EndDate>
              <Note>QE Line</Note>
            </DateRange>
            <DateRange>
              <StartDate>2017-12-29</StartDate>
              <EndDate>2017-12-29</EndDate>
              <Note>QE Line</Note>
            </DateRange>
          </DaysOfNonOperation>
        </SpecialDaysOperation>
        <BankHolidayOperation>
          <DaysOfNonOperation>
            <AllBankHolidays />
          </DaysOfNonOperation>
        </BankHolidayOperation>
      </OperatingProfile>
      <VehicleJourneyCode>J5</VehicleJourneyCode>
      <ServiceRef>NW_02_ANW_29A_1</ServiceRef>
      <LineRef>l_29A_ANW</LineRef>
      <VehicleJourneyRef>J18</VehicleJourneyRef>
      <DepartureTime>12:33:00</DepartureTime>
    </VehicleJourney>
    <VehicleJourney>
      <PrivateCode>J6</PrivateCode>
      <Operational>
        <VehicleType>
          <VehicleTypeCode>BUS</VehicleTypeCode>
          <Description>BUS</Description>
        </VehicleType>
      </Operational>
      <OperatingProfile>
        <RegularDayType>
          <DaysOfWeek>
            <MondayToFriday />
          </DaysOfWeek>
        </RegularDayType>
        <SpecialDaysOperation>
          <DaysOfNonOperation>
            <DateRange>
              <StartDate>2017-12-27</StartDate>
              <EndDate>2017-12-27</EndDate>
              <Note>QE Line</Note>
            </DateRange>
            <DateRange>
              <StartDate>2017-12-28</StartDate>
              <EndDate>2017-12-28</EndDate>
              <Note>QE Line</Note>
            </DateRange>
            <DateRange>
              <StartDate>2017-12-29</StartDate>
              <EndDate>2017-12-29</EndDate>
              <Note>QE Line</Note>
            </DateRange>
          </DaysOfNonOperation>
        </SpecialDaysOperation>
        <BankHolidayOperation>
          <DaysOfNonOperation>
            <AllBankHolidays />
          </DaysOfNonOperation>
        </BankHolidayOperation>
      </OperatingProfile>
      <VehicleJourneyCode>J6</VehicleJourneyCode>
      <ServiceRef>NW_02_ANW_29A_1</ServiceRef>
      <LineRef>l_29A_ANW</LineRef>
      <VehicleJourneyRef>J18</VehicleJourneyRef>
      <DepartureTime>13:33:00</DepartureTime>
    </VehicleJourney>
    <VehicleJourney>
      <PrivateCode>J7</PrivateCode>
      <Operational>
        <VehicleType>
          <VehicleTypeCode>BUS</VehicleTypeCode>
          <Description>BUS</Description>
        </VehicleType>
      </Operational>
      <OperatingProfile>
        <RegularDayType>
          <DaysOfWeek>
            <MondayToFriday />
          </DaysOfWeek>
        </RegularDayType>
        <SpecialDaysOperation>
          <DaysOfNonOperation>
            <DateRange>
              <StartDate>2017-12-27</StartDate>
              <EndDate>2017-12-27</EndDate>
              <Note>QE Line</Note>
            </DateRange>
            <DateRange>
              <StartDate>2017-12-28</StartDate>
              <EndDate>2017-12-28</EndDate>
              <Note>QE Line</Note>
            </DateRange>
            <DateRange>
              <StartDate>2017-12-29</StartDate>
              <EndDate>2017-12-29</EndDate>
              <Note>QE Line</Note>
            </DateRange>
          </DaysOfNonOperation>
        </SpecialDaysOperation>
        <BankHolidayOperation>
          <DaysOfNonOperation>
            <AllBankHolidays />
          </DaysOfNonOperation>
        </BankHolidayOperation>
      </OperatingProfile>
      <VehicleJourneyCode>J7</VehicleJourneyCode>
      <ServiceRef>NW_02_ANW_29A_1</ServiceRef>
      <LineRef>l_29A_ANW</LineRef>
      <VehicleJourneyRef>J18</VehicleJourneyRef>
      <DepartureTime>14:33:00</DepartureTime>
    </VehicleJourney>
    <VehicleJourney>
      <PrivateCode>J8</PrivateCode>
      <Operational>
        <VehicleType>
          <VehicleTypeCode>BUS</VehicleTypeCode>
          <Description>BUS</Description>
        </VehicleType>
      </Operational>
      <OperatingProfile>
        <RegularDayType>
          <DaysOfWeek>
            <MondayToFriday />
          </DaysOfWeek>
        </RegularDayType>
        <SpecialDaysOperation>
          <DaysOfNonOperation>
            <DateRange>
              <StartDate>2017-12-27</StartDate>
              <EndDate>2017-12-27</EndDate>
              <Note>QE Line</Note>
            </DateRange>
            <DateRange>
              <StartDate>2017-12-28</StartDate>
              <EndDate>2017-12-28</EndDate>
              <Note>QE Line</Note>
            </DateRange>
            <DateRange>
              <StartDate>2017-12-29</StartDate>
              <EndDate>2017-12-29</EndDate>
              <Note>QE Line</Note>
            </DateRange>
          </DaysOfNonOperation>
        </SpecialDaysOperation>
        <BankHolidayOperation>
          <DaysOfNonOperation>
            <AllBankHolidays />
          </DaysOfNonOperation>
        </BankHolidayOperation>
      </OperatingProfile>
      <VehicleJourneyCode>J8</VehicleJourneyCode>
      <ServiceRef>NW_02_ANW_29A_1</ServiceRef>
      <LineRef>l_29A_ANW</LineRef>
      <VehicleJourneyRef>J18</VehicleJourneyRef>
      <DepartureTime>17:45:00</DepartureTime>
    </VehicleJourney>
    <VehicleJourney>
      <PrivateCode>J9</PrivateCode>
      <Operational>
        <VehicleType>
          <VehicleTypeCode>BUS</VehicleTypeCode>
          <Description>BUS</Description>
        </VehicleType>
      </Operational>
      <OperatingProfile>
        <RegularDayType>
          <DaysOfWeek>
            <MondayToFriday />
          </DaysOfWeek>
        </RegularDayType>
        <SpecialDaysOperation>
          <DaysOfNonOperation>
            <DateRange>
              <StartDate>2017-12-27</StartDate>
              <EndDate>2017-12-27</EndDate>
              <Note>QE Line</Note>
            </DateRange>
            <DateRange>
              <StartDate>2017-12-28</StartDate>
              <EndDate>2017-12-28</EndDate>
              <Note>QE Line</Note>
            </DateRange>
            <DateRange>
              <StartDate>2017-12-29</StartDate>
              <EndDate>2017-12-29</EndDate>
              <Note>QE Line</Note>
            </DateRange>
          </DaysOfNonOperation>
        </SpecialDaysOperation>
        <BankHolidayOperation>
          <DaysOfNonOperation>
            <AllBankHolidays />
          </DaysOfNonOperation>
        </BankHolidayOperation>
      </OperatingProfile>
      <VehicleJourneyCode>J9</VehicleJourneyCode>
      <ServiceRef>NW_02_ANW_29A_1</ServiceRef>
      <LineRef>l_29A_ANW</LineRef>
      <JourneyPatternRef>JP10</JourneyPatternRef>
      <DepartureTime>08:14:00</DepartureTime>
    </VehicleJourney>
    <VehicleJourney>
      <PrivateCode>J10</PrivateCode>
      <Operational>
        <VehicleType>
          <VehicleTypeCode>BUS</VehicleTypeCode>
          <Description>BUS</Description>
        </VehicleType>
      </Operational>
      <OperatingProfile>
        <RegularDayType>
          <DaysOfWeek>
            <MondayToFriday />
          </DaysOfWeek>
        </RegularDayType>
        <SpecialDaysOperation>
          <DaysOfNonOperation>
            <DateRange>
              <StartDate>2017-12-27</StartDate>
              <EndDate>2017-12-27</EndDate>
              <Note>QE Line</Note>
            </DateRange>
            <DateRange>
              <StartDate>2017-12-28</StartDate>
              <EndDate>2017-12-28</EndDate>
              <Note>QE Line</Note>
            </DateRange>
            <DateRange>
              <StartDate>2017-12-29</StartDate>
              <EndDate>2017-12-29</EndDate>
              <Note>QE Line</Note>
            </DateRange>
          </DaysOfNonOperation>
        </SpecialDaysOperation>
        <BankHolidayOperation>
          <DaysOfNonOperation>
            <AllBankHolidays />
          </DaysOfNonOperation>
        </BankHolidayOperation>
      </OperatingProfile>
      <VehicleJourneyCode>J10</VehicleJourneyCode>
      <ServiceRef>NW_02_ANW_29A_1</ServiceRef>
      <LineRef>l_29A_ANW</LineRef>
      <VehicleJourneyRef>J9</VehicleJourneyRef>
      <DepartureTime>09:14:00</DepartureTime>
    </VehicleJourney>
    <VehicleJourney>
      <PrivateCode>J11</PrivateCode>
      <Operational>
        <VehicleType>
          <VehicleTypeCode>BUS</VehicleTypeCode>
          <Description>BUS</Description>
        </VehicleType>
      </Operational>
      <OperatingProfile>
        <RegularDayType>
          <DaysOfWeek>
            <MondayToFriday />
          </DaysOfWeek>
        </RegularDayType>
        <SpecialDaysOperation>
          <DaysOfNonOperation>
            <DateRange>
              <StartDate>2017-12-27</StartDate>
              <EndDate>2017-12-27</EndDate>
              <Note>QE Line</Note>
            </DateRange>
            <DateRange>
              <StartDate>2017-12-28</StartDate>
              <EndDate>2017-12-28</EndDate>
              <Note>QE Line</Note>
            </DateRange>
            <DateRange>
              <StartDate>2017-12-29</StartDate>
              <EndDate>2017-12-29</EndDate>
              <Note>QE Line</Note>
            </DateRange>
          </DaysOfNonOperation>
        </SpecialDaysOperation>
        <BankHolidayOperation>
          <DaysOfNonOperation>
            <AllBankHolidays />
          </DaysOfNonOperation>
        </BankHolidayOperation>
      </OperatingProfile>
      <VehicleJourneyCode>J11</VehicleJourneyCode>
      <ServiceRef>NW_02_ANW_29A_1</ServiceRef>
      <LineRef>l_29A_ANW</LineRef>
      <JourneyPatternRef>JP12</JourneyPatternRef>
      <DepartureTime>10:14:00</DepartureTime>
    </VehicleJourney>
    <VehicleJourney>
      <PrivateCode>J12</PrivateCode>
      <Operational>
        <VehicleType>
          <VehicleTypeCode>BUS</VehicleTypeCode>
          <Description>BUS</Description>
        </VehicleType>
      </Operational>
      <OperatingProfile>
        <RegularDayType>
          <DaysOfWeek>
            <MondayToFriday />
          </DaysOfWeek>
        </RegularDayType>
        <SpecialDaysOperation>
          <DaysOfNonOperation>
            <DateRange>
              <StartDate>2017-12-27</StartDate>
              <EndDate>2017-12-27</EndDate>
              <Note>QE Line</Note>
            </DateRange>
            <DateRange>
              <StartDate>2017-12-28</StartDate>
              <EndDate>2017-12-28</EndDate>
              <Note>QE Line</Note>
            </DateRange>
            <DateRange>
              <StartDate>2017-12-29</StartDate>
              <EndDate>2017-12-29</EndDate>
              <Note>QE Line</Note>
            </DateRange>
          </DaysOfNonOperation>
        </SpecialDaysOperation>
        <BankHolidayOperation>
          <DaysOfNonOperation>
            <AllBankHolidays />
          </DaysOfNonOperation>
        </BankHolidayOperation>
      </OperatingProfile>
      <VehicleJourneyCode>J12</VehicleJourneyCode>
      <ServiceRef>NW_02_ANW_29A_1</ServiceRef>
      <LineRef>l_29A_ANW</LineRef>
      <VehicleJourneyRef>J11</VehicleJourneyRef>
      <DepartureTime>11:14:00</DepartureTime>
    </VehicleJourney>
    <VehicleJourney>
      <PrivateCode>J13</PrivateCode>
      <Operational>
        <VehicleType>
          <VehicleTypeCode>BUS</VehicleTypeCode>
          <Description>BUS</Description>
        </VehicleType>
      </Operational>
      <OperatingProfile>
        <RegularDayType>
          <DaysOfWeek>
            <MondayToFriday />
          </DaysOfWeek>
        </RegularDayType>
        <SpecialDaysOperation>
          <DaysOfNonOperation>
            <DateRange>
              <StartDate>2017-12-27</StartDate>
              <EndDate>2017-12-27</EndDate>
              <Note>QE Line</Note>
            </DateRange>
            <DateRange>
              <StartDate>2017-12-28</StartDate>
              <EndDate>2017-12-28</EndDate>
              <Note>QE Line</Note>
            </DateRange>
            <DateRange>
              <StartDate>2017-12-29</StartDate>
              <EndDate>2017-12-29</EndDate>
              <Note>QE Line</Note>
            </DateRange>
          </DaysOfNonOperation>
        </SpecialDaysOperation>
        <BankHolidayOperation>
          <DaysOfNonOperation>
            <AllBankHolidays />
          </DaysOfNonOperation>
        </BankHolidayOperation>
      </OperatingProfile>
      <VehicleJourneyCode>J13</VehicleJourneyCode>
      <ServiceRef>NW_02_ANW_29A_1</ServiceRef>
      <LineRef>l_29A_ANW</LineRef>
      <VehicleJourneyRef>J11</VehicleJourneyRef>
      <DepartureTime>12:14:00</DepartureTime>
    </VehicleJourney>
    <VehicleJourney>
      <PrivateCode>J14</PrivateCode>
      <Operational>
        <VehicleType>
          <VehicleTypeCode>BUS</VehicleTypeCode>
          <Description>BUS</Description>
        </VehicleType>
      </Operational>
      <OperatingProfile>
        <RegularDayType>
          <DaysOfWeek>
            <MondayToFriday />
          </DaysOfWeek>
        </RegularDayType>
        <SpecialDaysOperation>
          <DaysOfNonOperation>
            <DateRange>
              <StartDate>2017-12-27</StartDate>
              <EndDate>2017-12-27</EndDate>
              <Note>QE Line</Note>
            </DateRange>
            <DateRange>
              <StartDate>2017-12-28</StartDate>
              <EndDate>2017-12-28</EndDate>
              <Note>QE Line</Note>
            </DateRange>
            <DateRange>
              <StartDate>2017-12-29</StartDate>
              <EndDate>2017-12-29</EndDate>
              <Note>QE Line</Note>
            </DateRange>
          </DaysOfNonOperation>
        </SpecialDaysOperation>
        <BankHolidayOperation>
          <DaysOfNonOperation>
            <AllBankHolidays />
          </DaysOfNonOperation>
        </BankHolidayOperation>
      </OperatingProfile>
      <VehicleJourneyCode>J14</VehicleJourneyCode>
      <ServiceRef>NW_02_ANW_29A_1</ServiceRef>
      <LineRef>l_29A_ANW</LineRef>
      <VehicleJourneyRef>J11</VehicleJourneyRef>
      <DepartureTime>13:14:00</DepartureTime>
    </VehicleJourney>
    <VehicleJourney>
      <PrivateCode>J15</PrivateCode>
      <Operational>
        <VehicleType>
          <VehicleTypeCode>BUS</VehicleTypeCode>
          <Description>BUS</Description>
        </VehicleType>
      </Operational>
      <OperatingProfile>
        <RegularDayType>
          <DaysOfWeek>
            <MondayToFriday />
          </DaysOfWeek>
        </RegularDayType>
        <SpecialDaysOperation>
          <DaysOfNonOperation>
            <DateRange>
              <StartDate>2017-12-27</StartDate>
              <EndDate>2017-12-27</EndDate>
              <Note>QE Line</Note>
            </DateRange>
            <DateRange>
              <StartDate>2017-12-28</StartDate>
              <EndDate>2017-12-28</EndDate>
              <Note>QE Line</Note>
            </DateRange>
            <DateRange>
              <StartDate>2017-12-29</StartDate>
              <EndDate>2017-12-29</EndDate>
              <Note>QE Line</Note>
            </DateRange>
          </DaysOfNonOperation>
        </SpecialDaysOperation>
        <BankHolidayOperation>
          <DaysOfNonOperation>
            <AllBankHolidays />
          </DaysOfNonOperation>
        </BankHolidayOperation>
      </OperatingProfile>
      <VehicleJourneyCode>J15</VehicleJourneyCode>
      <ServiceRef>NW_02_ANW_29A_1</ServiceRef>
      <LineRef>l_29A_ANW</LineRef>
      <VehicleJourneyRef>J11</VehicleJourneyRef>
      <DepartureTime>14:14:00</DepartureTime>
    </VehicleJourney>
    <VehicleJourney>
      <PrivateCode>J16</PrivateCode>
      <Operational>
        <VehicleType>
          <VehicleTypeCode>BUS</VehicleTypeCode>
          <Description>BUS</Description>
        </VehicleType>
      </Operational>
      <OperatingProfile>
        <RegularDayType>
          <DaysOfWeek>
            <MondayToFriday />
          </DaysOfWeek>
        </RegularDayType>
        <SpecialDaysOperation>
          <DaysOfNonOperation>
            <DateRange>
              <StartDate>2017-12-27</StartDate>
              <EndDate>2017-12-27</EndDate>
              <Note>QE Line</Note>
            </DateRange>
            <DateRange>
              <StartDate>2017-12-28</StartDate>
              <EndDate>2017-12-28</EndDate>
              <Note>QE Line</Note>
            </DateRange>
            <DateRange>
              <StartDate>2017-12-29</StartDate>
              <EndDate>2017-12-29</EndDate>
              <Note>QE Line</Note>
            </DateRange>
          </DaysOfNonOperation>
        </SpecialDaysOperation>
        <BankHolidayOperation>
          <DaysOfNonOperation>
            <AllBankHolidays />
          </DaysOfNonOperation>
        </BankHolidayOperation>
      </OperatingProfile>
      <VehicleJourneyCode>J16</VehicleJourneyCode>
      <ServiceRef>NW_02_ANW_29A_1</ServiceRef>
      <LineRef>l_29A_ANW</LineRef>
      <VehicleJourneyRef>J11</VehicleJourneyRef>
      <DepartureTime>15:14:00</DepartureTime>
    </VehicleJourney>
    <VehicleJourney>
      <PrivateCode>J17</PrivateCode>
      <Operational>
        <VehicleType>
          <VehicleTypeCode>BUS</VehicleTypeCode>
          <Description>BUS</Description>
        </VehicleType>
      </Operational>
      <OperatingProfile>
        <RegularDayType>
          <DaysOfWeek>
            <MondayToFriday />
          </DaysOfWeek>
        </RegularDayType>
        <SpecialDaysOperation>
          <DaysOfNonOperation>
            <DateRange>
              <StartDate>2017-12-27</StartDate>
              <EndDate>2017-12-27</EndDate>
              <Note>QE Line</Note>
            </DateRange>
            <DateRange>
              <StartDate>2017-12-28</StartDate>
              <EndDate>2017-12-28</EndDate>
              <Note>QE Line</Note>
            </DateRange>
            <DateRange>
              <StartDate>2017-12-29</StartDate>
              <EndDate>2017-12-29</EndDate>
              <Note>QE Line</Note>
            </DateRange>
          </DaysOfNonOperation>
        </SpecialDaysOperation>
        <BankHolidayOperation>
          <DaysOfNonOperation>
            <AllBankHolidays />
          </DaysOfNonOperation>
        </BankHolidayOperation>
      </OperatingProfile>
      <VehicleJourneyCode>J17</VehicleJourneyCode>
      <ServiceRef>NW_02_ANW_29A_1</ServiceRef>
      <LineRef>l_29A_ANW</LineRef>
      <VehicleJourneyRef>J9</VehicleJourneyRef>
      <DepartureTime>18:26:00</DepartureTime>
    </VehicleJourney>
  </VehicleJourneys>
</TransXChange>