<?xml version="1.0" encoding="utf-8"?>
<TransXChange xmlns:xsd="http://www.w3.org/2001/XMLSchema" xmlns:xsi="http://www.w3.org/2001/XMLSchema-instance" xsi:schemaLocation="http://www.transxchange.org.uk/ http://www.transxchange.org.uk/schema/2.1/TransXChange_general.xsd" CreationDateTime="2017-09-21T14:22:29.6924595+01:00" ModificationDateTime="2017-09-21T14:22:29.6924595+01:00" Modification="new" RevisionNumber="1" FileName="TXC.xml" SchemaVersion="2.1" RegistrationDocument="false" xmlns="http://www.transxchange.org.uk/">
  <StopPoints>
    <AnnotatedStopPointRef>
      <StopPointRef>0600MA19151</StopPointRef>
      <CommonName>Tern Drive</CommonName>
      <LocalityName>Poynton</LocalityName>
      <LocalityQualifier>Poynton</LocalityQualifier>
    </AnnotatedStopPointRef>
    <AnnotatedStopPointRef>
      <StopPointRef>0600MA0507</StopPointRef>
      <CommonName>Hazelbadge Road</CommonName>
      <LocalityName>Poynton</LocalityName>
      <LocalityQualifier>Poynton</LocalityQualifier>
    </AnnotatedStopPointRef>
    <AnnotatedStopPointRef>
      <StopPointRef>0600MA0508</StopPointRef>
      <CommonName>Hazelbadge Road</CommonName>
      <LocalityName>Poynton</LocalityName>
      <LocalityQualifier>Poynton</LocalityQualifier>
    </AnnotatedStopPointRef>
    <AnnotatedStopPointRef>
      <StopPointRef>0600MA0511</StopPointRef>
      <CommonName>Deva Close</CommonName>
      <LocalityName>Poynton</LocalityName>
      <LocalityQualifier>Poynton</LocalityQualifier>
    </AnnotatedStopPointRef>
    <AnnotatedStopPointRef>
      <StopPointRef>0600MA0512</StopPointRef>
      <CommonName>Distaff Road</CommonName>
      <LocalityName>Poynton</LocalityName>
      <LocalityQualifier>Poynton</LocalityQualifier>
    </AnnotatedStopPointRef>
    <AnnotatedStopPointRef>
      <StopPointRef>0600MA0513</StopPointRef>
      <CommonName>Merton Road</CommonName>
      <LocalityName>Poynton</LocalityName>
      <LocalityQualifier>Poynton</LocalityQualifier>
    </AnnotatedStopPointRef>
    <AnnotatedStopPointRef>
      <StopPointRef>0600MA0514</StopPointRef>
      <CommonName>Tern Drive</CommonName>
      <LocalityName>Poynton</LocalityName>
      <LocalityQualifier>Poynton</LocalityQualifier>
    </AnnotatedStopPointRef>
    <AnnotatedStopPointRef>
      <StopPointRef>0600MA0500</StopPointRef>
      <CommonName>St George's Church</CommonName>
      <LocalityName>Poynton</LocalityName>
      <LocalityQualifier>Poynton</LocalityQualifier>
    </AnnotatedStopPointRef>
    <AnnotatedStopPointRef>
      <StopPointRef>0600MA0501</StopPointRef>
      <CommonName>Hilton Grove</CommonName>
      <LocalityName>Poynton</LocalityName>
      <LocalityQualifier>Poynton</LocalityQualifier>
    </AnnotatedStopPointRef>
    <AnnotatedStopPointRef>
      <StopPointRef>0600MA0502</StopPointRef>
      <CommonName>Clifford Road</CommonName>
      <LocalityName>Poynton</LocalityName>
      <LocalityQualifier>Poynton</LocalityQualifier>
    </AnnotatedStopPointRef>
    <AnnotatedStopPointRef>
      <StopPointRef>0600MA0503</StopPointRef>
      <CommonName>Clifford Road</CommonName>
      <LocalityName>Poynton</LocalityName>
      <LocalityQualifier>Poynton</LocalityQualifier>
    </AnnotatedStopPointRef>
    <AnnotatedStopPointRef>
      <StopPointRef>0600MA0506</StopPointRef>
      <CommonName>Hilton Grove</CommonName>
      <LocalityName>Poynton</LocalityName>
      <LocalityQualifier>Poynton</LocalityQualifier>
    </AnnotatedStopPointRef>
    <AnnotatedStopPointRef>
      <StopPointRef>0600MA0455</StopPointRef>
      <CommonName>Coppice Road</CommonName>
      <LocalityName>Newtown</LocalityName>
      <LocalityQualifier>Poynton</LocalityQualifier>
    </AnnotatedStopPointRef>
    <AnnotatedStopPointRef>
      <StopPointRef>0600MA0456</StopPointRef>
      <CommonName>Coppice Road</CommonName>
      <LocalityName>Newtown</LocalityName>
      <LocalityQualifier>Poynton</LocalityQualifier>
    </AnnotatedStopPointRef>
    <AnnotatedStopPointRef>
      <StopPointRef>0600MAE5108</StopPointRef>
      <CommonName>Vernon Junior School</CommonName>
      <LocalityName>Poynton</LocalityName>
      <LocalityQualifier>Poynton</LocalityQualifier>
    </AnnotatedStopPointRef>
    <AnnotatedStopPointRef>
      <StopPointRef>0600MA0457</StopPointRef>
      <CommonName>Coppice Road</CommonName>
      <LocalityName>Newtown</LocalityName>
      <LocalityQualifier>Poynton</LocalityQualifier>
    </AnnotatedStopPointRef>
    <AnnotatedStopPointRef>
      <StopPointRef>0600MA0458</StopPointRef>
      <CommonName>Coppice Road</CommonName>
      <LocalityName>Newtown</LocalityName>
      <LocalityQualifier>Poynton</LocalityQualifier>
    </AnnotatedStopPointRef>
    <AnnotatedStopPointRef>
      <StopPointRef>0600MA0459</StopPointRef>
      <CommonName>Green Lane</CommonName>
      <LocalityName>Higher Poynton</LocalityName>
      <LocalityQualifier>Poynton</LocalityQualifier>
    </AnnotatedStopPointRef>
    <AnnotatedStopPointRef>
      <StopPointRef>0600MA0460</StopPointRef>
      <CommonName>Green Lane</CommonName>
      <LocalityName>Higher Poynton</LocalityName>
      <LocalityQualifier>Poynton</LocalityQualifier>
    </AnnotatedStopPointRef>
    <AnnotatedStopPointRef>
      <StopPointRef>0600MA0492</StopPointRef>
      <CommonName>Hepley Road</CommonName>
      <LocalityName>Newtown</LocalityName>
      <LocalityQualifier>Poynton</LocalityQualifier>
    </AnnotatedStopPointRef>
    <AnnotatedStopPointRef>
      <StopPointRef>0600MA0493</StopPointRef>
      <CommonName>Post Office</CommonName>
      <LocalityName>Hockley</LocalityName>
      <LocalityQualifier>Poynton</LocalityQualifier>
    </AnnotatedStopPointRef>
    <AnnotatedStopPointRef>
      <StopPointRef>0600MA0494</StopPointRef>
      <CommonName>Post Office</CommonName>
      <LocalityName>Hockley</LocalityName>
      <LocalityQualifier>Poynton</LocalityQualifier>
    </AnnotatedStopPointRef>
    <AnnotatedStopPointRef>
      <StopPointRef>0600MA19150</StopPointRef>
      <CommonName>Vernon Junior School</CommonName>
      <LocalityName>Poynton</LocalityName>
      <LocalityQualifier>Poynton</LocalityQualifier>
    </AnnotatedStopPointRef>
    <AnnotatedStopPointRef>
      <StopPointRef>0600MA0491</StopPointRef>
      <CommonName>Hepley Road</CommonName>
      <LocalityName>Newtown</LocalityName>
      <LocalityQualifier>Poynton</LocalityQualifier>
    </AnnotatedStopPointRef>
    <AnnotatedStopPointRef>
      <StopPointRef>0600MA0461</StopPointRef>
      <CommonName>Shrigley Road North</CommonName>
      <LocalityName>Higher Poynton</LocalityName>
      <LocalityQualifier>Poynton</LocalityQualifier>
    </AnnotatedStopPointRef>
    <AnnotatedStopPointRef>
      <StopPointRef>0600MA0462</StopPointRef>
      <CommonName>Shrigley Road North</CommonName>
      <LocalityName>Higher Poynton</LocalityName>
      <LocalityQualifier>Poynton</LocalityQualifier>
    </AnnotatedStopPointRef>
    <AnnotatedStopPointRef>
      <StopPointRef>0600MA0490</StopPointRef>
      <CommonName>Waterloo Road</CommonName>
      <LocalityName>Newtown</LocalityName>
      <LocalityQualifier>Poynton</LocalityQualifier>
    </AnnotatedStopPointRef>
    <AnnotatedStopPointRef>
      <StopPointRef>0600MA0490A</StopPointRef>
      <CommonName>Waterloo Road</CommonName>
      <LocalityName>Newtown</LocalityName>
      <LocalityQualifier>Poynton</LocalityQualifier>
    </AnnotatedStopPointRef>
    <AnnotatedStopPointRef>
      <StopPointRef>0600MA0483</StopPointRef>
      <CommonName>Copperfield Road</CommonName>
      <LocalityName>Poynton</LocalityName>
      <LocalityQualifier>Poynton</LocalityQualifier>
    </AnnotatedStopPointRef>
    <AnnotatedStopPointRef>
      <StopPointRef>0600MA0484</StopPointRef>
      <CommonName>Copperfield Road</CommonName>
      <LocalityName>Poynton</LocalityName>
      <LocalityQualifier>Poynton</LocalityQualifier>
    </AnnotatedStopPointRef>
    <AnnotatedStopPointRef>
      <StopPointRef>0600MA0465</StopPointRef>
      <CommonName>Carleton Road</CommonName>
      <LocalityName>Higher Poynton</LocalityName>
      <LocalityQualifier>Poynton</LocalityQualifier>
    </AnnotatedStopPointRef>
    <AnnotatedStopPointRef>
      <StopPointRef>0600MA0465A</StopPointRef>
      <CommonName>Carleton Road</CommonName>
      <LocalityName>Higher Poynton</LocalityName>
      <LocalityQualifier>Poynton</LocalityQualifier>
    </AnnotatedStopPointRef>
    <AnnotatedStopPointRef>
      <StopPointRef>0600MA0480</StopPointRef>
      <CommonName>Johnson Cleaners Ltd</CommonName>
      <LocalityName>Poynton</LocalityName>
      <LocalityQualifier>Poynton</LocalityQualifier>
    </AnnotatedStopPointRef>
    <AnnotatedStopPointRef>
      <StopPointRef>0600MA19153</StopPointRef>
      <CommonName>Queensway</CommonName>
      <LocalityName>Poynton</LocalityName>
      <LocalityQualifier>Poynton</LocalityQualifier>
    </AnnotatedStopPointRef>
    <AnnotatedStopPointRef>
      <StopPointRef>0600MA0466</StopPointRef>
      <CommonName>Bus Shelter</CommonName>
      <LocalityName>Middlewood</LocalityName>
      <LocalityQualifier>Poynton</LocalityQualifier>
    </AnnotatedStopPointRef>
    <AnnotatedStopPointRef>
      <StopPointRef>0600MA0496</StopPointRef>
      <CommonName>School Lane</CommonName>
      <LocalityName>Poynton</LocalityName>
      <LocalityQualifier>Poynton</LocalityQualifier>
    </AnnotatedStopPointRef>
    <AnnotatedStopPointRef>
      <StopPointRef>0600MA0497</StopPointRef>
      <CommonName>Clumber Road</CommonName>
      <LocalityName>Poynton</LocalityName>
      <LocalityQualifier>Poynton</LocalityQualifier>
    </AnnotatedStopPointRef>
    <AnnotatedStopPointRef>
      <StopPointRef>0600MA0495</StopPointRef>
      <CommonName>School Lane</CommonName>
      <LocalityName>Poynton</LocalityName>
      <LocalityQualifier>Poynton</LocalityQualifier>
    </AnnotatedStopPointRef>
    <AnnotatedStopPointRef>
      <StopPointRef>0600MA0478</StopPointRef>
      <CommonName>St George's Church</CommonName>
      <LocalityName>Poynton</LocalityName>
      <LocalityQualifier>Poynton</LocalityQualifier>
    </AnnotatedStopPointRef>
    <AnnotatedStopPointRef>
      <StopPointRef>0600MA0509</StopPointRef>
      <CommonName>Railway Station</CommonName>
      <LocalityName>Poynton</LocalityName>
      <LocalityQualifier>Poynton</LocalityQualifier>
    </AnnotatedStopPointRef>
    <AnnotatedStopPointRef>
      <StopPointRef>0600MA0510</StopPointRef>
      <CommonName>Railway Station</CommonName>
      <LocalityName>Poynton</LocalityName>
      <LocalityQualifier>Poynton</LocalityQualifier>
    </AnnotatedStopPointRef>
    <AnnotatedStopPointRef>
      <StopPointRef>0600MA0498</StopPointRef>
      <CommonName>Clumber Road</CommonName>
      <LocalityName>Poynton</LocalityName>
      <LocalityQualifier>Poynton</LocalityQualifier>
    </AnnotatedStopPointRef>
    <AnnotatedStopPointRef>
      <StopPointRef>0600MA0463</StopPointRef>
      <CommonName>Boar's Head</CommonName>
      <LocalityName>Higher Poynton</LocalityName>
      <LocalityQualifier>Poynton</LocalityQualifier>
    </AnnotatedStopPointRef>
    <AnnotatedStopPointRef>
      <StopPointRef>0600MA0464</StopPointRef>
      <CommonName>Boar's Head</CommonName>
      <LocalityName>Higher Poynton</LocalityName>
      <LocalityQualifier>Poynton</LocalityQualifier>
    </AnnotatedStopPointRef>
    <AnnotatedStopPointRef>
      <StopPointRef>0600MA19147</StopPointRef>
      <CommonName>Meadway</CommonName>
      <LocalityName>Poynton</LocalityName>
      <LocalityQualifier>Poynton</LocalityQualifier>
    </AnnotatedStopPointRef>
    <AnnotatedStopPointRef>
      <StopPointRef>0600MA19148</StopPointRef>
      <CommonName>Woodford Road</CommonName>
      <LocalityName>Poynton</LocalityName>
      <LocalityQualifier>Poynton</LocalityQualifier>
    </AnnotatedStopPointRef>
    <AnnotatedStopPointRef>
      <StopPointRef>0600MA19145</StopPointRef>
      <CommonName>Woodford Road Garage</CommonName>
      <LocalityName>Poynton</LocalityName>
      <LocalityQualifier>Poynton</LocalityQualifier>
    </AnnotatedStopPointRef>
    <AnnotatedStopPointRef>
      <StopPointRef>0600MAM1309</StopPointRef>
      <CommonName>Woodford Road Garage</CommonName>
      <LocalityName>Poynton</LocalityName>
      <LocalityQualifier>Poynton</LocalityQualifier>
    </AnnotatedStopPointRef>
    <AnnotatedStopPointRef>
      <StopPointRef>0600MA19144</StopPointRef>
      <CommonName>Mill Hill Avenue</CommonName>
      <LocalityName>Poynton</LocalityName>
      <LocalityQualifier>Poynton</LocalityQualifier>
    </AnnotatedStopPointRef>
    <AnnotatedStopPointRef>
      <StopPointRef>0600MAD5047</StopPointRef>
      <CommonName>Mill Hill Avenue</CommonName>
      <LocalityName>Poynton</LocalityName>
      <LocalityQualifier>Poynton</LocalityQualifier>
    </AnnotatedStopPointRef>
    <AnnotatedStopPointRef>
      <StopPointRef>1800SG08211</StopPointRef>
      <CommonName>Hatherlow Ln</CommonName>
      <LocalityName>Hazel Grove</LocalityName>
      <LocalityQualifier>Hazel Grove</LocalityQualifier>
    </AnnotatedStopPointRef>
    <AnnotatedStopPointRef>
      <StopPointRef>1800SG08151</StopPointRef>
      <CommonName>The Pines</CommonName>
      <LocalityName>Hazel Grove</LocalityName>
      <LocalityQualifier>Hazel Grove</LocalityQualifier>
    </AnnotatedStopPointRef>
    <AnnotatedStopPointRef>
      <StopPointRef>1800SG08161</StopPointRef>
      <CommonName>The Pines</CommonName>
      <LocalityName>Hazel Grove</LocalityName>
      <LocalityQualifier>Hazel Grove</LocalityQualifier>
    </AnnotatedStopPointRef>
    <AnnotatedStopPointRef>
      <StopPointRef>1800SG08121</StopPointRef>
      <CommonName>Lyndhurst Ave</CommonName>
      <LocalityName>Hazel Grove</LocalityName>
      <LocalityQualifier>Hazel Grove</LocalityQualifier>
    </AnnotatedStopPointRef>
    <AnnotatedStopPointRef>
      <StopPointRef>1800SG08131</StopPointRef>
      <CommonName>Shepley Dr</CommonName>
      <LocalityName>Hazel Grove</LocalityName>
      <LocalityQualifier>Hazel Grove</LocalityQualifier>
    </AnnotatedStopPointRef>
    <AnnotatedStopPointRef>
      <StopPointRef>1800SG08191</StopPointRef>
      <CommonName>Hazel Grove Stn</CommonName>
      <LocalityName>Hazel Grove</LocalityName>
      <LocalityQualifier>Hazel Grove</LocalityQualifier>
    </AnnotatedStopPointRef>
  </StopPoints>
  <JourneyPatternSections>
    <JourneyPatternSection id="JPSection-1">
      <JourneyPatternTimingLink id="JPSection-1-SEC1-POS1">
        <From>
          <Activity>pickUp</Activity>
          <StopPointRef>0600MA0466</StopPointRef>
          <TimingStatus>PTP</TimingStatus>
        </From>
        <To>
          <Activity>pickUpAndSetDown</Activity>
          <StopPointRef>0600MA0465</StopPointRef>
          <TimingStatus>OTH</TimingStatus>
        </To>
        <RunTime>PT0M</RunTime>
      </JourneyPatternTimingLink>
      <JourneyPatternTimingLink id="JPSection-1-SEC1-POS2">
        <From>
          <Activity>pickUpAndSetDown</Activity>
          <StopPointRef>0600MA0465</StopPointRef>
          <TimingStatus>OTH</TimingStatus>
        </From>
        <To>
          <Activity>pickUpAndSetDown</Activity>
          <StopPointRef>0600MA0463</StopPointRef>
          <TimingStatus>OTH</TimingStatus>
        </To>
        <RunTime>PT1M</RunTime>
      </JourneyPatternTimingLink>
      <JourneyPatternTimingLink id="JPSection-1-SEC1-POS3">
        <From>
          <Activity>pickUpAndSetDown</Activity>
          <StopPointRef>0600MA0463</StopPointRef>
          <TimingStatus>OTH</TimingStatus>
        </From>
        <To>
          <Activity>pickUpAndSetDown</Activity>
          <StopPointRef>0600MA0462</StopPointRef>
          <TimingStatus>OTH</TimingStatus>
        </To>
        <RunTime>PT0M</RunTime>
      </JourneyPatternTimingLink>
      <JourneyPatternTimingLink id="JPSection-1-SEC1-POS4">
        <From>
          <Activity>pickUpAndSetDown</Activity>
          <StopPointRef>0600MA0462</StopPointRef>
          <TimingStatus>OTH</TimingStatus>
        </From>
        <To>
          <Activity>pickUpAndSetDown</Activity>
          <StopPointRef>0600MA0460</StopPointRef>
          <TimingStatus>OTH</TimingStatus>
        </To>
        <RunTime>PT1M</RunTime>
      </JourneyPatternTimingLink>
      <JourneyPatternTimingLink id="JPSection-1-SEC1-POS5">
        <From>
          <Activity>pickUpAndSetDown</Activity>
          <StopPointRef>0600MA0460</StopPointRef>
          <TimingStatus>OTH</TimingStatus>
        </From>
        <To>
          <Activity>pickUpAndSetDown</Activity>
          <StopPointRef>0600MA0458</StopPointRef>
          <TimingStatus>OTH</TimingStatus>
        </To>
        <RunTime>PT0M</RunTime>
      </JourneyPatternTimingLink>
      <JourneyPatternTimingLink id="JPSection-1-SEC1-POS6">
        <From>
          <Activity>pickUpAndSetDown</Activity>
          <StopPointRef>0600MA0458</StopPointRef>
          <TimingStatus>OTH</TimingStatus>
        </From>
        <To>
          <Activity>pickUpAndSetDown</Activity>
          <StopPointRef>0600MA0456</StopPointRef>
          <TimingStatus>OTH</TimingStatus>
        </To>
        <RunTime>PT0M</RunTime>
      </JourneyPatternTimingLink>
      <JourneyPatternTimingLink id="JPSection-1-SEC1-POS7">
        <From>
          <Activity>pickUpAndSetDown</Activity>
          <StopPointRef>0600MA0456</StopPointRef>
          <TimingStatus>OTH</TimingStatus>
        </From>
        <To>
          <Activity>pickUpAndSetDown</Activity>
          <StopPointRef>0600MA0490</StopPointRef>
          <TimingStatus>OTH</TimingStatus>
        </To>
        <RunTime>PT1M</RunTime>
      </JourneyPatternTimingLink>
      <JourneyPatternTimingLink id="JPSection-1-SEC1-POS8">
        <From>
          <Activity>pickUpAndSetDown</Activity>
          <StopPointRef>0600MA0490</StopPointRef>
          <TimingStatus>OTH</TimingStatus>
        </From>
        <To>
          <Activity>pickUpAndSetDown</Activity>
          <StopPointRef>0600MA0491</StopPointRef>
          <TimingStatus>OTH</TimingStatus>
        </To>
        <RunTime>PT0M</RunTime>
      </JourneyPatternTimingLink>
      <JourneyPatternTimingLink id="JPSection-1-SEC1-POS9">
        <From>
          <Activity>pickUpAndSetDown</Activity>
          <StopPointRef>0600MA0491</StopPointRef>
          <TimingStatus>OTH</TimingStatus>
        </From>
        <To>
          <Activity>pickUpAndSetDown</Activity>
          <StopPointRef>0600MA0494</StopPointRef>
          <TimingStatus>PTP</TimingStatus>
        </To>
        <RunTime>PT1M</RunTime>
      </JourneyPatternTimingLink>
      <JourneyPatternTimingLink id="JPSection-1-SEC1-POS10">
        <From>
          <Activity>pickUpAndSetDown</Activity>
          <StopPointRef>0600MA0494</StopPointRef>
          <TimingStatus>PTP</TimingStatus>
        </From>
        <To>
          <Activity>pickUpAndSetDown</Activity>
          <StopPointRef>0600MA0495</StopPointRef>
          <TimingStatus>OTH</TimingStatus>
        </To>
        <RunTime>PT1M</RunTime>
      </JourneyPatternTimingLink>
      <JourneyPatternTimingLink id="JPSection-1-SEC1-POS11">
        <From>
          <Activity>pickUpAndSetDown</Activity>
          <StopPointRef>0600MA0495</StopPointRef>
          <TimingStatus>OTH</TimingStatus>
        </From>
        <To>
          <Activity>pickUpAndSetDown</Activity>
          <StopPointRef>0600MA0497</StopPointRef>
          <TimingStatus>OTH</TimingStatus>
        </To>
        <RunTime>PT0M</RunTime>
      </JourneyPatternTimingLink>
      <JourneyPatternTimingLink id="JPSection-1-SEC1-POS12">
        <From>
          <Activity>pickUpAndSetDown</Activity>
          <StopPointRef>0600MA0497</StopPointRef>
          <TimingStatus>OTH</TimingStatus>
        </From>
        <To>
          <Activity>pickUpAndSetDown</Activity>
          <StopPointRef>0600MA19150</StopPointRef>
          <TimingStatus>OTH</TimingStatus>
        </To>
        <RunTime>PT1M</RunTime>
      </JourneyPatternTimingLink>
      <JourneyPatternTimingLink id="JPSection-1-SEC1-POS13">
        <From>
          <Activity>pickUpAndSetDown</Activity>
          <StopPointRef>0600MA19150</StopPointRef>
          <TimingStatus>OTH</TimingStatus>
        </From>
        <To>
          <Activity>pickUpAndSetDown</Activity>
          <StopPointRef>0600MA0483</StopPointRef>
          <TimingStatus>PTP</TimingStatus>
        </To>
        <RunTime>PT2M</RunTime>
      </JourneyPatternTimingLink>
      <JourneyPatternTimingLink id="JPSection-1-SEC1-POS14">
        <From>
          <Activity>pickUpAndSetDown</Activity>
          <StopPointRef>0600MA0483</StopPointRef>
          <TimingStatus>PTP</TimingStatus>
        </From>
        <To>
          <Activity>pickUpAndSetDown</Activity>
          <StopPointRef>0600MA0480</StopPointRef>
          <TimingStatus>OTH</TimingStatus>
        </To>
        <RunTime>PT1M</RunTime>
      </JourneyPatternTimingLink>
      <JourneyPatternTimingLink id="JPSection-1-SEC1-POS15">
        <From>
          <Activity>pickUpAndSetDown</Activity>
          <StopPointRef>0600MA0480</StopPointRef>
          <TimingStatus>OTH</TimingStatus>
        </From>
        <To>
          <Activity>pickUpAndSetDown</Activity>
          <StopPointRef>0600MA0500</StopPointRef>
          <TimingStatus>PTP</TimingStatus>
        </To>
        <RunTime>PT2M</RunTime>
      </JourneyPatternTimingLink>
      <JourneyPatternTimingLink id="JPSection-1-SEC1-POS16">
        <From>
          <Activity>pickUpAndSetDown</Activity>
          <StopPointRef>0600MA0500</StopPointRef>
          <TimingStatus>PTP</TimingStatus>
        </From>
        <To>
          <Activity>pickUpAndSetDown</Activity>
          <StopPointRef>0600MA0501</StopPointRef>
          <TimingStatus>OTH</TimingStatus>
        </To>
        <RunTime>PT0M</RunTime>
      </JourneyPatternTimingLink>
      <JourneyPatternTimingLink id="JPSection-1-SEC1-POS17">
        <From>
          <Activity>pickUpAndSetDown</Activity>
          <StopPointRef>0600MA0501</StopPointRef>
          <TimingStatus>OTH</TimingStatus>
        </From>
        <To>
          <Activity>pickUpAndSetDown</Activity>
          <StopPointRef>0600MA0502</StopPointRef>
          <TimingStatus>OTH</TimingStatus>
        </To>
        <RunTime>PT0M</RunTime>
      </JourneyPatternTimingLink>
      <JourneyPatternTimingLink id="JPSection-1-SEC1-POS18">
        <From>
          <Activity>pickUpAndSetDown</Activity>
          <StopPointRef>0600MA0502</StopPointRef>
          <TimingStatus>OTH</TimingStatus>
        </From>
        <To>
          <Activity>pickUpAndSetDown</Activity>
          <StopPointRef>0600MA0508</StopPointRef>
          <TimingStatus>OTH</TimingStatus>
        </To>
        <RunTime>PT1M</RunTime>
      </JourneyPatternTimingLink>
      <JourneyPatternTimingLink id="JPSection-1-SEC1-POS19">
        <From>
          <Activity>pickUpAndSetDown</Activity>
          <StopPointRef>0600MA0508</StopPointRef>
          <TimingStatus>OTH</TimingStatus>
        </From>
        <To>
          <Activity>pickUpAndSetDown</Activity>
          <StopPointRef>0600MA0509</StopPointRef>
          <TimingStatus>PTP</TimingStatus>
        </To>
        <RunTime>PT1M</RunTime>
      </JourneyPatternTimingLink>
      <JourneyPatternTimingLink id="JPSection-1-SEC1-POS20">
        <From>
          <Activity>pickUpAndSetDown</Activity>
          <StopPointRef>0600MA0509</StopPointRef>
          <TimingStatus>PTP</TimingStatus>
        </From>
        <To>
          <Activity>pickUpAndSetDown</Activity>
          <StopPointRef>0600MA0512</StopPointRef>
          <TimingStatus>OTH</TimingStatus>
        </To>
        <RunTime>PT0M</RunTime>
      </JourneyPatternTimingLink>
      <JourneyPatternTimingLink id="JPSection-1-SEC1-POS21">
        <From>
          <Activity>pickUpAndSetDown</Activity>
          <StopPointRef>0600MA0512</StopPointRef>
          <TimingStatus>OTH</TimingStatus>
        </From>
        <To>
          <Activity>pickUpAndSetDown</Activity>
          <StopPointRef>0600MA0513</StopPointRef>
          <TimingStatus>OTH</TimingStatus>
        </To>
        <RunTime>PT1M</RunTime>
      </JourneyPatternTimingLink>
      <JourneyPatternTimingLink id="JPSection-1-SEC1-POS22">
        <From>
          <Activity>pickUpAndSetDown</Activity>
          <StopPointRef>0600MA0513</StopPointRef>
          <TimingStatus>OTH</TimingStatus>
        </From>
        <To>
          <Activity>pickUpAndSetDown</Activity>
          <StopPointRef>0600MA0514</StopPointRef>
          <TimingStatus>OTH</TimingStatus>
        </To>
        <RunTime>PT0M</RunTime>
      </JourneyPatternTimingLink>
      <JourneyPatternTimingLink id="JPSection-1-SEC1-POS23">
        <From>
          <Activity>pickUpAndSetDown</Activity>
          <StopPointRef>0600MA0514</StopPointRef>
          <TimingStatus>OTH</TimingStatus>
        </From>
        <To>
          <Activity>pickUpAndSetDown</Activity>
          <StopPointRef>0600MA19148</StopPointRef>
          <TimingStatus>OTH</TimingStatus>
        </To>
        <RunTime>PT0M</RunTime>
      </JourneyPatternTimingLink>
      <JourneyPatternTimingLink id="JPSection-1-SEC1-POS24">
        <From>
          <Activity>pickUpAndSetDown</Activity>
          <StopPointRef>0600MA19148</StopPointRef>
          <TimingStatus>OTH</TimingStatus>
        </From>
        <To>
          <Activity>pickUpAndSetDown</Activity>
          <StopPointRef>0600MAM1309</StopPointRef>
          <TimingStatus>OTH</TimingStatus>
        </To>
        <RunTime>PT3M</RunTime>
      </JourneyPatternTimingLink>
      <JourneyPatternTimingLink id="JPSection-1-SEC1-POS25">
        <From>
          <Activity>pickUpAndSetDown</Activity>
          <StopPointRef>0600MAM1309</StopPointRef>
          <TimingStatus>OTH</TimingStatus>
        </From>
        <To>
          <Activity>pickUpAndSetDown</Activity>
          <StopPointRef>0600MAD5047</StopPointRef>
          <TimingStatus>OTH</TimingStatus>
        </To>
        <RunTime>PT2M</RunTime>
      </JourneyPatternTimingLink>
      <JourneyPatternTimingLink id="JPSection-1-SEC1-POS26">
        <From>
          <Activity>pickUpAndSetDown</Activity>
          <StopPointRef>0600MAD5047</StopPointRef>
          <TimingStatus>OTH</TimingStatus>
        </From>
        <To>
          <Activity>pickUpAndSetDown</Activity>
          <StopPointRef>1800SG08121</StopPointRef>
          <TimingStatus>OTH</TimingStatus>
        </To>
        <RunTime>PT3M</RunTime>
      </JourneyPatternTimingLink>
      <JourneyPatternTimingLink id="JPSection-1-SEC1-POS27">
        <From>
          <Activity>pickUpAndSetDown</Activity>
          <StopPointRef>1800SG08121</StopPointRef>
          <TimingStatus>OTH</TimingStatus>
        </From>
        <To>
          <Activity>pickUpAndSetDown</Activity>
          <StopPointRef>1800SG08151</StopPointRef>
          <TimingStatus>OTH</TimingStatus>
        </To>
        <RunTime>PT1M</RunTime>
      </JourneyPatternTimingLink>
      <JourneyPatternTimingLink id="JPSection-1-SEC1-POS28">
        <From>
          <Activity>pickUpAndSetDown</Activity>
          <StopPointRef>1800SG08151</StopPointRef>
          <TimingStatus>OTH</TimingStatus>
        </From>
        <To>
          <Activity>pickUpAndSetDown</Activity>
          <StopPointRef>1800SG08191</StopPointRef>
          <TimingStatus>PTP</TimingStatus>
        </To>
        <RunTime>PT1M</RunTime>
      </JourneyPatternTimingLink>
      <JourneyPatternTimingLink id="JPSection-1-SEC1-POS29">
        <From>
          <Activity>pickUpAndSetDown</Activity>
          <StopPointRef>1800SG08191</StopPointRef>
          <TimingStatus>PTP</TimingStatus>
        </From>
        <To>
          <Activity>setDown</Activity>
          <StopPointRef>1800SG08211</StopPointRef>
          <TimingStatus>PTP</TimingStatus>
        </To>
        <RunTime>PT3M</RunTime>
      </JourneyPatternTimingLink>
    </JourneyPatternSection>
    <JourneyPatternSection id="JPSection-2">
      <JourneyPatternTimingLink id="JPSection-2-SEC2-POS30">
        <From>
          <Activity>pickUp</Activity>
          <StopPointRef>1800SG08211</StopPointRef>
          <TimingStatus>PTP</TimingStatus>
        </From>
        <To>
          <Activity>pickUpAndSetDown</Activity>
          <StopPointRef>1800SG08191</StopPointRef>
          <TimingStatus>PTP</TimingStatus>
        </To>
        <RunTime>PT3M</RunTime>
      </JourneyPatternTimingLink>
      <JourneyPatternTimingLink id="JPSection-2-SEC2-POS31">
        <From>
          <Activity>pickUpAndSetDown</Activity>
          <StopPointRef>1800SG08191</StopPointRef>
          <TimingStatus>PTP</TimingStatus>
        </From>
        <To>
          <Activity>pickUpAndSetDown</Activity>
          <StopPointRef>1800SG08161</StopPointRef>
          <TimingStatus>OTH</TimingStatus>
        </To>
        <RunTime>PT0M</RunTime>
      </JourneyPatternTimingLink>
      <JourneyPatternTimingLink id="JPSection-2-SEC2-POS32">
        <From>
          <Activity>pickUpAndSetDown</Activity>
          <StopPointRef>1800SG08161</StopPointRef>
          <TimingStatus>OTH</TimingStatus>
        </From>
        <To>
          <Activity>pickUpAndSetDown</Activity>
          <StopPointRef>1800SG08131</StopPointRef>
          <TimingStatus>OTH</TimingStatus>
        </To>
        <RunTime>PT1M</RunTime>
      </JourneyPatternTimingLink>
      <JourneyPatternTimingLink id="JPSection-2-SEC2-POS33">
        <From>
          <Activity>pickUpAndSetDown</Activity>
          <StopPointRef>1800SG08131</StopPointRef>
          <TimingStatus>OTH</TimingStatus>
        </From>
        <To>
          <Activity>pickUpAndSetDown</Activity>
          <StopPointRef>0600MA19144</StopPointRef>
          <TimingStatus>OTH</TimingStatus>
        </To>
        <RunTime>PT3M</RunTime>
      </JourneyPatternTimingLink>
      <JourneyPatternTimingLink id="JPSection-2-SEC2-POS34">
        <From>
          <Activity>pickUpAndSetDown</Activity>
          <StopPointRef>0600MA19144</StopPointRef>
          <TimingStatus>OTH</TimingStatus>
        </From>
        <To>
          <Activity>pickUpAndSetDown</Activity>
          <StopPointRef>0600MA19145</StopPointRef>
          <TimingStatus>OTH</TimingStatus>
        </To>
        <RunTime>PT2M</RunTime>
      </JourneyPatternTimingLink>
      <JourneyPatternTimingLink id="JPSection-2-SEC2-POS35">
        <From>
          <Activity>pickUpAndSetDown</Activity>
          <StopPointRef>0600MA19145</StopPointRef>
          <TimingStatus>OTH</TimingStatus>
        </From>
        <To>
          <Activity>pickUpAndSetDown</Activity>
          <StopPointRef>0600MA19147</StopPointRef>
          <TimingStatus>OTH</TimingStatus>
        </To>
        <RunTime>PT2M</RunTime>
      </JourneyPatternTimingLink>
      <JourneyPatternTimingLink id="JPSection-2-SEC2-POS36">
        <From>
          <Activity>pickUpAndSetDown</Activity>
          <StopPointRef>0600MA19147</StopPointRef>
          <TimingStatus>OTH</TimingStatus>
        </From>
        <To>
          <Activity>pickUpAndSetDown</Activity>
          <StopPointRef>0600MA19151</StopPointRef>
          <TimingStatus>OTH</TimingStatus>
        </To>
        <RunTime>PT1M</RunTime>
      </JourneyPatternTimingLink>
      <JourneyPatternTimingLink id="JPSection-2-SEC2-POS37">
        <From>
          <Activity>pickUpAndSetDown</Activity>
          <StopPointRef>0600MA19151</StopPointRef>
          <TimingStatus>OTH</TimingStatus>
        </From>
        <To>
          <Activity>pickUpAndSetDown</Activity>
          <StopPointRef>0600MA0511</StopPointRef>
          <TimingStatus>OTH</TimingStatus>
        </To>
        <RunTime>PT1M</RunTime>
      </JourneyPatternTimingLink>
      <JourneyPatternTimingLink id="JPSection-2-SEC2-POS38">
        <From>
          <Activity>pickUpAndSetDown</Activity>
          <StopPointRef>0600MA0511</StopPointRef>
          <TimingStatus>OTH</TimingStatus>
        </From>
        <To>
          <Activity>pickUpAndSetDown</Activity>
          <StopPointRef>0600MA0510</StopPointRef>
          <TimingStatus>PTP</TimingStatus>
        </To>
        <RunTime>PT1M</RunTime>
      </JourneyPatternTimingLink>
      <JourneyPatternTimingLink id="JPSection-2-SEC2-POS39">
        <From>
          <Activity>pickUpAndSetDown</Activity>
          <StopPointRef>0600MA0510</StopPointRef>
          <TimingStatus>PTP</TimingStatus>
        </From>
        <To>
          <Activity>pickUpAndSetDown</Activity>
          <StopPointRef>0600MA0507</StopPointRef>
          <TimingStatus>OTH</TimingStatus>
        </To>
        <RunTime>PT0M</RunTime>
      </JourneyPatternTimingLink>
      <JourneyPatternTimingLink id="JPSection-2-SEC2-POS40">
        <From>
          <Activity>pickUpAndSetDown</Activity>
          <StopPointRef>0600MA0507</StopPointRef>
          <TimingStatus>OTH</TimingStatus>
        </From>
        <To>
          <Activity>pickUpAndSetDown</Activity>
          <StopPointRef>0600MA0503</StopPointRef>
          <TimingStatus>OTH</TimingStatus>
        </To>
        <RunTime>PT0M</RunTime>
      </JourneyPatternTimingLink>
      <JourneyPatternTimingLink id="JPSection-2-SEC2-POS41">
        <From>
          <Activity>pickUpAndSetDown</Activity>
          <StopPointRef>0600MA0503</StopPointRef>
          <TimingStatus>OTH</TimingStatus>
        </From>
        <To>
          <Activity>pickUpAndSetDown</Activity>
          <StopPointRef>0600MA0506</StopPointRef>
          <TimingStatus>OTH</TimingStatus>
        </To>
        <RunTime>PT1M</RunTime>
      </JourneyPatternTimingLink>
      <JourneyPatternTimingLink id="JPSection-2-SEC2-POS42">
        <From>
          <Activity>pickUpAndSetDown</Activity>
          <StopPointRef>0600MA0506</StopPointRef>
          <TimingStatus>OTH</TimingStatus>
        </From>
        <To>
          <Activity>pickUpAndSetDown</Activity>
          <StopPointRef>0600MA0478</StopPointRef>
          <TimingStatus>PTP</TimingStatus>
        </To>
        <RunTime>PT1M</RunTime>
      </JourneyPatternTimingLink>
      <JourneyPatternTimingLink id="JPSection-2-SEC2-POS43">
        <From>
          <Activity>pickUpAndSetDown</Activity>
          <StopPointRef>0600MA0478</StopPointRef>
          <TimingStatus>PTP</TimingStatus>
        </From>
        <To>
          <Activity>pickUpAndSetDown</Activity>
          <StopPointRef>0600MA19153</StopPointRef>
          <TimingStatus>OTH</TimingStatus>
        </To>
        <RunTime>PT1M</RunTime>
      </JourneyPatternTimingLink>
      <JourneyPatternTimingLink id="JPSection-2-SEC2-POS44">
        <From>
          <Activity>pickUpAndSetDown</Activity>
          <StopPointRef>0600MA19153</StopPointRef>
          <TimingStatus>OTH</TimingStatus>
        </From>
        <To>
          <Activity>pickUpAndSetDown</Activity>
          <StopPointRef>0600MA0484</StopPointRef>
          <TimingStatus>PTP</TimingStatus>
        </To>
        <RunTime>PT2M</RunTime>
      </JourneyPatternTimingLink>
      <JourneyPatternTimingLink id="JPSection-2-SEC2-POS45">
        <From>
          <Activity>pickUpAndSetDown</Activity>
          <StopPointRef>0600MA0484</StopPointRef>
          <TimingStatus>PTP</TimingStatus>
        </From>
        <To>
          <Activity>pickUpAndSetDown</Activity>
          <StopPointRef>0600MAE5108</StopPointRef>
          <TimingStatus>OTH</TimingStatus>
        </To>
        <RunTime>PT0M</RunTime>
      </JourneyPatternTimingLink>
      <JourneyPatternTimingLink id="JPSection-2-SEC2-POS46">
        <From>
          <Activity>pickUpAndSetDown</Activity>
          <StopPointRef>0600MAE5108</StopPointRef>
          <TimingStatus>OTH</TimingStatus>
        </From>
        <To>
          <Activity>pickUpAndSetDown</Activity>
          <StopPointRef>0600MA0498</StopPointRef>
          <TimingStatus>OTH</TimingStatus>
        </To>
        <RunTime>PT1M</RunTime>
      </JourneyPatternTimingLink>
      <JourneyPatternTimingLink id="JPSection-2-SEC2-POS47">
        <From>
          <Activity>pickUpAndSetDown</Activity>
          <StopPointRef>0600MA0498</StopPointRef>
          <TimingStatus>OTH</TimingStatus>
        </From>
        <To>
          <Activity>pickUpAndSetDown</Activity>
          <StopPointRef>0600MA0496</StopPointRef>
          <TimingStatus>OTH</TimingStatus>
        </To>
        <RunTime>PT1M</RunTime>
      </JourneyPatternTimingLink>
      <JourneyPatternTimingLink id="JPSection-2-SEC2-POS48">
        <From>
          <Activity>pickUpAndSetDown</Activity>
          <StopPointRef>0600MA0496</StopPointRef>
          <TimingStatus>OTH</TimingStatus>
        </From>
        <To>
          <Activity>pickUpAndSetDown</Activity>
          <StopPointRef>0600MA0493</StopPointRef>
          <TimingStatus>PTP</TimingStatus>
        </To>
        <RunTime>PT2M</RunTime>
      </JourneyPatternTimingLink>
      <JourneyPatternTimingLink id="JPSection-2-SEC2-POS49">
        <From>
          <Activity>pickUpAndSetDown</Activity>
          <StopPointRef>0600MA0493</StopPointRef>
          <TimingStatus>PTP</TimingStatus>
        </From>
        <To>
          <Activity>pickUpAndSetDown</Activity>
          <StopPointRef>0600MA0492</StopPointRef>
          <TimingStatus>OTH</TimingStatus>
        </To>
        <RunTime>PT0M</RunTime>
      </JourneyPatternTimingLink>
      <JourneyPatternTimingLink id="JPSection-2-SEC2-POS50">
        <From>
          <Activity>pickUpAndSetDown</Activity>
          <StopPointRef>0600MA0492</StopPointRef>
          <TimingStatus>OTH</TimingStatus>
        </From>
        <To>
          <Activity>pickUpAndSetDown</Activity>
          <StopPointRef>0600MA0490A</StopPointRef>
          <TimingStatus>OTH</TimingStatus>
        </To>
        <RunTime>PT0M</RunTime>
      </JourneyPatternTimingLink>
      <JourneyPatternTimingLink id="JPSection-2-SEC2-POS51">
        <From>
          <Activity>pickUpAndSetDown</Activity>
          <StopPointRef>0600MA0490A</StopPointRef>
          <TimingStatus>OTH</TimingStatus>
        </From>
        <To>
          <Activity>pickUpAndSetDown</Activity>
          <StopPointRef>0600MA0455</StopPointRef>
          <TimingStatus>OTH</TimingStatus>
        </To>
        <RunTime>PT1M</RunTime>
      </JourneyPatternTimingLink>
      <JourneyPatternTimingLink id="JPSection-2-SEC2-POS52">
        <From>
          <Activity>pickUpAndSetDown</Activity>
          <StopPointRef>0600MA0455</StopPointRef>
          <TimingStatus>OTH</TimingStatus>
        </From>
        <To>
          <Activity>pickUpAndSetDown</Activity>
          <StopPointRef>0600MA0457</StopPointRef>
          <TimingStatus>OTH</TimingStatus>
        </To>
        <RunTime>PT0M</RunTime>
      </JourneyPatternTimingLink>
      <JourneyPatternTimingLink id="JPSection-2-SEC2-POS53">
        <From>
          <Activity>pickUpAndSetDown</Activity>
          <StopPointRef>0600MA0457</StopPointRef>
          <TimingStatus>OTH</TimingStatus>
        </From>
        <To>
          <Activity>pickUpAndSetDown</Activity>
          <StopPointRef>0600MA0459</StopPointRef>
          <TimingStatus>OTH</TimingStatus>
        </To>
        <RunTime>PT0M</RunTime>
      </JourneyPatternTimingLink>
      <JourneyPatternTimingLink id="JPSection-2-SEC2-POS54">
        <From>
          <Activity>pickUpAndSetDown</Activity>
          <StopPointRef>0600MA0459</StopPointRef>
          <TimingStatus>OTH</TimingStatus>
        </From>
        <To>
          <Activity>pickUpAndSetDown</Activity>
          <StopPointRef>0600MA0461</StopPointRef>
          <TimingStatus>OTH</TimingStatus>
        </To>
        <RunTime>PT1M</RunTime>
      </JourneyPatternTimingLink>
      <JourneyPatternTimingLink id="JPSection-2-SEC2-POS55">
        <From>
          <Activity>pickUpAndSetDown</Activity>
          <StopPointRef>0600MA0461</StopPointRef>
          <TimingStatus>OTH</TimingStatus>
        </From>
        <To>
          <Activity>pickUpAndSetDown</Activity>
          <StopPointRef>0600MA0464</StopPointRef>
          <TimingStatus>OTH</TimingStatus>
        </To>
        <RunTime>PT0M</RunTime>
      </JourneyPatternTimingLink>
      <JourneyPatternTimingLink id="JPSection-2-SEC2-POS56">
        <From>
          <Activity>pickUpAndSetDown</Activity>
          <StopPointRef>0600MA0464</StopPointRef>
          <TimingStatus>OTH</TimingStatus>
        </From>
        <To>
          <Activity>pickUpAndSetDown</Activity>
          <StopPointRef>0600MA0465A</StopPointRef>
          <TimingStatus>OTH</TimingStatus>
        </To>
        <RunTime>PT1M</RunTime>
      </JourneyPatternTimingLink>
      <JourneyPatternTimingLink id="JPSection-2-SEC2-POS57">
        <From>
          <Activity>pickUpAndSetDown</Activity>
          <StopPointRef>0600MA0465A</StopPointRef>
          <TimingStatus>OTH</TimingStatus>
        </From>
        <To>
          <Activity>setDown</Activity>
          <StopPointRef>0600MA0466</StopPointRef>
          <TimingStatus>PTP</TimingStatus>
        </To>
        <RunTime>PT1M</RunTime>
      </JourneyPatternTimingLink>
    </JourneyPatternSection>
  </JourneyPatternSections>
  <Operators>
    <Operator id="OId_BC">
      <NationalOperatorCode>HIPK</NationalOperatorCode>
      <OperatorCode>BC</OperatorCode>
      <OperatorShortName>BC</OperatorShortName>
    </Operator>
  </Operators>
  <Services>
    <Service>
      <ServiceCode>NW_01_BC_P1_1</ServiceCode>
      <Lines>
        <Line id="l_P1_BC">
          <LineName>P1</LineName>
        </Line>
      </Lines>
      <OperatingPeriod>
        <StartDate>2016-10-24</StartDate>
        <EndDate>2017-10-28</EndDate>
      </OperatingPeriod>
      <RegisteredOperatorRef>OId_BC</RegisteredOperatorRef>
      <StopRequirements>
        <NoNewStopsRequired />
      </StopRequirements>
      <Mode>bus</Mode>
      <Description>Middlewood - Poynton - Hazel Grove</Description>
      <StandardService>
        <Origin>Middlewood, Poynton</Origin>
        <Destination>Hazel Grove</Destination>
        <JourneyPattern id="JP1">
          <Direction>outbound</Direction>
          <JourneyPatternSectionRefs>JPSection-1</JourneyPatternSectionRefs>
        </JourneyPattern>
        <JourneyPattern id="JP14">
          <Direction>inbound</Direction>
          <JourneyPatternSectionRefs>JPSection-2</JourneyPatternSectionRefs>
        </JourneyPattern>
      </StandardService>
    </Service>
  </Services>
  <VehicleJourneys>
    <VehicleJourney>
      <PrivateCode>704</PrivateCode>
      <Operational>
        <VehicleType>
          <VehicleTypeCode>BUS</VehicleTypeCode>
          <Description>BUS</Description>
        </VehicleType>
      </Operational>
      <OperatingProfile>
        <RegularDayType>
          <DaysOfWeek>
            <MondayToSaturday />
          </DaysOfWeek>
        </RegularDayType>
        <BankHolidayOperation>
          <DaysOfNonOperation>
            <AllBankHolidays />
          </DaysOfNonOperation>
        </BankHolidayOperation>
      </OperatingProfile>
      <VehicleJourneyCode>704</VehicleJourneyCode>
      <ServiceRef>NW_01_BC_P1_1</ServiceRef>
      <LineRef>l_P1_BC</LineRef>
      <JourneyPatternRef>JP1</JourneyPatternRef>
      <Note>
        <NoteCode>CE</NoteCode>
        <NoteText>Journey provided on behalf of Cheshire East Council.</NoteText>
      </Note>
      <DepartureTime>07:04:00</DepartureTime>
    </VehicleJourney>
    <VehicleJourney>
      <PrivateCode>804</PrivateCode>
      <Operational>
        <VehicleType>
          <VehicleTypeCode>BUS</VehicleTypeCode>
          <Description>BUS</Description>
        </VehicleType>
      </Operational>
      <OperatingProfile>
        <RegularDayType>
          <DaysOfWeek>
            <MondayToSaturday />
          </DaysOfWeek>
        </RegularDayType>
        <BankHolidayOperation>
          <DaysOfNonOperation>
            <AllBankHolidays />
          </DaysOfNonOperation>
        </BankHolidayOperation>
      </OperatingProfile>
      <VehicleJourneyCode>804</VehicleJourneyCode>
      <ServiceRef>NW_01_BC_P1_1</ServiceRef>
      <LineRef>l_P1_BC</LineRef>
      <VehicleJourneyRef>704</VehicleJourneyRef>
      <Note>
        <NoteCode>CE</NoteCode>
        <NoteText>Journey provided on behalf of Cheshire East Council.</NoteText>
      </Note>
      <DepartureTime>08:04:00</DepartureTime>
    </VehicleJourney>
    <VehicleJourney>
      <PrivateCode>904</PrivateCode>
      <Operational>
        <VehicleType>
          <VehicleTypeCode>BUS</VehicleTypeCode>
          <Description>BUS</Description>
        </VehicleType>
      </Operational>
      <OperatingProfile>
        <RegularDayType>
          <DaysOfWeek>
            <MondayToSaturday />
          </DaysOfWeek>
        </RegularDayType>
        <BankHolidayOperation>
          <DaysOfNonOperation>
            <AllBankHolidays />
          </DaysOfNonOperation>
        </BankHolidayOperation>
      </OperatingProfile>
      <VehicleJourneyCode>904</VehicleJourneyCode>
      <ServiceRef>NW_01_BC_P1_1</ServiceRef>
      <LineRef>l_P1_BC</LineRef>
      <VehicleJourneyRef>704</VehicleJourneyRef>
      <Note>
        <NoteCode>CE</NoteCode>
        <NoteText>Journey provided on behalf of Cheshire East Council.</NoteText>
      </Note>
      <DepartureTime>09:04:00</DepartureTime>
    </VehicleJourney>
    <VehicleJourney>
      <PrivateCode>1004</PrivateCode>
      <Operational>
        <VehicleType>
          <VehicleTypeCode>BUS</VehicleTypeCode>
          <Description>BUS</Description>
        </VehicleType>
      </Operational>
      <OperatingProfile>
        <RegularDayType>
          <DaysOfWeek>
            <MondayToSaturday />
          </DaysOfWeek>
        </RegularDayType>
        <BankHolidayOperation>
          <DaysOfNonOperation>
            <AllBankHolidays />
          </DaysOfNonOperation>
        </BankHolidayOperation>
      </OperatingProfile>
      <VehicleJourneyCode>1004</VehicleJourneyCode>
      <ServiceRef>NW_01_BC_P1_1</ServiceRef>
      <LineRef>l_P1_BC</LineRef>
      <VehicleJourneyRef>704</VehicleJourneyRef>
      <Note>
        <NoteCode>CE</NoteCode>
        <NoteText>Journey provided on behalf of Cheshire East Council.</NoteText>
      </Note>
      <DepartureTime>10:04:00</DepartureTime>
    </VehicleJourney>
    <VehicleJourney>
      <PrivateCode>1104</PrivateCode>
      <Operational>
        <VehicleType>
          <VehicleTypeCode>BUS</VehicleTypeCode>
          <Description>BUS</Description>
        </VehicleType>
      </Operational>
      <OperatingProfile>
        <RegularDayType>
          <DaysOfWeek>
            <MondayToSaturday />
          </DaysOfWeek>
        </RegularDayType>
        <BankHolidayOperation>
          <DaysOfNonOperation>
            <AllBankHolidays />
          </DaysOfNonOperation>
        </BankHolidayOperation>
      </OperatingProfile>
      <VehicleJourneyCode>1104</VehicleJourneyCode>
      <ServiceRef>NW_01_BC_P1_1</ServiceRef>
      <LineRef>l_P1_BC</LineRef>
      <VehicleJourneyRef>704</VehicleJourneyRef>
      <Note>
        <NoteCode>CE</NoteCode>
        <NoteText>Journey provided on behalf of Cheshire East Council.</NoteText>
      </Note>
      <DepartureTime>11:04:00</DepartureTime>
    </VehicleJourney>
    <VehicleJourney>
      <PrivateCode>1204</PrivateCode>
      <Operational>
        <VehicleType>
          <VehicleTypeCode>BUS</VehicleTypeCode>
          <Description>BUS</Description>
        </VehicleType>
      </Operational>
      <OperatingProfile>
        <RegularDayType>
          <DaysOfWeek>
            <MondayToSaturday />
          </DaysOfWeek>
        </RegularDayType>
        <BankHolidayOperation>
          <DaysOfNonOperation>
            <AllBankHolidays />
          </DaysOfNonOperation>
        </BankHolidayOperation>
      </OperatingProfile>
      <VehicleJourneyCode>1204</VehicleJourneyCode>
      <ServiceRef>NW_01_BC_P1_1</ServiceRef>
      <LineRef>l_P1_BC</LineRef>
      <VehicleJourneyRef>704</VehicleJourneyRef>
      <Note>
        <NoteCode>CE</NoteCode>
        <NoteText>Journey provided on behalf of Cheshire East Council.</NoteText>
      </Note>
      <DepartureTime>12:04:00</DepartureTime>
    </VehicleJourney>
    <VehicleJourney>
      <PrivateCode>1304</PrivateCode>
      <Operational>
        <VehicleType>
          <VehicleTypeCode>BUS</VehicleTypeCode>
          <Description>BUS</Description>
        </VehicleType>
      </Operational>
      <OperatingProfile>
        <RegularDayType>
          <DaysOfWeek>
            <MondayToSaturday />
          </DaysOfWeek>
        </RegularDayType>
        <BankHolidayOperation>
          <DaysOfNonOperation>
            <AllBankHolidays />
          </DaysOfNonOperation>
        </BankHolidayOperation>
      </OperatingProfile>
      <VehicleJourneyCode>1304</VehicleJourneyCode>
      <ServiceRef>NW_01_BC_P1_1</ServiceRef>
      <LineRef>l_P1_BC</LineRef>
      <VehicleJourneyRef>704</VehicleJourneyRef>
      <Note>
        <NoteCode>CE</NoteCode>
        <NoteText>Journey provided on behalf of Cheshire East Council.</NoteText>
      </Note>
      <DepartureTime>13:04:00</DepartureTime>
    </VehicleJourney>
    <VehicleJourney>
      <PrivateCode>1404</PrivateCode>
      <Operational>
        <VehicleType>
          <VehicleTypeCode>BUS</VehicleTypeCode>
          <Description>BUS</Description>
        </VehicleType>
      </Operational>
      <OperatingProfile>
        <RegularDayType>
          <DaysOfWeek>
            <MondayToSaturday />
          </DaysOfWeek>
        </RegularDayType>
        <BankHolidayOperation>
          <DaysOfNonOperation>
            <AllBankHolidays />
          </DaysOfNonOperation>
        </BankHolidayOperation>
      </OperatingProfile>
      <VehicleJourneyCode>1404</VehicleJourneyCode>
      <ServiceRef>NW_01_BC_P1_1</ServiceRef>
      <LineRef>l_P1_BC</LineRef>
      <VehicleJourneyRef>704</VehicleJourneyRef>
      <Note>
        <NoteCode>CE</NoteCode>
        <NoteText>Journey provided on behalf of Cheshire East Council.</NoteText>
      </Note>
      <DepartureTime>14:04:00</DepartureTime>
    </VehicleJourney>
    <VehicleJourney>
      <PrivateCode>1504</PrivateCode>
      <Operational>
        <VehicleType>
          <VehicleTypeCode>BUS</VehicleTypeCode>
          <Description>BUS</Description>
        </VehicleType>
      </Operational>
      <OperatingProfile>
        <RegularDayType>
          <DaysOfWeek>
            <MondayToSaturday />
          </DaysOfWeek>
        </RegularDayType>
        <BankHolidayOperation>
          <DaysOfNonOperation>
            <AllBankHolidays />
          </DaysOfNonOperation>
        </BankHolidayOperation>
      </OperatingProfile>
      <VehicleJourneyCode>1504</VehicleJourneyCode>
      <ServiceRef>NW_01_BC_P1_1</ServiceRef>
      <LineRef>l_P1_BC</LineRef>
      <VehicleJourneyRef>704</VehicleJourneyRef>
      <Note>
        <NoteCode>CE</NoteCode>
        <NoteText>Journey provided on behalf of Cheshire East Council.</NoteText>
      </Note>
      <DepartureTime>15:04:00</DepartureTime>
    </VehicleJourney>
    <VehicleJourney>
      <PrivateCode>1604</PrivateCode>
      <Operational>
        <VehicleType>
          <VehicleTypeCode>BUS</VehicleTypeCode>
          <Description>BUS</Description>
        </VehicleType>
      </Operational>
      <OperatingProfile>
        <RegularDayType>
          <DaysOfWeek>
            <MondayToSaturday />
          </DaysOfWeek>
        </RegularDayType>
        <BankHolidayOperation>
          <DaysOfNonOperation>
            <AllBankHolidays />
          </DaysOfNonOperation>
        </BankHolidayOperation>
      </OperatingProfile>
      <VehicleJourneyCode>1604</VehicleJourneyCode>
      <ServiceRef>NW_01_BC_P1_1</ServiceRef>
      <LineRef>l_P1_BC</LineRef>
      <VehicleJourneyRef>704</VehicleJourneyRef>
      <Note>
        <NoteCode>CE</NoteCode>
        <NoteText>Journey provided on behalf of Cheshire East Council.</NoteText>
      </Note>
      <DepartureTime>16:04:00</DepartureTime>
    </VehicleJourney>
    <VehicleJourney>
      <PrivateCode>1704</PrivateCode>
      <Operational>
        <VehicleType>
          <VehicleTypeCode>BUS</VehicleTypeCode>
          <Description>BUS</Description>
        </VehicleType>
      </Operational>
      <OperatingProfile>
        <RegularDayType>
          <DaysOfWeek>
            <MondayToSaturday />
          </DaysOfWeek>
        </RegularDayType>
        <BankHolidayOperation>
          <DaysOfNonOperation>
            <AllBankHolidays />
          </DaysOfNonOperation>
        </BankHolidayOperation>
      </OperatingProfile>
      <VehicleJourneyCode>1704</VehicleJourneyCode>
      <ServiceRef>NW_01_BC_P1_1</ServiceRef>
      <LineRef>l_P1_BC</LineRef>
      <VehicleJourneyRef>704</VehicleJourneyRef>
      <Note>
        <NoteCode>CE</NoteCode>
        <NoteText>Journey provided on behalf of Cheshire East Council.</NoteText>
      </Note>
      <DepartureTime>17:04:00</DepartureTime>
    </VehicleJourney>
    <VehicleJourney>
      <PrivateCode>1804</PrivateCode>
      <Operational>
        <VehicleType>
          <VehicleTypeCode>BUS</VehicleTypeCode>
          <Description>BUS</Description>
        </VehicleType>
      </Operational>
      <OperatingProfile>
        <RegularDayType>
          <DaysOfWeek>
            <MondayToSaturday />
          </DaysOfWeek>
        </RegularDayType>
        <BankHolidayOperation>
          <DaysOfNonOperation>
            <AllBankHolidays />
          </DaysOfNonOperation>
        </BankHolidayOperation>
      </OperatingProfile>
      <VehicleJourneyCode>1804</VehicleJourneyCode>
      <ServiceRef>NW_01_BC_P1_1</ServiceRef>
      <LineRef>l_P1_BC</LineRef>
      <VehicleJourneyRef>704</VehicleJourneyRef>
      <Note>
        <NoteCode>CE</NoteCode>
        <NoteText>Journey provided on behalf of Cheshire East Council.</NoteText>
      </Note>
      <DepartureTime>18:04:00</DepartureTime>
    </VehicleJourney>
    <VehicleJourney>
      <PrivateCode>1904</PrivateCode>
      <Operational>
        <VehicleType>
          <VehicleTypeCode>BUS</VehicleTypeCode>
          <Description>BUS</Description>
        </VehicleType>
      </Operational>
      <OperatingProfile>
        <RegularDayType>
          <DaysOfWeek>
            <MondayToSaturday />
          </DaysOfWeek>
        </RegularDayType>
        <BankHolidayOperation>
          <DaysOfNonOperation>
            <AllBankHolidays />
          </DaysOfNonOperation>
        </BankHolidayOperation>
      </OperatingProfile>
      <VehicleJourneyCode>1904</VehicleJourneyCode>
      <ServiceRef>NW_01_BC_P1_1</ServiceRef>
      <LineRef>l_P1_BC</LineRef>
      <VehicleJourneyRef>704</VehicleJourneyRef>
      <Note>
        <NoteCode>CE</NoteCode>
        <NoteText>Journey provided on behalf of Cheshire East Council.</NoteText>
      </Note>
      <DepartureTime>19:04:00</DepartureTime>
    </VehicleJourney>
    <VehicleJourney>
      <PrivateCode>734</PrivateCode>
      <Operational>
        <VehicleType>
          <VehicleTypeCode>BUS</VehicleTypeCode>
          <Description>BUS</Description>
        </VehicleType>
      </Operational>
      <OperatingProfile>
        <RegularDayType>
          <DaysOfWeek>
            <MondayToSaturday />
          </DaysOfWeek>
        </RegularDayType>
        <BankHolidayOperation>
          <DaysOfNonOperation>
            <AllBankHolidays />
          </DaysOfNonOperation>
        </BankHolidayOperation>
      </OperatingProfile>
      <VehicleJourneyCode>734</VehicleJourneyCode>
      <ServiceRef>NW_01_BC_P1_1</ServiceRef>
      <LineRef>l_P1_BC</LineRef>
      <JourneyPatternRef>JP14</JourneyPatternRef>
      <Note>
        <NoteCode>CE</NoteCode>
        <NoteText>Journey provided on behalf of Cheshire East Council.</NoteText>
      </Note>
      <DepartureTime>07:34:00</DepartureTime>
    </VehicleJourney>
    <VehicleJourney>
      <PrivateCode>834</PrivateCode>
      <Operational>
        <VehicleType>
          <VehicleTypeCode>BUS</VehicleTypeCode>
          <Description>BUS</Description>
        </VehicleType>
      </Operational>
      <OperatingProfile>
        <RegularDayType>
          <DaysOfWeek>
            <MondayToSaturday />
          </DaysOfWeek>
        </RegularDayType>
        <BankHolidayOperation>
          <DaysOfNonOperation>
            <AllBankHolidays />
          </DaysOfNonOperation>
        </BankHolidayOperation>
      </OperatingProfile>
      <VehicleJourneyCode>834</VehicleJourneyCode>
      <ServiceRef>NW_01_BC_P1_1</ServiceRef>
      <LineRef>l_P1_BC</LineRef>
      <VehicleJourneyRef>734</VehicleJourneyRef>
      <Note>
        <NoteCode>CE</NoteCode>
        <NoteText>Journey provided on behalf of Cheshire East Council.</NoteText>
      </Note>
      <DepartureTime>08:34:00</DepartureTime>
    </VehicleJourney>
    <VehicleJourney>
      <PrivateCode>934</PrivateCode>
      <Operational>
        <VehicleType>
          <VehicleTypeCode>BUS</VehicleTypeCode>
          <Description>BUS</Description>
        </VehicleType>
      </Operational>
      <OperatingProfile>
        <RegularDayType>
          <DaysOfWeek>
            <MondayToSaturday />
          </DaysOfWeek>
        </RegularDayType>
        <BankHolidayOperation>
          <DaysOfNonOperation>
            <AllBankHolidays />
          </DaysOfNonOperation>
        </BankHolidayOperation>
      </OperatingProfile>
      <VehicleJourneyCode>934</VehicleJourneyCode>
      <ServiceRef>NW_01_BC_P1_1</ServiceRef>
      <LineRef>l_P1_BC</LineRef>
      <VehicleJourneyRef>734</VehicleJourneyRef>
      <Note>
        <NoteCode>CE</NoteCode>
        <NoteText>Journey provided on behalf of Cheshire East Council.</NoteText>
      </Note>
      <DepartureTime>09:34:00</DepartureTime>
    </VehicleJourney>
    <VehicleJourney>
      <PrivateCode>1034</PrivateCode>
      <Operational>
        <VehicleType>
          <VehicleTypeCode>BUS</VehicleTypeCode>
          <Description>BUS</Description>
        </VehicleType>
      </Operational>
      <OperatingProfile>
        <RegularDayType>
          <DaysOfWeek>
            <MondayToSaturday />
          </DaysOfWeek>
        </RegularDayType>
        <BankHolidayOperation>
          <DaysOfNonOperation>
            <AllBankHolidays />
          </DaysOfNonOperation>
        </BankHolidayOperation>
      </OperatingProfile>
      <VehicleJourneyCode>1034</VehicleJourneyCode>
      <ServiceRef>NW_01_BC_P1_1</ServiceRef>
      <LineRef>l_P1_BC</LineRef>
      <VehicleJourneyRef>734</VehicleJourneyRef>
      <Note>
        <NoteCode>CE</NoteCode>
        <NoteText>Journey provided on behalf of Cheshire East Council.</NoteText>
      </Note>
      <DepartureTime>10:34:00</DepartureTime>
    </VehicleJourney>
    <VehicleJourney>
      <PrivateCode>1134</PrivateCode>
      <Operational>
        <VehicleType>
          <VehicleTypeCode>BUS</VehicleTypeCode>
          <Description>BUS</Description>
        </VehicleType>
      </Operational>
      <OperatingProfile>
        <RegularDayType>
          <DaysOfWeek>
            <MondayToSaturday />
          </DaysOfWeek>
        </RegularDayType>
        <BankHolidayOperation>
          <DaysOfNonOperation>
            <AllBankHolidays />
          </DaysOfNonOperation>
        </BankHolidayOperation>
      </OperatingProfile>
      <VehicleJourneyCode>1134</VehicleJourneyCode>
      <ServiceRef>NW_01_BC_P1_1</ServiceRef>
      <LineRef>l_P1_BC</LineRef>
      <VehicleJourneyRef>734</VehicleJourneyRef>
      <Note>
        <NoteCode>CE</NoteCode>
        <NoteText>Journey provided on behalf of Cheshire East Council.</NoteText>
      </Note>
      <DepartureTime>11:34:00</DepartureTime>
    </VehicleJourney>
    <VehicleJourney>
      <PrivateCode>1234</PrivateCode>
      <Operational>
        <VehicleType>
          <VehicleTypeCode>BUS</VehicleTypeCode>
          <Description>BUS</Description>
        </VehicleType>
      </Operational>
      <OperatingProfile>
        <RegularDayType>
          <DaysOfWeek>
            <MondayToSaturday />
          </DaysOfWeek>
        </RegularDayType>
        <BankHolidayOperation>
          <DaysOfNonOperation>
            <AllBankHolidays />
          </DaysOfNonOperation>
        </BankHolidayOperation>
      </OperatingProfile>
      <VehicleJourneyCode>1234</VehicleJourneyCode>
      <ServiceRef>NW_01_BC_P1_1</ServiceRef>
      <LineRef>l_P1_BC</LineRef>
      <VehicleJourneyRef>734</VehicleJourneyRef>
      <Note>
        <NoteCode>CE</NoteCode>
        <NoteText>Journey provided on behalf of Cheshire East Council.</NoteText>
      </Note>
      <DepartureTime>12:34:00</DepartureTime>
    </VehicleJourney>
    <VehicleJourney>
      <PrivateCode>1334</PrivateCode>
      <Operational>
        <VehicleType>
          <VehicleTypeCode>BUS</VehicleTypeCode>
          <Description>BUS</Description>
        </VehicleType>
      </Operational>
      <OperatingProfile>
        <RegularDayType>
          <DaysOfWeek>
            <MondayToSaturday />
          </DaysOfWeek>
        </RegularDayType>
        <BankHolidayOperation>
          <DaysOfNonOperation>
            <AllBankHolidays />
          </DaysOfNonOperation>
        </BankHolidayOperation>
      </OperatingProfile>
      <VehicleJourneyCode>1334</VehicleJourneyCode>
      <ServiceRef>NW_01_BC_P1_1</ServiceRef>
      <LineRef>l_P1_BC</LineRef>
      <VehicleJourneyRef>734</VehicleJourneyRef>
      <Note>
        <NoteCode>CE</NoteCode>
        <NoteText>Journey provided on behalf of Cheshire East Council.</NoteText>
      </Note>
      <DepartureTime>13:34:00</DepartureTime>
    </VehicleJourney>
    <VehicleJourney>
      <PrivateCode>1434</PrivateCode>
      <Operational>
        <VehicleType>
          <VehicleTypeCode>BUS</VehicleTypeCode>
          <Description>BUS</Description>
        </VehicleType>
      </Operational>
      <OperatingProfile>
        <RegularDayType>
          <DaysOfWeek>
            <MondayToSaturday />
          </DaysOfWeek>
        </RegularDayType>
        <BankHolidayOperation>
          <DaysOfNonOperation>
            <AllBankHolidays />
          </DaysOfNonOperation>
        </BankHolidayOperation>
      </OperatingProfile>
      <VehicleJourneyCode>1434</VehicleJourneyCode>
      <ServiceRef>NW_01_BC_P1_1</ServiceRef>
      <LineRef>l_P1_BC</LineRef>
      <VehicleJourneyRef>734</VehicleJourneyRef>
      <Note>
        <NoteCode>CE</NoteCode>
        <NoteText>Journey provided on behalf of Cheshire East Council.</NoteText>
      </Note>
      <DepartureTime>14:34:00</DepartureTime>
    </VehicleJourney>
    <VehicleJourney>
      <PrivateCode>1534</PrivateCode>
      <Operational>
        <VehicleType>
          <VehicleTypeCode>BUS</VehicleTypeCode>
          <Description>BUS</Description>
        </VehicleType>
      </Operational>
      <OperatingProfile>
        <RegularDayType>
          <DaysOfWeek>
            <MondayToSaturday />
          </DaysOfWeek>
        </RegularDayType>
        <BankHolidayOperation>
          <DaysOfNonOperation>
            <AllBankHolidays />
          </DaysOfNonOperation>
        </BankHolidayOperation>
      </OperatingProfile>
      <VehicleJourneyCode>1534</VehicleJourneyCode>
      <ServiceRef>NW_01_BC_P1_1</ServiceRef>
      <LineRef>l_P1_BC</LineRef>
      <VehicleJourneyRef>734</VehicleJourneyRef>
      <Note>
        <NoteCode>CE</NoteCode>
        <NoteText>Journey provided on behalf of Cheshire East Council.</NoteText>
      </Note>
      <DepartureTime>15:34:00</DepartureTime>
    </VehicleJourney>
    <VehicleJourney>
      <PrivateCode>1634</PrivateCode>
      <Operational>
        <VehicleType>
          <VehicleTypeCode>BUS</VehicleTypeCode>
          <Description>BUS</Description>
        </VehicleType>
      </Operational>
      <OperatingProfile>
        <RegularDayType>
          <DaysOfWeek>
            <MondayToSaturday />
          </DaysOfWeek>
        </RegularDayType>
        <BankHolidayOperation>
          <DaysOfNonOperation>
            <AllBankHolidays />
          </DaysOfNonOperation>
        </BankHolidayOperation>
      </OperatingProfile>
      <VehicleJourneyCode>1634</VehicleJourneyCode>
      <ServiceRef>NW_01_BC_P1_1</ServiceRef>
      <LineRef>l_P1_BC</LineRef>
      <VehicleJourneyRef>734</VehicleJourneyRef>
      <Note>
        <NoteCode>CE</NoteCode>
        <NoteText>Journey provided on behalf of Cheshire East Council.</NoteText>
      </Note>
      <DepartureTime>16:34:00</DepartureTime>
    </VehicleJourney>
    <VehicleJourney>
      <PrivateCode>1734</PrivateCode>
      <Operational>
        <VehicleType>
          <VehicleTypeCode>BUS</VehicleTypeCode>
          <Description>BUS</Description>
        </VehicleType>
      </Operational>
      <OperatingProfile>
        <RegularDayType>
          <DaysOfWeek>
            <MondayToSaturday />
          </DaysOfWeek>
        </RegularDayType>
        <BankHolidayOperation>
          <DaysOfNonOperation>
            <AllBankHolidays />
          </DaysOfNonOperation>
        </BankHolidayOperation>
      </OperatingProfile>
      <VehicleJourneyCode>1734</VehicleJourneyCode>
      <ServiceRef>NW_01_BC_P1_1</ServiceRef>
      <LineRef>l_P1_BC</LineRef>
      <VehicleJourneyRef>734</VehicleJourneyRef>
      <Note>
        <NoteCode>CE</NoteCode>
        <NoteText>Journey provided on behalf of Cheshire East Council.</NoteText>
      </Note>
      <DepartureTime>17:34:00</DepartureTime>
    </VehicleJourney>
    <VehicleJourney>
      <PrivateCode>1834</PrivateCode>
      <Operational>
        <VehicleType>
          <VehicleTypeCode>BUS</VehicleTypeCode>
          <Description>BUS</Description>
        </VehicleType>
      </Operational>
      <OperatingProfile>
        <RegularDayType>
          <DaysOfWeek>
            <MondayToSaturday />
          </DaysOfWeek>
        </RegularDayType>
        <BankHolidayOperation>
          <DaysOfNonOperation>
            <AllBankHolidays />
          </DaysOfNonOperation>
        </BankHolidayOperation>
      </OperatingProfile>
      <VehicleJourneyCode>1834</VehicleJourneyCode>
      <ServiceRef>NW_01_BC_P1_1</ServiceRef>
      <LineRef>l_P1_BC</LineRef>
      <VehicleJourneyRef>734</VehicleJourneyRef>
      <Note>
        <NoteCode>CE</NoteCode>
        <NoteText>Journey provided on behalf of Cheshire East Council.</NoteText>
      </Note>
      <DepartureTime>18:34:00</DepartureTime>
    </VehicleJourney>
    <VehicleJourney>
      <PrivateCode>1934</PrivateCode>
      <Operational>
        <VehicleType>
          <VehicleTypeCode>BUS</VehicleTypeCode>
          <Description>BUS</Description>
        </VehicleType>
      </Operational>
      <OperatingProfile>
        <RegularDayType>
          <DaysOfWeek>
            <MondayToSaturday />
          </DaysOfWeek>
        </RegularDayType>
        <BankHolidayOperation>
          <DaysOfNonOperation>
            <AllBankHolidays />
          </DaysOfNonOperation>
        </BankHolidayOperation>
      </OperatingProfile>
      <VehicleJourneyCode>1934</VehicleJourneyCode>
      <ServiceRef>NW_01_BC_P1_1</ServiceRef>
      <LineRef>l_P1_BC</LineRef>
      <VehicleJourneyRef>734</VehicleJourneyRef>
      <Note>
        <NoteCode>CE</NoteCode>
        <NoteText>Journey provided on behalf of Cheshire East Council.</NoteText>
      </Note>
      <DepartureTime>19:34:00</DepartureTime>
    </VehicleJourney>
  </VehicleJourneys>
</TransXChange>