<?xml version="1.0" encoding="utf-8"?>
<TransXChange xmlns:xsd="http://www.w3.org/2001/XMLSchema" xmlns:xsi="http://www.w3.org/2001/XMLSchema-instance" xsi:schemaLocation="http://www.transxchange.org.uk/ http://www.transxchange.org.uk/schema/2.1/TransXChange_general.xsd" CreationDateTime="2017-09-21T14:22:31.4424465+01:00" ModificationDateTime="2017-09-21T14:22:31.4424465+01:00" Modification="new" RevisionNumber="1" FileName="TXC.xml" SchemaVersion="2.1" RegistrationDocument="false" xmlns="http://www.transxchange.org.uk/">
  <StopPoints>
    <AnnotatedStopPointRef>
      <StopPointRef>0600CR271</StopPointRef>
      <CommonName>Water Lode</CommonName>
      <LocalityName>Nantwich</LocalityName>
      <LocalityQualifier>Nantwich</LocalityQualifier>
    </AnnotatedStopPointRef>
    <AnnotatedStopPointRef>
      <StopPointRef>0600CR277</StopPointRef>
      <CommonName>Marsh Lane</CommonName>
      <LocalityName>Nantwich</LocalityName>
      <LocalityQualifier>Nantwich</LocalityQualifier>
    </AnnotatedStopPointRef>
    <AnnotatedStopPointRef>
      <StopPointRef>0600CR278</StopPointRef>
      <CommonName>Marsh Lane</CommonName>
      <LocalityName>Nantwich</LocalityName>
      <LocalityQualifier>Nantwich</LocalityQualifier>
    </AnnotatedStopPointRef>
    <AnnotatedStopPointRef>
      <StopPointRef>0600CR290</StopPointRef>
      <CommonName>Bus Station</CommonName>
      <LocalityName>Nantwich</LocalityName>
      <LocalityQualifier>Nantwich</LocalityQualifier>
    </AnnotatedStopPointRef>
    <AnnotatedStopPointRef>
      <StopPointRef>0600CR270</StopPointRef>
      <CommonName>Frog &amp; Ferret</CommonName>
      <LocalityName>Nantwich</LocalityName>
      <LocalityQualifier>Nantwich</LocalityQualifier>
    </AnnotatedStopPointRef>
    <AnnotatedStopPointRef>
      <StopPointRef>0600CR275</StopPointRef>
      <CommonName>Cope Avenue</CommonName>
      <LocalityName>Nantwich</LocalityName>
      <LocalityQualifier>Nantwich</LocalityQualifier>
    </AnnotatedStopPointRef>
    <AnnotatedStopPointRef>
      <StopPointRef>0600CR276</StopPointRef>
      <CommonName>Marsh Lane</CommonName>
      <LocalityName>Nantwich</LocalityName>
      <LocalityQualifier>Nantwich</LocalityQualifier>
    </AnnotatedStopPointRef>
    <AnnotatedStopPointRef>
      <StopPointRef>0600CR649</StopPointRef>
      <CommonName>Millfields</CommonName>
      <LocalityName>Nantwich</LocalityName>
      <LocalityQualifier>Nantwich</LocalityQualifier>
    </AnnotatedStopPointRef>
    <AnnotatedStopPointRef>
      <StopPointRef>0600CR19241</StopPointRef>
      <CommonName>Millfields</CommonName>
      <LocalityName>Nantwich</LocalityName>
      <LocalityQualifier>Nantwich</LocalityQualifier>
    </AnnotatedStopPointRef>
  </StopPoints>
  <JourneyPatternSections>
    <JourneyPatternSection id="JPSection-1">
      <JourneyPatternTimingLink id="JPSection-1-SEC1-POS1">
        <From>
          <Activity>pickUp</Activity>
          <StopPointRef>0600CR290</StopPointRef>
          <TimingStatus>PTP</TimingStatus>
        </From>
        <To>
          <Activity>pickUpAndSetDown</Activity>
          <StopPointRef>0600CR270</StopPointRef>
          <TimingStatus>OTH</TimingStatus>
        </To>
        <RunTime>PT1M</RunTime>
      </JourneyPatternTimingLink>
      <JourneyPatternTimingLink id="JPSection-1-SEC1-POS2">
        <From>
          <Activity>pickUpAndSetDown</Activity>
          <StopPointRef>0600CR270</StopPointRef>
          <TimingStatus>OTH</TimingStatus>
        </From>
        <To>
          <Activity>pickUpAndSetDown</Activity>
          <StopPointRef>0600CR649</StopPointRef>
          <TimingStatus>OTH</TimingStatus>
        </To>
        <RunTime>PT2M</RunTime>
      </JourneyPatternTimingLink>
      <JourneyPatternTimingLink id="JPSection-1-SEC1-POS3">
        <From>
          <Activity>pickUpAndSetDown</Activity>
          <StopPointRef>0600CR649</StopPointRef>
          <TimingStatus>OTH</TimingStatus>
        </From>
        <To>
          <Activity>pickUpAndSetDown</Activity>
          <StopPointRef>0600CR278</StopPointRef>
          <TimingStatus>PTP</TimingStatus>
        </To>
        <RunTime>PT2M</RunTime>
      </JourneyPatternTimingLink>
      <JourneyPatternTimingLink id="JPSection-1-SEC1-POS4">
        <From>
          <Activity>pickUpAndSetDown</Activity>
          <StopPointRef>0600CR278</StopPointRef>
          <TimingStatus>PTP</TimingStatus>
        </From>
        <To>
          <Activity>pickUpAndSetDown</Activity>
          <StopPointRef>0600CR277</StopPointRef>
          <TimingStatus>OTH</TimingStatus>
        </To>
        <RunTime>PT0M</RunTime>
      </JourneyPatternTimingLink>
      <JourneyPatternTimingLink id="JPSection-1-SEC1-POS5">
        <From>
          <Activity>pickUpAndSetDown</Activity>
          <StopPointRef>0600CR277</StopPointRef>
          <TimingStatus>OTH</TimingStatus>
        </From>
        <To>
          <Activity>pickUpAndSetDown</Activity>
          <StopPointRef>0600CR276</StopPointRef>
          <TimingStatus>OTH</TimingStatus>
        </To>
        <RunTime>PT1M</RunTime>
      </JourneyPatternTimingLink>
      <JourneyPatternTimingLink id="JPSection-1-SEC1-POS6">
        <From>
          <Activity>pickUpAndSetDown</Activity>
          <StopPointRef>0600CR276</StopPointRef>
          <TimingStatus>OTH</TimingStatus>
        </From>
        <To>
          <Activity>pickUpAndSetDown</Activity>
          <StopPointRef>0600CR275</StopPointRef>
          <TimingStatus>PTP</TimingStatus>
        </To>
        <RunTime>PT1M</RunTime>
      </JourneyPatternTimingLink>
      <JourneyPatternTimingLink id="JPSection-1-SEC1-POS7">
        <From>
          <Activity>pickUpAndSetDown</Activity>
          <StopPointRef>0600CR275</StopPointRef>
          <TimingStatus>PTP</TimingStatus>
        </From>
        <To>
          <Activity>pickUpAndSetDown</Activity>
          <StopPointRef>0600CR19241</StopPointRef>
          <TimingStatus>OTH</TimingStatus>
        </To>
        <RunTime>PT1M</RunTime>
      </JourneyPatternTimingLink>
      <JourneyPatternTimingLink id="JPSection-1-SEC1-POS8">
        <From>
          <Activity>pickUpAndSetDown</Activity>
          <StopPointRef>0600CR19241</StopPointRef>
          <TimingStatus>OTH</TimingStatus>
        </From>
        <To>
          <Activity>pickUpAndSetDown</Activity>
          <StopPointRef>0600CR271</StopPointRef>
          <TimingStatus>OTH</TimingStatus>
        </To>
        <RunTime>PT3M</RunTime>
      </JourneyPatternTimingLink>
      <JourneyPatternTimingLink id="JPSection-1-SEC1-POS9">
        <From>
          <Activity>pickUpAndSetDown</Activity>
          <StopPointRef>0600CR271</StopPointRef>
          <TimingStatus>OTH</TimingStatus>
        </From>
        <To>
          <Activity>setDown</Activity>
          <StopPointRef>0600CR290</StopPointRef>
          <TimingStatus>PTP</TimingStatus>
        </To>
        <RunTime>PT2M</RunTime>
      </JourneyPatternTimingLink>
    </JourneyPatternSection>
  </JourneyPatternSections>
  <Operators>
    <Operator id="OId_DG">
      <NationalOperatorCode>DAGC</NationalOperatorCode>
      <OperatorCode>DG</OperatorCode>
      <OperatorShortName>DG</OperatorShortName>
    </Operator>
  </Operators>
  <Services>
    <Service>
      <ServiceCode>NW_01_DG_53_1</ServiceCode>
      <Lines>
        <Line id="l_53_DG">
          <LineName>53</LineName>
        </Line>
      </Lines>
      <OperatingPeriod>
        <StartDate>2016-10-24</StartDate>
        <EndDate>2099-12-31</EndDate>
      </OperatingPeriod>
      <RegisteredOperatorRef>OId_DG</RegisteredOperatorRef>
      <StopRequirements>
        <NoNewStopsRequired />
      </StopRequirements>
      <Mode>bus</Mode>
      <Description>Nantwich - Millfields Estate Circular</Description>
      <StandardService>
        <Origin>Nantwich</Origin>
        <Destination>Nantwich</Destination>
        <JourneyPattern id="JP1">
          <Direction>outbound</Direction>
          <JourneyPatternSectionRefs>JPSection-1</JourneyPatternSectionRefs>
        </JourneyPattern>
      </StandardService>
    </Service>
  </Services>
  <VehicleJourneys>
    <VehicleJourney>
      <PrivateCode>101</PrivateCode>
      <Operational>
        <VehicleType>
          <VehicleTypeCode>BUS</VehicleTypeCode>
          <Description>BUS</Description>
        </VehicleType>
      </Operational>
      <OperatingProfile>
        <RegularDayType>
          <DaysOfWeek>
            <MondayToFriday />
          </DaysOfWeek>
        </RegularDayType>
        <BankHolidayOperation>
          <DaysOfNonOperation>
            <AllBankHolidays />
          </DaysOfNonOperation>
        </BankHolidayOperation>
      </OperatingProfile>
      <VehicleJourneyCode>101</VehicleJourneyCode>
      <ServiceRef>NW_01_DG_53_1</ServiceRef>
      <LineRef>l_53_DG</LineRef>
      <JourneyPatternRef>JP1</JourneyPatternRef>
      <Note>
        <NoteCode>CE</NoteCode>
        <NoteText>Journey provided on behalf of Cheshire East Council.</NoteText>
      </Note>
      <DepartureTime>09:30:00</DepartureTime>
    </VehicleJourney>
    <VehicleJourney>
      <PrivateCode>102</PrivateCode>
      <Operational>
        <VehicleType>
          <VehicleTypeCode>BUS</VehicleTypeCode>
          <Description>BUS</Description>
        </VehicleType>
      </Operational>
      <OperatingProfile>
        <RegularDayType>
          <DaysOfWeek>
            <MondayToFriday />
          </DaysOfWeek>
        </RegularDayType>
        <BankHolidayOperation>
          <DaysOfNonOperation>
            <AllBankHolidays />
          </DaysOfNonOperation>
        </BankHolidayOperation>
      </OperatingProfile>
      <VehicleJourneyCode>102</VehicleJourneyCode>
      <ServiceRef>NW_01_DG_53_1</ServiceRef>
      <LineRef>l_53_DG</LineRef>
      <VehicleJourneyRef>101</VehicleJourneyRef>
      <Note>
        <NoteCode>CE</NoteCode>
        <NoteText>Journey provided on behalf of Cheshire East Council.</NoteText>
      </Note>
      <DepartureTime>11:30:00</DepartureTime>
    </VehicleJourney>
    <VehicleJourney>
      <PrivateCode>103</PrivateCode>
      <Operational>
        <VehicleType>
          <VehicleTypeCode>BUS</VehicleTypeCode>
          <Description>BUS</Description>
        </VehicleType>
      </Operational>
      <OperatingProfile>
        <RegularDayType>
          <DaysOfWeek>
            <MondayToFriday />
          </DaysOfWeek>
        </RegularDayType>
        <BankHolidayOperation>
          <DaysOfNonOperation>
            <AllBankHolidays />
          </DaysOfNonOperation>
        </BankHolidayOperation>
      </OperatingProfile>
      <VehicleJourneyCode>103</VehicleJourneyCode>
      <ServiceRef>NW_01_DG_53_1</ServiceRef>
      <LineRef>l_53_DG</LineRef>
      <VehicleJourneyRef>101</VehicleJourneyRef>
      <Note>
        <NoteCode>CE</NoteCode>
        <NoteText>Journey provided on behalf of Cheshire East Council.</NoteText>
      </Note>
      <DepartureTime>12:30:00</DepartureTime>
    </VehicleJourney>
    <VehicleJourney>
      <PrivateCode>104</PrivateCode>
      <Operational>
        <VehicleType>
          <VehicleTypeCode>BUS</VehicleTypeCode>
          <Description>BUS</Description>
        </VehicleType>
      </Operational>
      <OperatingProfile>
        <RegularDayType>
          <DaysOfWeek>
            <MondayToFriday />
          </DaysOfWeek>
        </RegularDayType>
        <BankHolidayOperation>
          <DaysOfNonOperation>
            <AllBankHolidays />
          </DaysOfNonOperation>
        </BankHolidayOperation>
      </OperatingProfile>
      <VehicleJourneyCode>104</VehicleJourneyCode>
      <ServiceRef>NW_01_DG_53_1</ServiceRef>
      <LineRef>l_53_DG</LineRef>
      <VehicleJourneyRef>101</VehicleJourneyRef>
      <Note>
        <NoteCode>CE</NoteCode>
        <NoteText>Journey provided on behalf of Cheshire East Council.</NoteText>
      </Note>
      <DepartureTime>14:30:00</DepartureTime>
    </VehicleJourney>
    <VehicleJourney>
      <PrivateCode>105</PrivateCode>
      <Operational>
        <VehicleType>
          <VehicleTypeCode>BUS</VehicleTypeCode>
          <Description>BUS</Description>
        </VehicleType>
      </Operational>
      <OperatingProfile>
        <RegularDayType>
          <DaysOfWeek>
            <MondayToFriday />
          </DaysOfWeek>
        </RegularDayType>
        <SpecialDaysOperation>
          <DaysOfNonOperation>
            <DateRange>
              <StartDate>2017-09-04</StartDate>
              <EndDate>2017-10-27</EndDate>
              <Note>QE Line</Note>
            </DateRange>
            <DateRange>
              <StartDate>2017-11-06</StartDate>
              <EndDate>2017-12-22</EndDate>
              <Note>QE Line</Note>
            </DateRange>
            <DateRange>
              <StartDate>2018-01-08</StartDate>
              <EndDate>2018-02-16</EndDate>
              <Note>QE Line</Note>
            </DateRange>
            <DateRange>
              <StartDate>2018-02-26</StartDate>
              <EndDate>2018-03-29</EndDate>
              <Note>QE Line</Note>
            </DateRange>
            <DateRange>
              <StartDate>2018-04-16</StartDate>
              <EndDate>2018-05-25</EndDate>
              <Note>QE Line</Note>
            </DateRange>
            <DateRange>
              <StartDate>2018-06-04</StartDate>
              <EndDate>2018-07-24</EndDate>
              <Note>QE Line</Note>
            </DateRange>
          </DaysOfNonOperation>
        </SpecialDaysOperation>
        <BankHolidayOperation>
          <DaysOfNonOperation>
            <AllBankHolidays />
          </DaysOfNonOperation>
        </BankHolidayOperation>
      </OperatingProfile>
      <VehicleJourneyCode>105</VehicleJourneyCode>
      <ServiceRef>NW_01_DG_53_1</ServiceRef>
      <LineRef>l_53_DG</LineRef>
      <VehicleJourneyRef>101</VehicleJourneyRef>
      <Note>
        <NoteCode>CE</NoteCode>
        <NoteText>Journey provided on behalf of Cheshire East Council.</NoteText>
      </Note>
      <Note>
        <NoteCode>SH</NoteCode>
        <NoteText>Runs Mon - Fri during sch holidays, ask the operator for exact dates</NoteText>
      </Note>
      <DepartureTime>15:30:00</DepartureTime>
    </VehicleJourney>
    <VehicleJourney>
      <PrivateCode>301</PrivateCode>
      <Operational>
        <VehicleType>
          <VehicleTypeCode>BUS</VehicleTypeCode>
          <Description>BUS</Description>
        </VehicleType>
      </Operational>
      <OperatingProfile>
        <RegularDayType>
          <DaysOfWeek>
            <Saturday />
          </DaysOfWeek>
        </RegularDayType>
        <BankHolidayOperation>
          <DaysOfNonOperation>
            <AllBankHolidays />
          </DaysOfNonOperation>
        </BankHolidayOperation>
      </OperatingProfile>
      <VehicleJourneyCode>301</VehicleJourneyCode>
      <ServiceRef>NW_01_DG_53_1</ServiceRef>
      <LineRef>l_53_DG</LineRef>
      <VehicleJourneyRef>101</VehicleJourneyRef>
      <Note>
        <NoteCode>CE</NoteCode>
        <NoteText>Journey provided on behalf of Cheshire East Council.</NoteText>
      </Note>
      <DepartureTime>09:30:00</DepartureTime>
    </VehicleJourney>
    <VehicleJourney>
      <PrivateCode>302</PrivateCode>
      <Operational>
        <VehicleType>
          <VehicleTypeCode>BUS</VehicleTypeCode>
          <Description>BUS</Description>
        </VehicleType>
      </Operational>
      <OperatingProfile>
        <RegularDayType>
          <DaysOfWeek>
            <Saturday />
          </DaysOfWeek>
        </RegularDayType>
        <BankHolidayOperation>
          <DaysOfNonOperation>
            <AllBankHolidays />
          </DaysOfNonOperation>
        </BankHolidayOperation>
      </OperatingProfile>
      <VehicleJourneyCode>302</VehicleJourneyCode>
      <ServiceRef>NW_01_DG_53_1</ServiceRef>
      <LineRef>l_53_DG</LineRef>
      <VehicleJourneyRef>101</VehicleJourneyRef>
      <Note>
        <NoteCode>CE</NoteCode>
        <NoteText>Journey provided on behalf of Cheshire East Council.</NoteText>
      </Note>
      <DepartureTime>11:30:00</DepartureTime>
    </VehicleJourney>
    <VehicleJourney>
      <PrivateCode>303</PrivateCode>
      <Operational>
        <VehicleType>
          <VehicleTypeCode>BUS</VehicleTypeCode>
          <Description>BUS</Description>
        </VehicleType>
      </Operational>
      <OperatingProfile>
        <RegularDayType>
          <DaysOfWeek>
            <Saturday />
          </DaysOfWeek>
        </RegularDayType>
        <BankHolidayOperation>
          <DaysOfNonOperation>
            <AllBankHolidays />
          </DaysOfNonOperation>
        </BankHolidayOperation>
      </OperatingProfile>
      <VehicleJourneyCode>303</VehicleJourneyCode>
      <ServiceRef>NW_01_DG_53_1</ServiceRef>
      <LineRef>l_53_DG</LineRef>
      <VehicleJourneyRef>101</VehicleJourneyRef>
      <Note>
        <NoteCode>CE</NoteCode>
        <NoteText>Journey provided on behalf of Cheshire East Council.</NoteText>
      </Note>
      <DepartureTime>12:30:00</DepartureTime>
    </VehicleJourney>
    <VehicleJourney>
      <PrivateCode>304</PrivateCode>
      <Operational>
        <VehicleType>
          <VehicleTypeCode>BUS</VehicleTypeCode>
          <Description>BUS</Description>
        </VehicleType>
      </Operational>
      <OperatingProfile>
        <RegularDayType>
          <DaysOfWeek>
            <Saturday />
          </DaysOfWeek>
        </RegularDayType>
        <BankHolidayOperation>
          <DaysOfNonOperation>
            <AllBankHolidays />
          </DaysOfNonOperation>
        </BankHolidayOperation>
      </OperatingProfile>
      <VehicleJourneyCode>304</VehicleJourneyCode>
      <ServiceRef>NW_01_DG_53_1</ServiceRef>
      <LineRef>l_53_DG</LineRef>
      <VehicleJourneyRef>101</VehicleJourneyRef>
      <Note>
        <NoteCode>CE</NoteCode>
        <NoteText>Journey provided on behalf of Cheshire East Council.</NoteText>
      </Note>
      <DepartureTime>14:30:00</DepartureTime>
    </VehicleJourney>
    <VehicleJourney>
      <PrivateCode>305</PrivateCode>
      <Operational>
        <VehicleType>
          <VehicleTypeCode>BUS</VehicleTypeCode>
          <Description>BUS</Description>
        </VehicleType>
      </Operational>
      <OperatingProfile>
        <RegularDayType>
          <DaysOfWeek>
            <Saturday />
          </DaysOfWeek>
        </RegularDayType>
        <BankHolidayOperation>
          <DaysOfNonOperation>
            <AllBankHolidays />
          </DaysOfNonOperation>
        </BankHolidayOperation>
      </OperatingProfile>
      <VehicleJourneyCode>305</VehicleJourneyCode>
      <ServiceRef>NW_01_DG_53_1</ServiceRef>
      <LineRef>l_53_DG</LineRef>
      <VehicleJourneyRef>101</VehicleJourneyRef>
      <Note>
        <NoteCode>CE</NoteCode>
        <NoteText>Journey provided on behalf of Cheshire East Council.</NoteText>
      </Note>
      <DepartureTime>15:30:00</DepartureTime>
    </VehicleJourney>
  </VehicleJourneys>
</TransXChange>