<?xml version="1.0" encoding="utf-8"?>
<TransXChange xmlns:xsd="http://www.w3.org/2001/XMLSchema" xmlns:xsi="http://www.w3.org/2001/XMLSchema-instance" xsi:schemaLocation="http://www.transxchange.org.uk/ http://www.transxchange.org.uk/schema/2.1/TransXChange_general.xsd" CreationDateTime="2017-09-21T11:35:13.9536025+01:00" ModificationDateTime="2017-09-21T11:35:13.9692314+01:00" Modification="new" RevisionNumber="1" FileName="TXC.xml" SchemaVersion="2.1" RegistrationDocument="false" xmlns="http://www.transxchange.org.uk/">
  <StopPoints>
    <AnnotatedStopPointRef>
      <StopPointRef>090074030998</StopPointRef>
      <CommonName>The Sands</CommonName>
      <LocalityName>Appleby-in-Westmorland</LocalityName>
      <LocalityQualifier>Appleby-in-Westmorland</LocalityQualifier>
    </AnnotatedStopPointRef>
    <AnnotatedStopPointRef>
      <StopPointRef>090074031040</StopPointRef>
      <CommonName>Grammar School</CommonName>
      <LocalityName>Appleby-in-Westmorland</LocalityName>
      <LocalityQualifier>Appleby-in-Westmorland</LocalityQualifier>
    </AnnotatedStopPointRef>
    <AnnotatedStopPointRef>
      <StopPointRef>090074562848</StopPointRef>
      <CommonName>Rail Station</CommonName>
      <LocalityName>Penrith</LocalityName>
      <LocalityQualifier>Penrith</LocalityQualifier>
    </AnnotatedStopPointRef>
    <AnnotatedStopPointRef>
      <StopPointRef>090074560837</StopPointRef>
      <CommonName>Booth's Supermarket</CommonName>
      <LocalityName>Penrith</LocalityName>
      <LocalityQualifier>Penrith</LocalityQualifier>
    </AnnotatedStopPointRef>
    <AnnotatedStopPointRef>
      <StopPointRef>090074560866</StopPointRef>
      <CommonName>Herald Office</CommonName>
      <LocalityName>Penrith</LocalityName>
      <LocalityQualifier>Penrith</LocalityQualifier>
    </AnnotatedStopPointRef>
    <AnnotatedStopPointRef>
      <StopPointRef>090074560885</StopPointRef>
      <CommonName>Ullswater Community College</CommonName>
      <LocalityName>Penrith</LocalityName>
      <LocalityQualifier>Penrith</LocalityQualifier>
    </AnnotatedStopPointRef>
    <AnnotatedStopPointRef>
      <StopPointRef>090074560894</StopPointRef>
      <CommonName>Health Centre</CommonName>
      <LocalityName>Penrith</LocalityName>
      <LocalityQualifier>Penrith</LocalityQualifier>
    </AnnotatedStopPointRef>
    <AnnotatedStopPointRef>
      <StopPointRef>090074560857</StopPointRef>
      <CommonName>Bus Station (P)</CommonName>
      <LocalityName>Penrith</LocalityName>
      <LocalityQualifier>Penrith</LocalityQualifier>
    </AnnotatedStopPointRef>
    <AnnotatedStopPointRef>
      <StopPointRef>090074560860</StopPointRef>
      <CommonName>Bus Station (P)</CommonName>
      <LocalityName>Penrith</LocalityName>
      <LocalityQualifier>Penrith</LocalityQualifier>
    </AnnotatedStopPointRef>
    <AnnotatedStopPointRef>
      <StopPointRef>090074030100</StopPointRef>
      <CommonName>The Sands</CommonName>
      <LocalityName>Appleby-in-Westmorland</LocalityName>
      <LocalityQualifier>Appleby-in-Westmorland</LocalityQualifier>
    </AnnotatedStopPointRef>
    <AnnotatedStopPointRef>
      <StopPointRef>090074030996</StopPointRef>
      <CommonName>Grammar School</CommonName>
      <LocalityName>Appleby-in-Westmorland</LocalityName>
      <LocalityQualifier>Appleby-in-Westmorland</LocalityQualifier>
    </AnnotatedStopPointRef>
    <AnnotatedStopPointRef>
      <StopPointRef>090074030999</StopPointRef>
      <CommonName>Magistrates Court</CommonName>
      <LocalityName>Appleby-in-Westmorland</LocalityName>
      <LocalityQualifier>Appleby-in-Westmorland</LocalityQualifier>
    </AnnotatedStopPointRef>
    <AnnotatedStopPointRef>
      <StopPointRef>090074031000</StopPointRef>
      <CommonName>phone box</CommonName>
      <LocalityName>Appleby-in-Westmorland</LocalityName>
      <LocalityQualifier>Appleby-in-Westmorland</LocalityQualifier>
    </AnnotatedStopPointRef>
    <AnnotatedStopPointRef>
      <StopPointRef>090074561100</StopPointRef>
      <CommonName>Health Centre</CommonName>
      <LocalityName>Penrith</LocalityName>
      <LocalityQualifier>Penrith</LocalityQualifier>
    </AnnotatedStopPointRef>
    <AnnotatedStopPointRef>
      <StopPointRef>090074561108</StopPointRef>
      <CommonName>Ullswater Community College</CommonName>
      <LocalityName>Penrith</LocalityName>
      <LocalityQualifier>Penrith</LocalityQualifier>
    </AnnotatedStopPointRef>
    <AnnotatedStopPointRef>
      <StopPointRef>090074351060</StopPointRef>
      <CommonName>Bridge End Inn</CommonName>
      <LocalityName>Kirkby Thore</LocalityName>
      <LocalityQualifier>Kirkby Thore</LocalityQualifier>
    </AnnotatedStopPointRef>
    <AnnotatedStopPointRef>
      <StopPointRef>090074651075</StopPointRef>
      <CommonName>Linden House</CommonName>
      <LocalityName>Temple Sowerby</LocalityName>
      <LocalityQualifier>Temple Sowerby</LocalityQualifier>
    </AnnotatedStopPointRef>
    <AnnotatedStopPointRef>
      <StopPointRef>090074564683</StopPointRef>
      <CommonName>Middlegate Set Down Only</CommonName>
      <LocalityName>Penrith</LocalityName>
      <LocalityQualifier>Penrith</LocalityQualifier>
    </AnnotatedStopPointRef>
    <AnnotatedStopPointRef>
      <StopPointRef>090074654378</StopPointRef>
      <CommonName>Whinfell House</CommonName>
      <LocalityName>Winderwath</LocalityName>
      <LocalityQualifier>Winderwath</LocalityQualifier>
    </AnnotatedStopPointRef>
    <AnnotatedStopPointRef>
      <StopPointRef>090074122880</StopPointRef>
      <CommonName>Whinfell Park</CommonName>
      <LocalityName>Brougham</LocalityName>
      <LocalityQualifier>Brougham</LocalityQualifier>
    </AnnotatedStopPointRef>
    <AnnotatedStopPointRef>
      <StopPointRef>090074030101</StopPointRef>
      <CommonName>Moot Hall</CommonName>
      <LocalityName>Appleby-in-Westmorland</LocalityName>
      <LocalityQualifier>Appleby-in-Westmorland</LocalityQualifier>
    </AnnotatedStopPointRef>
    <AnnotatedStopPointRef>
      <StopPointRef>090074171048</StopPointRef>
      <CommonName>road end</CommonName>
      <LocalityName>Crackenthorpe</LocalityName>
      <LocalityQualifier>Crackenthorpe</LocalityQualifier>
    </AnnotatedStopPointRef>
    <AnnotatedStopPointRef>
      <StopPointRef>090074351057</StopPointRef>
      <CommonName>War Memorial Hall</CommonName>
      <LocalityName>Kirkby Thore</LocalityName>
      <LocalityQualifier>Kirkby Thore</LocalityQualifier>
    </AnnotatedStopPointRef>
    <AnnotatedStopPointRef>
      <StopPointRef>090074350990</StopPointRef>
      <CommonName>Oak Barn</CommonName>
      <LocalityName>Kirkby Thore</LocalityName>
      <LocalityQualifier>Kirkby Thore</LocalityQualifier>
    </AnnotatedStopPointRef>
    <AnnotatedStopPointRef>
      <StopPointRef>090074033334</StopPointRef>
      <CommonName>Moot Hall</CommonName>
      <LocalityName>Appleby-in-Westmorland</LocalityName>
      <LocalityQualifier>Appleby-in-Westmorland</LocalityQualifier>
    </AnnotatedStopPointRef>
    <AnnotatedStopPointRef>
      <StopPointRef>090074653889</StopPointRef>
      <CommonName>Bridge End Inn</CommonName>
      <LocalityName>Kirkby Thore</LocalityName>
      <LocalityQualifier>Kirkby Thore</LocalityQualifier>
    </AnnotatedStopPointRef>
    <AnnotatedStopPointRef>
      <StopPointRef>090074653890</StopPointRef>
      <CommonName>Post Office</CommonName>
      <LocalityName>Temple Sowerby</LocalityName>
      <LocalityQualifier>Temple Sowerby</LocalityQualifier>
    </AnnotatedStopPointRef>
    <AnnotatedStopPointRef>
      <StopPointRef>090074564025</StopPointRef>
      <CommonName>Town Hall</CommonName>
      <LocalityName>Penrith</LocalityName>
      <LocalityQualifier>Penrith</LocalityQualifier>
    </AnnotatedStopPointRef>
    <AnnotatedStopPointRef>
      <StopPointRef>090074124380</StopPointRef>
      <CommonName>School House</CommonName>
      <LocalityName>Winderwath</LocalityName>
      <LocalityQualifier>Winderwath</LocalityQualifier>
    </AnnotatedStopPointRef>
    <AnnotatedStopPointRef>
      <StopPointRef>090074124381</StopPointRef>
      <CommonName>School House</CommonName>
      <LocalityName>Winderwath</LocalityName>
      <LocalityQualifier>Winderwath</LocalityQualifier>
    </AnnotatedStopPointRef>
    <AnnotatedStopPointRef>
      <StopPointRef>090074124382</StopPointRef>
      <CommonName>High Moss</CommonName>
      <LocalityName>Brougham</LocalityName>
      <LocalityQualifier>Brougham</LocalityQualifier>
    </AnnotatedStopPointRef>
    <AnnotatedStopPointRef>
      <StopPointRef>090074124383</StopPointRef>
      <CommonName>High Moss</CommonName>
      <LocalityName>Brougham</LocalityName>
      <LocalityQualifier>Brougham</LocalityQualifier>
    </AnnotatedStopPointRef>
    <AnnotatedStopPointRef>
      <StopPointRef>090074654379</StopPointRef>
      <CommonName>Whinfell House</CommonName>
      <LocalityName>Winderwath</LocalityName>
      <LocalityQualifier>Winderwath</LocalityQualifier>
    </AnnotatedStopPointRef>
    <AnnotatedStopPointRef>
      <StopPointRef>090074124677</StopPointRef>
      <CommonName>Whinfell Park Cottages</CommonName>
      <LocalityName>Brougham</LocalityName>
      <LocalityQualifier>Brougham</LocalityQualifier>
    </AnnotatedStopPointRef>
    <AnnotatedStopPointRef>
      <StopPointRef>090074174678</StopPointRef>
      <CommonName>road end</CommonName>
      <LocalityName>Crackenthorpe</LocalityName>
      <LocalityQualifier>Crackenthorpe</LocalityQualifier>
    </AnnotatedStopPointRef>
  </StopPoints>
  <JourneyPatternSections>
    <JourneyPatternSection id="JPSection-1">
      <JourneyPatternTimingLink id="JPSection-1-SEC4-POS24">
        <From>
          <Activity>pickUp</Activity>
          <StopPointRef>090074562848</StopPointRef>
          <TimingStatus>PTP</TimingStatus>
        </From>
        <To>
          <Activity>pickUpAndSetDown</Activity>
          <StopPointRef>090074560837</StopPointRef>
          <TimingStatus>PTP</TimingStatus>
        </To>
        <RunTime>PT1M</RunTime>
      </JourneyPatternTimingLink>
      <JourneyPatternTimingLink id="JPSection-1-SEC4-POS25">
        <From>
          <Activity>pickUpAndSetDown</Activity>
          <StopPointRef>090074560837</StopPointRef>
          <TimingStatus>PTP</TimingStatus>
        </From>
        <To>
          <Activity>pickUpAndSetDown</Activity>
          <StopPointRef>090074564025</StopPointRef>
          <TimingStatus>PTP</TimingStatus>
        </To>
        <RunTime>PT2M</RunTime>
      </JourneyPatternTimingLink>
      <JourneyPatternTimingLink id="JPSection-1-SEC4-POS26">
        <From>
          <Activity>pickUpAndSetDown</Activity>
          <StopPointRef>090074564025</StopPointRef>
          <TimingStatus>PTP</TimingStatus>
        </From>
        <To>
          <Activity>pickUpAndSetDown</Activity>
          <StopPointRef>090074564683</StopPointRef>
          <TimingStatus>PTP</TimingStatus>
        </To>
        <RunTime>PT0M</RunTime>
      </JourneyPatternTimingLink>
      <JourneyPatternTimingLink id="JPSection-1-SEC4-POS27">
        <From>
          <Activity>pickUpAndSetDown</Activity>
          <StopPointRef>090074564683</StopPointRef>
          <TimingStatus>PTP</TimingStatus>
        </From>
        <To>
          <Activity>pickUpAndSetDown</Activity>
          <StopPointRef>090074560857</StopPointRef>
          <TimingStatus>PTP</TimingStatus>
        </To>
        <RunTime>PT2M</RunTime>
      </JourneyPatternTimingLink>
      <JourneyPatternTimingLink id="JPSection-1-SEC4-POS28">
        <From>
          <Activity>pickUpAndSetDown</Activity>
          <StopPointRef>090074560857</StopPointRef>
          <TimingStatus>PTP</TimingStatus>
        </From>
        <To>
          <Activity>pickUpAndSetDown</Activity>
          <StopPointRef>090074560866</StopPointRef>
          <TimingStatus>PTP</TimingStatus>
        </To>
        <RunTime>PT1M</RunTime>
      </JourneyPatternTimingLink>
      <JourneyPatternTimingLink id="JPSection-1-SEC4-POS29">
        <From>
          <Activity>pickUpAndSetDown</Activity>
          <StopPointRef>090074560866</StopPointRef>
          <TimingStatus>PTP</TimingStatus>
        </From>
        <To>
          <Activity>pickUpAndSetDown</Activity>
          <StopPointRef>090074560885</StopPointRef>
          <TimingStatus>PTP</TimingStatus>
        </To>
        <RunTime>PT1M</RunTime>
      </JourneyPatternTimingLink>
      <JourneyPatternTimingLink id="JPSection-1-SEC4-POS30">
        <From>
          <Activity>pickUpAndSetDown</Activity>
          <StopPointRef>090074560885</StopPointRef>
          <TimingStatus>PTP</TimingStatus>
        </From>
        <To>
          <Activity>pickUpAndSetDown</Activity>
          <StopPointRef>090074561100</StopPointRef>
          <TimingStatus>PTP</TimingStatus>
        </To>
        <RunTime>PT1M</RunTime>
      </JourneyPatternTimingLink>
      <JourneyPatternTimingLink id="JPSection-1-SEC4-POS31">
        <From>
          <Activity>pickUpAndSetDown</Activity>
          <StopPointRef>090074561100</StopPointRef>
          <TimingStatus>PTP</TimingStatus>
        </From>
        <To>
          <Activity>pickUpAndSetDown</Activity>
          <StopPointRef>090074124677</StopPointRef>
          <TimingStatus>PTP</TimingStatus>
        </To>
        <RunTime>PT4M</RunTime>
      </JourneyPatternTimingLink>
      <JourneyPatternTimingLink id="JPSection-1-SEC4-POS32">
        <From>
          <Activity>pickUpAndSetDown</Activity>
          <StopPointRef>090074124677</StopPointRef>
          <TimingStatus>PTP</TimingStatus>
        </From>
        <To>
          <Activity>pickUpAndSetDown</Activity>
          <StopPointRef>090074124383</StopPointRef>
          <TimingStatus>PTP</TimingStatus>
        </To>
        <RunTime>PT1M</RunTime>
      </JourneyPatternTimingLink>
      <JourneyPatternTimingLink id="JPSection-1-SEC4-POS33">
        <From>
          <Activity>pickUpAndSetDown</Activity>
          <StopPointRef>090074124383</StopPointRef>
          <TimingStatus>PTP</TimingStatus>
        </From>
        <To>
          <Activity>pickUpAndSetDown</Activity>
          <StopPointRef>090074124380</StopPointRef>
          <TimingStatus>PTP</TimingStatus>
        </To>
        <RunTime>PT1M</RunTime>
      </JourneyPatternTimingLink>
      <JourneyPatternTimingLink id="JPSection-1-SEC4-POS34">
        <From>
          <Activity>pickUpAndSetDown</Activity>
          <StopPointRef>090074124380</StopPointRef>
          <TimingStatus>PTP</TimingStatus>
        </From>
        <To>
          <Activity>pickUpAndSetDown</Activity>
          <StopPointRef>090074654379</StopPointRef>
          <TimingStatus>PTP</TimingStatus>
        </To>
        <RunTime>PT1M</RunTime>
      </JourneyPatternTimingLink>
      <JourneyPatternTimingLink id="JPSection-1-SEC4-POS35">
        <From>
          <Activity>pickUpAndSetDown</Activity>
          <StopPointRef>090074654379</StopPointRef>
          <TimingStatus>PTP</TimingStatus>
        </From>
        <To>
          <Activity>pickUpAndSetDown</Activity>
          <StopPointRef>090074653890</StopPointRef>
          <TimingStatus>PTP</TimingStatus>
        </To>
        <RunTime>PT4M</RunTime>
      </JourneyPatternTimingLink>
      <JourneyPatternTimingLink id="JPSection-1-SEC4-POS36">
        <From>
          <Activity>pickUpAndSetDown</Activity>
          <StopPointRef>090074653890</StopPointRef>
          <TimingStatus>PTP</TimingStatus>
        </From>
        <To>
          <Activity>pickUpAndSetDown</Activity>
          <StopPointRef>090074653889</StopPointRef>
          <TimingStatus>PTP</TimingStatus>
        </To>
        <RunTime>PT4M</RunTime>
      </JourneyPatternTimingLink>
      <JourneyPatternTimingLink id="JPSection-1-SEC4-POS37">
        <From>
          <Activity>pickUpAndSetDown</Activity>
          <StopPointRef>090074653889</StopPointRef>
          <TimingStatus>PTP</TimingStatus>
        </From>
        <To>
          <Activity>pickUpAndSetDown</Activity>
          <StopPointRef>090074171048</StopPointRef>
          <TimingStatus>PTP</TimingStatus>
        </To>
        <RunTime>PT5M</RunTime>
      </JourneyPatternTimingLink>
      <JourneyPatternTimingLink id="JPSection-1-SEC4-POS38">
        <From>
          <Activity>pickUpAndSetDown</Activity>
          <StopPointRef>090074171048</StopPointRef>
          <TimingStatus>PTP</TimingStatus>
        </From>
        <To>
          <Activity>pickUpAndSetDown</Activity>
          <StopPointRef>090074030996</StopPointRef>
          <TimingStatus>PTP</TimingStatus>
        </To>
        <RunTime>PT3M</RunTime>
      </JourneyPatternTimingLink>
      <JourneyPatternTimingLink id="JPSection-1-SEC4-POS39">
        <From>
          <Activity>pickUpAndSetDown</Activity>
          <StopPointRef>090074030996</StopPointRef>
          <TimingStatus>PTP</TimingStatus>
        </From>
        <To>
          <Activity>pickUpAndSetDown</Activity>
          <StopPointRef>090074030100</StopPointRef>
          <TimingStatus>PTP</TimingStatus>
        </To>
        <RunTime>PT1M</RunTime>
      </JourneyPatternTimingLink>
      <JourneyPatternTimingLink id="JPSection-1-SEC4-POS40">
        <From>
          <Activity>pickUpAndSetDown</Activity>
          <StopPointRef>090074030100</StopPointRef>
          <TimingStatus>PTP</TimingStatus>
        </From>
        <To>
          <Activity>pickUpAndSetDown</Activity>
          <StopPointRef>090074033334</StopPointRef>
          <TimingStatus>PTP</TimingStatus>
        </To>
        <RunTime>PT2M</RunTime>
      </JourneyPatternTimingLink>
    </JourneyPatternSection>
    <JourneyPatternSection id="JPSection-2">
      <JourneyPatternTimingLink id="JPSection-2-SEC4-POS24">
        <From>
          <Activity>pickUp</Activity>
          <StopPointRef>090074562848</StopPointRef>
          <TimingStatus>PTP</TimingStatus>
        </From>
        <To>
          <Activity>pickUpAndSetDown</Activity>
          <StopPointRef>090074560837</StopPointRef>
          <TimingStatus>PTP</TimingStatus>
        </To>
        <RunTime>PT1M</RunTime>
      </JourneyPatternTimingLink>
      <JourneyPatternTimingLink id="JPSection-2-SEC4-POS25">
        <From>
          <Activity>pickUpAndSetDown</Activity>
          <StopPointRef>090074560837</StopPointRef>
          <TimingStatus>PTP</TimingStatus>
        </From>
        <To>
          <Activity>pickUpAndSetDown</Activity>
          <StopPointRef>090074564025</StopPointRef>
          <TimingStatus>PTP</TimingStatus>
        </To>
        <RunTime>PT2M</RunTime>
      </JourneyPatternTimingLink>
      <JourneyPatternTimingLink id="JPSection-2-SEC4-POS26">
        <From>
          <Activity>pickUpAndSetDown</Activity>
          <StopPointRef>090074564025</StopPointRef>
          <TimingStatus>PTP</TimingStatus>
        </From>
        <To>
          <Activity>pickUpAndSetDown</Activity>
          <StopPointRef>090074564683</StopPointRef>
          <TimingStatus>PTP</TimingStatus>
        </To>
        <RunTime>PT0M</RunTime>
      </JourneyPatternTimingLink>
      <JourneyPatternTimingLink id="JPSection-2-SEC4-POS27">
        <From>
          <Activity>pickUpAndSetDown</Activity>
          <StopPointRef>090074564683</StopPointRef>
          <TimingStatus>PTP</TimingStatus>
        </From>
        <To>
          <Activity>pickUpAndSetDown</Activity>
          <StopPointRef>090074560857</StopPointRef>
          <TimingStatus>PTP</TimingStatus>
        </To>
        <RunTime>PT2M</RunTime>
      </JourneyPatternTimingLink>
      <JourneyPatternTimingLink id="JPSection-2-SEC4-POS28">
        <From>
          <Activity>pickUpAndSetDown</Activity>
          <StopPointRef>090074560857</StopPointRef>
          <TimingStatus>PTP</TimingStatus>
        </From>
        <To>
          <Activity>pickUpAndSetDown</Activity>
          <StopPointRef>090074560866</StopPointRef>
          <TimingStatus>PTP</TimingStatus>
        </To>
        <RunTime>PT1M</RunTime>
      </JourneyPatternTimingLink>
      <JourneyPatternTimingLink id="JPSection-2-SEC4-POS29">
        <From>
          <Activity>pickUpAndSetDown</Activity>
          <StopPointRef>090074560866</StopPointRef>
          <TimingStatus>PTP</TimingStatus>
        </From>
        <To>
          <Activity>pickUpAndSetDown</Activity>
          <StopPointRef>090074560885</StopPointRef>
          <TimingStatus>PTP</TimingStatus>
        </To>
        <RunTime>PT1M</RunTime>
      </JourneyPatternTimingLink>
      <JourneyPatternTimingLink id="JPSection-2-SEC4-POS30">
        <From>
          <Activity>pickUpAndSetDown</Activity>
          <StopPointRef>090074560885</StopPointRef>
          <TimingStatus>PTP</TimingStatus>
        </From>
        <To>
          <Activity>pickUpAndSetDown</Activity>
          <StopPointRef>090074561100</StopPointRef>
          <TimingStatus>PTP</TimingStatus>
        </To>
        <RunTime>PT1M</RunTime>
      </JourneyPatternTimingLink>
      <JourneyPatternTimingLink id="JPSection-2-SEC4-POS31">
        <From>
          <Activity>pickUpAndSetDown</Activity>
          <StopPointRef>090074561100</StopPointRef>
          <TimingStatus>PTP</TimingStatus>
        </From>
        <To>
          <Activity>pickUpAndSetDown</Activity>
          <StopPointRef>090074124677</StopPointRef>
          <TimingStatus>PTP</TimingStatus>
        </To>
        <RunTime>PT4M</RunTime>
      </JourneyPatternTimingLink>
      <JourneyPatternTimingLink id="JPSection-2-SEC4-POS32">
        <From>
          <Activity>pickUpAndSetDown</Activity>
          <StopPointRef>090074124677</StopPointRef>
          <TimingStatus>PTP</TimingStatus>
        </From>
        <To>
          <Activity>pickUpAndSetDown</Activity>
          <StopPointRef>090074124383</StopPointRef>
          <TimingStatus>PTP</TimingStatus>
        </To>
        <RunTime>PT1M</RunTime>
      </JourneyPatternTimingLink>
      <JourneyPatternTimingLink id="JPSection-2-SEC4-POS33">
        <From>
          <Activity>pickUpAndSetDown</Activity>
          <StopPointRef>090074124383</StopPointRef>
          <TimingStatus>PTP</TimingStatus>
        </From>
        <To>
          <Activity>pickUpAndSetDown</Activity>
          <StopPointRef>090074124380</StopPointRef>
          <TimingStatus>PTP</TimingStatus>
        </To>
        <RunTime>PT1M</RunTime>
      </JourneyPatternTimingLink>
      <JourneyPatternTimingLink id="JPSection-2-SEC4-POS34">
        <From>
          <Activity>pickUpAndSetDown</Activity>
          <StopPointRef>090074124380</StopPointRef>
          <TimingStatus>PTP</TimingStatus>
        </From>
        <To>
          <Activity>pickUpAndSetDown</Activity>
          <StopPointRef>090074654379</StopPointRef>
          <TimingStatus>PTP</TimingStatus>
        </To>
        <RunTime>PT1M</RunTime>
      </JourneyPatternTimingLink>
      <JourneyPatternTimingLink id="JPSection-2-SEC4-POS35">
        <From>
          <Activity>pickUpAndSetDown</Activity>
          <StopPointRef>090074654379</StopPointRef>
          <TimingStatus>PTP</TimingStatus>
        </From>
        <To>
          <Activity>pickUpAndSetDown</Activity>
          <StopPointRef>090074653890</StopPointRef>
          <TimingStatus>PTP</TimingStatus>
        </To>
        <RunTime>PT4M</RunTime>
      </JourneyPatternTimingLink>
      <JourneyPatternTimingLink id="JPSection-2-SEC4-POS36">
        <From>
          <Activity>pickUpAndSetDown</Activity>
          <StopPointRef>090074653890</StopPointRef>
          <TimingStatus>PTP</TimingStatus>
        </From>
        <To>
          <Activity>pickUpAndSetDown</Activity>
          <StopPointRef>090074653889</StopPointRef>
          <TimingStatus>PTP</TimingStatus>
        </To>
        <RunTime>PT4M</RunTime>
      </JourneyPatternTimingLink>
      <JourneyPatternTimingLink id="JPSection-2-SEC4-POS37">
        <From>
          <Activity>pickUpAndSetDown</Activity>
          <StopPointRef>090074653889</StopPointRef>
          <TimingStatus>PTP</TimingStatus>
        </From>
        <To>
          <Activity>pickUpAndSetDown</Activity>
          <StopPointRef>090074171048</StopPointRef>
          <TimingStatus>PTP</TimingStatus>
        </To>
        <RunTime>PT5M</RunTime>
      </JourneyPatternTimingLink>
      <JourneyPatternTimingLink id="JPSection-2-SEC4-POS38">
        <From>
          <Activity>pickUpAndSetDown</Activity>
          <StopPointRef>090074171048</StopPointRef>
          <TimingStatus>PTP</TimingStatus>
        </From>
        <To>
          <Activity>pickUpAndSetDown</Activity>
          <StopPointRef>090074030996</StopPointRef>
          <TimingStatus>PTP</TimingStatus>
        </To>
        <RunTime>PT3M</RunTime>
      </JourneyPatternTimingLink>
      <JourneyPatternTimingLink id="JPSection-2-SEC4-POS39">
        <From>
          <Activity>pickUpAndSetDown</Activity>
          <StopPointRef>090074030996</StopPointRef>
          <TimingStatus>PTP</TimingStatus>
        </From>
        <To>
          <Activity>pickUpAndSetDown</Activity>
          <StopPointRef>090074030100</StopPointRef>
          <TimingStatus>PTP</TimingStatus>
        </To>
        <RunTime>PT1M</RunTime>
      </JourneyPatternTimingLink>
      <JourneyPatternTimingLink id="JPSection-2-SEC4-POS40">
        <From>
          <Activity>pickUpAndSetDown</Activity>
          <StopPointRef>090074030100</StopPointRef>
          <TimingStatus>PTP</TimingStatus>
        </From>
        <To>
          <Activity>pickUpAndSetDown</Activity>
          <StopPointRef>090074033334</StopPointRef>
          <TimingStatus>PTP</TimingStatus>
        </To>
        <RunTime>PT2M</RunTime>
      </JourneyPatternTimingLink>
    </JourneyPatternSection>
    <JourneyPatternSection id="JPSection-3">
      <JourneyPatternTimingLink id="JPSection-3-SEC1-POS3">
        <From>
          <Activity>pickUpAndSetDown</Activity>
          <StopPointRef>090074030998</StopPointRef>
          <TimingStatus>PTP</TimingStatus>
        </From>
        <To>
          <Activity>pickUpAndSetDown</Activity>
          <StopPointRef>090074031040</StopPointRef>
          <TimingStatus>PTP</TimingStatus>
        </To>
        <RunTime>PT0M</RunTime>
      </JourneyPatternTimingLink>
      <JourneyPatternTimingLink id="JPSection-3-SEC1-POS4">
        <From>
          <Activity>pickUpAndSetDown</Activity>
          <StopPointRef>090074031040</StopPointRef>
          <TimingStatus>PTP</TimingStatus>
        </From>
        <To>
          <Activity>pickUpAndSetDown</Activity>
          <StopPointRef>090074174678</StopPointRef>
          <TimingStatus>PTP</TimingStatus>
        </To>
        <RunTime>PT3M</RunTime>
      </JourneyPatternTimingLink>
      <JourneyPatternTimingLink id="JPSection-3-SEC1-POS5">
        <From>
          <Activity>pickUpAndSetDown</Activity>
          <StopPointRef>090074174678</StopPointRef>
          <TimingStatus>PTP</TimingStatus>
        </From>
        <To>
          <Activity>pickUpAndSetDown</Activity>
          <StopPointRef>090074351060</StopPointRef>
          <TimingStatus>PTP</TimingStatus>
        </To>
        <RunTime>PT5M</RunTime>
      </JourneyPatternTimingLink>
      <JourneyPatternTimingLink id="JPSection-3-SEC1-POS6">
        <From>
          <Activity>pickUpAndSetDown</Activity>
          <StopPointRef>090074351060</StopPointRef>
          <TimingStatus>PTP</TimingStatus>
        </From>
        <To>
          <Activity>pickUpAndSetDown</Activity>
          <StopPointRef>090074651075</StopPointRef>
          <TimingStatus>PTP</TimingStatus>
        </To>
        <RunTime>PT5M</RunTime>
      </JourneyPatternTimingLink>
      <JourneyPatternTimingLink id="JPSection-3-SEC1-POS7">
        <From>
          <Activity>pickUpAndSetDown</Activity>
          <StopPointRef>090074651075</StopPointRef>
          <TimingStatus>PTP</TimingStatus>
        </From>
        <To>
          <Activity>pickUpAndSetDown</Activity>
          <StopPointRef>090074654378</StopPointRef>
          <TimingStatus>PTP</TimingStatus>
        </To>
        <RunTime>PT3M</RunTime>
      </JourneyPatternTimingLink>
      <JourneyPatternTimingLink id="JPSection-3-SEC1-POS8">
        <From>
          <Activity>pickUpAndSetDown</Activity>
          <StopPointRef>090074654378</StopPointRef>
          <TimingStatus>PTP</TimingStatus>
        </From>
        <To>
          <Activity>pickUpAndSetDown</Activity>
          <StopPointRef>090074124381</StopPointRef>
          <TimingStatus>PTP</TimingStatus>
        </To>
        <RunTime>PT2M</RunTime>
      </JourneyPatternTimingLink>
      <JourneyPatternTimingLink id="JPSection-3-SEC1-POS9">
        <From>
          <Activity>pickUpAndSetDown</Activity>
          <StopPointRef>090074124381</StopPointRef>
          <TimingStatus>PTP</TimingStatus>
        </From>
        <To>
          <Activity>pickUpAndSetDown</Activity>
          <StopPointRef>090074124382</StopPointRef>
          <TimingStatus>PTP</TimingStatus>
        </To>
        <RunTime>PT0M</RunTime>
      </JourneyPatternTimingLink>
      <JourneyPatternTimingLink id="JPSection-3-SEC1-POS10">
        <From>
          <Activity>pickUpAndSetDown</Activity>
          <StopPointRef>090074124382</StopPointRef>
          <TimingStatus>PTP</TimingStatus>
        </From>
        <To>
          <Activity>pickUpAndSetDown</Activity>
          <StopPointRef>090074122880</StopPointRef>
          <TimingStatus>PTP</TimingStatus>
        </To>
        <RunTime>PT1M</RunTime>
      </JourneyPatternTimingLink>
      <JourneyPatternTimingLink id="JPSection-3-SEC1-POS11">
        <From>
          <Activity>pickUpAndSetDown</Activity>
          <StopPointRef>090074122880</StopPointRef>
          <TimingStatus>PTP</TimingStatus>
        </From>
        <To>
          <Activity>pickUpAndSetDown</Activity>
          <StopPointRef>090074560894</StopPointRef>
          <TimingStatus>PTP</TimingStatus>
        </To>
        <RunTime>PT5M</RunTime>
      </JourneyPatternTimingLink>
      <JourneyPatternTimingLink id="JPSection-3-SEC1-POS12">
        <From>
          <Activity>pickUpAndSetDown</Activity>
          <StopPointRef>090074560894</StopPointRef>
          <TimingStatus>PTP</TimingStatus>
        </From>
        <To>
          <Activity>pickUpAndSetDown</Activity>
          <StopPointRef>090074561108</StopPointRef>
          <TimingStatus>PTP</TimingStatus>
        </To>
        <RunTime>PT2M</RunTime>
      </JourneyPatternTimingLink>
      <JourneyPatternTimingLink id="JPSection-3-SEC1-POS13">
        <From>
          <Activity>pickUpAndSetDown</Activity>
          <StopPointRef>090074561108</StopPointRef>
          <TimingStatus>PTP</TimingStatus>
        </From>
        <To>
          <Activity>setDown</Activity>
          <StopPointRef>090074562848</StopPointRef>
          <TimingStatus>PTP</TimingStatus>
        </To>
        <RunTime>PT6M</RunTime>
      </JourneyPatternTimingLink>
    </JourneyPatternSection>
    <JourneyPatternSection id="JPSection-4">
      <JourneyPatternTimingLink id="JPSection-4-SEC1-POS3">
        <From>
          <Activity>pickUpAndSetDown</Activity>
          <StopPointRef>090074030998</StopPointRef>
          <TimingStatus>PTP</TimingStatus>
        </From>
        <To>
          <Activity>pickUpAndSetDown</Activity>
          <StopPointRef>090074031040</StopPointRef>
          <TimingStatus>PTP</TimingStatus>
        </To>
        <RunTime>PT0M</RunTime>
      </JourneyPatternTimingLink>
      <JourneyPatternTimingLink id="JPSection-4-SEC1-POS4">
        <From>
          <Activity>pickUpAndSetDown</Activity>
          <StopPointRef>090074031040</StopPointRef>
          <TimingStatus>PTP</TimingStatus>
        </From>
        <To>
          <Activity>pickUpAndSetDown</Activity>
          <StopPointRef>090074174678</StopPointRef>
          <TimingStatus>PTP</TimingStatus>
        </To>
        <RunTime>PT3M</RunTime>
      </JourneyPatternTimingLink>
      <JourneyPatternTimingLink id="JPSection-4-SEC1-POS5">
        <From>
          <Activity>pickUpAndSetDown</Activity>
          <StopPointRef>090074174678</StopPointRef>
          <TimingStatus>PTP</TimingStatus>
        </From>
        <To>
          <Activity>pickUpAndSetDown</Activity>
          <StopPointRef>090074351060</StopPointRef>
          <TimingStatus>PTP</TimingStatus>
        </To>
        <RunTime>PT5M</RunTime>
      </JourneyPatternTimingLink>
      <JourneyPatternTimingLink id="JPSection-4-SEC1-POS6">
        <From>
          <Activity>pickUpAndSetDown</Activity>
          <StopPointRef>090074351060</StopPointRef>
          <TimingStatus>PTP</TimingStatus>
        </From>
        <To>
          <Activity>pickUpAndSetDown</Activity>
          <StopPointRef>090074651075</StopPointRef>
          <TimingStatus>PTP</TimingStatus>
        </To>
        <RunTime>PT5M</RunTime>
      </JourneyPatternTimingLink>
      <JourneyPatternTimingLink id="JPSection-4-SEC1-POS7">
        <From>
          <Activity>pickUpAndSetDown</Activity>
          <StopPointRef>090074651075</StopPointRef>
          <TimingStatus>PTP</TimingStatus>
        </From>
        <To>
          <Activity>pickUpAndSetDown</Activity>
          <StopPointRef>090074654378</StopPointRef>
          <TimingStatus>PTP</TimingStatus>
        </To>
        <RunTime>PT3M</RunTime>
      </JourneyPatternTimingLink>
      <JourneyPatternTimingLink id="JPSection-4-SEC1-POS8">
        <From>
          <Activity>pickUpAndSetDown</Activity>
          <StopPointRef>090074654378</StopPointRef>
          <TimingStatus>PTP</TimingStatus>
        </From>
        <To>
          <Activity>pickUpAndSetDown</Activity>
          <StopPointRef>090074124381</StopPointRef>
          <TimingStatus>PTP</TimingStatus>
        </To>
        <RunTime>PT2M</RunTime>
      </JourneyPatternTimingLink>
      <JourneyPatternTimingLink id="JPSection-4-SEC1-POS9">
        <From>
          <Activity>pickUpAndSetDown</Activity>
          <StopPointRef>090074124381</StopPointRef>
          <TimingStatus>PTP</TimingStatus>
        </From>
        <To>
          <Activity>pickUpAndSetDown</Activity>
          <StopPointRef>090074124382</StopPointRef>
          <TimingStatus>PTP</TimingStatus>
        </To>
        <RunTime>PT0M</RunTime>
      </JourneyPatternTimingLink>
      <JourneyPatternTimingLink id="JPSection-4-SEC1-POS10">
        <From>
          <Activity>pickUpAndSetDown</Activity>
          <StopPointRef>090074124382</StopPointRef>
          <TimingStatus>PTP</TimingStatus>
        </From>
        <To>
          <Activity>pickUpAndSetDown</Activity>
          <StopPointRef>090074122880</StopPointRef>
          <TimingStatus>PTP</TimingStatus>
        </To>
        <RunTime>PT1M</RunTime>
      </JourneyPatternTimingLink>
      <JourneyPatternTimingLink id="JPSection-4-SEC1-POS11">
        <From>
          <Activity>pickUpAndSetDown</Activity>
          <StopPointRef>090074122880</StopPointRef>
          <TimingStatus>PTP</TimingStatus>
        </From>
        <To>
          <Activity>pickUpAndSetDown</Activity>
          <StopPointRef>090074560894</StopPointRef>
          <TimingStatus>PTP</TimingStatus>
        </To>
        <RunTime>PT5M</RunTime>
      </JourneyPatternTimingLink>
      <JourneyPatternTimingLink id="JPSection-4-SEC1-POS12">
        <From>
          <Activity>pickUpAndSetDown</Activity>
          <StopPointRef>090074560894</StopPointRef>
          <TimingStatus>PTP</TimingStatus>
        </From>
        <To>
          <Activity>pickUpAndSetDown</Activity>
          <StopPointRef>090074561108</StopPointRef>
          <TimingStatus>PTP</TimingStatus>
        </To>
        <RunTime>PT2M</RunTime>
      </JourneyPatternTimingLink>
      <JourneyPatternTimingLink id="JPSection-4-SEC1-POS13">
        <From>
          <Activity>pickUpAndSetDown</Activity>
          <StopPointRef>090074561108</StopPointRef>
          <TimingStatus>PTP</TimingStatus>
        </From>
        <To>
          <Activity>setDown</Activity>
          <StopPointRef>090074562848</StopPointRef>
          <TimingStatus>PTP</TimingStatus>
        </To>
        <RunTime>PT6M</RunTime>
      </JourneyPatternTimingLink>
    </JourneyPatternSection>
    <JourneyPatternSection id="JPSection-5">
      <JourneyPatternTimingLink id="JPSection-5-SEC1-POS1">
        <From>
          <Activity>pickUp</Activity>
          <StopPointRef>090074031000</StopPointRef>
          <TimingStatus>PTP</TimingStatus>
        </From>
        <To>
          <Activity>pickUpAndSetDown</Activity>
          <StopPointRef>090074030101</StopPointRef>
          <TimingStatus>PTP</TimingStatus>
        </To>
        <RunTime>PT7M</RunTime>
      </JourneyPatternTimingLink>
      <JourneyPatternTimingLink id="JPSection-5-SEC1-POS2">
        <From>
          <Activity>pickUpAndSetDown</Activity>
          <StopPointRef>090074030101</StopPointRef>
          <TimingStatus>PTP</TimingStatus>
        </From>
        <To>
          <Activity>pickUpAndSetDown</Activity>
          <StopPointRef>090074030998</StopPointRef>
          <TimingStatus>PTP</TimingStatus>
        </To>
        <RunTime>PT2M</RunTime>
      </JourneyPatternTimingLink>
    </JourneyPatternSection>
    <JourneyPatternSection id="JPSection-6">
      <JourneyPatternTimingLink id="JPSection-6-SEC2-POS14">
        <From>
          <Activity>pickUp</Activity>
          <StopPointRef>090074030101</StopPointRef>
          <TimingStatus>PTP</TimingStatus>
        </From>
        <To>
          <Activity>pickUpAndSetDown</Activity>
          <StopPointRef>090074030998</StopPointRef>
          <TimingStatus>PTP</TimingStatus>
        </To>
        <RunTime>PT2M</RunTime>
      </JourneyPatternTimingLink>
    </JourneyPatternSection>
    <JourneyPatternSection id="JPSection-7">
      <JourneyPatternTimingLink id="JPSection-7-SEC3-POS15">
        <From>
          <Activity>pickUp</Activity>
          <StopPointRef>090074030101</StopPointRef>
          <TimingStatus>PTP</TimingStatus>
        </From>
        <To>
          <Activity>pickUpAndSetDown</Activity>
          <StopPointRef>090074031000</StopPointRef>
          <TimingStatus>PTP</TimingStatus>
        </To>
        <RunTime>PT2M</RunTime>
      </JourneyPatternTimingLink>
      <JourneyPatternTimingLink id="JPSection-7-SEC3-POS16">
        <From>
          <Activity>pickUpAndSetDown</Activity>
          <StopPointRef>090074031000</StopPointRef>
          <TimingStatus>PTP</TimingStatus>
        </From>
        <To>
          <Activity>pickUpAndSetDown</Activity>
          <StopPointRef>090074030998</StopPointRef>
          <TimingStatus>PTP</TimingStatus>
        </To>
        <RunTime>PT6M</RunTime>
      </JourneyPatternTimingLink>
      <JourneyPatternTimingLink id="JPSection-7-SEC3-POS17">
        <From>
          <Activity>pickUpAndSetDown</Activity>
          <StopPointRef>090074030998</StopPointRef>
          <TimingStatus>PTP</TimingStatus>
        </From>
        <To>
          <Activity>pickUpAndSetDown</Activity>
          <StopPointRef>090074031040</StopPointRef>
          <TimingStatus>PTP</TimingStatus>
        </To>
        <RunTime>PT1M</RunTime>
      </JourneyPatternTimingLink>
      <JourneyPatternTimingLink id="JPSection-7-SEC1-POS4">
        <From>
          <Activity>pickUpAndSetDown</Activity>
          <StopPointRef>090074031040</StopPointRef>
          <TimingStatus>PTP</TimingStatus>
        </From>
        <To>
          <Activity>pickUpAndSetDown</Activity>
          <StopPointRef>090074174678</StopPointRef>
          <TimingStatus>PTP</TimingStatus>
        </To>
        <RunTime>PT3M</RunTime>
      </JourneyPatternTimingLink>
      <JourneyPatternTimingLink id="JPSection-7-SEC3-POS18">
        <From>
          <Activity>pickUpAndSetDown</Activity>
          <StopPointRef>090074174678</StopPointRef>
          <TimingStatus>PTP</TimingStatus>
        </From>
        <To>
          <Activity>pickUpAndSetDown</Activity>
          <StopPointRef>090074350990</StopPointRef>
          <TimingStatus>PTP</TimingStatus>
        </To>
        <RunTime>PT9M</RunTime>
      </JourneyPatternTimingLink>
      <JourneyPatternTimingLink id="JPSection-7-SEC3-POS19">
        <From>
          <Activity>pickUpAndSetDown</Activity>
          <StopPointRef>090074350990</StopPointRef>
          <TimingStatus>PTP</TimingStatus>
        </From>
        <To>
          <Activity>pickUpAndSetDown</Activity>
          <StopPointRef>090074351057</StopPointRef>
          <TimingStatus>PTP</TimingStatus>
        </To>
        <RunTime>PT1M</RunTime>
      </JourneyPatternTimingLink>
      <JourneyPatternTimingLink id="JPSection-7-SEC3-POS20">
        <From>
          <Activity>pickUpAndSetDown</Activity>
          <StopPointRef>090074351057</StopPointRef>
          <TimingStatus>PTP</TimingStatus>
        </From>
        <To>
          <Activity>pickUpAndSetDown</Activity>
          <StopPointRef>090074651075</StopPointRef>
          <TimingStatus>PTP</TimingStatus>
        </To>
        <RunTime>PT10M</RunTime>
      </JourneyPatternTimingLink>
      <JourneyPatternTimingLink id="JPSection-7-SEC1-POS7">
        <From>
          <Activity>pickUpAndSetDown</Activity>
          <StopPointRef>090074651075</StopPointRef>
          <TimingStatus>PTP</TimingStatus>
        </From>
        <To>
          <Activity>pickUpAndSetDown</Activity>
          <StopPointRef>090074654378</StopPointRef>
          <TimingStatus>PTP</TimingStatus>
        </To>
        <RunTime>PT3M</RunTime>
      </JourneyPatternTimingLink>
      <JourneyPatternTimingLink id="JPSection-7-SEC1-POS8">
        <From>
          <Activity>pickUpAndSetDown</Activity>
          <StopPointRef>090074654378</StopPointRef>
          <TimingStatus>PTP</TimingStatus>
        </From>
        <To>
          <Activity>pickUpAndSetDown</Activity>
          <StopPointRef>090074124381</StopPointRef>
          <TimingStatus>PTP</TimingStatus>
        </To>
        <RunTime>PT2M</RunTime>
      </JourneyPatternTimingLink>
      <JourneyPatternTimingLink id="JPSection-7-SEC1-POS9">
        <From>
          <Activity>pickUpAndSetDown</Activity>
          <StopPointRef>090074124381</StopPointRef>
          <TimingStatus>PTP</TimingStatus>
        </From>
        <To>
          <Activity>pickUpAndSetDown</Activity>
          <StopPointRef>090074124382</StopPointRef>
          <TimingStatus>PTP</TimingStatus>
        </To>
        <RunTime>PT0M</RunTime>
      </JourneyPatternTimingLink>
      <JourneyPatternTimingLink id="JPSection-7-SEC1-POS10">
        <From>
          <Activity>pickUpAndSetDown</Activity>
          <StopPointRef>090074124382</StopPointRef>
          <TimingStatus>PTP</TimingStatus>
        </From>
        <To>
          <Activity>pickUpAndSetDown</Activity>
          <StopPointRef>090074122880</StopPointRef>
          <TimingStatus>PTP</TimingStatus>
        </To>
        <RunTime>PT1M</RunTime>
      </JourneyPatternTimingLink>
      <JourneyPatternTimingLink id="JPSection-7-SEC1-POS11">
        <From>
          <Activity>pickUpAndSetDown</Activity>
          <StopPointRef>090074122880</StopPointRef>
          <TimingStatus>PTP</TimingStatus>
        </From>
        <To>
          <Activity>pickUpAndSetDown</Activity>
          <StopPointRef>090074560894</StopPointRef>
          <TimingStatus>PTP</TimingStatus>
        </To>
        <RunTime>PT5M</RunTime>
      </JourneyPatternTimingLink>
      <JourneyPatternTimingLink id="JPSection-7-SEC3-POS21">
        <From>
          <Activity>pickUpAndSetDown</Activity>
          <StopPointRef>090074560894</StopPointRef>
          <TimingStatus>PTP</TimingStatus>
        </From>
        <To>
          <Activity>pickUpAndSetDown</Activity>
          <StopPointRef>090074561108</StopPointRef>
          <TimingStatus>PTP</TimingStatus>
        </To>
        <RunTime>PT1M</RunTime>
      </JourneyPatternTimingLink>
      <JourneyPatternTimingLink id="JPSection-7-SEC3-POS22">
        <From>
          <Activity>pickUpAndSetDown</Activity>
          <StopPointRef>090074561108</StopPointRef>
          <TimingStatus>PTP</TimingStatus>
        </From>
        <To>
          <Activity>pickUpAndSetDown</Activity>
          <StopPointRef>090074560860</StopPointRef>
          <TimingStatus>PTP</TimingStatus>
        </To>
        <RunTime>PT4M</RunTime>
      </JourneyPatternTimingLink>
      <JourneyPatternTimingLink id="JPSection-7-SEC3-POS23">
        <From>
          <Activity>pickUpAndSetDown</Activity>
          <StopPointRef>090074560860</StopPointRef>
          <TimingStatus>PTP</TimingStatus>
        </From>
        <To>
          <Activity>setDown</Activity>
          <StopPointRef>090074562848</StopPointRef>
          <TimingStatus>PTP</TimingStatus>
        </To>
        <RunTime>PT7M</RunTime>
      </JourneyPatternTimingLink>
    </JourneyPatternSection>
    <JourneyPatternSection id="JPSection-8">
      <JourneyPatternTimingLink id="JPSection-8-SEC4-POS41">
        <From>
          <Activity>pickUpAndSetDown</Activity>
          <StopPointRef>090074033334</StopPointRef>
          <TimingStatus>PTP</TimingStatus>
        </From>
        <To>
          <Activity>setDown</Activity>
          <StopPointRef>090074031000</StopPointRef>
          <TimingStatus>PTP</TimingStatus>
        </To>
        <RunTime>PT3M</RunTime>
      </JourneyPatternTimingLink>
    </JourneyPatternSection>
    <JourneyPatternSection id="JPSection-9">
      <JourneyPatternTimingLink id="JPSection-9-SEC4-POS24">
        <From>
          <Activity>pickUp</Activity>
          <StopPointRef>090074562848</StopPointRef>
          <TimingStatus>PTP</TimingStatus>
        </From>
        <To>
          <Activity>pickUpAndSetDown</Activity>
          <StopPointRef>090074560837</StopPointRef>
          <TimingStatus>PTP</TimingStatus>
        </To>
        <RunTime>PT1M</RunTime>
      </JourneyPatternTimingLink>
      <JourneyPatternTimingLink id="JPSection-9-SEC4-POS25">
        <From>
          <Activity>pickUpAndSetDown</Activity>
          <StopPointRef>090074560837</StopPointRef>
          <TimingStatus>PTP</TimingStatus>
        </From>
        <To>
          <Activity>pickUpAndSetDown</Activity>
          <StopPointRef>090074564025</StopPointRef>
          <TimingStatus>PTP</TimingStatus>
        </To>
        <RunTime>PT2M</RunTime>
      </JourneyPatternTimingLink>
      <JourneyPatternTimingLink id="JPSection-9-SEC4-POS26">
        <From>
          <Activity>pickUpAndSetDown</Activity>
          <StopPointRef>090074564025</StopPointRef>
          <TimingStatus>PTP</TimingStatus>
        </From>
        <To>
          <Activity>pickUpAndSetDown</Activity>
          <StopPointRef>090074564683</StopPointRef>
          <TimingStatus>PTP</TimingStatus>
        </To>
        <RunTime>PT0M</RunTime>
      </JourneyPatternTimingLink>
      <JourneyPatternTimingLink id="JPSection-9-SEC6-POS42">
        <From>
          <Activity>pickUpAndSetDown</Activity>
          <StopPointRef>090074564683</StopPointRef>
          <TimingStatus>PTP</TimingStatus>
        </From>
        <To>
          <WaitTime>PT5M</WaitTime>
          <Activity>pickUpAndSetDown</Activity>
          <StopPointRef>090074560857</StopPointRef>
          <TimingStatus>PTP</TimingStatus>
        </To>
        <RunTime>PT2M</RunTime>
      </JourneyPatternTimingLink>
      <JourneyPatternTimingLink id="JPSection-9-SEC4-POS28">
        <From>
          <Activity>pickUpAndSetDown</Activity>
          <StopPointRef>090074560857</StopPointRef>
          <TimingStatus>PTP</TimingStatus>
        </From>
        <To>
          <Activity>pickUpAndSetDown</Activity>
          <StopPointRef>090074560866</StopPointRef>
          <TimingStatus>PTP</TimingStatus>
        </To>
        <RunTime>PT1M</RunTime>
      </JourneyPatternTimingLink>
      <JourneyPatternTimingLink id="JPSection-9-SEC4-POS29">
        <From>
          <Activity>pickUpAndSetDown</Activity>
          <StopPointRef>090074560866</StopPointRef>
          <TimingStatus>PTP</TimingStatus>
        </From>
        <To>
          <Activity>pickUpAndSetDown</Activity>
          <StopPointRef>090074560885</StopPointRef>
          <TimingStatus>PTP</TimingStatus>
        </To>
        <RunTime>PT1M</RunTime>
      </JourneyPatternTimingLink>
      <JourneyPatternTimingLink id="JPSection-9-SEC6-POS43">
        <From>
          <Activity>pickUpAndSetDown</Activity>
          <StopPointRef>090074560885</StopPointRef>
          <TimingStatus>PTP</TimingStatus>
        </From>
        <To>
          <Activity>pickUpAndSetDown</Activity>
          <StopPointRef>090074561100</StopPointRef>
          <TimingStatus>PTP</TimingStatus>
        </To>
        <RunTime>PT2M</RunTime>
      </JourneyPatternTimingLink>
      <JourneyPatternTimingLink id="JPSection-9-SEC4-POS31">
        <From>
          <Activity>pickUpAndSetDown</Activity>
          <StopPointRef>090074561100</StopPointRef>
          <TimingStatus>PTP</TimingStatus>
        </From>
        <To>
          <Activity>pickUpAndSetDown</Activity>
          <StopPointRef>090074124677</StopPointRef>
          <TimingStatus>PTP</TimingStatus>
        </To>
        <RunTime>PT4M</RunTime>
      </JourneyPatternTimingLink>
      <JourneyPatternTimingLink id="JPSection-9-SEC4-POS32">
        <From>
          <Activity>pickUpAndSetDown</Activity>
          <StopPointRef>090074124677</StopPointRef>
          <TimingStatus>PTP</TimingStatus>
        </From>
        <To>
          <Activity>pickUpAndSetDown</Activity>
          <StopPointRef>090074124383</StopPointRef>
          <TimingStatus>PTP</TimingStatus>
        </To>
        <RunTime>PT1M</RunTime>
      </JourneyPatternTimingLink>
      <JourneyPatternTimingLink id="JPSection-9-SEC4-POS33">
        <From>
          <Activity>pickUpAndSetDown</Activity>
          <StopPointRef>090074124383</StopPointRef>
          <TimingStatus>PTP</TimingStatus>
        </From>
        <To>
          <Activity>pickUpAndSetDown</Activity>
          <StopPointRef>090074124380</StopPointRef>
          <TimingStatus>PTP</TimingStatus>
        </To>
        <RunTime>PT1M</RunTime>
      </JourneyPatternTimingLink>
      <JourneyPatternTimingLink id="JPSection-9-SEC4-POS34">
        <From>
          <Activity>pickUpAndSetDown</Activity>
          <StopPointRef>090074124380</StopPointRef>
          <TimingStatus>PTP</TimingStatus>
        </From>
        <To>
          <Activity>pickUpAndSetDown</Activity>
          <StopPointRef>090074654379</StopPointRef>
          <TimingStatus>PTP</TimingStatus>
        </To>
        <RunTime>PT1M</RunTime>
      </JourneyPatternTimingLink>
      <JourneyPatternTimingLink id="JPSection-9-SEC4-POS35">
        <From>
          <Activity>pickUpAndSetDown</Activity>
          <StopPointRef>090074654379</StopPointRef>
          <TimingStatus>PTP</TimingStatus>
        </From>
        <To>
          <Activity>pickUpAndSetDown</Activity>
          <StopPointRef>090074653890</StopPointRef>
          <TimingStatus>PTP</TimingStatus>
        </To>
        <RunTime>PT4M</RunTime>
      </JourneyPatternTimingLink>
      <JourneyPatternTimingLink id="JPSection-9-SEC4-POS36">
        <From>
          <Activity>pickUpAndSetDown</Activity>
          <StopPointRef>090074653890</StopPointRef>
          <TimingStatus>PTP</TimingStatus>
        </From>
        <To>
          <Activity>pickUpAndSetDown</Activity>
          <StopPointRef>090074653889</StopPointRef>
          <TimingStatus>PTP</TimingStatus>
        </To>
        <RunTime>PT4M</RunTime>
      </JourneyPatternTimingLink>
      <JourneyPatternTimingLink id="JPSection-9-SEC6-POS44">
        <From>
          <Activity>pickUpAndSetDown</Activity>
          <StopPointRef>090074653889</StopPointRef>
          <TimingStatus>PTP</TimingStatus>
        </From>
        <To>
          <Activity>pickUpAndSetDown</Activity>
          <StopPointRef>090074350990</StopPointRef>
          <TimingStatus>PTP</TimingStatus>
        </To>
        <RunTime>PT0M</RunTime>
      </JourneyPatternTimingLink>
      <JourneyPatternTimingLink id="JPSection-9-SEC6-POS45">
        <From>
          <Activity>pickUpAndSetDown</Activity>
          <StopPointRef>090074350990</StopPointRef>
          <TimingStatus>PTP</TimingStatus>
        </From>
        <To>
          <Activity>pickUpAndSetDown</Activity>
          <StopPointRef>090074351057</StopPointRef>
          <TimingStatus>PTP</TimingStatus>
        </To>
        <RunTime>PT5M</RunTime>
      </JourneyPatternTimingLink>
      <JourneyPatternTimingLink id="JPSection-9-SEC6-POS46">
        <From>
          <Activity>pickUpAndSetDown</Activity>
          <StopPointRef>090074351057</StopPointRef>
          <TimingStatus>PTP</TimingStatus>
        </From>
        <To>
          <Activity>pickUpAndSetDown</Activity>
          <StopPointRef>090074171048</StopPointRef>
          <TimingStatus>PTP</TimingStatus>
        </To>
        <RunTime>PT7M</RunTime>
      </JourneyPatternTimingLink>
      <JourneyPatternTimingLink id="JPSection-9-SEC6-POS47">
        <From>
          <Activity>pickUpAndSetDown</Activity>
          <StopPointRef>090074171048</StopPointRef>
          <TimingStatus>PTP</TimingStatus>
        </From>
        <To>
          <Activity>pickUpAndSetDown</Activity>
          <StopPointRef>090074030996</StopPointRef>
          <TimingStatus>PTP</TimingStatus>
        </To>
        <RunTime>PT4M</RunTime>
      </JourneyPatternTimingLink>
      <JourneyPatternTimingLink id="JPSection-9-SEC6-POS48">
        <From>
          <Activity>pickUpAndSetDown</Activity>
          <StopPointRef>090074030996</StopPointRef>
          <TimingStatus>PTP</TimingStatus>
        </From>
        <To>
          <Activity>pickUpAndSetDown</Activity>
          <StopPointRef>090074030999</StopPointRef>
          <TimingStatus>PTP</TimingStatus>
        </To>
        <RunTime>PT1M</RunTime>
      </JourneyPatternTimingLink>
      <JourneyPatternTimingLink id="JPSection-9-SEC6-POS49">
        <From>
          <Activity>pickUpAndSetDown</Activity>
          <StopPointRef>090074030999</StopPointRef>
          <TimingStatus>PTP</TimingStatus>
        </From>
        <To>
          <Activity>pickUpAndSetDown</Activity>
          <StopPointRef>090074030100</StopPointRef>
          <TimingStatus>PTP</TimingStatus>
        </To>
        <RunTime>PT0M</RunTime>
      </JourneyPatternTimingLink>
      <JourneyPatternTimingLink id="JPSection-9-SEC6-POS50">
        <From>
          <Activity>pickUpAndSetDown</Activity>
          <StopPointRef>090074030100</StopPointRef>
          <TimingStatus>PTP</TimingStatus>
        </From>
        <To>
          <Activity>pickUpAndSetDown</Activity>
          <StopPointRef>090074031000</StopPointRef>
          <TimingStatus>PTP</TimingStatus>
        </To>
        <RunTime>PT2M</RunTime>
      </JourneyPatternTimingLink>
      <JourneyPatternTimingLink id="JPSection-9-SEC6-POS51">
        <From>
          <Activity>pickUpAndSetDown</Activity>
          <StopPointRef>090074031000</StopPointRef>
          <TimingStatus>PTP</TimingStatus>
        </From>
        <To>
          <Activity>setDown</Activity>
          <StopPointRef>090074033334</StopPointRef>
          <TimingStatus>PTP</TimingStatus>
        </To>
        <RunTime>PT6M</RunTime>
      </JourneyPatternTimingLink>
    </JourneyPatternSection>
  </JourneyPatternSections>
  <Operators>
    <Operator id="OId_SCC">
      <NationalOperatorCode>SCMB</NationalOperatorCode>
      <OperatorCode>SCC</OperatorCode>
      <OperatorShortName>SCC</OperatorShortName>
    </Operator>
  </Operators>
  <Services>
    <Service>
      <ServiceCode>NW_03_SCC_563_1</ServiceCode>
      <Lines>
        <Line id="l_563_SCC">
          <LineName>563</LineName>
        </Line>
      </Lines>
      <OperatingPeriod>
        <StartDate>2017-09-04</StartDate>
        <EndDate>2017-12-24</EndDate>
      </OperatingPeriod>
      <RegisteredOperatorRef>OId_SCC</RegisteredOperatorRef>
      <StopRequirements>
        <NoNewStopsRequired />
      </StopRequirements>
      <Mode>bus</Mode>
      <Description>Penrith - Appleby-in-Westmorland</Description>
      <StandardService>
        <Origin>Penrith</Origin>
        <Destination>Appleby-in-Westmorland</Destination>
        <JourneyPattern id="JP713">
          <Direction>inbound</Direction>
          <JourneyPatternSectionRefs>JPSection-5</JourneyPatternSectionRefs>
          <JourneyPatternSectionRefs>JPSection-3</JourneyPatternSectionRefs>
        </JourneyPattern>
        <JourneyPattern id="JP877">
          <Direction>inbound</Direction>
          <JourneyPatternSectionRefs>JPSection-6</JourneyPatternSectionRefs>
          <JourneyPatternSectionRefs>JPSection-4</JourneyPatternSectionRefs>
        </JourneyPattern>
        <JourneyPattern id="JP2036">
          <Direction>inbound</Direction>
          <JourneyPatternSectionRefs>JPSection-7</JourneyPatternSectionRefs>
        </JourneyPattern>
        <JourneyPattern id="JP2314">
          <Direction>outbound</Direction>
          <JourneyPatternSectionRefs>JPSection-1</JourneyPatternSectionRefs>
          <JourneyPatternSectionRefs>JPSection-8</JourneyPatternSectionRefs>
        </JourneyPattern>
        <JourneyPattern id="JP5495">
          <Direction>outbound</Direction>
          <JourneyPatternSectionRefs>JPSection-2</JourneyPatternSectionRefs>
        </JourneyPattern>
        <JourneyPattern id="JP6397">
          <Direction>outbound</Direction>
          <JourneyPatternSectionRefs>JPSection-9</JourneyPatternSectionRefs>
        </JourneyPattern>
      </StandardService>
    </Service>
  </Services>
  <VehicleJourneys>
    <VehicleJourney>
      <PrivateCode>317865</PrivateCode>
      <Operational>
        <VehicleType>
          <VehicleTypeCode>Bus</VehicleTypeCode>
          <Description>Bus</Description>
        </VehicleType>
      </Operational>
      <OperatingProfile>
        <RegularDayType>
          <DaysOfWeek>
            <MondayToFriday />
          </DaysOfWeek>
        </RegularDayType>
        <BankHolidayOperation>
          <DaysOfNonOperation>
            <AllBankHolidays />
          </DaysOfNonOperation>
        </BankHolidayOperation>
      </OperatingProfile>
      <VehicleJourneyCode>317865</VehicleJourneyCode>
      <ServiceRef>NW_03_SCC_563_1</ServiceRef>
      <LineRef>l_563_SCC</LineRef>
      <JourneyPatternRef>JP713</JourneyPatternRef>
      <DepartureTime>14:18:00</DepartureTime>
    </VehicleJourney>
    <VehicleJourney>
      <PrivateCode>317864</PrivateCode>
      <Operational>
        <VehicleType>
          <VehicleTypeCode>Bus</VehicleTypeCode>
          <Description>Bus</Description>
        </VehicleType>
      </Operational>
      <OperatingProfile>
        <RegularDayType>
          <DaysOfWeek>
            <MondayToFriday />
          </DaysOfWeek>
        </RegularDayType>
        <BankHolidayOperation>
          <DaysOfNonOperation>
            <AllBankHolidays />
          </DaysOfNonOperation>
        </BankHolidayOperation>
      </OperatingProfile>
      <VehicleJourneyCode>317864</VehicleJourneyCode>
      <ServiceRef>NW_03_SCC_563_1</ServiceRef>
      <LineRef>l_563_SCC</LineRef>
      <JourneyPatternRef>JP877</JourneyPatternRef>
      <DepartureTime>11:25:00</DepartureTime>
    </VehicleJourney>
    <VehicleJourney>
      <PrivateCode>317863</PrivateCode>
      <Operational>
        <VehicleType>
          <VehicleTypeCode>Bus</VehicleTypeCode>
          <Description>Bus</Description>
        </VehicleType>
      </Operational>
      <OperatingProfile>
        <RegularDayType>
          <DaysOfWeek>
            <MondayToFriday />
          </DaysOfWeek>
        </RegularDayType>
        <BankHolidayOperation>
          <DaysOfNonOperation>
            <AllBankHolidays />
          </DaysOfNonOperation>
        </BankHolidayOperation>
      </OperatingProfile>
      <VehicleJourneyCode>317863</VehicleJourneyCode>
      <ServiceRef>NW_03_SCC_563_1</ServiceRef>
      <LineRef>l_563_SCC</LineRef>
      <JourneyPatternRef>JP2036</JourneyPatternRef>
      <DepartureTime>09:50:00</DepartureTime>
    </VehicleJourney>
    <VehicleJourney>
      <PrivateCode>317867</PrivateCode>
      <Operational>
        <VehicleType>
          <VehicleTypeCode>Bus</VehicleTypeCode>
          <Description>Bus</Description>
        </VehicleType>
      </Operational>
      <OperatingProfile>
        <RegularDayType>
          <DaysOfWeek>
            <MondayToFriday />
          </DaysOfWeek>
        </RegularDayType>
        <BankHolidayOperation>
          <DaysOfNonOperation>
            <AllBankHolidays />
          </DaysOfNonOperation>
        </BankHolidayOperation>
      </OperatingProfile>
      <VehicleJourneyCode>317867</VehicleJourneyCode>
      <ServiceRef>NW_03_SCC_563_1</ServiceRef>
      <LineRef>l_563_SCC</LineRef>
      <JourneyPatternRef>JP2314</JourneyPatternRef>
      <DepartureTime>09:15:00</DepartureTime>
    </VehicleJourney>
    <VehicleJourney>
      <PrivateCode>317868</PrivateCode>
      <Operational>
        <VehicleType>
          <VehicleTypeCode>Bus</VehicleTypeCode>
          <Description>Bus</Description>
        </VehicleType>
      </Operational>
      <OperatingProfile>
        <RegularDayType>
          <DaysOfWeek>
            <MondayToFriday />
          </DaysOfWeek>
        </RegularDayType>
        <BankHolidayOperation>
          <DaysOfNonOperation>
            <AllBankHolidays />
          </DaysOfNonOperation>
        </BankHolidayOperation>
      </OperatingProfile>
      <VehicleJourneyCode>317868</VehicleJourneyCode>
      <ServiceRef>NW_03_SCC_563_1</ServiceRef>
      <LineRef>l_563_SCC</LineRef>
      <JourneyPatternRef>JP5495</JourneyPatternRef>
      <DepartureTime>10:50:00</DepartureTime>
    </VehicleJourney>
    <VehicleJourney>
      <PrivateCode>317869</PrivateCode>
      <Operational>
        <VehicleType>
          <VehicleTypeCode>Bus</VehicleTypeCode>
          <Description>Bus</Description>
        </VehicleType>
      </Operational>
      <OperatingProfile>
        <RegularDayType>
          <DaysOfWeek>
            <MondayToFriday />
          </DaysOfWeek>
        </RegularDayType>
        <BankHolidayOperation>
          <DaysOfNonOperation>
            <AllBankHolidays />
          </DaysOfNonOperation>
        </BankHolidayOperation>
      </OperatingProfile>
      <VehicleJourneyCode>317869</VehicleJourneyCode>
      <ServiceRef>NW_03_SCC_563_1</ServiceRef>
      <LineRef>l_563_SCC</LineRef>
      <JourneyPatternRef>JP6397</JourneyPatternRef>
      <DepartureTime>13:30:00</DepartureTime>
    </VehicleJourney>
  </VehicleJourneys>
</TransXChange>