<?xml version="1.0" encoding="utf-8"?>
<TransXChange xmlns:xsd="http://www.w3.org/2001/XMLSchema" xmlns:xsi="http://www.w3.org/2001/XMLSchema-instance" xsi:schemaLocation="http://www.transxchange.org.uk/ http://www.transxchange.org.uk/schema/2.1/TransXChange_general.xsd" CreationDateTime="2017-09-21T14:23:24.0045709+01:00" ModificationDateTime="2017-09-21T14:23:24.0045709+01:00" Modification="new" RevisionNumber="1" FileName="TXC.xml" SchemaVersion="2.1" RegistrationDocument="false" xmlns="http://www.transxchange.org.uk/">
  <StopPoints>
    <AnnotatedStopPointRef>
      <StopPointRef>0600MA0007</StopPointRef>
      <CommonName>Coare Street</CommonName>
      <LocalityName>Macclesfield</LocalityName>
      <LocalityQualifier>Macclesfield</LocalityQualifier>
    </AnnotatedStopPointRef>
    <AnnotatedStopPointRef>
      <StopPointRef>0600MA0009A</StopPointRef>
      <CommonName>Beechwood Mews</CommonName>
      <LocalityName>Macclesfield</LocalityName>
      <LocalityQualifier>Macclesfield</LocalityQualifier>
    </AnnotatedStopPointRef>
    <AnnotatedStopPointRef>
      <StopPointRef>0600MA0008</StopPointRef>
      <CommonName>Coare Street</CommonName>
      <LocalityName>Macclesfield</LocalityName>
      <LocalityQualifier>Macclesfield</LocalityQualifier>
    </AnnotatedStopPointRef>
    <AnnotatedStopPointRef>
      <StopPointRef>0600MA0009</StopPointRef>
      <CommonName>Beechwood Mews</CommonName>
      <LocalityName>Macclesfield</LocalityName>
      <LocalityQualifier>Macclesfield</LocalityQualifier>
    </AnnotatedStopPointRef>
    <AnnotatedStopPointRef>
      <StopPointRef>0600MA0323</StopPointRef>
      <CommonName>Railway Station</CommonName>
      <LocalityName>Adlington</LocalityName>
      <LocalityQualifier>Adlington</LocalityQualifier>
    </AnnotatedStopPointRef>
    <AnnotatedStopPointRef>
      <StopPointRef>0600MA0322</StopPointRef>
      <CommonName>Railway Station</CommonName>
      <LocalityName>Adlington</LocalityName>
      <LocalityQualifier>Adlington</LocalityQualifier>
    </AnnotatedStopPointRef>
    <AnnotatedStopPointRef>
      <StopPointRef>0600MA6140</StopPointRef>
      <CommonName>Carnoustie Drive</CommonName>
      <LocalityName>Tytherington</LocalityName>
      <LocalityQualifier>Macclesfield</LocalityQualifier>
    </AnnotatedStopPointRef>
    <AnnotatedStopPointRef>
      <StopPointRef>0600MA6144</StopPointRef>
      <CommonName>Freshfield Drive</CommonName>
      <LocalityName>Tytherington</LocalityName>
      <LocalityQualifier>Macclesfield</LocalityQualifier>
    </AnnotatedStopPointRef>
    <AnnotatedStopPointRef>
      <StopPointRef>0600MA6141</StopPointRef>
      <CommonName>Carnoustie Drive</CommonName>
      <LocalityName>Tytherington</LocalityName>
      <LocalityQualifier>Macclesfield</LocalityQualifier>
    </AnnotatedStopPointRef>
    <AnnotatedStopPointRef>
      <StopPointRef>0600MA6142</StopPointRef>
      <CommonName>Sandwich Drive</CommonName>
      <LocalityName>Tytherington</LocalityName>
      <LocalityQualifier>Macclesfield</LocalityQualifier>
    </AnnotatedStopPointRef>
    <AnnotatedStopPointRef>
      <StopPointRef>0600MA6143</StopPointRef>
      <CommonName>Sandwich Drive</CommonName>
      <LocalityName>Tytherington</LocalityName>
      <LocalityQualifier>Macclesfield</LocalityQualifier>
    </AnnotatedStopPointRef>
    <AnnotatedStopPointRef>
      <StopPointRef>0600MA0418</StopPointRef>
      <CommonName>Tytherington Club</CommonName>
      <LocalityName>Tytherington</LocalityName>
      <LocalityQualifier>Macclesfield</LocalityQualifier>
    </AnnotatedStopPointRef>
    <AnnotatedStopPointRef>
      <StopPointRef>0600MA0417</StopPointRef>
      <CommonName>Freshfield Drive</CommonName>
      <LocalityName>Tytherington</LocalityName>
      <LocalityQualifier>Macclesfield</LocalityQualifier>
    </AnnotatedStopPointRef>
    <AnnotatedStopPointRef>
      <StopPointRef>0600MA19012</StopPointRef>
      <CommonName>Well Lane</CommonName>
      <LocalityName>Butley Town</LocalityName>
      <LocalityQualifier>Prestbury</LocalityQualifier>
    </AnnotatedStopPointRef>
    <AnnotatedStopPointRef>
      <StopPointRef>0600MA0470</StopPointRef>
      <CommonName>Towers Road</CommonName>
      <LocalityName>Poynton</LocalityName>
      <LocalityQualifier>Poynton</LocalityQualifier>
    </AnnotatedStopPointRef>
    <AnnotatedStopPointRef>
      <StopPointRef>0600MA0471</StopPointRef>
      <CommonName>Anglesey Drive</CommonName>
      <LocalityName>Poynton</LocalityName>
      <LocalityQualifier>Poynton</LocalityQualifier>
    </AnnotatedStopPointRef>
    <AnnotatedStopPointRef>
      <StopPointRef>0600MA0472</StopPointRef>
      <CommonName>Anglesey Drive</CommonName>
      <LocalityName>Poynton</LocalityName>
      <LocalityQualifier>Poynton</LocalityQualifier>
    </AnnotatedStopPointRef>
    <AnnotatedStopPointRef>
      <StopPointRef>0600MA0473</StopPointRef>
      <CommonName>Vicarage Lane</CommonName>
      <LocalityName>Poynton</LocalityName>
      <LocalityQualifier>Poynton</LocalityQualifier>
    </AnnotatedStopPointRef>
    <AnnotatedStopPointRef>
      <StopPointRef>0600MA0474</StopPointRef>
      <CommonName>Vicarage Lane</CommonName>
      <LocalityName>Poynton</LocalityName>
      <LocalityQualifier>Poynton</LocalityQualifier>
    </AnnotatedStopPointRef>
    <AnnotatedStopPointRef>
      <StopPointRef>0600MA0480</StopPointRef>
      <CommonName>Johnson Cleaners Ltd</CommonName>
      <LocalityName>Poynton</LocalityName>
      <LocalityQualifier>Poynton</LocalityQualifier>
    </AnnotatedStopPointRef>
    <AnnotatedStopPointRef>
      <StopPointRef>0600MA0475</StopPointRef>
      <CommonName>Sports Ground</CommonName>
      <LocalityName>Poynton</LocalityName>
      <LocalityQualifier>Poynton</LocalityQualifier>
    </AnnotatedStopPointRef>
    <AnnotatedStopPointRef>
      <StopPointRef>0600MA0476</StopPointRef>
      <CommonName>Sports Ground</CommonName>
      <LocalityName>Poynton</LocalityName>
      <LocalityQualifier>Poynton</LocalityQualifier>
    </AnnotatedStopPointRef>
    <AnnotatedStopPointRef>
      <StopPointRef>0600MA0477</StopPointRef>
      <CommonName>St George's Church</CommonName>
      <LocalityName>Poynton</LocalityName>
      <LocalityQualifier>Poynton</LocalityQualifier>
    </AnnotatedStopPointRef>
    <AnnotatedStopPointRef>
      <StopPointRef>0600MA0479</StopPointRef>
      <CommonName>Johnson Cleaners Ltd</CommonName>
      <LocalityName>Poynton</LocalityName>
      <LocalityQualifier>Poynton</LocalityQualifier>
    </AnnotatedStopPointRef>
    <AnnotatedStopPointRef>
      <StopPointRef>0600MA19069</StopPointRef>
      <CommonName>Adlington Park</CommonName>
      <LocalityName>Hope Green</LocalityName>
      <LocalityQualifier>Hope Green</LocalityQualifier>
    </AnnotatedStopPointRef>
    <AnnotatedStopPointRef>
      <StopPointRef>0600MA19107</StopPointRef>
      <CommonName>Well Lane</CommonName>
      <LocalityName>Butley Town</LocalityName>
      <LocalityQualifier>Prestbury</LocalityQualifier>
    </AnnotatedStopPointRef>
    <AnnotatedStopPointRef>
      <StopPointRef>0600MA0481</StopPointRef>
      <CommonName>Vernon Arms PH</CommonName>
      <LocalityName>Midway</LocalityName>
      <LocalityQualifier>Poynton</LocalityQualifier>
    </AnnotatedStopPointRef>
    <AnnotatedStopPointRef>
      <StopPointRef>0600MA0482</StopPointRef>
      <CommonName>Vernon Arms PH</CommonName>
      <LocalityName>Midway</LocalityName>
      <LocalityQualifier>Poynton</LocalityQualifier>
    </AnnotatedStopPointRef>
    <AnnotatedStopPointRef>
      <StopPointRef>0600MA6107</StopPointRef>
      <CommonName>Railway Station</CommonName>
      <LocalityName>Macclesfield</LocalityName>
      <LocalityQualifier>Macclesfield</LocalityQualifier>
    </AnnotatedStopPointRef>
    <AnnotatedStopPointRef>
      <StopPointRef>0600MA6147</StopPointRef>
      <CommonName>Bus Station</CommonName>
      <LocalityName>Macclesfield</LocalityName>
      <LocalityQualifier>Macclesfield</LocalityQualifier>
    </AnnotatedStopPointRef>
    <AnnotatedStopPointRef>
      <StopPointRef>0600MA0010</StopPointRef>
      <CommonName>Badger Road</CommonName>
      <LocalityName>Tytherington</LocalityName>
      <LocalityQualifier>Macclesfield</LocalityQualifier>
    </AnnotatedStopPointRef>
    <AnnotatedStopPointRef>
      <StopPointRef>0600MA0011</StopPointRef>
      <CommonName>Badger Road</CommonName>
      <LocalityName>Tytherington</LocalityName>
      <LocalityQualifier>Macclesfield</LocalityQualifier>
    </AnnotatedStopPointRef>
    <AnnotatedStopPointRef>
      <StopPointRef>0600MA0097</StopPointRef>
      <CommonName>Park Green</CommonName>
      <LocalityName>Macclesfield</LocalityName>
      <LocalityQualifier>Macclesfield</LocalityQualifier>
    </AnnotatedStopPointRef>
    <AnnotatedStopPointRef>
      <StopPointRef>0600MA0478</StopPointRef>
      <CommonName>St George's Church</CommonName>
      <LocalityName>Poynton</LocalityName>
      <LocalityQualifier>Poynton</LocalityQualifier>
    </AnnotatedStopPointRef>
    <AnnotatedStopPointRef>
      <StopPointRef>1800SG01851</StopPointRef>
      <CommonName>Brentnall St</CommonName>
      <LocalityName>Stockport</LocalityName>
      <LocalityQualifier>Stockport</LocalityQualifier>
    </AnnotatedStopPointRef>
    <AnnotatedStopPointRef>
      <StopPointRef>1800SG09081</StopPointRef>
      <CommonName>Brewers Green</CommonName>
      <LocalityName>Stepping Hill</LocalityName>
      <LocalityQualifier>Stepping Hill</LocalityQualifier>
    </AnnotatedStopPointRef>
    <AnnotatedStopPointRef>
      <StopPointRef>1800SG09441</StopPointRef>
      <CommonName>Chester Rd</CommonName>
      <LocalityName>Hazel Grove</LocalityName>
      <LocalityQualifier>Hazel Grove</LocalityQualifier>
    </AnnotatedStopPointRef>
    <AnnotatedStopPointRef>
      <StopPointRef>1800SG08641</StopPointRef>
      <CommonName>Bramhall Ln</CommonName>
      <LocalityName>Heaviley</LocalityName>
      <LocalityQualifier>Heaviley</LocalityQualifier>
    </AnnotatedStopPointRef>
    <AnnotatedStopPointRef>
      <StopPointRef>1800SG13141</StopPointRef>
      <CommonName>Royal Mail Office</CommonName>
      <LocalityName>Stockport</LocalityName>
      <LocalityQualifier>Stockport</LocalityQualifier>
    </AnnotatedStopPointRef>
    <AnnotatedStopPointRef>
      <StopPointRef>1800SG14861</StopPointRef>
      <CommonName>Grand Central</CommonName>
      <LocalityName>Stockport</LocalityName>
      <LocalityQualifier>Stockport</LocalityQualifier>
    </AnnotatedStopPointRef>
    <AnnotatedStopPointRef>
      <StopPointRef>1800SG15511</StopPointRef>
      <CommonName>St Petersgate</CommonName>
      <LocalityName>Stockport</LocalityName>
      <LocalityQualifier>Stockport</LocalityQualifier>
    </AnnotatedStopPointRef>
    <AnnotatedStopPointRef>
      <StopPointRef>1800SG16271</StopPointRef>
      <CommonName>Grand Central</CommonName>
      <LocalityName>Stockport</LocalityName>
      <LocalityQualifier>Stockport</LocalityQualifier>
    </AnnotatedStopPointRef>
    <AnnotatedStopPointRef>
      <StopPointRef>1800SG39851</StopPointRef>
      <CommonName>Wellington Gr</CommonName>
      <LocalityName>Shaw Heath</LocalityName>
      <LocalityQualifier>Stockport</LocalityQualifier>
    </AnnotatedStopPointRef>
    <AnnotatedStopPointRef>
      <StopPointRef>1800SG39861</StopPointRef>
      <CommonName>Longshut Ln</CommonName>
      <LocalityName>Stockport</LocalityName>
      <LocalityQualifier>Stockport</LocalityQualifier>
    </AnnotatedStopPointRef>
    <AnnotatedStopPointRef>
      <StopPointRef>1800SG39871</StopPointRef>
      <CommonName>Stockport College</CommonName>
      <LocalityName>Stockport</LocalityName>
      <LocalityQualifier>Stockport</LocalityQualifier>
    </AnnotatedStopPointRef>
    <AnnotatedStopPointRef>
      <StopPointRef>1800SG41991</StopPointRef>
      <CommonName>Stockport College</CommonName>
      <LocalityName>Stockport</LocalityName>
      <LocalityQualifier>Stockport</LocalityQualifier>
    </AnnotatedStopPointRef>
    <AnnotatedStopPointRef>
      <StopPointRef>1800SG43011</StopPointRef>
      <CommonName>Rising Sun</CommonName>
      <LocalityName>Hazel Grove</LocalityName>
      <LocalityQualifier>Hazel Grove</LocalityQualifier>
    </AnnotatedStopPointRef>
    <AnnotatedStopPointRef>
      <StopPointRef>1800SG40111</StopPointRef>
      <CommonName>Torkington Rd</CommonName>
      <LocalityName>Hazel Grove</LocalityName>
      <LocalityQualifier>Hazel Grove</LocalityQualifier>
    </AnnotatedStopPointRef>
    <AnnotatedStopPointRef>
      <StopPointRef>1800SG40011</StopPointRef>
      <CommonName>Commercial Rd</CommonName>
      <LocalityName>Hazel Grove</LocalityName>
      <LocalityQualifier>Hazel Grove</LocalityQualifier>
    </AnnotatedStopPointRef>
    <AnnotatedStopPointRef>
      <StopPointRef>1800SG40181</StopPointRef>
      <CommonName>Queens Rd</CommonName>
      <LocalityName>Hazel Grove</LocalityName>
      <LocalityQualifier>Hazel Grove</LocalityQualifier>
    </AnnotatedStopPointRef>
    <AnnotatedStopPointRef>
      <StopPointRef>1800SG40101</StopPointRef>
      <CommonName>Norbury Church</CommonName>
      <LocalityName>Hazel Grove</LocalityName>
      <LocalityQualifier>Hazel Grove</LocalityQualifier>
    </AnnotatedStopPointRef>
    <AnnotatedStopPointRef>
      <StopPointRef>1800SG39961</StopPointRef>
      <CommonName>Corbar Rd</CommonName>
      <LocalityName>Heaviley</LocalityName>
      <LocalityQualifier>Heaviley</LocalityQualifier>
    </AnnotatedStopPointRef>
    <AnnotatedStopPointRef>
      <StopPointRef>1800SG40051</StopPointRef>
      <CommonName>Woodsmoor Ln</CommonName>
      <LocalityName>Heaviley</LocalityName>
      <LocalityQualifier>Heaviley</LocalityQualifier>
    </AnnotatedStopPointRef>
    <AnnotatedStopPointRef>
      <StopPointRef>1800SG39981</StopPointRef>
      <CommonName>Kennerley Rd</CommonName>
      <LocalityName>Heaviley</LocalityName>
      <LocalityQualifier>Heaviley</LocalityQualifier>
    </AnnotatedStopPointRef>
    <AnnotatedStopPointRef>
      <StopPointRef>1800SG39991</StopPointRef>
      <CommonName>Duke of York</CommonName>
      <LocalityName>Heaviley</LocalityName>
      <LocalityQualifier>Heaviley</LocalityQualifier>
    </AnnotatedStopPointRef>
    <AnnotatedStopPointRef>
      <StopPointRef>1800SG40001</StopPointRef>
      <CommonName>Nangreave Rd</CommonName>
      <LocalityName>Heaviley</LocalityName>
      <LocalityQualifier>Heaviley</LocalityQualifier>
    </AnnotatedStopPointRef>
    <AnnotatedStopPointRef>
      <StopPointRef>1800SG40021</StopPointRef>
      <CommonName>The Crown</CommonName>
      <LocalityName>Stepping Hill</LocalityName>
      <LocalityQualifier>Stepping Hill</LocalityQualifier>
    </AnnotatedStopPointRef>
    <AnnotatedStopPointRef>
      <StopPointRef>1800SG40031</StopPointRef>
      <CommonName>Cherry Tree Ln</CommonName>
      <LocalityName>Great Moor</LocalityName>
      <LocalityQualifier>Great Moor</LocalityQualifier>
    </AnnotatedStopPointRef>
    <AnnotatedStopPointRef>
      <StopPointRef>1800SG40041</StopPointRef>
      <CommonName>Sainsbury's</CommonName>
      <LocalityName>Stepping Hill</LocalityName>
      <LocalityQualifier>Stepping Hill</LocalityQualifier>
    </AnnotatedStopPointRef>
    <AnnotatedStopPointRef>
      <StopPointRef>1800SG40091</StopPointRef>
      <CommonName>Torkington Rd</CommonName>
      <LocalityName>Hazel Grove</LocalityName>
      <LocalityQualifier>Hazel Grove</LocalityQualifier>
    </AnnotatedStopPointRef>
    <AnnotatedStopPointRef>
      <StopPointRef>1800SG40541</StopPointRef>
      <CommonName>Nangreave Rd</CommonName>
      <LocalityName>Heaviley</LocalityName>
      <LocalityQualifier>Heaviley</LocalityQualifier>
    </AnnotatedStopPointRef>
    <AnnotatedStopPointRef>
      <StopPointRef>1800SG40551</StopPointRef>
      <CommonName>Kennerley Rd</CommonName>
      <LocalityName>Heaviley</LocalityName>
      <LocalityQualifier>Heaviley</LocalityQualifier>
    </AnnotatedStopPointRef>
    <AnnotatedStopPointRef>
      <StopPointRef>1800SG40591</StopPointRef>
      <CommonName>Cherry Tree Ln</CommonName>
      <LocalityName>Great Moor</LocalityName>
      <LocalityQualifier>Great Moor</LocalityQualifier>
    </AnnotatedStopPointRef>
    <AnnotatedStopPointRef>
      <StopPointRef>1800SG40601</StopPointRef>
      <CommonName>The Crown</CommonName>
      <LocalityName>Stepping Hill</LocalityName>
      <LocalityQualifier>Stepping Hill</LocalityQualifier>
    </AnnotatedStopPointRef>
    <AnnotatedStopPointRef>
      <StopPointRef>1800SG40631</StopPointRef>
      <CommonName>Commercial Rd</CommonName>
      <LocalityName>Hazel Grove</LocalityName>
      <LocalityQualifier>Hazel Grove</LocalityQualifier>
    </AnnotatedStopPointRef>
    <AnnotatedStopPointRef>
      <StopPointRef>1800SG40641</StopPointRef>
      <CommonName>Queens Rd</CommonName>
      <LocalityName>Hazel Grove</LocalityName>
      <LocalityQualifier>Hazel Grove</LocalityQualifier>
    </AnnotatedStopPointRef>
    <AnnotatedStopPointRef>
      <StopPointRef>1800SG43731</StopPointRef>
      <CommonName>Fiveways</CommonName>
      <LocalityName>Hazel Grove</LocalityName>
      <LocalityQualifier>Hazel Grove</LocalityQualifier>
    </AnnotatedStopPointRef>
    <AnnotatedStopPointRef>
      <StopPointRef>1800SG40611</StopPointRef>
      <CommonName>Sainsbury's</CommonName>
      <LocalityName>Stepping Hill</LocalityName>
      <LocalityQualifier>Stepping Hill</LocalityQualifier>
    </AnnotatedStopPointRef>
    <AnnotatedStopPointRef>
      <StopPointRef>1800SG40621</StopPointRef>
      <CommonName>Brewers Green</CommonName>
      <LocalityName>Stepping Hill</LocalityName>
      <LocalityQualifier>Stepping Hill</LocalityQualifier>
    </AnnotatedStopPointRef>
    <AnnotatedStopPointRef>
      <StopPointRef>1800SG40561</StopPointRef>
      <CommonName>Corbar Rd</CommonName>
      <LocalityName>Heaviley</LocalityName>
      <LocalityQualifier>Heaviley</LocalityQualifier>
    </AnnotatedStopPointRef>
    <AnnotatedStopPointRef>
      <StopPointRef>1800SG40571</StopPointRef>
      <CommonName>Woodsmoor Ln</CommonName>
      <LocalityName>Heaviley</LocalityName>
      <LocalityQualifier>Heaviley</LocalityQualifier>
    </AnnotatedStopPointRef>
    <AnnotatedStopPointRef>
      <StopPointRef>1800SG40521</StopPointRef>
      <CommonName>Longshut Ln</CommonName>
      <LocalityName>Shaw Heath</LocalityName>
      <LocalityQualifier>Stockport</LocalityQualifier>
    </AnnotatedStopPointRef>
    <AnnotatedStopPointRef>
      <StopPointRef>1800SG40531</StopPointRef>
      <CommonName>Wellington Rd South</CommonName>
      <LocalityName>Heaviley</LocalityName>
      <LocalityQualifier>Heaviley</LocalityQualifier>
    </AnnotatedStopPointRef>
    <AnnotatedStopPointRef>
      <StopPointRef>1800SG43741</StopPointRef>
      <CommonName>Chatsworth Rd</CommonName>
      <LocalityName>Hazel Grove</LocalityName>
      <LocalityQualifier>Hazel Grove</LocalityQualifier>
    </AnnotatedStopPointRef>
    <AnnotatedStopPointRef>
      <StopPointRef>1800SG43031</StopPointRef>
      <CommonName>Chatsworth Rd</CommonName>
      <LocalityName>Hazel Grove</LocalityName>
      <LocalityQualifier>Hazel Grove</LocalityQualifier>
    </AnnotatedStopPointRef>
    <AnnotatedStopPointRef>
      <StopPointRef>1800SG43041</StopPointRef>
      <CommonName>Fiveways</CommonName>
      <LocalityName>Hazel Grove</LocalityName>
      <LocalityQualifier>Hazel Grove</LocalityQualifier>
    </AnnotatedStopPointRef>
    <AnnotatedStopPointRef>
      <StopPointRef>1800STBS0J1</StopPointRef>
      <CommonName>Stockport Bus Station</CommonName>
      <LocalityName>Stockport</LocalityName>
      <LocalityQualifier>Stockport</LocalityQualifier>
    </AnnotatedStopPointRef>
  </StopPoints>
  <JourneyPatternSections>
    <JourneyPatternSection id="JPSection-1">
      <JourneyPatternTimingLink id="JPSection-1-SEC1-POS15">
        <From>
          <Activity>pickUpAndSetDown</Activity>
          <StopPointRef>0600MA0477</StopPointRef>
          <TimingStatus>PTP</TimingStatus>
        </From>
        <To>
          <Activity>pickUpAndSetDown</Activity>
          <StopPointRef>0600MA0476</StopPointRef>
          <TimingStatus>OTH</TimingStatus>
        </To>
        <RunTime>PT0M</RunTime>
      </JourneyPatternTimingLink>
      <JourneyPatternTimingLink id="JPSection-1-SEC1-POS16">
        <From>
          <Activity>pickUpAndSetDown</Activity>
          <StopPointRef>0600MA0476</StopPointRef>
          <TimingStatus>OTH</TimingStatus>
        </From>
        <To>
          <Activity>pickUpAndSetDown</Activity>
          <StopPointRef>0600MA0474</StopPointRef>
          <TimingStatus>OTH</TimingStatus>
        </To>
        <RunTime>PT0M</RunTime>
      </JourneyPatternTimingLink>
      <JourneyPatternTimingLink id="JPSection-1-SEC1-POS17">
        <From>
          <Activity>pickUpAndSetDown</Activity>
          <StopPointRef>0600MA0474</StopPointRef>
          <TimingStatus>OTH</TimingStatus>
        </From>
        <To>
          <Activity>pickUpAndSetDown</Activity>
          <StopPointRef>0600MA0472</StopPointRef>
          <TimingStatus>OTH</TimingStatus>
        </To>
        <RunTime>PT1M</RunTime>
      </JourneyPatternTimingLink>
      <JourneyPatternTimingLink id="JPSection-1-SEC1-POS18">
        <From>
          <Activity>pickUpAndSetDown</Activity>
          <StopPointRef>0600MA0472</StopPointRef>
          <TimingStatus>OTH</TimingStatus>
        </From>
        <To>
          <Activity>pickUpAndSetDown</Activity>
          <StopPointRef>0600MA0470</StopPointRef>
          <TimingStatus>OTH</TimingStatus>
        </To>
        <RunTime>PT1M</RunTime>
      </JourneyPatternTimingLink>
      <JourneyPatternTimingLink id="JPSection-1-SEC1-POS19">
        <From>
          <Activity>pickUpAndSetDown</Activity>
          <StopPointRef>0600MA0470</StopPointRef>
          <TimingStatus>OTH</TimingStatus>
        </From>
        <To>
          <Activity>pickUpAndSetDown</Activity>
          <StopPointRef>1800SG43731</StopPointRef>
          <TimingStatus>OTH</TimingStatus>
        </To>
        <RunTime>PT1M</RunTime>
      </JourneyPatternTimingLink>
      <JourneyPatternTimingLink id="JPSection-1-SEC1-POS20">
        <From>
          <Activity>pickUpAndSetDown</Activity>
          <StopPointRef>1800SG43731</StopPointRef>
          <TimingStatus>OTH</TimingStatus>
        </From>
        <To>
          <Activity>pickUpAndSetDown</Activity>
          <StopPointRef>1800SG43741</StopPointRef>
          <TimingStatus>OTH</TimingStatus>
        </To>
        <RunTime>PT0M</RunTime>
      </JourneyPatternTimingLink>
      <JourneyPatternTimingLink id="JPSection-1-SEC1-POS21">
        <From>
          <Activity>pickUpAndSetDown</Activity>
          <StopPointRef>1800SG43741</StopPointRef>
          <TimingStatus>OTH</TimingStatus>
        </From>
        <To>
          <Activity>pickUpAndSetDown</Activity>
          <StopPointRef>1800SG43011</StopPointRef>
          <TimingStatus>PTP</TimingStatus>
        </To>
        <RunTime>PT1M</RunTime>
      </JourneyPatternTimingLink>
      <JourneyPatternTimingLink id="JPSection-1-SEC1-POS22">
        <From>
          <Activity>pickUpAndSetDown</Activity>
          <StopPointRef>1800SG43011</StopPointRef>
          <TimingStatus>PTP</TimingStatus>
        </From>
        <To>
          <Activity>pickUpAndSetDown</Activity>
          <StopPointRef>1800SG40101</StopPointRef>
          <TimingStatus>OTH</TimingStatus>
        </To>
        <RunTime>PT0M</RunTime>
      </JourneyPatternTimingLink>
      <JourneyPatternTimingLink id="JPSection-1-SEC1-POS23">
        <From>
          <Activity>pickUpAndSetDown</Activity>
          <StopPointRef>1800SG40101</StopPointRef>
          <TimingStatus>OTH</TimingStatus>
        </From>
        <To>
          <Activity>pickUpAndSetDown</Activity>
          <StopPointRef>1800SG40111</StopPointRef>
          <TimingStatus>OTH</TimingStatus>
        </To>
        <RunTime>PT1M</RunTime>
      </JourneyPatternTimingLink>
      <JourneyPatternTimingLink id="JPSection-1-SEC1-POS24">
        <From>
          <Activity>pickUpAndSetDown</Activity>
          <StopPointRef>1800SG40111</StopPointRef>
          <TimingStatus>OTH</TimingStatus>
        </From>
        <To>
          <Activity>pickUpAndSetDown</Activity>
          <StopPointRef>1800SG40181</StopPointRef>
          <TimingStatus>OTH</TimingStatus>
        </To>
        <RunTime>PT1M</RunTime>
      </JourneyPatternTimingLink>
      <JourneyPatternTimingLink id="JPSection-1-SEC1-POS25">
        <From>
          <Activity>pickUpAndSetDown</Activity>
          <StopPointRef>1800SG40181</StopPointRef>
          <TimingStatus>OTH</TimingStatus>
        </From>
        <To>
          <Activity>pickUpAndSetDown</Activity>
          <StopPointRef>1800SG40011</StopPointRef>
          <TimingStatus>OTH</TimingStatus>
        </To>
        <RunTime>PT1M</RunTime>
      </JourneyPatternTimingLink>
      <JourneyPatternTimingLink id="JPSection-1-SEC1-POS26">
        <From>
          <Activity>pickUpAndSetDown</Activity>
          <StopPointRef>1800SG40011</StopPointRef>
          <TimingStatus>OTH</TimingStatus>
        </From>
        <To>
          <Activity>pickUpAndSetDown</Activity>
          <StopPointRef>1800SG09081</StopPointRef>
          <TimingStatus>OTH</TimingStatus>
        </To>
        <RunTime>PT0M</RunTime>
      </JourneyPatternTimingLink>
      <JourneyPatternTimingLink id="JPSection-1-SEC1-POS27">
        <From>
          <Activity>pickUpAndSetDown</Activity>
          <StopPointRef>1800SG09081</StopPointRef>
          <TimingStatus>OTH</TimingStatus>
        </From>
        <To>
          <Activity>pickUpAndSetDown</Activity>
          <StopPointRef>1800SG40041</StopPointRef>
          <TimingStatus>OTH</TimingStatus>
        </To>
        <RunTime>PT1M</RunTime>
      </JourneyPatternTimingLink>
      <JourneyPatternTimingLink id="JPSection-1-SEC1-POS28">
        <From>
          <Activity>pickUpAndSetDown</Activity>
          <StopPointRef>1800SG40041</StopPointRef>
          <TimingStatus>OTH</TimingStatus>
        </From>
        <To>
          <Activity>pickUpAndSetDown</Activity>
          <StopPointRef>1800SG40021</StopPointRef>
          <TimingStatus>PTP</TimingStatus>
        </To>
        <RunTime>PT1M</RunTime>
      </JourneyPatternTimingLink>
      <JourneyPatternTimingLink id="JPSection-1-SEC1-POS29">
        <From>
          <Activity>pickUpAndSetDown</Activity>
          <StopPointRef>1800SG40021</StopPointRef>
          <TimingStatus>PTP</TimingStatus>
        </From>
        <To>
          <Activity>pickUpAndSetDown</Activity>
          <StopPointRef>1800SG40031</StopPointRef>
          <TimingStatus>OTH</TimingStatus>
        </To>
        <RunTime>PT1M</RunTime>
      </JourneyPatternTimingLink>
      <JourneyPatternTimingLink id="JPSection-1-SEC1-POS30">
        <From>
          <Activity>pickUpAndSetDown</Activity>
          <StopPointRef>1800SG40031</StopPointRef>
          <TimingStatus>OTH</TimingStatus>
        </From>
        <To>
          <Activity>pickUpAndSetDown</Activity>
          <StopPointRef>1800SG40051</StopPointRef>
          <TimingStatus>OTH</TimingStatus>
        </To>
        <RunTime>PT2M</RunTime>
      </JourneyPatternTimingLink>
      <JourneyPatternTimingLink id="JPSection-1-SEC1-POS31">
        <From>
          <Activity>pickUpAndSetDown</Activity>
          <StopPointRef>1800SG40051</StopPointRef>
          <TimingStatus>OTH</TimingStatus>
        </From>
        <To>
          <Activity>pickUpAndSetDown</Activity>
          <StopPointRef>1800SG39961</StopPointRef>
          <TimingStatus>OTH</TimingStatus>
        </To>
        <RunTime>PT1M</RunTime>
      </JourneyPatternTimingLink>
      <JourneyPatternTimingLink id="JPSection-1-SEC1-POS32">
        <From>
          <Activity>pickUpAndSetDown</Activity>
          <StopPointRef>1800SG39961</StopPointRef>
          <TimingStatus>OTH</TimingStatus>
        </From>
        <To>
          <Activity>pickUpAndSetDown</Activity>
          <StopPointRef>1800SG39981</StopPointRef>
          <TimingStatus>OTH</TimingStatus>
        </To>
        <RunTime>PT1M</RunTime>
      </JourneyPatternTimingLink>
      <JourneyPatternTimingLink id="JPSection-1-SEC1-POS33">
        <From>
          <Activity>pickUpAndSetDown</Activity>
          <StopPointRef>1800SG39981</StopPointRef>
          <TimingStatus>OTH</TimingStatus>
        </From>
        <To>
          <Activity>pickUpAndSetDown</Activity>
          <StopPointRef>1800SG39991</StopPointRef>
          <TimingStatus>OTH</TimingStatus>
        </To>
        <RunTime>PT1M</RunTime>
      </JourneyPatternTimingLink>
      <JourneyPatternTimingLink id="JPSection-1-SEC1-POS34">
        <From>
          <Activity>pickUpAndSetDown</Activity>
          <StopPointRef>1800SG39991</StopPointRef>
          <TimingStatus>OTH</TimingStatus>
        </From>
        <To>
          <Activity>pickUpAndSetDown</Activity>
          <StopPointRef>1800SG40001</StopPointRef>
          <TimingStatus>OTH</TimingStatus>
        </To>
        <RunTime>PT1M</RunTime>
      </JourneyPatternTimingLink>
      <JourneyPatternTimingLink id="JPSection-1-SEC1-POS35">
        <From>
          <Activity>pickUpAndSetDown</Activity>
          <StopPointRef>1800SG40001</StopPointRef>
          <TimingStatus>OTH</TimingStatus>
        </From>
        <To>
          <Activity>pickUpAndSetDown</Activity>
          <StopPointRef>1800SG08641</StopPointRef>
          <TimingStatus>OTH</TimingStatus>
        </To>
        <RunTime>PT1M</RunTime>
      </JourneyPatternTimingLink>
      <JourneyPatternTimingLink id="JPSection-1-SEC1-POS36">
        <From>
          <Activity>pickUpAndSetDown</Activity>
          <StopPointRef>1800SG08641</StopPointRef>
          <TimingStatus>OTH</TimingStatus>
        </From>
        <To>
          <Activity>pickUpAndSetDown</Activity>
          <StopPointRef>1800SG39851</StopPointRef>
          <TimingStatus>OTH</TimingStatus>
        </To>
        <RunTime>PT1M</RunTime>
      </JourneyPatternTimingLink>
      <JourneyPatternTimingLink id="JPSection-1-SEC1-POS37">
        <From>
          <Activity>pickUpAndSetDown</Activity>
          <StopPointRef>1800SG39851</StopPointRef>
          <TimingStatus>OTH</TimingStatus>
        </From>
        <To>
          <Activity>pickUpAndSetDown</Activity>
          <StopPointRef>1800SG39861</StopPointRef>
          <TimingStatus>OTH</TimingStatus>
        </To>
        <RunTime>PT1M</RunTime>
      </JourneyPatternTimingLink>
      <JourneyPatternTimingLink id="JPSection-1-SEC1-POS38">
        <From>
          <Activity>pickUpAndSetDown</Activity>
          <StopPointRef>1800SG39861</StopPointRef>
          <TimingStatus>OTH</TimingStatus>
        </From>
        <To>
          <Activity>pickUpAndSetDown</Activity>
          <StopPointRef>1800SG39871</StopPointRef>
          <TimingStatus>OTH</TimingStatus>
        </To>
        <RunTime>PT1M</RunTime>
      </JourneyPatternTimingLink>
      <JourneyPatternTimingLink id="JPSection-1-SEC1-POS39">
        <From>
          <Activity>pickUpAndSetDown</Activity>
          <StopPointRef>1800SG39871</StopPointRef>
          <TimingStatus>OTH</TimingStatus>
        </From>
        <To>
          <Activity>pickUpAndSetDown</Activity>
          <StopPointRef>1800SG16271</StopPointRef>
          <TimingStatus>OTH</TimingStatus>
        </To>
        <RunTime>PT2M</RunTime>
      </JourneyPatternTimingLink>
      <JourneyPatternTimingLink id="JPSection-1-SEC1-POS40">
        <From>
          <Activity>pickUpAndSetDown</Activity>
          <StopPointRef>1800SG16271</StopPointRef>
          <TimingStatus>OTH</TimingStatus>
        </From>
        <To>
          <Activity>pickUpAndSetDown</Activity>
          <StopPointRef>1800SG13141</StopPointRef>
          <TimingStatus>OTH</TimingStatus>
        </To>
        <RunTime>PT1M</RunTime>
      </JourneyPatternTimingLink>
      <JourneyPatternTimingLink id="JPSection-1-SEC1-POS41">
        <From>
          <Activity>pickUpAndSetDown</Activity>
          <StopPointRef>1800SG13141</StopPointRef>
          <TimingStatus>OTH</TimingStatus>
        </From>
        <To>
          <Activity>setDown</Activity>
          <StopPointRef>1800STBS0J1</StopPointRef>
          <TimingStatus>PTP</TimingStatus>
        </To>
        <RunTime>PT1M</RunTime>
      </JourneyPatternTimingLink>
    </JourneyPatternSection>
    <JourneyPatternSection id="JPSection-2">
      <JourneyPatternTimingLink id="JPSection-2-SEC1-POS15">
        <From>
          <Activity>pickUpAndSetDown</Activity>
          <StopPointRef>0600MA0477</StopPointRef>
          <TimingStatus>PTP</TimingStatus>
        </From>
        <To>
          <Activity>pickUpAndSetDown</Activity>
          <StopPointRef>0600MA0476</StopPointRef>
          <TimingStatus>OTH</TimingStatus>
        </To>
        <RunTime>PT0M</RunTime>
      </JourneyPatternTimingLink>
      <JourneyPatternTimingLink id="JPSection-2-SEC1-POS16">
        <From>
          <Activity>pickUpAndSetDown</Activity>
          <StopPointRef>0600MA0476</StopPointRef>
          <TimingStatus>OTH</TimingStatus>
        </From>
        <To>
          <Activity>pickUpAndSetDown</Activity>
          <StopPointRef>0600MA0474</StopPointRef>
          <TimingStatus>OTH</TimingStatus>
        </To>
        <RunTime>PT0M</RunTime>
      </JourneyPatternTimingLink>
      <JourneyPatternTimingLink id="JPSection-2-SEC1-POS17">
        <From>
          <Activity>pickUpAndSetDown</Activity>
          <StopPointRef>0600MA0474</StopPointRef>
          <TimingStatus>OTH</TimingStatus>
        </From>
        <To>
          <Activity>pickUpAndSetDown</Activity>
          <StopPointRef>0600MA0472</StopPointRef>
          <TimingStatus>OTH</TimingStatus>
        </To>
        <RunTime>PT1M</RunTime>
      </JourneyPatternTimingLink>
      <JourneyPatternTimingLink id="JPSection-2-SEC1-POS18">
        <From>
          <Activity>pickUpAndSetDown</Activity>
          <StopPointRef>0600MA0472</StopPointRef>
          <TimingStatus>OTH</TimingStatus>
        </From>
        <To>
          <Activity>pickUpAndSetDown</Activity>
          <StopPointRef>0600MA0470</StopPointRef>
          <TimingStatus>OTH</TimingStatus>
        </To>
        <RunTime>PT1M</RunTime>
      </JourneyPatternTimingLink>
      <JourneyPatternTimingLink id="JPSection-2-SEC1-POS19">
        <From>
          <Activity>pickUpAndSetDown</Activity>
          <StopPointRef>0600MA0470</StopPointRef>
          <TimingStatus>OTH</TimingStatus>
        </From>
        <To>
          <Activity>pickUpAndSetDown</Activity>
          <StopPointRef>1800SG43731</StopPointRef>
          <TimingStatus>OTH</TimingStatus>
        </To>
        <RunTime>PT1M</RunTime>
      </JourneyPatternTimingLink>
      <JourneyPatternTimingLink id="JPSection-2-SEC1-POS20">
        <From>
          <Activity>pickUpAndSetDown</Activity>
          <StopPointRef>1800SG43731</StopPointRef>
          <TimingStatus>OTH</TimingStatus>
        </From>
        <To>
          <Activity>pickUpAndSetDown</Activity>
          <StopPointRef>1800SG43741</StopPointRef>
          <TimingStatus>OTH</TimingStatus>
        </To>
        <RunTime>PT0M</RunTime>
      </JourneyPatternTimingLink>
      <JourneyPatternTimingLink id="JPSection-2-SEC1-POS21">
        <From>
          <Activity>pickUpAndSetDown</Activity>
          <StopPointRef>1800SG43741</StopPointRef>
          <TimingStatus>OTH</TimingStatus>
        </From>
        <To>
          <Activity>pickUpAndSetDown</Activity>
          <StopPointRef>1800SG43011</StopPointRef>
          <TimingStatus>PTP</TimingStatus>
        </To>
        <RunTime>PT1M</RunTime>
      </JourneyPatternTimingLink>
      <JourneyPatternTimingLink id="JPSection-2-SEC1-POS22">
        <From>
          <Activity>pickUpAndSetDown</Activity>
          <StopPointRef>1800SG43011</StopPointRef>
          <TimingStatus>PTP</TimingStatus>
        </From>
        <To>
          <Activity>pickUpAndSetDown</Activity>
          <StopPointRef>1800SG40101</StopPointRef>
          <TimingStatus>OTH</TimingStatus>
        </To>
        <RunTime>PT0M</RunTime>
      </JourneyPatternTimingLink>
      <JourneyPatternTimingLink id="JPSection-2-SEC1-POS23">
        <From>
          <Activity>pickUpAndSetDown</Activity>
          <StopPointRef>1800SG40101</StopPointRef>
          <TimingStatus>OTH</TimingStatus>
        </From>
        <To>
          <Activity>pickUpAndSetDown</Activity>
          <StopPointRef>1800SG40111</StopPointRef>
          <TimingStatus>OTH</TimingStatus>
        </To>
        <RunTime>PT1M</RunTime>
      </JourneyPatternTimingLink>
      <JourneyPatternTimingLink id="JPSection-2-SEC1-POS24">
        <From>
          <Activity>pickUpAndSetDown</Activity>
          <StopPointRef>1800SG40111</StopPointRef>
          <TimingStatus>OTH</TimingStatus>
        </From>
        <To>
          <Activity>pickUpAndSetDown</Activity>
          <StopPointRef>1800SG40181</StopPointRef>
          <TimingStatus>OTH</TimingStatus>
        </To>
        <RunTime>PT1M</RunTime>
      </JourneyPatternTimingLink>
      <JourneyPatternTimingLink id="JPSection-2-SEC1-POS25">
        <From>
          <Activity>pickUpAndSetDown</Activity>
          <StopPointRef>1800SG40181</StopPointRef>
          <TimingStatus>OTH</TimingStatus>
        </From>
        <To>
          <Activity>pickUpAndSetDown</Activity>
          <StopPointRef>1800SG40011</StopPointRef>
          <TimingStatus>OTH</TimingStatus>
        </To>
        <RunTime>PT1M</RunTime>
      </JourneyPatternTimingLink>
      <JourneyPatternTimingLink id="JPSection-2-SEC1-POS26">
        <From>
          <Activity>pickUpAndSetDown</Activity>
          <StopPointRef>1800SG40011</StopPointRef>
          <TimingStatus>OTH</TimingStatus>
        </From>
        <To>
          <Activity>pickUpAndSetDown</Activity>
          <StopPointRef>1800SG09081</StopPointRef>
          <TimingStatus>OTH</TimingStatus>
        </To>
        <RunTime>PT0M</RunTime>
      </JourneyPatternTimingLink>
      <JourneyPatternTimingLink id="JPSection-2-SEC1-POS27">
        <From>
          <Activity>pickUpAndSetDown</Activity>
          <StopPointRef>1800SG09081</StopPointRef>
          <TimingStatus>OTH</TimingStatus>
        </From>
        <To>
          <Activity>pickUpAndSetDown</Activity>
          <StopPointRef>1800SG40041</StopPointRef>
          <TimingStatus>OTH</TimingStatus>
        </To>
        <RunTime>PT1M</RunTime>
      </JourneyPatternTimingLink>
      <JourneyPatternTimingLink id="JPSection-2-SEC1-POS28">
        <From>
          <Activity>pickUpAndSetDown</Activity>
          <StopPointRef>1800SG40041</StopPointRef>
          <TimingStatus>OTH</TimingStatus>
        </From>
        <To>
          <Activity>pickUpAndSetDown</Activity>
          <StopPointRef>1800SG40021</StopPointRef>
          <TimingStatus>PTP</TimingStatus>
        </To>
        <RunTime>PT1M</RunTime>
      </JourneyPatternTimingLink>
      <JourneyPatternTimingLink id="JPSection-2-SEC1-POS29">
        <From>
          <Activity>pickUpAndSetDown</Activity>
          <StopPointRef>1800SG40021</StopPointRef>
          <TimingStatus>PTP</TimingStatus>
        </From>
        <To>
          <Activity>pickUpAndSetDown</Activity>
          <StopPointRef>1800SG40031</StopPointRef>
          <TimingStatus>OTH</TimingStatus>
        </To>
        <RunTime>PT1M</RunTime>
      </JourneyPatternTimingLink>
      <JourneyPatternTimingLink id="JPSection-2-SEC1-POS30">
        <From>
          <Activity>pickUpAndSetDown</Activity>
          <StopPointRef>1800SG40031</StopPointRef>
          <TimingStatus>OTH</TimingStatus>
        </From>
        <To>
          <Activity>pickUpAndSetDown</Activity>
          <StopPointRef>1800SG40051</StopPointRef>
          <TimingStatus>OTH</TimingStatus>
        </To>
        <RunTime>PT2M</RunTime>
      </JourneyPatternTimingLink>
      <JourneyPatternTimingLink id="JPSection-2-SEC1-POS31">
        <From>
          <Activity>pickUpAndSetDown</Activity>
          <StopPointRef>1800SG40051</StopPointRef>
          <TimingStatus>OTH</TimingStatus>
        </From>
        <To>
          <Activity>pickUpAndSetDown</Activity>
          <StopPointRef>1800SG39961</StopPointRef>
          <TimingStatus>OTH</TimingStatus>
        </To>
        <RunTime>PT1M</RunTime>
      </JourneyPatternTimingLink>
      <JourneyPatternTimingLink id="JPSection-2-SEC1-POS32">
        <From>
          <Activity>pickUpAndSetDown</Activity>
          <StopPointRef>1800SG39961</StopPointRef>
          <TimingStatus>OTH</TimingStatus>
        </From>
        <To>
          <Activity>pickUpAndSetDown</Activity>
          <StopPointRef>1800SG39981</StopPointRef>
          <TimingStatus>OTH</TimingStatus>
        </To>
        <RunTime>PT1M</RunTime>
      </JourneyPatternTimingLink>
      <JourneyPatternTimingLink id="JPSection-2-SEC1-POS33">
        <From>
          <Activity>pickUpAndSetDown</Activity>
          <StopPointRef>1800SG39981</StopPointRef>
          <TimingStatus>OTH</TimingStatus>
        </From>
        <To>
          <Activity>pickUpAndSetDown</Activity>
          <StopPointRef>1800SG39991</StopPointRef>
          <TimingStatus>OTH</TimingStatus>
        </To>
        <RunTime>PT1M</RunTime>
      </JourneyPatternTimingLink>
      <JourneyPatternTimingLink id="JPSection-2-SEC1-POS34">
        <From>
          <Activity>pickUpAndSetDown</Activity>
          <StopPointRef>1800SG39991</StopPointRef>
          <TimingStatus>OTH</TimingStatus>
        </From>
        <To>
          <Activity>pickUpAndSetDown</Activity>
          <StopPointRef>1800SG40001</StopPointRef>
          <TimingStatus>OTH</TimingStatus>
        </To>
        <RunTime>PT1M</RunTime>
      </JourneyPatternTimingLink>
      <JourneyPatternTimingLink id="JPSection-2-SEC1-POS35">
        <From>
          <Activity>pickUpAndSetDown</Activity>
          <StopPointRef>1800SG40001</StopPointRef>
          <TimingStatus>OTH</TimingStatus>
        </From>
        <To>
          <Activity>pickUpAndSetDown</Activity>
          <StopPointRef>1800SG08641</StopPointRef>
          <TimingStatus>OTH</TimingStatus>
        </To>
        <RunTime>PT1M</RunTime>
      </JourneyPatternTimingLink>
      <JourneyPatternTimingLink id="JPSection-2-SEC1-POS36">
        <From>
          <Activity>pickUpAndSetDown</Activity>
          <StopPointRef>1800SG08641</StopPointRef>
          <TimingStatus>OTH</TimingStatus>
        </From>
        <To>
          <Activity>pickUpAndSetDown</Activity>
          <StopPointRef>1800SG39851</StopPointRef>
          <TimingStatus>OTH</TimingStatus>
        </To>
        <RunTime>PT1M</RunTime>
      </JourneyPatternTimingLink>
      <JourneyPatternTimingLink id="JPSection-2-SEC1-POS37">
        <From>
          <Activity>pickUpAndSetDown</Activity>
          <StopPointRef>1800SG39851</StopPointRef>
          <TimingStatus>OTH</TimingStatus>
        </From>
        <To>
          <Activity>pickUpAndSetDown</Activity>
          <StopPointRef>1800SG39861</StopPointRef>
          <TimingStatus>OTH</TimingStatus>
        </To>
        <RunTime>PT1M</RunTime>
      </JourneyPatternTimingLink>
      <JourneyPatternTimingLink id="JPSection-2-SEC1-POS38">
        <From>
          <Activity>pickUpAndSetDown</Activity>
          <StopPointRef>1800SG39861</StopPointRef>
          <TimingStatus>OTH</TimingStatus>
        </From>
        <To>
          <Activity>pickUpAndSetDown</Activity>
          <StopPointRef>1800SG39871</StopPointRef>
          <TimingStatus>OTH</TimingStatus>
        </To>
        <RunTime>PT1M</RunTime>
      </JourneyPatternTimingLink>
      <JourneyPatternTimingLink id="JPSection-2-SEC1-POS39">
        <From>
          <Activity>pickUpAndSetDown</Activity>
          <StopPointRef>1800SG39871</StopPointRef>
          <TimingStatus>OTH</TimingStatus>
        </From>
        <To>
          <Activity>pickUpAndSetDown</Activity>
          <StopPointRef>1800SG16271</StopPointRef>
          <TimingStatus>OTH</TimingStatus>
        </To>
        <RunTime>PT2M</RunTime>
      </JourneyPatternTimingLink>
      <JourneyPatternTimingLink id="JPSection-2-SEC1-POS40">
        <From>
          <Activity>pickUpAndSetDown</Activity>
          <StopPointRef>1800SG16271</StopPointRef>
          <TimingStatus>OTH</TimingStatus>
        </From>
        <To>
          <Activity>pickUpAndSetDown</Activity>
          <StopPointRef>1800SG13141</StopPointRef>
          <TimingStatus>OTH</TimingStatus>
        </To>
        <RunTime>PT1M</RunTime>
      </JourneyPatternTimingLink>
      <JourneyPatternTimingLink id="JPSection-2-SEC1-POS41">
        <From>
          <Activity>pickUpAndSetDown</Activity>
          <StopPointRef>1800SG13141</StopPointRef>
          <TimingStatus>OTH</TimingStatus>
        </From>
        <To>
          <Activity>setDown</Activity>
          <StopPointRef>1800STBS0J1</StopPointRef>
          <TimingStatus>PTP</TimingStatus>
        </To>
        <RunTime>PT1M</RunTime>
      </JourneyPatternTimingLink>
    </JourneyPatternSection>
    <JourneyPatternSection id="JPSection-3">
      <JourneyPatternTimingLink id="JPSection-3-SEC1-POS5">
        <From>
          <Activity>pickUpAndSetDown</Activity>
          <StopPointRef>0600MA0011</StopPointRef>
          <TimingStatus>OTH</TimingStatus>
        </From>
        <To>
          <Activity>pickUpAndSetDown</Activity>
          <StopPointRef>0600MA0417</StopPointRef>
          <TimingStatus>PTP</TimingStatus>
        </To>
        <RunTime>PT2M</RunTime>
      </JourneyPatternTimingLink>
      <JourneyPatternTimingLink id="JPSection-3-SEC1-POS6">
        <From>
          <Activity>pickUpAndSetDown</Activity>
          <StopPointRef>0600MA0417</StopPointRef>
          <TimingStatus>PTP</TimingStatus>
        </From>
        <To>
          <Activity>pickUpAndSetDown</Activity>
          <StopPointRef>0600MA6142</StopPointRef>
          <TimingStatus>OTH</TimingStatus>
        </To>
        <RunTime>PT0M</RunTime>
      </JourneyPatternTimingLink>
    </JourneyPatternSection>
    <JourneyPatternSection id="JPSection-4">
      <JourneyPatternTimingLink id="JPSection-4-SEC1-POS5">
        <From>
          <Activity>pickUpAndSetDown</Activity>
          <StopPointRef>0600MA0011</StopPointRef>
          <TimingStatus>OTH</TimingStatus>
        </From>
        <To>
          <Activity>pickUpAndSetDown</Activity>
          <StopPointRef>0600MA0417</StopPointRef>
          <TimingStatus>PTP</TimingStatus>
        </To>
        <RunTime>PT2M</RunTime>
      </JourneyPatternTimingLink>
      <JourneyPatternTimingLink id="JPSection-4-SEC1-POS6">
        <From>
          <Activity>pickUpAndSetDown</Activity>
          <StopPointRef>0600MA0417</StopPointRef>
          <TimingStatus>PTP</TimingStatus>
        </From>
        <To>
          <Activity>pickUpAndSetDown</Activity>
          <StopPointRef>0600MA6142</StopPointRef>
          <TimingStatus>OTH</TimingStatus>
        </To>
        <RunTime>PT0M</RunTime>
      </JourneyPatternTimingLink>
    </JourneyPatternSection>
    <JourneyPatternSection id="JPSection-5">
      <JourneyPatternTimingLink id="JPSection-5-SEC1-POS13">
        <From>
          <Activity>pickUpAndSetDown</Activity>
          <StopPointRef>0600MA0481</StopPointRef>
          <TimingStatus>OTH</TimingStatus>
        </From>
        <To>
          <Activity>pickUpAndSetDown</Activity>
          <StopPointRef>0600MA0480</StopPointRef>
          <TimingStatus>OTH</TimingStatus>
        </To>
        <RunTime>PT1M</RunTime>
      </JourneyPatternTimingLink>
    </JourneyPatternSection>
    <JourneyPatternSection id="JPSection-6">
      <JourneyPatternTimingLink id="JPSection-6-SEC1-POS13">
        <From>
          <Activity>pickUpAndSetDown</Activity>
          <StopPointRef>0600MA0481</StopPointRef>
          <TimingStatus>OTH</TimingStatus>
        </From>
        <To>
          <Activity>pickUpAndSetDown</Activity>
          <StopPointRef>0600MA0480</StopPointRef>
          <TimingStatus>OTH</TimingStatus>
        </To>
        <RunTime>PT1M</RunTime>
      </JourneyPatternTimingLink>
    </JourneyPatternSection>
    <JourneyPatternSection id="JPSection-7">
      <JourneyPatternTimingLink id="JPSection-7-SEC1-POS8">
        <From>
          <Activity>pickUpAndSetDown</Activity>
          <StopPointRef>0600MA0418</StopPointRef>
          <TimingStatus>OTH</TimingStatus>
        </From>
        <To>
          <Activity>pickUpAndSetDown</Activity>
          <StopPointRef>0600MA6140</StopPointRef>
          <TimingStatus>OTH</TimingStatus>
        </To>
        <RunTime>PT0M</RunTime>
      </JourneyPatternTimingLink>
    </JourneyPatternSection>
    <JourneyPatternSection id="JPSection-8">
      <JourneyPatternTimingLink id="JPSection-8-SEC1-POS8">
        <From>
          <Activity>pickUpAndSetDown</Activity>
          <StopPointRef>0600MA0418</StopPointRef>
          <TimingStatus>OTH</TimingStatus>
        </From>
        <To>
          <Activity>pickUpAndSetDown</Activity>
          <StopPointRef>0600MA6140</StopPointRef>
          <TimingStatus>OTH</TimingStatus>
        </To>
        <RunTime>PT0M</RunTime>
      </JourneyPatternTimingLink>
    </JourneyPatternSection>
    <JourneyPatternSection id="JPSection-9">
      <JourneyPatternTimingLink id="JPSection-9-SEC1-POS3">
        <From>
          <Activity>pickUpAndSetDown</Activity>
          <StopPointRef>0600MA0007</StopPointRef>
          <TimingStatus>OTH</TimingStatus>
        </From>
        <To>
          <Activity>pickUpAndSetDown</Activity>
          <StopPointRef>0600MA0009</StopPointRef>
          <TimingStatus>OTH</TimingStatus>
        </To>
        <RunTime>PT1M</RunTime>
      </JourneyPatternTimingLink>
    </JourneyPatternSection>
    <JourneyPatternSection id="JPSection-10">
      <JourneyPatternTimingLink id="JPSection-10-SEC1-POS3">
        <From>
          <Activity>pickUpAndSetDown</Activity>
          <StopPointRef>0600MA0007</StopPointRef>
          <TimingStatus>OTH</TimingStatus>
        </From>
        <To>
          <Activity>pickUpAndSetDown</Activity>
          <StopPointRef>0600MA0009</StopPointRef>
          <TimingStatus>OTH</TimingStatus>
        </To>
        <RunTime>PT1M</RunTime>
      </JourneyPatternTimingLink>
    </JourneyPatternSection>
    <JourneyPatternSection id="JPSection-11">
      <JourneyPatternTimingLink id="JPSection-11-SEC1-POS1">
        <From>
          <Activity>pickUp</Activity>
          <StopPointRef>0600MA6147</StopPointRef>
          <TimingStatus>PTP</TimingStatus>
        </From>
        <To>
          <Activity>pickUpAndSetDown</Activity>
          <StopPointRef>0600MA0097</StopPointRef>
          <TimingStatus>OTH</TimingStatus>
        </To>
        <RunTime>PT1M</RunTime>
      </JourneyPatternTimingLink>
      <JourneyPatternTimingLink id="JPSection-11-SEC1-POS2">
        <From>
          <Activity>pickUpAndSetDown</Activity>
          <StopPointRef>0600MA0097</StopPointRef>
          <TimingStatus>OTH</TimingStatus>
        </From>
        <To>
          <Activity>pickUpAndSetDown</Activity>
          <StopPointRef>0600MA0007</StopPointRef>
          <TimingStatus>OTH</TimingStatus>
        </To>
        <RunTime>PT4M</RunTime>
      </JourneyPatternTimingLink>
    </JourneyPatternSection>
    <JourneyPatternSection id="JPSection-12">
      <JourneyPatternTimingLink id="JPSection-12-SEC1-POS4">
        <From>
          <Activity>pickUpAndSetDown</Activity>
          <StopPointRef>0600MA0009</StopPointRef>
          <TimingStatus>OTH</TimingStatus>
        </From>
        <To>
          <Activity>pickUpAndSetDown</Activity>
          <StopPointRef>0600MA0011</StopPointRef>
          <TimingStatus>OTH</TimingStatus>
        </To>
        <RunTime>PT2M</RunTime>
      </JourneyPatternTimingLink>
    </JourneyPatternSection>
    <JourneyPatternSection id="JPSection-13">
      <JourneyPatternTimingLink id="JPSection-13-SEC1-POS7">
        <From>
          <Activity>pickUpAndSetDown</Activity>
          <StopPointRef>0600MA6142</StopPointRef>
          <TimingStatus>OTH</TimingStatus>
        </From>
        <To>
          <Activity>pickUpAndSetDown</Activity>
          <StopPointRef>0600MA0418</StopPointRef>
          <TimingStatus>OTH</TimingStatus>
        </To>
        <RunTime>PT2M</RunTime>
      </JourneyPatternTimingLink>
    </JourneyPatternSection>
    <JourneyPatternSection id="JPSection-14">
      <JourneyPatternTimingLink id="JPSection-14-SEC1-POS9">
        <From>
          <Activity>pickUpAndSetDown</Activity>
          <StopPointRef>0600MA6140</StopPointRef>
          <TimingStatus>OTH</TimingStatus>
        </From>
        <To>
          <Activity>pickUpAndSetDown</Activity>
          <StopPointRef>0600MA19107</StopPointRef>
          <TimingStatus>OTH</TimingStatus>
        </To>
        <RunTime>PT4M</RunTime>
      </JourneyPatternTimingLink>
      <JourneyPatternTimingLink id="JPSection-14-SEC1-POS10">
        <From>
          <Activity>pickUpAndSetDown</Activity>
          <StopPointRef>0600MA19107</StopPointRef>
          <TimingStatus>OTH</TimingStatus>
        </From>
        <To>
          <Activity>pickUpAndSetDown</Activity>
          <StopPointRef>0600MA0323</StopPointRef>
          <TimingStatus>OTH</TimingStatus>
        </To>
        <RunTime>PT6M</RunTime>
      </JourneyPatternTimingLink>
      <JourneyPatternTimingLink id="JPSection-14-SEC1-POS11">
        <From>
          <Activity>pickUpAndSetDown</Activity>
          <StopPointRef>0600MA0323</StopPointRef>
          <TimingStatus>OTH</TimingStatus>
        </From>
        <To>
          <Activity>pickUpAndSetDown</Activity>
          <StopPointRef>0600MA19069</StopPointRef>
          <TimingStatus>OTH</TimingStatus>
        </To>
        <RunTime>PT4M</RunTime>
      </JourneyPatternTimingLink>
      <JourneyPatternTimingLink id="JPSection-14-SEC1-POS12">
        <From>
          <Activity>pickUpAndSetDown</Activity>
          <StopPointRef>0600MA19069</StopPointRef>
          <TimingStatus>OTH</TimingStatus>
        </From>
        <To>
          <Activity>pickUpAndSetDown</Activity>
          <StopPointRef>0600MA0481</StopPointRef>
          <TimingStatus>OTH</TimingStatus>
        </To>
        <RunTime>PT2M</RunTime>
      </JourneyPatternTimingLink>
    </JourneyPatternSection>
    <JourneyPatternSection id="JPSection-15">
      <JourneyPatternTimingLink id="JPSection-15-SEC1-POS14">
        <From>
          <Activity>pickUpAndSetDown</Activity>
          <StopPointRef>0600MA0480</StopPointRef>
          <TimingStatus>OTH</TimingStatus>
        </From>
        <To>
          <Activity>pickUpAndSetDown</Activity>
          <StopPointRef>0600MA0477</StopPointRef>
          <TimingStatus>PTP</TimingStatus>
        </To>
        <RunTime>PT2M</RunTime>
      </JourneyPatternTimingLink>
    </JourneyPatternSection>
    <JourneyPatternSection id="JPSection-16">
      <JourneyPatternTimingLink id="JPSection-16-SEC2-POS42">
        <From>
          <Activity>pickUp</Activity>
          <StopPointRef>0600MA6147</StopPointRef>
          <TimingStatus>PTP</TimingStatus>
        </From>
        <To>
          <Activity>pickUpAndSetDown</Activity>
          <StopPointRef>0600MA0097</StopPointRef>
          <TimingStatus>OTH</TimingStatus>
        </To>
        <RunTime>PT0M</RunTime>
      </JourneyPatternTimingLink>
      <JourneyPatternTimingLink id="JPSection-16-SEC2-POS43">
        <From>
          <Activity>pickUpAndSetDown</Activity>
          <StopPointRef>0600MA0097</StopPointRef>
          <TimingStatus>OTH</TimingStatus>
        </From>
        <To>
          <Activity>pickUpAndSetDown</Activity>
          <StopPointRef>0600MA0007</StopPointRef>
          <TimingStatus>OTH</TimingStatus>
        </To>
        <RunTime>PT3M</RunTime>
      </JourneyPatternTimingLink>
    </JourneyPatternSection>
    <JourneyPatternSection id="JPSection-17">
      <JourneyPatternTimingLink id="JPSection-17-SEC2-POS44">
        <From>
          <Activity>pickUpAndSetDown</Activity>
          <StopPointRef>0600MA0009</StopPointRef>
          <TimingStatus>OTH</TimingStatus>
        </From>
        <To>
          <Activity>pickUpAndSetDown</Activity>
          <StopPointRef>0600MA0011</StopPointRef>
          <TimingStatus>OTH</TimingStatus>
        </To>
        <RunTime>PT1M</RunTime>
      </JourneyPatternTimingLink>
    </JourneyPatternSection>
    <JourneyPatternSection id="JPSection-18">
      <JourneyPatternTimingLink id="JPSection-18-SEC2-POS45">
        <From>
          <Activity>pickUpAndSetDown</Activity>
          <StopPointRef>0600MA6142</StopPointRef>
          <TimingStatus>OTH</TimingStatus>
        </From>
        <To>
          <Activity>pickUpAndSetDown</Activity>
          <StopPointRef>0600MA0418</StopPointRef>
          <TimingStatus>OTH</TimingStatus>
        </To>
        <RunTime>PT1M</RunTime>
      </JourneyPatternTimingLink>
    </JourneyPatternSection>
    <JourneyPatternSection id="JPSection-19">
      <JourneyPatternTimingLink id="JPSection-19-SEC2-POS46">
        <From>
          <Activity>pickUpAndSetDown</Activity>
          <StopPointRef>0600MA6140</StopPointRef>
          <TimingStatus>OTH</TimingStatus>
        </From>
        <To>
          <Activity>pickUpAndSetDown</Activity>
          <StopPointRef>0600MA19107</StopPointRef>
          <TimingStatus>OTH</TimingStatus>
        </To>
        <RunTime>PT3M</RunTime>
      </JourneyPatternTimingLink>
      <JourneyPatternTimingLink id="JPSection-19-SEC2-POS47">
        <From>
          <Activity>pickUpAndSetDown</Activity>
          <StopPointRef>0600MA19107</StopPointRef>
          <TimingStatus>OTH</TimingStatus>
        </From>
        <To>
          <Activity>pickUpAndSetDown</Activity>
          <StopPointRef>0600MA0323</StopPointRef>
          <TimingStatus>OTH</TimingStatus>
        </To>
        <RunTime>PT4M</RunTime>
      </JourneyPatternTimingLink>
      <JourneyPatternTimingLink id="JPSection-19-SEC2-POS48">
        <From>
          <Activity>pickUpAndSetDown</Activity>
          <StopPointRef>0600MA0323</StopPointRef>
          <TimingStatus>OTH</TimingStatus>
        </From>
        <To>
          <Activity>pickUpAndSetDown</Activity>
          <StopPointRef>0600MA19069</StopPointRef>
          <TimingStatus>OTH</TimingStatus>
        </To>
        <RunTime>PT3M</RunTime>
      </JourneyPatternTimingLink>
      <JourneyPatternTimingLink id="JPSection-19-SEC2-POS49">
        <From>
          <Activity>pickUpAndSetDown</Activity>
          <StopPointRef>0600MA19069</StopPointRef>
          <TimingStatus>OTH</TimingStatus>
        </From>
        <To>
          <Activity>pickUpAndSetDown</Activity>
          <StopPointRef>0600MA0481</StopPointRef>
          <TimingStatus>OTH</TimingStatus>
        </To>
        <RunTime>PT1M</RunTime>
      </JourneyPatternTimingLink>
    </JourneyPatternSection>
    <JourneyPatternSection id="JPSection-20">
      <JourneyPatternTimingLink id="JPSection-20-SEC2-POS50">
        <From>
          <Activity>pickUpAndSetDown</Activity>
          <StopPointRef>0600MA0480</StopPointRef>
          <TimingStatus>OTH</TimingStatus>
        </From>
        <To>
          <Activity>pickUpAndSetDown</Activity>
          <StopPointRef>0600MA0477</StopPointRef>
          <TimingStatus>PTP</TimingStatus>
        </To>
        <RunTime>PT1M</RunTime>
      </JourneyPatternTimingLink>
    </JourneyPatternSection>
    <JourneyPatternSection id="JPSection-21">
      <JourneyPatternTimingLink id="JPSection-21-SEC3-POS51">
        <From>
          <Activity>pickUp</Activity>
          <StopPointRef>1800STBS0J1</StopPointRef>
          <TimingStatus>PTP</TimingStatus>
        </From>
        <To>
          <Activity>pickUpAndSetDown</Activity>
          <StopPointRef>1800SG15511</StopPointRef>
          <TimingStatus>OTH</TimingStatus>
        </To>
        <RunTime>PT1M</RunTime>
      </JourneyPatternTimingLink>
      <JourneyPatternTimingLink id="JPSection-21-SEC3-POS52">
        <From>
          <Activity>pickUpAndSetDown</Activity>
          <StopPointRef>1800SG15511</StopPointRef>
          <TimingStatus>OTH</TimingStatus>
        </From>
        <To>
          <Activity>pickUpAndSetDown</Activity>
          <StopPointRef>1800SG14861</StopPointRef>
          <TimingStatus>OTH</TimingStatus>
        </To>
        <RunTime>PT1M</RunTime>
      </JourneyPatternTimingLink>
      <JourneyPatternTimingLink id="JPSection-21-SEC3-POS53">
        <From>
          <Activity>pickUpAndSetDown</Activity>
          <StopPointRef>1800SG14861</StopPointRef>
          <TimingStatus>OTH</TimingStatus>
        </From>
        <To>
          <Activity>pickUpAndSetDown</Activity>
          <StopPointRef>1800SG41991</StopPointRef>
          <TimingStatus>OTH</TimingStatus>
        </To>
        <RunTime>PT1M</RunTime>
      </JourneyPatternTimingLink>
      <JourneyPatternTimingLink id="JPSection-21-SEC3-POS54">
        <From>
          <Activity>pickUpAndSetDown</Activity>
          <StopPointRef>1800SG41991</StopPointRef>
          <TimingStatus>OTH</TimingStatus>
        </From>
        <To>
          <Activity>pickUpAndSetDown</Activity>
          <StopPointRef>1800SG01851</StopPointRef>
          <TimingStatus>OTH</TimingStatus>
        </To>
        <RunTime>PT1M</RunTime>
      </JourneyPatternTimingLink>
      <JourneyPatternTimingLink id="JPSection-21-SEC3-POS55">
        <From>
          <Activity>pickUpAndSetDown</Activity>
          <StopPointRef>1800SG01851</StopPointRef>
          <TimingStatus>OTH</TimingStatus>
        </From>
        <To>
          <Activity>pickUpAndSetDown</Activity>
          <StopPointRef>1800SG40521</StopPointRef>
          <TimingStatus>OTH</TimingStatus>
        </To>
        <RunTime>PT1M</RunTime>
      </JourneyPatternTimingLink>
      <JourneyPatternTimingLink id="JPSection-21-SEC3-POS56">
        <From>
          <Activity>pickUpAndSetDown</Activity>
          <StopPointRef>1800SG40521</StopPointRef>
          <TimingStatus>OTH</TimingStatus>
        </From>
        <To>
          <Activity>pickUpAndSetDown</Activity>
          <StopPointRef>1800SG40531</StopPointRef>
          <TimingStatus>OTH</TimingStatus>
        </To>
        <RunTime>PT2M</RunTime>
      </JourneyPatternTimingLink>
      <JourneyPatternTimingLink id="JPSection-21-SEC3-POS57">
        <From>
          <Activity>pickUpAndSetDown</Activity>
          <StopPointRef>1800SG40531</StopPointRef>
          <TimingStatus>OTH</TimingStatus>
        </From>
        <To>
          <Activity>pickUpAndSetDown</Activity>
          <StopPointRef>1800SG40541</StopPointRef>
          <TimingStatus>OTH</TimingStatus>
        </To>
        <RunTime>PT1M</RunTime>
      </JourneyPatternTimingLink>
      <JourneyPatternTimingLink id="JPSection-21-SEC3-POS58">
        <From>
          <Activity>pickUpAndSetDown</Activity>
          <StopPointRef>1800SG40541</StopPointRef>
          <TimingStatus>OTH</TimingStatus>
        </From>
        <To>
          <Activity>pickUpAndSetDown</Activity>
          <StopPointRef>1800SG40551</StopPointRef>
          <TimingStatus>OTH</TimingStatus>
        </To>
        <RunTime>PT1M</RunTime>
      </JourneyPatternTimingLink>
      <JourneyPatternTimingLink id="JPSection-21-SEC3-POS59">
        <From>
          <Activity>pickUpAndSetDown</Activity>
          <StopPointRef>1800SG40551</StopPointRef>
          <TimingStatus>OTH</TimingStatus>
        </From>
        <To>
          <Activity>pickUpAndSetDown</Activity>
          <StopPointRef>1800SG40561</StopPointRef>
          <TimingStatus>OTH</TimingStatus>
        </To>
        <RunTime>PT1M</RunTime>
      </JourneyPatternTimingLink>
      <JourneyPatternTimingLink id="JPSection-21-SEC3-POS60">
        <From>
          <Activity>pickUpAndSetDown</Activity>
          <StopPointRef>1800SG40561</StopPointRef>
          <TimingStatus>OTH</TimingStatus>
        </From>
        <To>
          <Activity>pickUpAndSetDown</Activity>
          <StopPointRef>1800SG40571</StopPointRef>
          <TimingStatus>OTH</TimingStatus>
        </To>
        <RunTime>PT2M</RunTime>
      </JourneyPatternTimingLink>
      <JourneyPatternTimingLink id="JPSection-21-SEC3-POS61">
        <From>
          <Activity>pickUpAndSetDown</Activity>
          <StopPointRef>1800SG40571</StopPointRef>
          <TimingStatus>OTH</TimingStatus>
        </From>
        <To>
          <Activity>pickUpAndSetDown</Activity>
          <StopPointRef>1800SG40591</StopPointRef>
          <TimingStatus>OTH</TimingStatus>
        </To>
        <RunTime>PT1M</RunTime>
      </JourneyPatternTimingLink>
      <JourneyPatternTimingLink id="JPSection-21-SEC3-POS62">
        <From>
          <Activity>pickUpAndSetDown</Activity>
          <StopPointRef>1800SG40591</StopPointRef>
          <TimingStatus>OTH</TimingStatus>
        </From>
        <To>
          <Activity>pickUpAndSetDown</Activity>
          <StopPointRef>1800SG40601</StopPointRef>
          <TimingStatus>PTP</TimingStatus>
        </To>
        <RunTime>PT2M</RunTime>
      </JourneyPatternTimingLink>
      <JourneyPatternTimingLink id="JPSection-21-SEC3-POS63">
        <From>
          <Activity>pickUpAndSetDown</Activity>
          <StopPointRef>1800SG40601</StopPointRef>
          <TimingStatus>PTP</TimingStatus>
        </From>
        <To>
          <Activity>pickUpAndSetDown</Activity>
          <StopPointRef>1800SG40611</StopPointRef>
          <TimingStatus>OTH</TimingStatus>
        </To>
        <RunTime>PT1M</RunTime>
      </JourneyPatternTimingLink>
      <JourneyPatternTimingLink id="JPSection-21-SEC3-POS64">
        <From>
          <Activity>pickUpAndSetDown</Activity>
          <StopPointRef>1800SG40611</StopPointRef>
          <TimingStatus>OTH</TimingStatus>
        </From>
        <To>
          <Activity>pickUpAndSetDown</Activity>
          <StopPointRef>1800SG40621</StopPointRef>
          <TimingStatus>OTH</TimingStatus>
        </To>
        <RunTime>PT0M</RunTime>
      </JourneyPatternTimingLink>
      <JourneyPatternTimingLink id="JPSection-21-SEC3-POS65">
        <From>
          <Activity>pickUpAndSetDown</Activity>
          <StopPointRef>1800SG40621</StopPointRef>
          <TimingStatus>OTH</TimingStatus>
        </From>
        <To>
          <Activity>pickUpAndSetDown</Activity>
          <StopPointRef>1800SG40631</StopPointRef>
          <TimingStatus>OTH</TimingStatus>
        </To>
        <RunTime>PT1M</RunTime>
      </JourneyPatternTimingLink>
      <JourneyPatternTimingLink id="JPSection-21-SEC3-POS66">
        <From>
          <Activity>pickUpAndSetDown</Activity>
          <StopPointRef>1800SG40631</StopPointRef>
          <TimingStatus>OTH</TimingStatus>
        </From>
        <To>
          <Activity>pickUpAndSetDown</Activity>
          <StopPointRef>1800SG40641</StopPointRef>
          <TimingStatus>OTH</TimingStatus>
        </To>
        <RunTime>PT0M</RunTime>
      </JourneyPatternTimingLink>
      <JourneyPatternTimingLink id="JPSection-21-SEC3-POS67">
        <From>
          <Activity>pickUpAndSetDown</Activity>
          <StopPointRef>1800SG40641</StopPointRef>
          <TimingStatus>OTH</TimingStatus>
        </From>
        <To>
          <Activity>pickUpAndSetDown</Activity>
          <StopPointRef>1800SG09441</StopPointRef>
          <TimingStatus>OTH</TimingStatus>
        </To>
        <RunTime>PT1M</RunTime>
      </JourneyPatternTimingLink>
      <JourneyPatternTimingLink id="JPSection-21-SEC3-POS68">
        <From>
          <Activity>pickUpAndSetDown</Activity>
          <StopPointRef>1800SG09441</StopPointRef>
          <TimingStatus>OTH</TimingStatus>
        </From>
        <To>
          <Activity>pickUpAndSetDown</Activity>
          <StopPointRef>1800SG40091</StopPointRef>
          <TimingStatus>OTH</TimingStatus>
        </To>
        <RunTime>PT0M</RunTime>
      </JourneyPatternTimingLink>
      <JourneyPatternTimingLink id="JPSection-21-SEC3-POS69">
        <From>
          <Activity>pickUpAndSetDown</Activity>
          <StopPointRef>1800SG40091</StopPointRef>
          <TimingStatus>OTH</TimingStatus>
        </From>
        <To>
          <Activity>pickUpAndSetDown</Activity>
          <StopPointRef>1800SG43011</StopPointRef>
          <TimingStatus>PTP</TimingStatus>
        </To>
        <RunTime>PT2M</RunTime>
      </JourneyPatternTimingLink>
      <JourneyPatternTimingLink id="JPSection-21-SEC3-POS70">
        <From>
          <Activity>pickUpAndSetDown</Activity>
          <StopPointRef>1800SG43011</StopPointRef>
          <TimingStatus>PTP</TimingStatus>
        </From>
        <To>
          <Activity>pickUpAndSetDown</Activity>
          <StopPointRef>1800SG43031</StopPointRef>
          <TimingStatus>OTH</TimingStatus>
        </To>
        <RunTime>PT0M</RunTime>
      </JourneyPatternTimingLink>
      <JourneyPatternTimingLink id="JPSection-21-SEC3-POS71">
        <From>
          <Activity>pickUpAndSetDown</Activity>
          <StopPointRef>1800SG43031</StopPointRef>
          <TimingStatus>OTH</TimingStatus>
        </From>
        <To>
          <Activity>pickUpAndSetDown</Activity>
          <StopPointRef>1800SG43041</StopPointRef>
          <TimingStatus>OTH</TimingStatus>
        </To>
        <RunTime>PT2M</RunTime>
      </JourneyPatternTimingLink>
      <JourneyPatternTimingLink id="JPSection-21-SEC3-POS72">
        <From>
          <Activity>pickUpAndSetDown</Activity>
          <StopPointRef>1800SG43041</StopPointRef>
          <TimingStatus>OTH</TimingStatus>
        </From>
        <To>
          <Activity>pickUpAndSetDown</Activity>
          <StopPointRef>0600MA0471</StopPointRef>
          <TimingStatus>OTH</TimingStatus>
        </To>
        <RunTime>PT3M</RunTime>
      </JourneyPatternTimingLink>
      <JourneyPatternTimingLink id="JPSection-21-SEC3-POS73">
        <From>
          <Activity>pickUpAndSetDown</Activity>
          <StopPointRef>0600MA0471</StopPointRef>
          <TimingStatus>OTH</TimingStatus>
        </From>
        <To>
          <Activity>pickUpAndSetDown</Activity>
          <StopPointRef>0600MA0473</StopPointRef>
          <TimingStatus>OTH</TimingStatus>
        </To>
        <RunTime>PT2M</RunTime>
      </JourneyPatternTimingLink>
      <JourneyPatternTimingLink id="JPSection-21-SEC3-POS74">
        <From>
          <Activity>pickUpAndSetDown</Activity>
          <StopPointRef>0600MA0473</StopPointRef>
          <TimingStatus>OTH</TimingStatus>
        </From>
        <To>
          <Activity>pickUpAndSetDown</Activity>
          <StopPointRef>0600MA0475</StopPointRef>
          <TimingStatus>OTH</TimingStatus>
        </To>
        <RunTime>PT1M</RunTime>
      </JourneyPatternTimingLink>
      <JourneyPatternTimingLink id="JPSection-21-SEC3-POS75">
        <From>
          <Activity>pickUpAndSetDown</Activity>
          <StopPointRef>0600MA0475</StopPointRef>
          <TimingStatus>OTH</TimingStatus>
        </From>
        <To>
          <Activity>pickUpAndSetDown</Activity>
          <StopPointRef>0600MA0478</StopPointRef>
          <TimingStatus>PTP</TimingStatus>
        </To>
        <RunTime>PT2M</RunTime>
      </JourneyPatternTimingLink>
      <JourneyPatternTimingLink id="JPSection-21-SEC3-POS76">
        <From>
          <Activity>pickUpAndSetDown</Activity>
          <StopPointRef>0600MA0478</StopPointRef>
          <TimingStatus>PTP</TimingStatus>
        </From>
        <To>
          <Activity>pickUpAndSetDown</Activity>
          <StopPointRef>0600MA0479</StopPointRef>
          <TimingStatus>OTH</TimingStatus>
        </To>
        <RunTime>PT0M</RunTime>
      </JourneyPatternTimingLink>
      <JourneyPatternTimingLink id="JPSection-21-SEC3-POS77">
        <From>
          <Activity>pickUpAndSetDown</Activity>
          <StopPointRef>0600MA0479</StopPointRef>
          <TimingStatus>OTH</TimingStatus>
        </From>
        <To>
          <Activity>pickUpAndSetDown</Activity>
          <StopPointRef>0600MA0482</StopPointRef>
          <TimingStatus>OTH</TimingStatus>
        </To>
        <RunTime>PT1M</RunTime>
      </JourneyPatternTimingLink>
      <JourneyPatternTimingLink id="JPSection-21-SEC3-POS78">
        <From>
          <Activity>pickUpAndSetDown</Activity>
          <StopPointRef>0600MA0482</StopPointRef>
          <TimingStatus>OTH</TimingStatus>
        </From>
        <To>
          <Activity>pickUpAndSetDown</Activity>
          <StopPointRef>0600MA0322</StopPointRef>
          <TimingStatus>OTH</TimingStatus>
        </To>
        <RunTime>PT5M</RunTime>
      </JourneyPatternTimingLink>
      <JourneyPatternTimingLink id="JPSection-21-SEC3-POS79">
        <From>
          <Activity>pickUpAndSetDown</Activity>
          <StopPointRef>0600MA0322</StopPointRef>
          <TimingStatus>OTH</TimingStatus>
        </From>
        <To>
          <Activity>pickUpAndSetDown</Activity>
          <StopPointRef>0600MA19012</StopPointRef>
          <TimingStatus>OTH</TimingStatus>
        </To>
        <RunTime>PT6M</RunTime>
      </JourneyPatternTimingLink>
      <JourneyPatternTimingLink id="JPSection-21-SEC3-POS80">
        <From>
          <Activity>pickUpAndSetDown</Activity>
          <StopPointRef>0600MA19012</StopPointRef>
          <TimingStatus>OTH</TimingStatus>
        </From>
        <To>
          <Activity>pickUpAndSetDown</Activity>
          <StopPointRef>0600MA6141</StopPointRef>
          <TimingStatus>OTH</TimingStatus>
        </To>
        <RunTime>PT3M</RunTime>
      </JourneyPatternTimingLink>
      <JourneyPatternTimingLink id="JPSection-21-SEC3-POS81">
        <From>
          <Activity>pickUpAndSetDown</Activity>
          <StopPointRef>0600MA6141</StopPointRef>
          <TimingStatus>OTH</TimingStatus>
        </From>
        <To>
          <Activity>pickUpAndSetDown</Activity>
          <StopPointRef>0600MA6143</StopPointRef>
          <TimingStatus>OTH</TimingStatus>
        </To>
        <RunTime>PT2M</RunTime>
      </JourneyPatternTimingLink>
      <JourneyPatternTimingLink id="JPSection-21-SEC3-POS82">
        <From>
          <Activity>pickUpAndSetDown</Activity>
          <StopPointRef>0600MA6143</StopPointRef>
          <TimingStatus>OTH</TimingStatus>
        </From>
        <To>
          <Activity>pickUpAndSetDown</Activity>
          <StopPointRef>0600MA6144</StopPointRef>
          <TimingStatus>PTP</TimingStatus>
        </To>
        <RunTime>PT1M</RunTime>
      </JourneyPatternTimingLink>
      <JourneyPatternTimingLink id="JPSection-21-SEC3-POS83">
        <From>
          <Activity>pickUpAndSetDown</Activity>
          <StopPointRef>0600MA6144</StopPointRef>
          <TimingStatus>PTP</TimingStatus>
        </From>
        <To>
          <Activity>pickUpAndSetDown</Activity>
          <StopPointRef>0600MA0010</StopPointRef>
          <TimingStatus>OTH</TimingStatus>
        </To>
        <RunTime>PT2M</RunTime>
      </JourneyPatternTimingLink>
      <JourneyPatternTimingLink id="JPSection-21-SEC3-POS84">
        <From>
          <Activity>pickUpAndSetDown</Activity>
          <StopPointRef>0600MA0010</StopPointRef>
          <TimingStatus>OTH</TimingStatus>
        </From>
        <To>
          <Activity>pickUpAndSetDown</Activity>
          <StopPointRef>0600MA0009A</StopPointRef>
          <TimingStatus>OTH</TimingStatus>
        </To>
        <RunTime>PT2M</RunTime>
      </JourneyPatternTimingLink>
      <JourneyPatternTimingLink id="JPSection-21-SEC3-POS85">
        <From>
          <Activity>pickUpAndSetDown</Activity>
          <StopPointRef>0600MA0009A</StopPointRef>
          <TimingStatus>OTH</TimingStatus>
        </From>
        <To>
          <Activity>pickUpAndSetDown</Activity>
          <StopPointRef>0600MA0008</StopPointRef>
          <TimingStatus>OTH</TimingStatus>
        </To>
        <RunTime>PT2M</RunTime>
      </JourneyPatternTimingLink>
      <JourneyPatternTimingLink id="JPSection-21-SEC3-POS86">
        <From>
          <Activity>pickUpAndSetDown</Activity>
          <StopPointRef>0600MA0008</StopPointRef>
          <TimingStatus>OTH</TimingStatus>
        </From>
        <To>
          <Activity>pickUpAndSetDown</Activity>
          <StopPointRef>0600MA6107</StopPointRef>
          <TimingStatus>OTH</TimingStatus>
        </To>
        <RunTime>PT3M</RunTime>
      </JourneyPatternTimingLink>
      <JourneyPatternTimingLink id="JPSection-21-SEC3-POS87">
        <From>
          <Activity>pickUpAndSetDown</Activity>
          <StopPointRef>0600MA6107</StopPointRef>
          <TimingStatus>OTH</TimingStatus>
        </From>
        <To>
          <Activity>setDown</Activity>
          <StopPointRef>0600MA6147</StopPointRef>
          <TimingStatus>PTP</TimingStatus>
        </To>
        <RunTime>PT1M</RunTime>
      </JourneyPatternTimingLink>
    </JourneyPatternSection>
  </JourneyPatternSections>
  <Operators>
    <Operator id="OId_BC">
      <NationalOperatorCode>HIPK</NationalOperatorCode>
      <OperatorCode>BC</OperatorCode>
      <OperatorShortName>BC</OperatorShortName>
    </Operator>
  </Operators>
  <Services>
    <Service>
      <ServiceCode>NW_01_BC_393_1</ServiceCode>
      <Lines>
        <Line id="l_393_BC">
          <LineName>393</LineName>
        </Line>
      </Lines>
      <OperatingPeriod>
        <StartDate>2017-06-18</StartDate>
        <EndDate>2099-12-31</EndDate>
      </OperatingPeriod>
      <RegisteredOperatorRef>OId_BC</RegisteredOperatorRef>
      <StopRequirements>
        <NoNewStopsRequired />
      </StopRequirements>
      <Mode>bus</Mode>
      <Description>Macclesfield - Adlington - Poynton - Stockport</Description>
      <StandardService>
        <Origin>Macclesfield</Origin>
        <Destination>Stockport</Destination>
        <JourneyPattern id="JP1">
          <Direction>outbound</Direction>
          <JourneyPatternSectionRefs>JPSection-11</JourneyPatternSectionRefs>
          <JourneyPatternSectionRefs>JPSection-9</JourneyPatternSectionRefs>
          <JourneyPatternSectionRefs>JPSection-12</JourneyPatternSectionRefs>
          <JourneyPatternSectionRefs>JPSection-3</JourneyPatternSectionRefs>
          <JourneyPatternSectionRefs>JPSection-13</JourneyPatternSectionRefs>
          <JourneyPatternSectionRefs>JPSection-7</JourneyPatternSectionRefs>
          <JourneyPatternSectionRefs>JPSection-14</JourneyPatternSectionRefs>
          <JourneyPatternSectionRefs>JPSection-5</JourneyPatternSectionRefs>
          <JourneyPatternSectionRefs>JPSection-15</JourneyPatternSectionRefs>
          <JourneyPatternSectionRefs>JPSection-1</JourneyPatternSectionRefs>
        </JourneyPattern>
        <JourneyPattern id="JP2">
          <Direction>outbound</Direction>
          <JourneyPatternSectionRefs>JPSection-16</JourneyPatternSectionRefs>
          <JourneyPatternSectionRefs>JPSection-10</JourneyPatternSectionRefs>
          <JourneyPatternSectionRefs>JPSection-17</JourneyPatternSectionRefs>
          <JourneyPatternSectionRefs>JPSection-4</JourneyPatternSectionRefs>
          <JourneyPatternSectionRefs>JPSection-18</JourneyPatternSectionRefs>
          <JourneyPatternSectionRefs>JPSection-8</JourneyPatternSectionRefs>
          <JourneyPatternSectionRefs>JPSection-19</JourneyPatternSectionRefs>
          <JourneyPatternSectionRefs>JPSection-6</JourneyPatternSectionRefs>
          <JourneyPatternSectionRefs>JPSection-20</JourneyPatternSectionRefs>
          <JourneyPatternSectionRefs>JPSection-2</JourneyPatternSectionRefs>
        </JourneyPattern>
        <JourneyPattern id="JP3">
          <Direction>inbound</Direction>
          <JourneyPatternSectionRefs>JPSection-21</JourneyPatternSectionRefs>
        </JourneyPattern>
      </StandardService>
    </Service>
  </Services>
  <VehicleJourneys>
    <VehicleJourney>
      <PrivateCode>J5</PrivateCode>
      <Operational>
        <VehicleType>
          <VehicleTypeCode>BUS</VehicleTypeCode>
          <Description>BUS</Description>
        </VehicleType>
      </Operational>
      <OperatingProfile>
        <RegularDayType>
          <DaysOfWeek>
            <MondayToFriday />
          </DaysOfWeek>
        </RegularDayType>
        <BankHolidayOperation>
          <DaysOfNonOperation>
            <AllBankHolidays />
          </DaysOfNonOperation>
        </BankHolidayOperation>
      </OperatingProfile>
      <VehicleJourneyCode>J5</VehicleJourneyCode>
      <ServiceRef>NW_01_BC_393_1</ServiceRef>
      <LineRef>l_393_BC</LineRef>
      <JourneyPatternRef>JP1</JourneyPatternRef>
      <Note>
        <NoteCode>CE</NoteCode>
        <NoteText>Journey provided on behalf of Cheshire East Council.</NoteText>
      </Note>
      <DepartureTime>08:10:00</DepartureTime>
    </VehicleJourney>
    <VehicleJourney>
      <PrivateCode>J1</PrivateCode>
      <Operational>
        <VehicleType>
          <VehicleTypeCode>BUS</VehicleTypeCode>
          <Description>BUS</Description>
        </VehicleType>
      </Operational>
      <OperatingProfile>
        <RegularDayType>
          <DaysOfWeek>
            <MondayToFriday />
          </DaysOfWeek>
        </RegularDayType>
        <BankHolidayOperation>
          <DaysOfNonOperation>
            <AllBankHolidays />
          </DaysOfNonOperation>
        </BankHolidayOperation>
      </OperatingProfile>
      <VehicleJourneyCode>J1</VehicleJourneyCode>
      <ServiceRef>NW_01_BC_393_1</ServiceRef>
      <LineRef>l_393_BC</LineRef>
      <JourneyPatternRef>JP2</JourneyPatternRef>
      <Note>
        <NoteCode>CE</NoteCode>
        <NoteText>Journey provided on behalf of Cheshire East Council.</NoteText>
      </Note>
      <DepartureTime>16:20:00</DepartureTime>
    </VehicleJourney>
    <VehicleJourney>
      <PrivateCode>J2</PrivateCode>
      <Operational>
        <VehicleType>
          <VehicleTypeCode>BUS</VehicleTypeCode>
          <Description>BUS</Description>
        </VehicleType>
      </Operational>
      <OperatingProfile>
        <RegularDayType>
          <DaysOfWeek>
            <MondayToFriday />
          </DaysOfWeek>
        </RegularDayType>
        <BankHolidayOperation>
          <DaysOfNonOperation>
            <AllBankHolidays />
          </DaysOfNonOperation>
        </BankHolidayOperation>
      </OperatingProfile>
      <VehicleJourneyCode>J2</VehicleJourneyCode>
      <ServiceRef>NW_01_BC_393_1</ServiceRef>
      <LineRef>l_393_BC</LineRef>
      <JourneyPatternRef>JP3</JourneyPatternRef>
      <Note>
        <NoteCode>CE</NoteCode>
        <NoteText>Journey provided on behalf of Cheshire East Council.</NoteText>
      </Note>
      <DepartureTime>07:10:00</DepartureTime>
    </VehicleJourney>
    <VehicleJourney>
      <PrivateCode>J3</PrivateCode>
      <Operational>
        <VehicleType>
          <VehicleTypeCode>BUS</VehicleTypeCode>
          <Description>BUS</Description>
        </VehicleType>
      </Operational>
      <OperatingProfile>
        <RegularDayType>
          <DaysOfWeek>
            <Saturday />
          </DaysOfWeek>
        </RegularDayType>
        <BankHolidayOperation>
          <DaysOfNonOperation>
            <AllBankHolidays />
          </DaysOfNonOperation>
        </BankHolidayOperation>
      </OperatingProfile>
      <VehicleJourneyCode>J3</VehicleJourneyCode>
      <ServiceRef>NW_01_BC_393_1</ServiceRef>
      <LineRef>l_393_BC</LineRef>
      <VehicleJourneyRef>J1</VehicleJourneyRef>
      <Note>
        <NoteCode>CE</NoteCode>
        <NoteText>Journey provided on behalf of Cheshire East Council.</NoteText>
      </Note>
      <DepartureTime>08:10:00</DepartureTime>
    </VehicleJourney>
    <VehicleJourney>
      <PrivateCode>J4</PrivateCode>
      <Operational>
        <VehicleType>
          <VehicleTypeCode>BUS</VehicleTypeCode>
          <Description>BUS</Description>
        </VehicleType>
      </Operational>
      <OperatingProfile>
        <RegularDayType>
          <DaysOfWeek>
            <Saturday />
          </DaysOfWeek>
        </RegularDayType>
        <BankHolidayOperation>
          <DaysOfNonOperation>
            <AllBankHolidays />
          </DaysOfNonOperation>
        </BankHolidayOperation>
      </OperatingProfile>
      <VehicleJourneyCode>J4</VehicleJourneyCode>
      <ServiceRef>NW_01_BC_393_1</ServiceRef>
      <LineRef>l_393_BC</LineRef>
      <VehicleJourneyRef>J1</VehicleJourneyRef>
      <Note>
        <NoteCode>CE</NoteCode>
        <NoteText>Journey provided on behalf of Cheshire East Council.</NoteText>
      </Note>
      <DepartureTime>16:20:00</DepartureTime>
    </VehicleJourney>
  </VehicleJourneys>
</TransXChange>