<?xml version="1.0" encoding="utf-8"?>
<TransXChange xmlns:xsd="http://www.w3.org/2001/XMLSchema" xmlns:xsi="http://www.w3.org/2001/XMLSchema-instance" xsi:schemaLocation="http://www.transxchange.org.uk/ http://www.transxchange.org.uk/schema/2.1/TransXChange_general.xsd" CreationDateTime="2017-09-21T11:34:33.7976937+01:00" ModificationDateTime="2017-09-21T11:34:33.7976937+01:00" Modification="new" RevisionNumber="1" FileName="TXC.xml" SchemaVersion="2.1" RegistrationDocument="false" xmlns="http://www.transxchange.org.uk/">
  <StopPoints>
    <AnnotatedStopPointRef>
      <StopPointRef>090033102013</StopPointRef>
      <CommonName>Lady Guildford Centre</CommonName>
      <LocalityName>Petteril Bank</LocalityName>
      <LocalityQualifier>Petteril Bank</LocalityQualifier>
    </AnnotatedStopPointRef>
    <AnnotatedStopPointRef>
      <StopPointRef>090033102453</StopPointRef>
      <CommonName>Dale Street</CommonName>
      <LocalityName>Holme Head Bay</LocalityName>
      <LocalityQualifier>Holme Head Bay</LocalityQualifier>
    </AnnotatedStopPointRef>
    <AnnotatedStopPointRef>
      <StopPointRef>090033102691</StopPointRef>
      <CommonName>Kenmount Place</CommonName>
      <LocalityName>Denton Holme</LocalityName>
      <LocalityQualifier>Denton Holme</LocalityQualifier>
    </AnnotatedStopPointRef>
    <AnnotatedStopPointRef>
      <StopPointRef>090074292059</StopPointRef>
      <CommonName>bus shelter</CommonName>
      <LocalityName>Plumpton</LocalityName>
      <LocalityQualifier>Plumpton</LocalityQualifier>
    </AnnotatedStopPointRef>
    <AnnotatedStopPointRef>
      <StopPointRef>090074292274</StopPointRef>
      <CommonName>Barrock Gill</CommonName>
      <LocalityName>Low Hesket</LocalityName>
      <LocalityQualifier>Low Hesket</LocalityQualifier>
    </AnnotatedStopPointRef>
    <AnnotatedStopPointRef>
      <StopPointRef>090074560856</StopPointRef>
      <CommonName>Bus Station (P)</CommonName>
      <LocalityName>Penrith</LocalityName>
      <LocalityQualifier>Penrith</LocalityQualifier>
    </AnnotatedStopPointRef>
  </StopPoints>
  <JourneyPatternSections>
    <JourneyPatternSection id="JPSection-1">
      <JourneyPatternTimingLink id="JPSection-1-SEC1-POS1">
        <From>
          <Activity>pickUp</Activity>
          <StopPointRef>090033102453</StopPointRef>
          <TimingStatus>PTP</TimingStatus>
        </From>
        <To>
          <Activity>pickUpAndSetDown</Activity>
          <StopPointRef>090033102013</StopPointRef>
          <TimingStatus>PTP</TimingStatus>
        </To>
        <RunTime>PT12M</RunTime>
      </JourneyPatternTimingLink>
      <JourneyPatternTimingLink id="JPSection-1-SEC1-POS2">
        <From>
          <Activity>pickUpAndSetDown</Activity>
          <StopPointRef>090033102013</StopPointRef>
          <TimingStatus>PTP</TimingStatus>
        </From>
        <To>
          <Activity>pickUpAndSetDown</Activity>
          <StopPointRef>090074292274</StopPointRef>
          <TimingStatus>PTP</TimingStatus>
        </To>
        <RunTime>PT8M</RunTime>
      </JourneyPatternTimingLink>
      <JourneyPatternTimingLink id="JPSection-1-SEC1-POS3">
        <From>
          <Activity>pickUpAndSetDown</Activity>
          <StopPointRef>090074292274</StopPointRef>
          <TimingStatus>PTP</TimingStatus>
        </From>
        <To>
          <Activity>pickUpAndSetDown</Activity>
          <StopPointRef>090074292059</StopPointRef>
          <TimingStatus>PTP</TimingStatus>
        </To>
        <RunTime>PT10M</RunTime>
      </JourneyPatternTimingLink>
      <JourneyPatternTimingLink id="JPSection-1-SEC1-POS4">
        <From>
          <Activity>pickUpAndSetDown</Activity>
          <StopPointRef>090074292059</StopPointRef>
          <TimingStatus>PTP</TimingStatus>
        </From>
        <To>
          <Activity>setDown</Activity>
          <StopPointRef>090074560856</StopPointRef>
          <TimingStatus>PTP</TimingStatus>
        </To>
        <RunTime>PT10M</RunTime>
      </JourneyPatternTimingLink>
    </JourneyPatternSection>
    <JourneyPatternSection id="JPSection-2">
      <JourneyPatternTimingLink id="JPSection-2-SEC2-POS5">
        <From>
          <Activity>pickUp</Activity>
          <StopPointRef>090074560856</StopPointRef>
          <TimingStatus>PTP</TimingStatus>
        </From>
        <To>
          <Activity>pickUpAndSetDown</Activity>
          <StopPointRef>090074292059</StopPointRef>
          <TimingStatus>PTP</TimingStatus>
        </To>
        <RunTime>PT10M</RunTime>
      </JourneyPatternTimingLink>
      <JourneyPatternTimingLink id="JPSection-2-SEC2-POS6">
        <From>
          <Activity>pickUpAndSetDown</Activity>
          <StopPointRef>090074292059</StopPointRef>
          <TimingStatus>PTP</TimingStatus>
        </From>
        <To>
          <Activity>pickUpAndSetDown</Activity>
          <StopPointRef>090074292274</StopPointRef>
          <TimingStatus>PTP</TimingStatus>
        </To>
        <RunTime>PT10M</RunTime>
      </JourneyPatternTimingLink>
      <JourneyPatternTimingLink id="JPSection-2-SEC2-POS7">
        <From>
          <Activity>pickUpAndSetDown</Activity>
          <StopPointRef>090074292274</StopPointRef>
          <TimingStatus>PTP</TimingStatus>
        </From>
        <To>
          <Activity>pickUpAndSetDown</Activity>
          <StopPointRef>090033102013</StopPointRef>
          <TimingStatus>PTP</TimingStatus>
        </To>
        <RunTime>PT7M</RunTime>
      </JourneyPatternTimingLink>
      <JourneyPatternTimingLink id="JPSection-2-SEC2-POS8">
        <From>
          <Activity>pickUpAndSetDown</Activity>
          <StopPointRef>090033102013</StopPointRef>
          <TimingStatus>PTP</TimingStatus>
        </From>
        <To>
          <Activity>setDown</Activity>
          <StopPointRef>090033102691</StopPointRef>
          <TimingStatus>PTP</TimingStatus>
        </To>
        <RunTime>PT8M</RunTime>
      </JourneyPatternTimingLink>
    </JourneyPatternSection>
  </JourneyPatternSections>
  <Operators>
    <Operator id="OId_IRV">
      <NationalOperatorCode>IRVD</NationalOperatorCode>
      <OperatorCode>IRV</OperatorCode>
      <OperatorShortName>IRV</OperatorShortName>
    </Operator>
  </Operators>
  <Services>
    <Service>
      <ServiceCode>NW_03_IRV_D01_1</ServiceCode>
      <Lines>
        <Line id="l_D01_IRV">
          <LineName>D01</LineName>
        </Line>
      </Lines>
      <OperatingPeriod>
        <StartDate>2017-01-03</StartDate>
        <EndDate>2017-12-24</EndDate>
      </OperatingPeriod>
      <RegisteredOperatorRef>OId_IRV</RegisteredOperatorRef>
      <StopRequirements>
        <NoNewStopsRequired />
      </StopRequirements>
      <Mode>bus</Mode>
      <Description>Penrith - Denton Holme</Description>
      <StandardService>
        <Origin>Penrith</Origin>
        <Destination>Denton Holme</Destination>
        <JourneyPattern id="JP4953">
          <Direction>outbound</Direction>
          <JourneyPatternSectionRefs>JPSection-1</JourneyPatternSectionRefs>
        </JourneyPattern>
        <JourneyPattern id="JP5724">
          <Direction>outbound</Direction>
          <JourneyPatternSectionRefs>JPSection-2</JourneyPatternSectionRefs>
        </JourneyPattern>
      </StandardService>
    </Service>
  </Services>
  <VehicleJourneys>
    <VehicleJourney>
      <PrivateCode>297457</PrivateCode>
      <Operational>
        <VehicleType>
          <VehicleTypeCode>Bus</VehicleTypeCode>
          <Description>Bus</Description>
        </VehicleType>
      </Operational>
      <OperatingProfile>
        <RegularDayType>
          <DaysOfWeek>
            <Tuesday />
            <Thursday />
            <Saturday />
            <Sunday />
          </DaysOfWeek>
        </RegularDayType>
        <BankHolidayOperation>
          <DaysOfOperation>
            <AllBankHolidays />
          </DaysOfOperation>
        </BankHolidayOperation>
      </OperatingProfile>
      <VehicleJourneyCode>297457</VehicleJourneyCode>
      <ServiceRef>NW_03_IRV_D01_1</ServiceRef>
      <LineRef>l_D01_IRV</LineRef>
      <JourneyPatternRef>JP4953</JourneyPatternRef>
      <DepartureTime>21:00:00</DepartureTime>
    </VehicleJourney>
    <VehicleJourney>
      <PrivateCode>297456</PrivateCode>
      <Operational>
        <VehicleType>
          <VehicleTypeCode>Bus</VehicleTypeCode>
          <Description>Bus</Description>
        </VehicleType>
      </Operational>
      <OperatingProfile>
        <RegularDayType>
          <DaysOfWeek>
            <Tuesday />
            <Thursday />
            <Saturday />
            <Sunday />
          </DaysOfWeek>
        </RegularDayType>
        <BankHolidayOperation>
          <DaysOfOperation>
            <AllBankHolidays />
          </DaysOfOperation>
        </BankHolidayOperation>
      </OperatingProfile>
      <VehicleJourneyCode>297456</VehicleJourneyCode>
      <ServiceRef>NW_03_IRV_D01_1</ServiceRef>
      <LineRef>l_D01_IRV</LineRef>
      <JourneyPatternRef>JP5724</JourneyPatternRef>
      <DepartureTime>17:50:00</DepartureTime>
    </VehicleJourney>
  </VehicleJourneys>
</TransXChange>