<?xml version="1.0" encoding="utf-8"?>
<TransXChange xmlns:xsd="http://www.w3.org/2001/XMLSchema" xmlns:xsi="http://www.w3.org/2001/XMLSchema-instance" xsi:schemaLocation="http://www.transxchange.org.uk/ http://www.transxchange.org.uk/schema/2.1/TransXChange_general.xsd" CreationDateTime="2017-09-21T14:21:04.0055856+01:00" ModificationDateTime="2017-09-21T14:21:04.0055856+01:00" Modification="new" RevisionNumber="1" FileName="TXC.xml" SchemaVersion="2.1" RegistrationDocument="false" xmlns="http://www.transxchange.org.uk/">
  <StopPoints>
    <AnnotatedStopPointRef>
      <StopPointRef>0600CO030</StopPointRef>
      <CommonName>Top 'O' Hill</CommonName>
      <LocalityName>Sandbach</LocalityName>
      <LocalityQualifier>Sandbach</LocalityQualifier>
    </AnnotatedStopPointRef>
    <AnnotatedStopPointRef>
      <StopPointRef>0600CO17354</StopPointRef>
      <CommonName>Waitrose</CommonName>
      <LocalityName>Sandbach</LocalityName>
      <LocalityQualifier>Sandbach</LocalityQualifier>
    </AnnotatedStopPointRef>
    <AnnotatedStopPointRef>
      <StopPointRef>0600CO069</StopPointRef>
      <CommonName>Common</CommonName>
      <LocalityName>Sandbach</LocalityName>
      <LocalityQualifier>Sandbach</LocalityQualifier>
    </AnnotatedStopPointRef>
    <AnnotatedStopPointRef>
      <StopPointRef>0600CO5077</StopPointRef>
      <CommonName>Manor Park</CommonName>
      <LocalityName>Sandbach Heath</LocalityName>
      <LocalityQualifier>Sandbach</LocalityQualifier>
    </AnnotatedStopPointRef>
    <AnnotatedStopPointRef>
      <StopPointRef>0600CO5079</StopPointRef>
      <CommonName>Heath Road</CommonName>
      <LocalityName>Sandbach Heath</LocalityName>
      <LocalityQualifier>Sandbach</LocalityQualifier>
    </AnnotatedStopPointRef>
    <AnnotatedStopPointRef>
      <StopPointRef>0600CO19065</StopPointRef>
      <CommonName>Peartree Close</CommonName>
      <LocalityName>Sandbach Heath</LocalityName>
      <LocalityQualifier>Sandbach</LocalityQualifier>
    </AnnotatedStopPointRef>
    <AnnotatedStopPointRef>
      <StopPointRef>0600CO17138</StopPointRef>
      <CommonName>Cemetery</CommonName>
      <LocalityName>Sandbach</LocalityName>
      <LocalityQualifier>Sandbach</LocalityQualifier>
    </AnnotatedStopPointRef>
    <AnnotatedStopPointRef>
      <StopPointRef>0600CO17140</StopPointRef>
      <CommonName>Cemetery</CommonName>
      <LocalityName>Sandbach</LocalityName>
      <LocalityQualifier>Sandbach</LocalityQualifier>
    </AnnotatedStopPointRef>
  </StopPoints>
  <JourneyPatternSections>
    <JourneyPatternSection id="JPSection-1">
      <JourneyPatternTimingLink id="JPSection-1-SEC1-POS1">
        <From>
          <Activity>pickUp</Activity>
          <StopPointRef>0600CO069</StopPointRef>
          <TimingStatus>PTP</TimingStatus>
        </From>
        <To>
          <Activity>pickUpAndSetDown</Activity>
          <StopPointRef>0600CO17354</StopPointRef>
          <TimingStatus>OTH</TimingStatus>
        </To>
        <RunTime>PT1M</RunTime>
      </JourneyPatternTimingLink>
      <JourneyPatternTimingLink id="JPSection-1-SEC1-POS2">
        <From>
          <Activity>pickUpAndSetDown</Activity>
          <StopPointRef>0600CO17354</StopPointRef>
          <TimingStatus>OTH</TimingStatus>
        </From>
        <To>
          <Activity>pickUpAndSetDown</Activity>
          <StopPointRef>0600CO17140</StopPointRef>
          <TimingStatus>OTH</TimingStatus>
        </To>
        <RunTime>PT2M</RunTime>
      </JourneyPatternTimingLink>
      <JourneyPatternTimingLink id="JPSection-1-SEC1-POS3">
        <From>
          <Activity>pickUpAndSetDown</Activity>
          <StopPointRef>0600CO17140</StopPointRef>
          <TimingStatus>OTH</TimingStatus>
        </From>
        <To>
          <Activity>pickUpAndSetDown</Activity>
          <StopPointRef>0600CO5077</StopPointRef>
          <TimingStatus>PTP</TimingStatus>
        </To>
        <RunTime>PT3M</RunTime>
      </JourneyPatternTimingLink>
      <JourneyPatternTimingLink id="JPSection-1-SEC1-POS4">
        <From>
          <Activity>pickUpAndSetDown</Activity>
          <StopPointRef>0600CO5077</StopPointRef>
          <TimingStatus>PTP</TimingStatus>
        </From>
        <To>
          <Activity>pickUpAndSetDown</Activity>
          <StopPointRef>0600CO19065</StopPointRef>
          <TimingStatus>OTH</TimingStatus>
        </To>
        <RunTime>PT1M</RunTime>
      </JourneyPatternTimingLink>
      <JourneyPatternTimingLink id="JPSection-1-SEC1-POS5">
        <From>
          <Activity>pickUpAndSetDown</Activity>
          <StopPointRef>0600CO19065</StopPointRef>
          <TimingStatus>OTH</TimingStatus>
        </From>
        <To>
          <Activity>pickUpAndSetDown</Activity>
          <StopPointRef>0600CO5079</StopPointRef>
          <TimingStatus>PTP</TimingStatus>
        </To>
        <RunTime>PT2M</RunTime>
      </JourneyPatternTimingLink>
      <JourneyPatternTimingLink id="JPSection-1-SEC1-POS6">
        <From>
          <Activity>pickUpAndSetDown</Activity>
          <StopPointRef>0600CO5079</StopPointRef>
          <TimingStatus>PTP</TimingStatus>
        </From>
        <To>
          <Activity>pickUpAndSetDown</Activity>
          <StopPointRef>0600CO17138</StopPointRef>
          <TimingStatus>OTH</TimingStatus>
        </To>
        <RunTime>PT3M</RunTime>
      </JourneyPatternTimingLink>
      <JourneyPatternTimingLink id="JPSection-1-SEC1-POS7">
        <From>
          <Activity>pickUpAndSetDown</Activity>
          <StopPointRef>0600CO17138</StopPointRef>
          <TimingStatus>OTH</TimingStatus>
        </From>
        <To>
          <Activity>pickUpAndSetDown</Activity>
          <StopPointRef>0600CO030</StopPointRef>
          <TimingStatus>OTH</TimingStatus>
        </To>
        <RunTime>PT2M</RunTime>
      </JourneyPatternTimingLink>
      <JourneyPatternTimingLink id="JPSection-1-SEC1-POS8">
        <From>
          <Activity>pickUpAndSetDown</Activity>
          <StopPointRef>0600CO030</StopPointRef>
          <TimingStatus>OTH</TimingStatus>
        </From>
        <To>
          <Activity>setDown</Activity>
          <StopPointRef>0600CO069</StopPointRef>
          <TimingStatus>PTP</TimingStatus>
        </To>
        <RunTime>PT2M</RunTime>
      </JourneyPatternTimingLink>
    </JourneyPatternSection>
  </JourneyPatternSections>
  <Operators>
    <Operator id="OId_DG">
      <NationalOperatorCode>DAGC</NationalOperatorCode>
      <OperatorCode>DG</OperatorCode>
      <OperatorShortName>DG</OperatorShortName>
    </Operator>
  </Operators>
  <Services>
    <Service>
      <ServiceCode>NW_01_DG_SB2_1</ServiceCode>
      <Lines>
        <Line id="l_SB2_DG">
          <LineName>SB2</LineName>
        </Line>
      </Lines>
      <OperatingPeriod>
        <StartDate>2015-02-19</StartDate>
        <EndDate>2099-12-31</EndDate>
      </OperatingPeriod>
      <RegisteredOperatorRef>OId_DG</RegisteredOperatorRef>
      <StopRequirements>
        <NoNewStopsRequired />
      </StopRequirements>
      <Mode>bus</Mode>
      <Description>Sandbach - Sandbach Heath Circular</Description>
      <StandardService>
        <Origin>Sandbach</Origin>
        <Destination>Sandbach</Destination>
        <JourneyPattern id="JP1">
          <Direction>outbound</Direction>
          <JourneyPatternSectionRefs>JPSection-1</JourneyPatternSectionRefs>
        </JourneyPattern>
      </StandardService>
    </Service>
  </Services>
  <VehicleJourneys>
    <VehicleJourney>
      <PrivateCode>101</PrivateCode>
      <Operational>
        <VehicleType>
          <VehicleTypeCode>BUS</VehicleTypeCode>
          <Description>BUS</Description>
        </VehicleType>
      </Operational>
      <OperatingProfile>
        <RegularDayType>
          <DaysOfWeek>
            <MondayToFriday />
          </DaysOfWeek>
        </RegularDayType>
        <BankHolidayOperation>
          <DaysOfNonOperation>
            <AllBankHolidays />
          </DaysOfNonOperation>
        </BankHolidayOperation>
      </OperatingProfile>
      <VehicleJourneyCode>101</VehicleJourneyCode>
      <ServiceRef>NW_01_DG_SB2_1</ServiceRef>
      <LineRef>l_SB2_DG</LineRef>
      <JourneyPatternRef>JP1</JourneyPatternRef>
      <DepartureTime>09:43:00</DepartureTime>
    </VehicleJourney>
    <VehicleJourney>
      <PrivateCode>102</PrivateCode>
      <Operational>
        <VehicleType>
          <VehicleTypeCode>BUS</VehicleTypeCode>
          <Description>BUS</Description>
        </VehicleType>
      </Operational>
      <OperatingProfile>
        <RegularDayType>
          <DaysOfWeek>
            <MondayToFriday />
          </DaysOfWeek>
        </RegularDayType>
        <BankHolidayOperation>
          <DaysOfNonOperation>
            <AllBankHolidays />
          </DaysOfNonOperation>
        </BankHolidayOperation>
      </OperatingProfile>
      <VehicleJourneyCode>102</VehicleJourneyCode>
      <ServiceRef>NW_01_DG_SB2_1</ServiceRef>
      <LineRef>l_SB2_DG</LineRef>
      <VehicleJourneyRef>101</VehicleJourneyRef>
      <DepartureTime>10:43:00</DepartureTime>
    </VehicleJourney>
    <VehicleJourney>
      <PrivateCode>103</PrivateCode>
      <Operational>
        <VehicleType>
          <VehicleTypeCode>BUS</VehicleTypeCode>
          <Description>BUS</Description>
        </VehicleType>
      </Operational>
      <OperatingProfile>
        <RegularDayType>
          <DaysOfWeek>
            <MondayToFriday />
          </DaysOfWeek>
        </RegularDayType>
        <BankHolidayOperation>
          <DaysOfNonOperation>
            <AllBankHolidays />
          </DaysOfNonOperation>
        </BankHolidayOperation>
      </OperatingProfile>
      <VehicleJourneyCode>103</VehicleJourneyCode>
      <ServiceRef>NW_01_DG_SB2_1</ServiceRef>
      <LineRef>l_SB2_DG</LineRef>
      <VehicleJourneyRef>101</VehicleJourneyRef>
      <DepartureTime>11:43:00</DepartureTime>
    </VehicleJourney>
    <VehicleJourney>
      <PrivateCode>104</PrivateCode>
      <Operational>
        <VehicleType>
          <VehicleTypeCode>BUS</VehicleTypeCode>
          <Description>BUS</Description>
        </VehicleType>
      </Operational>
      <OperatingProfile>
        <RegularDayType>
          <DaysOfWeek>
            <MondayToFriday />
          </DaysOfWeek>
        </RegularDayType>
        <BankHolidayOperation>
          <DaysOfNonOperation>
            <AllBankHolidays />
          </DaysOfNonOperation>
        </BankHolidayOperation>
      </OperatingProfile>
      <VehicleJourneyCode>104</VehicleJourneyCode>
      <ServiceRef>NW_01_DG_SB2_1</ServiceRef>
      <LineRef>l_SB2_DG</LineRef>
      <VehicleJourneyRef>101</VehicleJourneyRef>
      <DepartureTime>13:17:00</DepartureTime>
    </VehicleJourney>
    <VehicleJourney>
      <PrivateCode>105</PrivateCode>
      <Operational>
        <VehicleType>
          <VehicleTypeCode>BUS</VehicleTypeCode>
          <Description>BUS</Description>
        </VehicleType>
      </Operational>
      <OperatingProfile>
        <RegularDayType>
          <DaysOfWeek>
            <MondayToFriday />
          </DaysOfWeek>
        </RegularDayType>
        <BankHolidayOperation>
          <DaysOfNonOperation>
            <AllBankHolidays />
          </DaysOfNonOperation>
        </BankHolidayOperation>
      </OperatingProfile>
      <VehicleJourneyCode>105</VehicleJourneyCode>
      <ServiceRef>NW_01_DG_SB2_1</ServiceRef>
      <LineRef>l_SB2_DG</LineRef>
      <VehicleJourneyRef>101</VehicleJourneyRef>
      <DepartureTime>14:17:00</DepartureTime>
    </VehicleJourney>
  </VehicleJourneys>
</TransXChange>